time,throttle,thrust
0.01,7.30976210259773,0.27846712771800874
0.02,7.258346438097726,0.2765084357370562
0.03,7.213999809148741,0.27481904034852345
0.04,7.162534337727628,0.2728584509610525
0.05,7.111068182615183,0.2708978355281974
0.060000000000000005,7.059602027502736,0.2689372200953423
0.07,7.193067652681969,0.274021624864075
0.08,7.141893840746348,0.27207214631414656
0.09,7.090720028810727,0.27012266776421817
0.09999999999999999,7.781147806037346,0.2964246783252322
0.10999999999999999,7.731345894492239,0.2945274626473233
0.11999999999999998,7.681544927128538,0.29263028293823
0.12999999999999998,8.780840620438406,0.33450821411193926
0.13999999999999999,8.73323463208027,0.33269465265067694
0.15,8.685629077129827,0.33088110770018386
0.16,8.638023522179385,0.3290675627496908
0.17,9.410275718664256,0.35848669404435257
0.18000000000000002,9.364220012797036,0.35673219096369657
0.19000000000000003,9.318164306929816,0.35497768788304057
0.20000000000000004,10.240587918183557,0.39011763497842117
0.21000000000000005,10.195439741826352,0.3883977044505276
0.22000000000000006,10.1502918217436,0.38667778368547046
0.23000000000000007,11.52947615259691,0.4392181391465489
0.24000000000000007,11.483124541387019,0.4374523634814102
0.25000000000000006,11.436769133778915,0.4356864431915777
0.26000000000000006,11.390413726170811,0.43392052290174515
0.2700000000000001,12.10982428814512,0.4613266395483855
0.2800000000000001,12.061943352670582,0.45950260391126024
0.2900000000000001,12.014062417196048,0.4576785682741351
0.3000000000000001,12.703600394865926,0.4839466817091781
0.3100000000000001,12.649463132771366,0.4818843098198615
0.3200000000000001,12.595326653207927,0.4798219677412543
0.3300000000000001,12.785650505158756,0.487072400196524
0.34000000000000014,12.727015745906376,0.4848386950821476
0.35000000000000014,12.668382909677836,0.4826050632258223
0.36000000000000015,12.609750073449298,0.480371431369497
0.37000000000000016,12.498449567978438,0.47613141211346427
0.38000000000000017,12.439331979694382,0.4738793135121669
0.3900000000000002,12.380214391410325,0.4716272149108695
0.4000000000000002,12.369680253247003,0.4712259144094096
0.4100000000000002,12.312914158827766,0.469063396526772
0.4200000000000002,12.256151491965213,0.4669010092177223
0.4300000000000002,12.640881637992669,0.481557395733054
0.4400000000000002,12.590289635081218,0.4796300813364273
0.45000000000000023,12.53969271962524,0.4777025797952472
0.46000000000000024,12.489095804169263,0.4757750782540671
0.47000000000000025,13.10154685614516,0.49910654690076794
0.48000000000000026,13.057438677171724,0.4974262353208275
0.49000000000000027,13.013330498198288,0.4957459237408871
0.5000000000000002,14.70546364652627,0.5602081389152864
0.5100000000000002,14.680472544452359,0.5592560969315183
0.5200000000000002,14.65548223497417,0.558304085141873
0.5300000000000002,18.12190762612367,0.6903583857570921
0.5400000000000003,18.13772323350419,0.6909608850858738
0.5500000000000003,18.153543099777348,0.6915635466581846
0.5600000000000003,18.169362966050507,0.6921662082304955
0.5700000000000003,19.733065737461406,0.7517358376175773
0.5800000000000003,19.76562414967681,0.7529761580829261
0.5900000000000003,19.79818256189221,0.7542164785482747
0.6000000000000003,20.60624754131838,0.7849999063359382
0.6100000000000003,20.646117397734358,0.7865187580089278
0.6200000000000003,20.685986510207442,0.7880375813412358
0.6300000000000003,20.647031683343883,0.7865535879369098
0.6400000000000003,20.68858916284248,0.7881367300130467
0.6500000000000004,20.73014529220686,0.7897198206554994
0.6600000000000004,20.771701421571244,0.791302911297952
0.6700000000000004,20.272532351764642,0.7722869467338911
0.6800000000000004,20.313235686830986,0.7738375499745137
0.6900000000000004,20.353939021897325,0.7753881532151361
0.7000000000000004,19.90071978173748,0.7581226583519038
0.7100000000000004,19.940905998189866,0.7596535618358043
0.7200000000000004,19.981092182582433,0.7611844640983784
0.7300000000000004,19.22233042918329,0.7322792544450777
0.7400000000000004,19.26084851907548,0.7337466102504945
0.7500000000000004,19.299367435682345,0.7352139975498035
0.7600000000000005,18.6841618916495,0.7117775958723618
0.7700000000000005,18.72080247210034,0.7131734275085843
0.7800000000000005,18.757445184531623,0.7145693403631094
0.7900000000000005,18.7940878969629,0.7159652532176342
0.8000000000000005,18.252401625906007,0.6953295857488002
0.8100000000000005,18.2872842324399,0.6966584469500914
0.8200000000000005,18.322167662850017,0.6979873395371434
0.8300000000000005,17.6410768920287,0.6720410244582361
0.8400000000000005,17.6731481713507,0.6732627874800267
0.8500000000000005,17.705218128487427,0.6744845001328543
0.8600000000000005,17.73728808562415,0.6757062127856819
0.8700000000000006,17.248490731334748,0.6570853611937046
0.8800000000000006,17.27795437236609,0.6582077856139462
0.8900000000000006,17.307418013397438,0.659330210034188
0.9000000000000006,16.88246348036183,0.6431414659185459
0.9100000000000006,16.909451545539326,0.6441695826872124
0.9200000000000006,16.93643904261194,0.6451976778137881
0.9300000000000006,16.542296210128544,0.6301827127668016
0.9400000000000006,16.56670388412434,0.6311125289190225
0.9500000000000006,16.591112602517175,0.6320423848577971
0.9600000000000006,16.615521320910005,0.6329722407965716
0.9700000000000006,16.341162129584756,0.6225204620794192
0.9800000000000006,16.3634478921925,0.6233694435120952
0.9900000000000007,16.38573365480024,0.624218424944771
1.0000000000000007,16.379047256428475,0.623963705006799
1.0100000000000007,16.401416073836582,0.6248158504318697
1.0200000000000007,16.423780193777006,0.6256678169057907
1.0300000000000007,16.474486363906863,0.6275994805297852
1.0400000000000007,16.497356308821644,0.6284707165265387
1.0500000000000007,16.52023291016512,0.6293422061015284
1.0600000000000007,16.543109511508597,0.6302136956765179
1.0700000000000007,16.64616398538721,0.6341395803957033
1.0800000000000007,16.66981068823345,0.635040407170798
1.0900000000000007,16.69345739107969,0.6359412339458929
1.1000000000000008,16.964996045236866,0.646285563628071
1.1100000000000008,16.990561339261106,0.6472594795908992
1.1200000000000008,17.016124997322937,0.6482333332313499
1.1300000000000008,17.162839689308647,0.6538224643546151
1.1400000000000008,17.189208516514704,0.6548269911053219
1.1500000000000008,17.215577785581807,0.6558315346888307
1.1600000000000008,17.241947054648904,0.6568360782723391
1.1700000000000008,17.15909549355896,0.6536798283260556
1.1800000000000008,17.184597427727585,0.6546513305800984
1.1900000000000008,17.21009936189622,0.6556228328341416
1.2000000000000008,17.097531514788052,0.6513345338966876
1.2100000000000009,17.12172956749535,0.6522563644760133
1.2200000000000009,17.145921879892686,0.6531779763768641
1.2300000000000009,16.631356646385267,0.6335754912908673
1.2400000000000009,16.650805095088085,0.6343163845747841
1.2500000000000009,16.670259751487038,0.6350575143423632
1.260000000000001,16.116686102780108,0.6139689943916231
1.270000000000001,16.13086429075035,0.6145091158381085
1.280000000000001,16.145042438147254,0.615049235738943
1.290000000000001,16.159220585544162,0.6155893556397776
1.300000000000001,15.608138670321672,0.594595758869397
1.310000000000001,15.616715645272901,0.5949225007723009
1.320000000000001,15.625290526247296,0.5952491629046588
1.330000000000001,15.015485722447774,0.5720185037122961
1.340000000000001,15.01809280308447,0.5721178210698845
1.350000000000001,15.020699598605662,0.5722171275659299
1.360000000000001,15.023306394126852,0.5723164340619753
1.370000000000001,14.766599713738653,0.5625371319519487
1.380000000000001,14.766923368180812,0.5625494616449833
1.390000000000001,14.76724702262297,0.5625617913380179
1.400000000000001,14.682053782559176,0.5593163345736829
1.410000000000001,14.681734270444435,0.5593041626835975
1.420000000000001,14.681414821560482,0.559291993202304
1.430000000000001,14.710887528438427,0.5604147629881305
1.440000000000001,14.710691088546449,0.5604072795636742
1.450000000000001,14.71049500772463,0.5603998098180811
1.460000000000001,14.710298926902807,0.5603923400724878
1.470000000000001,14.811243949714488,0.564237864751028
1.480000000000001,14.81164998530866,0.5642533327736632
1.490000000000001,14.812056020902833,0.5642688007962984
1.500000000000001,14.970534643348687,0.5703060816513785
1.5100000000000011,14.972357423911763,0.5703755209109242
1.5200000000000011,14.974167171234496,0.570444463666076
1.5300000000000011,15.247898964885499,0.5808723415194476
1.5400000000000011,15.252394970150974,0.5810436179105132
1.5500000000000012,15.256900913625502,0.5812152729000191
1.5600000000000012,15.26140685710003,0.5813869278895248
1.5700000000000012,15.445240232185018,0.5883901040832388
1.5800000000000012,15.451658361633472,0.5886346042527036
1.5900000000000012,15.458076491081925,0.5888791044221685
1.6000000000000012,15.612585349331605,0.5947651561650135
1.6100000000000012,15.62086034942979,0.595080394263992
1.6200000000000012,15.629131329123146,0.5953954792046912
1.6300000000000012,15.799105238545694,0.6018706757541217
1.6400000000000012,15.809367418046461,0.6022616159255795
1.6500000000000012,15.819630217894348,0.6026525797293084
1.6600000000000013,15.82989301774224,0.6030435435330377
1.6700000000000013,15.877372949115982,0.6048523028234659
1.6800000000000013,15.88816871691096,0.6052635701680364
1.6900000000000013,15.898964484705933,0.605674837512607
1.7000000000000013,16.097790077580743,0.6132491458125997
1.7100000000000013,16.11072295718996,0.6137418269405699
1.7200000000000013,16.123661548077365,0.6142347256410424
1.7300000000000013,16.36150894459332,0.6232955788416503
1.7400000000000013,16.376760042605017,0.6238765730516197
1.7500000000000013,16.392001705213616,0.6244572078176615
1.7600000000000013,16.490125348495134,0.6281952513712431
1.7700000000000014,16.506177382108167,0.6288067574136443
1.7800000000000014,16.522229865160668,0.6294182805775492
1.7900000000000014,16.53828234821317,0.630029803741454
1.8000000000000014,16.83434906073042,0.6413085356468732
1.8100000000000014,16.852859785582403,0.6420137061174248
1.8200000000000014,16.87137017368557,0.6427188637594502
1.8300000000000014,16.92775662806212,0.6448669191642712
1.8400000000000014,16.946388915767912,0.6455767206006823
1.8500000000000014,16.96502066386519,0.6462865014805785
1.8600000000000014,16.983652411962463,0.6469962823604747
1.8700000000000014,16.904602127837876,0.6439848429652524
1.8800000000000014,16.9221211926706,0.6446522359112609
1.8900000000000015,16.939640257503317,0.6453196288572691
1.9000000000000015,16.871421215794893,0.6427208082207577
1.9100000000000015,16.887660840401765,0.6433394605867339
1.9200000000000015,16.90390502578159,0.6439582866964415
1.9300000000000015,16.454972746886664,0.6268561046433014
1.9400000000000015,16.466272222078686,0.6272865608410928
1.9500000000000015,16.477576842439944,0.6277172130453311
1.9600000000000015,16.4888814628012,0.6281478652495694
1.9700000000000015,15.97181771736184,0.6084501987566415
1.9800000000000015,15.977756394111982,0.6086764340614088
1.9900000000000015,15.98369507086212,0.608902669366176
2.0000000000000013,15.54686544629631,0.592261540811288
2.010000000000001,15.548218212515565,0.5923130747624976
2.020000000000001,15.549567936584927,0.5923644928222829
2.0300000000000007,15.06687696852003,0.5739762654674296
2.0400000000000005,15.063854440612333,0.5738611215471364
2.0500000000000003,15.060830927814404,0.5737459401072154
2.06,15.057807415016473,0.5736307586672942
2.07,14.701905421705195,0.5600725874935312
2.0799999999999996,14.695229781083913,0.5598182773746252
2.0899999999999994,14.688554140462628,0.5595639672557191
2.099999999999999,14.456471186566631,0.550722711869205
2.109999999999999,14.447217257722368,0.5503701812465663
2.1199999999999988,14.43796741523165,0.550017806294539
2.1299999999999986,14.304232709089067,0.5449231508224406
2.1399999999999983,14.293351677037425,0.5445086353157114
2.149999999999998,14.282477805633041,0.5440943925955444
2.159999999999998,14.271603934228654,0.5436801498753773
2.1699999999999977,14.280714769714494,0.5440272293224568
2.1799999999999975,14.269765437917592,0.5436101119206701
2.1899999999999973,14.258816106120685,0.5431929945188831
2.199999999999997,14.303308964431944,0.5448879605497883
2.209999999999997,14.29273373088091,0.5444850945097489
2.2199999999999966,14.282158939590602,0.5440822453177372
2.2299999999999964,14.388359700275755,0.5481279885819335
2.239999999999996,14.378795202760106,0.5477636267718134
2.249999999999996,14.369228791470023,0.5473991920560008
2.259999999999996,14.35966238017994,0.5470347573401881
2.2699999999999956,14.470030771518497,0.5512392674864188
2.2799999999999954,14.461545633127372,0.550916024119138
2.289999999999995,14.453060494736242,0.5505927807518568
2.299999999999995,14.44559296049571,0.5503083032569793
2.3099999999999947,14.437285633664027,0.5499918336633914
2.3199999999999945,14.42898142688464,0.5496754829289386
2.3299999999999943,14.434021247017462,0.5498674760768556
2.339999999999994,14.42601954816047,0.5495626494537321
2.349999999999994,14.418022731442814,0.549258008816869
2.3599999999999937,14.410025914725159,0.548953368180006
2.3699999999999934,14.479520881031315,0.5516007954678596
2.3799999999999932,14.47231135945226,0.5513261470267526
2.389999999999993,14.465101837873203,0.5510514985856457
2.399999999999993,14.44279255113081,0.5502016209954593
2.4099999999999926,14.43565713132082,0.5499297954788883
2.4199999999999924,14.428506892980183,0.549657405446864
2.429999999999992,14.516547886049668,0.5530113480399873
2.439999999999992,14.510403377867998,0.5527772715378284
2.4499999999999917,14.50426682204847,0.5525434979827988
2.4599999999999915,14.498130266228939,0.552309724427769
2.4699999999999913,14.643672027940891,0.5578541724929863
2.479999999999991,14.63897031839824,0.5576750597485043
2.489999999999991,14.634268608855589,0.5574959470040224
2.4999999999999907,14.703466715706094,0.5601320653602321
2.5099999999999905,14.699541875137294,0.5599825476242778
2.5199999999999902,14.695619299958341,0.5598331161888892
2.52999999999999,14.86187313921051,0.566166595779448
2.53999999999999,14.859566648163032,0.5660787294538298
2.5499999999999896,14.85725648642582,0.5659907232924122
2.5599999999999894,14.85494632468861,0.5659027171309946
2.569999999999989,14.97552575235927,0.5704962191374959
2.579999999999989,14.974321497256717,0.5704503427526368
2.5899999999999888,14.973117242154167,0.5704044663677778
2.5999999999999885,15.046367036806108,0.5731949347354708
2.6099999999999883,15.045839648681774,0.5731748437593056
2.619999999999988,15.04531505779985,0.5731548593447562
2.629999999999988,15.118035598524184,0.5759251656580641
2.6399999999999877,15.118072973786582,0.575926589477584
2.6499999999999875,15.118105663587768,0.5759278348033435
2.6599999999999873,15.118138353388952,0.5759290801291029
2.669999999999987,15.152304066218353,0.5772306310940324
2.679999999999987,15.152621287340123,0.5772427157081951
2.6899999999999866,15.152938508461888,0.5772548003223577
2.6999999999999864,15.21140184421505,0.5794819750177161
2.709999999999986,15.212257579078704,0.5795145744410934
2.719999999999986,15.21311466317668,0.5795472252638735
2.7299999999999858,15.289232174099107,0.5824469399656802
2.7399999999999856,15.290837807476287,0.5825081069514775
2.7499999999999853,15.292438044010098,0.5825690683432417
2.759999999999985,15.294038280543907,0.5826300297350059
2.769999999999985,15.329749287365402,0.5839904490424914
2.7799999999999847,15.331718782274601,0.5840654774199847
2.7899999999999845,15.333688277183803,0.5841405057974782
2.7999999999999843,15.392061220678936,0.5863642369782451
2.809999999999984,15.394594661037537,0.5864607489919061
2.819999999999984,15.397130854692886,0.5865573658930623
2.8299999999999836,15.437711749138916,0.5881033047291016
2.8399999999999834,15.440644424072083,0.5882150256789365
2.849999999999983,15.443580915801148,0.5883268920305199
2.859999999999983,15.446517407530214,0.5884387583821034
2.869999999999983,15.414688714265282,0.5872262367339154
2.8799999999999826,15.417347479359622,0.5873275230232237
2.8899999999999824,15.42000624445396,0.5874288093125317
2.899999999999982,15.405281655857214,0.5868678726040844
2.909999999999982,15.407786517275843,0.5869632958962225
2.9199999999999817,15.410291107349344,0.5870587088514035
2.9299999999999815,15.338649489310583,0.5843295043546889
2.9399999999999813,15.340493643629047,0.5843997578525351
2.949999999999981,15.34233461582758,0.5844698901267649
2.959999999999981,15.344175588026111,0.5845400224009947
2.9699999999999807,15.251045950098336,0.5809922266704127
2.9799999999999804,15.252092136736104,0.5810320813994706
2.9899999999999802,15.253138323373877,0.5810719361285286
2.99999999999998,15.196710763420185,0.5789223147969594
3.00999999999998,15.197258432765661,0.5789431783910728
3.0199999999999796,15.197807461004253,0.5789640937525429
3.0299999999999794,15.114052954663649,0.5757734458919485
3.039999999999979,15.114026607306306,0.5757724421830973
3.049999999999979,15.114002233869272,0.5757715136712103
3.0599999999999787,15.113977860432243,0.5757705851593234
3.0699999999999785,15.058679908054154,0.573663996497301
3.0799999999999783,15.058272627888838,0.5736484810624319
3.089999999999978,15.057865347723524,0.5736329656275628
3.099999999999978,15.003632433746683,0.5715669498570164
3.1099999999999777,15.002793373461026,0.5715349856556581
3.1199999999999775,15.00195666754602,0.5715031111446103
3.1299999999999772,14.945641889648892,0.5693577862723387
3.139999999999977,14.944346937810462,0.5693084547737318
3.149999999999977,14.94304612883584,0.5692589001461272
3.1599999999999766,14.941745319861221,0.5692093455185226
3.1699999999999764,14.913311541863878,0.5681261539757667
3.179999999999976,14.911780201013498,0.5680678171814665
3.189999999999976,14.91024886016311,0.568009480387166
3.1999999999999758,14.879711289395884,0.5668461443579383
3.2099999999999755,14.87794456928719,0.56677884073475
3.2199999999999753,14.87617858558537,0.5667115651651569
3.229999999999975,14.852979693596293,0.5658277978512873
3.239999999999975,14.851049176459151,0.5657542543413009
3.2499999999999747,14.849121858378908,0.5656808327001488
3.2599999999999745,14.847194540298666,0.5656074110589968
3.2699999999999743,14.854287388378452,0.5658776147953696
3.279999999999974,14.852454742395011,0.565807799710286
3.289999999999974,14.850622096411573,0.5657379846252027
3.2999999999999736,14.838305006369248,0.5652687621473999
3.3099999999999734,14.836441357020187,0.5651977659817213
3.319999999999973,14.834566281606538,0.5651263345373919
3.329999999999973,14.85855041079933,0.5660400156494982
3.3399999999999728,14.85694667852228,0.565978921086563
3.3499999999999726,14.855347385877982,0.5659179956524945
3.3599999999999723,14.853748093233682,0.5658570702184259
3.369999999999972,14.870870125979515,0.5665093381325529
3.379999999999972,14.869457590271377,0.5664555272484334
3.3899999999999717,14.868045054563245,0.566401716364314
3.3999999999999715,14.898932236483715,0.5675783709136653
3.4099999999999713,14.897843446108023,0.5675368931850675
3.419999999999971,14.89675472475274,0.5674954180858186
3.429999999999971,14.943740358743929,0.5692853469997686
3.4399999999999706,14.94310263257804,0.5692610526696396
3.4499999999999704,14.94246672641875,0.5692368276730952
3.45999999999997,14.941830820259458,0.5692126026765507
3.46999999999997,14.968290006166761,0.5702205716634956
3.47999999999997,14.9679006046616,0.5702057373204418
3.4899999999999696,14.967511203156436,0.570190902977388
3.4999999999999694,14.983342119559271,0.5707939855070198
3.509999999999969,14.983126064092001,0.5707857548225523
3.519999999999969,14.982906600932775,0.5707773943212485
3.5299999999999687,15.004794622058263,0.5716112236974575
3.5399999999999685,15.004766803944433,0.5716101639597879
3.5499999999999683,15.004738832036068,0.5716090983632788
3.559999999999968,15.004710860127703,0.5716080327667696
3.569999999999968,15.013642754059699,0.5719482953927504
3.5799999999999677,15.013675555580567,0.5719495449744978
3.5899999999999674,15.013708357101436,0.5719507945562451
3.5999999999999672,15.017533852994688,0.5720965277331309
3.609999999999967,15.017617263603821,0.5720997052801455
3.619999999999967,15.017700208947877,0.5721028651027762
3.6299999999999666,15.025479886504362,0.5723992337715947
3.6399999999999664,15.025633889015777,0.5724051005339343
3.649999999999966,15.025788965319459,0.572411008202646
3.659999999999966,15.025944041623143,0.5724169158713578
3.6699999999999657,15.024432681995691,0.5723593402665025
3.6799999999999655,15.024591774733551,0.5723654009422304
3.6899999999999653,15.02475086747141,0.5723714616179584
3.699999999999965,15.031766393474319,0.5726387197514026
3.709999999999965,15.031988452787562,0.5726471791538118
3.7199999999999647,15.032208616076835,0.5726555663267365
3.7299999999999645,15.035908485718416,0.5727965137416539
3.7399999999999642,15.036165056020117,0.5728062878483854
3.749999999999964,15.036424085687212,0.572816155645227
3.759999999999964,15.036683115354307,0.5728260234420688
3.7699999999999636,15.048520719092204,0.5732769797749411
3.7799999999999634,15.048871720264978,0.5732903512481896
3.789999999999963,15.049222721437758,0.5733037227214384
3.799999999999963,15.05517787165308,0.5735305855867839
3.8099999999999627,15.055579458347118,0.5735458841275092
3.8199999999999625,15.055978483265228,0.5735610850767705
3.8299999999999623,15.056860564281829,0.5735946881631172
3.839999999999962,15.057265119702103,0.5736100997981753
3.849999999999962,15.057670404781723,0.5736255392297799
3.8599999999999617,15.05807568986134,0.5736409786613843
3.8699999999999615,15.056186450977647,0.5735690076562913
3.8799999999999613,15.056577493849836,0.5735839045276128
3.889999999999961,15.056968536722026,0.5735988013989343
3.899999999999961,15.058339652730448,0.5736510343897313
3.9099999999999606,15.058736130232187,0.5736661382945595
3.9199999999999604,15.059130574502744,0.5736811647429616
3.92999999999996,15.054219899144876,0.5734940913959952
3.93999999999996,15.05458197426214,0.5735078847337958
3.9499999999999598,15.0549450364103,0.5735217156727733
3.9599999999999596,15.055308098558461,0.5735355466117509
3.9699999999999593,15.043992219817245,0.5731044655168474
3.979999999999959,15.044277809472199,0.5731153451227504
3.989999999999959,15.044563399127151,0.5731262247286533
3.9999999999999587,15.017107898225909,0.5720803008847964
4.009999999999959,15.017198497300068,0.5720837522780978
4.019999999999959,15.01728739315828,0.572087138786982
4.0299999999999585,14.999693890488432,0.571416910113845
4.039999999999958,14.999687199281235,0.5714166552107136
4.049999999999958,14.999680751441002,0.5714164095787048
4.059999999999958,14.999674303600765,0.5714161639466957
4.069999999999958,14.983405989228565,0.5707964186372786
4.079999999999957,14.983302867799264,0.5707924902018766
4.089999999999957,14.98319974636996,0.5707885617664746
4.099999999999957,14.964877519763084,0.5700905721814508
4.109999999999957,14.964653730481585,0.5700820468754889
4.119999999999957,14.964431361538452,0.5700735756776553
4.129999999999956,14.945066863710172,0.5693358805222922
4.139999999999956,14.944710829745018,0.5693223173236197
4.149999999999956,14.94435605831308,0.5693088022214506
4.159999999999956,14.944001286881143,0.5692952871192816
4.1699999999999555,14.937870035220095,0.5690617156274321
4.179999999999955,14.937474789101467,0.5690466586324368
4.189999999999955,14.937079542982836,0.5690316016374414
4.199999999999955,14.93910070518609,0.5691085982928034
4.209999999999955,14.938738662595444,0.5690948061941121
4.2199999999999545,14.938374805116231,0.5690809449568087
4.229999999999954,14.952174719650808,0.5696066559866974
4.239999999999954,14.951929757352124,0.5695973240896046
4.249999999999954,14.951687022858934,0.5695880770612927
4.259999999999954,14.951444288365742,0.5695788300329806
4.269999999999953,14.960541104793565,0.5699253754207072
4.279999999999953,14.960372844140313,0.5699189654910595
4.289999999999953,14.960204583487059,0.5699125555614117
4.299999999999953,14.970089020411729,0.5702891055394944
4.3099999999999525,14.970006858845219,0.5702859755750559
4.319999999999952,14.96992748705214,0.5702829518877005
4.329999999999952,14.98031922278819,0.5706788275347882
4.339999999999952,14.980318158161616,0.5706787869775853
4.349999999999952,14.980317211989503,0.5706787509329334
4.3599999999999515,14.98031626581739,0.5706787148882815
4.369999999999951,14.973339951541098,0.5704129505348989
4.379999999999951,14.973322199681347,0.5704122742735751
4.389999999999951,14.973304447821588,0.5704115980122509
4.399999999999951,14.966102603214381,0.5701372420272145
4.40999999999995,14.966069520996637,0.5701359817522528
4.41999999999995,14.966038420795844,0.5701347969826988
4.42999999999995,14.962457753205673,0.5699983905983113
4.43999999999995,14.962431759578052,0.5699974003648781
4.4499999999999496,14.962406001026519,0.5699964190867245
4.459999999999949,14.962380242474987,0.5699954378085709
4.469999999999949,14.968846811485141,0.570241783294672
4.479999999999949,14.968857986651363,0.57024220901529
4.489999999999949,14.968869161817583,0.5702426347359079
4.4999999999999485,14.976432308057717,0.5705307545926749
4.509999999999948,14.97650550826891,0.5705335431721489
4.519999999999948,14.976579164339286,0.570536349117687
4.529999999999948,15.00484772999612,0.571613246856995
4.539999999999948,15.005140909196552,0.57162441558844
4.549999999999947,15.005433915592336,0.5716355777368508
4.559999999999947,15.005726921988117,0.5716467398852616
4.569999999999947,15.023604302597146,0.5723277829560817
4.579999999999947,15.024050588548066,0.5723447843256405
4.589999999999947,15.024496874498988,0.5723617856951995
4.599999999999946,15.034468057452454,0.572741640283903
4.609999999999946,15.035010640353127,0.5727623101086905
4.619999999999946,15.035556738809747,0.5727831138594189
4.629999999999946,15.05369968181382,0.5734742735929074
4.6399999999999455,15.05440861773944,0.5735012806757882
4.649999999999945,15.055123478651504,0.5735285134724382
4.659999999999945,15.055838339563573,0.5735557462690885
4.669999999999945,15.054446129171865,0.5735027096827376
4.679999999999945,15.055167509562233,0.573530190840466
4.689999999999944,15.055888889952602,0.5735576719981943
4.699999999999944,15.06147487185957,0.573770471308936
4.709999999999944,15.06225718704056,0.5738002737920213
4.719999999999944,15.063037845357751,0.5738300131564857
4.729999999999944,15.030669651677227,0.5725969391115133
4.739999999999943,15.031220944847922,0.5726179407561113
4.749999999999943,15.031771483759247,0.5726389136670189
4.759999999999943,15.032322022670574,0.5726598865779265
4.769999999999943,15.012842411277314,0.5719178061438976
4.7799999999999425,15.013256920429862,0.5719335969687566
4.789999999999942,15.013671429582413,0.5719493877936157
4.799999999999942,15.001552229615546,0.5714877039853541
4.809999999999942,15.001890375727188,0.571500585741988
4.819999999999942,15.002231077723385,0.5715135648656527
4.8299999999999415,14.994754621400357,0.5712287474819183
4.839999999999941,14.995053608811137,0.5712401374785194
4.849999999999941,14.995355461761207,0.5712516366385221
4.859999999999941,14.995657314711277,0.5712631357985248
4.869999999999941,14.988812242416163,0.5710023711396633
4.87999999999994,14.989074922230557,0.5710123779897355
4.88999999999994,14.989337602044952,0.5710223848398076
4.89999999999994,14.998525341246088,0.5713723939522318
4.90999999999994,14.998862448491089,0.5713852361329937
4.9199999999999395,14.99919726850283,0.5713979911810602
4.929999999999939,15.016112300038102,0.5720423733347848
4.939999999999939,15.016590758605858,0.5720606003278421
4.949999999999939,15.017066676814814,0.5720787305453262
4.959999999999939,15.01754259502377,0.5720968607628102
4.9699999999999385,15.031315291699668,0.572621534921892
4.979999999999938,15.031907864119608,0.5726441091093184
4.989999999999938,15.03250043653955,0.5726666832967447
4.999999999999938,15.04451625437602,0.5731244287381341
5.009999999999938,15.045210551805221,0.5731508781640083
5.019999999999937,15.045907013499347,0.5731774100380703
5.029999999999937,15.03875197250755,0.5729048370479066
5.039999999999937,15.039408516018234,0.572929848229266
5.049999999999937,15.040063609334815,0.5729548041651358
5.0599999999999365,15.040718702651402,0.5729797601010057
5.069999999999936,15.028436025012892,0.5725118485719196
5.079999999999936,15.029005541994614,0.5725335444569376
5.089999999999936,15.029575058976338,0.5725552403419557
5.099999999999936,15.006894065241195,0.5716912024853787
5.1099999999999355,15.007310300671005,0.5717070590731811
5.119999999999935,15.007718279085537,0.5717226011080204
5.129999999999935,14.998280925803588,0.5713630828877557
5.139999999999935,14.998625770131905,0.5713762198145488
5.149999999999935,14.998974799269202,0.5713895161626362
5.159999999999934,14.999323828406501,0.5714028125107238
5.169999999999934,14.995651783535644,0.5712629250870721
5.179999999999934,14.995981477823099,0.5712754848694513
5.189999999999934,14.996311172110552,0.5712880446518305
5.199999999999934,14.995509197066195,0.5712574932215693
5.209999999999933,14.995839727085402,0.5712700848413486
5.219999999999933,14.996171887640317,0.5712827385767739
5.229999999999933,14.995738824385484,0.5712662409289707
5.239999999999933,14.996083904966113,0.5712793868558519
5.2499999999999325,14.996429081289559,0.5712925364300784
5.259999999999932,14.996774257613003,0.5713056860043049
5.269999999999932,14.984923975764978,0.5708542466958086
5.279999999999932,14.985191688774929,0.5708644452866639
5.289999999999932,14.98545940178488,0.5708746438775192
5.299999999999931,14.982914975015435,0.5707777133339212
5.309999999999931,14.983176406019684,0.5707876726102736
5.319999999999931,14.983440348341626,0.5707977275558714
5.329999999999931,14.982155272106679,0.5707487722707306
5.339999999999931,14.982434365579993,0.5707594044030473
5.34999999999993,14.982704735240413,0.5707697041996347
5.35999999999993,14.982975104900833,0.5707800039962222
5.36999999999993,14.985207070726958,0.5708650312657888
5.37999999999993,14.985501775709027,0.5708762581222486
5.3899999999999295,14.985796480691091,0.5708874849787082
5.399999999999929,14.99283087921879,0.5711554620654776
5.409999999999929,14.993189566838845,0.5711691263557654
5.419999999999929,14.993549675836126,0.5711828447937571
5.429999999999929,15.004399727885737,0.5715961801099327
5.4399999999999284,15.00486083392761,0.5716137460543851
5.449999999999928,15.005319462708423,0.5716312176269874
5.459999999999928,15.005778091489233,0.5716486891995898
5.469999999999928,15.007422171598188,0.5717113208227881
5.479999999999928,15.007901483341938,0.5717295803177881
5.489999999999927,15.008380795085687,0.571747839812788
5.499999999999927,15.013460762274189,0.57194136237235
5.509999999999927,15.013992571690345,0.5719616217786797
5.519999999999927,15.014526585451097,0.5719819651600417
5.5299999999999265,15.01100087362748,0.5718476523286659
5.539999999999926,15.01152127201851,0.5718674770292765
5.549999999999926,15.012045405178815,0.571887444006812
5.559999999999926,15.012569538339122,0.5719074109843475
5.569999999999926,15.011773492862297,0.5718770854423731
5.5799999999999255,15.0123009698827,0.5718971798050552
5.589999999999925,15.012828446903107,0.5719172741677374
5.599999999999925,14.99711100128086,0.5713185143345089
5.609999999999925,14.997533449701404,0.5713346076076725
5.619999999999925,14.997955310660377,0.5713506785013476
5.629999999999924,14.998950722632618,0.571388598957433
5.639999999999924,14.999392803718708,0.571405440141665
5.649999999999924,14.99983255496685,0.5714221925701657
5.659999999999924,15.00027230621499,0.5714389449986662
5.6699999999999235,14.994291677307343,0.5712111115164702
5.679999999999923,14.994690914986464,0.5712263205709128
5.689999999999923,14.995090152665584,0.5712415296253556
5.699999999999923,15.000258779160736,0.5714384296823137
5.709999999999923,15.000701566727457,0.5714552977800935
5.7199999999999225,15.001145657565152,0.5714722155262915
5.729999999999922,15.001447046757526,0.5714836970193343
5.739999999999922,15.001896341214893,0.5715008129986625
5.749999999999922,15.002348747669423,0.5715180475302637
5.759999999999922,14.996612208772726,0.5712995127151514
5.769999999999921,14.997018586591867,0.5713149937749282
5.779999999999921,14.997427414517006,0.5713305681720764
5.789999999999921,14.997836242442144,0.5713461425692244
5.799999999999921,15.009011468155402,0.5717718654535391
5.809999999999921,15.009518589081562,0.5717911843459642
5.81999999999992,15.010017331659714,0.5718101840632271
5.82999999999992,15.01335888278777,0.5719374812490579
5.83999999999992,15.013890544264962,0.5719577350196176
5.84999999999992,15.014424244836805,0.5719780664699735
5.8599999999999195,15.014957945408643,0.5719983979203292
5.869999999999919,15.020012413835277,0.5721909490984867
5.879999999999919,15.020589843563716,0.5722129464214748
5.889999999999919,15.021167273292155,0.572234943744463
5.899999999999919,15.007325914743904,0.5717076538950058
5.909999999999918,15.007802581378606,0.5717258126239468
5.919999999999918,15.008279898212827,0.5717439961223933
5.929999999999918,15.005976720704663,0.5716562560268442
5.939999999999918,15.006441665429666,0.5716739682068444
5.949999999999918,15.00690923810485,0.5716917804992323
5.959999999999917,15.0137480096324,0.5719523051288533
5.969999999999917,15.014268402431284,0.5719721296164298
5.979999999999917,15.014793181167265,0.5719921211873243
5.989999999999917,15.015317959903246,0.5720121127582188
5.9999999999999165,15.007510141783733,0.5717146720679517
6.009999999999916,15.007989838563226,0.57173294623098
6.019999999999916,15.00846141259154,0.5717509109558682
6.029999999999916,15.004575210177974,0.571602865149637
6.039999999999916,15.005021261585911,0.5716198575842252
6.0499999999999154,15.005469239241457,0.5716369233996745
6.059999999999915,15.007224906845149,0.5717038059750532
6.069999999999915,15.007689656001407,0.5717215107048155
6.079999999999915,15.008153058484977,0.5717391641327609
6.089999999999915,15.008616460968547,0.5717568175607065
6.099999999999914,15.006221086907201,0.5716655652155124
6.109999999999914,15.00666835374496,0.571682603952189
6.119999999999914,15.007115770829264,0.5716996484125434
6.129999999999914,15.010422983909379,0.571825637482262
6.1399999999999135,15.010898954283208,0.5718437696869793
6.149999999999913,15.0113769192467,0.5718619778760647
6.159999999999913,15.011854884210196,0.5718801860651502
6.169999999999913,15.007548866265653,0.5717161472863105
6.179999999999913,15.007997916502934,0.5717332539620165
6.1899999999999125,15.00844696674022,0.5717503606377226
6.199999999999912,15.00898122832851,0.5717707134601336
6.209999999999912,15.009438841281977,0.5717881463345514
6.219999999999912,15.009896229753267,0.5718055706572672
6.229999999999912,15.013525103238015,0.5719438134566862
6.239999999999911,15.014027877932078,0.5719629667783648
6.249999999999911,15.014522168482477,0.5719817968945705
6.259999999999911,15.015016459032877,0.5720006270107763
6.269999999999911,15.020031715326688,0.5721916843933976
6.2799999999999105,15.020569274126435,0.5722121628238641
6.28999999999991,15.021106832926183,0.5722326412543307
6.29999999999991,15.023733591653624,0.5723327082534714
6.30999999999991,15.024294824391099,0.5723540885482323
6.31999999999991,15.024855372549899,0.5723754427638056
6.3299999999999095,15.029535415561433,0.572553730116626
6.339999999999909,15.030136910118717,0.5725766441949987
6.349999999999909,15.030739978323085,0.5725996182218318
6.359999999999909,15.031343046527457,0.572622592248665
6.369999999999909,15.025420979765519,0.572396989705353
6.379999999999908,15.025980500549004,0.5724183047828192
6.389999999999908,15.026540021332488,0.5724396198602852
6.399999999999908,15.014890107364563,0.5719958136138881
6.409999999999908,15.015365010512182,0.5720139051623688
6.419999999999908,15.01583984128945,0.5720319939538838
6.429999999999907,15.003657280796478,0.5715678964112944
6.439999999999907,15.004048022275443,0.5715827818009692
6.449999999999907,15.00444125914491,0.5715977622531394
6.459999999999907,15.004834496014377,0.5716127427053096
6.4699999999999065,14.992571186977651,0.57114556902772
6.479999999999906,14.992877652804514,0.5711572439163624
6.489999999999906,14.993184118631381,0.571168918805005
6.499999999999906,14.987719572658369,0.5709607456250807
6.509999999999906,14.987996934855031,0.5709713118040012
6.519999999999905,14.988272779900758,0.5709818201866955
6.529999999999905,15.000562649194704,0.5714500056836077
6.539999999999905,15.000931629115527,0.5714640620615439
6.549999999999905,15.001301644189091,0.5714781578738701
6.559999999999905,15.002873875334943,0.571538052393712
6.569999999999904,15.003264354602448,0.5715529277943789
6.579999999999904,15.003650030632558,0.5715676202145736
6.589999999999904,15.004035706662664,0.5715823126347681
6.599999999999904,15.004328866503764,0.5715934806287147
6.6099999999999035,15.004720834744088,0.5716084127521557
6.619999999999903,15.005116699737608,0.5716234933233374
6.629999999999903,15.01116236040359,0.571853804205851
6.639999999999903,15.01161182562605,0.5718709266905161
6.649999999999903,15.012063087824648,0.5718881176314151
6.659999999999902,15.007376579096176,0.5717095839655686
6.669999999999902,15.007796538358322,0.5717255824136503
6.679999999999902,15.008218749897056,0.571741666662745
6.689999999999902,15.008640961435786,0.5717577509118394
6.699999999999902,15.0055314874196,0.5716392947588418
6.709999999999901,15.005939310846502,0.5716548308893905
6.719999999999901,15.006344997909006,0.5716702856346287
6.729999999999901,15.014144727262927,0.5719674181814448
6.739999999999901,15.014618471075181,0.5719854655647687
6.7499999999999005,15.015092549504772,0.5720035256954198
6.7599999999999,15.015566627934362,0.5720215858260709
6.7699999999999,15.000393546960856,0.5714435636937468
6.7799999999999,15.000755479914673,0.571457351615797
6.7899999999999,15.001117412868492,0.5714711395378472
6.7999999999998995,14.985457360830493,0.5708745661268758
6.809999999999899,14.985705732522199,0.5708840279056075
6.819999999999899,14.985957298504845,0.5708936113716131
6.829999999999899,14.979537664037533,0.5706490538680964
6.839999999999899,14.979746896279845,0.5706570246201845
6.849999999999898,14.9799572389717,0.5706650376751123
6.859999999999898,14.980167581663553,0.57067305073004
6.869999999999898,14.971128981869777,0.5703287231188486
6.879999999999898,14.971279002655951,0.5703344381964172
6.8899999999998975,14.971429023442123,0.5703401532739856
6.899999999999897,14.978528248775397,0.5706105999533484
6.909999999999897,14.97873019275988,0.5706182930575192
6.919999999999897,14.9789316968252,0.5706259694028647
6.929999999999897,14.981231828852138,0.5707135934800814
6.9399999999998965,14.981453834071297,0.5707220508217636
6.949999999999896,14.981677850521683,0.5707305847817783
6.959999999999896,14.981901866972068,0.5707391187417931
6.969999999999896,14.984840773861169,0.570851077099473
6.979999999999896,14.98508928812314,0.5708605443094529
6.989999999999895,14.985337802385116,0.570870011519433
6.999999999999895,14.99536252727257,0.5712519058008598
7.009999999999895,14.995694414981529,0.5712645491421534
7.019999999999895,14.996024750576469,0.571277133355294
7.0299999999998946,15.003229163637409,0.5715515871861869
7.039999999999894,15.003626029793548,0.571566705896897
7.049999999999894,15.004023371995421,0.5715818427426826
7.059999999999894,15.004420714197293,0.5715969795884682
7.069999999999894,15.006682385062737,0.5716831384785804
7.0799999999998935,15.007104392722708,0.571699214960865
7.089999999999893,15.007526400382677,0.5717152914431496
7.099999999999893,15.004835939320369,0.5716127976883949
7.109999999999893,15.005243753138297,0.5716283334528874
7.119999999999893,15.005654966585354,0.5716439987270611
7.129999999999892,15.013241509645358,0.5719330098912516
7.139999999999892,15.013723336077273,0.5719513651838961
7.149999999999892,15.014202534579521,0.571969620364934
7.159999999999892,15.014681733081767,0.5719878755459721
7.169999999999892,15.022015853840516,0.5722672706224958
7.179999999999891,15.022556815570479,0.5722878786883991
7.189999999999891,15.023097777300444,0.5723084867543026
7.199999999999891,15.020890989090773,0.5722244186320294
7.209999999999891,15.021434595276729,0.5722451274391134
7.2199999999998905,15.021976287268439,0.572265763324512
7.22999999999989,15.016072358413972,0.5720408517491037
7.23999999999989,15.016603631646255,0.572061090729381
7.24999999999989,15.017134857015902,0.57208132788632
7.25999999999989,15.01766608238555,0.5721015650432589
7.269999999999889,15.021972851477196,0.5722656324372265
7.279999999999889,15.022554219564567,0.5722877797929359
7.289999999999889,15.023135587651938,0.5723099271486451
7.299999999999889,15.022965686566751,0.5723034547263524
7.309999999999889,15.023558308509829,0.5723260308003744
7.319999999999888,15.024154698369832,0.5723487504140888
7.329999999999888,15.02130438425072,0.572240167019075
7.339999999999888,15.021901465119955,0.5722629129569506
7.349999999999888,15.022495325804327,0.5722855362211171
7.3599999999998875,15.023089186488697,0.5723081594852837
7.369999999999887,15.014806770948352,0.5719926388932706
7.379999999999887,15.015343203264418,0.572013074410073
7.389999999999887,15.015879635580479,0.5720335099268753
7.399999999999887,15.008637226920076,0.5717576086445743
7.4099999999998865,15.009128620817055,0.5717763284120783
7.419999999999886,15.009617309266774,0.5717949451149247
7.429999999999886,15.017444238580442,0.5720931138506834
7.439999999999886,15.018003012121758,0.5721144004617812
7.449999999999886,15.018561046396208,0.5721356589103317
7.459999999999885,15.019119080670652,0.572156917358882
7.469999999999885,15.01294724071952,0.5719217996464578
7.479999999999885,15.013453566580834,0.5719410882506983
7.489999999999885,15.01395989244215,0.5719603768549391
7.4999999999998845,15.012762569414043,0.5719147645491064
7.509999999999884,15.013254390014989,0.5719335005719995
7.519999999999884,15.01374929277378,0.5719523540104297
7.529999999999884,15.011083705736457,0.5718508078375792
7.539999999999884,15.01156149224516,0.571869009228387
7.5499999999998835,15.012034817443684,0.5718870406645212
7.559999999999883,15.000518502794373,0.5714483239159761
7.569999999999883,15.00089706024812,0.5714627451523092
7.579999999999883,15.001280739716446,0.5714773615130074
7.589999999999883,15.00166441918477,0.5714919778737055
7.599999999999882,14.99045936769222,0.5710651187692274
7.609999999999882,14.990759378733667,0.5710765477612825
7.619999999999882,14.99105743420707,0.5710879022555073
7.629999999999882,14.980809129777963,0.5706974906582081
7.6399999999998816,14.981034584265208,0.5707060794005793
7.649999999999881,14.981258065400496,0.5707145929676379
7.659999999999881,14.981481546535788,0.5707231065346966
7.669999999999881,14.979380425813307,0.5706430638405069
7.679999999999881,14.979586800040638,0.5706509257158338
7.6899999999998805,14.97979317426796,0.5706587875911604
7.69999999999988,14.98062290493791,0.570690396378587
7.70999999999988,14.980828939762814,0.5706982453242976
7.71999999999988,14.981036706606929,0.5707061602516925
7.72999999999988,14.990681337684958,0.5710735747689507
7.739999999999879,14.990948258582705,0.571083743184103
7.749999999999879,14.991215856994476,0.5710939374093134
7.759999999999879,15.003612553928852,0.5715661925306229
7.769999999999879,15.00396394875133,0.5715795790000506
7.779999999999879,15.004316296333688,0.5715930017650928
7.789999999999878,15.004668643916045,0.571606424530135
7.799999999999878,15.011840166533068,0.5718796253917359
7.809999999999878,15.012256215133073,0.5718954748622123
7.819999999999878,15.012668114794494,0.5719111662778854
7.8299999999998775,15.012226134615805,0.571894328937745
7.839999999999877,15.012651666766828,0.5719105396863553
7.849999999999877,15.013078254654,0.5719267906534856
7.859999999999877,15.013504842541167,0.5719430416206158
7.869999999999877,15.013424455042509,0.5719399792397146
7.879999999999876,15.013860884262929,0.5719566051147782
7.889999999999876,15.014297313483349,0.5719732309898418
7.899999999999876,15.004635390819953,0.571605157745522
7.909999999999876,15.005006868731568,0.571619309285012
7.919999999999876,15.00538020984236,0.5716335318035184
7.929999999999875,15.014882750879822,0.5719955333668503
7.939999999999875,15.015335816137494,0.572012792995714
7.949999999999875,15.015786814988852,0.5720299739043372
7.959999999999875,15.016237813840213,0.5720471548129604
7.9699999999998745,15.004593254441941,0.5716035525501691
7.979999999999874,15.004956068581107,0.571617374041185
7.989999999999874,15.005318882720278,0.571631195532201
7.999999999999874,15.006415042792046,0.5716729540111255
8.009999999999874,15.006779663708814,0.5716868443317643
8.019999999999873,15.00714693012511,0.5717008354333375
8.029999999999873,15.004004303645718,0.5715811163293607
8.039999999999873,15.004354663265628,0.5715944633625001
8.049999999999873,15.004696489243821,0.5716074853045264
8.059999999999873,15.005038315222016,0.571620507246553
8.069999999999872,14.991604743676993,0.5711087521400758
8.079999999999872,14.991848814417542,0.5711180500730492
8.089999999999872,14.992092885158097,0.5711273480060227
8.099999999999872,14.967447664383545,0.5701884824527065
8.109999999999872,14.967527351470757,0.5701915181512669
8.119999999999871,14.967605952366311,0.5701945124710975
8.129999999999871,14.968148190957722,0.5702151691793418
8.139999999999871,14.96822457332046,0.5702180789836365
8.14999999999987,14.968300604767103,0.5702209754196991
8.15999999999987,14.968376636213744,0.5702238718557616
8.16999999999987,14.970688136311223,0.5703119290023323
8.17999999999987,14.97077634016132,0.5703152891490026
8.18999999999987,14.970864544011421,0.5703186492956731
8.19999999999987,14.962547893084015,0.5700018244984386
8.20999999999987,14.96259208771242,0.5700035081033302
8.21999999999987,14.962637909840021,0.5700052537081912
8.229999999999869,14.980260615407694,0.570676594872674
8.239999999999869,14.980431269233339,0.5706830959707938
8.249999999999869,14.980605392652574,0.5706897292439075
8.259999999999868,14.98077951607181,0.5706963625170213
8.269999999999868,14.997676966992035,0.5713400749330299
8.279999999999868,14.99798066014986,0.5713516441961851
8.289999999999868,14.998284353307689,0.5713632134593405
8.299999999999867,15.014839911632853,0.5719939013955372
8.309999999999867,15.01527709409432,0.5720105559654978
8.319999999999867,15.015713623790855,0.572027185668223
8.329999999999867,15.032042223527252,0.5726492275629429
8.339999999999867,15.03262241421435,0.5726713300653085
8.349999999999866,15.03320362051116,0.5726934712575679
8.359999999999866,15.03378482680797,0.5727156124498274
8.369999999999866,15.045205270881663,0.5731506769859681
8.379999999999866,15.045888371407077,0.5731766998631267
8.389999999999866,15.046571471932488,0.5732027227402852
8.399999999999865,15.061835566288183,0.5737842120490736
8.409999999999865,15.062675463963714,0.5738162081509985
8.419999999999865,15.063516852307194,0.573848261040274
8.429999999999865,15.089640048083332,0.5748434304031745
8.439999999999864,15.090747703472287,0.5748856267989442
8.449999999999864,15.091859372019353,0.5749279760769277
8.459999999999864,15.092971040566422,0.5749703253549112
8.469999999999864,15.096278643491138,0.5750963292758529
8.479999999999864,15.09745188165128,0.5751410240629058
8.489999999999863,15.098625119811423,0.575185718849959
8.499999999999863,15.085007361601255,0.5746669471086192
8.509999999999863,15.086106188166951,0.5747088071682648
8.519999999999863,15.087199309594498,0.5747504498893141
8.529999999999863,15.065411275274387,0.5739204295342624
8.539999999999862,15.066369331197391,0.5739569269027577
8.549999999999862,15.067322551571062,0.5739932400598499
8.559999999999862,15.06827577194473,0.574029553216942
8.569999999999862,15.053396054717268,0.573462706846372
8.579999999999862,15.054250862030395,0.5734952709344912
8.589999999999861,15.055105669343526,0.5735278350226104
8.599999999999861,15.03496101845511,0.5727604197506708
8.60999999999986,15.035676508078678,0.5727876764982354
8.61999999999986,15.036392802718353,0.5728149639130801
8.62999999999986,15.024969855651783,0.5723798040248298
8.63999999999986,15.025614179828391,0.5724043497077482
8.64999999999986,15.026261512976257,0.5724290100181431
8.65999999999986,15.026908846124124,0.572453670328538
8.66999999999986,15.022345725571649,0.5722798371646342
8.67999999999986,15.022963464655655,0.5723033700821202
8.68999999999986,15.023581203739663,0.5723269029996062
8.699999999999859,15.013142780170035,0.5719292487683822
8.709999999999859,15.01368743937803,0.5719499976905915
8.719999999999859,15.014227419325026,0.5719705683552391
8.729999999999858,15.001800643178116,0.5714971673591663
8.739999999999858,15.002244606560053,0.5715140802499067
8.749999999999858,15.002687084197087,0.5715309365408413
8.759999999999858,15.00312956183412,0.5715477928317759
8.769999999999857,15.001950402155087,0.5715028724630509
8.779999999999857,15.002380034279012,0.5715192394011052
8.789999999999857,15.002809666402936,0.5715356063391595
8.799999999999857,15.014848765508646,0.5719942386860436
8.809999999999857,15.015380994462067,0.5720145140747454
8.819999999999856,15.015913490786218,0.5720347996489987
8.829999999999856,15.029260828390699,0.572543269652979
8.839999999999856,15.0299181675908,0.5725683111463161
8.849999999999856,15.030577823305922,0.5725934408878446
8.859999999999856,15.031237479021044,0.572618570629373
8.869999999999855,15.043616303352687,0.5730901448896262
8.879999999999855,15.044388460315455,0.5731195603929696
8.889999999999855,15.045160617278222,0.5731489758963132
8.899999999999855,15.059729369544497,0.5737039759826474
8.909999999999854,15.060622268525941,0.5737379911819406
8.919999999999854,15.061518871922003,0.5737721475017905
8.929999999999854,15.059327597699507,0.5736886703885526
8.939999999999854,15.06023226424761,0.5737231338760994
8.949999999999854,15.06112667663392,0.5737572067289112
8.959999999999853,15.062021089020233,0.573791279581723
8.969999999999853,15.054744301630938,0.5735140686335595
8.979999999999853,15.055589201976384,0.573546255313386
8.989999999999853,15.056434102321827,0.5735784419932124
8.999999999999853,15.045921588261344,0.5731779652670987
9.009999999999852,15.04671086794656,0.5732080330646308
9.019999999999852,15.047499687689063,0.5732380833405357
9.029999999999852,15.043343164614237,0.5730797396043519
9.039999999999852,15.044142477925195,0.5731101896352455
9.049999999999851,15.044943783824609,0.5731407155742707
9.059999999999851,15.045745089724024,0.5731712415132961
9.069999999999851,15.034850971305548,0.5727562274783066
9.07999999999985,15.035591382081869,0.5727844336031187
9.08999999999985,15.03633179285819,0.5728126397279311
9.09999999999985,15.02336663251273,0.5723187288576277
9.10999999999985,15.024017680325306,0.5723435306790592
9.11999999999985,15.024673951442447,0.5723685314835217
9.12999999999985,15.028697226450696,0.5725217991028836
9.13999999999985,15.029403167778392,0.5725486921058435
9.14999999999985,15.03011203730134,0.5725756966590986
9.15999999999985,15.030820906824287,0.5726027012123538
9.169999999999849,15.035971346630472,0.5727989084430656
9.179999999999849,15.036738641641218,0.5728281387291893
9.189999999999849,15.037505936651959,0.5728573690153127
9.199999999999848,15.04478190968417,0.5731345489403493
9.209999999999848,15.045615083861431,0.5731662889090069
9.219999999999848,15.046451811034316,0.5731981642298787
9.229999999999848,15.048712662721703,0.5732842919132077
9.239999999999847,15.049575479108684,0.5733171611089022
9.249999999999847,15.050440121610274,0.5733500998708675
9.259999999999847,15.051304764111864,0.5733830386328328
9.269999999999847,15.04764722410264,0.5732437037753386
9.279999999999847,15.04848421793198,0.5732755892545516
9.289999999999846,15.049321211761324,0.5733074747337646
9.299999999999846,15.029183875427886,0.5725403381115385
9.309999999999846,15.029857742799956,0.5725660092495221
9.319999999999846,15.030531633908492,0.572591681291752
9.329999999999846,15.014598576096288,0.5719847076608109
9.339999999999845,15.015141772261444,0.572005400848055
9.349999999999845,15.015687194956776,0.5720261788554961
9.359999999999845,15.016232617652111,0.5720469568629375
9.369999999999845,15.011476901785233,0.5718657867346755
9.379999999999844,15.011978907190526,0.5718849107501153
9.389999999999844,15.012480912595821,0.5719040347655551
9.399999999999844,15.017585696608592,0.5720985027279463
9.409999999999844,15.01814397814849,0.572119770596133
9.419999999999844,15.018700561439845,0.5721409737691369
9.429999999999843,15.046447643904434,0.5731980054820737
9.439999999999843,15.04725661512792,0.5732288234334445
9.449999999999843,15.048065523084434,0.573259638974645
9.459999999999843,15.048874431040945,0.5732904545158455
9.469999999999843,15.054432761236406,0.5735022004280534
9.479999999999842,15.05530397663507,0.5735353895860978
9.489999999999842,15.05617519203374,0.5735685787441425
9.499999999999842,15.063655533855474,0.5738535441468752
9.509999999999842,15.06459539152746,0.5738893482486651
9.519999999999841,15.065534161569575,0.5739251109169361
9.529999999999841,15.047275148466786,0.5732295294654013
9.539999999999841,15.048076554541906,0.5732600592206439
9.54999999999984,15.048879431299309,0.5732906450018783
9.55999999999984,15.049682308056711,0.5733212307831128
9.56999999999984,15.03404943564773,0.5727256927865801
9.57999999999984,15.034732342146105,0.5727517082722325
9.58999999999984,15.03541524864448,0.5727777237578849
9.59999999999984,15.012579297181246,0.5719077827497617
9.60999999999984,15.013081353129046,0.5719269086906302
9.61999999999984,15.013585509293101,0.5719461146397371
9.62999999999984,15.004916785405666,0.5716158775392634
9.639999999999839,15.005355764059397,0.5716326005355961
9.649999999999839,15.005789638247577,0.5716491290760981
9.659999999999838,15.006223512435755,0.5716656576166002
9.669999999999838,14.989466276625677,0.5710272867285971
9.679999999999838,14.9897718451051,0.5710389274325752
9.689999999999838,14.990077413584519,0.5710505681365531
9.699999999999838,14.978139113800465,0.5705957757638271
9.709999999999837,14.978350171069133,0.5706038160407289
9.719999999999837,14.978560730282338,0.570611837344089
9.729999999999837,14.971852409412813,0.5703562822633452
9.739999999999837,14.972003062635073,0.5703620214337171
9.749999999999837,14.972154246780075,0.5703677808297171
9.759999999999836,14.972305430925077,0.5703735402257172
9.769999999999836,14.971821288239033,0.5703550966948202
9.779999999999836,14.971957559942647,0.570360287997815
9.789999999999836,14.972093831646264,0.57036547930081
9.799999999999836,14.97846994784517,0.5706083789655302
9.809999999999835,14.97864330391023,0.5706149830061039
9.819999999999835,14.978820213712481,0.570621722427142
9.829999999999835,14.99479827496069,0.5712304104746929
9.839999999999835,14.995101186216289,0.5712419499510967
9.849999999999834,14.995394518850535,0.5712531245276394
9.859999999999834,14.995687851484778,0.571264299104182
9.869999999999834,15.022191305429379,0.5722739544925477
9.879999999999834,15.022680478905746,0.5722925896725998
9.889999999999834,15.02316965238211,0.5723112248526517
9.899999999999833,15.040295425112197,0.5729636352423694
9.909999999999833,15.040913993195112,0.5729871997407661
9.919999999999833,15.041530827320864,0.5730106981836519
9.929999999999833,15.047060989232406,0.5732213710183773
9.939999999999833,15.04772169270907,0.5732465406746312
9.949999999999832,15.048382467679671,0.5732717130544636
9.959999999999832,15.049043242650269,0.5732968854342959
9.969999999999832,15.039755827480255,0.5729430791421048
9.979999999999832,15.040344100648651,0.57296548954852
9.989999999999831,15.040932373817046,0.572987899954935
9.999999999999831,15.039095900360426,0.5729179390613495
10.009999999999831,15.03966180998322,0.5729394975231703
10.01999999999983,15.040232135318641,0.5729612242026149
10.02999999999983,15.034661192371388,0.5727489978046243
10.03999999999983,15.035185552577087,0.572768973431508
10.04999999999983,15.035708219899634,0.572788884567605
10.05999999999983,15.036230887222182,0.5728087957037021
10.06999999999983,15.0245639301663,0.5723643401968114
10.07999999999983,15.02499399074331,0.572380723456888
10.08999999999983,15.025424051320323,0.5723971067169646
10.09999999999983,15.003036467941477,0.5715442463977705
10.109999999999829,15.003293016989963,0.5715540196948556
10.119999999999829,15.003550445006047,0.5715638264764208
10.129999999999828,14.996304082707608,0.5712877745793374
10.139999999999828,14.996498515699843,0.5712951815504701
10.149999999999828,14.996692332178407,0.5713025650353678
10.159999999999828,14.99688614865697,0.5713099485202654
10.169999999999828,14.988755397152435,0.571000205605807
10.179999999999827,14.988886421663281,0.571005197015744
10.189999999999827,14.989017446174131,0.5710101884256811
10.199999999999827,14.996859884212872,0.5713089479700141
10.209999999999827,14.997051459698906,0.5713162460837677
10.219999999999827,14.99724621580862,0.5713236653641378
10.229999999999826,15.018176389461154,0.5721210053128057
10.239999999999826,15.018549839882942,0.5721352319955406
10.249999999999826,15.018921810166606,0.5721494022920611
10.259999999999826,15.03212510058214,0.5726523847840815
10.269999999999825,15.0324756710362,0.572665739848998
10.279999999999825,15.032961784984371,0.572684258475595
10.289999999999825,15.03344789893254,0.572702777102192
10.299999999999825,15.044672055498971,0.5731303640190084
10.309999999999825,15.045255323443246,0.5731525837502188
10.319999999999824,15.045837340103885,0.5731747558134813
10.329999999999824,15.049421054698751,0.5733112782742381
10.339999999999824,15.050046738357837,0.5733351138422033
10.349999999999824,15.050669583263359,0.5733588412671755
10.359999999999824,15.051292428168885,0.573382568692148
10.369999999999823,15.058501063339373,0.5736571833653094
10.379999999999823,15.059188049880234,0.5736833542811517
10.389999999999823,15.059875036421097,0.5737095251969941
10.399999999999823,15.078356533691085,0.5744135822358508
10.409999999999823,15.079225565451466,0.5744466882076749
10.419999999999822,15.080093834304822,0.5744797651163741
10.429999999999822,15.110716435510502,0.5756463404004001
10.439999999999822,15.111909381046898,0.5756917859446437
10.449999999999822,15.113102179650026,0.5757372258914295
10.459999999999821,15.114294978253152,0.5757826658382152
10.469999999999821,15.122972965011188,0.57611325580995
10.479999999999821,15.124281675819356,0.5761631114597849
10.48999999999982,15.125590386627525,0.57621296710962
10.49999999999982,15.127094440889092,0.5762702644148225
10.50999999999982,15.128445070111523,0.5763217169566294
10.51999999999982,15.129798412916582,0.5763732728730125
10.52999999999982,15.101346201970001,0.5752893791226666
10.53999999999982,15.102501300085786,0.5753333828604108
10.54999999999982,15.103653449357875,0.5753772742612523
10.55999999999982,15.104805598629966,0.5754211656620939
10.569999999999819,15.079011656330362,0.5744385392887756
10.579999999999819,15.079969515264597,0.574475029152937
10.589999999999819,15.080927374198831,0.5745115190170983
10.599999999999818,15.043634202251143,0.5730908267524244
10.609999999999818,15.04430662406976,0.573116442821705
10.619999999999818,15.044972555180802,0.5731418116259352
10.629999999999818,15.014607457381665,0.5719850459954919
10.639999999999818,15.015041627485752,0.572001585808981
10.649999999999817,15.01547929445983,0.5720182588365649
10.659999999999817,15.015916961433907,0.5720349318641488
10.669999999999817,15.002524292966577,0.5715247349701552
10.679999999999817,15.00286080685014,0.571537554546672
10.689999999999817,15.003197320733705,0.5715503741231887
10.699999999999816,14.984726292080266,0.570846715888772
10.709999999999816,14.984921742280761,0.5708541616106956
10.719999999999816,14.985119151194526,0.5708616819502677
10.729999999999816,14.98274979521347,0.570771420770037
10.739999999999815,14.982917649458297,0.5707778152174589
10.749999999999815,14.983086040602508,0.5707842301181907
10.759999999999815,14.986934967098248,0.570930855889457
10.769999999999815,14.986985542331364,0.5709327825650043
10.779999999999815,14.987168999434209,0.5709397714070175
10.789999999999814,14.987352456537055,0.5709467602490306
10.799999999999814,14.991679952575796,0.5711116172409826
10.809999999999814,14.991909456964924,0.5711203602653304
10.819999999999814,14.992135621359623,0.5711289760517951
10.829999999999814,15.00191217134091,0.5715014160510823
10.839999999999813,15.002216607849629,0.5715130136323667
10.849999999999813,15.002519655704738,0.5715245583125614
10.859999999999813,15.002822703559847,0.571536102992756
10.869999999999813,15.012158652401736,0.5718917581867328
10.879999999999812,15.012542490313072,0.5719063805833551
10.889999999999812,15.01292632822441,0.5719210029799775
10.899999999999812,15.014307808826276,0.5719736308124295
10.909999999999812,15.014702221409827,0.5719886560537076
10.919999999999812,15.015096633993375,0.5720036812949857
10.929999999999811,15.022754144805997,0.5722953959926094
10.939999999999811,15.02320427375144,0.5723125437619596
10.949999999999811,15.023658569378851,0.5723298502620514
10.95999999999981,15.033049030626279,0.5726875821190963
10.96999999999981,15.033650955126873,0.5727105125762618
10.97999999999981,15.034173897992357,0.5727304342092326
10.98999999999981,15.03469684085784,0.5727503558422034
10.99999999999981,15.029774472757737,0.5725628370574375
11.00999999999981,15.030244406549802,0.5725807392971353
11.01999999999981,15.030717827919062,0.5725987743969166
11.02999999999981,15.01431671584063,0.571973970127262
11.039999999999809,15.014658013409877,0.5719869719394238
11.049999999999809,15.014996995955435,0.571999885560207
11.059999999999809,15.015335978500996,0.5720127991809902
11.069999999999808,15.006289232392707,0.5716681612340078
11.079999999999808,15.006554999091394,0.571678285679672
11.089999999999808,15.006820765790074,0.5716884101253361
11.099999999999808,14.987462479022302,0.5709509515818019
11.109999999999808,14.98757838023166,0.5709553668659679
11.119999999999807,14.98769544003311,0.5709598262869756
11.129999999999807,14.977883672005055,0.5705860446478116
11.139999999999807,14.977920047911626,0.5705874303966333
11.149999999999807,14.977959049559495,0.570588916173695
11.159999999999807,14.977998051207365,0.5705904019507567
11.169999999999806,14.976983924060486,0.5705517685356375
11.179999999999806,14.977004500407197,0.5705525523964646
11.189999999999806,14.97702507675391,0.5705533362572918
11.199999999999806,14.985369705247258,0.5708712268665622
11.209999999999805,14.985442005525671,0.5708739811628827
11.219999999999805,14.98550634653837,0.5708764322490807
11.229999999999805,15.007851330178573,0.5717276697210885
11.239999999999805,15.008067988139981,0.5717359233577135
11.249999999999805,15.008285596682882,0.5717442132069669
11.259999999999804,15.008503205225784,0.5717525030562203
11.269999999999804,15.014764703469314,0.5719910363226405
11.279999999999804,15.015031258509033,0.5720011908003441
11.289999999999804,15.015297813548749,0.5720113452780475
11.299999999999804,15.01638167668871,0.572052635302427
11.309999999999803,15.016653326420384,0.5720629838636336
11.319999999999803,15.016925793942155,0.5720733635787487
11.329999999999803,15.022455562395999,0.5722840214246094
11.339999999999803,15.022759483716559,0.5722955993796783
11.349999999999802,15.023066125174948,0.5723072809590456
11.359999999999802,15.023372766633342,0.572318962538413
11.369999999999802,15.014443158889046,0.5719787870052969
11.379999999999802,15.014680172625962,0.5719878161000366
11.389999999999802,15.014917186362878,0.5719968451947762
11.399999999999801,15.009038663596789,0.5717729014703538
11.409999999999801,15.009216185351033,0.5717796642038488
11.419999999999801,15.009396327255008,0.5717865267525717
11.4299999999998,14.998159126315974,0.5713584429072751
11.4399999999998,14.998252835111918,0.5713620127661683
11.4499999999998,14.998343810167427,0.5713654784825686
11.4599999999998,14.998434785222933,0.5713689441989689
11.4699999999998,14.989302026883811,0.5710210295955737
11.4799999999998,14.989329400125294,0.5710220723857254
11.4899999999998,14.98935677336678,0.5710231151758772
11.4999999999998,14.974019541765664,0.5704388396863109
11.509999999999799,14.973961168600919,0.5704366159467016
11.519999999999799,14.973903109376288,0.5704344041667156
11.529999999999799,14.965312167490177,0.570107130190102
11.539999999999798,14.965173546354166,0.5701018493849206
11.549999999999798,14.965036872882356,0.5700966427764707
11.559999999999798,14.964900199410549,0.5700914361680208
11.569999999999798,14.957248251827762,0.5697999334029623
11.579999999999798,14.957043197173277,0.5697921217970772
11.589999999999797,14.956838142518794,0.5697843101911921
11.599999999999797,14.966045829570858,0.5701350792217469
11.609999999999797,14.965906178759967,0.5701297591908558
11.619999999999797,14.965768038619807,0.570124496709326
11.629999999999797,14.986307134546545,0.5709069384589159
11.639999999999796,14.98631092508723,0.5709070828604659
11.649999999999796,14.986311528221064,0.5709071058369929
11.659999999999796,14.9863121313549,0.5709071288135199
11.669999999999796,15.000734628536934,0.5714565572775975
11.679999999999795,15.000826965051255,0.5714600748590953
11.689999999999795,15.000919301565572,0.5714635924405932
11.699999999999795,15.019299466521812,0.5721637892008309
11.709999999999795,15.019522494047079,0.5721722854875078
11.719999999999795,15.019745644649984,0.5721807864628564
11.729999999999794,15.017067731882708,0.5720787707383889
11.739999999999794,15.017282880688393,0.5720869668833674
11.749999999999794,15.01750009377966,0.5720952416677965
11.759999999999794,15.017717306870926,0.5721035164522257
11.769999999999794,15.010661184964762,0.5718347118081814
11.779999999999793,15.010835725044368,0.5718413609540711
11.789999999999793,15.011010265123973,0.5718480100999608
11.799999999999793,14.999964277011644,0.5714272105528245
11.809999999999793,15.000061539436077,0.571430915788041
11.819999999999792,15.000158923253993,0.5714346256477711
11.829999999999792,14.98881527284414,0.5710024865845387
11.839999999999792,14.988838287733055,0.5710033633422116
11.849999999999792,14.988863207139126,0.5710043126529191
11.859999999999792,14.988888126545193,0.5710052619636263
11.869999999999791,14.976943087268694,0.5705502128483312
11.879999999999791,14.976910974770375,0.5705489895150618
11.889999999999791,14.976878862272057,0.5705477661817926
11.89999999999979,14.961162559342595,0.5699490498797178
11.90999999999979,14.961014939326983,0.5699434262600754
11.91999999999979,14.960872702349592,0.5699380077085558
11.92999999999979,14.956116556245558,0.5697568211903069
11.93999999999979,14.955926882229837,0.5697495955135176
11.94999999999979,14.955737622357098,0.5697423856136037
11.95999999999979,14.955548362484363,0.5697351757136899
11.96999999999979,14.96411612271024,0.5700615665794377
11.979999999999789,14.963972871807528,0.5700561094021914
11.989999999999789,14.96382962090482,0.5700506522249454
11.999999999999789,14.991899659532924,0.5711199870298256
12.009999999999788,14.991932229709999,0.5711212277984761
12.019999999999788,14.99196520740023,0.5711224840914373
12.029999999999788,15.050532008105963,0.5733536003087986
12.039999999999788,15.05103485216877,0.5733727562730959
12.049999999999788,15.051540062085468,0.5733920023651606
12.059999999999787,15.086897432841543,0.5747389498225349
12.069999999999787,15.087729376204042,0.574770642903011
12.079999999999787,15.088565494151949,0.5748024950153123
12.089999999999787,15.089401612099852,0.5748343471276134
12.099999999999786,15.101100215590613,0.5752800082129756
12.109999999999786,15.102074798070818,0.5753171351646026
12.119999999999786,15.103044110021528,0.5753540613341535
12.129999999999786,15.09187718759013,0.5749286547653383
12.139999999999786,15.092803791381026,0.5749639539573724
12.149999999999785,15.093726250426892,0.5749990952543578
12.159999999999785,15.09464870947276,0.5750342365513432
12.169999999999785,15.078589466554384,0.5744224558687384
12.179999999999785,15.079403973927235,0.5744534847210375
12.189999999999785,15.080218481300085,0.5744845135733365
12.199999999999784,15.053280234125744,0.5734582946333616
12.209999999999784,15.053890565618818,0.5734815453569073
12.219999999999784,15.054500459859586,0.5735047794232223
12.229999999999784,15.041277941671085,0.5730010644446127
12.239999999999783,15.041787533380894,0.5730204774621293
12.249999999999783,15.042298559963482,0.573039945141466
12.259999999999783,15.042809586546069,0.5730594128208025
12.269999999999783,15.026583091775782,0.5724412606390774
12.279999999999783,15.02697247296666,0.5724560942082537
12.289999999999782,15.027361854157537,0.5724709277774299
12.299999999999782,15.000020180787008,0.5714293402204574
12.309999999999782,15.000199230318122,0.5714361611549761
12.319999999999782,15.000382020609104,0.5714431245946324
12.329999999999782,14.987393223621847,0.5709483132808322
12.339999999999781,14.987481991227707,0.5709516949039126
12.349999999999781,14.987563700448158,0.5709548076361203
12.359999999999781,14.98764540966861,0.5709579203683279
12.36999999999978,14.980190736639264,0.5706739328243529
12.37999999999978,14.980218339312431,0.5706749843547593
12.38999999999978,14.9802459419856,0.5706760358851657
12.39999999999978,14.984834321794022,0.5708508313064389
12.40999999999978,14.984892557370646,0.570853049804596
12.41999999999978,14.984950208588913,0.5708552460414823
12.42999999999978,15.001872692576182,0.5714999120981402
12.43999999999978,15.002057574214149,0.571506955208158
12.449999999999779,15.002243095035597,0.5715140226680226
12.459999999999779,15.002428615857047,0.5715210901278874
12.469999999999779,15.01614901332475,0.5720437719361808
12.479999999999778,15.016442300701314,0.5720549447886214
12.489999999999778,15.01673558807788,0.5720661176410621
12.499999999999778,15.019344796238299,0.5721655160471733
12.509999999999778,15.019650591647473,0.5721771653960942
12.519999999999778,15.019960939959285,0.572188988188925
12.529999999999777,15.028707469841368,0.5725221893272902
12.539999999999777,15.029080383261938,0.5725363955528356
12.549999999999777,15.029447495197791,0.5725503807694396
12.559999999999777,15.029814607133646,0.5725643659860437
12.569999999999776,15.023409167461306,0.5723203492366211
12.579999999999776,15.023727008727311,0.5723324574753261
12.589999999999776,15.024044849993318,0.5723445657140311
12.599999999999776,15.031017177918839,0.5726101782064319
12.609999999999776,15.031405274848531,0.5726249628513725
12.619999999999775,15.031792268892417,0.5726397054816158
12.629999999999775,15.057837650917005,0.5736319105111239
12.639999999999775,15.058467040124928,0.5736558872428543
12.649999999999775,15.05909663577937,0.5736798718392141
12.659999999999775,15.05972623143382,0.573703856435574
12.669999999999774,15.075423238602257,0.5743018376610383
12.679999999999774,15.076201669368482,0.5743314921664183
12.689999999999774,15.07698010013471,0.5743611466717984
12.699999999999774,15.096341897945964,0.57509873896937
12.709999999999773,15.0972764825043,0.57513434219064
12.719999999999773,15.098214809781435,0.5751700879916737
12.729999999999773,15.07859308162021,0.5744225935855318
12.739999999999773,15.079378302451717,0.5744525067600653
12.749999999999773,15.080162386742257,0.5744823766378002
12.759999999999772,15.080946471032796,0.574512246515535
12.769999999999772,15.072918508341214,0.5742064193653795
12.779999999999772,15.07363651352079,0.5742337719436491
12.789999999999772,15.07435451870037,0.5742611245219188
12.799999999999772,15.043469731236272,0.5730845611899531
12.809999999999771,15.04392678785911,0.5731019728708232
12.819999999999771,15.0443877258185,0.5731195324121333
12.829999999999771,15.008122405148661,0.5717379963866156
12.83999999999977,15.008308717916176,0.5717450940158543
12.84999999999977,15.008494395552525,0.57175216744962
12.85999999999977,14.991076475991566,0.5710886276568214
12.86999999999977,14.991139649964538,0.5710910342843633
12.87999999999977,14.99120406868244,0.5710934883307596
12.88999999999977,14.991268487400346,0.571095942377156
12.89999999999977,14.97240688401635,0.5703774051053847
12.90999999999977,14.972368958910181,0.5703759603394354
12.919999999999769,14.972328625176196,0.570374423816236
12.929999999999769,14.970241212083357,0.5702949033174611
12.939999999999769,14.970160409744794,0.5702918251331349
12.949999999999768,14.970082700576612,0.5702888647838709
12.959999999999768,14.970004991408429,0.5702859044346067
12.969999999999768,14.976404208067272,0.5705296841168485
12.979999999999768,14.976344547539458,0.5705274113348364
12.989999999999768,14.976284887011646,0.5705251385528246
12.999999999999767,14.983002512819663,0.5707810481074157
13.009999999999767,14.982981291836081,0.5707802396889935
13.019999999999767,14.982957965645992,0.5707793510722282
13.029999999999767,15.004477900822348,0.5715991581265656
13.039999999999766,15.004573659624878,0.5716028060809477
13.049999999999766,15.004669184938399,0.5716064451405104
13.059999999999766,15.004764710251917,0.571610084200073
13.069999999999766,15.021049537441607,0.5722304585692041
13.079999999999766,15.021262681119994,0.5722385783283807
13.089999999999765,15.021475824798381,0.5722466980875573
13.099999999999765,15.04307014764334,0.5730693389578414
13.109999999999765,15.043440854789871,0.5730834611348522
13.119999999999765,15.043805279605706,0.5730973439849792
13.129999999999765,15.06970872428291,0.5740841418774442
13.139999999999764,15.070261097413326,0.5741051846633647
13.149999999999764,15.070818217546083,0.5741264082874697
13.159999999999764,15.077612092675174,0.5743852225781019
13.169999999999764,15.07821543740909,0.5744082071393939
13.179999999999763,15.078820791239837,0.574431268237708
13.189999999999763,15.079426145070586,0.5744543293360223
13.199999999999763,15.08407014026156,0.5746312434385356
13.209999999999763,15.084694933383975,0.5746550450812943
13.219999999999763,15.085322733167448,0.5746789612635218
13.229999999999762,15.058090940122446,0.5736415596237122
13.239999999999762,15.058498089968728,0.5736570700940468
13.249999999999762,15.05890371642862,0.5736725225306141
13.259999999999762,15.059308915571707,0.5736879586884459
13.269999999999762,15.033811925202844,0.5727166447696321
13.279999999999761,15.034019783150624,0.5727245631676428
13.289999999999761,15.0342276410984,0.5727324815656533
13.299999999999761,15.006567409326202,0.571678758450522
13.30999999999976,15.006582988617193,0.5716793519473216
13.31999999999976,15.006595534287149,0.5716798298776056
13.32999999999976,14.987840115738802,0.5709653377424305
13.33999999999976,14.987731480514158,0.5709611992576822
13.34999999999976,14.987623135890399,0.5709570718434437
13.35999999999976,14.987514791266637,0.5709529444292052
13.36999999999976,14.984573907982938,0.5708409107803023
13.37999999999976,14.984424627492954,0.5708352239044935
13.389999999999759,14.98427534700297,0.5708295370286846
13.399999999999759,14.987867485205303,0.5709663803887735
13.409999999999759,14.987736998611323,0.5709614094709075
13.419999999999758,14.987608679665394,0.5709565211301102
13.429999999999758,15.006874720752363,0.5716904655524709
13.439999999999758,15.00686540937868,0.5716901108334734
13.449999999999758,15.006857139689604,0.5716897957976992
13.459999999999757,15.006848870000526,0.5716894807619247
13.469999999999757,15.017038291958043,0.5720776492174492
13.479999999999757,15.017079208195435,0.5720792079312547
13.489999999999757,15.017120124432832,0.5720807666450602
13.499999999999757,15.01949873783656,0.5721713804890117
13.509999999999756,15.019549231987574,0.5721733040757171
13.519999999999756,15.019596403650828,0.5721751010914601
13.529999999999756,15.026161312912555,0.5724251928728592
13.539999999999756,15.026236420764633,0.5724280541243669
13.549999999999756,15.02631023138391,0.5724308659574823
13.559999999999755,15.026384042003183,0.5724336777905974
13.569999999999755,15.018578146688743,0.5721363103500473
13.579999999999755,15.01860312493895,0.5721372619024362
13.589999999999755,15.01862810318916,0.5721382134548251
13.599999999999755,15.019506019964176,0.5721716579033971
13.609999999999754,15.0195366422306,0.5721728244659275
13.619999999999754,15.019568827040612,0.572174050553928
13.629999999999754,15.03162532546706,0.5726333457320784
13.639999999999754,15.031743023156624,0.5726378294535857
13.649999999999753,15.031863798804615,0.572642430430652
13.659999999999753,15.031984574452604,0.5726470314077182
13.669999999999753,15.034489025092457,0.5727424390511412
13.679999999999753,15.034639930047748,0.5727481878113427
13.689999999999753,15.034790835003037,0.5727539365715442
13.699999999999752,15.039118403436163,0.5729187963213775
13.709999999999752,15.039296923511083,0.5729255970861364
13.719999999999752,15.03947571483988,0.5729324081843763
13.729999999999752,15.026753578111375,0.5724477553566237
13.739999999999752,15.026848359570193,0.5724513660788645
13.749999999999751,15.026941954050661,0.5724549315828823
13.759999999999751,15.02703554853113,0.5724584970869001
13.76999999999975,15.01344767560799,0.5719408638326853
13.77999999999975,15.013462151847117,0.5719414153084615
13.78999999999975,15.01347662808624,0.5719419667842377
13.79999999999975,14.991632367035962,0.5711098044585128
13.80999999999975,14.991517742028755,0.5711054377915715
13.81999999999975,14.991404343661003,0.5711011178537524
13.82999999999975,14.9818080565068,0.5707355450097829
13.83999999999975,14.98161175104445,0.5707280667064553
13.84999999999975,14.981418921104583,0.5707207208039841
13.859999999999749,14.98122609116472,0.5707133749015131
13.869999999999749,14.966554998685115,0.5701544761403853
13.879999999999749,14.966245719789084,0.5701426940872032
13.889999999999748,14.965936440893056,0.5701309120340211
13.899999999999748,14.947964071486807,0.5694462503423545
13.909999999999748,14.947500498886644,0.5694285904337768
13.919999999999748,14.947037841210594,0.5694109653794511
13.929999999999747,14.943195265989464,0.5692645815615034
13.939999999999747,14.942674890841271,0.5692447577463341
13.949999999999747,14.942152951743939,0.56922487435215
13.959999999999747,14.941631012646608,0.569204990957966
13.969999999999747,14.952557474714114,0.5696212371319662
13.979999999999746,14.95210036063742,0.5696038232623779
13.989999999999746,14.951643246560723,0.5695864093927894
13.999999999999746,14.983374152533495,0.5707952058107998
14.009999999999746,14.983150969244663,0.5707867035902728
14.019999999999746,14.982928729395626,0.5707782373103095
14.029999999999745,15.023439228210618,0.5723214944080235
14.039999999999745,15.023468963650995,0.5723226271867045
14.049999999999745,15.02350056675151,0.5723238311143432
14.059999999999745,15.023532169852029,0.572325035041982
14.069999999999744,15.050560450260921,0.5733546838194636
14.079999999999744,15.05077811057845,0.5733629756410837
14.089999999999744,15.050995770895982,0.5733712674627041
14.099999999999744,15.078316386374777,0.5744120528142772
14.109999999999744,15.078734223238612,0.57442797040909
14.119999999999743,15.079154042023319,0.5744439635056502
14.129999999999743,15.10780843489259,0.5755355594244795
14.139999999999743,15.108461028491925,0.5755604201330257
14.149999999999743,15.109107865869234,0.5755850615569231
14.159999999999743,15.10975470324654,0.5756097029808206
14.169999999999742,15.116765090775003,0.5758767653628571
14.179999999999742,15.117472277612015,0.575903705813791
14.189999999999742,15.118179464449026,0.5759306462647248
14.199999999999742,15.104062454532299,0.5753928554107541
14.209999999999742,15.104649629194746,0.5754152239693237
14.219999999999741,15.105237432596379,0.575437616479862
14.229999999999741,15.071353032021237,0.5741467821722376
14.23999999999974,15.071670901343532,0.5741588914797535
14.24999999999974,15.071991126958894,0.5741710905508149
14.25999999999974,15.072311352574252,0.5741832896218761
14.26999999999974,15.043895162264722,0.5731007680862751
14.27999999999974,15.044012259032197,0.5731052289155122
14.28999999999974,15.044129355799674,0.5731096897447494
14.29999999999974,15.018815291827279,0.572145344450563
14.30999999999974,15.018780901664357,0.5721440343491183
14.31999999999974,15.01874772729554,0.5721427705636396
14.329999999999739,14.993030763926825,0.5711630767210218
14.339999999999739,14.992812738714917,0.5711547709986635
14.349999999999739,14.992593283949947,0.5711464108171408
14.359999999999738,14.992373829184976,0.5711380506356181
14.369999999999738,14.972827092460648,0.5703934130461199
14.379999999999738,14.972448340956205,0.5703789844173792
14.389999999999738,14.97206958945176,0.5703645557886384
14.399999999999737,14.987927363759132,0.5709686614765384
14.409999999999737,14.987661981705958,0.5709585516840364
14.419999999999737,14.987396029460596,0.5709484201699274
14.429999999999737,15.02176818310246,0.5722578355467604
14.439999999999737,15.02173416348289,0.5722565395612529
14.449999999999736,15.021700197374715,0.5722552456142748
14.459999999999736,15.021666231266542,0.5722539516672968
14.469999999999736,15.034336591770364,0.5727366320674424
14.479999999999736,15.03436606805062,0.5727377549733569
14.489999999999736,15.034395544330877,0.5727388778792715
14.499999999999735,15.036961809575066,0.5728366403647643
14.509999999999735,15.036999581123595,0.5728380792808988
14.519999999999735,15.037038100014579,0.572839546667222
14.529999999999735,15.042824464371158,0.5730599795950917
14.539999999999734,15.04288303586451,0.5730622108900765
14.549999999999734,15.042943767999333,0.5730645244952126
14.559999999999734,15.037032346746022,0.5728393274950865
14.569999999999734,15.03705861720329,0.572840328274411
14.579999999999734,15.037079706941025,0.5728411316929913
14.589999999999733,15.037100796678766,0.572841935111572
14.599999999999733,15.022659256455075,0.5722917811982885
14.609999999999733,15.022593572674145,0.572289278959015
14.619999999999733,15.022532324427656,0.5722869456924821
14.629999999999733,15.003072182578263,0.5715456069553624
14.639999999999732,15.002867419582888,0.5715378064603004
14.649999999999732,15.002658401093065,0.5715298438511643
14.659999999999732,15.002449382603242,0.5715218812420282
14.669999999999732,14.994865811124068,0.5712329832809169
14.679999999999731,14.994587570669719,0.5712223836445607
14.689999999999731,14.99430933021537,0.5712117840082045
14.699999999999731,14.984891413999131,0.570853006247586
14.70999999999973,14.984514676777827,0.5708386543534409
14.71999999999973,14.98413828864792,0.570824315758016
14.72999999999973,14.973956101123635,0.570436422899948
14.73999999999973,14.973464081212894,0.5704176792843006
14.74999999999973,14.972974473257047,0.5703990275526494
14.75999999999973,14.972484865301205,0.5703803758209982
14.76999999999973,14.97004578176861,0.5702874583530898
14.77999999999973,14.96951247931499,0.5702671420691424
14.78999999999973,14.96897917686137,0.5702468257851949
14.799999999999729,14.971513981832835,0.5703433897841079
14.809999999999729,14.970992150419924,0.5703235104921875
14.819999999999729,14.970463397597547,0.5703033675275255
14.829999999999728,15.001643239794408,0.571491171039787
14.839999999999728,15.001339260628756,0.5714795908810955
14.849999999999728,15.001038004976023,0.571468114475277
14.859999999999728,15.000736749323288,0.5714566380694586
14.869999999999727,15.030393131240682,0.572586404999645
14.879999999999727,15.030289776013863,0.572582467657671
14.889999999999727,15.030186420787038,0.5725785303156966
14.899999999999727,15.046420268888463,0.5731969626243223
14.909999999999727,15.046402123159975,0.5731962713584752
14.919999999999726,15.046383905880443,0.573195577366874
14.929999999999726,15.057406407456192,0.5736154821888072
14.939999999999726,15.057427298183681,0.573616278026045
14.949999999999726,15.05744913881981,0.5736171100502785
14.959999999999726,15.057470979455937,0.5736179420745119
14.969999999999725,15.060461519349486,0.5737318674037899
14.979999999999725,15.060494799915604,0.5737331352348801
14.989999999999725,15.060528080481722,0.5737344030659703
14.999999999999725,15.051116335033738,0.5733758603822375
15.009999999999724,15.051094395594076,0.57337502459406
15.019999999999724,15.051076113222518,0.5733743281227626
15.029999999999724,15.026071444025005,0.5724217692961906
15.039999999999724,15.025896438250069,0.5724151024095264
15.049999999999724,15.025714595235007,0.5724081750565716
15.059999999999723,15.025532752219947,0.572401247703617
15.069999999999723,15.004225820051884,0.5715895550495955
15.079999999999723,15.003881103011246,0.571576422971857
15.089999999999723,15.003536385970603,0.5715632908941182
15.099999999999723,14.981952722232235,0.5707410560850374
15.109999999999722,14.981420453693463,0.5707207791883223
15.119999999999722,14.980887519823378,0.5707004769456524
15.129999999999722,14.969917146434186,0.5702825579593975
15.139999999999722,14.969260944760514,0.5702575598004005
15.149999999999721,14.96860563880179,0.5702325957638776
15.159999999999721,14.967950332843067,0.5702076317273549
15.169999999999721,14.960454034523472,0.569922058458037
15.17999999999972,14.959717479609242,0.5698939992232092
15.18999999999972,14.958980924695016,0.5698659399883815
15.19999999999972,14.970540670108202,0.5703063112422172
15.20999999999972,14.969892936514862,0.5702816356767566
15.21999999999972,14.96924713342686,0.5702570336543565
15.22999999999972,15.011690588026024,0.5718739271628961
15.23999999999972,15.011378860152925,0.5718620518153494
15.24999999999972,15.011067364370072,0.5718501853093361
15.25999999999972,15.010755868587216,0.5718383188033225
15.269999999999719,15.02610768275254,0.5724231498191443
15.279999999999719,15.02591596824616,0.5724158464093775
15.289999999999718,15.02572425373978,0.5724085429996106
15.299999999999718,15.044049090558257,0.5731066320212669
15.309999999999718,15.04397395076281,0.5731037695528689
15.319999999999718,15.04389722284352,0.573100846584515
15.329999999999718,15.054591307883522,0.5735082403003245
15.339999999999717,15.054572411050968,0.5735075204209892
15.349999999999717,15.054553738157859,0.5735068090726803
15.359999999999717,15.054535065264746,0.5735060977243712
15.369999999999717,15.051573076556211,0.5733932600592841
15.379999999999717,15.051538951028498,0.5733919600391808
15.389999999999716,15.051504825500784,0.5733906600190775
15.399999999999716,15.051605686274735,0.5733945023342756
15.409999999999716,15.051566080057862,0.5733929935260137
15.419999999999716,15.051523923408984,0.5733913875584374
15.429999999999715,15.04104478837402,0.5729921824142483
15.439999999999715,15.0409213757177,0.5729874809797219
15.449999999999715,15.040802285684023,0.5729829442165342
15.459999999999715,15.040683195650349,0.5729784074533466
15.469999999999715,15.038249131699995,0.5728856812076188
15.479999999999714,15.038107335163378,0.5728802794347952
15.489999999999714,15.037965538626763,0.5728748776619719
15.499999999999714,15.019093175468877,0.5721559304940523
15.509999999999714,15.018799478473385,0.5721447420370813
15.519999999999714,15.018508869092605,0.5721336712035278
15.529999999999713,14.998892026287885,0.5713863629062051
15.539999999999713,14.99843692736259,0.571369025804289
15.549999999999713,14.997981670742874,0.5713516826949666
15.559999999999713,14.995295123049216,0.5712493380209225
15.569999999999713,14.994799843031684,0.5712304702107308
15.579999999999712,14.994306685240636,0.5712116832472622
15.589999999999712,14.993813527449586,0.5711928962837937
15.599999999999712,15.004883825092815,0.5716146219082977
15.609999999999712,15.004484521126281,0.5715994103286202
15.619999999999711,15.004081786289182,0.5715840680491117
15.629999999999711,15.03258127776018,0.5726697629622926
15.639999999999711,15.032400609680396,0.5726628803687769
15.64999999999971,15.032222353621917,0.5726560896617873
15.65999999999971,15.032044097563432,0.5726492989547973
15.66999999999971,15.052389242874296,0.5734243521094969
15.67999999999971,15.052353386476488,0.5734229861514852
15.68999999999971,15.05231753007868,0.5734216201934734
15.69999999999971,15.063478405943235,0.5738467964168851
15.70999999999971,15.063496367113299,0.5738474806519351
15.71999999999971,15.063509965613525,0.573847998690039
15.729999999999709,15.068504854164777,0.5740382801586581
15.739999999999709,15.068552836074298,0.5740401080409256
15.749999999999709,15.068604018034547,0.5740420578298875
15.759999999999708,15.068655199994794,0.5740440076188492
15.769999999999708,15.062029989679802,0.5737916186544686
15.779999999999708,15.06205274263044,0.5737924854335406
15.789999999999708,15.062075495581082,0.5737933522126126
15.799999999999708,15.050548336173996,0.5733542223304379
15.809999999999707,15.050523871707373,0.573353290350757
15.819999999999707,15.050497481011881,0.5733522849909287
15.829999999999707,15.026564657627915,0.5724405583858253
15.839999999999707,15.02639108355191,0.5724339460400727
15.849999999999707,15.02621702787535,0.5724273153476324
15.859999999999706,15.026042972198791,0.572420684655192
15.869999999999706,15.014477769844614,0.57198010551789
15.879999999999706,15.014221060220168,0.5719703261036254
15.889999999999706,15.013964350595725,0.5719605466893609
15.899999999999705,14.990134923328736,0.5710527589839518
15.909999999999705,14.989694303333827,0.5710359734603362
15.919999999999705,14.989256956836726,0.571019312641399
15.929999999999705,14.98617063499599,0.5709017384760376
15.939999999999705,14.985697066542114,0.5708836977730328
15.949999999999704,14.985222387719997,0.5708656147702855
15.959999999999704,14.98474770889788,0.5708475317675382
15.969999999999704,14.981760491156138,0.5707337329964243
15.979999999999704,14.981258860600809,0.5707146232609831
15.989999999999704,14.980757230045482,0.5706955135255422
15.999999999999703,15.001398137731671,0.5714818338183494
16.009999999999703,15.00105722755696,0.5714688467640746
16.019999999999705,15.000713813827199,0.5714557643362742
16.029999999999706,15.037789083671855,0.5728681555684516
16.039999999999708,15.037716384619406,0.5728653860807392
16.04999999999971,15.037643586303288,0.5728626128115538
16.05999999999971,15.037570787987171,0.5728598395423684
16.069999999999713,15.052008007936458,0.5734098288737698
16.079999999999714,15.052014549018645,0.5734100780578532
16.089999999999716,15.052021090100832,0.5734103272419364
16.099999999999717,15.056722549506631,0.5735894304573954
16.10999999999972,15.05675459109078,0.5735906510891725
16.11999999999972,15.056788691540163,0.573591950153911
16.129999999999722,15.061790692735993,0.5737825025804187
16.139999999999723,15.061854052822428,0.5737849162979972
16.149999999999725,15.061920066372148,0.5737874310998913
16.159999999999727,15.061986079921867,0.5737899459017853
16.169999999999728,15.060288665360385,0.5737252824899194
16.17999999999973,15.06035461548027,0.5737277948754388
16.18999999999973,15.060420565600156,0.5737303072609583
16.199999999999733,15.052419949644065,0.5734255218912024
16.209999999999734,15.052438726367543,0.573426237194954
16.219999999999736,15.052459283676088,0.5734270203305176
16.229999999999738,15.033138589878716,0.5726909939001416
16.23999999999974,15.033071462387065,0.5726884366623644
16.24999999999974,15.033003610077865,0.57268585181249
16.259999999999742,15.032935757768659,0.5726832669626155
16.269999999999744,15.019186243646056,0.5721594759484211
16.279999999999745,15.019033815224816,0.5721536691514215
16.289999999999747,15.018881386803573,0.5721478623544217
16.29999999999975,15.00965267072973,0.5717962922182754
16.30999999999975,15.009426357288696,0.5717876707538551
16.31999999999975,15.009202268655466,0.5717791340440177
16.329999999999753,15.001371286139618,0.5714808109005568
16.339999999999755,15.001076710618113,0.571469588975928
16.349999999999756,15.000786296202469,0.5714585255696178
16.359999999999758,15.00049588178682,0.5714474621633074
16.36999999999976,15.003246859434949,0.5715522613118075
16.37999999999976,15.002968207116535,0.5715416459853917
16.389999999999763,15.00268955479812,0.5715310306589759
16.399999999999764,15.00979535397227,0.5718017277703722
16.409999999999766,15.009567532325766,0.5717930488505053
16.419999999999767,15.009341440121409,0.5717844358141488
16.42999999999977,15.032906724391706,0.5726821609292078
16.43999999999977,15.032847238023606,0.5726798947818517
16.449999999999772,15.032786656144797,0.5726775869007541
16.459999999999773,15.032726074265987,0.5726752790196566
16.469999999999775,15.048740385219517,0.5732853480083625
16.479999999999777,15.04876600179876,0.573286323878048
16.489999999999778,15.048791618378004,0.5732872997477334
16.49999999999978,15.05421898323352,0.5734940565041341
16.50999999999978,15.054275936868713,0.5734962261664271
16.519999999999783,15.054334250324485,0.5734984476314089
16.529999999999784,15.06058811947321,0.573736690265646
16.539999999999786,15.060683485495886,0.5737403232569861
16.549999999999788,15.06078248993034,0.5737440948544891
16.55999999999979,15.060881494364795,0.5737478664519922
16.56999999999979,15.056566659677005,0.5735834917972191
16.579999999999792,15.056640692416359,0.5735863120920517
16.589999999999794,15.056714725155715,0.5735891323868844
16.599999999999795,15.043948130100752,0.5731027859086
16.609999999999797,15.043964365159017,0.5731034043870101
16.6199999999998,15.043976914343238,0.5731038824511709
16.6299999999998,15.050416715020743,0.5733492081912663
16.6399999999998,15.050476017796635,0.5733514673446337
16.649999999999803,15.050536642474883,0.5733537768561859
16.659999999999805,15.050597267153128,0.5733560863677382
16.669999999999806,15.054525418968606,0.573505730246423
16.679999999999808,15.054619742429173,0.5735093235211113
16.68999999999981,15.054714065889742,0.5735129167957996
16.69999999999981,15.055423656198057,0.573539948807545
16.709999999999813,15.055518352400426,0.573543556281921
16.719999999999814,15.055614156321964,0.5735472059551223
16.729999999999816,15.058667344705064,0.5736635178935262
16.739999999999817,15.058782944150158,0.5736679216819107
16.74999999999982,15.058899572167547,0.5736723646540017
16.75999999999982,15.059016200184935,0.5736768076260927
16.769999999999822,15.050407585564182,0.5733488604024449
16.779999999999824,15.050471812160428,0.573351307129921
16.789999999999825,15.050536038756677,0.5733537538573972
16.799999999999827,15.038669987650131,0.572901713815243
16.809999999999828,15.038669129228447,0.5729016811134646
16.81999999999983,15.038669029456004,0.5729016773126097
16.82999999999983,15.02559138524872,0.5724034813428084
16.839999999999833,15.025515838627358,0.5724006033762803
16.849999999999834,15.025439318871527,0.5723976883379629
16.859999999999836,15.02536279911569,0.5723947732996453
16.869999999999838,15.011216215319413,0.5718558558216918
16.87999999999984,15.011040902622181,0.5718491772427498
16.88999999999984,15.010865589924947,0.5718424986638074
16.899999999999842,14.990684053889519,0.5710736782434102
16.909999999999844,14.990346393673368,0.5710608149970806
16.919999999999845,14.990009584840486,0.5710479841843994
16.929999999999847,14.96845736530404,0.5702269472496777
16.93999999999985,14.967934311097022,0.5702070213751246
16.94999999999985,14.967405135963498,0.5701868623224189
16.95999999999985,14.966875960829976,0.5701667032697133
16.969999999999853,14.971780231406356,0.570353532625004
16.979999999999855,14.971270588942518,0.5703341176740007
16.989999999999856,14.970760946478688,0.5703147027229976
16.999999999999858,14.979548602925872,0.5706494705876523
17.00999999999986,14.97908376454205,0.5706317624587447
17.01999999999986,14.978620477266377,0.5706141134196715
17.029999999999863,14.986819879413781,0.5709264715967154
17.039999999999864,14.986394331936138,0.5709102602642337
17.049999999999866,14.985971351351962,0.57089414671817
17.059999999999867,14.985548370767786,0.5708780331721061
17.06999999999987,15.000333002925206,0.5714412572542935
17.07999999999987,15.000005308331074,0.5714287736507075
17.089999999999872,14.999677613736946,0.5714162900471217
17.099999999999874,15.019822241093266,0.5721837044226006
17.109999999999875,15.019609150091933,0.5721755866701688
17.119999999999877,15.019396071672034,0.5721674693970298
17.129999999999878,15.032245194998984,0.572656959809485
17.13999999999988,15.032093175903116,0.572651168605833
17.14999999999988,15.031939350573442,0.5726453085932739
17.159999999999883,15.02774950243336,0.5724856953307946
17.169999999999884,15.027556472586724,0.5724783418128275
17.179999999999886,15.027364068027945,0.5724710121153502
17.189999999999888,15.027171663469169,0.572463682417873
17.19999999999989,15.021726885780561,0.5722562623154499
17.20999999999989,15.02147158882625,0.5722465367171904
17.219999999999892,15.021217370012025,0.5722368521909342
17.229999999999894,15.01783755808885,0.5721080974510038
17.239999999999895,15.01753236465153,0.5720964710343439
17.249999999999897,15.017229887488469,0.5720849480947987
17.2599999999999,15.016927410325412,0.5720734251552537
17.2699999999999,15.010022632682363,0.5718103860069471
17.2799999999999,15.009654565143906,0.5717963643864344
17.289999999999903,15.009286497605446,0.5717823427659217
17.299999999999905,15.00407521176908,0.571583817591203
17.309999999999906,15.003640135084673,0.5715672432413208
17.319999999999908,15.003208585623428,0.5715508032618448
17.32999999999991,14.99950142716441,0.5714095781776918
17.33999999999991,14.999010808267515,0.5713908879340005
17.349999999999913,14.998518588090764,0.571372136689172
17.359999999999914,14.998026367914012,0.5713533854443432
17.369999999999916,14.991898419492712,0.5711199397901985
17.379999999999917,14.991340720331372,0.5710986941078617
17.38999999999992,14.990783021170039,0.5710774484255252
17.39999999999992,15.010255091890224,0.571819241595818
17.409999999999922,15.009837530209175,0.571803334484159
17.419999999999924,15.009420397257813,0.5717874437050595
17.429999999999925,15.04228086918364,0.5730392712069958
17.439999999999927,15.04210830259394,0.5730326972416738
17.44999999999993,15.041937793196443,0.5730262016455787
17.45999999999993,15.041767283798952,0.5730197060494838
17.46999999999993,15.04927932688552,0.5733058791194483
17.479999999999933,15.049165867664732,0.5733015568634183
17.489999999999934,15.049052408443941,0.5732972346073882
17.499999999999936,15.042474916492363,0.5730466634854233
17.509999999999938,15.042322738802998,0.5730408662401142
17.51999999999994,15.042164123627238,0.573034823757228
17.52999999999994,15.036419376711754,0.5728159762556858
17.539999999999942,15.036223021221014,0.5728084960465147
17.549999999999944,15.036028465712043,0.5728010844080778
17.559999999999945,15.022139132609636,0.5722719669565575
17.569999999999947,15.022374795442483,0.572280944588285
17.57999999999995,15.022081929193355,0.5722697877787944
17.58999999999995,15.02178906294423,0.572258630969304
17.59999999999995,15.021352556373358,0.5722420021475565
17.609999999999953,15.021070899121629,0.5722312723474906
17.619999999999955,15.020789197182545,0.5722205408450493
17.629999999999956,15.023753187162425,0.5723334547490447
17.639999999999958,15.023518414121916,0.5723245110141681
17.64999999999996,15.023285006065457,0.572315619278684
17.65999999999996,15.023051598009,0.5723067275431999
17.669999999999963,15.018620724490535,0.5721379323615442
17.679999999999964,15.01837721062676,0.5721286556429241
17.689999999999966,15.018133696762984,0.5721193789243041
17.699999999999967,15.014406024888471,0.5719773723767037
17.70999999999997,15.01414120529001,0.5719672840110479
17.71999999999997,15.013877458607354,0.5719572365183754
17.729999999999972,15.01647351375982,0.5720561338575169
17.739999999999974,15.016242865675931,0.572047347263845
17.749999999999975,15.016004765237975,0.5720382767709704
17.759999999999977,15.015766664800019,0.572029206278096
17.76999999999998,15.008116636828218,0.571737776641075
17.77999999999998,15.00782267984089,0.5717265782796529
17.78999999999998,15.007528722853563,0.5717153799182308
17.799999999999983,14.998909822130244,0.5713870408430569
17.809999999999985,14.998555785050181,0.5713735537161974
17.819999999999986,14.998201094629888,0.5713600417001862
17.829999999999988,14.986099762763727,0.5708990385814753
17.83999999999999,14.98565868715733,0.5708822357012315
17.84999999999999,14.985218633340446,0.5708654717463026
17.859999999999992,14.960827642871525,0.5699362911570104
17.869999999999994,14.96019306797693,0.5699121168753115
17.879999999999995,14.959561506254104,0.5698880573811087
17.889999999999997,14.95892994453128,0.5698639978869058
17.9,14.953720608576269,0.5696655469933817
17.91,14.953040057090398,0.5696396212224913
17.92,14.952358729367614,0.569613665880671
17.930000000000003,14.94595080070393,0.5693695543125306
17.940000000000005,14.945215273155966,0.5693415342154653
17.950000000000006,14.944483404687627,0.5693136535119095
17.960000000000008,14.94375153621929,0.5692857728083539
17.97000000000001,14.942743457314052,0.5692473698024401
17.98000000000001,14.94198860161285,0.5692186133947752
17.990000000000013,14.941233745911646,0.5691898569871102
18.000000000000014,14.96186964772697,0.569975986580075
18.010000000000016,14.961281155742858,0.5699535678378231
18.020000000000017,14.960690287445473,0.5699310585693513
18.03000000000002,14.996697043721783,0.5713027445227346
18.04000000000002,14.996386797018943,0.5712909256007216
18.050000000000022,14.99607708490404,0.5712791270439634
18.060000000000024,15.03106217553983,0.5726118924015173
18.070000000000025,15.032264377580097,0.5726576905744798
18.080000000000027,15.032195314296018,0.5726550595922292
18.09000000000003,15.032126251011942,0.5726524286099787
18.10000000000003,15.039599958845407,0.5729371412893488
18.11000000000003,15.039568359339457,0.5729359374986459
18.120000000000033,15.039536825166095,0.5729347361968036
18.130000000000035,15.038574385423802,0.5728980718256685
18.140000000000036,15.038540633881603,0.5728967860526324
18.150000000000038,15.03850720565383,0.5728955125963363
18.16000000000004,15.032958386693142,0.5726841290168816
18.17000000000004,15.03289525430792,0.572681723973635
18.180000000000042,15.03282999868336,0.5726792380450804
18.190000000000044,15.032764743058795,0.5726767521165255
18.200000000000045,15.027402355564769,0.5724724706881816
18.210000000000047,15.02730066333811,0.5724685966985946
18.22000000000005,15.027199093285693,0.5724647273632645
18.23000000000005,15.018478086286338,0.5721324985251938
18.24000000000005,15.018314603272584,0.5721262706008603
18.250000000000053,15.018151190576045,0.5721200453552778
18.260000000000055,15.017987777879508,0.5721138201096955
18.270000000000056,15.02214010483171,0.5722720039935889
18.280000000000058,15.022003106866638,0.5722667850234909
18.29000000000006,15.02186610890157,0.5722615660533931
18.30000000000006,15.018209767527857,0.572122276858204
18.310000000000063,15.018041383697978,0.5721158622361134
18.320000000000064,15.01787070018937,0.572109360007214
18.330000000000066,15.017804900064183,0.5721068533357784
18.340000000000067,15.017624650729756,0.5720999866944668
18.35000000000007,15.017445469799268,0.5720931607542578
18.36000000000007,15.003386304275704,0.5715575734962173
18.370000000000072,15.003087062420393,0.5715461738064911
18.380000000000074,15.002790296698603,0.571534868445661
18.390000000000075,15.002493530976816,0.571523563084831
18.400000000000077,15.003430926682348,0.5715592733974227
18.41000000000008,15.0031435822393,0.5715483269424495
18.42000000000008,15.002849214734418,0.5715371129422635
18.43000000000008,15.014390374093908,0.5719767761559583
18.440000000000083,15.014184998274464,0.5719689523152176
18.450000000000085,15.013984739634083,0.5719613234146317
18.460000000000086,15.0137844809937,0.5719536945140457
18.470000000000088,15.019126663738612,0.5721572062376614
18.48000000000009,15.018966074068768,0.572151088535953
18.49000000000009,15.018805484398925,0.5721449708342448
18.500000000000092,15.024780120431702,0.5723725760164458
18.510000000000094,15.024658130261601,0.5723679287718705
18.520000000000095,15.024537148742803,0.5723633199521068
18.530000000000097,15.026153650318449,0.5724249009645123
18.5400000000001,15.026046468817341,0.5724208178597082
18.5500000000001,15.025939516858326,0.5724167434993648
18.5600000000001,15.02583256489931,0.5724126691390213
18.570000000000103,15.00773580746159,0.5717232688556796
18.580000000000105,15.007506808434856,0.5717145450832326
18.590000000000106,15.007277809408123,0.5717058213107856
18.600000000000108,14.9807888458045,0.5706967179354095
18.61000000000011,14.98036085832855,0.5706804136506114
18.62000000000011,14.979936455641429,0.5706642459291973
18.630000000000113,14.971645459338596,0.570348398450994
18.640000000000114,14.971164366276525,0.5703300710962486
18.650000000000116,14.970679098844247,0.570311584717876
18.660000000000117,14.951756070525969,0.5695907074486083
18.67000000000012,14.95112214122716,0.5695665577610346
18.68000000000012,14.950483026895688,0.5695422105484071
18.690000000000122,14.949843912564218,0.5695178633357797
18.700000000000124,14.951469803574552,0.5695798020409353
18.710000000000125,14.950834017043645,0.5695555816016626
18.720000000000127,14.950201164481014,0.56953147293261
18.73000000000013,14.958694663509233,0.5698550348003517
18.74000000000013,14.958125158000785,0.5698333393524108
18.75000000000013,14.957555402841983,0.5698116343939803
18.760000000000133,14.956985647683181,0.5697899294355497
18.770000000000135,14.953132088591238,0.569643127184428
18.780000000000136,14.952526062086958,0.5696200404604556
18.790000000000138,14.951920035582683,0.5695969537364831
18.80000000000014,14.955256246390814,0.5697240474815548
18.81000000000014,14.954671039366948,0.5697017538806456
18.820000000000142,14.954089292810618,0.5696795921070711
18.830000000000144,14.963758161484677,0.5700479299613209
18.840000000000146,14.963246131111715,0.570028424042351
18.850000000000147,14.962739411808192,0.5700091204498359
18.86000000000015,14.962232692504672,0.5699898168573208
18.87000000000015,14.971385857902733,0.570338508872485
18.88000000000015,14.97093867565884,0.570321473358432
18.890000000000153,14.970491493414945,0.5703044378443788
18.900000000000155,14.978870636600956,0.570623643299084
18.910000000000156,14.978475647683105,0.5706085961022135
18.920000000000158,14.978078815921279,0.5705934787017629
18.93000000000016,14.975693965632496,0.5705026272621903
18.94000000000016,14.97527594185047,0.5704867025466845
18.950000000000163,14.974857216053204,0.570470751087741
18.960000000000164,14.974438490255938,0.5704547996287976
18.970000000000166,14.970273222494917,0.570296122761711
18.980000000000167,14.969811974441784,0.570278551407306
18.99000000000017,14.969350726388651,0.5702609800529009
19.00000000000017,14.962003921182593,0.5699811017593368
19.010000000000172,14.961482165873734,0.5699612253666184
19.020000000000174,14.960963153139211,0.5699414534529222
19.030000000000175,14.955463917839507,0.5697319587748383
19.040000000000177,14.954893351519754,0.5697102229150381
19.05000000000018,14.954327298266785,0.5696886589815917
19.06000000000018,14.953761245013817,0.5696670950481454
19.07000000000018,14.95369361303602,0.5696645185918483
19.080000000000183,14.953118550176542,0.5696426114352968
19.090000000000185,14.952543487317065,0.5696207042787453
19.100000000000186,14.957147892469713,0.5697961101893223
19.110000000000188,14.95660438817173,0.5697754052636849
19.12000000000019,14.95605786483709,0.5697545853271272
19.13000000000019,14.967751902266693,0.5702000724673025
19.140000000000192,14.967294672428169,0.5701826541877397
19.150000000000194,14.966836289186674,0.570165191969016
19.160000000000196,14.978393256103166,0.5706054573753586
19.170000000000197,14.97780293893618,0.5705829691023306
19.1800000000002,14.977419785634178,0.5705683727860639
19.1900000000002,14.977036632332172,0.570553776469797
19.200000000000202,14.991745527380951,0.5711141153287981
19.210000000000203,14.99146982621289,0.5711036124271577
19.220000000000205,14.99119605414361,0.5710931830149946
19.230000000000206,14.998318898018042,0.5713645294483063
19.240000000000208,14.998101015332168,0.5713562291555111
19.25000000000021,14.997881571733853,0.5713478693993849
19.26000000000021,14.997662128135538,0.5713395096432585
19.270000000000213,15.0181425867958,0.5721197175922209
19.280000000000214,15.018052406928414,0.5721162821687014
19.290000000000216,15.017962227061025,0.5721128467451818
19.300000000000217,15.02182529042184,0.5722600110636891
19.31000000000022,15.021760802132057,0.5722575543669355
19.32000000000022,15.021692070324935,0.5722549360123784
19.330000000000222,15.026528637721636,0.5724391861989194
19.340000000000224,15.026488209253971,0.5724376460668179
19.350000000000225,15.026449778943515,0.572436182054991
19.360000000000227,15.026411348633061,0.5724347180431641
19.37000000000023,15.02230032500265,0.5722781076191485
19.38000000000023,15.022238152521812,0.572275739143688
19.39000000000023,15.022175980040968,0.5722733706682273
19.400000000000233,15.001254177382618,0.5714763496145758
19.410000000000235,15.001055814264152,0.5714687929243486
19.420000000000236,15.000859006224353,0.5714612954752134
19.430000000000238,14.987454011212513,0.5709506289985719
19.44000000000024,14.98716796429322,0.570939731973075
19.45000000000024,14.986877123578495,0.5709286523267998
19.460000000000242,14.986586282863767,0.5709175726805245
19.470000000000244,14.967038732539486,0.5701729040967423
19.480000000000246,14.966593391747919,0.570155938733254
19.490000000000247,14.96614805095635,0.5701389733697657
19.50000000000025,14.947319265937708,0.5694216863214364
19.51000000000025,14.946724740624271,0.5693990377380674
19.520000000000252,14.946132275337762,0.5693764676319147
19.530000000000253,14.940306020140266,0.5691545150529624
19.540000000000255,14.939666669888194,0.5691301588528835
19.550000000000257,14.939024166394997,0.5691056825293331
19.560000000000258,14.9383816629018,0.5690812062057828
19.57000000000026,14.949189747697433,0.569492942769426
19.58000000000026,14.948619003706929,0.5694712001412163
19.590000000000263,14.948048259716424,0.5694494575130066
19.600000000000264,14.961244208547676,0.5699521603256257
19.610000000000266,14.96078109303087,0.5699345178297474
19.620000000000267,14.960319575921842,0.5699169362255939
19.63000000000027,14.991774262973774,0.5711152100180484
19.64000000000027,14.99156837592536,0.5711073667019184
19.650000000000272,14.991358022598732,0.5710993532418563
19.660000000000274,14.991147669272108,0.5710913397817945
19.670000000000275,15.012356394818461,0.5718992912311794
19.680000000000277,15.012298168227405,0.5718970730753297
19.69000000000028,15.01223994163635,0.57189485491948
19.70000000000028,15.015557950162101,0.5720212552442705
19.71000000000028,15.015528804766108,0.5720201449434708
19.720000000000283,15.01550096044542,0.5720190842074445
19.730000000000285,15.018717144346832,0.5721416054989269
19.740000000000286,15.018713042918906,0.5721414492540535
19.750000000000288,15.018710448412614,0.5721413504157186
19.76000000000029,15.018707853906323,0.5721412515773837
19.77000000000029,15.017698152420587,0.5721027867588795
19.780000000000292,15.017698810598905,0.5721028118323391
19.790000000000294,15.017699468777222,0.5721028369057989
19.800000000000296,15.013403251095758,0.5719391714703145
19.810000000000297,15.013394373997379,0.5719388332951382
19.8200000000003,15.01338555609272,0.5719384973749607
19.8300000000003,15.009997253422776,0.5718094191780104
19.840000000000302,15.009982241390134,0.5718088472910526
19.850000000000303,15.009964812167189,0.5718081833206548
19.860000000000305,15.014700207218345,0.5719885793226036
19.870000000000307,15.014453830172917,0.5719791935303967
19.880000000000308,15.014458815691464,0.5719793834549128
19.89000000000031,15.014463801210013,0.5719795733794291
19.90000000000031,15.01140340644448,0.5718629869121706
19.910000000000313,15.011401895911558,0.5718629293680593
19.920000000000314,15.011400926613701,0.5718628924424267
19.930000000000316,15.017555158802272,0.5720973393829436
19.940000000000317,15.017582768098963,0.5720983911656747
19.95000000000032,15.017612216125482,0.5720995129952564
19.96000000000032,15.017641664151999,0.572100634824838
19.970000000000322,15.031438874927508,0.5726262428543812
19.980000000000324,15.031558538751177,0.5726308014762352
19.990000000000325,15.031678202574849,0.5726353600980895
20.000000000000327,15.048987695124922,0.5732947693380922
20.01000000000033,15.049245977523059,0.5733046086675451
20.02000000000033,15.04950039982812,0.573314300945833
20.03000000000033,15.05429690020392,0.573497024769673
20.040000000000333,15.054609273675554,0.5735089247114497
20.050000000000335,15.054919476366303,0.5735207419568115
20.060000000000336,15.055229679057055,0.5735325592021735
20.070000000000338,15.062229959359467,0.5737992365470272
20.08000000000034,15.062606308961902,0.5738135736747391
20.09000000000034,15.062982658564335,0.5738279108024508
20.100000000000342,15.055157238367816,0.5735297995568691
20.110000000000344,15.055482708606098,0.5735421984230894
20.120000000000346,15.055808617991518,0.5735546140187244
20.130000000000347,15.047020412423352,0.5732198252351752
20.14000000000035,15.047290560629865,0.5732301165954233
20.15000000000035,15.047562835088799,0.5732404889557637
20.160000000000352,15.047835109547734,0.573250861316104
20.170000000000353,15.011618061356923,0.5718711642421684
20.180000000000355,15.011659683088965,0.5718727498319605
20.190000000000357,15.011701304821003,0.5718743354217525
20.200000000000358,15.00110254841536,0.571470573272966
20.21000000000036,15.00110300765647,0.5714705907678654
20.22000000000036,15.00110075472261,0.5714705049418137
20.230000000000363,14.989397472489204,0.5710246656186363
20.240000000000364,14.989340144355443,0.5710224816897311
20.250000000000366,14.989283124632225,0.571020309509799
20.260000000000367,14.989226104909005,0.5710181373298668
20.27000000000037,14.988006204642192,0.5709716649387501
20.28000000000037,14.98794715388715,0.5709694153861771
20.290000000000372,14.987888103132104,0.5709671658336039
20.300000000000374,14.991630848730498,0.5711097466183046
20.310000000000375,14.991596182418721,0.5711084259969036
20.320000000000377,14.991561503376612,0.5711071048905375
20.33000000000038,14.990637144251671,0.5710718912095875
20.34000000000038,14.990602713053345,0.5710705795448893
20.35000000000038,14.990569437152796,0.5710693118915351
20.360000000000383,14.990536161252248,0.5710680442381808
20.370000000000385,15.00089793988252,0.5714627786621912
20.380000000000386,15.000910062198942,0.5714632404647215
20.390000000000388,15.000922184515362,0.5714637022672518
20.40000000000039,15.019288534359122,0.5721633727374903
20.41000000000039,15.019420332691253,0.5721683936263334
20.420000000000393,15.019554114828427,0.5721734900887019
20.430000000000394,15.045960857921909,0.5731794612541679
20.440000000000396,15.046316538017859,0.5731930109721088
20.450000000000397,15.046660266036238,0.573206105372809
20.4600000000004,15.047003994054615,0.5732191997735091
20.4700000000004,15.062055203653696,0.5737925791868074
20.480000000000402,15.06254536221419,0.5738112518938738
20.490000000000403,15.063035520774685,0.5738299246009403
20.500000000000405,15.068442169142351,0.5740358921578038
20.510000000000407,15.068998795100832,0.5740570969562221
20.520000000000408,15.069554589471807,0.5740782700751164
20.53000000000041,15.0742613389062,0.5742575748154742
20.54000000000041,15.074877525752044,0.5742810486000778
20.550000000000413,15.075495014937518,0.5743045719976196
20.560000000000414,15.076112504122994,0.5743280953951616
20.570000000000416,15.062320333018016,0.5738026793530673
20.580000000000418,15.062860049306707,0.5738232399735888
20.59000000000042,15.063399765595394,0.5738438005941102
20.60000000000042,15.050779350016658,0.5733630228577774
20.610000000000422,15.051234557629916,0.5733803641001872
20.620000000000424,15.051689965768531,0.5733977129816583
20.630000000000425,15.055010901884843,0.5735242248337082
20.640000000000427,15.055505259508879,0.5735430575051
20.65000000000043,15.05600210051432,0.5735619847814979
20.66000000000043,15.044007258424408,0.5731050384161679
20.67000000000043,15.04443789218144,0.5731214435116738
20.680000000000433,15.044861397496776,0.5731375770474961
20.690000000000435,15.045284902812112,0.5731537105833185
20.700000000000436,15.037802444290548,0.5728686645444018
20.710000000000438,15.038183063683107,0.572883164330785
20.72000000000044,15.03856466170213,0.5728977013981763
20.73000000000044,15.033444269327696,0.5727026388315312
20.740000000000443,15.03379788327355,0.5727161098389923
20.750000000000444,15.034152186142292,0.5727296070911349
20.760000000000446,15.034506489011035,0.5727431043432775
20.770000000000447,15.023886791224085,0.5723385444275841
20.78000000000045,15.024176174782163,0.5723495685631299
20.79000000000045,15.024465558340237,0.5723605926986757
20.800000000000452,15.025964254225219,0.5724176858752463
20.810000000000453,15.0262859458452,0.5724299407941028
20.820000000000455,15.02660666616635,0.5724421587110989
20.830000000000457,15.03485503195915,0.5727563821698723
20.840000000000458,15.035262596636748,0.5727719084433046
20.85000000000046,15.035672078567986,0.5727875077549708
20.86000000000046,15.036081560499227,0.5728031070666372
20.870000000000463,15.03360524210359,0.5727087711277558
20.880000000000464,15.034019568127805,0.5727245549762973
20.890000000000466,15.034433894152025,0.572740338824839
20.900000000000468,15.028956246114497,0.5725316665186474
20.91000000000047,15.02934123401351,0.5725463327243241
20.92000000000047,15.029724415123079,0.5725609300999268
20.930000000000472,15.03751832800482,0.5728578410668502
20.940000000000474,15.037973878878605,0.5728751953858515
20.950000000000475,15.038428402804874,0.5728925105830428
20.960000000000477,15.038882926731143,0.572909825780234
20.97000000000048,15.04394076800725,0.5731025054478952
20.98000000000048,15.044448559551768,0.5731218498876863
20.99000000000048,15.044956351096287,0.5731411943274776
21.000000000000483,15.041968058440244,0.5730273546072473
21.010000000000485,15.042458712988424,0.5730460462090827
21.020000000000486,15.042951886649096,0.5730648337771084
21.030000000000488,15.047908653182876,0.5732536629783952
21.04000000000049,15.048448062646942,0.5732742119103597
21.05000000000049,15.04898863737462,0.5732948052333188
21.060000000000493,15.034800547801268,0.5727543065829054
21.070000000000494,15.035234947323303,0.5727708551361258
21.080000000000496,15.0356721251379,0.5727875095290628
21.090000000000497,15.036109302952498,0.5728041639219998
21.1000000000005,15.020412196389952,0.5722061789100934
21.1100000000005,15.020740416891341,0.5722186825482415
21.120000000000502,15.02106311924848,0.5722309759713706
21.130000000000503,15.011504361056021,0.5718668328021341
21.140000000000505,15.011755140595538,0.5718763863084014
21.150000000000507,15.012010313503918,0.5718861071811016
21.160000000000508,15.012265486412296,0.5718958280538017
21.17000000000051,14.99979152045573,0.5714206293506944
21.18000000000051,14.999955638260442,0.5714268814575406
21.190000000000513,15.000119756065157,0.5714331335643869
21.200000000000514,15.00478465061567,0.5716108438329779
21.210000000000516,15.004988281550036,0.5716186012019061
21.220000000000518,15.005191431210754,0.5716263402366001
21.23000000000052,15.01884791462167,0.5721465872236826
21.24000000000052,15.019161568459863,0.572158535941328
21.250000000000522,15.019475670833994,0.5721705017460569
21.260000000000524,15.019789773208128,0.5721824675507857
21.270000000000525,15.037798281986957,0.5728685059804555
21.280000000000527,15.038258960466388,0.5728860556368147
21.29000000000053,15.03871963894582,0.572903605293174
21.30000000000053,15.054713128430006,0.5735128810830478
21.31000000000053,15.055297410510358,0.5735351394480136
21.320000000000533,15.055885790130276,0.5735575539097247
21.330000000000535,15.072963398972446,0.5742081294846646
21.340000000000536,15.073703442374134,0.5742363216142526
21.350000000000538,15.07443677462621,0.5742642580809985
21.36000000000054,15.07517010687829,0.5742921945477443
21.37000000000054,15.082389931555285,0.5745672354878203
21.380000000000543,15.08318893561542,0.5745976737377302
21.390000000000544,15.083987939675554,0.5746281119876401
21.400000000000546,15.07048358262262,0.5741136602903855
21.410000000000547,15.071184726472502,0.5741403705322857
21.42000000000055,15.071882353591544,0.5741669468034873
21.43000000000055,15.061116031510425,0.5737568012003971
21.440000000000552,15.061731774820913,0.5737802580884157
21.450000000000554,15.06234742870517,0.5738037115697207
21.460000000000555,15.062963082589423,0.5738271650510256
21.470000000000557,15.052254388907523,0.5734192148155246
21.480000000000558,15.052786151887448,0.5734394724528551
21.49000000000056,15.053317914867367,0.5734597300901854
21.50000000000056,15.03604316498987,0.5728016443805665
21.510000000000563,15.036435971440806,0.5728166084358401
21.520000000000564,15.03683237063759,0.5728317093576224
21.530000000000566,15.031611842127663,0.5726328320810538
21.540000000000568,15.031962062337982,0.5726461738033516
21.55000000000057,15.032315871937096,0.5726596522642703
21.56000000000057,15.03266968153621,0.5726731307251889
21.570000000000572,15.032284262150128,0.5726584480819096
21.580000000000574,15.03262219501174,0.5726713217147329
21.590000000000575,15.032960127873348,0.5726841953475561
21.600000000000577,15.033341000474918,0.5726987047799968
21.61000000000058,15.033686506208742,0.5727118669031901
21.62000000000058,15.034031699176488,0.5727250171114852
21.63000000000058,15.041667624310916,0.5730159094975587
21.640000000000583,15.042083863957155,0.5730317662459868
21.650000000000585,15.04249944362394,0.5730475978523405
21.660000000000586,15.042915023290728,0.5730634294586944
21.670000000000588,15.063985166310855,0.5738661015737468
21.68000000000059,15.06457043404217,0.5738883974873208
21.69000000000059,15.065155701773486,0.5739106934008946
21.700000000000593,15.050440689343096,0.5733501214987846
21.710000000000594,15.050910656361484,0.573368025004247
21.720000000000596,15.051383553344067,0.573386040127393
21.730000000000597,15.055171574596907,0.5735303456989297
21.7400000000006,15.055675286121307,0.5735495347093831
21.7500000000006,15.056176541117619,0.573568630137814
21.760000000000602,15.057719978041854,0.5736274277349277
21.770000000000604,15.058221371865441,0.5736465284520168
21.780000000000605,15.0587276931713,0.5736658168827161
21.790000000000607,15.059234014477154,0.5736851053134153
21.80000000000061,15.047470463080444,0.573236970022112
21.81000000000061,15.047883074820414,0.5732526885645871
21.82000000000061,15.04829231870943,0.5732682788079783
21.830000000000613,15.031868446327085,0.572642607479127
21.840000000000614,15.032155809109959,0.5726535546327602
21.850000000000616,15.032440980243823,0.5726644182950027
21.860000000000618,15.032726151377688,0.5726752819572452
21.87000000000062,15.017598883318378,0.5720990050787953
21.88000000000062,15.017765223371152,0.5721053418427104
21.890000000000622,15.017931563423925,0.5721116786066257
21.900000000000624,15.00384637041745,0.5715750998254266
21.910000000000625,15.003906653528567,0.5715773963248978
21.920000000000627,15.00396880851027,0.5715797641337246
21.93000000000063,15.002872865057263,0.5715380139069433
21.94000000000063,15.002917885157451,0.571539728958379
21.95000000000063,15.002960285432094,0.5715413442069368
21.960000000000633,15.00300268570674,0.5715429594554948
21.970000000000635,15.00472009383172,0.5716083845269226
21.980000000000636,15.004752387970154,0.5716096147798153
21.990000000000638,15.004784682108589,0.5716108450327081
22.00000000000064,15.009036319767691,0.5717728121816263
22.01000000000064,15.009091711937957,0.5717749223595412
22.020000000000643,15.009144778787578,0.5717769439538124
22.030000000000644,15.025256606772269,0.5723907278770387
22.040000000000646,15.025415512284182,0.5723967814203498
22.050000000000647,15.025574873841512,0.5724028523368194
22.06000000000065,15.025734235398836,0.572408923253289
22.07000000000065,15.043733561180607,0.5730946118544993
22.080000000000652,15.044015869399313,0.5731053664533071
22.090000000000654,15.04429817761802,0.573116121052115
22.100000000000655,15.04798732354733,0.5732566599446601
22.110000000000657,15.048292216351236,0.5732682749086184
22.12000000000066,15.048599513026645,0.573279981448634
22.13000000000066,15.049124412900861,0.5732999776343185
22.14000000000066,15.049438100693562,0.573311927645469
22.150000000000663,15.049749788782684,0.5733238014774356
22.160000000000664,15.049961821610905,0.5733318789185107
22.170000000000666,15.05026851978915,0.5733435626586342
22.180000000000668,15.050575461107512,0.5733552556612385
22.19000000000067,15.050882402425874,0.5733669486638427
22.20000000000067,15.043187176334888,0.57307379719371
22.210000000000672,15.043430869368395,0.5730830807378435
22.220000000000674,15.04367675346386,0.5730924477510041
22.230000000000675,15.0389884410385,0.5729138453728951
22.240000000000677,15.039203421290058,0.5729220350967641
22.25000000000068,15.039412680045137,0.5729300068588623
22.26000000000068,15.039621938800215,0.5729379786209605
22.27000000000068,15.035754420664409,0.5727906445967393
22.280000000000683,15.035931709740504,0.5727973984663048
22.290000000000685,15.036108998816603,0.5728041523358706
22.300000000000686,15.025717974274956,0.572408303781903
22.310000000000688,15.025822038319564,0.5724122681264595
22.32000000000069,15.025926728062096,0.5724162563071274
22.33000000000069,15.031807123947274,0.5726402713884675
22.340000000000693,15.031947084401413,0.5726456032152919
22.350000000000694,15.032084257831213,0.5726508288697605
22.360000000000696,15.032221431261016,0.5726560545242292
22.370000000000697,15.026879174147687,0.5724525399675309
22.3800000000007,15.026971381540497,0.5724560526301141
22.3900000000007,15.027063588933304,0.5724595652926973
22.400000000000702,15.017474886900871,0.5720942814057474
22.410000000000704,15.017513794971466,0.5720957636179606
22.420000000000705,15.017554214309454,0.5720973034022648
22.430000000000707,15.028404455735835,0.5725106459327937
22.44000000000071,15.028512307409075,0.5725147545679647
22.45000000000071,15.02862285665286,0.5725189659677279
22.46000000000071,15.028733405896643,0.5725231773674911
22.470000000000713,15.032686262126658,0.5726737623667297
22.480000000000715,15.032821941640773,0.5726789311101246
22.490000000000716,15.032957621154889,0.5726840998535195
22.500000000000718,15.044554841482963,0.5731258987231604
22.51000000000072,15.044768167645591,0.5731340254341177
22.52000000000072,15.04497552346365,0.5731419247033771
22.530000000000722,15.042340065257408,0.5730415262955202
22.540000000000724,15.042525108254685,0.5730485755525594
22.550000000000725,15.042712011613531,0.5730556956805154
22.560000000000727,15.042898914972382,0.5730628158084716
22.57000000000073,15.04351061737998,0.5730861187573325
22.58000000000073,15.043690662636497,0.5730929776242475
22.59000000000073,15.043870707893012,0.5730998364911623
22.600000000000733,15.044886484111485,0.5731385327280565
22.610000000000735,15.045063593543665,0.5731452797540443
22.620000000000736,15.045241770128888,0.5731520674334813
22.630000000000738,15.03793531261707,0.5728737261949359
22.64000000000074,15.038056324525614,0.5728783361724044
22.65000000000074,15.03817995535688,0.5728830459183573
22.660000000000743,15.038303586188142,0.5728877556643102
22.670000000000744,15.045551387706926,0.5731638623888352
22.680000000000746,15.045708042666945,0.573169830196836
22.690000000000747,15.045864697626966,0.5731757980048368
22.70000000000075,15.041369606594104,0.5730045564416801
22.71000000000075,15.04149480041515,0.5730093257301009
22.720000000000752,15.04161166039113,0.5730137775387096
22.730000000000754,15.030691255915075,0.572597762130098
22.740000000000755,15.030735085973314,0.5725994318466023
22.750000000000757,15.030780500234119,0.5726011619136807
22.76000000000076,15.030825914494923,0.5726028919807589
22.77000000000076,15.02096436118736,0.5722272137595185
22.78000000000076,15.020956704647332,0.572226922081803
22.790000000000763,15.020949048107305,0.5722266304040877
22.800000000000765,15.022042936070507,0.5722683023264955
22.810000000000766,15.022041270594304,0.572268238879783
22.820000000000768,15.022039903626737,0.572268186804828
22.83000000000077,15.024464955057853,0.5723605697164896
22.84000000000077,15.024479516279776,0.5723611244297057
22.850000000000772,15.024495742818125,0.5723617425835476
22.860000000000774,15.02451196935648,0.5723623607373897
22.870000000000775,15.024151015669716,0.572348610120751
22.880000000000777,15.024172683673774,0.5723494355685247
22.89000000000078,15.02419435167783,0.5723502610162983
22.90000000000078,15.029786033120956,0.5725632774522269
22.91000000000078,15.029843103725828,0.5725654515705076
22.920000000000783,15.029897193145203,0.5725675121198172
22.930000000000785,15.03422081856247,0.5727322216595226
22.940000000000786,15.034305160741322,0.5727354346949075
22.950000000000788,15.034387824501485,0.5727385837905327
22.96000000000079,15.034470488261652,0.5727417328861582
22.97000000000079,15.03964262821664,0.5729387667892053
22.980000000000793,15.03976185443546,0.5729433087403984
22.990000000000794,15.039881080654277,0.5729478506915915
23.000000000000796,15.03939187662124,0.5729292143474758
23.010000000000797,15.039508300246434,0.5729336495331974
23.0200000000008,15.039624775553587,0.5729380866877557
23.0300000000008,15.042568374751273,0.5730502238000484
23.040000000000802,15.04270364273668,0.5730553768661591
23.050000000000804,15.042840557720645,0.5730605926750721
23.060000000000805,15.03568128985568,0.5727878586611687
23.070000000000807,15.035765027430324,0.5727910486640123
23.08000000000081,15.035851397080844,0.5727943389364131
23.09000000000081,15.035937766731363,0.5727976292088138
23.10000000000081,15.036669409649768,0.5728255013199911
23.110000000000813,15.036754468242851,0.5728287416473467
23.120000000000815,15.036838382168396,0.5728319383683198
23.130000000000816,15.033373749376752,0.5726999523572095
23.140000000000818,15.033433940458185,0.572702245350788
23.15000000000082,15.033491555469917,0.5727044402083777
23.16000000000082,15.033549170481656,0.5727066350659678
23.170000000000822,15.028231429565603,0.5725040544596419
23.180000000000824,15.028250561553401,0.5725047832972724
23.190000000000826,15.028269693541198,0.5725055121349027
23.200000000000827,15.022146469716853,0.5722722464654039
23.21000000000083,15.022135147802807,0.5722718151543926
23.22000000000083,15.02212330980543,0.5722713641830639
23.23000000000083,15.021966441071493,0.5722653882312949
23.240000000000833,15.021946294686408,0.5722646207499583
23.250000000000835,15.021927146818152,0.5722638913073581
23.260000000000836,15.021907998949892,0.5722631618647578
23.270000000000838,15.020188279918118,0.5721976487587854
23.28000000000084,15.020144914174702,0.5721959967304648
23.29000000000084,15.020101548431287,0.5721943447021441
23.300000000000843,15.024884239151204,0.5723765424438554
23.310000000000844,15.024851281424105,0.5723752869113944
23.320000000000846,15.024820777125784,0.572374124842887
23.330000000000847,15.020590843011536,0.5722129844956775
23.34000000000085,15.020524769497023,0.5722104674094103
23.35000000000085,15.0204599157988,0.5722079967923351
23.360000000000852,15.020395062100576,0.57220552617526
23.370000000000854,15.00881697772057,0.5717644562941169
23.380000000000855,15.008658597200688,0.5717584227505024
23.390000000000857,15.008500216680805,0.5717523892068878
23.40000000000086,15.018274005590326,0.5721247240224886
23.41000000000086,15.018175622343868,0.5721209760892901
23.42000000000086,15.018078507801416,0.572117276487673
23.430000000000863,15.015449698121401,0.5720171313570057
23.440000000000865,15.01534321522203,0.572013074865601
23.450000000000866,15.015237252145777,0.5720090381769819
23.460000000000868,15.01513128906952,0.5720050014883626
23.47000000000087,15.024634020763708,0.5723670103148079
23.48000000000087,15.024590317823652,0.572365345440901
23.490000000000872,15.024546614883596,0.572363680566994
23.500000000000874,15.02996574597743,0.572570123656283
23.510000000000876,15.029949126471541,0.5725694905322491
23.520000000000877,15.029933617277141,0.5725688997057958
23.53000000000088,15.036533780830458,0.572820334507827
23.54000000000088,15.036548489936965,0.5728208948547415
23.550000000000882,15.036564496335075,0.5728215046222885
23.560000000000883,15.036580502733184,0.5728221143898355
23.570000000000885,15.039156134819244,0.5729202337073998
23.580000000000886,15.039188075994703,0.5729214505140838
23.590000000000888,15.039220017170164,0.5729226673207681
23.60000000000089,15.040070815556271,0.5729550786878579
23.61000000000089,15.04010780802962,0.5729564879249379
23.620000000000893,15.04014188013631,0.5729577859099546
23.630000000000894,15.045058338497418,0.5731450795618064
23.640000000000896,15.045115965702665,0.573147274883911
23.650000000000897,15.04517379791293,0.5731494780157307
23.6600000000009,15.045231630123196,0.5731516811475502
23.6700000000009,15.042613788167255,0.573051953834943
23.680000000000902,15.042653448910656,0.5730534647204059
23.690000000000904,15.042693109654056,0.5730549756058687
23.700000000000905,15.03792775811013,0.5728734384041954
23.710000000000907,15.037938656683433,0.5728738535879403
23.72000000000091,15.037948693449428,0.5728742359409306
23.73000000000091,15.029914006091907,0.572568152613025
23.74000000000091,15.02988455021862,0.5725670304845188
23.750000000000913,15.029855940046813,0.5725659405732119
23.760000000000915,15.029016055898769,0.5725339449866197
23.770000000000916,15.028965795774534,0.5725320303152203
23.780000000000918,15.028917625515506,0.5725301952577335
23.79000000000092,15.028869455256482,0.5725283602002469
23.80000000000092,15.02607795795563,0.5724220174459287
23.810000000000922,15.026004992771574,0.5724192378198695
23.820000000000924,15.025931633150595,0.5724164431676416
23.830000000000926,15.017370107308322,0.5720902898022218
23.840000000000927,15.017239165387604,0.5720853015385753
23.85000000000093,15.017109602134132,0.572080365795586
23.86000000000093,15.01698003888066,0.5720754300525965
23.870000000000932,15.0059930266536,0.5716568772058513
23.880000000000933,15.005785612900725,0.5716489757295514
23.890000000000935,15.005578199147848,0.5716410742532513
23.900000000000936,15.013622309536636,0.5719475165537765
23.910000000000938,15.01346396230261,0.5719414842781947
23.92000000000094,15.013304790264943,0.5719354205815216
23.93000000000094,15.017619706809405,0.572099798354644
23.940000000000943,15.01748379828358,0.5720946208869935
23.950000000000944,15.017348325172607,0.5720894600065755
23.960000000000946,15.017212852061634,0.5720842991261574
23.970000000000947,15.028941036584289,0.5725310871079728
23.98000000000095,15.028867736019047,0.5725282947054874
23.99000000000095,15.028794435453806,0.572525502303002
24.000000000000952,15.025816694652665,0.5724120645581967
24.010000000000954,15.025714489429731,0.5724081710258945
24.020000000000955,15.025615482124504,0.5724043993190286
24.030000000000957,15.021741772597245,0.572256829432276
24.04000000000096,15.021616573061532,0.5722520599261536
24.05000000000096,15.021484532584958,0.5722470298127603
24.06000000000096,15.02135249210838,0.5722419996993667
24.070000000000963,15.018546506710656,0.5721351050175487
24.080000000000965,15.01837638281142,0.5721286241071016
24.090000000000966,15.018206258912183,0.5721221431966546
24.100000000000968,15.00948293723038,0.5717898261802049
24.11000000000097,15.0092364966211,0.571780437966518
24.12000000000097,15.008988918449127,0.5717710064171095
24.130000000000972,14.999487575654799,0.5714090505011351
24.140000000000974,14.99915592615647,0.5713964162345322
24.150000000000976,14.99882427356441,0.5713837818500727
24.160000000000977,14.998492620972351,0.5713711474656133
24.17000000000098,15.001006572959799,0.5714669170651352
24.18000000000098,15.000667005209385,0.5714539811508337
24.190000000000982,15.00032743745897,0.5714410452365322
24.200000000000983,14.995571525831966,0.5712598676507415
24.210000000000985,14.995171922148465,0.5712446446532748
24.220000000000987,14.994775934035179,0.5712295593918163
24.230000000000988,14.986181489499122,0.5709021519809189
24.24000000000099,14.985704764402804,0.5708839910248686
24.25000000000099,14.985227645507173,0.5708658150669399
24.260000000000993,14.984750526611538,0.5708476391090109
24.270000000000994,14.948311112273608,0.5694594709437564
24.280000000000996,14.947519799642894,0.5694293257006816
24.290000000000997,14.94672848701218,0.5693991804576068
24.300000000001,14.945081473993506,0.5693364371045144
24.310000000001,14.944248101430206,0.5693046895782935
24.320000000001002,14.943419699007771,0.5692731313907722
24.330000000001004,14.943207957501052,0.5692650650476591
24.340000000001005,14.9423606939009,0.5692327883390819
24.350000000001007,14.941512570957043,0.5692004788936016
24.36000000000101,14.94066444801319,0.5691681694481214
24.37000000000101,14.960110384808027,0.5699089670403058
24.38000000000101,14.95938703357675,0.5698814108029238
24.390000000001013,14.958663682345472,0.5698538545655417
24.400000000001015,14.970783711420971,0.5703155699588941
24.410000000001016,14.97013008655638,0.5702906699640525
24.420000000001018,14.969479701709284,0.5702658933984489
24.43000000000102,14.977907429551607,0.570586949697204
24.44000000000102,14.977305394339743,0.5705640150224663
24.450000000001022,14.976703932287217,0.5705411021823701
24.460000000001024,14.976102470234691,0.5705181893422739
24.470000000001026,14.980466559146654,0.5706844403484439
24.480000000001027,14.979874935135177,0.5706619022908639
24.49000000000103,14.979283311123705,0.570639364233284
24.50000000000103,14.979511074537081,0.5706480409347459
24.510000000001032,14.978910578386847,0.5706251648909274
24.520000000001033,14.97830559782892,0.5706021180125302
24.530000000001035,14.9797503717754,0.5706571570200152
24.540000000001037,14.97914669164213,0.5706341596816049
24.550000000001038,14.978541243028262,0.5706110949725052
24.56000000000104,14.977935794414392,0.5705880302634053
24.57000000000104,14.980638061689342,0.5706909737786415
24.580000000001043,14.980034031547754,0.5706679631065811
24.590000000001044,14.979430001406167,0.5706449524345206
24.600000000001046,14.98459291109991,0.570841634708568
24.610000000001047,14.984012007949884,0.5708195050647574
24.62000000000105,14.983433958045548,0.5707974841160208
24.63000000000105,15.000572315782316,0.5714503739345643
24.640000000001052,15.000114635461397,0.5714329384937674
24.650000000001054,14.999655101601201,0.5714154324419505
24.660000000001055,14.999195567741005,0.5713979263901334
24.670000000001057,15.007873042136683,0.5717284968433022
24.68000000000106,15.007460589233716,0.5717127843517605
24.69000000000106,15.007048136330747,0.5716970718602189
24.70000000000106,15.011217762114562,0.5718559147472213
24.710000000001063,15.010823079734593,0.5718408792279844
24.720000000001065,15.010428765301103,0.5718258577257562
24.730000000001066,15.00770494628254,0.5717220931917157
24.740000000001068,15.007282422494878,0.5717059970474239
24.75000000000107,15.00685795325106,0.5716898267905165
24.76000000000107,15.006433484007246,0.5716736565336094
24.770000000001072,15.005238239664173,0.571628123415778
24.780000000001074,15.004787459702584,0.5716109508458127
24.790000000001076,15.004336679740993,0.5715937782758473
24.800000000001077,15.008432249890458,0.5717497999958269
24.81000000000108,15.00801064028118,0.5717337386773782
24.82000000000108,15.007588171380242,0.5717176446240092
24.830000000001082,15.00855306551403,0.5717544024957726
24.840000000001083,15.008139022774083,0.5717386294390127
24.850000000001085,15.007724542955495,0.5717228397316378
24.860000000001087,15.007310063136913,0.5717070500242633
24.870000000001088,15.016551616188796,0.5720591091881445
24.88000000000109,15.016196948657045,0.5720455980440778
24.89000000000109,15.015842281125291,0.5720320869000111
24.900000000001093,15.01365080634971,0.5719486021466555
24.910000000001094,15.013270555035767,0.5719341163823148
24.920000000001096,15.012892789513108,0.571919725314785
24.930000000001098,15.009753495543809,0.5718001331635736
24.9400000000011,15.009351948081024,0.5717848361173723
24.9500000000011,15.008944719317183,0.5717693226406545
24.960000000001102,15.008537490553346,0.5717538091639369
24.970000000001104,15.019368983656262,0.5721664374726194
24.980000000001105,15.019030170367722,0.5721535302997227
24.990000000001107,15.018691357079188,0.5721406231268261
25.00000000000111,15.017384164326614,0.5720908253076805
25.01000000000111,15.017036977831781,0.5720775991554964
25.02000000000111,15.016683211054694,0.5720641223258931
25.030000000001113,15.012572816002757,0.571907535847724
25.040000000001115,15.012180986923966,0.5718926090256748
25.050000000001116,15.011792513684496,0.5718778100451236
25.060000000001118,15.011404040445028,0.5718630110645724
25.07000000000112,15.000028629451396,0.5714296620743389
25.08000000000112,14.99954591601437,0.5714112729910236
25.090000000001123,14.99906320257734,0.5713928839077081
25.100000000001124,15.004844369247875,0.5716131188284904
25.110000000001126,15.00439442099017,0.5715959779424826
25.120000000001127,15.003946639007038,0.5715789195812204
25.13000000000113,15.00016497321595,0.5714348561225123
25.14000000000113,14.99967833450263,0.571416317504862
25.150000000001132,14.99919536651761,0.5713979187244803
25.160000000001133,14.99871239853259,0.5713795199440986
25.170000000001135,14.994094640303851,0.5712036053449085
25.180000000001137,14.993566158183397,0.5711834726927008
25.190000000001138,14.993037676062945,0.5711633400404931
25.20000000000114,14.983575849430265,0.5708028895021052
25.21000000000114,14.9829765826898,0.5707800602929447
25.220000000001143,14.982373256610968,0.5707570764423225
25.230000000001144,14.993320355121922,0.5711741087665494
25.240000000001146,14.992802050341641,0.5711543638225387
25.250000000001148,14.992284860718891,0.5711346613607197
25.26000000000115,14.99176767109614,0.5711149588989005
25.27000000000115,15.015667802512759,0.5720254400957241
25.280000000001152,15.01532652724962,0.5720124391333188
25.290000000001154,15.014985251986479,0.5719994381709135
25.300000000001155,15.034507206345328,0.5727431316702981
25.310000000001157,15.03430727038941,0.5727355150624537
25.32000000000116,15.034108468565115,0.5727279416596234
25.33000000000116,15.047738176033217,0.5732471686107892
25.34000000000116,15.047630610169767,0.5732430708636101
25.350000000001163,15.047525856927605,0.5732390802639087
25.360000000001165,15.04742110368544,0.5732350896642072
25.370000000001166,15.04529554486229,0.5731541159947539
25.380000000001168,15.04518245330432,0.5731498077449264
25.39000000000117,15.045069361746352,0.5731454994950991
25.40000000000117,15.032567033290428,0.5726692203158258
25.410000000001173,15.03237847674185,0.5726620372092133
25.420000000001174,15.032184638427385,0.5726546528924717
25.430000000001176,15.025885417649498,0.5724146825771237
25.440000000001177,15.025653967807377,0.572405865440281
25.45000000000118,15.025419413054053,0.5723969300211067
25.46000000000118,15.025184858300728,0.5723879946019325
25.470000000001182,15.007467234574579,0.5717130375076029
25.480000000001183,15.007105784189596,0.5716992679691274
25.490000000001185,15.006744333804614,0.5716854984306519
25.500000000001187,15.005683846541572,0.5716450989158693
25.510000000001188,15.0053131983739,0.5716309789856723
25.52000000000119,15.004943261414498,0.5716168861491236
25.53000000000119,15.008101958040223,0.5717372174491513
25.540000000001193,15.007755534794185,0.5717240203731118
25.550000000001194,15.007411770114523,0.5717109245757913
25.560000000001196,15.007068005434867,0.5716978287784711
25.570000000001198,15.004370727625204,0.5715950753381029
25.5800000000012,15.004013015537334,0.571581448210946
25.5900000000012,15.003655303449467,0.5715678210837891
25.600000000001202,15.005250096629705,0.571628575109703
25.610000000001204,15.004908109358148,0.5716155470231675
25.620000000001205,15.004567444402943,0.5716025693105883
25.630000000001207,15.003835449851355,0.5715746838038611
25.64000000000121,15.003500446828463,0.5715619217839414
25.65000000000121,15.00316153449416,0.5715490108378727
25.66000000000121,15.002822622159858,0.5715360998918041
25.670000000001213,14.997354563300714,0.5713277928876462
25.680000000001215,14.996979288301628,0.5713134966972048
25.690000000001216,14.996604013302541,0.5712992005067634
25.700000000001218,15.00334105034238,0.5715558495368526
25.71000000000122,15.003014861728435,0.5715434233039404
25.72000000000122,15.002688893085375,0.5715310054508714
25.730000000001223,15.021760391447318,0.5722575387218025
25.740000000001224,15.02156707974198,0.5722501744663611
25.750000000001226,15.021375762495683,0.5722428861903117
25.760000000001227,15.021184445249384,0.5722355979142622
25.77000000000123,15.037424760848905,0.5728542766037678
25.78000000000123,15.037337187709293,0.5728509404841635
25.790000000001232,15.03724961456968,0.5728476043645592
25.800000000001234,15.043221692739296,0.5730751121043541
25.810000000001235,15.043165543897704,0.5730729731008648
25.820000000001237,15.043113123089705,0.573070976117703
25.830000000001238,15.040170134917194,0.5729588622825597
25.84000000000124,15.040103693322852,0.5729563311742039
25.85000000000124,15.0400349817834,0.5729537135917485
25.860000000001243,15.039966270243944,0.5729510960092931
25.870000000001244,15.037836347348794,0.5728699560894778
25.880000000001246,15.037752037583914,0.5728667442889109
25.890000000001248,15.037667727819034,0.5728635324883441
25.90000000000125,15.033131020474208,0.5726907055418745
25.91000000000125,15.0330140447226,0.5726862493227657
25.920000000001252,15.032896688148867,0.5726817785961472
25.930000000001254,15.033095560989251,0.5726893547043523
25.940000000001255,15.0329726410362,0.5726846720394742
25.950000000001257,15.032851487114652,0.5726800566519866
25.96000000000126,15.032730333193106,0.5726754412644992
25.97000000000126,15.041223846618749,0.5729990036807142
25.98000000000126,15.041147124348619,0.5729960809275664
25.990000000001263,15.04107040207849,0.5729931581744186
26.000000000001265,15.048534626321455,0.5732775095741506
26.010000000001266,15.048497694167013,0.5732761026349338
26.020000000001268,15.04846376937936,0.5732748102620708
26.03000000000127,15.052570493799415,0.5734312569066443
26.04000000000127,15.052558992251175,0.5734308187524256
26.050000000001273,15.052548705555502,0.5734304268783048
26.060000000001274,15.052538418859823,0.5734300350041837
26.070000000001276,15.060205055972176,0.5737220973703686
26.080000000001277,15.060227618776926,0.5737229569057876
26.09000000000128,15.060250181581676,0.5737238164412066
26.10000000000128,15.06846198163522,0.5740366469194369
26.110000000001282,15.068527882681307,0.5740391574354783
26.120000000001284,15.06859554504176,0.5740417350492099
26.130000000001285,15.066038450324285,0.5739443219171155
26.140000000001287,15.066089929108069,0.5739462830136407
26.150000000001288,15.066142786365834,0.5739482966234603
26.16000000000129,15.0661956436236,0.5739503102332799
26.17000000000129,15.057589714713972,0.573622465322437
26.180000000001293,15.05759706120764,0.5736227451888624
26.190000000001294,15.057604407701309,0.573623025055288
26.200000000001296,15.05761577694885,0.5736234581694799
26.210000000001298,15.057619486030667,0.5736235994678349
26.2200000000013,15.05762289573545,0.5736237293613504
26.2300000000013,15.057117050741581,0.5736044590758698
26.240000000001302,15.05711630620326,0.5736044307125051
26.250000000001304,15.057116294206676,0.5736044302554923
26.260000000001305,15.061678437040953,0.5737782261729887
26.270000000001307,15.061909551400444,0.5737870305295406
26.28000000000131,15.061924012073996,0.5737875814123427
26.29000000000131,15.061938472747551,0.5737881322951447
26.30000000000131,15.058814130362805,0.5736691097281068
26.310000000001313,15.058813880880331,0.5736691002240125
26.320000000001315,15.058813543287132,0.5736690873633192
26.330000000001316,15.051927355646349,0.5734067564055751
26.340000000001318,15.05189425024045,0.5734054952472551
26.35000000000132,15.051859972151302,0.5734041894152876
26.36000000000132,15.051825694062156,0.5734028835833201
26.370000000001323,15.044097490432796,0.5731084758260112
26.380000000001324,15.044011760067871,0.5731052099073474
26.390000000001326,15.04392602970295,0.5731019439886837
26.400000000001327,15.040714725913102,0.5729796086062133
26.41000000000133,15.040598614578942,0.572975185317293
26.42000000000133,15.040482209791701,0.5729707508492076
26.430000000001332,15.028910868315476,0.5725299378405895
26.440000000001334,15.028708173644473,0.572522216138837
26.450000000001335,15.02850645003565,0.5725145314299295
26.460000000001337,15.028304726426825,0.5725068467210218
26.47000000000134,15.007333310016948,0.5717079356196932
26.48000000000134,15.00696578604299,0.5716939347063995
26.49000000000134,15.00659826206903,0.5716799337931059
26.500000000001343,14.996620001105986,0.5712998095659423
26.510000000001344,14.996160819957172,0.5712823169507494
26.520000000001346,14.995704250597274,0.5712649238322771
26.530000000001348,14.997097071965129,0.5713179836939096
26.54000000000135,14.996641969968621,0.571300646474995
26.55000000000135,14.996183099036523,0.5712831656775818
26.560000000001352,14.995724228104422,0.5712656848801684
26.570000000001354,15.007309199678192,0.5717070171305977
26.580000000001355,15.006920475851043,0.5716922086038492
26.590000000001357,15.006531752023896,0.5716774000771008
26.60000000000136,15.017137477884123,0.5720814277289189
26.61000000000136,15.016816147704201,0.5720691865792076
26.62000000000136,15.016493825630404,0.5720569076430629
26.630000000001363,15.025463261502894,0.5723986004382055
26.640000000001365,15.025197794069218,0.572388487393113
26.650000000001366,15.024932826129218,0.5723783933763511
26.660000000001368,15.02466785818922,0.5723682993595893
26.67000000000137,15.033218098147069,0.5726940227865549
26.68000000000137,15.033003219460642,0.572685836931834
26.690000000001373,15.032788340774212,0.5726776510771128
26.700000000001374,15.037008786579984,0.5728384299649517
26.710000000001376,15.036812791242903,0.5728309634759201
26.720000000001377,15.036620217931581,0.5728236273497744
26.73000000000138,15.038512981199954,0.5728957326171411
26.74000000000138,15.038331952820014,0.5728888362979052
26.750000000001382,15.038145375005131,0.572881728571624
26.760000000001384,15.041472952873404,0.5730084934427963
26.770000000001385,15.041293782772135,0.5730016679151289
26.780000000001387,15.041115339179381,0.5729948700639763
26.79000000000139,15.040936895586627,0.5729880722128239
26.80000000000139,15.040753565432631,0.5729810882069574
26.81000000000139,15.040564638804007,0.5729738910020573
26.820000000001393,15.0403747132529,0.5729666557429676
26.830000000001395,15.04175238592544,0.5730191385114453
26.840000000001396,15.041563350428392,0.5730119371591768
26.850000000001398,15.041374343369537,0.573004736890268
26.8600000000014,15.041185336310681,0.5729975366213592
26.8700000000014,15.045301129971332,0.5731543287608126
26.880000000001402,15.045127063312414,0.5731476976499966
26.890000000001404,15.044952996653494,0.5731410665391807
26.900000000001405,15.04397101941388,0.5731036578824334
26.910000000001407,15.043775590209291,0.573096212960354
26.92000000000141,15.043583303802702,0.5730888877639124
26.93000000000141,15.035380784876638,0.5727764108524434
26.94000000000141,15.035123414842392,0.5727666062797101
26.950000000001413,15.034867309946268,0.5727568499027149
26.960000000001415,15.034611205050142,0.5727470935257196
26.970000000001416,15.040903716151147,0.5729868082343293
26.980000000001418,15.04068022199053,0.5729782941710677
26.99000000000142,15.040456727829913,0.5729697801078062
27.00000000000142,15.027307596267917,0.5724688608102063
27.010000000001423,15.026973046879506,0.5724561160716002
27.020000000001424,15.026643115822203,0.5724435472694173
27.030000000001426,15.031538670486276,0.5726300445899533
27.040000000001427,15.031233398450338,0.5726184151790604
27.05000000000143,15.030927445282341,0.5726067598202796
27.06000000000143,15.021962077069977,0.5722652219836182
27.070000000001432,15.021833346314017,0.5722603179548196
27.080000000001434,15.021449183312745,0.5722456831738189
27.090000000001435,15.021065020311474,0.572231048392818
27.100000000001437,15.021467943350125,0.5722463978419094
27.11000000000144,15.021069535478182,0.5722312203991687
27.12000000000144,15.020673532366688,0.57221613456635
27.13000000000144,15.021908254406895,0.5722631715964531
27.140000000001443,15.021514265709385,0.5722481625032146
27.150000000001445,15.021119619360203,0.5722331283565791
27.160000000001446,15.02072497301102,0.5722180942099436
27.170000000001448,15.032351414175757,0.5726610062543145
27.18000000000145,15.0320280656807,0.5726486882164076
27.19000000000145,15.031704717185642,0.5726363701785006
27.200000000001452,15.021811094737677,0.572259470275721
27.210000000001454,15.021399605378507,0.5722437944906097
27.220000000001455,15.020979470043809,0.5722277893350022
27.230000000001457,15.015260813467387,0.5720099357511386
27.24000000000146,15.014769417171667,0.571991215892254
27.25000000000146,15.014281418259781,0.5719726254575154
27.26000000000146,15.01379341934789,0.5719540350227766
27.270000000001463,15.001337282429317,0.5714795155211168
27.280000000001465,15.00072299791336,0.5714561142062232
27.290000000001466,15.000108713397404,0.5714327128913297
27.300000000001468,14.99322160063813,0.5711703466909763
27.31000000000147,14.9925332961692,0.5711441255683504
27.32000000000147,14.991842829023891,0.571117822058053
27.330000000001473,14.992975214311965,0.5711609605452177
27.340000000001474,14.992270339502152,0.5711341081715106
27.350000000001476,14.991567654274993,0.5711073392104759
27.360000000001477,14.990864969047834,0.5710805702494413
27.37000000000148,15.011905552106331,0.5718821162707173
27.38000000000148,15.011339468413711,0.5718605511776651
27.390000000001482,15.010773384721093,0.571838986084613
27.400000000001484,15.025843165241328,0.5724130729615744
27.410000000001485,15.02537379581058,0.5723951922213554
27.420000000001487,15.024907101397766,0.5723774133865815
27.43000000000149,15.043584332472953,0.5730889269513505
27.44000000000149,15.043248089330321,0.5730761176887741
27.45000000000149,15.042909510150272,0.5730632194342961
27.460000000001493,15.042570930970223,0.573050321179818
27.470000000001495,15.05183662693462,0.5734033000736998
27.480000000001496,15.051554682073247,0.573392559317076
27.490000000001498,15.051272737211876,0.5733818185604523
27.5000000000015,15.04099732219162,0.5729903741787283
27.5100000000015,15.040636956416552,0.5729766459587258
27.520000000001502,15.040272631011646,0.5729627668956817
27.530000000001504,15.04190569449187,0.5730249788377855
27.540000000001505,15.041542406626647,0.5730111393000626
27.550000000001507,15.041180893269756,0.5729973673626573
27.56000000000151,15.04081937991287,0.5729835954252521
27.57000000000151,15.051622259053252,0.573395133678219
27.58000000000151,15.051326234369725,0.5733838565474181
27.590000000001513,15.0510302096862,0.5733725794166171
27.600000000001515,15.053989330296671,0.5734853078208255
27.610000000001516,15.053692127543533,0.5734739858111821
27.620000000001518,15.053397469272682,0.5734627607341973
27.63000000000152,15.045732128109718,0.573170747737513
27.64000000000152,15.045357774299575,0.5731564866399838
27.650000000001523,15.044980705582239,0.5731421221174186
27.660000000001524,15.044603636864899,0.5731277575948532
27.670000000001526,15.035009021624418,0.572762248442835
27.680000000001527,15.034541600208819,0.5727444419127169
27.69000000000153,15.034074178793222,0.5727266353825989
27.70000000000153,15.022072723658123,0.5722694370917379
27.710000000001532,15.021497286301388,0.5722475156686243
27.720000000001534,15.020919504889228,0.572225504948161
27.730000000001535,15.020273072789315,0.5722008789634024
27.740000000001537,15.019676227751335,0.5721781420095746
27.75000000000154,15.019077086203508,0.5721553175696574
27.76000000000154,15.01847794465568,0.5721324931297401
27.77000000000154,15.022674642612586,0.5722923673376222
27.780000000001543,15.022090981882933,0.5722701326431593
27.790000000001545,15.021507321153283,0.5722478979486965
27.800000000001546,15.021006703070242,0.5722288267836282
27.810000000001548,15.020396363584952,0.5722055757556171
27.82000000000155,15.019788380740064,0.5721824145043833
27.83000000000155,15.006359129207661,0.5716708239698156
27.840000000001552,15.005618211100002,0.5716425985180953
27.850000000001554,15.004881574255158,0.5716145361621012
27.860000000001556,15.004144937410317,0.5715864738061073
27.870000000001557,14.979919329546124,0.570663593506519
27.88000000000156,14.97896119288187,0.5706270930621664
27.89000000000156,14.978003056217615,0.5705905926178139
27.90000000000156,14.993717105763547,0.5711892230767065
27.910000000001563,14.992869466191156,0.5711569320453773
27.920000000001565,14.992022910364941,0.5711246822996168
27.930000000001566,14.995003401115055,0.571238224804383
27.940000000001568,14.994172603898377,0.5712065753866048
27.95000000000157,14.993339767149747,0.5711748482723713
27.96000000000157,15.006208298645921,0.5716650780436541
27.970000000001573,15.005471433774991,0.571637007000952
27.980000000001574,15.00473453664938,0.5716089347295001
27.990000000001576,15.003997639523769,0.5715808624580483
28.000000000001577,15.018064156635209,0.5721167297765793
28.01000000000158,15.017438768478323,0.5720929054658408
28.02000000000158,15.016814882021164,0.5720691383627109
28.030000000001582,15.027274236424667,0.5724675899590349
28.040000000001584,15.026729313514403,0.5724468309910249
28.050000000001585,15.026188258879518,0.5724262193858863
28.060000000001587,15.025647204244633,0.5724056077807479
28.07000000000159,15.04771822540101,0.5732464085867051
28.08000000000159,15.047353288089015,0.5732325062129148
28.09000000000159,15.046988350777022,0.5732186038391246
28.100000000001593,15.05574407415923,0.5735521552060658
28.110000000001595,15.05545786862607,0.5735412521381359
28.120000000001596,15.05516771690292,0.5735301987391588
28.130000000001598,15.062625250936998,0.5738142952737904
28.1400000000016,15.062396603088366,0.5738055848795568
28.1500000000016,15.062168707456815,0.5737969031412119
28.160000000001602,15.061940811825265,0.5737882214028672
28.170000000001604,15.06919568143163,0.5740645973878715
28.180000000001606,15.069029954489288,0.5740582839805443
28.190000000001607,15.068864227546946,0.574051970573217
28.20000000000161,15.075183417220272,0.5742927016083913
28.21000000000161,15.075065128101743,0.5742881953562569
28.220000000001612,15.074947629275545,0.5742837192104969
28.230000000001613,15.067358264871652,0.5739946005665391
28.240000000001615,15.067193444860775,0.5739883217089818
28.250000000001616,15.067031264658269,0.5739821434155531
28.260000000001618,15.066869084455762,0.5739759651221242
28.27000000000162,15.053909202265492,0.5734822553243997
28.28000000000162,15.053661982382192,0.5734728374240834
28.290000000001623,15.053414762498893,0.5734634195237673
28.300000000001624,15.060201098092568,0.5737219465940026
28.310000000001626,15.059997959567543,0.5737142079835253
28.320000000001627,15.05979966764092,0.5737066540053684
28.33000000000163,15.0597183827008,0.5737035574362209
28.34000000000163,15.059519917403643,0.5736959968534721
28.350000000001632,15.059318952555573,0.5736883410497361
28.360000000001634,15.059117987707504,0.5736806852460001
28.370000000001635,15.04002462281438,0.5729533189643573
28.380000000001637,15.039687186453733,0.5729404642458564
28.39000000000164,15.039349750093091,0.5729276095273558
28.40000000000164,15.043604315526318,0.5730896882105263
28.41000000000164,15.04329491550511,0.5730779015430517
28.420000000001643,15.042985981440031,0.5730661326262868
28.430000000001645,15.031494798145552,0.5726283732626877
28.440000000001646,15.0310972805236,0.5726132297342323
28.450000000001648,15.03070263978334,0.57259819580127
28.46000000000165,15.030307999043082,0.5725831618683078
28.47000000000165,15.027532507976597,0.5724774288752988
28.480000000001652,15.027113527978862,0.572461467732528
28.490000000001654,15.026694547981128,0.5724455065897572
28.500000000001656,15.027730846857175,0.572484984642178
28.510000000001657,15.027312484035466,0.5724690470108749
28.52000000000166,15.026895955934254,0.5724531792736858
28.53000000000166,15.022224390393262,0.5722752148721242
28.540000000001662,15.0217696178243,0.5722578902028304
28.550000000001663,15.02131421795002,0.5722405416361912
28.560000000001665,15.020858818075743,0.572223193069552
28.570000000001667,15.022540687751013,0.5722872642952767
28.580000000001668,15.022092832009848,0.5722702031241846
28.59000000000167,15.021644976268684,0.5722531419530926
28.60000000000167,15.013824361667217,0.5719552137777987
28.610000000001673,15.013289155471972,0.5719348249703607
28.620000000001674,15.01275410469092,0.5719144420834635
28.630000000001676,15.01342870884862,0.5719401412894712
28.640000000001677,15.0128609256253,0.5719185114523924
28.65000000000168,15.012295345213268,0.5718969655319339
28.66000000000168,15.01172976480123,0.5718754196114754
28.670000000001682,15.00302212186352,0.571543699880515
28.680000000001684,15.002350089792294,0.571518098658754
28.690000000001685,15.001678057721065,0.5714924974369929
28.700000000001687,15.002134563957869,0.5715098881507759
28.71000000000169,15.001444510859042,0.5714836004136777
28.72000000000169,15.000755109148987,0.5714573374913899
28.73000000000169,14.998247849623962,0.5713618228428176
28.740000000001693,14.997519462496369,0.5713340747617663
28.750000000001695,14.996793644551147,0.5713064245543293
28.760000000001696,14.996067826605925,0.5712787743468923
28.770000000001698,14.994107812660744,0.5712041071489806
28.7800000000017,14.99334695364025,0.571175122043438
28.7900000000017,14.992586094619753,0.5711461369378953
28.800000000001702,14.980706249231352,0.5706935713992896
28.810000000001704,14.979816423778157,0.5706596732867869
28.820000000001706,14.978931297043355,0.5706259541730802
28.830000000001707,14.95976376149329,0.5698957623426015
28.84000000000171,14.958689202820787,0.5698548267741251
28.85000000000171,14.9576093612712,0.5698136899531885
28.860000000001712,14.956529519721611,0.5697725531322518
28.870000000001713,14.944534290972165,0.5693155920370347
28.880000000001715,14.94331017828357,0.5692689591727074
28.890000000001717,14.94208606559498,0.5692223263083801
28.900000000001718,14.939793556553742,0.5691349926306187
28.91000000000172,14.938527117616413,0.5690867473377681
28.92000000000172,14.937261156843222,0.5690385202606941
28.930000000001723,14.95077096127173,0.5695531794770182
28.940000000001724,14.949594134294427,0.569508347973121
28.950000000001726,14.948419791505708,0.5694636111049793
28.960000000001727,14.947245448716995,0.5694188742368378
28.97000000000173,14.974773216961003,0.5704675511223238
28.98000000000173,14.973800765512719,0.5704305053528654
28.990000000001732,14.972828314064435,0.570393459583407
29.000000000001734,14.997080222198417,0.5713173417980348
29.010000000001735,14.996296152225037,0.5712874724657157
29.020000000001737,14.995510931126693,0.5712575592810168
29.03000000000174,15.010633820198207,0.571833669340884
29.04000000000174,15.009967860386054,0.5718082994432782
29.05000000000174,15.009294360579634,0.5717826423077955
29.060000000001743,15.008620860773211,0.5717569851723128
29.070000000001745,15.02209141945482,0.5722701493125646
29.080000000001746,15.021519500234447,0.5722483619136932
29.090000000001748,15.020947581014076,0.5722265745148218
29.10000000000175,15.036104755629346,0.5728039906906417
29.11000000000175,15.03565376059832,0.572786809927555
29.120000000001752,15.035202397701271,0.5727696151505246
29.130000000001754,15.037520843921174,0.5728579369112827
29.140000000001756,15.037092993794055,0.572841637858821
29.150000000001757,15.036666360759488,0.5728253851717899
29.16000000000176,15.036239727724924,0.572809132484759
29.17000000000176,15.036163692011794,0.5728062358861635
29.180000000001762,15.035750915672846,0.5727905110732512
29.190000000001763,15.0353381393339,0.572774786260339
29.200000000001765,15.032314145063474,0.5726595864786085
29.210000000001767,15.031866093091956,0.5726425178320744
29.220000000001768,15.03142291083457,0.5726256346984597
29.23000000000177,15.016607036357463,0.5720612204326652
29.24000000000177,15.0160392894347,0.5720395919784647
29.250000000001773,15.01546365879757,0.5720176631922883
29.260000000001774,15.014888028160442,0.5719957344061121
29.270000000001776,14.988750488349444,0.5710000186037882
29.280000000001777,14.987945612775233,0.5709693566771517
29.29000000000178,14.98714073720102,0.5709386947505151
29.30000000000178,14.982028301260467,0.570743935286113
29.310000000001782,14.981172134506714,0.5707113194097795
29.320000000001784,14.98031505789703,0.5706786688722678
29.330000000001785,14.981236561565769,0.570713773773934
29.340000000001787,14.980375579853918,0.5706809744706254
29.35000000000179,14.979515288294163,0.5706482014588252
29.36000000000179,14.978654996734411,0.5706154284470252
29.37000000000179,15.001371952836074,0.5714808362985171
29.380000000001793,15.000682476068025,0.5714545705168771
29.390000000001795,14.999992999299977,0.5714283047352372
29.400000000001796,15.022674166884542,0.5722923492146492
29.410000000001798,15.022152424838591,0.5722724733271843
29.4200000000018,15.02163510056941,0.5722527657359775
29.4300000000018,15.027301970375916,0.572468646490511
29.440000000001803,15.02682902048034,0.5724506293516319
29.450000000001804,15.02635429938148,0.572432544738342
29.460000000001806,15.025879578282618,0.572414460125052
29.470000000001807,15.044373974611998,0.5731190085566475
29.48000000000181,15.04403896426373,0.5731062462576659
29.49000000000181,15.043703953915466,0.5730934839586844
29.500000000001812,15.060150020451292,0.5737200007790968
29.510000000001813,15.059939575585188,0.5737119838318167
29.520000000001815,15.059727961799208,0.5737039223542555
29.530000000001817,15.058685909881639,0.5736642251383481
29.540000000001818,15.05847289632978,0.5736561103363725
29.55000000000182,15.058259940606925,0.5736479977374066
29.56000000000182,15.055048606203574,0.5735256611887075
29.570000000001823,15.05482142711527,0.5735170067472484
29.580000000001824,15.054596010077969,0.5735084194315416
29.590000000001826,15.054370593040675,0.5734998321158352
29.600000000001828,15.04901501480043,0.5732958100876354
29.61000000000183,15.048742758530562,0.5732854384202118
29.62000000000183,15.048469837367973,0.5732750414235418
29.630000000001832,15.033854691293676,0.5727182739540447
29.640000000001834,15.033453853324248,0.5727030039361618
29.650000000001835,15.033057160775472,0.5726878918390655
29.660000000001837,15.01540093954035,0.5720152738872514
29.67000000000184,15.014871945081014,0.5719951217173719
29.68000000000184,15.014332192550171,0.5719745597161969
29.69000000000184,15.013792440019325,0.5719539977150219
29.700000000001843,15.002097945131789,0.5715084931478777
29.710000000001845,15.001465241765974,0.5714843901625133
29.720000000001846,15.000837969560578,0.5714604940784982
29.730000000001848,14.997990403943065,0.5713520153883072
29.74000000000185,14.997340332320917,0.5713272507550825
29.75000000000185,14.996689943144728,0.571302474024561
29.760000000001853,14.996039553968547,0.5712776972940399
29.770000000001854,14.988191863724097,0.5709787376656799
29.780000000001856,14.987483539135559,0.5709517538718307
29.790000000001857,14.986775214547022,0.5709247700779817
29.80000000000186,14.996083233012556,0.5712793612576211
29.81000000000186,14.995458341785733,0.5712555558775517
29.820000000001862,14.994832370720177,0.5712317093607686
29.830000000001863,14.99736393261455,0.5713281498138876
29.840000000001865,14.996757082289768,0.5713050317062769
29.850000000001867,14.996152789687628,0.5712820110357191
29.860000000001868,14.995548497085485,0.5712589903651613
29.87000000000187,15.005799884348216,0.5716495194037415
29.88000000000187,15.005281236543494,0.5716297613921331
29.890000000001873,15.004762588738773,0.5716100033805246
29.900000000001874,15.007157476527114,0.5717012372010328
29.910000000001876,15.006677742240123,0.5716829616091476
29.920000000001878,15.006187605197127,0.5716642897217953
29.93000000000188,15.006925732202774,0.57169240884582
29.94000000000188,15.006444032960921,0.5716740583985113
29.950000000001882,15.005968317800578,0.5716559359162124
29.960000000001884,15.005492602640235,0.5716378134339136
29.970000000001885,15.019386004124037,0.5721670858713919
29.980000000001887,15.019030948355114,0.5721535599373376
29.99000000000189,15.01867589258619,0.5721400340032834
30.00000000000189,15.024902951597548,0.5723772552989541
