time,ref_x,ref_y,ref_z,ref_vx,ref_vy,ref_vz,ref_phi,ref_theta,ref_psi
0.01,3.988499837886131,1.256717083986599,1.9989986916150106,0.4405952161089166,0.2265333505350343,0.0,-0.38858020155810136,0.4126280580560702,0.0
0.02,3.988499837886131,1.256717083986599,1.9989986916150106,0.4405952161089166,0.2265333505350343,0.0,-0.38883683294530696,0.41290318148841604,0.0
0.03,3.988499837886131,1.256717083986599,1.9989986916150106,0.4405952161089166,0.2265333505350343,0.0,-0.3890934899769301,0.41317842822593204,0.0
0.04,4.002976715607116,1.2643169512036356,1.9989987657424995,0.43688637627975163,0.23383568844415248,0.0,-0.3933435741663072,0.4176185845959026,0.0
0.05,4.002976715607116,1.2643169512036356,1.9989987657424995,0.43688637627975163,0.23383568844415248,0.0,-0.3936023118801758,0.41789958341075073,0.0
0.060000000000000005,4.002976715607116,1.2643169512036356,1.9989987657424995,0.43688637627975163,0.23383568844415248,0.0,-0.39386107604810927,0.4181807110979902,0.0
0.07,4.017329137955247,1.2721567257339421,1.9989986460117966,0.4330515286345347,0.24107421079471453,0.0,-0.39806155210532973,0.4219423395287661,0.0
0.08,4.017329137955247,1.2721567257339421,1.9989986460117966,0.4330515286345347,0.24107421079471453,0.0,-0.3992887590096142,0.4239350017289013,0.0
0.09,4.017329137955247,1.2721567257339421,1.9989986460117966,0.4330515286345347,0.24107421079471453,0.0,-0.39955042600766166,0.4242235985210798,0.0
0.09999999999999999,4.017329137955247,1.2721567257339421,1.9989986460117966,0.4330515286345347,0.24107421079471453,0.0,-0.39981212056585147,0.42451233168901453,0.0
0.10999999999999999,4.031979142601676,1.280480900777052,1.998998359658499,0.42862467950925925,0.2482529927893572,0.0,-0.406921073477865,0.43375132353416895,0.0
0.11999999999999998,4.031979142601676,1.280480900777052,1.998998359658499,0.42862467950925925,0.2482529927893572,0.0,-0.4071883386160041,0.4340523552858349,0.0
0.12999999999999998,4.031979142601676,1.280480900777052,1.998998359658499,0.42862467950925925,0.2482529927893572,0.0,-0.40745563320242995,0.43435353622333583,0.0
0.13999999999999999,4.046056458168107,1.2887931615704713,1.998998454270699,0.42467916262148586,0.2553315852762124,0.0,-0.4041971217599027,0.42829973108311536,0.0
0.15,4.046056458168107,1.2887931615704713,1.998998454270699,0.42467916262148586,0.2553315852762124,0.0,-0.40446691781897476,0.4286033280298077,0.0
0.16,4.046056458168107,1.2887931615704713,1.998998454270699,0.42467916262148586,0.2553315852762124,0.0,-0.4047367437966418,0.42890707521904625,0.0
0.17,4.059998215154913,1.2973367698605145,1.9989981891946929,0.4202207232528915,0.26213770204991377,0.0,-0.40909364570122914,0.43252954512372144,0.0
0.18000000000000002,4.059998215154913,1.2973367698605145,1.9989981891946929,0.4202207232528915,0.26213770204991377,0.0,-0.3906842067526802,0.4051545672973136,0.0
0.19000000000000003,4.059998215154913,1.2973367698605145,1.9989981891946929,0.4202207232528915,0.26213770204991377,0.0,-0.3909506201677527,0.40544593345751995,0.0
0.20000000000000004,4.059998215154913,1.2973367698605145,1.9989981891946929,0.4202207232528915,0.26213770204991377,0.0,-0.3912170617840447,0.40573743456881256,0.0
0.21000000000000005,4.074191433203646,1.306368116182126,1.9989988678319923,0.4158101834453222,0.2694981872764789,0.0,-0.3782408807641769,0.3847099843171153,0.0
0.22000000000000006,4.074191433203646,1.306368116182126,1.9989988678319923,0.4158101834453222,0.2694981872764789,0.0,-0.3785071355970217,0.3849949166933039,0.0
0.23000000000000007,4.074191433203646,1.306368116182126,1.9989988678319923,0.4158101834453222,0.2694981872764789,0.0,-0.37877341771968037,0.38527997464238783,0.0
0.24000000000000007,4.087835651277271,1.3153771462125117,1.9989986949786938,0.4112848626391509,0.2763286474362904,0.0,-0.35732805147497954,0.35145623463358516,0.0
0.25000000000000006,4.087835651277271,1.3153771462125117,1.9989986949786938,0.4112848626391509,0.2763286474362904,0.0,-0.3575947026012366,0.351731251319565,0.0
0.26000000000000006,4.087835651277271,1.3153771462125117,1.9989986949786938,0.4112848626391509,0.2763286474362904,0.0,-0.35786137958585584,0.3520063795966116,0.0
0.2700000000000001,4.101331014765747,1.3246121124414632,1.998998623055445,0.406725588505077,0.28314279735933473,0.0,-0.36227876225443945,0.3550093006356043,0.0
0.2800000000000001,4.101331014765747,1.3246121124414632,1.998998623055445,0.406725588505077,0.28314279735933473,0.0,-0.3415403228916084,0.326225461278167,0.0
0.2900000000000001,4.101331014765747,1.3246121124414632,1.998998623055445,0.406725588505077,0.28314279735933473,0.0,-0.34180917808685046,0.3264962602797947,0.0
0.3000000000000001,4.101331014765747,1.3246121124414632,1.998998623055445,0.406725588505077,0.28314279735933473,0.0,-0.34207805840732625,0.3267671629181097,0.0
0.3100000000000001,4.115069325760182,1.3343555872791006,1.9989987593422573,0.4013384593928219,0.2896203087694007,0.0,-0.32728181236406345,0.30397855834690324,0.0
0.3200000000000001,4.115069325760182,1.3343555872791006,1.9989987593422573,0.4013384593928219,0.2896203087694007,0.0,-0.3275546000257862,0.30424900369751834,0.0
0.3300000000000001,4.115069325760182,1.3343555872791006,1.9989987593422573,0.4013384593928219,0.2896203087694007,0.0,-0.32782741247397185,0.3045195477390759,0.0
0.34000000000000014,4.128246240429121,1.3440346422720766,1.9989986225347776,0.3970460473198035,0.2965480514535145,0.0,-0.29985340394472215,0.266385006019766,0.0
0.35000000000000014,4.128246240429121,1.3440346422720766,1.9989986225347776,0.3970460473198035,0.2965480514535145,0.0,-0.300127946683448,0.2666510738634094,0.0
0.36000000000000015,4.128246240429121,1.3440346422720766,1.9989986225347776,0.3970460473198035,0.2965480514535145,0.0,-0.3004025123734771,0.266917228469696,0.0
0.37000000000000016,4.141265983828337,1.3539316822102478,1.9989984579025695,0.39215051990415095,0.3030571160280677,0.0,-0.3051195801182389,0.26958139622044336,0.0
0.38000000000000017,4.141265983828337,1.3539316822102478,1.9989984579025695,0.39215051990415095,0.3030571160280677,0.0,-0.27504279619313604,0.2320426790131467,0.0
0.3900000000000002,4.141265983828337,1.3539316822102478,1.9989984579025695,0.39215051990415095,0.3030571160280677,0.0,-0.2753166192314906,0.23230442553402034,0.0
0.4000000000000002,4.141265983828337,1.3539316822102478,1.9989984579025695,0.39215051990415095,0.3030571160280677,0.0,-0.27559046314001023,0.23256624762509878,0.0
0.4100000000000002,4.154503430933612,1.3643474273232392,1.9989982270946145,0.3862966448675468,0.3091955111546861,0.0,-0.25040077437698793,0.19743923499507687,0.0
0.4200000000000002,4.154503430933612,1.3643474273232392,1.9989982270946145,0.3862966448675468,0.3091955111546861,0.0,-0.2506720616079751,0.19769503988085485,0.0
0.4300000000000002,4.154503430933612,1.3643474273232392,1.9989982270946145,0.3862966448675468,0.3091955111546861,0.0,-0.25094336735975126,0.19795090882524455,0.0
0.4400000000000002,4.167167721419739,1.374665373897734,1.998998430182904,0.38159942463582114,0.3160398468167351,0.0,-0.20831159381659023,0.13708166654425116,0.0
0.45000000000000023,4.167167721419739,1.374665373897734,1.998998430182904,0.38159942463582114,0.3160398468167351,0.0,-0.20857448588482097,0.13732501097994623,0.0
0.46000000000000024,4.167167721419739,1.374665373897734,1.998998430182904,0.38159942463582114,0.3160398468167351,0.0,-0.2088373921451895,0.137568400259366,0.0
0.47000000000000025,4.179671150114993,1.3852018710099996,1.9989985275346198,0.3763405071638872,0.32233431257852047,0.0,-0.21416096239490892,0.1403849958328054,0.0
0.48000000000000026,4.179671150114993,1.3852018710099996,1.9989985275346198,0.3763405071638872,0.32233431257852047,0.0,-0.17151225468014436,0.0829831754860299,0.0
0.49000000000000027,4.179671150114993,1.3852018710099996,1.9989985275346198,0.3763405071638872,0.32233431257852047,0.0,-0.17176615350986055,0.08321614817485416,0.0
0.5000000000000002,4.179671150114993,1.3852018710099996,1.9989985275346198,0.3763405071638872,0.32233431257852047,0.0,-0.17202006291740382,0.08344915089898627,0.0
0.5100000000000002,4.192361927199833,1.3962651494054208,1.9989990603787218,0.3706540005377126,0.32849155884085174,0.0,-0.13728553218231007,0.0424168972257952,0.0
0.5200000000000002,4.192361927199833,1.3962651494054208,1.9989990603787218,0.3706540005377126,0.32849155884085174,0.0,-0.13753088124552937,0.04264143752626903,0.0
0.5300000000000002,4.192361927199833,1.3962651494054208,1.9989990603787218,0.3706540005377126,0.32849155884085174,0.0,-0.13777623782994552,0.042865997104582304,0.0
0.5400000000000003,4.2045063418447715,1.407213405955214,1.9989987347666962,0.3653772957137848,0.33471506208234264,0.0,-0.08135691933331202,0.0008996357055219173,0.0
0.5500000000000003,4.2045063418447715,1.407213405955214,1.9989987347666962,0.3653772957137848,0.33471506208234264,0.0,-0.08158615689342182,0.0011107771485886486,0.0
0.5600000000000003,4.2045063418447715,1.407213405955214,1.9989987347666962,0.3653772957137848,0.33471506208234264,0.0,-0.08181539762570585,0.0013219255795027226,0.0
0.5700000000000003,4.216471051754147,1.4183620270474997,1.9989986293932602,0.3599087847737194,0.3407660833925468,0.0,-0.08858914189309014,0.003590719916015154,0.0
0.5800000000000003,4.216471051754147,1.4183620270474997,1.9989986293932602,0.3599087847737194,0.3407660833925468,0.0,-0.044289272082474775,-0.03664083995088842,0.0
0.5900000000000003,4.216471051754147,1.4183620270474997,1.9989986293932602,0.3599087847737194,0.3407660833925468,0.0,-0.04450454132981442,-0.036440112655637,0.0
0.6000000000000003,4.216471051754147,1.4183620270474997,1.9989986293932602,0.3599087847737194,0.3407660833925468,0.0,-0.04471981127357899,-0.03623938594831762,0.0
0.6100000000000003,4.228606334428093,1.4300543223545301,1.9989983658327724,0.35408519248867926,0.3468207414514671,0.0,-0.027187745235508022,-0.062156827407470465,0.0
0.6200000000000003,4.228606334428093,1.4300543223545301,1.9989983658327724,0.35408519248867926,0.3468207414514671,0.0,-0.02739572940502044,-0.06196151131845222,0.0
0.6300000000000003,4.228606334428093,1.4300543223545301,1.9989983658327724,0.35408519248867926,0.3468207414514671,0.0,-0.027603713119718837,-0.06176619959583663,0.0
0.6400000000000003,4.240183699201796,1.4415891430090555,1.998998598617264,0.347471156018157,0.3518920366277893,0.0,0.0041916453509545076,-0.08739865853152885,0.0
0.6500000000000004,4.240183699201796,1.4415891430090555,1.998998598617264,0.347471156018157,0.3518920366277893,0.0,0.003997757933407744,-0.08721439762778464,0.0
0.6600000000000004,4.240183699201796,1.4415891430090555,1.998998598617264,0.347471156018157,0.3518920366277893,0.0,0.0038038726117421095,-0.08703014511410011,0.0
0.6700000000000004,4.25156684706425,1.4533168904562004,1.9989983604374402,0.3421573838333606,0.358217421098319,0.0,-0.0024254377012154927,-0.08502383810748873,0.0
0.6800000000000004,4.25156684706425,1.4533168904562004,1.9989983604374402,0.3421573838333606,0.358217421098319,0.0,0.03382833777101498,-0.0982601859179853,0.0
0.6900000000000004,4.25156684706425,1.4533168904562004,1.9989983604374402,0.3421573838333606,0.358217421098319,0.0,0.03364963065702544,-0.09808855622201121,0.0
0.7000000000000004,4.25156684706425,1.4533168904562004,1.9989983604374402,0.3421573838333606,0.358217421098319,0.0,0.03347092676342244,-0.09791693669592409,0.0
0.7100000000000004,4.263087059097997,1.465589979655717,1.9989986615092161,0.3361329149177551,0.3640312980563475,0.0,0.04171008261366217,-0.09966013783280069,0.0
0.7200000000000004,4.263087059097997,1.465589979655717,1.9989986615092161,0.3361329149177551,0.3640312980563475,0.0,0.04153618596341189,-0.09949265601384255,0.0
0.7300000000000004,4.263087059097997,1.465589979655717,1.9989986615092161,0.3361329149177551,0.3640312980563475,0.0,0.0413622928360177,-0.09932518462172132,0.0
0.7400000000000004,4.274075790605838,1.4776953771474695,1.998998779578157,0.3300834111702632,0.369515634072553,0.0,0.058638114722069076,-0.09960248820181225,0.0
0.7500000000000004,4.274075790605838,1.4776953771474695,1.998998779578157,0.3300834111702632,0.369515634072553,0.0,0.05847394017208066,-0.09944425079132461,0.0
0.7600000000000005,4.274075790605838,1.4776953771474695,1.998998779578157,0.3300834111702632,0.369515634072553,0.0,0.05830976966216427,-0.09928602399189022,0.0
0.7700000000000005,4.284865803520337,1.489982688636287,1.9989987389254722,0.32402580988280794,0.3749912076014342,0.0,0.052845282945972405,-0.09788704857746378,0.0
0.7800000000000005,4.284865803520337,1.489982688636287,1.9989987389254722,0.32402580988280794,0.3749912076014342,0.0,0.06584912941031153,-0.09478747489712358,0.0
0.7900000000000005,4.284865803520337,1.489982688636287,1.9989987389254722,0.32402580988280794,0.3749912076014342,0.0,0.06569132901423454,-0.09463602442876985,0.0
0.8000000000000005,4.284865803520337,1.489982688636287,1.9989987389254722,0.32402580988280794,0.3749912076014342,0.0,0.06553353283813422,-0.09448458413344117,0.0
0.8100000000000005,4.295771925528884,1.502829342758036,1.998998520974871,0.31768883790354285,0.38052309979725624,0.0,0.06927397755936784,-0.09118676762183821,0.0
0.8200000000000005,4.295771925528884,1.502829342758036,1.998998520974871,0.31768883790354285,0.38052309979725624,0.0,0.06911944744250438,-0.09103869988789186,0.0
0.8300000000000005,4.295771925528884,1.502829342758036,1.998998520974871,0.31768883790354285,0.38052309979725624,0.0,0.06896492169251305,-0.0908906421137913,0.0
0.8400000000000005,4.306148107649548,1.5154743687021905,1.9989981639650753,0.3113411603298207,0.38565808503920007,0.0,0.07396354356258938,-0.08327754033779732,0.0
0.8500000000000005,4.306148107649548,1.5154743687021905,1.9989981639650753,0.3113411603298207,0.38565808503920007,0.0,0.07381410733132977,-0.08313511450905314,0.0
0.8600000000000005,4.306148107649548,1.5154743687021905,1.9989981639650753,0.3113411603298207,0.38565808503920007,0.0,0.07366467556935066,-0.08299269807476516,0.0
0.8700000000000006,4.316330554548292,1.5282498474889614,1.9989986013206498,0.3065375126086547,0.3882129827233324,0.0,0.06932524406137582,-0.08137767925537204,0.0
0.8800000000000006,4.316330554548292,1.5282498474889614,1.9989986013206498,0.3065375126086547,0.3882129827233324,0.0,0.07510971094594648,-0.07448933467765734,0.0
0.8900000000000006,4.316330554548292,1.5282498474889614,1.9989986013206498,0.3065375126086547,0.3882129827233324,0.0,0.07496332513730175,-0.07435063797591113,0.0
0.9000000000000006,4.316330554548292,1.5282498474889614,1.9989986013206498,0.3065375126086547,0.3882129827233324,0.0,0.07481694379944118,-0.0742119500727881,0.0
0.9100000000000006,4.326617103462703,1.5415701325006035,1.9989985210794177,0.29801915614671226,0.39560278861723736,0.0,0.07242892601008118,-0.0686096494557674,0.0
0.9200000000000006,4.326617103462703,1.5415701325006035,1.9989985210794177,0.29801915614671226,0.39560278861723736,0.0,0.07228393489878815,-0.06847222802057651,0.0
0.9300000000000006,4.326617103462703,1.5415701325006035,1.9989985210794177,0.29801915614671226,0.39560278861723736,0.0,0.07213894821084597,-0.0683348149646766,0.0
0.9400000000000006,4.336342249887235,1.5547105985344802,1.9989987733484769,0.29153617156978956,0.40058183585339807,0.0,0.07058607293700016,-0.05760519403267579,0.0
0.9500000000000006,4.336342249887235,1.5547105985344802,1.9989987733484769,0.29153617156978956,0.40058183585339807,0.0,0.07044374338701498,-0.05747048563224892,0.0
0.9600000000000006,4.336342249887235,1.5547105985344802,1.9989987733484769,0.29153617156978956,0.40058183585339807,0.0,0.07030141814157118,-0.05733578487385697,0.0
0.9700000000000006,4.345851311191589,1.5680124835440676,1.9989987819879949,0.28495302716345255,0.4054268236410802,0.0,0.06463705099380426,-0.056423974075427104,0.0
0.9800000000000006,4.345851311191589,1.5680124835440676,1.9989987819879949,0.28495302716345255,0.4054268236410802,0.0,0.06668111475582993,-0.04731790626640388,0.0
0.9900000000000007,4.345851311191589,1.5680124835440676,1.9989987819879949,0.28495302716345255,0.4054268236410802,0.0,0.06653987953257649,-0.047184577743207626,0.0
1.0000000000000007,4.345851311191589,1.5680124835440676,1.9989987819879949,0.28495302716345255,0.4054268236410802,0.0,0.06639864846598975,-0.04705125618414427,0.0
1.0100000000000007,4.355419775621922,1.5818825993020593,1.9989986462004963,0.2780955216795316,0.4103166912210824,0.0,0.05983447976790446,-0.039158364207644285,0.0
1.0200000000000007,4.355419775621922,1.5818825993020593,1.9989986462004963,0.2780955216795316,0.4103166912210824,0.0,0.059693787291622086,-0.03902526250443558,0.0
1.0300000000000007,4.355419775621922,1.5818825993020593,1.9989986462004963,0.2780955216795316,0.4103166912210824,0.0,0.05955309875923372,-0.038892167118741904,0.0
1.0400000000000007,4.364481966851754,1.5955010715057047,1.9989983014853854,0.27131443644051995,0.4148799874673139,0.0,0.052734810627743774,-0.02604116101646537,0.0
1.0500000000000007,4.364481966851754,1.5955010715057047,1.9989983014853854,0.27131443644051995,0.4148799874673139,0.0,0.05259626044144941,-0.025909463356533206,0.0
1.0600000000000007,4.364481966851754,1.5955010715057047,1.9989983014853854,0.27131443644051995,0.4148799874673139,0.0,0.052457713847949415,-0.025777771020541997,0.0
1.0700000000000007,4.373326622591145,1.6092500349004615,1.9989982448575716,0.2655199495537286,0.41739685511128727,0.0,0.04669858680147209,-0.02471748425045569,0.0
1.0800000000000007,4.373326622591145,1.6092500349004615,1.9989982448575716,0.2655199495537286,0.41739685511128727,0.0,0.04682378313822831,-0.01460334358038215,0.0
1.0900000000000007,4.373326622591145,1.6092500349004615,1.9989982448575716,0.2655199495537286,0.41739685511128727,0.0,0.04668711972609688,-0.014472535610933592,0.0
1.1000000000000008,4.373326622591145,1.6092500349004615,1.9989982448575716,0.2655199495537286,0.41739685511128727,0.0,0.04655045958868511,-0.01434173212962208,0.0
1.1100000000000008,4.3822465416275165,1.6235155370119483,1.9989986225986043,0.25777738658084215,0.42314630120339053,0.0,0.03807220290512811,-0.0073034243798263876,0.0
1.1200000000000008,4.3822465416275165,1.6235155370119483,1.9989986225986043,0.25777738658084215,0.42314630120339053,0.0,0.037937547442425446,-0.007173455263945332,0.0
1.1300000000000008,4.3822465416275165,1.6235155370119483,1.9989986225986043,0.25777738658084215,0.42314630120339053,0.0,0.03780289488371683,-0.007043489866660272,0.0
1.1400000000000008,4.390612968092628,1.6375599350137273,1.9989987081905418,0.25010394180954626,0.4276322404152825,0.0,0.028170201136193233,0.002769613015996232,0.0
1.1500000000000008,4.390612968092628,1.6375599350137273,1.9989987081905418,0.25010394180954626,0.4276322404152825,0.0,0.028039863998177463,0.002897135176492525,0.0
1.1600000000000008,4.390612968092628,1.6375599350137273,1.9989987081905418,0.25010394180954626,0.4276322404152825,0.0,0.02790952924350503,0.00302465463532933,0.0
1.1700000000000008,4.39874698503953,1.6517430979860532,1.998998777074764,0.24306241815847826,0.4318003832730533,0.0,0.02080526763977734,0.003301293406884635,0.0
1.1800000000000008,4.39874698503953,1.6517430979860532,1.998998777074764,0.24306241815847826,0.4318003832730533,0.0,0.018147780396659235,0.010695333273440829,0.0
1.1900000000000008,4.39874698503953,1.6517430979860532,1.998998777074764,0.24306241815847826,0.4318003832730533,0.0,0.01802013273149471,0.010821238783468684,0.0
1.2000000000000008,4.39874698503953,1.6517430979860532,1.998998777074764,0.24306241815847826,0.4318003832730533,0.0,0.01789248703413407,0.01094714241083719,0.0
1.2100000000000009,4.406883129440095,1.666497648290995,1.9989986888533056,0.23574180336375863,0.4359830128752791,0.0,0.008153874236470316,0.015154034725048846,0.0
1.2200000000000009,4.406883129440095,1.666497648290995,1.9989986888533056,0.23574180336375863,0.4359830128752791,0.0,0.008028519463017839,0.01527858125592861,0.0
1.2300000000000009,4.406883129440095,1.666497648290995,1.9989986888533056,0.23574180336375863,0.4359830128752791,0.0,0.007903166294638787,0.015403126543865968,0.0
1.2400000000000009,4.4145402233046145,1.680951168511019,1.9989984109840886,0.22853499364188448,0.4398511875017044,0.0,-0.0014906308691487564,0.019700589414792448,0.0
1.2500000000000009,4.4145402233046145,1.680951168511019,1.9989984109840886,0.22853499364188448,0.4398511875017044,0.0,-0.0016117300345614572,0.019822494581794206,0.0
1.260000000000001,4.4145402233046145,1.680951168511019,1.9989984109840886,0.22853499364188448,0.4398511875017044,0.0,-0.0017328280107950205,0.01994439916084188,0.0
1.270000000000001,4.4219524136637975,1.695515812770411,1.9989988405248913,0.22105801557945912,0.4429552728167964,0.0,-0.008123410767102279,0.01987464859209932,0.0
1.280000000000001,4.4219524136637975,1.695515812770411,1.9989988405248913,0.22105801557945912,0.4429552728167964,0.0,-0.010353114963457293,0.022843888192424226,0.0
1.290000000000001,4.4219524136637975,1.695515812770411,1.9989988405248913,0.22105801557945912,0.4429552728167964,0.0,-0.010471852883892645,0.02296419532202692,0.0
1.300000000000001,4.4219524136637975,1.695515812770411,1.9989988405248913,0.22105801557945912,0.4429552728167964,0.0,-0.010590589920748841,0.023084502362258442,0.0
1.310000000000001,4.4293431148365485,1.710652770157264,1.9989982235345527,0.21355799937734046,0.44669510510102434,0.0,-0.017824914792358624,0.024084156778131516,0.0
1.320000000000001,4.4293431148365485,1.710652770157264,1.9989982235345527,0.21355799937734046,0.44669510510102434,0.0,-0.017941864651034835,0.024203097914926534,0.0
1.330000000000001,4.4293431148365485,1.710652770157264,1.9989982235345527,0.21355799937734046,0.44669510510102434,0.0,-0.0180588138678873,0.02432203932223795,0.0
1.340000000000001,4.436263770421391,1.7254545565422708,1.9989984755084258,0.20620162926238056,0.45039004372648567,0.0,-0.024587967825683087,0.02459232728188581,0.0
1.350000000000001,4.436263770421391,1.7254545565422708,1.9989984755084258,0.20620162926238056,0.45039004372648567,0.0,-0.02470148692684011,0.024708795066555236,0.0
1.360000000000001,4.436263770421391,1.7254545565422708,1.9989984755084258,0.20620162926238056,0.45039004372648567,0.0,-0.024815005651314902,0.02482526344531798,0.0
1.370000000000001,4.442942494483242,1.7403768198833627,1.998998719149827,0.1987779001235536,0.4538515219657995,0.0,-0.029922183595883257,0.024603590737851445,0.0
1.380000000000001,4.442942494483242,1.7403768198833627,1.998998719149827,0.1987779001235536,0.4538515219657995,0.0,-0.029621893651508167,0.024484940544103922,0.0
1.390000000000001,4.442942494483242,1.7403768198833627,1.998998719149827,0.1987779001235536,0.4538515219657995,0.0,-0.02973350632518211,0.024599704487579522,0.0
1.400000000000001,4.442942494483242,1.7403768198833627,1.998998719149827,0.1987779001235536,0.4538515219657995,0.0,-0.029845118805898508,0.024714469244466908,0.0
1.410000000000001,4.449566158218839,1.7558681120378161,1.9989986787844285,0.19106707787240446,0.4572803485948088,0.0,-0.0334186726672181,0.023618104690539984,0.0
1.420000000000001,4.449566158218839,1.7558681120378161,1.9989986787844285,0.19106707787240446,0.4572803485948088,0.0,-0.03352899039144302,0.023731444449647393,0.0
1.430000000000001,4.449566158218839,1.7558681120378161,1.9989986787844285,0.19106707787240446,0.4572803485948088,0.0,-0.03363930806183755,0.023844785166936607,0.0
1.440000000000001,4.455742606152515,1.7710112750870113,1.9989984212752572,0.18347062230437405,0.4603218523245045,0.0,-0.03561314922979865,0.021454072087404612,0.0
1.450000000000001,4.455742606152515,1.7710112750870113,1.9989984212752572,0.18347062230437405,0.4603218523245045,0.0,-0.03572043456222935,0.021564810052676752,0.0
1.460000000000001,4.455742606152515,1.7710112750870113,1.9989984212752572,0.18347062230437405,0.4603218523245045,0.0,-0.03582771997160567,0.021675549034992744,0.0
1.470000000000001,4.461664009036092,1.7862386674294355,1.998998837193591,0.175978702490098,0.4632894004312309,0.0,-0.040321209659999774,0.021165513115097446,0.0
1.480000000000001,4.461664009036092,1.7862386674294355,1.998998837193591,0.175978702490098,0.4632894004312309,0.0,-0.037478655099236494,0.01883029073328423,0.0
1.490000000000001,4.461664009036092,1.7862386674294355,1.998998837193591,0.175978702490098,0.4632894004312309,0.0,-0.037583961264379025,0.01893903388525768,0.0
1.500000000000001,4.461664009036092,1.7862386674294355,1.998998837193591,0.175978702490098,0.4632894004312309,0.0,-0.03768926759242851,0.019047778070376095,0.0
1.5100000000000011,4.46750968703749,1.8020419322869696,1.9989984489289296,0.16810958414603897,0.46619991576690506,0.0,-0.039028522632974884,0.015607701330763429,0.0
1.5200000000000011,4.46750968703749,1.8020419322869696,1.9989984489289296,0.16810958414603897,0.46619991576690506,0.0,-0.03913257392281571,0.015714822172715005,0.0
1.5300000000000011,4.46750968703749,1.8020419322869696,1.9989984489289296,0.16810958414603897,0.46619991576690506,0.0,-0.03923662544099729,0.015821944036900383,0.0
1.5400000000000011,4.4729242699376535,1.8174664008315016,1.9989984582575298,0.16012552249258039,0.46821398896685007,0.0,-0.038766978068845416,0.01069296954802615,0.0
1.5500000000000012,4.4729242699376535,1.8174664008315016,1.9989984582575298,0.16012552249258039,0.46821398896685007,0.0,-0.03886794067937718,0.010797208067645987,0.0
1.5600000000000012,4.4729242699376535,1.8174664008315016,1.9989984582575298,0.16012552249258039,0.46821398896685007,0.0,-0.03896890355915431,0.010901447502066631,0.0
1.5700000000000012,4.47808119833871,1.832977228897707,1.998998631626652,0.1525353320676146,0.47136529109613906,0.0,-0.044048097281355836,0.009959696347022646,0.0
1.5800000000000012,4.47808119833871,1.832977228897707,1.998998631626652,0.1525353320676146,0.47136529109613906,0.0,-0.04001821683695854,0.006821016289924669,0.0
1.5900000000000012,4.47808119833871,1.832977228897707,1.998998631626652,0.1525353320676146,0.47136529109613906,0.0,-0.040117556222186754,0.00692322740450402,0.0
1.6000000000000012,4.47808119833871,1.832977228897707,1.998998631626652,0.1525353320676146,0.47136529109613906,0.0,-0.04021689591978546,0.007025439388804532,0.0
1.6100000000000012,4.483127184091894,1.8490505521530076,1.9989986130270758,0.14450754152512316,0.4740013434068199,0.0,-0.041073695602433805,0.0033509444506440523,0.0
1.6200000000000012,4.483127184091894,1.8490505521530076,1.9989986130270758,0.14450754152512316,0.4740013434068199,0.0,-0.041172088808261995,0.0034515099975695406,0.0
1.6300000000000012,4.483127184091894,1.8490505521530076,1.9989986130270758,0.14450754152512316,0.4740013434068199,0.0,-0.04127048235946745,0.003552076373506439,0.0
1.6400000000000012,4.4877620146933666,1.8647305632112978,1.9989983684310686,0.13654284185258314,0.47595580298046813,0.0,-0.03953106444376142,-0.0020597030149341797,0.0
1.6500000000000012,4.4877620146933666,1.8647305632112978,1.9989983684310686,0.13654284185258314,0.47595580298046813,0.0,-0.03962678636740569,-0.0019619813772859917,0.0
1.6600000000000013,4.4877620146933666,1.8647305632112978,1.9989983684310686,0.13654284185258314,0.47595580298046813,0.0,-0.03972250863689103,-0.001864259052443511,0.0
1.6700000000000013,4.4921361205910175,1.8804717230858834,1.9989986096378107,0.12888219656757915,0.4784646394798026,0.0,-0.04476370494436103,-0.0032557915043467324,0.0
1.6800000000000013,4.4921361205910175,1.8804717230858834,1.9989986096378107,0.12888219656757915,0.4784646394798026,0.0,-0.039332339099937476,-0.006379874270317653,0.0
1.6900000000000013,4.4921361205910175,1.8804717230858834,1.9989986096378107,0.12888219656757915,0.4784646394798026,0.0,-0.03942665830769727,-0.0062842356774830965,0.0
1.7000000000000013,4.4921361205910175,1.8804717230858834,1.9989986096378107,0.12888219656757915,0.4784646394798026,0.0,-0.03952097787006605,-0.006188596482716656,0.0
1.7100000000000013,4.496376519047976,1.8967783968995584,1.9989986104335613,0.12078859447073532,0.48068255568105483,0.0,-0.03990831499433312,-0.010439151883249127,0.0
1.7200000000000013,4.496376519047976,1.8967783968995584,1.9989986104335613,0.12078859447073532,0.48068255568105483,0.0,-0.04000195882223016,-0.010345137980805396,0.0
1.7300000000000013,4.496376519047976,1.8967783968995584,1.9989986104335613,0.12078859447073532,0.48068255568105483,0.0,-0.040095603018060644,-0.010251123538921667,0.0
1.7400000000000013,4.500228016833631,1.9126738578968212,1.9989984061257406,0.11287352077125927,0.482602566048814,0.0,-0.03819783438023804,-0.01460543402933675,0.0
1.7500000000000013,4.500228016833631,1.9126738578968212,1.9989984061257406,0.11287352077125927,0.482602566048814,0.0,-0.03828916470125182,-0.014514042742821701,0.0
1.7600000000000013,4.500228016833631,1.9126738578968212,1.9989984061257406,0.11287352077125927,0.482602566048814,0.0,-0.03838049537240058,-0.014422651028675596,0.0
1.7700000000000014,4.503814522585364,1.9286208737034998,1.99899874934067,0.10472024008125473,0.48392705945524855,0.0,-0.042934728842736906,-0.0164290439056427,0.0
1.7800000000000014,4.503814522585364,1.9286208737034998,1.99899874934067,0.10472024008125473,0.48392705945524855,0.0,-0.037844676781611755,-0.018218124528374388,0.0
1.7900000000000014,4.503814522585364,1.9286208737034998,1.99899874934067,0.10472024008125473,0.48392705945524855,0.0,-0.03793488537555492,-0.018128659826922168,0.0
1.8000000000000014,4.503814522585364,1.9286208737034998,1.99899874934067,0.10472024008125473,0.48392705945524855,0.0,-0.0380250943177933,-0.01803919476661574,0.0
1.8100000000000014,4.507233303586714,1.9451167679686368,1.9989984569323729,0.09653294140430092,0.4859978741881425,0.0,-0.03796966129762982,-0.0212169317071238,0.0
1.8200000000000014,4.507233303586714,1.9451167679686368,1.9989984569323729,0.09653294140430092,0.4859978741881425,0.0,-0.03805943878716945,-0.021129006586454578,0.0
1.8300000000000014,4.507233303586714,1.9451167679686368,1.9989984569323729,0.09653294140430092,0.4859978741881425,0.0,-0.03814921662878647,-0.02104108115433876,0.0
1.8400000000000014,4.51028085551606,1.9611730688382212,1.9989986338079488,0.08835187335783563,0.4865849370787904,0.0,-0.03618761967918884,-0.02325088097744487,0.0
1.8500000000000014,4.51028085551606,1.9611730688382212,1.9989986338079488,0.08835187335783563,0.4865849370787904,0.0,-0.03627537141632525,-0.02316534816404876,0.0
1.8600000000000014,4.51028085551606,1.9611730688382212,1.9989986338079488,0.08835187335783563,0.4865849370787904,0.0,-0.03636312348748166,-0.023079815100842775,0.0
1.8700000000000014,4.513065355624741,1.9772746775244663,1.9989987760779846,0.0805374919483945,0.4888633216689225,0.0,-0.04088618497415106,-0.025317222858049913,0.0
1.8800000000000014,4.513065355624741,1.9772746775244663,1.9989987760779846,0.0805374919483945,0.4888633216689225,0.0,-0.035611877296545864,-0.025614711264872064,0.0
1.8900000000000015,4.513065355624741,1.9772746775244663,1.9989987760779846,0.0805374919483945,0.4888633216689225,0.0,-0.03569847429256442,-0.025531087990874356,0.0
1.9000000000000015,4.513065355624741,1.9772746775244663,1.9989987760779846,0.0805374919483945,0.4888633216689225,0.0,-0.03578507161737543,-0.025447464511072597,0.0
1.9100000000000015,4.51565884676094,1.993921617180683,1.9989987343049893,0.0722559515344105,0.490291018498508,0.0,-0.03546757182257776,-0.027965621085784622,0.0
1.9200000000000015,4.51565884676094,1.993921617180683,1.9989987343049893,0.0722559515344105,0.490291018498508,0.0,-0.035553688797197384,-0.027883539167682866,0.0
1.9300000000000015,4.51565884676094,1.993921617180683,1.9989987343049893,0.0722559515344105,0.490291018498508,0.0,-0.03563980610173728,-0.02780145707871346,0.0
1.9400000000000015,4.517906252894227,2.0101222876656,1.9989985445990464,0.06419116619316857,0.4915062418486737,0.0,-0.033537862866065846,-0.028966743292932084,0.0
1.9500000000000015,4.517906252894227,2.0101222876656,1.9989985445990464,0.06419116619316857,0.4915062418486737,0.0,-0.03362191515424821,-0.028886956275847257,0.0
1.9600000000000015,4.517906252894227,2.0101222876656,1.9989985445990464,0.06419116619316857,0.4915062418486737,0.0,-0.03370596775488762,-0.028807169124911425,0.0
1.9700000000000015,4.519886910642815,2.0263589249879566,1.998998281883629,0.05609383871354196,0.4924845973263402,0.0,-0.03777955594610511,-0.03155662548753522,0.0
1.9800000000000015,4.519886910642815,2.0263589249879566,1.998998281883629,0.05609383871354196,0.4924845973263402,0.0,-0.033036465396227906,-0.030035639316358772,0.0
1.9900000000000015,4.519886910642815,2.0263589249879566,1.998998281883629,0.05609383871354196,0.4924845973263402,0.0,-0.03311957315943489,-0.02995756286399082,0.0
2.0000000000000013,4.519886910642815,2.0263589249879566,1.998998281883629,0.05609383871354196,0.4924845973263402,0.0,-0.03320268123420439,-0.02987948629381641,0.0
2.010000000000001,4.521645142493672,2.0431090860802854,1.9989983270821923,0.047638422361770794,0.4932861740619716,0.0,-0.033233644165741684,-0.03051333140945544,0.0
2.020000000000001,4.521645142493672,2.0431090860802854,1.9989983270821923,0.047638422361770794,0.4932861740619716,0.0,-0.03331648578381778,-0.030436660395773682,0.0
2.0300000000000007,4.521645142493672,2.0431090860802854,1.9989983270821923,0.047638422361770794,0.4932861740619716,0.0,-0.0333993277210724,-0.030359989263149954,0.0
2.0400000000000005,4.523077562195464,2.059382559613298,1.9989990668063748,0.03948655393427769,0.4931644623331002,0.0,-0.03114399807813424,-0.029139716211035494,0.0
2.0500000000000003,4.523077562195464,2.059382559613298,1.9989990668063748,0.03948655393427769,0.4931644623331002,0.0,-0.031224985674126945,-0.029065144587997954,0.0
2.06,4.523077562195464,2.059382559613298,1.9989990668063748,0.03948655393427769,0.4931644623331002,0.0,-0.03130597357764214,-0.02899057284571282,0.0
2.07,4.524244188999893,2.075686842717793,1.9989987381971168,0.03140916091529204,0.49443490186457206,0.0,-0.03580936614763361,-0.032128813110672214,0.0
2.0799999999999996,4.524244188999893,2.075686842717793,1.9989987381971168,0.03140916091529204,0.49443490186457206,0.0,-0.030961078603537254,-0.02828862051444109,0.0
2.0899999999999994,4.524244188999893,2.075686842717793,1.9989987381971168,0.03140916091529204,0.49443490186457206,0.0,-0.031041329990634615,-0.028215572107577858,0.0
2.099999999999999,4.524244188999893,2.075686842717793,1.9989987381971168,0.03140916091529204,0.49443490186457206,0.0,-0.031121581692737266,-0.028142523564493416,0.0
2.109999999999999,4.525165272607968,2.0925081103734313,1.998998782784923,0.023015379345959618,0.4950081602583782,0.0,-0.031305275011369385,-0.027818735026545416,0.0
2.1199999999999988,4.525165272607968,2.0925081103734313,1.998998782784923,0.023015379345959618,0.4950081602583782,0.0,-0.03138542723320284,-0.02774692977098177,0.0
2.1299999999999986,4.525165272607968,2.0925081103734313,1.998998782784923,0.023015379345959618,0.4950081602583782,0.0,-0.031465579782988806,-0.027675124362503568,0.0
2.1399999999999983,4.525786170540069,2.108850872920269,1.9989986764731615,0.014859903654253203,0.4954420832651543,0.0,-0.029597832395117273,-0.024692545334242335,0.0
2.149999999999998,4.525786170540069,2.108850872920269,1.9989986764731615,0.014859903654253203,0.4954420832651543,0.0,-0.029676351663732604,-0.024622509407373715,0.0
2.159999999999998,4.525786170540069,2.108850872920269,1.9989986764731615,0.014859903654253203,0.4954420832651543,0.0,-0.029754871256032645,-0.02455247330131679,0.0
2.1699999999999977,4.526137830177693,2.1252050491029917,1.9989983923399584,0.006698431815996897,0.4956943093433115,0.0,-0.03423703092105912,-0.028115961211199088,0.0
2.1799999999999975,4.526137830177693,2.1252050491029917,1.9989983923399584,0.006698431815996897,0.4956943093433115,0.0,-0.029594568756751417,-0.022889803364545113,0.0
2.1899999999999973,4.526137830177693,2.1252050491029917,1.9989983923399584,0.006698431815996897,0.4956943093433115,0.0,-0.02967243942120644,-0.022821119094688345,0.0
2.199999999999997,4.526137830177693,2.1252050491029917,1.9989983923399584,0.006698431815996897,0.4956943093433115,0.0,-0.029750310417196103,-0.02275243461986679,0.0
2.209999999999997,4.526222206256005,2.142057748076592,1.998997950822176,-0.0008737301356226226,0.49553828534371125,0.0,-0.03024592687114471,-0.02086280624187842,0.0
2.2199999999999966,4.526222206256005,2.142057748076592,1.998997950822176,-0.0008737301356226226,0.49553828534371125,0.0,-0.030323773254203323,-0.02079525299374916,0.0
2.2299999999999964,4.526222206256005,2.142057748076592,1.998997950822176,-0.0008737301356226226,0.49553828534371125,0.0,-0.030401619983079754,-0.020727699507079166,0.0
2.239999999999996,4.526080665624045,2.1583861670037865,1.9989987937926155,-0.009568854554262065,0.4952359205933889,0.0,-0.029030416856034053,-0.01779725395838399,0.0
2.249999999999996,4.526080665624045,2.1583861670037865,1.9989987937926155,-0.009568854554262065,0.4952359205933889,0.0,-0.02910668300666824,-0.017731246336294738,0.0
2.259999999999996,4.526080665624045,2.1583861670037865,1.9989987937926155,-0.009568854554262065,0.4952359205933889,0.0,-0.029182949500111487,-0.017665238451434775,0.0
2.2699999999999956,4.525617712583076,2.1747268238642685,1.9989986946390554,-0.017996152036487453,0.49506212955387147,0.0,-0.033606520699433824,-0.021678245831525368,0.0
2.2799999999999954,4.525617712583076,2.1747268238642685,1.9989986946390554,-0.017996152036487453,0.49506212955387147,0.0,-0.02850490405791393,-0.016297430686781536,0.0
2.289999999999995,4.525617712583076,2.1747268238642685,1.9989986946390554,-0.017996152036487453,0.49506212955387147,0.0,-0.02858048143755716,-0.016232707268026718,0.0
2.299999999999995,4.525617712583076,2.1747268238642685,1.9989986946390554,-0.017996152036487453,0.49506212955387147,0.0,-0.02865605915919836,-0.016167983577357527,0.0
2.3099999999999947,4.5248585331386355,2.1915549900378353,1.9989987843659347,-0.026414170143841537,0.4947986786751018,0.0,-0.029205941650814134,-0.015194917140453483,0.0
2.3199999999999945,4.5248585331386355,2.1915549900378353,1.9989987843659347,-0.026414170143841537,0.4947986786751018,0.0,-0.029281470840931363,-0.015131283691898433,0.0
2.3299999999999943,4.5248585331386355,2.1915549900378353,1.9989987843659347,-0.026414170143841537,0.4947986786751018,0.0,-0.02935700038133242,-0.01506764995513044,0.0
2.339999999999994,4.523848108854447,2.207876971769955,1.9989987442434634,-0.034580304686286936,0.494409028693463,0.0,-0.028195654093038834,-0.011848963367026396,0.0
2.349999999999994,4.523848108854447,2.207876971769955,1.9989987442434634,-0.034580304686286936,0.494409028693463,0.0,-0.02826970944603051,-0.011786654475631177,0.0
2.3599999999999937,4.523848108854447,2.207876971769955,1.9989987442434634,-0.034580304686286936,0.494409028693463,0.0,-0.028343765144123234,-0.011724345273851496,0.0
2.3699999999999934,4.522568168894892,2.224183752039552,1.9989985107466692,-0.042745421269877376,0.4938903522783019,0.0,-0.03270617922447334,-0.01587946221200271,0.0
2.3799999999999932,4.522568168894892,2.224183752039552,1.9989985107466692,-0.042745421269877376,0.4938903522783019,0.0,-0.02870669372927834,-0.010130695643307099,0.0
2.389999999999993,4.522568168894892,2.224183752039552,1.9989985107466692,-0.042745421269877376,0.4938903522783019,0.0,-0.02878025746734566,-0.010069448882873026,0.0
2.399999999999993,4.522568168894892,2.224183752039552,1.9989985107466692,-0.042745421269877376,0.4938903522783019,0.0,-0.02885382156069275,-0.010008201789250453,0.0
2.4099999999999926,4.520971763244592,2.240962097474795,1.9989980958642435,-0.05032650783374698,0.49310336313857284,0.0,-0.02980316774266661,-0.009009478195462554,0.0
2.4199999999999924,4.520971763244592,2.240962097474795,1.9989980958642435,-0.05032650783374698,0.49310336313857284,0.0,-0.02987683692180038,-0.008949177418132118,0.0
2.429999999999992,4.520971763244592,2.240962097474795,1.9989980958642435,-0.05032650783374698,0.49310336313857284,0.0,-0.029950506472342583,-0.008888876285183842,0.0
2.439999999999992,4.51924673654315,2.25720875994041,1.998998314952599,-0.05459541000164889,0.491186362074533,0.0,-0.028601766626517245,-0.00478993997775035,0.0
2.4499999999999917,4.51924673654315,2.25720875994041,1.998998314952599,-0.05459541000164889,0.491186362074533,0.0,-0.02867409542386752,-0.00473075177713451,0.0
2.4599999999999915,4.51924673654315,2.25720875994041,1.998998314952599,-0.05459541000164889,0.491186362074533,0.0,-0.028746424592345162,-0.004671563191371084,0.0
2.4699999999999913,4.517246863180587,2.2734175786471607,1.9989985632525846,-0.06745265947432041,0.4907286326617899,0.0,-0.03301038600177939,-0.011136946210343567,0.0
2.479999999999991,4.517246863180587,2.2734175786471607,1.9989985632525846,-0.06745265947432041,0.4907286326617899,0.0,-0.029135052944318448,-0.005564456332249301,0.0
2.489999999999991,4.517246863180587,2.2734175786471607,1.9989985632525846,-0.06745265947432041,0.4907286326617899,0.0,-0.02920699368967152,-0.005506174122763781,0.0
2.4999999999999907,4.517246863180587,2.2734175786471607,1.9989985632525846,-0.06745265947432041,0.4907286326617899,0.0,-0.029278934820211554,-0.005447891525950989,0.0
2.5099999999999905,4.514807301903073,2.2900838709788536,1.9989987740260533,-0.07580680199665558,0.48962770720126503,0.0,-0.02977656524489713,-0.005324581722890004,0.0
2.5199999999999902,4.514807301903073,2.2900838709788536,1.9989987740260533,-0.07580680199665558,0.48962770720126503,0.0,-0.029848635337670088,-0.005267194574174708,0.0
2.52999999999999,4.514807301903073,2.2900838709788536,1.9989987740260533,-0.07580680199665558,0.48962770720126503,0.0,-0.029920705831989365,-0.005209807026961927,0.0
2.53999999999999,4.512168012253113,2.3062214500038003,1.998998766918442,-0.08390470949796165,0.48842547894792354,0.0,-0.02915682753008253,-0.003240711595438952,0.0
2.5499999999999896,4.512168012253113,2.3062214500038003,1.998998766918442,-0.08390470949796165,0.48842547894792354,0.0,-0.02922766986670992,-0.0031842937593963452,0.0
2.5599999999999894,4.512168012253113,2.3062214500038003,1.998998766918442,-0.08390470949796165,0.48842547894792354,0.0,-0.029298512610662502,-0.003127875508245352,0.0
2.569999999999989,4.509261868630226,2.3223167717107502,1.998998594553148,-0.09198081607110177,0.4870723490954477,0.0,-0.03315920441422733,-0.007593169039741985,0.0
2.579999999999989,4.509261868630226,2.3223167717107502,1.998998594553148,-0.09198081607110177,0.4870723490954477,0.0,-0.030102598274601353,-0.0027774994477481594,0.0
2.5899999999999888,4.509261868630226,2.3223167717107502,1.998998594553148,-0.09198081607110177,0.4870723490954477,0.0,-0.030173105779730203,-0.0027219434944732463,0.0
2.5999999999999885,4.509261868630226,2.3223167717107502,1.998998594553148,-0.09198081607110177,0.4870723490954477,0.0,-0.0302436137094467,-0.002666387110364036,0.0
2.6099999999999883,4.505990276915721,2.338848115233884,1.9989982862053408,-0.10019877236412532,0.4851875970581487,0.0,-0.030781521854100966,-0.003503284559124957,0.0
2.619999999999988,4.505990276915721,2.338848115233884,1.9989982862053408,-0.10019877236412532,0.4851875970581487,0.0,-0.030852235286585865,-0.0034486087552298493,0.0
2.629999999999988,4.505990276915721,2.338848115233884,1.9989982862053408,-0.10019877236412532,0.4851875970581487,0.0,-0.03092294916075502,-0.0033939325180704673,0.0
2.6399999999999877,4.502548572491776,2.354832096559504,1.9989982577498193,-0.10813348698028523,0.4835211161048526,0.0,-0.03031045864127548,-0.0025465728551537802,0.0
2.6499999999999875,4.502548572491776,2.354832096559504,1.9989982577498193,-0.10813348698028523,0.4835211161048526,0.0,-0.030379968926464274,-0.0024928364036320505,0.0
2.6599999999999873,4.502548572491776,2.354832096559504,1.9989982577498193,-0.10813348698028523,0.4835211161048526,0.0,-0.03044947965736976,-0.0024390995132810623,0.0
2.669999999999987,4.498848355914284,2.3707370918770305,1.9989990987819926,-0.11594804136886148,0.480539136218054,0.0,-0.03359732942402305,-0.006922646464668864,0.0
2.679999999999987,4.498848355914284,2.3707370918770305,1.9989990987819926,-0.11594804136886148,0.480539136218054,0.0,-0.029797751585960753,-0.003688050207667939,0.0
2.6899999999999866,4.498848355914284,2.3707370918770305,1.9989990987819926,-0.11594804136886148,0.480539136218054,0.0,-0.02986687442926309,-0.003635280699518633,0.0
2.6999999999999864,4.498848355914284,2.3707370918770305,1.9989990987819926,-0.11594804136886148,0.480539136218054,0.0,-0.029935997724936176,-0.0035825107645548085,0.0
2.709999999999986,4.494754523573722,2.387069434881714,1.9989987095325246,-0.12442205765334058,0.4795526315180945,0.0,-0.030654912649580743,-0.0054679506996681785,0.0
2.719999999999986,4.494754523573722,2.387069434881714,1.9989987095325246,-0.12442205765334058,0.4795526315180945,0.0,-0.030724187563284506,-0.005416177634071219,0.0
2.7299999999999858,4.494754523573722,2.387069434881714,1.9989987095325246,-0.12442205765334058,0.4795526315180945,0.0,-0.030793462945156603,-0.005364404148890568,0.0
2.7399999999999856,4.490513477797295,2.4028607145247833,1.998998744927976,-0.132365428818323,0.4775387406265612,0.0,-0.02971708802162807,-0.005017891303867716,0.0
2.7499999999999853,4.490513477797295,2.4028607145247833,1.998998744927976,-0.132365428818323,0.4775387406265612,0.0,-0.02978518735694529,-0.0049670723821160995,0.0
2.759999999999985,4.490513477797295,2.4028607145247833,1.998998744927976,-0.132365428818323,0.4775387406265612,0.0,-0.029853287159806546,-0.004916253044234707,0.0
2.769999999999985,4.486010993906046,2.4185828545097596,1.9989986181919657,-0.14026591926366863,0.47536284444911764,0.0,-0.033120097597943605,-0.009587905085389675,0.0
2.7799999999999847,4.486010993906046,2.4185828545097596,1.9989986181919657,-0.14026591926366863,0.47536284444911764,0.0,-0.030124963122041746,-0.00652695191101435,0.0
2.7899999999999845,4.486010993906046,2.4185828545097596,1.9989986181919657,-0.14026591926366863,0.47536284444911764,0.0,-0.030192819336504497,-0.006477022388513159,0.0
2.7999999999999843,4.486010993906046,2.4185828545097596,1.9989986181919657,-0.14026591926366863,0.47536284444911764,0.0,-0.030260676030319764,-0.006427092456970029,0.0
2.809999999999984,4.481102312794963,2.4346975647087654,1.998998749155561,-0.1482076350504939,0.47256404664841617,0.0,-0.03028723639533066,-0.008565755871308199,0.0
2.819999999999984,4.481102312794963,2.4346975647087654,1.998998749155561,-0.1482076350504939,0.47256404664841617,0.0,-0.030355350013681545,-0.008516797100868476,0.0
2.8299999999999836,4.481102312794963,2.4346975647087654,1.998998749155561,-0.1482076350504939,0.47256404664841617,0.0,-0.030423464124733308,-0.008467837934991087,0.0
2.8399999999999834,4.476076873583664,2.45025935381514,1.9989984826281098,-0.15604556369867223,0.47037072907944993,0.0,-0.02975182250011165,-0.007703821352543772,0.0
2.849999999999983,4.476076873583664,2.45025935381514,1.9989984826281098,-0.15604556369867223,0.47037072907944993,0.0,-0.029818866390175326,-0.007655742659556905,0.0
2.859999999999983,4.476076873583664,2.45025935381514,1.9989984826281098,-0.15604556369867223,0.47037072907944993,0.0,-0.029885910774591212,-0.0076076635680522465,0.0
2.869999999999983,4.470796645979844,2.4657362726526157,1.9989982396772858,-0.16369549373549783,0.46760552893060303,0.0,-0.03278865698124193,-0.012258305815443064,0.0
2.8799999999999826,4.470796645979844,2.4657362726526157,1.9989982396772858,-0.16369549373549783,0.46760552893060303,0.0,-0.029602565833459358,-0.00860231879858365,0.0
2.8899999999999824,4.470796645979844,2.4657362726526157,1.9989982396772858,-0.16369549373549783,0.46760552893060303,0.0,-0.029669422629298572,-0.008555129718393105,0.0
2.899999999999982,4.470796645979844,2.4657362726526157,1.9989982396772858,-0.16369549373549783,0.46760552893060303,0.0,-0.02973627992786294,-0.008507940247060865,0.0
2.909999999999982,4.465097345780893,2.4815624905911786,1.9989991845796409,-0.17167156762804614,0.4643593229295398,0.0,-0.029587103711663818,-0.010163558058906801,0.0
2.9199999999999817,4.465097345780893,2.4815624905911786,1.9989991845796409,-0.17167156762804614,0.4643593229295398,0.0,-0.029654248868443138,-0.010117332903318805,0.0
2.9299999999999815,4.465097345780893,2.4815624905911786,1.9989991845796409,-0.17167156762804614,0.4643593229295398,0.0,-0.02972139454046866,-0.01007110736822318,0.0
2.9399999999999813,4.459297655586559,2.49684947165391,1.998998645800325,-0.179478346734023,0.4618619982994721,0.0,-0.028860966277674364,-0.009823238906850986,0.0
2.949999999999981,4.459297655586559,2.49684947165391,1.998998645800325,-0.179478346734023,0.4618619982994721,0.0,-0.028927106573380764,-0.009777839751300168,0.0
2.959999999999981,4.459297655586559,2.49684947165391,1.998998645800325,-0.179478346734023,0.4618619982994721,0.0,-0.028993247387095626,-0.00973244021626472,0.0
2.9699999999999807,4.453244882790882,2.512040637326095,1.9989985726236974,-0.1871142594209359,0.4588775774566219,0.0,-0.03167478694290915,-0.014417057328231099,0.0
2.9799999999999804,4.453244882790882,2.512040637326095,1.9989985726236974,-0.1871142594209359,0.4588775774566219,0.0,-0.02860131685732306,-0.010162248252689028,0.0
2.9899999999999802,4.453244882790882,2.512040637326095,1.9989985726236974,-0.1871142594209359,0.4588775774566219,0.0,-0.028667276067601652,-0.010117726164917374,0.0
2.99999999999998,4.453244882790882,2.512040637326095,1.9989985726236974,-0.1871142594209359,0.4588775774566219,0.0,-0.02873323580454683,-0.01007320370155223,0.0
3.00999999999998,4.446749726954951,2.527579434402122,1.9989987155535631,-0.1948864725562398,0.4556826475676792,0.0,-0.02901111923127793,-0.01104673529013256,0.0
3.0199999999999796,4.446749726954951,2.527579434402122,1.9989987155535631,-0.1948864725562398,0.4556826475676792,0.0,-0.029077380770519825,-0.011003193043961065,0.0
3.0299999999999794,4.446749726954951,2.527579434402122,1.9989987155535631,-0.1948864725562398,0.4556826475676792,0.0,-0.02914364285046094,-0.010959650427779763,0.0
3.039999999999979,4.440192503755405,2.542559088014639,1.9989986687295478,-0.20233940855630275,0.45237870065455404,0.0,-0.02849492797911722,-0.010992023522186931,0.0
3.049999999999979,4.440192503755405,2.542559088014639,1.9989986687295478,-0.20233940855630275,0.45237870065455404,0.0,-0.028560204468396116,-0.010949347768356783,0.0
3.0599999999999787,4.440192503755405,2.542559088014639,1.9989986687295478,-0.20233940855630275,0.45237870065455404,0.0,-0.02862548149961116,-0.010906671647280177,0.0
3.0699999999999785,4.433388646739823,2.5574314707215104,1.998998477223267,-0.20977616871577928,0.44904501063977553,0.0,-0.03099324594839058,-0.015794067613301637,0.0
3.0799999999999783,4.433388646739823,2.5574314707215104,1.998998477223267,-0.20977616871577928,0.44904501063977553,0.0,-0.02851169892062939,-0.01232885198865353,0.0
3.089999999999978,4.433388646739823,2.5574314707215104,1.998998477223267,-0.20977616871577928,0.44904501063977553,0.0,-0.02857673444279518,-0.012287344039667442,0.0
3.099999999999978,4.433388646739823,2.5574314707215104,1.998998477223267,-0.20977616871577928,0.44904501063977553,0.0,-0.02864177051385462,-0.012245835736381395,0.0
3.1099999999999777,4.426125269746827,2.5726324225392934,1.9989981378846657,-0.21713169932594928,0.4449546412195295,0.0,-0.028649857099673385,-0.013722101612646991,0.0
3.1199999999999775,4.426125269746827,2.5726324225392934,1.9989981378846657,-0.21713169932594928,0.4449546412195295,0.0,-0.02871519535352098,-0.013681833441739098,0.0
3.1299999999999772,4.426125269746827,2.5726324225392934,1.9989981378846657,-0.21713169932594928,0.4449546412195295,0.0,-0.02878053416486265,-0.013641564932321593,0.0
3.139999999999977,4.418835471343401,2.5872448312525598,1.998998598667166,-0.2248326336383571,0.4416827766246282,0.0,-0.027663332535997922,-0.013087489872669536,0.0
3.149999999999977,4.418835471343401,2.5872448312525598,1.998998598667166,-0.2248326336383571,0.4416827766246282,0.0,-0.02772769473557323,-0.013048234844114086,0.0
3.1599999999999766,4.418835471343401,2.5872448312525598,1.998998598667166,-0.2248326336383571,0.4416827766246282,0.0,-0.02779205748685132,-0.013008979483202383,0.0
3.1699999999999764,4.411294023811647,2.601752790582057,1.9989984272832182,-0.23200884945249234,0.4377217230216867,0.0,-0.029732432189157408,-0.018213269658159576,0.0
3.179999999999976,4.411294023811647,2.601752790582057,1.9989984272832182,-0.23200884945249234,0.4377217230216867,0.0,-0.027871498278645573,-0.013181769495161423,0.0
3.189999999999976,4.411294023811647,2.601752790582057,1.9989984272832182,-0.23200884945249234,0.4377217230216867,0.0,-0.027935683604479167,-0.013143573651485918,0.0
3.1999999999999758,4.411294023811647,2.601752790582057,1.9989984272832182,-0.23200884945249234,0.4377217230216867,0.0,-0.02799986948564876,-0.013105377482202309,0.0
3.2099999999999755,4.403278562923597,2.6165611346196695,1.998998613078225,-0.2393870557861676,0.43370090739811623,0.0,-0.028051742217201792,-0.014620227022766488,0.0
3.2199999999999753,4.403278562923597,2.6165611346196695,1.998998613078225,-0.2393870557861676,0.43370090739811623,0.0,-0.028116269251650002,-0.014583183590551458,0.0
3.229999999999975,4.403278562923597,2.6165611346196695,1.998998613078225,-0.2393870557861676,0.43370090739811623,0.0,-0.02818079685006427,-0.014546139848138614,0.0
3.239999999999975,4.395256449425327,2.630808125794634,1.9989987567042613,-0.24656519088063145,0.42982494965181944,0.0,-0.02690839853085062,-0.013745143288064615,0.0
3.2499999999999747,4.395256449425327,2.630808125794634,1.9989987567042613,-0.24656519088063145,0.42982494965181944,0.0,-0.026971992283719923,-0.013708983219458633,0.0
3.2599999999999745,4.395256449425327,2.630808125794634,1.9989987567042613,-0.24656519088063145,0.42982494965181944,0.0,-0.027035586593359116,-0.013672822845640583,0.0
3.2699999999999743,4.386998941137952,2.6449242708544953,1.9989986454229207,-0.2536705459726748,0.4258093410705258,0.0,-0.02873481273463277,-0.019271389714726125,0.0
3.279999999999974,4.386998941137952,2.6449242708544953,1.9989986454229207,-0.2536705459726748,0.4258093410705258,0.0,-0.0266444567277409,-0.013713670732073706,0.0
3.289999999999974,4.386998941137952,2.6449242708544953,1.9989986454229207,-0.2536705459726748,0.4258093410705258,0.0,-0.026707888250939043,-0.01367848273109282,0.0
3.2999999999999736,4.386998941137952,2.6449242708544953,1.9989986454229207,-0.2536705459726748,0.4258093410705258,0.0,-0.0267713203348418,-0.013643294431456473,0.0
3.3099999999999734,4.378247941755693,2.6593262082537854,1.9989983648724354,-0.2608722430346999,0.42146975193870534,0.0,-0.026759403762954152,-0.0145245386228816,0.0
3.319999999999973,4.378247941755693,2.6593262082537854,1.9989983648724354,-0.2608722430346999,0.42146975193870534,0.0,-0.026823162043119023,-0.014490462129331918,0.0
3.329999999999973,4.378247941755693,2.6593262082537854,1.9989983648724354,-0.2608722430346999,0.42146975193870534,0.0,-0.02688692089439384,-0.014456385348032912,0.0
3.3399999999999728,4.369528686310929,2.6731537896210207,1.9989982021501853,-0.26694023546418444,0.4163617391399566,0.0,-0.025737442839841376,-0.012723855545894648,0.0
3.3499999999999726,4.369528686310929,2.6731537896210207,1.9989982021501853,-0.26694023546418444,0.4163617391399566,0.0,-0.025800331047916746,-0.01269048840053115,0.0
3.3599999999999723,4.369528686310929,2.6731537896210207,1.9989982021501853,-0.26694023546418444,0.4163617391399566,0.0,-0.02586321982303219,-0.012657120964512953,0.0
3.369999999999972,4.360613056574001,2.6868392968494472,1.9989981886502384,-0.2732378923533144,0.4125870075086782,0.0,-0.02742994114014009,-0.01824185161147934,0.0
3.379999999999972,4.360613056574001,2.6868392968494472,1.9989981886502384,-0.2732378923533144,0.4125870075086782,0.0,-0.02561535661972905,-0.013038441411975207,0.0
3.3899999999999717,4.360613056574001,2.6868392968494472,1.9989981886502384,-0.2732378923533144,0.4125870075086782,0.0,-0.0256781004132164,-0.013005966135600733,0.0
3.3999999999999715,4.360613056574001,2.6868392968494472,1.9989981886502384,-0.2732378923533144,0.4125870075086782,0.0,-0.02574084477785919,-0.01297349057622668,0.0
3.4099999999999713,4.351165608191426,2.700774684577479,1.9989987356102457,-0.28152138371453084,0.40759610609257646,0.0,-0.025133288910372874,-0.014075978183667261,0.0
3.419999999999971,4.351165608191426,2.700774684577479,1.9989987356102457,-0.28152138371453084,0.40759610609257646,0.0,-0.025196361511785594,-0.0140445614499454,0.0
3.429999999999971,4.351165608191426,2.700774684577479,1.9989987356102457,-0.28152138371453084,0.40759610609257646,0.0,-0.025259434691648132,-0.01401314444793106,0.0
3.4399999999999706,4.341760242570647,2.7141477697025977,1.9989987911026301,-0.28827092837326784,0.402993397123558,0.0,-0.023703419391929253,-0.01292775171113035,0.0
3.4499999999999704,4.341760242570647,2.7141477697025977,1.9989987911026301,-0.28827092837326784,0.402993397123558,0.0,-0.023765595091297886,-0.012896975368729208,0.0
3.45999999999997,4.341760242570647,2.7141477697025977,1.9989987911026301,-0.28827092837326784,0.402993397123558,0.0,-0.023827771360762584,-0.012866198760756288,0.0
3.46999999999997,4.332133730934965,2.7273666592294927,1.9989987425113265,-0.2949440029930439,0.3982788281199283,0.0,-0.024806440356472847,-0.019055376043857937,0.0
3.47999999999997,4.332133730934965,2.7273666592294927,1.9989987425113265,-0.2949440029930439,0.3982788281199283,0.0,-0.023146873235724088,-0.013103679031597997,0.0
3.4899999999999696,4.332133730934965,2.7273666592294927,1.9989987425113265,-0.2949440029930439,0.3982788281199283,0.0,-0.023208751017417602,-0.01307388349336738,0.0
3.4999999999999694,4.332133730934965,2.7273666592294927,1.9989987425113265,-0.2949440029930439,0.3982788281199283,0.0,-0.023270629364578757,-0.013044087701749679,0.0
3.509999999999969,4.321986686004232,2.7408212896728155,1.9989985155140855,-0.30174198268663915,0.39331448881603165,0.0,-0.022766812736398963,-0.01452464868296246,0.0
3.519999999999969,4.321986686004232,2.7408212896728155,1.9989985155140855,-0.30174198268663915,0.39331448881603165,0.0,-0.022828831170533755,-0.014496032258755055,0.0
3.5299999999999687,4.321986686004232,2.7408212896728155,1.9989985155140855,-0.30174198268663915,0.39331448881603165,0.0,-0.02289085016986245,-0.014467415600895447,0.0
3.5399999999999685,4.311920161668823,2.753714712693519,1.9989981325418522,-0.30811912035495487,0.3882531402035476,0.0,-0.021936370994375527,-0.013137030616929756,0.0
3.5499999999999683,4.311920161668823,2.753714712693519,1.9989981325418522,-0.30811912035495487,0.3882531402035476,0.0,-0.021997426616905152,-0.013109065827490843,0.0
3.559999999999968,4.311920161668823,2.753714712693519,1.9989981325418522,-0.30811912035495487,0.3882531402035476,0.0,-0.022058482793255115,-0.013081100805972499,0.0
3.569999999999968,4.301716744306466,2.766468249359402,1.998998957030142,-0.3099201285556057,0.3847870731522362,0.0,-0.023247628264900237,-0.017192716546720485,0.0
3.5799999999999677,4.301716744306466,2.766468249359402,1.998998957030142,-0.3099201285556057,0.3847870731522362,0.0,-0.021939442791309237,-0.010626822504392244,0.0
3.5899999999999674,4.301716744306466,2.766468249359402,1.998998957030142,-0.3099201285556057,0.3847870731522362,0.0,-0.022000232767089328,-0.010599718899266792,0.0
3.5999999999999672,4.301716744306466,2.766468249359402,1.998998957030142,-0.3099201285556057,0.3847870731522362,0.0,-0.02206102329656722,-0.010572615057995458,0.0
3.609999999999967,4.291001827470163,2.7794530335977665,1.9989986637190287,-0.32081935396303546,0.37742759741396015,0.0,-0.020317625814589978,-0.013837640196230985,0.0
3.619999999999967,4.291001827470163,2.7794530335977665,1.9989986637190287,-0.32081935396303546,0.37742759741396015,0.0,-0.020378544151057255,-0.013811635065837031,0.0
3.6299999999999666,4.291001827470163,2.7794530335977665,1.9989986637190287,-0.32081935396303546,0.37742759741396015,0.0,-0.02043946303750055,-0.013785629729000035,0.0
3.6399999999999664,4.280308261543084,2.7918188318662183,1.9989987761737356,-0.3270651813984852,0.37214825132888774,0.0,-0.019839427511140508,-0.012252004253979815,0.0
3.649999999999966,4.280308261543084,2.7918188318662183,1.9989987761737356,-0.3270651813984852,0.37214825132888774,0.0,-0.01989939549686098,-0.012226494704914957,0.0
3.659999999999966,4.280308261543084,2.7918188318662183,1.9989987761737356,-0.3270651813984852,0.37214825132888774,0.0,-0.01995936402391935,-0.012200984947072183,0.0
3.6699999999999657,4.269409949723169,2.8040088235441973,1.9989987766037653,-0.3332381192166705,0.3667827437506841,0.0,-0.02008469086883817,-0.018906681323578173,0.0
3.6799999999999655,4.269409949723169,2.8040088235441973,1.9989987766037653,-0.3332381192166705,0.3667827437506841,0.0,-0.01945478823134637,-0.012407339982805621,0.0
3.6899999999999653,4.269409949723169,2.8040088235441973,1.9989987766037653,-0.3332381192166705,0.3667827437506841,0.0,-0.019514491351217043,-0.012382626000498487,0.0
3.699999999999965,4.269409949723169,2.8040088235441973,1.9989987766037653,-0.3332381192166705,0.3667827437506841,0.0,-0.019574195010581597,-0.012357911817791906,0.0
3.709999999999965,4.257970001910667,2.816381098761116,1.9989986205448547,-0.33951475704148215,0.36115864009633186,0.0,-0.019031657517623157,-0.013389164068938336,0.0
3.7199999999999647,4.257970001910667,2.816381098761116,1.9989986205448547,-0.33951475704148215,0.36115864009633186,0.0,-0.019091491998305007,-0.013365492185531009,0.0
3.7299999999999645,4.257970001910667,2.816381098761116,1.9989986205448547,-0.33951475704148215,0.36115864009633186,0.0,-0.01915132701996785,-0.013341820116416162,0.0
3.7399999999999642,4.246665138217561,2.8282037504794553,1.9989982540955766,-0.34542000089404634,0.35551404711131307,0.0,-0.018773292557069624,-0.0117499884852915,0.0
3.749999999999964,4.246665138217561,2.8282037504794553,1.9989982540955766,-0.34542000089404634,0.35551404711131307,0.0,-0.01883225165726773,-0.01172666458158434,0.0
3.759999999999964,4.246665138217561,2.8282037504794553,1.9989982540955766,-0.34542000089404634,0.35551404711131307,0.0,-0.018891211293728647,-0.011703340486994363,0.0
3.7699999999999636,4.235184034039894,2.839834209650646,1.9989983874208652,-0.35045646105978195,0.3499784347518344,0.0,-0.01864510526651447,-0.01816520844086764,0.0
3.7799999999999634,4.235184034039894,2.839834209650646,1.9989983874208652,-0.35045646105978195,0.3499784347518344,0.0,-0.018745252803677715,-0.011232105731481576,0.0
3.789999999999963,4.235184034039894,2.839834209650646,1.9989983874208652,-0.35045646105978195,0.3499784347518344,0.0,-0.018803976282448166,-0.011209490869030891,0.0
3.799999999999963,4.235184034039894,2.839834209650646,1.9989983874208652,-0.35045646105978195,0.3499784347518344,0.0,-0.018862700299954904,-0.011186875818537693,0.0
3.8099999999999627,4.223174024553984,2.8516137613197756,1.998999125588636,-0.3566952590848766,0.34325738584753457,0.0,-0.018500541357664293,-0.012298799595081011,0.0
3.8199999999999625,4.223174024553984,2.8516137613197756,1.998999125588636,-0.3566952590848766,0.34325738584753457,0.0,-0.01855941658289251,-0.012277164856145231,0.0
3.8299999999999623,4.223174024553984,2.8516137613197756,1.998999125588636,-0.3566952590848766,0.34325738584753457,0.0,-0.01861829234954588,-0.012255529942930624,0.0
3.839999999999962,4.21129882981151,2.8628489670912938,1.9989986867494551,-0.3625854192582954,0.3375829381538032,0.0,-0.019325449712010143,-0.010751519593789059,0.0
3.849999999999962,4.21129882981151,2.8628489670912938,1.9989986867494551,-0.3625854192582954,0.3375829381538032,0.0,-0.019383529854420326,-0.010730215017275935,0.0
3.8599999999999617,4.21129882981151,2.8628489670912938,1.9989986867494551,-0.3625854192582954,0.3375829381538032,0.0,-0.019441610535690674,-0.010708910260195985,0.0
3.8699999999999615,4.199237844409998,2.873888137746653,1.9989987663340754,-0.36819599163870653,0.33161967998494046,0.0,-0.018725838202933033,-0.017784012327678494,0.0
3.8799999999999613,4.199237844409998,2.873888137746653,1.9989987663340754,-0.36819599163870653,0.33161967998494046,0.0,-0.019854379966466832,-0.010496051871857223,0.0
3.889999999999961,4.199237844409998,2.873888137746653,1.9989987663340754,-0.36819599163870653,0.33161967998494046,0.0,-0.01991232301784299,-0.010475643414381527,0.0
3.899999999999961,4.199237844409998,2.873888137746653,1.9989987663340754,-0.36819599163870653,0.33161967998494046,0.0,-0.019970266607362817,-0.010455234783362813,0.0
3.9099999999999606,4.186619590572573,2.885054267832858,1.998998650400709,-0.37387312911044074,0.3253800188992525,0.0,-0.019993193720805023,-0.012016848930972933,0.0
3.9199999999999604,4.186619590572573,2.885054267832858,1.998998650400709,-0.37387312911044074,0.3253800188992525,0.0,-0.020051329619512417,-0.011997625208646012,0.0
3.92999999999996,4.186619590572573,2.885054267832858,1.998998650400709,-0.37387312911044074,0.3253800188992525,0.0,-0.02010946605733055,-0.011978401330641798,0.0
3.93999999999996,4.174191505469199,2.8956860568593044,1.9989983247653125,-0.3790837917908627,0.3190868380158001,0.0,-0.02045481236611798,-0.011040509783715277,0.0
3.9499999999999598,4.174191505469199,2.8956860568593044,1.9989983247653125,-0.3790837917908627,0.3190868380158001,0.0,-0.0205122505528496,-0.011021709372458166,0.0
3.9599999999999596,4.174191505469199,2.8956860568593044,1.9989983247653125,-0.3790837917908627,0.3190868380158001,0.0,-0.020569689273112323,-0.011002908804689631,0.0
3.9699999999999593,4.161600076311486,2.90610508597938,1.9989983711120098,-0.384343060228167,0.3129416745696756,0.0,-0.019551528838967467,-0.01823904329031134,0.0
3.979999999999959,4.161600076311486,2.90610508597938,1.9989983711120098,-0.384343060228167,0.3129416745696756,0.0,-0.020608183963008023,-0.01164021397538887,0.0
3.989999999999959,4.161600076311486,2.90610508597938,1.9989983711120098,-0.384343060228167,0.3129416745696756,0.0,-0.02066546163130387,-0.011622205285540784,0.0
3.9999999999999587,4.161600076311486,2.90610508597938,1.9989983711120098,-0.384343060228167,0.3129416745696756,0.0,-0.020722739832105916,-0.01160419644886491,0.0
4.009999999999959,4.148444254727353,2.916627888072699,1.9989982089659377,-0.3892759205347655,0.30616835661627073,0.0,-0.02021432314386809,-0.013198460415380852,0.0
4.019999999999959,4.148444254727353,2.916627888072699,1.9989982089659377,-0.3892759205347655,0.30616835661627073,0.0,-0.020271798767683157,-0.01318154297154121,0.0
4.0299999999999585,4.148444254727353,2.916627888072699,1.9989982089659377,-0.3892759205347655,0.30616835661627073,0.0,-0.0203292749243575,-0.013164625398483449,0.0
4.039999999999958,4.135517637222226,2.9266142990855015,1.9989985301709403,-0.3945819848045847,0.2997942595799438,0.0,-0.020106173397844318,-0.012503350790701985,0.0
4.049999999999958,4.135517637222226,2.9266142990855015,1.9989985301709403,-0.3945819848045847,0.2997942595799438,0.0,-0.020162990164228265,-0.01248670092206643,0.0
4.059999999999958,4.135517637222226,2.9266142990855015,1.9989985301709403,-0.3945819848045847,0.2997942595799438,0.0,-0.020219807457524823,-0.012470050923734606,0.0
4.069999999999958,4.122415762473016,2.936393849868488,1.9989986978296301,-0.39943210498334053,0.2931859422634911,0.0,-0.018929638010492602,-0.019821491080262245,0.0
4.079999999999957,4.122415762473016,2.936393849868488,1.9989986978296301,-0.39943210498334053,0.2931859422634911,0.0,-0.01939140182838435,-0.012663367357812311,0.0
4.089999999999957,4.122415762473016,2.936393849868488,1.9989986978296301,-0.39943210498334053,0.2931859422634911,0.0,-0.019448035529403898,-0.012647422746824717,0.0
4.099999999999957,4.122415762473016,2.936393849868488,1.9989986978296301,-0.39943210498334053,0.2931859422634911,0.0,-0.01950466975493774,-0.012631478014400375,0.0
4.109999999999957,4.1087468407743355,2.946243641913963,1.99899863049606,-0.4044480329804774,0.28639217412346163,0.0,-0.01897088861520457,-0.014147467046047505,0.0
4.119999999999957,4.1087468407743355,2.946243641913963,1.99899863049606,-0.4044480329804774,0.28639217412346163,0.0,-0.01902762882133479,-0.014132586636574657,0.0
4.129999999999956,4.1087468407743355,2.946243641913963,1.99899863049606,-0.4044480329804774,0.28639217412346163,0.0,-0.019084369552646016,-0.014117706121951781,0.0
4.139999999999956,4.095323527664964,2.9555784175913313,1.9989984244718901,-0.408613646880452,0.27933523945244576,0.0,-0.018460046683221633,-0.012516572746949162,0.0
4.149999999999956,4.095323527664964,2.9555784175913313,1.9989984244718901,-0.408613646880452,0.27933523945244576,0.0,-0.018516105799587988,-0.01250184954345254,0.0
4.159999999999956,4.095323527664964,2.9555784175913313,1.9989984244718901,-0.408613646880452,0.27933523945244576,0.0,-0.018572165435898045,-0.01248712623012976,0.0
4.1699999999999555,4.081755098764602,2.964688462572401,1.9989986262042991,-0.41358234686424367,0.27294452209073944,0.0,-0.01736734440520607,-0.02016434526984584,0.0
4.179999999999955,4.081755098764602,2.964688462572401,1.9989986262042991,-0.41358234686424367,0.27294452209073944,0.0,-0.01799792797766733,-0.013000862105168239,0.0
4.189999999999955,4.081755098764602,2.964688462572401,1.9989986262042991,-0.41358234686424367,0.27294452209073944,0.0,-0.01805379870878386,-0.012986774793299264,0.0
4.199999999999955,4.081755098764602,2.964688462572401,1.9989986262042991,-0.41358234686424367,0.27294452209073944,0.0,-0.01810966996008495,-0.012972687379191251,0.0
4.209999999999955,4.067611528873342,2.9738467510136855,1.9989984641785323,-0.41820343116503245,0.2659453930677568,0.0,-0.017206830257281876,-0.014399614535696603,0.0
4.2199999999999545,4.067611528873342,2.9738467510136855,1.9989984641785323,-0.41820343116503245,0.2659453930677568,0.0,-0.017262798312334113,-0.014386516938222457,0.0
4.229999999999954,4.067611528873342,2.9738467510136855,1.9989984641785323,-0.41820343116503245,0.2659453930677568,0.0,-0.017318766888915243,-0.014373419253594697,0.0
4.239999999999954,4.053741888039193,2.982502520636377,1.998998287054384,-0.4219393698658649,0.2586212882102581,0.0,-0.016878233189095745,-0.011361885191411908,0.0
4.249999999999954,4.053741888039193,2.982502520636377,1.998998287054384,-0.4219393698658649,0.2586212882102581,0.0,-0.016933473675885533,-0.011348907193089534,0.0
4.259999999999954,4.053741888039193,2.982502520636377,1.998998287054384,-0.4219393698658649,0.2586212882102581,0.0,-0.016988714679815338,-0.011335929097685868,0.0
4.269999999999953,4.0397363889722495,2.9909219384843104,1.9989985237509231,-0.4266149259788444,0.2518236583670342,0.0,-0.015582308728297516,-0.019094643890213266,0.0
4.279999999999953,4.0397363889722495,2.9909219384843104,1.9989985237509231,-0.4266149259788444,0.2518236583670342,0.0,-0.016173971060917565,-0.011581327880732118,0.0
4.289999999999953,4.0397363889722495,2.9909219384843104,1.9989985237509231,-0.4266149259788444,0.2518236583670342,0.0,-0.016228937961968698,-0.011569123437087726,0.0
4.299999999999953,4.0397363889722495,2.9909219384843104,1.9989985237509231,-0.4266149259788444,0.2518236583670342,0.0,-0.01628390537609011,-0.01155691890532593,0.0
4.3099999999999525,4.025154141908527,2.9993577928305837,1.9989985460556807,-0.4309579222507843,0.24457219715490128,0.0,-0.015221280527910433,-0.013136540923577914,0.0
4.319999999999952,4.025154141908527,2.9993577928305837,1.9989985460556807,-0.4309579222507843,0.24457219715490128,0.0,-0.01527623359185224,-0.013125472032909402,0.0
4.329999999999952,4.025154141908527,2.9993577928305837,1.9989985460556807,-0.4309579222507843,0.24457219715490128,0.0,-0.015331187166918446,-0.013114403071252174,0.0
4.339999999999952,4.010874077590587,3.007302333608148,1.9989989736865263,-0.43420436764984666,0.23708180790238706,0.0,-0.014224932717460673,-0.010866580310158327,0.0
4.349999999999952,4.010874077590587,3.007302333608148,1.9989989736865263,-0.43420436764984666,0.23708180790238706,0.0,-0.014279102722525902,-0.010855685271922055,0.0
4.3599999999999515,4.010874077590587,3.007302333608148,1.9989989736865263,-0.43420436764984666,0.23708180790238706,0.0,-0.014333273231015626,-0.010844790157157317,0.0
4.369999999999951,3.996461408834301,3.015014937009277,1.9989987315362905,-0.4387459151690125,0.23030441700768683,0.0,-0.012893542327083136,-0.018767327979446545,0.0
4.379999999999951,3.996461408834301,3.015014937009277,1.9989987315362905,-0.4387459151690125,0.23030441700768683,0.0,-0.01374825451515126,-0.011310247981664107,0.0
4.389999999999951,3.996461408834301,3.015014937009277,1.9989987315362905,-0.4387459151690125,0.23030441700768683,0.0,-0.013802091117767952,-0.011300014791032181,0.0
4.399999999999951,3.996461408834301,3.015014937009277,1.9989987315362905,-0.4387459151690125,0.23030441700768683,0.0,-0.013855928222186361,-0.011289781531357224,0.0
4.40999999999995,3.9814748288165664,3.0227156277137923,1.9989986287888624,-0.4426914518866638,0.2228886641526776,0.0,-0.012855830559632724,-0.011831010484600498,0.0
4.41999999999995,3.9814748288165664,3.0227156277137923,1.9989986287888624,-0.4426914518866638,0.2228886641526776,0.0,-0.012909607045562306,-0.01182181366006781,0.0
4.42999999999995,3.9814748288165664,3.0227156277137923,1.9989986287888624,-0.4426914518866638,0.2228886641526776,0.0,-0.012963384032449133,-0.011812616778671877,0.0
4.43999999999995,3.9668043384089247,3.0299468549551714,1.9989983939896372,-0.44630274972033745,0.21558140006785317,0.0,-0.01215612287822263,-0.008947790870970735,0.0
4.4499999999999496,3.9668043384089247,3.0299468549551714,1.9989983939896372,-0.44630274972033745,0.21558140006785317,0.0,-0.012209111564423374,-0.008938598708076808,0.0
4.459999999999949,3.9668043384089247,3.0299468549551714,1.9989983939896372,-0.44630274972033745,0.21558140006785317,0.0,-0.012262100743798335,-0.008929406479540616,0.0
4.469999999999949,3.952026101782229,3.0369306376431457,1.9989986042030221,-0.44906886435730703,0.20776718212990034,0.0,-0.010749569196820378,-0.007696041360176695,0.0
4.479999999999949,3.952026101782229,3.0369306376431457,1.9989986042030221,-0.44906886435730703,0.20776718212990034,0.0,-0.01080221792650458,-0.00768738746691639,0.0
4.489999999999949,3.952026101782229,3.0369306376431457,1.9989986042030221,-0.44906886435730703,0.20776718212990034,0.0,-0.01085486714384063,-0.00767873351046614,0.0
4.4999999999999485,3.952026101782229,3.0369306376431457,1.9989986042030221,-0.44906886435730703,0.20776718212990034,0.0,-0.010907516848981268,-0.007670079490752708,0.0
4.509999999999948,3.9366777928409213,3.043868571103196,1.9989983546907197,-0.45312847193384376,0.20033126501730258,0.0,-0.009821984564169746,-0.00821966534406491,0.0
4.519999999999948,3.9366777928409213,3.043868571103196,1.9989983546907197,-0.45312847193384376,0.20033126501730258,0.0,-0.009874528314496474,-0.00821195058046664,0.0
4.529999999999948,3.9366777928409213,3.043868571103196,1.9989983546907197,-0.45312847193384376,0.20033126501730258,0.0,-0.009927072548400664,-0.008204235765027644,0.0
4.539999999999948,3.9216834659968267,3.050346735217645,1.998999116229546,-0.4560074791842464,0.19276756462154895,0.0,-0.008630163588697257,-0.00549115702373094,0.0
4.549999999999947,3.9216834659968267,3.050346735217645,1.998999116229546,-0.4560074791842464,0.19276756462154895,0.0,-0.008681910777503875,-0.005483300205013425,0.0
4.559999999999947,3.9216834659968267,3.050346735217645,1.998999116229546,-0.4560074791842464,0.19276756462154895,0.0,-0.008733658439869512,-0.005475443325888098,0.0
4.569999999999947,3.906571096636691,3.05658447789519,1.9989987666013063,-0.45948529680031786,0.18537299521352954,0.0,-0.006848487656660917,-0.013129147399993563,0.0
4.579999999999947,3.906571096636691,3.05658447789519,1.9989987666013063,-0.45948529680031786,0.18537299521352954,0.0,-0.007754180207257043,-0.00550881409100088,0.0
4.589999999999947,3.906571096636691,3.05658447789519,1.9989987666013063,-0.45948529680031786,0.18537299521352954,0.0,-0.007805552046864065,-0.005501413056146505,0.0
4.599999999999946,3.906571096636691,3.05658447789519,1.9989987666013063,-0.45948529680031786,0.18537299521352954,0.0,-0.007856924356089272,-0.005494011965488573,0.0
4.609999999999946,3.890892360804532,3.0627512003119235,1.9989987398223388,-0.46267838497444513,0.1775932319440436,0.0,-0.006599271049000681,-0.005944987154477953,0.0
4.619999999999946,3.890892360804532,3.0627512003119235,1.9989987398223388,-0.46267838497444513,0.1775932319440436,0.0,-0.00665046334149851,-0.005938463372280739,0.0
4.629999999999946,3.890892360804532,3.0627512003119235,1.9989987398223388,-0.46267838497444513,0.1775932319440436,0.0,-0.0067016561000164026,-0.005931939544290788,0.0
4.6399999999999455,3.875573402790778,3.068482582099082,1.9989985386509175,-0.4656401986477269,0.16998822561477403,0.0,-0.006561161281808276,-0.0037486893110892407,0.0
4.649999999999945,3.875573402790778,3.068482582099082,1.9989985386509175,-0.4656401986477269,0.16998822561477403,0.0,-0.0066115847215041665,-0.0037419777332642124,0.0
4.659999999999945,3.875573402790778,3.068482582099082,1.9989985386509175,-0.4656401986477269,0.16998822561477403,0.0,-0.006662008620504817,-0.0037352661017493916,0.0
4.669999999999945,3.8601608434759345,3.0739614237453563,1.9989982219812765,-0.468351908861325,0.16229067031030295,0.0,-0.00451106826370597,-0.01110633341813431,0.0
4.679999999999945,3.8601608434759345,3.0739614237453563,1.9989982219812765,-0.468351908861325,0.16229067031030295,0.0,-0.005893519117722465,-0.0036908572294809903,0.0
4.689999999999944,3.8601608434759345,3.0739614237453563,1.9989982219812765,-0.468351908861325,0.16229067031030295,0.0,-0.005943516461557867,-0.0036847290510148706,0.0
4.699999999999944,3.8601608434759345,3.0739614237453563,1.9989982219812765,-0.468351908861325,0.16229067031030295,0.0,-0.005993514256494784,-0.0036786008247858245,0.0
4.709999999999944,3.844206122249953,3.0793435303232206,1.9989983887084393,-0.47033369058901264,0.15485228162488548,0.0,-0.00485115277677409,-0.004664783197119327,0.0
4.719999999999944,3.844206122249953,3.0793435303232206,1.9989983887084393,-0.47033369058901264,0.15485228162488548,0.0,-0.004900953799855481,-0.0046596438457622204,0.0
4.729999999999944,3.844206122249953,3.0793435303232206,1.9989983887084393,-0.47033369058901264,0.15485228162488548,0.0,-0.004950755267552259,-0.004654504458947596,0.0
4.739999999999943,3.828648550501146,3.0843058139352215,1.998998709845335,-0.4732612102652157,0.1464799400759435,0.0,-0.004605795458934526,-0.0038562704972618786,0.0
4.749999999999943,3.828648550501146,3.0843058139352215,1.998998709845335,-0.4732612102652157,0.1464799400759435,0.0,-0.004654813970363478,-0.0038510028840838366,0.0
4.759999999999943,3.828648550501146,3.0843058139352215,1.998998709845335,-0.4732612102652157,0.1464799400759435,0.0,-0.0047038329188214085,-0.0038457352321004425,0.0
4.769999999999943,3.8129909147241356,3.0890064846900542,1.9989987666380162,-0.475635289406382,0.13865701961968185,0.0,-0.0023390064623400614,-0.011176477328870834,0.0
4.7799999999999425,3.8129909147241356,3.0890064846900542,1.9989987666380162,-0.475635289406382,0.13865701961968185,0.0,-0.004380220387834081,-0.0037213778787450217,0.0
4.789999999999942,3.8129909147241356,3.0890064846900542,1.9989987666380162,-0.475635289406382,0.13865701961968185,0.0,-0.004428842221459722,-0.0037165889340952476,0.0
4.799999999999942,3.8129909147241356,3.0890064846900542,1.9989987666380162,-0.475635289406382,0.13865701961968185,0.0,-0.004477464490155934,-0.0037117999544343883,0.0
4.809999999999942,3.796776905838672,3.0935797679344637,1.9989987818473887,-0.47803249032888556,0.13058692798555552,0.0,-0.004030039552927558,-0.004614847048873363,0.0
4.819999999999942,3.796776905838672,3.0935797679344637,1.9989987818473887,-0.47803249032888556,0.13058692798555552,0.0,-0.004078416406984942,-0.004610976488523738,0.0
4.8299999999999415,3.796776905838672,3.0935797679344637,1.9989987818473887,-0.47803249032888556,0.13058692798555552,0.0,-0.00412679369440733,-0.004607105903598187,0.0
4.839999999999941,3.7809642438686355,3.0977554281213044,1.9989986630157706,-0.4802401790475193,0.12271885113269423,0.0,-0.003820562202426903,-0.002130795049054303,0.0
4.849999999999941,3.7809642438686355,3.0977554281213044,1.9989986630157706,-0.4802401790475193,0.12271885113269423,0.0,-0.0038681862288906413,-0.002126667404137345,0.0
4.859999999999941,3.7809642438686355,3.0977554281213044,1.9989986630157706,-0.4802401790475193,0.12271885113269423,0.0,-0.0039158106844958155,-0.002122539726125423,0.0
4.869999999999941,3.765081581037561,3.101670678512275,1.9989983399489792,-0.48225427646513314,0.11479989311902761,0.0,-0.0013255886319323781,-0.00934784012122138,0.0
4.87999999999994,3.765081581037561,3.101670678512275,1.9989983399489792,-0.48225427646513314,0.11479989311902761,0.0,-0.003071567540498337,-0.0014739952576175838,0.0
4.88999999999994,3.765081581037561,3.101670678512275,1.9989983399489792,-0.48225427646513314,0.11479989311902761,0.0,-0.003118781317714057,-0.0014702608645275192,0.0
4.89999999999994,3.765081581037561,3.101670678512275,1.9989983399489792,-0.48225427646513314,0.11479989311902761,0.0,-0.003165995522011377,-0.0014665264404053649,0.0
4.90999999999994,3.7486600710703026,3.1054392783567644,1.9989979364209245,-0.48302454127818417,0.10806553138612345,0.0,-0.002852029019143514,-0.0017278113238006177,0.0
4.9199999999999395,3.7486600710703026,3.1054392783567644,1.9989979364209245,-0.48302454127818417,0.10806553138612345,0.0,-0.002899001603564639,-0.0017249036576468075,0.0
4.929999999999939,3.7486600710703026,3.1054392783567644,1.9989979364209245,-0.48302454127818417,0.10806553138612345,0.0,-0.002945974615491866,-0.0017219959684543803,0.0
4.939999999999939,3.7326972020222144,3.1088864169151718,1.9989983737360968,-0.4855144391463701,0.09903263832532652,0.0,-0.003038747065292263,0.0005452422947663918,0.0
4.949999999999939,3.7326972020222144,3.1088864169151718,1.9989983737360968,-0.4855144391463701,0.09903263832532652,0.0,-0.0030850445654761766,0.000548539692998062,0.0
4.959999999999939,3.7326972020222144,3.1088864169151718,1.9989983737360968,-0.4855144391463701,0.09903263832532652,0.0,-0.0031313424943051776,0.0005518371234114104,0.0
4.9699999999999385,3.716650339798476,3.1120040189115503,1.9989986999185039,-0.48704624598557683,0.09057750430086692,0.0,-7.489088203542492e-05,-0.006457232365539176,0.0
4.979999999999938,3.716650339798476,3.1120040189115503,1.9989986999185039,-0.48704624598557683,0.09057750430086692,0.0,-0.0030132186416542786,0.0010675107688478689,0.0
4.989999999999938,3.716650339798476,3.1120040189115503,1.9989986999185039,-0.48704624598557683,0.09057750430086692,0.0,-0.003059089606358645,0.001070493857507058,0.0
4.999999999999938,3.716650339798476,3.1120040189115503,1.9989986999185039,-0.48704624598557683,0.09057750430086692,0.0,-0.0031049610012754223,0.0010734769768245562,0.0
5.009999999999938,3.7000625385756303,3.114938919370793,1.9989987773544415,-0.48862687952125217,0.08229935885651538,0.0,-0.0024211647575571164,0.000576667286416584,0.0
5.019999999999937,3.7000625385756303,3.114938919370793,1.9989987773544415,-0.48862687952125217,0.08229935885651538,0.0,-0.0024667473710768867,0.0005788789304430723,0.0
5.029999999999937,3.7000625385756303,3.114938919370793,1.9989987773544415,-0.48862687952125217,0.08229935885651538,0.0,-0.0025123304151719646,0.0005810905968151635,0.0
5.039999999999937,3.6839137026656266,3.1175178829249433,1.9989987087400123,-0.49003815390898686,0.07424165654841433,0.0,-0.003081231958085892,0.002897642796935303,0.0
5.049999999999937,3.6839137026656266,3.1175178829249433,1.9989987087400123,-0.49003815390898686,0.07424165654841433,0.0,-0.0031261974796949472,0.00290027418718684,0.0
5.0599999999999365,3.6839137026656266,3.1175178829249433,1.9989987087400123,-0.49003815390898686,0.07424165654841433,0.0,-0.0031711634325854135,0.002902905608931245,0.0
5.069999999999936,3.6677212612491443,3.1198304225783637,1.998998455987853,-0.4912695442241614,0.06615284757045532,0.0,-5.954097670827701e-05,-0.00396284965741929,0.0
5.079999999999936,3.6677212612491443,3.1198304225783637,1.998998455987853,-0.4912695442241614,0.06615284757045532,0.0,-0.0026997757834466246,0.00210162343780026,0.0
5.089999999999936,3.6677212612491443,3.1198304225783637,1.998998455987853,-0.4912695442241614,0.06615284757045532,0.0,-0.002744377938421785,0.0021038435798357005,0.0
5.099999999999936,3.6677212612491443,3.1198304225783637,1.998998455987853,-0.4912695442241614,0.06615284757045532,0.0,-0.0027889805216409764,0.0021060637476551748,0.0
5.1099999999999355,3.6510112933393364,3.121932751799673,1.9989986331664908,-0.4913514707388302,0.05774575373886325,0.0,-0.002551006350308917,0.0008585077507394691,0.0
5.119999999999935,3.6510112933393364,3.121932751799673,1.9989986331664908,-0.4913514707388302,0.05774575373886325,0.0,-0.0025953539715161855,0.0008598457791899766,0.0
5.129999999999935,3.6510112933393364,3.121932751799673,1.9989986331664908,-0.4913514707388302,0.05774575373886325,0.0,-0.002639702019414168,0.0008611838223609779,0.0
5.139999999999935,3.6347613538579,3.1237050776297566,1.998998225520702,-0.49283258339970576,0.04978292481849789,0.0,-0.002529916215059843,0.0020735161677875604,0.0
5.149999999999935,3.6347613538579,3.1237050776297566,1.998998225520702,-0.49283258339970576,0.04978292481849789,0.0,-0.002573706788928493,0.0020751915336097056,0.0
5.159999999999934,3.6347613538579,3.1237050776297566,1.998998225520702,-0.49283258339970576,0.04978292481849789,0.0,-0.002617497787708702,0.0020768669198625253,0.0
5.169999999999934,3.6184876228433924,3.1252082338031957,1.9989985041181346,-0.4935802310265088,0.041608370589075405,0.0,0.0007852794976460207,-0.004599365940665044,0.0
5.179999999999934,3.6184876228433924,3.1252082338031957,1.9989985041181346,-0.4935802310265088,0.041608370589075405,0.0,-0.002335392523389418,0.001944616231637005,0.0
5.189999999999934,3.6184876228433924,3.1252082338031957,1.9989985041181346,-0.4935802310265088,0.041608370589075405,0.0,-0.002378800373668115,0.0019459412917397657,0.0
5.199999999999934,3.6184876228433924,3.1252082338031957,1.9989985041181346,-0.4935802310265088,0.041608370589075405,0.0,-0.0024222086483327325,0.0019472663686041993,0.0
5.209999999999933,3.6016913072330086,3.1264760282975286,1.9989987205063913,-0.49435728735656287,0.0332083700950306,0.0,-0.0019730124563290046,0.000501608418337827,0.0
5.219999999999933,3.6016913072330086,3.1264760282975286,1.9989987205063913,-0.49435728735656287,0.0332083700950306,0.0,-0.0020161317565056923,0.000502117297146534,0.0
5.229999999999933,3.6016913072330086,3.1264760282975286,1.9989987205063913,-0.49435728735656287,0.0332083700950306,0.0,-0.0020592514805341565,0.0005026261819353511,0.0
5.239999999999933,3.585367024876315,3.1274331100508515,1.998998701373343,-0.49495694253233097,0.025042258274056782,0.0,-0.003236512000452257,0.0014670194135898886,0.0
5.2499999999999325,3.585367024876315,3.1274331100508515,1.998998701373343,-0.49495694253233097,0.025042258274056782,0.0,-0.003279162719856448,0.001467954823689416,0.0
5.259999999999932,3.585367024876315,3.1274331100508515,1.998998701373343,-0.49495694253233097,0.025042258274056782,0.0,-0.0033218138662051656,0.001468890245955152,0.0
5.269999999999932,3.5690265223617446,3.1281204499963544,1.998998488268022,-0.495332399862019,0.01686538359893208,0.0,0.0003462683654484938,-0.0050669170670158935,0.0
5.279999999999932,3.5690265223617446,3.1281204499963544,1.998998488268022,-0.495332399862019,0.01686538359893208,0.0,-0.0034391437464889652,0.0017286749798251506,0.0
5.289999999999932,3.5690265223617446,3.1281204499963544,1.998998488268022,-0.495332399862019,0.01686538359893208,0.0,-0.003481443530578049,0.0017293147953405487,0.0
5.299999999999931,3.5690265223617446,3.1281204499963544,1.998998488268022,-0.495332399862019,0.01686538359893208,0.0,-0.003523743743185892,0.0017299546205268438,0.0
5.309999999999931,3.5521975588981487,3.128547226729443,1.998998941905897,-0.4950843773822056,0.008554581494895422,0.0,-0.003142221977172573,0.0010050211215769094,0.0
5.319999999999931,3.5521975588981487,3.128547226729443,1.998998941905897,-0.4950843773822056,0.008554581494895422,0.0,-0.0031842233010404915,0.0010048905659930023,0.0
5.329999999999931,3.5521975588981487,3.128547226729443,1.998998941905897,-0.4950843773822056,0.008554581494895422,0.0,-0.0032262250531722484,0.0010047600108332338,0.0
5.339999999999931,3.5358449069588893,3.1286915246890366,1.9989984655885102,-0.4955936018515131,0.0004270757001444012,0.0,-0.004132445263116984,0.002850621814579191,0.0
5.34999999999993,3.5358449069588893,3.1286915246890366,1.9989984655885102,-0.4955936018515131,0.0004270757001444012,0.0,-0.004173991176757855,0.0028509738836239857,0.0
5.35999999999993,3.5358449069588893,3.1286915246890366,1.9989984655885102,-0.4955936018515131,0.0004270757001444012,0.0,-0.004215537520620456,0.0028513259612971175,0.0
5.36999999999993,3.519494159416304,3.1285671450489017,1.9989983871977026,-0.49507328622617736,-0.007746220391567664,0.0,-0.00027390242311863623,-0.003204619347800469,0.0
5.37999999999993,3.519494159416304,3.1285671450489017,1.9989983871977026,-0.49507328622617736,-0.007746220391567664,0.0,-0.0033339452340842295,0.004016939720441804,0.0
5.3899999999999295,3.519494159416304,3.1285671450489017,1.9989983871977026,-0.49507328622617736,-0.007746220391567664,0.0,-0.0033751289124256197,0.004017047142338563,0.0
5.399999999999929,3.519494159416304,3.1285671450489017,1.9989983871977026,-0.49507328622617736,-0.007746220391567664,0.0,-0.0034163130209071166,0.0040171545721857755,0.0
5.409999999999929,3.5026573440457787,3.1281558318000773,1.9989986036211596,-0.49517276211377015,-0.016190346466146862,0.0,-0.0022919538702140655,0.003616548056175811,0.0
5.419999999999929,3.5026573440457787,3.1281558318000773,1.9989986036211596,-0.49517276211377015,-0.016190346466146862,0.0,-0.002332788121393851,0.003615938369781359,0.0
5.429999999999929,3.5026573440457787,3.1281558318000773,1.9989986036211596,-0.49517276211377015,-0.016190346466146862,0.0,-0.0023736228016556843,0.0036153286829531542,0.0
5.4399999999999284,3.486319997459555,3.1274822446173935,1.9989986380445055,-0.49494717546210426,-0.024386602388262943,0.0,-0.002685447959246684,0.005524772087855349,0.0
5.449999999999928,3.486319997459555,3.1274822446173935,1.9989986380445055,-0.49494717546210426,-0.024386602388262943,0.0,-0.0027258868622456575,0.005524637657030696,0.0
5.459999999999928,3.486319997459555,3.1274822446173935,1.9989986380445055,-0.49494717546210426,-0.024386602388262943,0.0,-0.002766326196144386,0.0055245032337936555,0.0
5.469999999999928,3.469994443929197,3.126538457209137,1.998998429203815,-0.49440909318103315,-0.03255074285949039,0.0,0.0014732585062076538,-0.00045347444947395235,0.0
5.479999999999928,3.469994443929197,3.126538457209137,1.998998429203815,-0.49440909318103315,-0.03255074285949039,0.0,-0.0029199526388162655,0.005340525555258193,0.0
5.489999999999927,3.469994443929197,3.126538457209137,1.998998429203815,-0.49440909318103315,-0.03255074285949039,0.0,-0.0029601385597950365,0.005339952710184797,0.0
5.499999999999927,3.469994443929197,3.126538457209137,1.998998429203815,-0.49440909318103315,-0.03255074285949039,0.0,-0.003000324910721858,0.005339379867539986,0.0
5.509999999999927,3.4531983261055883,3.1252853445885194,1.9989985200932667,-0.493894046301216,-0.04093309895740475,0.0,-0.0022054467004959297,0.0040949757794836355,0.0
5.519999999999927,3.4531983261055883,3.1252853445885194,1.9989985200932667,-0.493894046301216,-0.04093309895740475,0.0,-0.0022453720764094263,0.004093505964336466,0.0
5.5299999999999265,3.4531983261055883,3.1252853445885194,1.9989985200932667,-0.493894046301216,-0.04093309895740475,0.0,-0.002285297878231993,0.004092036139912299,0.0
5.539999999999926,3.436913145925332,3.12379681235772,1.9989985362972826,-0.49317113882424407,-0.04904320868830556,0.0,-0.0035091846692559725,0.005314099700785348,0.0
5.549999999999926,3.436913145925332,3.12379681235772,1.9989985362972826,-0.49317113882424407,-0.04904320868830556,0.0,-0.003548848525178116,0.005312970449791429,0.0
5.559999999999926,3.436913145925332,3.12379681235772,1.9989985362972826,-0.49317113882424407,-0.04904320868830556,0.0,-0.003588512807292687,0.0053118411948702,0.0
5.569999999999926,3.420653669075836,3.1220407684874476,1.9989982934624657,-0.49222302065371554,-0.057129902400511676,0.0,0.0008923340315172394,-0.0004441508045831699,0.0
5.5799999999999255,3.420653669075836,3.1220407684874476,1.9989982934624657,-0.49222302065371554,-0.057129902400511676,0.0,-0.0029776866867370134,0.005717213290037339,0.0
5.589999999999925,3.420653669075836,3.1220407684874476,1.9989982934624657,-0.49222302065371554,-0.057129902400511676,0.0,-0.0030170404076279122,0.005715749935893507,0.0
5.599999999999925,3.420653669075836,3.1220407684874476,1.9989982934624657,-0.49222302065371554,-0.057129902400511676,0.0,-0.0030563945516495087,0.0057142865747065955,0.0
5.609999999999925,3.403960130621572,3.119953144937649,1.9989991848484092,-0.4903223391955232,-0.06553631958213453,0.0,-0.0018212676391656645,0.00571285969887398,0.0
5.619999999999925,3.403960130621572,3.119953144937649,1.9989991848484092,-0.4903223391955232,-0.06553631958213453,0.0,-0.0018602973591060044,0.005710602392682767,0.0
5.629999999999924,3.403960130621572,3.119953144937649,1.9989991848484092,-0.4903223391955232,-0.06553631958213453,0.0,-0.0018993274982397274,0.005708345070811799,0.0
5.639999999999924,3.3877749552713876,3.1176486959666567,1.9989986002587405,-0.48999281995895855,-0.07378291940100712,0.0,-0.0027148493108061496,0.00734429736873725,0.0
5.649999999999924,3.3877749552713876,3.1176486959666567,1.9989986002587405,-0.48999281995895855,-0.07378291940100712,0.0,-0.0027536081331497354,0.007342495657923989,0.0
5.659999999999924,3.3877749552713876,3.1176486959666567,1.9989986002587405,-0.48999281995895855,-0.07378291940100712,0.0,-0.002792367377180174,0.007340693938370778,0.0
5.6699999999999235,3.371625993250203,3.1150761554567254,1.9989985017211638,-0.48868287496738727,-0.08187800031318976,0.0,0.0019922956586136825,0.0018587961461133276,0.0
5.679999999999923,3.371625993250203,3.1150761554567254,1.9989985017211638,-0.48868287496738727,-0.08187800031318976,0.0,-0.002517417560654772,0.008339529647955988,0.0
5.689999999999923,3.371625993250203,3.1150761554567254,1.9989985017211638,-0.48868287496738727,-0.08187800031318976,0.0,-0.002555844127031612,0.008337487278566204,0.0
5.699999999999923,3.371625993250203,3.1150761554567254,1.9989985017211638,-0.48868287496738727,-0.08187800031318976,0.0,-0.0025942711149019616,0.008335444898919976,0.0
5.709999999999923,3.3550401704605344,3.11214780399107,1.998998695574248,-0.48716228086209845,-0.09014839160931185,0.0,-0.0018017298442305535,0.007974442892122657,0.0
5.7199999999999225,3.3550401704605344,3.11214780399107,1.998998695574248,-0.48716228086209845,-0.09014839160931185,0.0,-0.0018397834641817694,0.007971691523238011,0.0
5.729999999999922,3.3550401704605344,3.11214780399107,1.998998695574248,-0.48716228086209845,-0.09014839160931185,0.0,-0.001877837503679196,0.007968940135430981,0.0
5.739999999999922,3.3389870225574825,3.109036245096349,1.9989986968306401,-0.4857527132609326,-0.09818244354842545,0.0,-0.0022239904099875204,0.00998067597364681,0.0
5.749999999999922,3.3389870225574825,3.109036245096349,1.9989986968306401,-0.4857527132609326,-0.09818244354842545,0.0,-0.002261768538818322,0.009978485205386486,0.0
5.759999999999922,3.3389870225574825,3.109036245096349,1.9989986968306401,-0.4857527132609326,-0.09818244354842545,0.0,-0.0022995470896039526,0.009976294426759486,0.0
5.769999999999921,3.3229839949838693,3.1056602207425508,1.9989984975968624,-0.48414534075374677,-0.1061773389113713,0.0,0.0027424604128046016,0.004768328468294476,0.0
5.779999999999921,3.3229839949838693,3.1056602207425508,1.9989984975968624,-0.48414534075374677,-0.1061773389113713,0.0,-0.0029251180071681437,0.01184855622192475,0.0
5.789999999999921,3.3229839949838693,3.1056602207425508,1.9989984975968624,-0.48414534075374677,-0.1061773389113713,0.0,-0.002962637207756918,0.01184695988113064,0.0
5.799999999999921,3.3229839949838693,3.1056602207425508,1.9989984975968624,-0.48414534075374677,-0.1061773389113713,0.0,-0.003000156833209563,0.01184536353879052,0.0
5.809999999999921,3.306557647934058,3.101907413433036,1.998998136837126,-0.4819975508047628,-0.11429476292234728,0.0,-0.00037191265539574854,0.0098086654993381,0.0
5.81999999999992,3.306557647934058,3.101907413433036,1.998998136837126,-0.4819975508047628,-0.11429476292234728,0.0,-0.0004088810796855398,0.009805662391746425,0.0
5.82999999999992,3.306557647934058,3.101907413433036,1.998998136837126,-0.4819975508047628,-0.11429476292234728,0.0,-0.0004458499218433255,0.009802659263654248,0.0
5.83999999999992,3.2907044769866935,3.0980015028665115,1.9989988968087125,-0.48002990594666106,-0.12244374872166827,0.0,-0.001064728357286499,0.011473262181196786,0.0
5.84999999999992,3.2907044769866935,3.0980015028665115,1.9989988968087125,-0.48002990594666106,-0.12244374872166827,0.0,-0.0011013863136853938,0.011470805591988846,0.0
5.8599999999999195,3.2907044769866935,3.0980015028665115,1.9989988968087125,-0.48002990594666106,-0.12244374872166827,0.0,-0.0011380446898387672,0.011468348990037099,0.0
5.869999999999919,3.2748970301636677,3.093825996650844,1.9989984821871813,-0.47763932081755406,-0.13028992584042728,0.0,0.0041438167911905495,0.006774393672842725,0.0
5.879999999999919,3.2748970301636677,3.093825996650844,1.9989984821871813,-0.47763932081755406,-0.13028992584042728,0.0,-0.0001572490537380571,0.011878195766726116,0.0
5.889999999999919,3.2748970301636677,3.093825996650844,1.9989984821871813,-0.47763932081755406,-0.13028992584042728,0.0,-0.00019345003533324735,0.011875400125129826,0.0
5.899999999999919,3.2748970301636677,3.093825996650844,1.9989984821871813,-0.47763932081755406,-0.13028992584042728,0.0,-0.00022965143146118914,0.011872604467158088,0.0
5.909999999999918,3.258688640438784,3.0892525015611656,1.9989987285837134,-0.47568443259434395,-0.13846163030252323,0.0,0.001144638098862163,0.01061215038479999,0.0
5.919999999999918,3.258688640438784,3.0892525015611656,1.9989987285837134,-0.47568443259434395,-0.13846163030252323,0.0,0.0011089680464597311,0.010608559422778196,0.0
5.929999999999918,3.258688640438784,3.0892525015611656,1.9989987285837134,-0.47568443259434395,-0.13846163030252323,0.0,0.001073297586282138,0.010604968433482452,0.0
5.939999999999918,3.243028838276911,3.084549714415491,1.9989987723162639,-0.4734388621333472,-0.1463132567877673,0.0,0.000643348857350912,0.011794310708288897,0.0
5.949999999999918,3.243028838276911,3.084549714415491,1.9989987723162639,-0.4734388621333472,-0.1463132567877673,0.0,0.0006080129894299179,0.011791144698307767,0.0
5.959999999999917,3.243028838276911,3.084549714415491,1.9989987723162639,-0.4734388621333472,-0.1463132567877673,0.0,0.0005726767146426148,0.01178797866678224,0.0
5.969999999999917,3.2274453459952586,3.0795884620272975,1.9989986593425753,-0.47107742221685595,-0.15413137337317875,0.0,0.006153096203739165,0.007170131094459945,0.0
5.979999999999917,3.2274453459952586,3.0795884620272975,1.9989986593425753,-0.47107742221685595,-0.15413137337317875,0.0,0.0014773478147401878,0.012097086416835103,0.0
5.989999999999917,3.2274453459952586,3.0795884620272975,1.9989986593425753,-0.47107742221685595,-0.15413137337317875,0.0,0.001442475801218282,0.012093670725830534,0.0
5.9999999999999165,3.2274453459952586,3.0795884620272975,1.9989986593425753,-0.47107742221685595,-0.15413137337317875,0.0,0.0014076033846092105,0.01209025501036436,0.0
6.009999999999916,3.2114744356717067,3.0742081004629584,1.9989983597414773,-0.4684444017240895,-0.1621207534765315,0.0,0.0023713504149034544,0.011437155019003446,0.0
6.019999999999916,3.2114744356717067,3.0742081004629584,1.9989983597414773,-0.4684444017240895,-0.1621207534765315,0.0,0.002337047959385528,0.011433038187984381,0.0
6.029999999999916,3.2114744356717067,3.0742081004629584,1.9989983597414773,-0.4684444017240895,-0.1621207534765315,0.0,0.002302745104697816,0.011428921323036193,0.0
6.039999999999916,3.196064714664704,3.0687389940222336,1.998997966712555,-0.46552688352492266,-0.16806131254053633,0.0,0.0005990486684328765,0.012669825571255544,0.0
6.0499999999999154,3.196064714664704,3.0687389940222336,1.998997966712555,-0.46552688352492266,-0.16806131254053633,0.0,0.0005650446480120033,0.012666233375644976,0.0
6.059999999999915,3.196064714664704,3.0687389940222336,1.998997966712555,-0.46552688352492266,-0.16806131254053633,0.0,0.0005310402247294824,0.012662641152355126,0.0
6.069999999999915,3.180731354284573,3.0631350453080906,1.9989987061075436,-0.4640816804241748,-0.17300712648245456,0.0,0.004962469367390827,0.007705441853835267,0.0
6.079999999999915,3.180731354284573,3.0631350453080906,1.9989987061075436,-0.4640816804241748,-0.17300712648245456,0.0,0.0001131628046099727,0.01266618603682467,0.0
6.089999999999915,3.180731354284573,3.0631350453080906,1.9989987061075436,-0.4640816804241748,-0.17300712648245456,0.0,7.960137461738294e-05,0.012662421121917894,0.0
6.099999999999914,3.180731354284573,3.0631350453080906,1.9989987061075436,-0.4640816804241748,-0.17300712648245456,0.0,4.6039543090191976e-05,0.012658656176420176,0.0
6.109999999999914,3.1650389557180807,3.057018836162281,1.9989987058256071,-0.45940965727942035,-0.18532451517936657,0.0,0.003948694922131888,0.013063952050753138,0.0
6.119999999999914,3.1650389557180807,3.057018836162281,1.9989987058256071,-0.45940965727942035,-0.18532451517936657,0.0,0.003915757308386367,0.013059569223116239,0.0
6.129999999999914,3.1650389557180807,3.057018836162281,1.9989987058256071,-0.45940965727942035,-0.18532451517936657,0.0,0.0038828193019110973,0.01305518635820654,0.0
6.1399999999999135,3.14992915786183,3.0507737825772483,1.9989987958194055,-0.4563914577817473,-0.19292143610130671,0.0,0.0030378563579214544,0.014496619984320405,0.0
6.149999999999913,3.14992915786183,3.0507737825772483,1.9989987958194055,-0.4563914577817473,-0.19292143610130671,0.0,0.00300524484808375,0.014492840579055925,0.0
6.159999999999913,3.14992915786183,3.0507737825772483,1.9989987958194055,-0.4563914577817473,-0.19292143610130671,0.0,0.002972632945726527,0.014489061144293899,0.0
6.169999999999913,3.1349213448971485,3.044278990805782,1.9989987423571887,-0.45325358141983985,-0.20047062028631532,0.0,0.009044976813626917,0.010555130011426233,0.0
6.179999999999913,3.1349213448971485,3.044278990805782,1.9989987423571887,-0.45325358141983985,-0.20047062028631532,0.0,0.0031363093016545376,0.015197933047113704,0.0
6.1899999999999125,3.1349213448971485,3.044278990805782,1.9989987423571887,-0.45325358141983985,-0.20047062028631532,0.0,0.0031041917555447137,0.01519405241319566,0.0
6.199999999999912,3.1349213448971485,3.044278990805782,1.9989987423571887,-0.45325358141983985,-0.20047062028631532,0.0,0.003072073820491702,0.015190171748573778,0.0
6.209999999999912,3.119569395520115,3.0373278052428785,1.998998501888513,-0.4498992342379566,-0.20819765631789097,0.0,0.004935891540133821,0.015037581900615469,0.0
6.219999999999912,3.119569395520115,3.0373278052428785,1.998998501888513,-0.4498992342379566,-0.20819765631789097,0.0,0.004904427299283233,0.015033149769109085,0.0
6.229999999999912,3.119569395520115,3.0373278052428785,1.998998501888513,-0.4498992342379566,-0.20819765631789097,0.0,0.0048729626776704725,0.015028717599831425,0.0
6.239999999999911,3.1047825852402853,3.0303328928063444,1.998998097485249,-0.44643857973769296,-0.21529141865317933,0.0,0.00409212275681109,0.01575606453793851,0.0
6.249999999999911,3.1047825852402853,3.0303328928063444,1.998998097485249,-0.44643857973769296,-0.21529141865317933,0.0,0.004060966201063344,0.01575216812522265,0.0
6.259999999999911,3.1047825852402853,3.0303328928063444,1.998998097485249,-0.44643857973769296,-0.21529141865317933,0.0,0.004029809266287638,0.015748271681130962,0.0
6.269999999999911,3.090094332440187,3.023185752205661,1.9989984185024843,-0.44356005671605364,-0.21819800642859807,0.0,0.008087446571323195,0.011847918982955525,0.0
6.2799999999999105,3.090094332440187,3.023185752205661,1.9989984185024843,-0.44356005671605364,-0.21819800642859807,0.0,0.0025011235496084166,0.015403147495393383,0.0
6.28999999999991,3.090094332440187,3.023185752205661,1.9989984185024843,-0.44356005671605364,-0.21819800642859807,0.0,0.002470537537848494,0.015398863576820484,0.0
6.29999999999991,3.090094332440187,3.023185752205661,1.9989984185024843,-0.44356005671605364,-0.21819800642859807,0.0,0.0024399511550085356,0.01539457962128714,0.0
6.30999999999991,3.075085537781928,3.0155688018812934,1.9989986525688344,-0.4385320449389601,-0.2303041634276371,0.0,0.006070254740310611,0.015037611993675828,0.0
6.31999999999991,3.075085537781928,3.0155688018812934,1.9989986525688344,-0.4385320449389601,-0.2303041634276371,0.0,0.006040440661384473,0.015032527743371209,0.0
6.3299999999999095,3.075085537781928,3.0155688018812934,1.9989986525688344,-0.4385320449389601,-0.2303041634276371,0.0,0.0060106262266010355,0.015027443447049685,0.0
6.339999999999909,3.0606767968576003,3.0078448639484074,1.998998773328277,-0.43478082732213785,-0.23757027035384076,0.0,0.005052219514023665,0.015842934237765033,0.0
6.349999999999909,3.0606767968576003,3.0078448639484074,1.998998773328277,-0.43478082732213785,-0.23757027035384076,0.0,0.005022743512102525,0.015838185464525197,0.0
6.359999999999909,3.0606767968576003,3.0078448639484074,1.998998773328277,-0.43478082732213785,-0.23757027035384076,0.0,0.004993267159788119,0.015833436649657535,0.0
6.369999999999909,3.0463947095921244,2.999882446614806,1.9989987683238677,-0.43089894394419687,-0.24477469036904823,0.0,0.011503827850316877,0.012571053236769058,0.0
6.379999999999908,3.0463947095921244,2.999882446614806,1.9989987683238677,-0.43089894394419687,-0.24477469036904823,0.0,0.004483683653798224,0.015511117901551984,0.0
6.389999999999908,3.0463947095921244,2.999882446614806,1.9989987683238677,-0.43089894394419687,-0.24477469036904823,0.0,0.004454779857970041,0.015506114008408576,0.0
6.399999999999908,3.0463947095921244,2.999882446614806,1.9989987683238677,-0.43089894394419687,-0.24477469036904823,0.0,0.0044258757195860254,0.015501110069949498,0.0
6.409999999999908,3.0318161578243448,2.9914313434661515,1.9989985901602967,-0.4267677512597665,-0.2521275160266205,0.0,0.005936176159562336,0.01493945801379092,0.0
6.419999999999908,3.0318161578243448,2.9914313434661515,1.9989985901602967,-0.4267677512597665,-0.2521275160266205,0.0,0.005908027214390074,0.014933773494806492,0.0
6.429999999999907,3.0318161578243448,2.9914313434661515,1.9989985901602967,-0.4267677512597665,-0.2521275160266205,0.0,0.0058798779383138,0.01492808892226036,0.0
6.439999999999907,3.0178049095738917,2.9829925937299495,1.9989982147971281,-0.42238276747843917,-0.25901155200868414,0.0,0.004402792755835607,0.015490011577139404,0.0
6.449999999999907,3.0178049095738917,2.9829925937299495,1.9989982147971281,-0.42238276747843917,-0.25901155200868414,0.0,0.004374911216630681,0.015484758515461149,0.0
6.459999999999907,3.0178049095738917,2.9829925937299495,1.9989982147971281,-0.42238276747843917,-0.25901155200868414,0.0,0.004347029349347892,0.015479505405077977,0.0
6.4699999999999065,3.003941669415262,2.9743296681941036,1.9989982679384468,-0.418091231624091,-0.26589439062105685,0.0,0.010988997523660515,0.012562693770300441,0.0
6.479999999999906,3.003941669415262,2.9743296681941036,1.9989982679384468,-0.418091231624091,-0.26589439062105685,0.0,0.0052338064757731055,0.01506677817205125,0.0
6.489999999999906,3.003941669415262,2.9743296681941036,1.9989982679384468,-0.418091231624091,-0.26589439062105685,0.0,0.00520649270019464,0.01506134860084541,0.0
6.499999999999906,3.003941669415262,2.9743296681941036,1.9989982679384468,-0.418091231624091,-0.26589439062105685,0.0,0.005179178603879705,0.015055918978335907,0.0
6.509999999999906,2.98982465785598,2.9651760502881666,1.9989991524943593,-0.4127564707538176,-0.2726115870247116,0.0,0.00645316165828946,0.015276702478200413,0.0
6.519999999999905,2.98982465785598,2.9651760502881666,1.9989991524943593,-0.4127564707538176,-0.2726115870247116,0.0,0.006426621345109052,0.015270695908460566,0.0
6.529999999999905,2.98982465785598,2.9651760502881666,1.9989991524943593,-0.4127564707538176,-0.2726115870247116,0.0,0.006400080721956374,0.015264689280901692,0.0
6.539999999999905,2.9762624179125092,2.956051909079648,1.9989986848502321,-0.40883223260841367,-0.27982754323498504,0.0,0.00485379813712001,0.015913402491662943,0.0
6.549999999999905,2.9762624179125092,2.956051909079648,1.9989986848502321,-0.40883223260841367,-0.27982754323498504,0.0,0.004827491029244101,0.01590791408387429,0.0
6.559999999999905,2.9762624179125092,2.956051909079648,1.9989986848502321,-0.40883223260841367,-0.27982754323498504,0.0,0.004801183613324114,0.015902425624005862,0.0
6.569999999999904,2.9628488739923173,2.9467021777942914,1.9989987485009562,-0.4042363740809012,-0.2866096977586972,0.0,0.011673832182705105,0.013313898703209573,0.0
6.579999999999904,2.9628488739923173,2.9467021777942914,1.9989987485009562,-0.4042363740809012,-0.2866096977586972,0.0,0.004911305926331675,0.01656382102958099,0.0
6.589999999999904,2.9628488739923173,2.9467021777942914,1.9989987485009562,-0.4042363740809012,-0.2866096977586972,0.0,0.004885539984287637,0.016558235907118652,0.0
6.599999999999904,2.9628488739923173,2.9467021777942914,1.9989987485009562,-0.4042363740809012,-0.2866096977586972,0.0,0.004859773740857727,0.016552650731540622,0.0
6.6099999999999035,2.949189612079155,2.936836511341403,1.998998614253695,-0.39936807708152555,-0.2935062402928811,0.0,0.00603991213256215,0.016846142314060845,0.0
6.619999999999903,2.949189612079155,2.936836511341403,1.998998614253695,-0.39936807708152555,-0.2935062402928811,0.0,0.006014911927442973,0.016840063524761185,0.0
6.629999999999903,2.949189612079155,2.936836511341403,1.998998614253695,-0.39936807708152555,-0.2935062402928811,0.0,0.0059899114305785395,0.01683398467658701,0.0
6.639999999999903,2.9360975457611063,2.927042496216134,1.9989985370423715,-0.3939569431825712,-0.2996444585294208,0.0,0.00346355515374399,0.01842348038025273,0.0
6.649999999999903,2.9360975457611063,2.927042496216134,1.9989985370423715,-0.3939569431825712,-0.2996444585294208,0.0,0.0034387238551652024,0.01841793457944294,0.0
6.659999999999902,2.9360975457611063,2.927042496216134,1.9989985370423715,-0.3939569431825712,-0.2996444585294208,0.0,0.0034138922659517723,0.018412388726121137,0.0
6.669999999999902,2.9231682266466965,2.9170357058513097,1.9989984873922753,-0.3894851038735587,-0.3064296452691051,0.0,0.010565342485609698,0.016001144229607845,0.0
6.679999999999902,2.9231682266466965,2.9170357058513097,1.9989984873922753,-0.3894851038735587,-0.3064296452691051,0.0,0.0034925307563538873,0.01783921290988922,0.0
6.689999999999902,2.9231682266466965,2.9170357058513097,1.9989984873922753,-0.3894851038735587,-0.3064296452691051,0.0,0.003468233537763983,0.017833462228911037,0.0
6.699999999999902,2.9231682266466965,2.9170357058513097,1.9989984873922753,-0.3894851038735587,-0.3064296452691051,0.0,0.003443936035960257,0.017827711492505557,0.0
6.709999999999901,2.9100182947499817,2.906503216886688,1.9989982349419546,-0.38409465291329853,-0.3128541167557598,0.0,0.004503251663872632,0.018124939552706148,0.0
6.719999999999901,2.9100182947499817,2.906503216886688,1.9989982349419546,-0.38409465291329853,-0.3128541167557598,0.0,0.004479760499451534,0.018118615204406753,0.0
6.729999999999901,2.9100182947499817,2.906503216886688,1.9989982349419546,-0.38409465291329853,-0.3128541167557598,0.0,0.004456269063151255,0.01811229079430168,0.0
6.739999999999901,2.8974468413809236,2.8960810491361375,1.99899898734796,-0.3788053642146501,-0.31927260636684796,0.0,0.0029117033749590723,0.019547831419239346,0.0
6.7499999999999005,2.8974468413809236,2.8960810491361375,1.99899898734796,-0.3788053642146501,-0.31927260636684796,0.0,0.0028883564815527702,0.019541972303450134,0.0
6.7599999999999,2.8974468413809236,2.8960810491361375,1.99899898734796,-0.3788053642146501,-0.31927260636684796,0.0,0.002865009318306972,0.019536113131661818,0.0
6.7699999999999,2.885034733893388,2.8854377428277096,1.9989986593651237,-0.37354254910108914,-0.32554907119590043,0.0,0.010020478253745826,0.017710107985909742,0.0
6.7799999999999,2.885034733893388,2.8854377428277096,1.9989986593651237,-0.37354254910108914,-0.32554907119590043,0.0,0.0029247911338459646,0.019368460409316866,0.0
6.7899999999999,2.885034733893388,2.8854377428277096,1.9989986593651237,-0.37354254910108914,-0.32554907119590043,0.0,0.0029019666706102385,0.019362500981708948,0.0
6.7999999999998995,2.885034733893388,2.8854377428277096,1.9989986593651237,-0.37354254910108914,-0.32554907119590043,0.0,0.002879141944097122,0.019356541496530783,0.0
6.809999999999899,2.8724310461225757,2.874257316630515,1.998998574492705,-0.3679866935968408,-0.3319097811823294,0.0,0.003606416834722244,0.01972690905574556,0.0
6.819999999999899,2.8724310461225757,2.874257316630515,1.998998574492705,-0.3679866935968408,-0.3319097811823294,0.0,0.0035844028967927525,0.019720489366879475,0.0
6.829999999999899,2.8724310461225757,2.874257316630515,1.998998574492705,-0.3679866935968408,-0.3319097811823294,0.0,0.0035623887060138274,0.01971406961515539,0.0
6.839999999999899,2.8603888678491898,2.8632090503689303,1.9989990539351665,-0.36216772695247423,-0.33759713944883857,0.0,0.0015064235500370454,0.02119812886679841,0.0
6.849999999999898,2.8603888678491898,2.8632090503689303,1.9989990539351665,-0.36216772695247423,-0.33759713944883857,0.0,0.0014844799541420138,0.021192258174660087,0.0
6.859999999999898,2.8603888678491898,2.8632090503689303,1.9989990539351665,-0.36216772695247423,-0.33759713944883857,0.0,0.0014625361055883022,0.02118638742605458,0.0
6.869999999999898,2.848522842915001,2.851958913698568,1.9989986540267402,-0.3568932690714462,-0.343814470560088,0.0,0.008829297252847475,0.019597780400674957,0.0
6.879999999999898,2.848522842915001,2.851958913698568,1.9989986540267402,-0.3568932690714462,-0.343814470560088,0.0,0.0016471122850158168,0.02239001320063283,0.0
6.8899999999998975,2.848522842915001,2.851958913698568,1.9989986540267402,-0.3568932690714462,-0.343814470560088,0.0,0.001625678531781317,0.02238413872072235,0.0
6.899999999999897,2.848522842915001,2.851958913698568,1.9989986540267402,-0.3568932690714462,-0.343814470560088,0.0,0.0016042445321355879,0.022378264184539077,0.0
6.909999999999897,2.8364900106591904,2.8401631189587473,1.998998477654948,-0.35106158281827055,-0.3498511916645618,0.0,0.0029101499162479147,0.023391121660181532,0.0
6.919999999999897,2.8364900106591904,2.8401631189587473,1.998998477654948,-0.35106158281827055,-0.3498511916645618,0.0,0.002889520638927254,0.02338489548570844,0.0
6.929999999999897,2.8364900106591904,2.8401631189587473,1.998998477654948,-0.35106158281827055,-0.3498511916645618,0.0,0.002868891125616492,0.023378669251242334,0.0
6.9399999999998965,2.8250061245737936,2.8285232745694526,1.9989981771492324,-0.34488047264617205,-0.35521620055407793,0.0,0.0006223973404241233,0.024806602928760305,0.0
6.949999999999896,2.8250061245737936,2.8285232745694526,1.9989981771492324,-0.34488047264617205,-0.35521620055407793,0.0,0.0006017888372389536,0.02480101632683556,0.0
6.959999999999896,2.8250061245737936,2.8285232745694526,1.9989981771492324,-0.34488047264617205,-0.35521620055407793,0.0,0.000581180097433716,0.02479542967214637,0.0
6.969999999999896,2.813729013037529,2.8167043940188785,1.998998406275099,-0.3392017571638644,-0.3612789172927664,0.0,0.008098726147629059,0.023674527473215877,0.0
6.979999999999896,2.813729013037529,2.8167043940188785,1.998998406275099,-0.3392017571638644,-0.3612789172927664,0.0,0.000705291455885898,0.025102788483687792,0.0
6.989999999999895,2.813729013037529,2.8167043940188785,1.998998406275099,-0.3392017571638644,-0.3612789172927664,0.0,0.0006851697424287811,0.02509727841399138,0.0
6.999999999999895,2.813729013037529,2.8167043940188785,1.998998406275099,-0.3392017571638644,-0.3612789172927664,0.0,0.0006650477976545752,0.02509176829195368,0.0
7.009999999999895,2.8023065548238457,2.8043222829233136,1.9989984443103745,-0.33291645734612607,-0.36692900797181166,0.0,0.002545801691746907,0.0256969167161716,0.0
7.019999999999895,2.8023065548238457,2.8043222829233136,1.9989984443103745,-0.33291645734612607,-0.36692900797181166,0.0,0.002526483349952164,0.025691130094144126,0.0
7.0299999999998946,2.8023065548238457,2.8043222829233136,1.9989984443103745,-0.33291645734612607,-0.36692900797181166,0.0,0.0025071647868535273,0.025685343416560355,0.0
7.039999999999894,2.791430920894371,2.792129961025835,1.9989988711245616,-0.3269040517875506,-0.37237217250566995,0.0,0.00045666789706253706,0.026488786352761653,0.0
7.049999999999894,2.791430920894371,2.792129961025835,1.9989988711245616,-0.3269040517875506,-0.37237217250566995,0.0,0.0004373206381275196,0.026483605920620643,0.0
7.059999999999894,2.791430920894371,2.792129961025835,1.9989988711245616,-0.3269040517875506,-0.37237217250566995,0.0,0.00041797315716858243,0.026478425439700876,0.0
7.069999999999894,2.7807485100573928,2.7797513441992194,1.9989987555098412,-0.32073263821724113,-0.37771515393066873,0.0,0.0078039356294591486,0.025814446259109194,0.0
7.0799999999998935,2.7807485100573928,2.7797513441992194,1.9989987555098412,-0.32073263821724113,-0.37771515393066873,0.0,-0.0019066652356573737,0.0266425623591187,0.0
7.089999999999893,2.7807485100573928,2.7797513441992194,1.9989987555098412,-0.32073263821724113,-0.37771515393066873,0.0,-0.0019261452272813608,0.026637770993397827,0.0
7.099999999999893,2.7807485100573928,2.7797513441992194,1.9989987555098412,-0.32073263821724113,-0.37771515393066873,0.0,-0.0019456254414894963,0.026632979583472143,0.0
7.109999999999893,2.7699549392102285,2.766812942370103,1.9989986423296433,-0.3143597353264497,-0.38319611046470176,0.0,0.0009543779032712702,0.026793483821650643,0.0
7.119999999999893,2.7699549392102285,2.766812942370103,1.9989986423296433,-0.3143597353264497,-0.38319611046470176,0.0,0.0009361872365060832,0.02678779144549969,0.0
7.129999999999892,2.7699549392102285,2.766812942370103,1.9989986423296433,-0.3143597353264497,-0.38319611046470176,0.0,0.0009179963634861548,0.02678209901463733,0.0
7.139999999999892,2.7596885372106335,2.7540798586066986,1.9989983847816115,-0.30802431939192987,-0.388336380200624,0.0,-0.0015232353674148008,0.027027864854887635,0.0
7.149999999999892,2.7596885372106335,2.7540798586066986,1.9989983847816115,-0.30802431939192987,-0.388336380200624,0.0,-0.0015415620560344468,0.027022632953978675,0.0
7.159999999999892,2.7596885372106335,2.7540798586066986,1.9989983847816115,-0.30802431939192987,-0.388336380200624,0.0,-0.0015598889523755304,0.02701740100343991,0.0
7.169999999999892,2.74963875121628,2.741186187541613,1.9989983029078258,-0.30093912562454755,-0.3926330579432156,0.0,0.005502443372608983,0.02696510279955736,0.0
7.179999999999891,2.74963875121628,2.741186187541613,1.9989983029078258,-0.30093912562454755,-0.3926330579432156,0.0,-0.0016736011593218392,0.0276166645464752,0.0
7.189999999999891,2.74963875121628,2.741186187541613,1.9989983029078258,-0.30093912562454755,-0.3926330579432156,0.0,-0.001691508688656781,0.0276114357814934,0.0
7.199999999999891,2.74963875121628,2.741186187541613,1.9989983029078258,-0.30093912562454755,-0.3926330579432156,0.0,-0.0017094164207394722,0.02760620696676549,0.0
7.209999999999891,2.739514695473672,2.7277324102058187,1.9989982567494093,-0.29448257624653157,-0.3981297052186726,0.0,-0.00024539650369604976,0.02766526549020224,0.0
7.2199999999998905,2.739514695473672,2.7277324102058187,1.9989982567494093,-0.29448257624653157,-0.3981297052186726,0.0,-0.0002625294396622002,0.02765973127262152,0.0
7.22999999999989,2.739514695473672,2.7277324102058187,1.9989982567494093,-0.29448257624653157,-0.3981297052186726,0.0,-0.0002796625685167,0.027654197001678572,0.0
7.23999999999989,2.7299108463554402,2.71451601447334,1.9989985887213615,-0.2880054206174828,-0.40304671771871464,0.0,-0.0020234905460836884,0.028249943707572594,0.0
7.24999999999989,2.7299108463554402,2.71451601447334,1.9989985887213615,-0.2880054206174828,-0.40304671771871464,0.0,-0.0020407709604380606,0.028244947093109703,0.0
7.25999999999989,2.7299108463554402,2.71451601447334,1.9989985887213615,-0.2880054206174828,-0.40304671771871464,0.0,-0.002058051569921567,0.028239950431191305,0.0
7.269999999999889,2.720518895356224,2.7011339352544694,1.9989987849345674,-0.2813859991175628,-0.40782417729052617,0.0,0.0054327786398555705,0.028210088706673086,0.0
7.279999999999889,2.720518895356224,2.7011339352544694,1.9989987849345674,-0.2813859991175628,-0.40782417729052617,0.0,-0.002118914949218334,0.028669413760368297,0.0
7.289999999999889,2.720518895356224,2.7011339352544694,1.9989987849345674,-0.2813859991175628,-0.40782417729052617,0.0,-0.0021357706284326513,0.028664492546529866,0.0
7.299999999999889,2.720518895356224,2.7011339352544694,1.9989987849345674,-0.2813859991175628,-0.40782417729052617,0.0,-0.002152626498826705,0.028659571285537883,0.0
7.309999999999889,2.711072289293672,2.687183347315412,1.9989987415473969,-0.27448653363388353,-0.41264201931286754,0.0,-0.00010131590077027407,0.029274539009882965,0.0
7.319999999999888,2.711072289293672,2.687183347315412,1.9989987415473969,-0.27448653363388353,-0.41264201931286754,0.0,-0.00011736551733090759,0.02926940413338346,0.0
7.329999999999888,2.711072289293672,2.687183347315412,1.9989987415473969,-0.27448653363388353,-0.41264201931286754,0.0,-0.0001334153159424307,0.029264269206943125,0.0
7.339999999999888,2.702129290979079,2.673488485484613,1.9989985305727807,-0.2677163611954638,-0.4172101804561685,0.0,-0.001390586628996468,0.030757026145049212,0.0
7.349999999999888,2.702129290979079,2.673488485484613,1.9989985305727807,-0.2677163611954638,-0.4172101804561685,0.0,-0.001406778452747195,0.03075249552857849,0.0
7.3599999999998875,2.702129290979079,2.673488485484613,1.9989985305727807,-0.2677163611954638,-0.4172101804561685,0.0,-0.0014229704614849086,0.03074796486894026,0.0
7.369999999999887,2.693412323856106,2.6596468532879416,1.9989981713999272,-0.260782418725949,-0.42152424969162333,0.0,0.006021245358245137,0.031082397384757723,0.0
7.379999999999887,2.693412323856106,2.6596468532879416,1.9989981713999272,-0.260782418725949,-0.42152424969162333,0.0,-0.0012483143619883,0.03159455174009399,0.0
7.389999999999887,2.693412323856106,2.6596468532879416,1.9989981713999272,-0.260782418725949,-0.42152424969162333,0.0,-0.0012640615535666072,0.03159017702761245,0.0
7.399999999999887,2.693412323856106,2.6596468532879416,1.9989981713999272,-0.260782418725949,-0.42152424969162333,0.0,-0.0012798089260801554,0.03158580227321946,0.0
7.4099999999998865,2.684640080948001,2.645280898256658,1.9989986424695774,-0.2557513197995696,-0.42292369752072734,0.0,-0.0013439748207366886,0.031238429372644348,0.0
7.419999999999886,2.684640080948001,2.645280898256658,1.9989986424695774,-0.2557513197995696,-0.42292369752072734,0.0,-0.0013589097542243355,0.03123392658518102,0.0
7.429999999999886,2.684640080948001,2.645280898256658,1.9989986424695774,-0.2557513197995696,-0.42292369752072734,0.0,-0.0013738448601813514,0.03122942375323056,0.0
7.439999999999886,2.6763473413443783,2.6312048008839923,1.9989986082519746,-0.2463521280961974,-0.4297089058531387,0.0,-0.0015523140042039722,0.032738089284967395,0.0
7.449999999999886,2.6763473413443783,2.6312048008839923,1.9989986082519746,-0.2463521280961974,-0.4297089058531387,0.0,-0.0015674101004238465,0.03273416585081321,0.0
7.459999999999885,2.6763473413443783,2.6312048008839923,1.9989986082519746,-0.2463521280961974,-0.4297089058531387,0.0,-0.001582506371748905,0.03273024237902357,0.0
7.469999999999885,2.6683372833330705,2.6169536062843766,1.9989987713143662,-0.23928778605760345,-0.4338229937294031,0.0,0.0059338080261576625,0.03333658576332198,0.0
7.479999999999885,2.6683372833330705,2.6169536062843766,1.9989987713143662,-0.23928778605760345,-0.4338229937294031,0.0,-0.0017377233060630927,0.03290780681490894,0.0
7.489999999999885,2.6683372833330705,2.6169536062843766,1.9989987713143662,-0.23928778605760345,-0.4338229937294031,0.0,-0.0017523667348074946,0.03290391209298029,0.0
7.4999999999998845,2.6683372833330705,2.6169536062843766,1.9989987713143662,-0.23928778605760345,-0.4338229937294031,0.0,-0.0017670103321714265,0.03290001733366144,0.0
7.509999999999884,2.6603299648268317,2.602131397243448,1.9989987778297051,-0.23193271455841627,-0.43792920911710237,0.0,-0.0006094475950819674,0.033369969806247415,0.0
7.519999999999884,2.6603299648268317,2.602131397243448,1.9989987778297051,-0.23193271455841627,-0.43792920911710237,0.0,-0.0006232492330332604,0.03336586014498684,0.0
7.529999999999884,2.6603299648268317,2.602131397243448,1.9989987778297051,-0.23193271455841627,-0.43792920911710237,0.0,-0.0006370510287806789,0.03336175044362647,0.0
7.539999999999884,2.6527985056670556,2.587613783890815,1.9989986408903393,-0.22473465714303428,-0.4418081662368238,0.0,-0.002594728521342072,0.03308979187097887,0.0
7.5499999999998835,2.6527985056670556,2.587613783890815,1.9989986408903393,-0.22473465714303428,-0.4418081662368238,0.0,-0.002608711003673129,0.03308614638362257,0.0
7.559999999999883,2.6527985056670556,2.587613783890815,1.9989986408903393,-0.22473465714303428,-0.4418081662368238,0.0,-0.0026226936459004847,0.03308250086135647,0.0
7.569999999999883,2.645506196297376,2.572971235513459,1.9989982904929617,-0.2174329504827149,-0.44547849605153694,0.0,0.004824817931101578,0.0339836535463671,0.0
7.579999999999883,2.645506196297376,2.572971235513459,1.9989982904929617,-0.2174329504827149,-0.44547849605153694,0.0,-0.0022998056203949254,0.03315813874019184,0.0
7.589999999999883,2.645506196297376,2.572971235513459,1.9989982904929617,-0.2174329504827149,-0.44547849605153694,0.0,-0.002313332748536256,0.033154595595611853,0.0
7.599999999999882,2.645506196297376,2.572971235513459,1.9989982904929617,-0.2174329504827149,-0.44547849605153694,0.0,-0.0023268600313151315,0.033151052416902436,0.0
7.609999999999882,2.638242356016509,2.5577806978734596,1.998998544331167,-0.2104769070792573,-0.4477741328755082,0.0,-0.002752604348687839,0.03364398010206802,0.0
7.619999999999882,2.638242356016509,2.5577806978734596,1.998998544331167,-0.2104769070792573,-0.4477741328755082,0.0,-0.002765281147427256,0.03364031478209156,0.0
7.629999999999882,2.638242356016509,2.5577806978734596,1.998998544331167,-0.2104769070792573,-0.4477741328755082,0.0,-0.002777958090879355,0.03363664942600531,0.0
7.6399999999998816,2.631423853798075,2.5429407189588824,1.9989987958467879,-0.20232050763727186,-0.45227253048029853,0.0,-0.004537238967902345,0.033616057019191,0.0
7.649999999999881,2.631423853798075,2.5429407189588824,1.9989987958467879,-0.20232050763727186,-0.45227253048029853,0.0,-0.004550120926264713,0.033612907633120005,0.0
7.659999999999881,2.631423853798075,2.5429407189588824,1.9989987958467879,-0.20232050763727186,-0.45227253048029853,0.0,-0.004563003032130046,0.033609758216716565,0.0
7.669999999999881,2.6248751625966915,2.527961491373952,1.998998688928653,-0.194804030940635,-0.4554924334726546,0.0,0.0027779858767271407,0.03479376282043844,0.0
7.679999999999881,2.6248751625966915,2.527961491373952,1.998998688928653,-0.194804030940635,-0.4554924334726546,0.0,-0.004318005037736448,0.03369069509432469,0.0
7.6899999999998805,2.6248751625966915,2.527961491373952,1.998998688928653,-0.194804030940635,-0.4554924334726546,0.0,-0.004330451870581583,0.033687705399756525,0.0
7.69999999999988,2.6248751625966915,2.527961491373952,1.998998688928653,-0.194804030940635,-0.4554924334726546,0.0,-0.0043428988463811566,0.03368471567621235,0.0
7.70999999999988,2.6183869524066132,2.5124154989073637,1.998998766284676,-0.1870682787378406,-0.4588492756470489,0.0,-0.0034128757204664522,0.03415780666600976,0.0
7.71999999999988,2.6183869524066132,2.5124154989073637,1.998998766284676,-0.1870682787378406,-0.4588492756470489,0.0,-0.003424471275495724,0.03415476393484781,0.0
7.72999999999988,2.6183869524066132,2.5124154989073637,1.998998766284676,-0.1870682787378406,-0.4588492756470489,0.0,-0.0034360669637145927,0.034151721173526044,0.0
7.739999999999879,2.6123421015603108,2.497219956514942,1.9989986709486796,-0.1795087172146733,-0.46198848550850646,0.0,-0.004970669642714647,0.03451108324918773,0.0
7.749999999999879,2.6123421015603108,2.497219956514942,1.9989986709486796,-0.1795087172146733,-0.46198848550850646,0.0,-0.004982486321611988,0.03450858160379126,0.0
7.759999999999879,2.6123421015603108,2.497219956514942,1.9989986709486796,-0.1795087172146733,-0.46198848550850646,0.0,-0.004994303137170932,0.03450607993435232,0.0
7.769999999999879,2.6065481846140113,2.4819245501922222,1.9989983753837501,-0.17185808478381093,-0.4648761106846534,0.0,0.002311159588659046,0.03593245262699456,0.0
7.779999999999879,2.6065481846140113,2.4819245501922222,1.9989983753837501,-0.17185808478381093,-0.4648761106846534,0.0,-0.004978917343918725,0.034983453164691265,0.0
7.789999999999878,2.6065481846140113,2.4819245501922222,1.9989983753837501,-0.17185808478381093,-0.4648761106846534,0.0,-0.004990298767314838,0.03498116482525248,0.0
7.799999999999878,2.6065481846140113,2.4819245501922222,1.9989983753837501,-0.17185808478381093,-0.4648761106846534,0.0,-0.005001680323081575,0.03497887646378603,0.0
7.809999999999878,2.600847450564488,2.4660843467997076,1.9989987442411448,-0.16401035927492158,-0.4675687264231761,0.0,-0.0037375565834429332,0.03583505020239204,0.0
7.819999999999878,2.600847450564488,2.4660843467997076,1.9989987442411448,-0.16401035927492158,-0.4675687264231761,0.0,-0.003748070146149876,0.03583278943706438,0.0
7.8299999999998775,2.600847450564488,2.4660843467997076,1.9989987442411448,-0.16401035927492158,-0.4675687264231761,0.0,-0.0037585838315126723,0.03583052864941835,0.0
7.839999999999877,2.5955657329580983,2.450608871141566,1.9989982499571124,-0.15623894374413289,-0.47001274855254505,0.0,-0.005450967260162522,0.03602840189129231,0.0
7.849999999999877,2.5955657329580983,2.450608871141566,1.9989982499571124,-0.15623894374413289,-0.47001274855254505,0.0,-0.005461721744674769,0.03602667087775953,0.0
7.859999999999877,2.5955657329580983,2.450608871141566,1.9989982499571124,-0.15623894374413289,-0.47001274855254505,0.0,-0.005472476354927374,0.03602493984816303,0.0
7.869999999999877,2.5905447099437375,2.4350582809807686,1.998998382108142,-0.14844345264716288,-0.4726627101156162,0.0,0.0018179988881266945,0.03767046560805304,0.0
7.879999999999876,2.5905447099437375,2.4350582809807686,1.998998382108142,-0.14844345264716288,-0.4726627101156162,0.0,-0.0051717944321219645,0.03652776947211013,0.0
7.889999999999876,2.5905447099437375,2.4350582809807686,1.998998382108142,-0.14844345264716288,-0.4726627101156162,0.0,-0.0051821287215725025,0.03652620111255868,0.0
7.899999999999876,2.5905447099437375,2.4350582809807686,1.998998382108142,-0.14844345264716288,-0.4726627101156162,0.0,-0.005192463131006112,0.036524632738706986,0.0
7.909999999999876,2.5856388733365354,2.4189443817244873,1.9989986984334003,-0.14038413199351793,-0.47517700213897596,0.0,-0.0037053542590537933,0.036905624898384594,0.0
7.919999999999876,2.5856388733365354,2.4189443817244873,1.9989986984334003,-0.14038413199351793,-0.47517700213897596,0.0,-0.0037148203756418564,0.03690405313127615,0.0
7.929999999999875,2.5856388733365354,2.4189443817244873,1.9989986984334003,-0.14038413199351793,-0.47517700213897596,0.0,-0.0037242866010577234,0.03690248134944222,0.0
7.939999999999875,2.581139461721954,2.40322304809189,1.9989986504360893,-0.13253694611982922,-0.4775333338435294,0.0,-0.0055188451708008575,0.03700245337912344,0.0
7.949999999999875,2.581139461721954,2.40322304809189,1.9989986504360893,-0.13253694611982922,-0.4775333338435294,0.0,-0.005528575015388081,0.03700134890723455,0.0
7.959999999999875,2.581139461721954,2.40322304809189,1.9989986504360893,-0.13253694611982922,-0.4775333338435294,0.0,-0.005538304971339677,0.03700024442619469,0.0
7.9699999999998745,2.576900312449248,2.3874290640143343,1.998998359195193,-0.1245812376944403,-0.4794259213986171,0.0,0.0014630118721077525,0.03885801224275332,0.0
7.979999999999874,2.576900312449248,2.3874290640143343,1.998998359195193,-0.1245812376944403,-0.4794259213986171,0.0,-0.00610613522274697,0.03752770192353058,0.0
7.989999999999874,2.576900312449248,2.3874290640143343,1.998998359195193,-0.1245812376944403,-0.4794259213986171,0.0,-0.006115441918172285,0.0375268189541893,0.0
7.999999999999874,2.576900312449248,2.3874290640143343,1.998998359195193,-0.1245812376944403,-0.4794259213986171,0.0,-0.006124748719948417,0.03752593597798913,0.0
8.009999999999874,2.572807276239434,2.371100551835576,1.998998557713853,-0.11658815752403823,-0.4817030416748376,0.0,-0.005260074776551398,0.038335466504663795,0.0
8.019999999999873,2.572807276239434,2.371100551835576,1.998998557713853,-0.11658815752403823,-0.4817030416748376,0.0,-0.005268522307993591,0.038334663889938815,0.0
8.029999999999873,2.572807276239434,2.371100551835576,1.998998557713853,-0.11658815752403823,-0.4817030416748376,0.0,-0.005276969935637931,0.03833386126879954,0.0
8.039999999999873,2.5690947356061677,2.3551734102288213,1.9989984830201628,-0.10865972795719933,-0.48354466696554405,0.0,-0.0074502111531222345,0.03805127503820682,0.0
8.049999999999873,2.5690947356061677,2.3551734102288213,1.9989984830201628,-0.10865972795719933,-0.48354466696554405,0.0,-0.007458945642095732,0.03805097010813493,0.0
8.059999999999873,2.5690947356061677,2.3551734102288213,1.9989984830201628,-0.10865972795719933,-0.48354466696554405,0.0,-0.007467680230628793,0.038050665177475525,0.0
8.069999999999872,2.5656450957896824,2.339190386885496,1.9989983208981885,-0.10056334654303263,-0.48478502087857583,0.0,-0.0007250008054380094,0.04009778185950592,0.0
8.079999999999872,2.5656450957896824,2.339190386885496,1.9989983208981885,-0.10056334654303263,-0.48478502087857583,0.0,-0.00815702308637407,0.03864092010412489,0.0
8.089999999999872,2.5656450957896824,2.339190386885496,1.9989983208981885,-0.10056334654303263,-0.48478502087857583,0.0,-0.008165352098132425,0.038640880505283574,0.0
8.099999999999872,2.5656450957896824,2.339190386885496,1.9989983208981885,-0.10056334654303263,-0.48478502087857583,0.0,-0.008173681204992839,0.03864084090866964,0.0
8.109999999999872,2.562370196663542,2.3226714740701113,1.9989985871813853,-0.09232255361368152,-0.48673817053995105,0.0,-0.006624047314985235,0.03950338261574222,0.0
8.119999999999871,2.562370196663542,2.3226714740701113,1.9989985871813853,-0.09232255361368152,-0.48673817053995105,0.0,-0.006631509383350399,0.03950348975390299,0.0
8.129999999999871,2.562370196663542,2.3226714740701113,1.9989985871813853,-0.09232255361368152,-0.48673817053995105,0.0,-0.006638971536791461,0.03950359689549195,0.0
8.139999999999871,2.5594601718080585,2.3065812356335185,1.9989985737859453,-0.08427057771042504,-0.4883131714337089,0.0,-0.008698652994344821,0.03876378282412938,0.0
8.14999999999987,2.5594601718080585,2.3065812356335185,1.9989985737859453,-0.08427057771042504,-0.4883131714337089,0.0,-0.008706411107218925,0.038764389843179155,0.0
8.15999999999987,2.5594601718080585,2.3065812356335185,1.9989985737859453,-0.08427057771042504,-0.4883131714337089,0.0,-0.008714169308589209,0.038764996871542966,0.0
8.16999999999987,2.556817282781257,2.2904494838217597,1.9989984788030766,-0.07608746459417304,-0.48884541435638207,0.0,-0.0022713211721428032,0.04097815696201854,0.0
8.17999999999987,2.556817282781257,2.2904494838217597,1.9989984788030766,-0.07608746459417304,-0.48884541435638207,0.0,-0.009280592167118231,0.03896879093462974,0.0
8.18999999999987,2.556817282781257,2.2904494838217597,1.9989984788030766,-0.07608746459417304,-0.48884541435638207,0.0,-0.009287941742324246,0.03896968741692395,0.0
8.19999999999987,2.556817282781257,2.2904494838217597,1.9989984788030766,-0.07608746459417304,-0.48884541435638207,0.0,-0.009295291401436659,0.038970583911651674,0.0
8.20999999999987,2.554371217516376,2.2737928030900516,1.9989987293450535,-0.06797208535715303,-0.4908075753517709,0.0,-0.008370970420240225,0.03980795751605959,0.0
8.21999999999987,2.554371217516376,2.2737928030900516,1.9989987293450535,-0.06797208535715303,-0.4908075753517709,0.0,-0.008377456250284831,0.03980904502168247,0.0
8.229999999999869,2.554371217516376,2.2737928030900516,1.9989987293450535,-0.06797208535715303,-0.4908075753517709,0.0,-0.008383942154165692,0.03981013254146761,0.0
8.239999999999869,2.552265035948748,2.2575753014055753,1.998998637077087,-0.05991177442348092,-0.49199957200831584,0.0,-0.009608585131847307,0.03985783008182594,0.0
8.249999999999869,2.552265035948748,2.2575753014055753,1.998998637077087,-0.05991177442348092,-0.49199957200831584,0.0,-0.009615354494199544,0.03985932968327655,0.0
8.259999999999868,2.552265035948748,2.2575753014055753,1.998998637077087,-0.05991177442348092,-0.49199957200831584,0.0,-0.009622123933253053,0.03986082930373359,0.0
8.269999999999868,2.5504255368927256,2.2413231771094724,1.9989984348633372,-0.05181796276977747,-0.49293667692090876,0.0,-0.0029408351713156363,0.042142125012218076,0.0
8.279999999999868,2.5504255368927256,2.2413231771094724,1.9989984348633372,-0.05181796276977747,-0.49293667692090876,0.0,-0.009660710437276203,0.03991321979849725,0.0
8.289999999999868,2.5504255368927256,2.2413231771094724,1.9989984348633372,-0.05181796276977747,-0.49293667692090876,0.0,-0.009666997078514133,0.03991479268199527,0.0
8.299999999999867,2.5504255368927256,2.2413231771094724,1.9989984348633372,-0.05181796276977747,-0.49293667692090876,0.0,-0.009673283790087594,0.039916365584863764,0.0
8.309999999999867,2.548811308326243,2.2245558905987006,1.9989985494737508,-0.04333165021882609,-0.49319307611849905,0.0,-0.008123503253546837,0.04040153628888298,0.0
8.319999999999867,2.548811308326243,2.2245558905987006,1.9989985494737508,-0.04333165021882609,-0.49319307611849905,0.0,-0.00812885082219658,0.04040312805765756,0.0
8.329999999999867,2.548811308326243,2.2245558905987006,1.9989985494737508,-0.04333165021882609,-0.49319307611849905,0.0,-0.00813419844986716,0.040404719845328174,0.0
8.339999999999867,2.547519131900317,2.2082571545578062,1.9989984007571442,-0.03519327429657821,-0.49423070583399076,0.0,-0.009365018928629924,0.03974770664510446,0.0
8.349999999999866,2.547519131900317,2.2082571545578062,1.9989984007571442,-0.03519327429657821,-0.49423070583399076,0.0,-0.009370592671684866,0.03974951574963464,0.0
8.359999999999866,2.547519131900317,2.2082571545578062,1.9989984007571442,-0.03519327429657821,-0.49423070583399076,0.0,-0.009376166475570047,0.039751324875369164,0.0
8.369999999999866,2.5464969993862754,2.191951468017103,1.9989989771389005,-0.027030423632989693,-0.49385996826108747,0.0,-0.003326660127715544,0.04220989649120478,0.0
8.379999999999866,2.5464969993862754,2.191951468017103,1.9989989771389005,-0.027030423632989693,-0.49385996826108747,0.0,-0.009571707267788207,0.0403040767081463,0.0
8.389999999999866,2.5464969993862754,2.191951468017103,1.9989989771389005,-0.027030423632989693,-0.49385996826108747,0.0,-0.00957682030364771,0.040306048843775574,0.0
8.399999999999865,2.5464969993862754,2.191951468017103,1.9989989771389005,-0.027030423632989693,-0.49385996826108747,0.0,-0.009581933395020273,0.040308021002124494,0.0
8.409999999999865,2.5457221671678623,2.1751288407106335,1.998998757420682,-0.018723832830640268,-0.49512252876692947,0.0,-0.008718947970474726,0.04076121502395258,0.0
8.419999999999865,2.5457221671678623,2.1751288407106335,1.998998757420682,-0.018723832830640268,-0.49512252876692947,0.0,-0.008723144786141983,0.04076331050727959,0.0
8.429999999999865,2.5457221671678623,2.1751288407106335,1.998998757420682,-0.018723832830640268,-0.49512252876692947,0.0,-0.008727341646844725,0.040765406014067196,0.0
8.439999999999864,2.545242828108386,2.158783518965582,1.9989987446714486,-0.010571810787975002,-0.49547569260469565,0.0,-0.009944383564371712,0.04037372739233103,0.0
8.449999999999864,2.545242828108386,2.158783518965582,1.9989987446714486,-0.010571810787975002,-0.49547569260469565,0.0,-0.009948834885600596,0.0403760906098877,0.0
8.459999999999864,2.545242828108386,2.158783518965582,1.9989987446714486,-0.010571810787975002,-0.49547569260469565,0.0,-0.009953286254183175,0.04037845385371538,0.0
8.469999999999864,2.5450325951918584,2.1424289152756484,1.9989985610777858,-0.0024161733790976194,-0.4956877286637969,0.0,-0.0035917453438496375,0.0429423885276284,0.0
8.479999999999864,2.5450325951918584,2.1424289152756484,1.9989985610777858,-0.0024161733790976194,-0.4956877286637969,0.0,-0.01048992560547059,0.04029573339694964,0.0
8.489999999999863,2.5450325951918584,2.1424289152756484,1.9989985610777858,-0.0024161733790976194,-0.4956877286637969,0.0,-0.01049393861929331,0.04029831696348159,0.0
8.499999999999863,2.5450325951918584,2.1424289152756484,1.9989985610777858,-0.0024161733790976194,-0.4956877286637969,0.0,-0.010497951675670414,0.04030090055843726,0.0
8.509999999999863,2.545097568254568,2.1255756937073755,1.9989982924510952,0.005988441629041627,-0.4956796980044694,0.0,-0.010088142865176692,0.04084435321209188,0.0
8.519999999999863,2.545097568254568,2.1255756937073755,1.9989982924510952,0.005988441629041627,-0.4956796980044694,0.0,-0.010091264910464267,0.04084713743814249,0.0
8.529999999999863,2.545097568254568,2.1255756937073755,1.9989982924510952,0.005988441629041627,-0.4956796980044694,0.0,-0.010094386988742982,0.04084992169441742,0.0
8.539999999999862,2.5454347526287693,2.10923030481994,1.9989983574031562,0.014210069579182475,-0.49513085316325245,0.0,-0.012254886557536085,0.04060895098000679,0.0
8.549999999999862,2.5454347526287693,2.10923030481994,1.9989983574031562,0.014210069579182475,-0.49513085316325245,0.0,-0.012258316182066213,0.04061202541675504,0.0
8.559999999999862,2.5454347526287693,2.10923030481994,1.9989983574031562,0.014210069579182475,-0.49513085316325245,0.0,-0.012261745842914468,0.04061509988705154,0.0
8.569999999999862,2.546040684378077,2.092911087119274,1.9989989821236362,0.022253581513716193,-0.4945532693202294,0.0,-0.006318048077178164,0.043270093963853104,0.0
8.579999999999862,2.546040684378077,2.092911087119274,1.9989989821236362,0.022253581513716193,-0.4945532693202294,0.0,-0.012037364740491703,0.04088662974051088,0.0
8.589999999999861,2.546040684378077,2.092911087119274,1.9989989821236362,0.022253581513716193,-0.4945532693202294,0.0,-0.012040385129061497,0.040889971302404265,0.0
8.599999999999861,2.546040684378077,2.092911087119274,1.9989989821236362,0.022253581513716193,-0.4945532693202294,0.0,-0.012043405549673333,0.04089331290069855,0.0
8.60999999999986,2.5469449651295215,2.076092281781552,1.998998750622635,0.030677880767348804,-0.4944816260646711,0.0,-0.01124302919837426,0.041736205975553956,0.0
8.61999999999986,2.5469449651295215,2.076092281781552,1.998998750622635,0.030677880767348804,-0.4944816260646711,0.0,-0.01124517811600838,0.041739821166225946,0.0
8.62999999999986,2.5469449651295215,2.076092281781552,1.998998750622635,0.030677880767348804,-0.4944816260646711,0.0,-0.011247327056430006,0.04174343639606016,0.0
8.63999999999986,2.5480958973350685,2.05978186245957,1.9989987804119695,0.03883474469482882,-0.49401575370011136,0.0,-0.013642960645759285,0.04129566302007701,0.0
8.64999999999986,2.5480958973350685,2.05978186245957,1.9989987804119695,0.03883474469482882,-0.49401575370011136,0.0,-0.013645459791597337,0.04129957562591979,0.0
8.65999999999986,2.5480958973350685,2.05978186245957,1.9989987804119695,0.03883474469482882,-0.49401575370011136,0.0,-0.013647958963900118,0.041303488274219334,0.0
8.66999999999986,2.5495159632402373,2.043489207879769,1.998998668758082,0.046985188103610916,-0.4934292272738103,0.0,-0.007739117261286452,0.04409495475506276,0.0
8.67999999999986,2.5495159632402373,2.043489207879769,1.998998668758082,0.046985188103610916,-0.4934292272738103,0.0,-0.014190774831129542,0.04140353535144555,0.0
8.68999999999986,2.5495159632402373,2.043489207879769,1.998998668758082,0.046985188103610916,-0.4934292272738103,0.0,-0.01419293388606677,0.04140771797215173,0.0
8.699999999999859,2.5495159632402373,2.043489207879769,1.998998668758082,0.046985188103610916,-0.4934292272738103,0.0,-0.014195092963592674,0.04141190063766394,0.0
8.709999999999859,2.55126010902667,2.026726209266787,1.9989983497329786,0.05536457558429405,-0.4926246997759781,0.0,-0.013494296095788371,0.04244176367975835,0.0
8.719999999999859,2.55126010902667,2.026726209266787,1.9989983497329786,0.05536457558429405,-0.4926246997759781,0.0,-0.013495655358703743,0.04244624942776833,0.0
8.729999999999858,2.55126010902667,2.026726209266787,1.9989983497329786,0.05536457558429405,-0.4926246997759781,0.0,-0.01349701463567094,0.042450735223166655,0.0
8.739999999999858,2.553202937041255,2.0104872914535377,1.9989978651100773,0.06054537089695297,-0.49155474491616297,0.0,-0.015551287387538856,0.04128882180122099,0.0
8.749999999999858,2.553202937041255,2.0104872914535377,1.9989978651100773,0.06054537089695297,-0.49155474491616297,0.0,-0.015553054371285251,0.041293582804857905,0.0
8.759999999999858,2.553202937041255,2.0104872914535377,1.9989978651100773,0.06054537089695297,-0.49155474491616297,0.0,-0.015554821373164171,0.041298343858547984,0.0
8.769999999999857,2.5552474134764394,1.9942903124283202,1.9989986714656895,0.06546358276150063,-0.4911447049294923,0.0,-0.009626498832665102,0.04318395826650309,0.0
8.779999999999857,2.5552474134764394,1.9942903124283202,1.9989986714656895,0.06546358276150063,-0.4911447049294923,0.0,-0.015747596446941833,0.040524304797365344,0.0
8.789999999999857,2.5552474134764394,1.9942903124283202,1.9989986714656895,0.06546358276150063,-0.4911447049294923,0.0,-0.01574903999559339,0.04052934749554169,0.0
8.799999999999857,2.5552474134764394,1.9942903124283202,1.9989986714656895,0.06546358276150063,-0.4911447049294923,0.0,-0.015750483558985277,0.040534390246440316,0.0
8.809999999999857,2.5577462910333244,1.9776345432436369,1.998998719013985,0.08000307719238428,-0.4888889710972267,0.0,-0.015614637021112007,0.04367161517444416,0.0
8.819999999999856,2.5577462910333244,1.9776345432436369,1.998998719013985,0.08000307719238428,-0.4888889710972267,0.0,-0.015615297770568406,0.04367703078829837,0.0
8.829999999999856,2.5577462910333244,1.9776345432436369,1.998998719013985,0.08000307719238428,-0.4888889710972267,0.0,-0.015615958526730794,0.0436824464584728,0.0
8.839999999999856,2.56052376219748,1.9615224111333234,1.9989987982076072,0.08808104864721346,-0.4876087791580256,0.0,-0.017501364006283042,0.043323896733178734,0.0
8.849999999999856,2.56052376219748,1.9615224111333234,1.9989987982076072,0.08808104864721346,-0.4876087791580256,0.0,-0.017502444137333175,0.04332961934923705,0.0
8.859999999999856,2.56052376219748,1.9615224111333234,1.9989987982076072,0.08808104864721346,-0.4876087791580256,0.0,-0.017503524279325285,0.04333534202484545,0.0
8.869999999999855,2.563567424473419,1.945454967431309,1.9989987395934934,0.09614004407363354,-0.4862061958983224,0.0,-0.012142392602514856,0.046486352921197564,0.0
8.879999999999855,2.563567424473419,1.945454967431309,1.9989987395934934,0.09614004407363354,-0.4862061958983224,0.0,-0.01802179913402327,0.044040831408002544,0.0
8.889999999999855,2.563567424473419,1.945454967431309,1.9989987395934934,0.09614004407363354,-0.4862061958983224,0.0,-0.018022569689974222,0.04404692805931858,0.0
8.899999999999855,2.563567424473419,1.945454967431309,1.9989987395934934,0.09614004407363354,-0.4862061958983224,0.0,-0.018023340253741544,0.04405302477422703,0.0
8.909999999999854,2.566981015349505,1.9289517156908598,1.9989984924183783,0.10441665250647662,-0.4846078662098939,0.0,-0.017303028543302817,0.04524740648996814,0.0
8.919999999999854,2.566981015349505,1.9289517156908598,1.9989984924183783,0.10441665250647662,-0.4846078662098939,0.0,-0.017303029344781905,0.045253945575946905,0.0
8.929999999999854,2.566981015349505,1.9289517156908598,1.9989984924183783,0.10441665250647662,-0.4846078662098939,0.0,-0.017303030146269098,0.04526048472992726,0.0
8.939999999999854,2.5705585628580523,1.912990477332742,1.9989980875387725,0.11171978125181654,-0.48271254156245186,0.0,-0.019002334589357142,0.044665812640205416,0.0
8.949999999999854,2.5705585628580523,1.912990477332742,1.9989980875387725,0.11171978125181654,-0.48271254156245186,0.0,-0.019002759846325594,0.044672663954027976,0.0
8.959999999999853,2.5705585628580523,1.912990477332742,1.9989980875387725,0.11171978125181654,-0.48271254156245186,0.0,-0.019003185107596684,0.0446795153393321,0.0
8.969999999999853,2.574339966866732,1.8970945879507746,1.9989981450580836,0.11741578924990827,-0.4802486035736388,0.0,-0.014254003351382567,0.04726384087570051,0.0
8.979999999999853,2.574339966866732,1.8970945879507746,1.9989981450580836,0.11741578924990827,-0.4802486035736388,0.0,-0.019563026412171423,0.04448331548271869,0.0
8.989999999999853,2.574339966866732,1.8970945879507746,1.9989981450580836,0.11741578924990827,-0.4802486035736388,0.0,-0.019563153061891082,0.04449056027607413,0.0
8.999999999999853,2.574339966866732,1.8970945879507746,1.9989981450580836,0.11741578924990827,-0.4802486035736388,0.0,-0.019563279712895815,0.04449780514529501,0.0
9.009999999999852,2.5785327431386023,1.8808033671502071,1.998998523637991,0.12854070783030191,-0.4784220789301238,0.0,-0.019080880496883633,0.046545156903951765,0.0
9.019999999999852,2.5785327431386023,1.8808033671502071,1.998998523637991,0.12854070783030191,-0.4784220789301238,0.0,-0.019080257912281653,0.04655289511093642,0.0
9.029999999999852,2.5785327431386023,1.8808033671502071,1.998998523637991,0.12854070783030191,-0.4784220789301238,0.0,-0.019079635321374463,0.04656063339900519,0.0
9.039999999999852,2.582908936375099,1.865051468820236,1.9989987664599063,0.1364478661483634,-0.47630363911991436,0.0,-0.020295628428612614,0.046062616147694996,0.0
9.049999999999851,2.582908936375099,1.865051468820236,1.9989987664599063,0.1364478661483634,-0.47630363911991436,0.0,-0.020295464716424724,0.046070680191256215,0.0
9.059999999999851,2.582908936375099,1.865051468820236,1.9989987664599063,0.1364478661483634,-0.47630363911991436,0.0,-0.020295301002593576,0.046078744318732066,0.0
9.069999999999851,2.5875458228233184,1.8493706459260584,1.998998755176886,0.1443342703992378,-0.4740993239237588,0.0,-0.015523279406237916,0.049675535122645956,0.0
9.07999999999985,2.5875458228233184,1.8493706459260584,1.998998755176886,0.1443342703992378,-0.4740993239237588,0.0,-0.021238313563376684,0.04642798410385865,0.0
9.08999999999985,2.5875458228233184,1.8493706459260584,1.998998755176886,0.1443342703992378,-0.4740993239237588,0.0,-0.021237965206662324,0.04643652035794788,0.0
9.09999999999985,2.5875458228233184,1.8493706459260584,1.998998755176886,0.1443342703992378,-0.4740993239237588,0.0,-0.02123761684652078,0.04644505669934646,0.0
9.10999999999985,2.592594594656437,1.8332936765213816,1.9989985682776266,0.15240834197161016,-0.4716586111399677,0.0,-0.021090216259518884,0.047332795122689265,0.0
9.11999999999985,2.592594594656437,1.8332936765213816,1.9989985682776266,0.15240834197161016,-0.4716586111399677,0.0,-0.021089228181216495,0.04734191032084571,0.0
9.12999999999985,2.592594594656437,1.8332936765213816,1.9989985682776266,0.15240834197161016,-0.4716586111399677,0.0,-0.02108824009340568,0.047351025610511854,0.0
9.13999999999985,2.5977544901568903,1.8177767349456286,1.9989985329854016,0.16001096608136336,-0.4686511383943129,0.0,-0.023721402645737938,0.04676138267605974,0.0
9.14999999999985,2.5977544901568903,1.8177767349456286,1.9989985329854016,0.16001096608136336,-0.4686511383943129,0.0,-0.023720973995289326,0.04677083262830064,0.0
9.15999999999985,2.5977544901568903,1.8177767349456286,1.9989985329854016,0.16001096608136336,-0.4686511383943129,0.0,-0.023720545340808512,0.04678028267352704,0.0
9.169999999999849,2.6031684455524084,1.8023468460552379,1.9989982977157144,0.16777493670446703,-0.4662625461455035,0.0,-0.019212951598113058,0.050515807008135356,0.0
9.179999999999849,2.6031684455524084,1.8023468460552379,1.9989982977157144,0.16777493670446703,-0.4662625461455035,0.0,-0.023301993496973185,0.04688411130333597,0.0
9.189999999999849,2.6031684455524084,1.8023468460552379,1.9989982977157144,0.16777493670446703,-0.4662625461455035,0.0,-0.023301365314850008,0.04689403767181813,0.0
9.199999999999848,2.6031684455524084,1.8023468460552379,1.9989982977157144,0.16777493670446703,-0.4662625461455035,0.0,-0.02330073712689828,0.04690396413689858,0.0
9.209999999999848,2.6090051591014847,1.7865623909326194,1.9989989882058974,0.17533634326496667,-0.46218079840604925,0.0,-0.023660661134349302,0.04741689599350447,0.0
9.219999999999848,2.6090051591014847,1.7865623909326194,1.9989989882058974,0.17533634326496667,-0.46218079840604925,0.0,-0.02365939485258329,0.04742741851045418,0.0
9.229999999999848,2.6090051591014847,1.7865623909326194,1.9989989882058974,0.17533634326496667,-0.46218079840604925,0.0,-0.023658128559252575,0.04743794112852014,0.0
9.239999999999847,2.6149325609544722,1.771334327721482,1.9989986996477709,0.18339648005742393,-0.4602206667191539,0.0,-0.024182781187573974,0.047033693484802616,0.0
9.249999999999847,2.6149325609544722,1.771334327721482,1.9989986996477709,0.18339648005742393,-0.4602206667191539,0.0,-0.02418202540813498,0.04704450897224366,0.0
9.259999999999847,2.6149325609544722,1.771334327721482,1.9989986996477709,0.18339648005742393,-0.4602206667191539,0.0,-0.024181269621891554,0.04705532456239509,0.0
9.269999999999847,2.6211146984682574,1.7561971327209767,1.9989987198172734,0.19103380326356378,-0.45724456498238536,0.0,-0.02008736349478829,0.05087872290413435,0.0
9.279999999999847,2.6211146984682574,1.7561971327209767,1.9989987198172734,0.19103380326356378,-0.45724456498238536,0.0,-0.024277875204388438,0.04763848356867894,0.0
9.289999999999846,2.6211146984682574,1.7561971327209767,1.9989987198172734,0.19103380326356378,-0.45724456498238536,0.0,-0.024276905200315228,0.04764977191581979,0.0
9.299999999999846,2.6211146984682574,1.7561971327209767,1.9989987198172734,0.19103380326356378,-0.45724456498238536,0.0,-0.02427593518758358,0.04766106036957804,0.0
9.309999999999846,2.6277463159626087,1.7407075686963736,1.998998573817726,0.19881944207269509,-0.4539781492195551,0.0,-0.02340787091242265,0.04873649204781782,0.0
9.319999999999846,2.6277463159626087,1.7407075686963736,1.998998573817726,0.19881944207269509,-0.4539781492195551,0.0,-0.0234062453153623,0.04874841045565775,0.0
9.329999999999846,2.6277463159626087,1.7407075686963736,1.998998573817726,0.19881944207269509,-0.4539781492195551,0.0,-0.023404619703931033,0.04876032897546681,0.0
9.339999999999845,2.6344310801301347,1.7257896020448358,1.9989987961390594,0.20625256210720025,-0.4506446847878546,0.0,-0.024242182840184943,0.048442751665785246,0.0
9.349999999999845,2.6344310801301347,1.7257896020448358,1.9989987961390594,0.20625256210720025,-0.4506446847878546,0.0,-0.024241029903990626,0.048454946969486275,0.0
9.359999999999845,2.6344310801301347,1.7257896020448358,1.9989987961390594,0.20625256210720025,-0.4506446847878546,0.0,-0.024239876957667376,0.04846714238726298,0.0
9.369999999999845,2.6413626368180143,1.7109775950133699,1.9989985297037176,0.2136265735068192,-0.44718508995723455,0.0,-0.02050658558163978,0.0523972265473302,0.0
9.379999999999844,2.6413626368180143,1.7109775950133699,1.9989985297037176,0.2136265735068192,-0.44718508995723455,0.0,-0.024108841843828943,0.0483514259282991,0.0
9.389999999999844,2.6413626368180143,1.7109775950133699,1.9989985297037176,0.2136265735068192,-0.44718508995723455,0.0,-0.02410745657512146,0.0483640983583804,0.0
9.399999999999844,2.6413626368180143,1.7109775950133699,1.9989985297037176,0.2136265735068192,-0.44718508995723455,0.0,-0.024106071294269383,0.048376770907003,0.0
9.409999999999844,2.648757703177488,1.6958380603804923,1.9989982743690848,0.22111941670884758,-0.44341291723684306,0.0,-0.02353949134043352,0.04901262202640749,0.0
9.419999999999844,2.648757703177488,1.6958380603804923,1.9989982743690848,0.22111941670884758,-0.44341291723684306,0.0,-0.02353744746759631,0.04902594526207657,0.0
9.429999999999843,2.648757703177488,1.6958380603804923,1.9989982743690848,0.22111941670884758,-0.44341291723684306,0.0,-0.023535403576937224,0.04903926862219334,0.0
9.439999999999843,2.6561703050302503,1.6812891161528787,1.9989991808778653,0.22827247576774967,-0.43907943204581573,0.0,-0.02433068965535637,0.04848351911612858,0.0
9.449999999999843,2.6561703050302503,1.6812891161528787,1.9989991808778653,0.22827247576774967,-0.43907943204581573,0.0,-0.024329098780086187,0.04849707746956524,0.0
9.459999999999843,2.6561703050302503,1.6812891161528787,1.9989991808778653,0.22827247576774967,-0.43907943204581573,0.0,-0.02432750789097174,0.04851063594951099,0.0
9.469999999999843,2.6638349189017667,1.6668476863890793,1.9989986045345627,0.23580130802920288,-0.4358057729260982,0.0,-0.02064821795410999,0.05258672837602297,0.0
9.479999999999842,2.6638349189017667,1.6668476863890793,1.9989986045345627,0.23580130802920288,-0.4358057729260982,0.0,-0.024637661453232197,0.04920787462809171,0.0
9.489999999999842,2.6638349189017667,1.6668476863890793,1.9989986045345627,0.23580130802920288,-0.4358057729260982,0.0,-0.024635857879583348,0.04922194888608686,0.0
9.499999999999842,2.6638349189017667,1.6668476863890793,1.9989986045345627,0.23580130802920288,-0.4358057729260982,0.0,-0.024634054290377978,0.04923602327477083,0.0
9.509999999999842,2.671981932998628,1.6521010106545369,1.9989984903777502,0.2431771825954786,-0.4316939754003428,0.0,-0.024457182410803843,0.050221824029679306,0.0
9.519999999999841,2.671981932998628,1.6521010106545369,1.9989984903777502,0.2431771825954786,-0.4316939754003428,0.0,-0.02445475771905606,0.050236615226036826,0.0
9.529999999999841,2.671981932998628,1.6521010106545369,1.9989984903777502,0.2431771825954786,-0.4316939754003428,0.0,-0.024452333006603284,0.05025140655911838,0.0
9.539999999999841,2.6801238318147247,1.637929301737802,1.9989985839746436,0.2502445399722603,-0.4276535336345877,0.0,-0.025329111557770106,0.048965587958329136,0.0
9.54999999999984,2.6801238318147247,1.637929301737802,1.9989985839746436,0.2502445399722603,-0.4276535336345877,0.0,-0.02532713636224239,0.04898061195391927,0.0
9.55999999999984,2.6801238318147247,1.637929301737802,1.9989985839746436,0.2502445399722603,-0.4276535336345877,0.0,-0.02532516114991891,0.04899563608776813,0.0
9.56999999999984,2.688501324989577,1.6238868415662198,1.9989986905272263,0.25728536913521893,-0.4235479280497752,0.0,-0.02222281144140753,0.052984217299654725,0.0
9.57999999999984,2.688501324989577,1.6238868415662198,1.9989986905272263,0.25728536913521893,-0.4235479280497752,0.0,-0.02602054405748425,0.049021148979340505,0.0
9.58999999999984,2.688501324989577,1.6238868415662198,1.9989986905272263,0.25728536913521893,-0.4235479280497752,0.0,-0.026018357067474324,0.049036669380549236,0.0
9.59999999999984,2.688501324989577,1.6238868415662198,1.9989986905272263,0.25728536913521893,-0.4235479280497752,0.0,-0.026016170058906107,0.0490521899246337,0.0
9.60999999999984,2.6973749703930117,1.6095619711376092,1.9989984911041652,0.2644643441798866,-0.4191880850785808,0.0,-0.025722442576901865,0.0493492669695853,0.0
9.61999999999984,2.6973749703930117,1.6095619711376092,1.9989984911041652,0.2644643441798866,-0.4191880850785808,0.0,-0.02571964094369638,0.04936549089197724,0.0
9.62999999999984,2.6973749703930117,1.6095619711376092,1.9989984911041652,0.2644643441798866,-0.4191880850785808,0.0,-0.025716839286893,0.049381714963245046,0.0
9.639999999999839,2.706217711585768,1.5958054893872775,1.9989981492284172,0.2711442032644852,-0.4145148184327281,0.0,-0.02670689764620557,0.04839762519216956,0.0
9.649999999999839,2.706217711585768,1.5958054893872775,1.9989981492284172,0.2711442032644852,-0.4145148184327281,0.0,-0.026704523255080274,0.04841400752454234,0.0
9.659999999999838,2.706217711585768,1.5958054893872775,1.9989981492284172,0.2711442032644852,-0.4145148184327281,0.0,-0.02670214884399135,0.0484303900068942,0.0
9.669999999999838,2.715276335910631,1.582217518502544,1.9989987051298237,0.27823680496593434,-0.4100936936363797,0.0,-0.023947265805649844,0.052442003893915276,0.0
9.679999999999838,2.715276335910631,1.582217518502544,1.9989987051298237,0.27823680496593434,-0.4100936936363797,0.0,-0.027634161186357212,0.04842658443818563,0.0
9.689999999999838,2.715276335910631,1.582217518502544,1.9989987051298237,0.27823680496593434,-0.4100936936363797,0.0,-0.027631583550556796,0.04844343322972734,0.0
9.699999999999838,2.715276335910631,1.582217518502544,1.9989987051298237,0.27823680496593434,-0.4100936936363797,0.0,-0.02762900589310264,0.04846028217569456,0.0
9.709999999999837,2.7248551417019597,1.5683621094021467,1.9989983683130128,0.2848859190203688,-0.40486686005139944,0.0,-0.02710297065846409,0.04856503461994328,0.0
9.719999999999837,2.7248551417019597,1.5683621094021467,1.9989983683130128,0.2848859190203688,-0.40486686005139944,0.0,-0.027099796596266535,0.048582579228240184,0.0
9.729999999999837,2.7248551417019597,1.5683621094021467,1.9989983683130128,0.2848859190203688,-0.40486686005139944,0.0,-0.027096622507533693,0.048600123997157796,0.0
9.739999999999837,2.7343715608778982,1.5550771010142543,1.9989987447384772,0.2916814876401229,-0.40040829276609835,0.0,-0.027769884620402845,0.04829290767539094,0.0
9.749999999999837,2.7343715608778982,1.5550771010142543,1.9989987447384772,0.2916814876401229,-0.40040829276609835,0.0,-0.0277671234677555,0.0483105374284475,0.0
9.759999999999836,2.7343715608778982,1.5550771010142543,1.9989987447384772,0.2916814876401229,-0.40040829276609835,0.0,-0.027764362292102242,0.04832816734243912,0.0
9.769999999999836,2.744110481195862,1.5419434799360845,1.9989987692924933,0.2983222778729445,-0.39566248723461533,0.0,-0.02535400448197739,0.05220441986608169,0.0
9.779999999999836,2.744110481195862,1.5419434799360845,1.9989987692924933,0.2983222778729445,-0.39566248723461533,0.0,-0.027598287327531147,0.04817728401989896,0.0
9.789999999999836,2.744110481195862,1.5419434799360845,1.9989987692924933,0.2983222778729445,-0.39566248723461533,0.0,-0.027595316596237974,0.048195351582225265,0.0
9.799999999999836,2.744110481195862,1.5419434799360845,1.9989987692924933,0.2983222778729445,-0.39566248723461533,0.0,-0.02759234584025798,0.048213419309382846,0.0
9.809999999999835,2.7543716065420574,1.5285786602089046,1.9989986530979695,0.30506952531989384,-0.3906402985295506,0.0,-0.027300319758802843,0.04873486851320559,0.0
9.819999999999835,2.7543716065420574,1.5285786602089046,1.9989986530979695,0.30506952531989384,-0.3906402985295506,0.0,-0.02729676365932277,0.04875364754348895,0.0
9.829999999999835,2.7543716065420574,1.5285786602089046,1.9989986530979695,0.30506952531989384,-0.3906402985295506,0.0,-0.027293207530435046,0.0487724267450692,0.0
9.839999999999835,2.7645481905422034,1.5157729794476391,1.998998373581585,0.31148812989589153,-0.385597890121485,0.0,-0.027751860148486865,0.04785629075951369,0.0
9.849999999999834,2.7645481905422034,1.5157729794476391,1.998998373581585,0.31148812989589153,-0.385597890121485,0.0,-0.02774866331161663,0.047875139394234836,0.0
9.859999999999834,2.7645481905422034,1.5157729794476391,1.998998373581585,0.31148812989589153,-0.385597890121485,0.0,-0.027745466448474882,0.04789398819969305,0.0
9.869999999999834,2.7749278230800183,1.5031390341704884,1.9989980337803186,0.3167947011251874,-0.38021154271427254,0.0,-0.0258274435802276,0.05127993282201272,0.0
9.879999999999834,2.7749278230800183,1.5031390341704884,1.9989980337803186,0.3167947011251874,-0.38021154271427254,0.0,-0.027970976458746036,0.04743331981290807,0.0
9.889999999999834,2.7749278230800183,1.5031390341704884,1.9989980337803186,0.3167947011251874,-0.38021154271427254,0.0,-0.027967499039172547,0.047452724545703914,0.0
9.899999999999833,2.7749278230800183,1.5031390341704884,1.9989980337803186,0.3167947011251874,-0.38021154271427254,0.0,-0.027964021591632655,0.04747212945112694,0.0
9.909999999999833,2.7857769834068598,1.4902843624208626,1.9989986555806514,0.3219016797796386,-0.375502209650918,0.0,-0.027106218332625377,0.047744875399223334,0.0
9.919999999999833,2.7857769834068598,1.4902843624208626,1.9989986555806514,0.3219016797796386,-0.375502209650918,0.0,-0.027102108699747017,0.04776508720712489,0.0
9.929999999999833,2.7857769834068598,1.4902843624208626,1.9989986555806514,0.3219016797796386,-0.375502209650918,0.0,-0.027097999034674095,0.0477852991914484,0.0
9.939999999999833,2.7965614925026268,1.4780039313747313,1.9989986995554754,0.33020564696189975,-0.36928920470677934,0.0,-0.028078309177939915,0.04775248105806363,0.0
9.949999999999832,2.7965614925026268,1.4780039313747313,1.9989986995554754,0.33020564696189975,-0.36928920470677934,0.0,-0.02807448726374421,0.04777283793451285,0.0
9.959999999999832,2.7965614925026268,1.4780039313747313,1.9989986995554754,0.33020564696189975,-0.36928920470677934,0.0,-0.028070665320361295,0.047793194984750015,0.0
9.969999999999832,2.8075624189786135,1.4659092851036066,1.9989987939214293,0.3363162114950976,-0.36386380322031875,0.0,-0.02637154733186315,0.05145274039094014,0.0
9.979999999999832,2.8075624189786135,1.4659092851036066,1.9989987939214293,0.3363162114950976,-0.36386380322031875,0.0,-0.02776067785449778,0.04793159702187084,0.0
9.989999999999831,2.8075624189786135,1.4659092851036066,1.9989987939214293,0.3363162114950976,-0.36386380322031875,0.0,-0.027756601491686253,0.04795246124689606,0.0
9.999999999999831,2.8075624189786135,1.4659092851036066,1.9989987939214293,0.3363162114950976,-0.36386380322031875,0.0,-0.027752525098331374,0.04797332564758002,0.0
10.009999999999831,2.819106108381269,1.4536370778071632,1.9989987412220036,0.34253180665735206,-0.35818342152195987,0.0,-0.027665995264347355,0.0484490506726039,0.0
10.01999999999983,2.819106108381269,1.4536370778071632,1.9989987412220036,0.34253180665735206,-0.35818342152195987,0.0,-0.027661326425947996,0.04847071502851029,0.0
10.02999999999983,2.819106108381269,1.4536370778071632,1.9989987412220036,0.34253180665735206,-0.35818342152195987,0.0,-0.027656657553251498,0.04849237956458953,0.0
10.03999999999983,2.8305107126523437,1.4419123170922532,1.998998516715896,0.348479637384499,-0.3525785626053577,0.0,-0.028283871427778683,0.04737375814737866,0.0
10.04999999999983,2.8305107126523437,1.4419123170922532,1.998998516715896,0.348479637384499,-0.3525785626053577,0.0,-0.0282794854513119,0.04739547515302615,0.0
10.05999999999983,2.8305107126523437,1.4419123170922532,1.998998516715896,0.348479637384499,-0.3525785626053577,0.0,-0.02827509944311606,0.04741719233636779,0.0
10.06999999999983,2.842107949139802,1.4303761520865375,1.9989981229131952,0.3541662965931717,-0.3467620665494668,0.0,-0.026964161707294272,0.0508858367343888,0.0
10.07999999999983,2.842107949139802,1.4303761520865375,1.9989981229131952,0.3541662965931717,-0.3467620665494668,0.0,-0.028780402395645256,0.04681941209767436,0.0
10.08999999999983,2.842107949139802,1.4303761520865375,1.9989981229131952,0.3541662965931717,-0.3467620665494668,0.0,-0.028775785971957783,0.046841587737634784,0.0
10.09999999999983,2.842107949139802,1.4303761520865375,1.9989981229131952,0.3541662965931717,-0.3467620665494668,0.0,-0.02877116951511066,0.0468637635579873,0.0
10.109999999999829,2.854182107463749,1.4186553711812264,1.9989988871450068,0.35620281058326214,-0.3427479679811061,0.0,-0.028443214886992953,0.046230368042032906,0.0
10.119999999999829,2.854182107463749,1.4186553711812264,1.9989988871450068,0.35620281058326214,-0.3427479679811061,0.0,-0.028438044180178524,0.04625331042864902,0.0
10.129999999999828,2.854182107463749,1.4186553711812264,1.9989988871450068,0.35620281058326214,-0.3427479679811061,0.0,-0.028432873436495493,0.04627625300107814,0.0
10.139999999999828,2.866094186992513,1.4074705701473096,1.9989986559973825,0.3653885644930335,-0.33443862753416065,0.0,-0.03089871626430077,0.04672804131445711,0.0
10.149999999999828,2.866094186992513,1.4074705701473096,1.9989986559973825,0.3653885644930335,-0.33443862753416065,0.0,-0.030893852809182745,0.046750948212301975,0.0
10.159999999999828,2.866094186992513,1.4074705701473096,1.9989986559973825,0.3653885644930335,-0.33443862753416065,0.0,-0.03088898931938859,0.04677385529568586,0.0
10.169999999999828,2.878246978437066,1.3965355054697597,1.9989987698940117,0.37094099640018635,-0.3284362677347875,0.0,-0.029903787060786037,0.05013853758402448,0.0
10.179999999999827,2.878246978437066,1.3965355054697597,1.9989987698940117,0.37094099640018635,-0.3284362677347875,0.0,-0.03093202361611025,0.0464343603481196,0.0
10.189999999999827,2.878246978437066,1.3965355054697597,1.9989987698940117,0.37094099640018635,-0.3284362677347875,0.0,-0.030926977877632263,0.04645770291968762,0.0
10.199999999999827,2.878246978437066,1.3965355054697597,1.9989987698940117,0.37094099640018635,-0.3284362677347875,0.0,-0.030921932103081418,0.046481045681008804,0.0
10.209999999999827,2.8909576121460736,1.3854782920511677,1.9989987683377235,0.3765621899330232,-0.32215570377772434,0.0,-0.03165197297989274,0.046890545549739385,0.0
10.219999999999827,2.8909576121460736,1.3854782920511677,1.9989987683377235,0.3765621899330232,-0.32215570377772434,0.0,-0.03164644366804218,0.04691465152260235,0.0
10.229999999999826,2.8909576121460736,1.3854782920511677,1.9989987683377235,0.3765621899330232,-0.32215570377772434,0.0,-0.03164091431670452,0.04693875769211569,0.0
10.239999999999826,2.9034753268448545,1.3749521508579579,1.9989986058814233,0.38192062271591487,-0.31597185744532313,0.0,-0.03271522334604033,0.04548626953152403,0.0
10.249999999999826,2.9034753268448545,1.3749521508579579,1.9989986058814233,0.38192062271591487,-0.31597185744532313,0.0,-0.03271002517077574,0.04551030192538048,0.0
10.259999999999826,2.9034753268448545,1.3749521508579579,1.9989986058814233,0.38192062271591487,-0.31597185744532313,0.0,-0.032704826958399436,0.04553433451426043,0.0
10.269999999999825,2.9161664089124826,1.3646328208000456,1.9989982166643259,0.387012281554339,-0.30959084168716966,0.0,-0.03212932356007512,0.04864028458134153,0.0
10.279999999999825,2.9161664089124826,1.3646328208000456,1.9989982166643259,0.387012281554339,-0.30959084168716966,0.0,-0.033078062534400834,0.045661207272338036,0.0
10.289999999999825,2.9161664089124826,1.3646328208000456,1.9989982166643259,0.387012281554339,-0.30959084168716966,0.0,-0.03307270043217024,0.04568579345016063,0.0
10.299999999999825,2.9161664089124826,1.3646328208000456,1.9989982166643259,0.387012281554339,-0.30959084168716966,0.0,-0.03306733829208635,0.045710379826137175,0.0
10.309999999999825,2.92940492137568,1.3542291782879625,1.998998190086323,0.3921392113806007,-0.30302782223480224,0.0,-0.033558490959686826,0.04629059583096843,0.0
10.319999999999824,2.92940492137568,1.3542291782879625,1.998998190086323,0.3921392113806007,-0.30302782223480224,0.0,-0.0335526831338536,0.04631607134598082,0.0
10.329999999999824,2.92940492137568,1.3542291782879625,1.998998190086323,0.3921392113806007,-0.30302782223480224,0.0,-0.03354687526758838,0.04634154706502451,0.0
10.339999999999824,2.942415553197689,1.3443515369808523,1.9989990611932003,0.39667726873645764,-0.2961025224153886,0.0,-0.03398419780249686,0.04527182627508751,0.0
10.349999999999824,2.942415553197689,1.3443515369808523,1.9989990611932003,0.39667726873645764,-0.2961025224153886,0.0,-0.03397871296457414,0.045297287204967104,0.0
10.359999999999824,2.942415553197689,1.3443515369808523,1.9989990611932003,0.39667726873645764,-0.2961025224153886,0.0,-0.0339732280887617,0.045322748336735934,0.0
10.369999999999823,2.955598477969254,1.334684198606102,1.9989986667535344,0.40184022644934286,-0.2897587056924252,0.0,-0.03361782100717884,0.04838338143644025,0.0
10.379999999999823,2.955598477969254,1.334684198606102,1.9989986667535344,0.40184022644934286,-0.2897587056924252,0.0,-0.03485922922907329,0.04534463298674729,0.0
10.389999999999823,2.955598477969254,1.334684198606102,1.9989986667535344,0.40184022644934286,-0.2897587056924252,0.0,-0.03485362296723462,0.04537056451889255,0.0
10.399999999999823,2.955598477969254,1.334684198606102,1.9989986667535344,0.40184022644934286,-0.2897587056924252,0.0,-0.03484801666683585,0.045396496256286015,0.0
10.409999999999823,2.9693482674331104,1.3249515277231727,1.9989987508202292,0.4068080529259418,-0.2829377196973698,0.0,-0.03526098328127757,0.045744588190232714,0.0
10.419999999999822,2.9693482674331104,1.3249515277231727,1.9989987508202292,0.4068080529259418,-0.2829377196973698,0.0,-0.03525498722705967,0.045771352625485436,0.0
10.429999999999822,2.9693482674331104,1.3249515277231727,1.9989987508202292,0.4068080529259418,-0.2829377196973698,0.0,-0.03524899113200716,0.04579811727181003,0.0
10.439999999999822,2.9828531636046893,1.3157283238372295,1.9989986278305403,0.4115091618720402,-0.27623162652439254,0.0,-0.03626542328030182,0.045007488904290426,0.0
10.449999999999822,2.9828531636046893,1.3157283238372295,1.9989986278305403,0.4115091618720402,-0.27623162652439254,0.0,-0.0362597748687588,0.0450341365770024,0.0
10.459999999999821,2.9828531636046893,1.3157283238372295,1.9989986278305403,0.4115091618720402,-0.27623162652439254,0.0,-0.036254126418918224,0.045060784458372055,0.0
10.469999999999821,2.996507663865768,1.3067298772328315,1.9989983168389411,0.41564895985486733,-0.2691706425920479,0.0,-0.03646508650526362,0.04773147764262136,0.0
10.479999999999821,2.996507663865768,1.3067298772328315,1.9989983168389411,0.41564895985486733,-0.2691706425920479,0.0,-0.03696577719674648,0.04492776991742755,0.0
10.48999999999982,2.996507663865768,1.3067298772328315,1.9989983168389411,0.41564895985486733,-0.2691706425920479,0.0,-0.036960047170419605,0.04495484138670709,0.0
10.49999999999982,2.996507663865768,1.3067298772328315,1.9989983168389411,0.41564895985486733,-0.2691706425920479,0.0,-0.036954317105375695,0.04498191306761656,0.0
10.50999999999982,3.010719301639131,1.2976990654708427,1.9989984506683076,0.4203978690507933,-0.2623465401234076,0.0,-0.037538136742464825,0.04552409135619476,0.0
10.51999999999982,3.010719301639131,1.2976990654708427,1.9989984506683076,0.4203978690507933,-0.2623465401234076,0.0,-0.03753207212318486,0.04555197237554111,0.0
10.52999999999982,3.010719301639131,1.2976990654708427,1.9989984506683076,0.4203978690507933,-0.2623465401234076,0.0,-0.03752600746318681,0.04557985361284615,0.0
10.53999999999982,3.0246647372248683,1.2891594410921436,1.9989982681946938,0.42452820735985386,-0.25534005244718205,0.0,-0.03831462080670723,0.044618747293707364,0.0
10.54999999999982,3.0246647372248683,1.2891594410921436,1.9989982681946938,0.42452820735985386,-0.25534005244718205,0.0,-0.038308919874589495,0.04464644185248883,0.0
10.55999999999982,3.0246647372248683,1.2891594410921436,1.9989982681946938,0.42452820735985386,-0.25534005244718205,0.0,-0.03830321890411288,0.04467413662728312,0.0
10.569999999999819,3.038736398466556,1.2808603523415034,1.9989986386235432,0.428899030157503,-0.24831604466123625,0.0,-0.0387379447564066,0.04735890848398097,0.0
10.579999999999819,3.038736398466556,1.2808603523415034,1.9989986386235432,0.428899030157503,-0.24831604466123625,0.0,-0.03860139050412303,0.04485584626580104,0.0
10.589999999999819,3.038736398466556,1.2808603523415034,1.9989986386235432,0.428899030157503,-0.24831604466123625,0.0,-0.03859563770371653,0.04488392655592747,0.0
10.599999999999818,3.038736398466556,1.2808603523415034,1.9989986386235432,0.428899030157503,-0.24831604466123625,0.0,-0.038589884864384257,0.044912007066722597,0.0
10.609999999999818,3.0533880996449314,1.2725482344323071,1.9989986704845948,0.4329764168405047,-0.24092020062924546,0.0,-0.03921240369479384,0.045138836737370944,0.0
10.619999999999818,3.0533880996449314,1.2725482344323071,1.9989986704845948,0.4329764168405047,-0.24092020062924546,0.0,-0.03920637094097986,0.045167692906575595,0.0
10.629999999999818,3.0533880996449314,1.2725482344323071,1.9989986704845948,0.4329764168405047,-0.24092020062924546,0.0,-0.039200338146650145,0.045196549302032055,0.0
10.639999999999818,3.067744708563635,1.2647193031167174,1.9989985948932625,0.4369700690312483,-0.23376004982468201,0.0,-0.04073634270149411,0.044797654498542505,0.0
10.649999999999817,3.067744708563635,1.2647193031167174,1.9989985948932625,0.4369700690312483,-0.23376004982468201,0.0,-0.040730730345126746,0.04482628722313515,0.0
10.659999999999817,3.067744708563635,1.2647193031167174,1.9989985948932625,0.4369700690312483,-0.23376004982468201,0.0,-0.040725117951547686,0.04485492016921319,0.0
10.669999999999817,3.0822217893526918,1.2571320740825394,1.9989987626198422,0.43995968713777067,-0.22614342941522705,0.0,-0.04164977730923544,0.047102913480455456,0.0
10.679999999999817,3.0822217893526918,1.2571320740825394,1.9989987626198422,0.43995968713777067,-0.22614342941522705,0.0,-0.04147124728791178,0.044586284621231674,0.0
10.689999999999817,3.0822217893526918,1.2571320740825394,1.9989987626198422,0.43995968713777067,-0.22614342941522705,0.0,-0.04146576627393791,0.04461537407611563,0.0
10.699999999999816,3.0822217893526918,1.2571320740825394,1.9989987626198422,0.43995968713777067,-0.22614342941522705,0.0,-0.04146028522490148,0.04464446374959478,0.0
10.709999999999816,3.097266030644116,1.2495627615397582,1.9989986665754125,0.44450182875319777,-0.2190939967549474,0.0,-0.041663522978877876,0.045478421716640106,0.0
10.719999999999816,3.097266030644116,1.2495627615397582,1.9989986665754125,0.44450182875319777,-0.2190939967549474,0.0,-0.04165793327050279,0.045508372232714873,0.0
10.729999999999816,3.097266030644116,1.2495627615397582,1.9989986665754125,0.44450182875319777,-0.2190939967549474,0.0,-0.04165234352763753,0.04553832296889154,0.0
10.739999999999815,3.1119961154887745,1.2424566679704785,1.9989984930031899,0.4480903281328498,-0.2117831773447925,0.0,-0.0421266005188514,0.04459127153258591,0.0
10.749999999999815,3.1119961154887745,1.2424566679704785,1.9989984930031899,0.4480903281328498,-0.2117831773447925,0.0,-0.04212151205218079,0.04462104608937449,0.0
10.759999999999815,3.1119961154887745,1.2424566679704785,1.9989984930031899,0.4480903281328498,-0.2117831773447925,0.0,-0.04211642355545169,0.04465082085640379,0.0
10.769999999999815,3.1268387208694275,1.2355947663173579,1.998998233739162,0.4511270394307671,-0.20418344260027269,0.0,-0.043258155459816934,0.04689913973322166,0.0
10.779999999999815,3.1268387208694275,1.2355947663173579,1.998998233739162,0.4511270394307671,-0.20418344260027269,0.0,-0.042214168318139886,0.04439532868085153,0.0
10.789999999999814,3.1268387208694275,1.2355947663173579,1.998998233739162,0.4511270394307671,-0.20418344260027269,0.0,-0.04220918246018784,0.04442550955421494,0.0
10.799999999999814,3.1268387208694275,1.2355947663173579,1.998998233739162,0.4511270394307671,-0.20418344260027269,0.0,-0.042204196573579024,0.04445569063629139,0.0
10.809999999999814,3.1422392369183534,1.2287882941408375,1.9989984456141163,0.45477033583413584,-0.19650864531273746,0.0,-0.04234800365632953,0.044618087382629096,0.0
10.819999999999814,3.1422392369183534,1.2287882941408375,1.9989984456141163,0.45477033583413584,-0.19650864531273746,0.0,-0.042342916088965094,0.044649084391481665,0.0
10.829999999999814,3.1422392369183534,1.2287882941408375,1.9989984456141163,0.45477033583413584,-0.19650864531273746,0.0,-0.042337828493235245,0.04468008161056158,0.0
10.839999999999813,3.157303489339183,1.2224309576165342,1.9989984864819776,0.45804076733446736,-0.18898609561392096,0.0,-0.04222061130842877,0.043970239197842334,0.0
10.849999999999813,3.157303489339183,1.2224309576165342,1.9989984864819776,0.45804076733446736,-0.18898609561392096,0.0,-0.042215965212664665,0.044000970258224824,0.0
10.859999999999813,3.157303489339183,1.2224309576165342,1.9989984864819776,0.45804076733446736,-0.18898609561392096,0.0,-0.04221131909167291,0.044031701521975254,0.0
10.869999999999813,3.172457161169337,1.2163282491272331,1.9989990744341686,0.4605459283350285,-0.18127181268313086,0.0,-0.043633572121872265,0.04611360016852992,0.0
10.879999999999812,3.172457161169337,1.2163282491272331,1.9989990744341686,0.4605459283350285,-0.18127181268313086,0.0,-0.04291161932781537,0.043812818029631065,0.0
10.889999999999812,3.172457161169337,1.2163282491272331,1.9989990744341686,0.4605459283350285,-0.18127181268313086,0.0,-0.0429070636972134,0.04384392674047708,0.0
10.899999999999812,3.172457161169337,1.2163282491272331,1.9989990744341686,0.4605459283350285,-0.18127181268313086,0.0,-0.04290250804221161,0.04387503565522573,0.0
10.909999999999812,3.1881847248738753,1.2102956136149874,1.9989987392613748,0.46409508254869875,-0.1736444624412008,0.0,-0.04354572077322822,0.04450988535599588,0.0
10.919999999999812,3.1881847248738753,1.2102956136149874,1.9989987392613748,0.46409508254869875,-0.1736444624412008,0.0,-0.043541080404629624,0.044541790071275726,0.0
10.929999999999811,3.1881847248738753,1.2102956136149874,1.9989987392613748,0.46409508254869875,-0.1736444624412008,0.0,-0.04353644001154675,0.04457369499477777,0.0
10.939999999999811,3.2035495444207,1.2046947421384657,1.998998650086042,0.46700478839042414,-0.1660261574507837,0.0,-0.04325908869451743,0.04392159525873078,0.0
10.949999999999811,3.2035495444207,1.2046947421384657,1.998998650086042,0.46700478839042414,-0.1660261574507837,0.0,-0.043254844273522094,0.043953169149828254,0.0
10.95999999999981,3.2035495444207,1.2046947421384657,1.998998650086042,0.46700478839042414,-0.1660261574507837,0.0,-0.04325059983027733,0.043984743245276764,0.0
10.96999999999981,3.2190067584943596,1.19934661616487,1.9989984164371253,0.4696983211619369,-0.15832803538185589,0.0,-0.04488477099475501,0.04616388214343481,0.0
10.97999999999981,3.2190067584943596,1.19934661616487,1.9989984164371253,0.4696983211619369,-0.15832803538185589,0.0,-0.043158834332436696,0.04360052995226534,0.0
10.98999999999981,3.2190067584943596,1.19934661616487,1.9989984164371253,0.4696983211619369,-0.15832803538185589,0.0,-0.04315467153877329,0.04363242215417363,0.0
10.99999999999981,3.2190067584943596,1.19934661616487,1.9989984164371253,0.4696983211619369,-0.15832803538185589,0.0,-0.04315050872319592,0.04366431456340311,0.0
11.00999999999981,3.2350156135551913,1.1941058014295285,1.9989983852175155,0.47162579562109336,-0.1500494513272288,0.0,-0.04370117126593465,0.043401072112111326,0.0
11.01999999999981,3.2350156135551913,1.1941058014295285,1.9989983852175155,0.47162579562109336,-0.1500494513272288,0.0,-0.04369693415405324,0.043433724511813834,0.0
11.02999999999981,3.2350156135551913,1.1941058014295285,1.9989983852175155,0.47162579562109336,-0.1500494513272288,0.0,-0.04369269701980458,0.04346637712495493,0.0
11.039999999999809,3.2506353799713574,1.1892831042768979,1.9989982919984577,0.4744218746311484,-0.14232859542935467,0.0,-0.04319057712957165,0.04287066106409613,0.0
11.049999999999809,3.2506353799713574,1.1892831042768979,1.9989982919984577,0.4744218746311484,-0.14232859542935467,0.0,-0.04318669319707393,0.042902960955780264,0.0
11.059999999999809,3.2506353799713574,1.1892831042768979,1.9989982919984577,0.4744218746311484,-0.14232859542935467,0.0,-0.043182809243967286,0.04293526105886954,0.0
11.069999999999808,3.266316784553015,1.1847220772123102,1.9989989398091164,0.47676858607410805,-0.1346053121235531,0.0,-0.045058916026751994,0.045111389413513385,0.0
11.079999999999808,3.266316784553015,1.1847220772123102,1.9989989398091164,0.47676858607410805,-0.1346053121235531,0.0,-0.0431422833776822,0.043090683700781666,0.0
11.089999999999808,3.266316784553015,1.1847220772123102,1.9989989398091164,0.47676858607410805,-0.1346053121235531,0.0,-0.04313848941353015,0.04312342147834171,0.0
11.099999999999808,3.266316784553015,1.1847220772123102,1.9989989398091164,0.47676858607410805,-0.1346053121235531,0.0,-0.04313469542943332,0.04315615946951132,0.0
11.109999999999808,3.2825673768197885,1.1802872205381862,1.9989987824559563,0.4790552808692864,-0.12650440306737662,0.0,-0.044054941678899354,0.04313309136244984,0.0
11.119999999999807,3.2825673768197885,1.1802872205381862,1.9989987824559563,0.4790552808692864,-0.12650440306737662,0.0,-0.044051103041336935,0.04316671207592295,0.0
11.129999999999807,3.2825673768197885,1.1802872205381862,1.9989987824559563,0.4790552808692864,-0.12650440306737662,0.0,-0.04404726438396125,0.04320033300670365,0.0
11.139999999999807,3.298412757371903,1.1762464433116022,1.998998747154704,0.4811870730616017,-0.11862288100378121,0.0,-0.043515244199929866,0.042380759386244284,0.0
11.149999999999807,3.298412757371903,1.1762464433116022,1.998998747154704,0.4811870730616017,-0.11862288100378121,0.0,-0.04351172513831063,0.0424140665339642,0.0
11.159999999999807,3.298412757371903,1.1762464433116022,1.998998747154704,0.4811870730616017,-0.11862288100378121,0.0,-0.043508206058710926,0.04244737389436997,0.0
11.169999999999806,3.314326088196589,1.1724663969526368,1.9989985521820515,0.48319119679811934,-0.11070849244571862,0.0,-0.04567858615783478,0.04465999564039449,0.0
11.179999999999806,3.314326088196589,1.1724663969526368,1.9989985521820515,0.48319119679811934,-0.11070849244571862,0.0,-0.0439096602886252,0.042292037391448954,0.0
11.189999999999806,3.314326088196589,1.1724663969526368,1.9989985521820515,0.48319119679811934,-0.11070849244571862,0.0,-0.043906233823506044,0.04232570385680098,0.0
11.199999999999806,3.314326088196589,1.1724663969526368,1.9989985521820515,0.48319119679811934,-0.11070849244571862,0.0,-0.04390280734090909,0.04235937053731234,0.0
11.209999999999805,3.3307862464736235,1.168846071871575,1.9989982218413358,0.484983505739135,-0.10249090910516372,0.0,-0.04410778613608462,0.04219984441016793,0.0
11.219999999999805,3.3307862464736235,1.168846071871575,1.9989982218413358,0.484983505739135,-0.10249090910516372,0.0,-0.044104340987591494,0.04223433245491262,0.0
11.229999999999805,3.3307862464736235,1.168846071871575,1.9989982218413358,0.484983505739135,-0.10249090910516372,0.0,-0.04410089582157495,0.04226882072060109,0.0
11.239999999999805,3.3468018197562346,1.1655820124279634,1.9989983110725178,0.4853632743636704,-0.09597711496139492,0.0,-0.04351310070800077,0.04083510925023877,0.0
11.249999999999805,3.3468018197562346,1.1655820124279634,1.9989983110725178,0.4853632743636704,-0.09597711496139492,0.0,-0.04350993684624264,0.040869191489339554,0.0
11.259999999999804,3.3468018197562346,1.1655820124279634,1.9989983110725178,0.4853632743636704,-0.09597711496139492,0.0,-0.04350677296821362,0.040903273946931745,0.0
11.269999999999804,3.362856243610335,1.1625795852289547,1.9989984612867882,0.487747574177522,-0.08641233860713059,0.0,-0.046562155708993476,0.04341320574858041,0.0
11.279999999999804,3.362856243610335,1.1625795852289547,1.9989984612867882,0.487747574177522,-0.08641233860713059,0.0,-0.04493548730379088,0.04040730233282514,0.0
11.289999999999804,3.362856243610335,1.1625795852289547,1.9989984612867882,0.487747574177522,-0.08641233860713059,0.0,-0.04493242115609374,0.04044165241024703,0.0
11.299999999999804,3.362856243610335,1.1625795852289547,1.9989984612867882,0.487747574177522,-0.08641233860713059,0.0,-0.04492935499244093,0.040476002709810784,0.0
11.309999999999803,3.3794661849590364,1.1597864560799318,1.998998763278013,0.4892410387519839,-0.07812750101609264,0.0,-0.04538667025589811,0.04013117139996316,0.0
11.319999999999803,3.3794661849590364,1.1597864560799318,1.998998763278013,0.4892410387519839,-0.07812750101609264,0.0,-0.045383618043835096,0.04016624942090839,0.0
11.329999999999803,3.3794661849590364,1.1597864560799318,1.998998763278013,0.4892410387519839,-0.07812750101609264,0.0,-0.045380565815794076,0.04020132767044657,0.0
11.339999999999803,3.3956341968853545,1.1573452333320418,1.9989987799610887,0.490572550125338,-0.07006359785421593,0.0,-0.045574898466675125,0.03919132947428016,0.0
11.349999999999802,3.3956341968853545,1.1573452333320418,1.9989987799610887,0.490572550125338,-0.07006359785421593,0.0,-0.045572113836529864,0.039225892951597875,0.0
11.359999999999802,3.3956341968853545,1.1573452333320418,1.9989987799610887,0.490572550125338,-0.07006359785421593,0.0,-0.04556932919156856,0.0392604566556166,0.0
11.369999999999802,3.411843753754962,1.1551705157574876,1.9989986619226756,0.4917849102897591,-0.0619800287713946,0.0,-0.048200721910143435,0.04155933277844308,0.0
11.379999999999802,3.411843753754962,1.1551705157574876,1.9989986619226756,0.4917849102897591,-0.0619800287713946,0.0,-0.046028866903972884,0.03858555551227544,0.0
11.389999999999802,3.411843753754962,1.1551705157574876,1.9989986619226756,0.4917849102897591,-0.0619800287713946,0.0,-0.0460262007277798,0.03862033688264173,0.0
11.399999999999801,3.411843753754962,1.1551705157574876,1.9989986619226756,0.4917849102897591,-0.0619800287713946,0.0,-0.046023534537198735,0.03865511848345321,0.0
11.409999999999801,3.4285830927213254,1.153209363883469,1.9989983248603,0.4928175746350826,-0.05362262148068686,0.0,-0.04629706112789982,0.038632878857626896,0.0
11.419999999999801,3.4285830927213254,1.153209363883469,1.9989983248603,0.4928175746350826,-0.05362262148068686,0.0,-0.04629445310659376,0.03866834008515494,0.0
11.4299999999998,3.4285830927213254,1.153209363883469,1.9989983248603,0.4928175746350826,-0.05362262148068686,0.0,-0.04629184507106421,0.038703801550708974,0.0
11.4399999999998,3.4448491541732267,1.15156915377193,1.9989983351349747,0.49250897026134194,-0.04671329841143207,0.0,-0.04585145701485355,0.037068960168366125,0.0
11.4499999999998,3.4448491541732267,1.15156915377193,1.9989983351349747,0.49250897026134194,-0.04671329841143207,0.0,-0.04584912499968827,0.03710385117249878,0.0
11.4599999999998,3.4448491541732267,1.15156915377193,1.9989983351349747,0.49250897026134194,-0.04671329841143207,0.0,-0.04584679297168516,0.037138742410367805,0.0
11.4699999999998,3.4611233976229157,1.1501637192863756,1.998998567776339,0.4940584467518162,-0.0374287082869708,0.0,-0.04913618500410454,0.039683299933950686,0.0
11.4799999999998,3.4611233976229157,1.1501637192863756,1.998998567776339,0.4940584467518162,-0.0374287082869708,0.0,-0.046995096895273626,0.03698075616633079,0.0
11.4899999999998,3.4611233976229157,1.1501637192863756,1.998998567776339,0.4940584467518162,-0.0374287082869708,0.0,-0.046992990971002874,0.037015961393756666,0.0
11.4999999999998,3.4611233976229157,1.1501637192863756,1.998998567776339,0.4940584467518162,-0.0374287082869708,0.0,-0.04699088503523871,0.037051166855898016,0.0
11.509999999999799,3.4779286506865708,1.1490385993092844,1.998998688263392,0.49455177463455535,-0.029010412160481162,0.0,-0.04802241230890878,0.037142470404880716,0.0
11.519999999999799,3.4779286506865708,1.1490385993092844,1.998998688263392,0.49455177463455535,-0.029010412160481162,0.0,-0.04802049766325272,0.03717844436681398,0.0
11.529999999999799,3.4779286506865708,1.1490385993092844,1.998998688263392,0.49455177463455535,-0.029010412160481162,0.0,-0.04801858300725519,0.03721441856801415,0.0
11.539999999999798,3.4942582638336166,1.148220007516286,1.9989987678660213,0.4950734812155107,-0.020845197736303445,0.0,-0.048107133452123356,0.03598565428444864,0.0
11.549999999999798,3.4942582638336166,1.148220007516286,1.9989987678660213,0.4950734812155107,-0.020845197736303445,0.0,-0.04810556078666964,0.03602113479798582,0.0
11.559999999999798,3.4942582638336166,1.148220007516286,1.9989987678660213,0.4950734812155107,-0.020845197736303445,0.0,-0.048103988112766,0.03605661554492827,0.0
11.569999999999798,3.510602622737752,1.1476710073176215,1.9989986959774098,0.49547145533887804,-0.012672420577048952,0.0,-0.051090259526520014,0.03830754245046276,0.0
11.579999999999798,3.510602622737752,1.1476710073176215,1.9989986959774098,0.49547145533887804,-0.012672420577048952,0.0,-0.04864112162712709,0.03592122169201204,0.0
11.589999999999797,3.510602622737752,1.1476710073176215,1.9989986959774098,0.49547145533887804,-0.012672420577048952,0.0,-0.04863978389794321,0.03595690827500126,0.0
11.599999999999797,3.510602622737752,1.1476710073176215,1.9989986959774098,0.49547145533887804,-0.012672420577048952,0.0,-0.048638446161572535,0.03599259509326534,0.0
11.609999999999797,3.5274523875303867,1.147387619042188,1.9989984257061324,0.4956608677172346,-0.00424634352336508,0.0,-0.04974118294224333,0.03639240203762807,0.0
11.619999999999797,3.5274523875303867,1.147387619042188,1.9989984257061324,0.4956608677172346,-0.00424634352336508,0.0,-0.04974005968631956,0.03642879438120329,0.0
11.629999999999797,3.5274523875303867,1.147387619042188,1.9989984257061324,0.4956608677172346,-0.00424634352336508,0.0,-0.04973893642438865,0.03646518696568281,0.0
11.639999999999796,3.543793945554813,1.1473853217659447,1.9989988692725529,0.49493987505886816,0.003823879174756786,0.0,-0.04964843754045983,0.03498799177519073,0.0
11.649999999999796,3.543793945554813,1.1473853217659447,1.9989988692725529,0.49493987505886816,0.003823879174756786,0.0,-0.049647622173589805,0.035023786666018124,0.0
11.659999999999796,3.543793945554813,1.1473853217659447,1.9989988692725529,0.49493987505886816,0.003823879174756786,0.0,-0.04964680680236863,0.035059581791327926,0.0
11.669999999999796,3.5601438729341934,1.1476489941087271,1.998998304591771,0.4953683560003788,0.011923743288684155,0.0,-0.052723929100855695,0.037363534792069684,0.0
11.679999999999795,3.5601438729341934,1.1476489941087271,1.998998304591771,0.4953683560003788,0.011923743288684155,0.0,-0.0498699331797546,0.034661899710035464,0.0
11.689999999999795,3.5601438729341934,1.1476489941087271,1.998998304591771,0.4953683560003788,0.011923743288684155,0.0,-0.049869356985903286,0.03469787004371469,0.0
11.699999999999795,3.5601438729341934,1.1476489941087271,1.998998304591771,0.4953683560003788,0.011923743288684155,0.0,-0.04986878078896989,0.03473384061369104,0.0
11.709999999999795,3.576975134973308,1.1482026808188996,1.9989984757091155,0.49496530620530366,0.020376759289192928,0.0,-0.05068525703271193,0.034616095875470695,0.0
11.719999999999795,3.576975134973308,1.1482026808188996,1.9989984757091155,0.49496530620530366,0.020376759289192928,0.0,-0.050684923082092034,0.03465269991474311,0.0
11.729999999999794,3.576975134973308,1.1482026808188996,1.9989984757091155,0.49496530620530366,0.020376759289192928,0.0,-0.050684589129683724,0.03468930419587229,0.0
11.739999999999794,3.5933038109908235,1.1490142393548062,1.9989987001510028,0.49465106915540064,0.028560920250834513,0.0,-0.05023043867815405,0.03297015027377561,0.0
11.749999999999794,3.5933038109908235,1.1490142393548062,1.9989987001510028,0.49465106915540064,0.028560920250834513,0.0,-0.05023036695134214,0.03300609282651079,0.0
11.759999999999794,3.5933038109908235,1.1490142393548062,1.9989987001510028,0.49465106915540064,0.028560920250834513,0.0,-0.0502302952241451,0.03304203561476867,0.0
11.769999999999794,3.609620473760502,1.1500957709349606,1.9989987302061625,0.49423482911654926,0.0367440004833981,0.0,-0.05349347710321861,0.03508513753758617,0.0
11.779999999999793,3.609620473760502,1.1500957709349606,1.9989987302061625,0.49423482911654926,0.0367440004833981,0.0,-0.05047071326461296,0.032297402021206095,0.0
11.789999999999793,3.609620473760502,1.1500957709349606,1.9989987302061625,0.49423482911654926,0.0367440004833981,0.0,-0.05047087595505079,0.032333428774183104,0.0
11.799999999999793,3.609620473760502,1.1500957709349606,1.9989987302061625,0.49423482911654926,0.0367440004833981,0.0,-0.05047103864636755,0.032369455764077494,0.0
11.809999999999793,3.626413737625953,1.15149234130427,1.9989985577104434,0.4936213598455593,0.045155006576971725,0.0,-0.051436698474196726,0.03216913032155004,0.0
11.819999999999792,3.626413737625953,1.15149234130427,1.9989985577104434,0.4936213598455593,0.045155006576971725,0.0,-0.05143712166843449,0.032205742042741826,0.0
11.829999999999792,3.626413737625953,1.15149234130427,1.9989985577104434,0.4936213598455593,0.045155006576971725,0.0,-0.05143754486496872,0.03224235400659471,0.0
11.839999999999792,3.642684364915005,1.153120465225369,1.9989985508411576,0.49275297156033887,0.05327730102983084,0.0,-0.050981083976167234,0.03101188608602483,0.0
11.849999999999792,3.642684364915005,1.153120465225369,1.9989985508411576,0.49275297156033887,0.05327730102983084,0.0,-0.050981739046570856,0.031047837338585765,0.0
11.859999999999792,3.642684364915005,1.153120465225369,1.9989985508411576,0.49275297156033887,0.05327730102983084,0.0,-0.05098239412054002,0.03108378882818558,0.0
11.869999999999791,3.658927643278302,1.15501586204868,1.998998370504653,0.491745485460358,0.0613513612499345,0.0,-0.054346177937749846,0.03291605036877838,0.0
11.879999999999791,3.658927643278302,1.15501586204868,1.998998370504653,0.491745485460358,0.0613513612499345,0.0,-0.05058435253065198,0.031151805948569603,0.0
11.889999999999791,3.658927643278302,1.15501586204868,1.998998370504653,0.491745485460358,0.0613513612499345,0.0,-0.05058525811074825,0.031187982675034052,0.0
11.89999999999979,3.658927643278302,1.15501586204868,1.998998370504653,0.491745485460358,0.0613513612499345,0.0,-0.05058616369570393,0.031224159638140726,0.0
11.90999999999979,3.6756139818224103,1.1572460647567995,1.998998610497033,0.4892938064977518,0.06959578091413986,0.0,-0.0511272254878128,0.03040471619638777,0.0
11.91999999999979,3.6756139818224103,1.1572460647567995,1.998998610497033,0.4892938064977518,0.06959578091413986,0.0,-0.05112842637137451,0.030441611291163396,0.0
11.92999999999979,3.6756139818224103,1.1572460647567995,1.998998610497033,0.4892938064977518,0.06959578091413986,0.0,-0.051129627261290084,0.03047850662491361,0.0
11.93999999999979,3.6917662607882784,1.1596859075638264,1.9989986049453308,0.4892350092171131,0.07792316770965682,0.0,-0.05019525722150838,0.030130186312434772,0.0
11.94999999999979,3.6917662607882784,1.1596859075638264,1.9989986049453308,0.4892350092171131,0.07792316770965682,0.0,-0.050196648455426596,0.030166500041751382,0.0
11.95999999999979,3.6917662607882784,1.1596859075638264,1.9989986049453308,0.4892350092171131,0.07792316770965682,0.0,-0.050198039696584644,0.030202814002429874,0.0
11.96999999999979,3.7078914464970927,1.1623954492895021,1.998998680510634,0.48802417077730614,0.08603600267271289,0.0,-0.05377726963906874,0.03196525942261735,0.0
11.979999999999789,3.7078914464970927,1.1623954492895021,1.998998680510634,0.48802417077730614,0.08603600267271289,0.0,-0.050312696428907566,0.0298552531841111,0.0
11.989999999999789,3.7078914464970927,1.1623954492895021,1.998998680510634,0.48802417077730614,0.08603600267271289,0.0,-0.050314325488398114,0.029891720199259182,0.0
11.999999999999789,3.7078914464970927,1.1623954492895021,1.998998680510634,0.48802417077730614,0.08603600267271289,0.0,-0.0503159545563151,0.02992818744587027,0.0
12.009999999999788,3.7244586879718966,1.1654661766809706,1.9989985160956838,0.48649500833711623,0.09433424061999258,0.0,-0.05100938964332753,0.030186459124406477,0.0
12.019999999999788,3.7244586879718966,1.1654661766809706,1.9989985160956838,0.48649500833711623,0.09433424061999258,0.0,-0.05101132839596531,0.030223560296770074,0.0
12.029999999999788,3.7244586879718966,1.1654661766809706,1.9989985160956838,0.48649500833711623,0.09433424061999258,0.0,-0.05101326715855888,0.030260661705055755,0.0
12.039999999999788,3.7404810564569697,1.1687146930011507,1.9989986088220408,0.48479648966167366,0.10231986048403081,0.0,-0.04987186640888844,0.029219667801007577,0.0
12.049999999999788,3.7404810564569697,1.1687146930011507,1.9989986088220408,0.48479648966167366,0.10231986048403081,0.0,-0.04987393690152611,0.029256099262736084,0.0
12.059999999999787,3.7404810564569697,1.1687146930011507,1.9989986088220408,0.48479648966167366,0.10231986048403081,0.0,-0.04987600740467292,0.02929253095211099,0.0
12.069999999999787,3.756452588159019,1.172227090199792,1.9989985694492793,0.4831829378122671,0.11030565895621541,0.0,-0.05359285052758237,0.030882239769473904,0.0
12.079999999999787,3.756452588159019,1.172227090199792,1.9989985694492793,0.4831829378122671,0.11030565895621541,0.0,-0.049873666144168105,0.028814617893871134,0.0
12.089999999999787,3.756452588159019,1.172227090199792,1.9989985694492793,0.4831829378122671,0.11030565895621541,0.0,-0.0498759643673483,0.02885111077650115,0.0
12.099999999999786,3.756452588159019,1.172227090199792,1.9989985694492793,0.4831829378122671,0.11030565895621541,0.0,-0.04987826260212493,0.028887603886040655,0.0
12.109999999999786,3.7728467678066675,1.1761203575198669,1.9989983140799985,0.4811949628078465,0.1184566326123494,0.0,-0.05049200969131343,0.028665460394738485,0.0
12.119999999999786,3.7728467678066675,1.1761203575198669,1.9989983140799985,0.4811949628078465,0.1184566326123494,0.0,-0.05049463136593062,0.028702492072276427,0.0
12.129999999999786,3.7728467678066675,1.1761203575198669,1.9989983140799985,0.4811949628078465,0.1184566326123494,0.0,-0.050497253053587716,0.02873952397848234,0.0
12.139999999999786,3.788670708398951,1.1801601148368757,1.998999093991993,0.4781079725875541,0.12625299718539457,0.0,-0.04956061431183401,0.027296724597552904,0.0
12.149999999999785,3.788670708398951,1.1801601148368757,1.998999093991993,0.4781079725875541,0.12625299718539457,0.0,-0.04956332451460092,0.027332986916788562,0.0
12.159999999999785,3.788670708398951,1.1801601148368757,1.998999093991993,0.4781079725875541,0.12625299718539457,0.0,-0.049566034730570745,0.0273692494537054,0.0
12.169999999999785,3.8044385548135966,1.1844688818040434,1.9989985748917611,0.4769178479119199,0.13444784473643434,0.0,-0.053530700808921354,0.029139254229664593,0.0
12.179999999999785,3.8044385548135966,1.1844688818040434,1.9989985748917611,0.4769178479119199,0.13444784473643434,0.0,-0.05052395245887771,0.027332461632691287,0.0
12.189999999999785,3.8044385548135966,1.1844688818040434,1.9989985748917611,0.4769178479119199,0.13444784473643434,0.0,-0.05052690550941314,0.02736873274977173,0.0
12.199999999999784,3.8044385548135966,1.1844688818040434,1.9989985748917611,0.4769178479119199,0.13444784473643434,0.0,-0.050529858574147136,0.027405004082919075,0.0
12.209999999999784,3.8206114232109885,1.189181630268922,1.9989985074502077,0.4742151431554228,0.14246125665198842,0.0,-0.05122301275666039,0.026860474088544462,0.0
12.219999999999784,3.8206114232109885,1.189181630268922,1.9989985074502077,0.4742151431554228,0.14246125665198842,0.0,-0.05122632857957192,0.026897227690722645,0.0
12.229999999999784,3.8206114232109885,1.189181630268922,1.9989985074502077,0.4742151431554228,0.14246125665198842,0.0,-0.05122964441820305,0.026933981510029303,0.0
12.239999999999783,3.836226545088807,1.1940169793223525,1.9989987365278385,0.47210841066810505,0.15032848039070051,0.0,-0.05077507226628753,0.02633111676724075,0.0
12.249999999999783,3.836226545088807,1.1940169793223525,1.9989987365278385,0.47210841066810505,0.15032848039070051,0.0,-0.0507785136731791,0.026367128977816588,0.0
12.259999999999783,3.836226545088807,1.1940169793223525,1.9989987365278385,0.47210841066810505,0.15032848039070051,0.0,-0.050781955095851504,0.02640314139434389,0.0
12.269999999999783,3.851765069437749,1.1991103010052273,1.9989987140991117,0.46967521957045416,0.15811763108433077,0.0,-0.05468568301425113,0.02768534877307218,0.0
12.279999999999783,3.851765069437749,1.1991103010052273,1.9989987140991117,0.46967521957045416,0.15811763108433077,0.0,-0.05139773310551106,0.025937952398646498,0.0
12.289999999999782,3.851765069437749,1.1991103010052273,1.9989987140991117,0.46967521957045416,0.15811763108433077,0.0,-0.051401562264750844,0.025974098361936926,0.0
12.299999999999782,3.851765069437749,1.1991103010052273,1.9989987140991117,0.46967521957045416,0.15811763108433077,0.0,-0.05140539144079174,0.026010244525270516,0.0
12.309999999999782,3.86768784123786,1.2046259293767216,1.9989985065146336,0.46700862900703893,0.16608779348686076,0.0,-0.05242515933913831,0.02653090320772797,0.0
12.319999999999782,3.86768784123786,1.2046259293767216,1.9989985065146336,0.46700862900703893,0.16608779348686076,0.0,-0.05242951154044617,0.026567651689275842,0.0
12.329999999999782,3.86768784123786,1.2046259293767216,1.9989985065146336,0.46700862900703893,0.16608779348686076,0.0,-0.05243386375988349,0.02660440036868749,0.0
12.339999999999781,3.8830504972900597,1.210236626238357,1.9989981577760467,0.4640549348237451,0.17368006303296613,0.0,-0.05208808025902825,0.02618757046994528,0.0
12.349999999999781,3.8830504972900597,1.210236626238357,1.9989981577760467,0.4640549348237451,0.17368006303296613,0.0,-0.05209263816156061,0.026223690663178516,0.0
12.359999999999781,3.8830504972900597,1.210236626238357,1.9989981577760467,0.4640549348237451,0.17368006303296613,0.0,-0.052097196081916354,0.026259811041009103,0.0
12.36999999999978,3.8982936707175284,1.2160904052788293,1.9989989460166797,0.4608354266289868,0.18115776882169277,0.0,-0.05593294484413566,0.027211520256438495,0.0
12.37999999999978,3.8982936707175284,1.2160904052788293,1.9989989460166797,0.4608354266289868,0.18115776882169277,0.0,-0.052643769409951836,0.02565297887877546,0.0
12.38999999999978,3.8982936707175284,1.2160904052788293,1.9989989460166797,0.4608354266289868,0.18115776882169277,0.0,-0.05264869281163274,0.025689156872989036,0.0
12.39999999999978,3.8982936707175284,1.2160904052788293,1.9989989460166797,0.4608354266289868,0.18115776882169277,0.0,-0.052653616231880515,0.02572533504727699,0.0
12.40999999999978,3.9139100046186104,1.2223918950020989,1.9989988184239924,0.45748619573573596,0.18913499255257812,0.0,-0.05398447296622882,0.025278983051740565,0.0
12.41999999999978,3.9139100046186104,1.2223918950020989,1.9989988184239924,0.45748619573573596,0.18913499255257812,0.0,-0.05398992681982753,0.025315681647869803,0.0
12.42999999999978,3.9139100046186104,1.2223918950020989,1.9989988184239924,0.45748619573573596,0.18913499255257812,0.0,-0.05399538069338004,0.025352380423941258,0.0
12.43999999999978,3.928964135895861,1.228765768252823,1.9989987325271503,0.4546543875728248,0.19680051356796638,0.0,-0.053422335363425485,0.02416777460533853,0.0
12.449999999999779,3.928964135895861,1.228765768252823,1.9989987325271503,0.4546543875728248,0.19680051356796638,0.0,-0.05342794694704812,0.02420374290597789,0.0
12.459999999999779,3.928964135895861,1.228765768252823,1.9989987325271503,0.4546543875728248,0.19680051356796638,0.0,-0.053433558550333785,0.024239711375528335,0.0
12.469999999999779,3.9439137617836195,1.2353880550047338,1.998998779278773,0.45145167469124275,0.2043135794296012,0.0,-0.057310099373925345,0.025270186510987495,0.0
12.479999999999778,3.9439137617836195,1.2353880550047338,1.998998779278773,0.45145167469124275,0.2043135794296012,0.0,-0.05354684957079366,0.02372824468642703,0.0
12.489999999999778,3.9439137617836195,1.2353880550047338,1.998998779278773,0.45145167469124275,0.2043135794296012,0.0,-0.05355282269024579,0.02376419788696072,0.0
12.499999999999778,3.9439137617836195,1.2353880550047338,1.998998779278773,0.45145167469124275,0.2043135794296012,0.0,-0.05355879583032835,0.023800151254758928,0.0
12.509999999999778,3.95920338539724,1.242469300065808,1.9989986612174304,0.4480294543497148,0.21200269486590306,0.0,-0.054658503697872195,0.02323059894408699,0.0
12.519999999999778,3.95920338539724,1.242469300065808,1.9989986612174304,0.4480294543497148,0.21200269486590306,0.0,-0.05466501679893733,0.023266979091619493,0.0
12.529999999999777,3.95920338539724,1.242469300065808,1.9989986612174304,0.4480294543497148,0.21200269486590306,0.0,-0.05467152992230738,0.023303359408495993,0.0
12.539999999999777,3.9739292051134867,1.2495909633757694,1.9989983565602187,0.4445317647646622,0.21938264152177203,0.0,-0.054247580444738444,0.02225860352146837,0.0
12.549999999999777,3.9739292051134867,1.2495909633757694,1.9989983565602187,0.4445317647646622,0.21938264152177203,0.0,-0.05425420862707001,0.022294182504179097,0.0
12.559999999999777,3.9739292051134867,1.2495909633757694,1.9989983565602187,0.4445317647646622,0.21938264152177203,0.0,-0.05426083683170724,0.02232976164863868,0.0
12.569999999999776,3.9885371229085793,1.2569429882020706,1.9989978912618769,0.44117872601278424,0.22485506233871067,0.0,-0.05753238340933969,0.0233832021664365,0.0
12.579999999999776,3.9885371229085793,1.2569429882020706,1.9989978912618769,0.44117872601278424,0.22485506233871067,0.0,-0.05381992090636143,0.022001735088054024,0.0
12.589999999999776,3.9885371229085793,1.2569429882020706,1.9989978912618769,0.44117872601278424,0.22485506233871067,0.0,-0.05382691288320699,0.0220372332844839,0.0
12.599999999999776,3.9885371229085793,1.2569429882020706,1.9989978912618769,0.44117872601278424,0.22485506233871067,0.0,-0.05383390488351502,0.02207273164226028,0.0
12.609999999999776,4.003495305132679,1.264637116024104,1.998998564673344,0.4389686002318353,0.2299296772158176,0.0,-0.05367122266080089,0.022413959435287466,0.0
12.619999999999775,4.003495305132679,1.264637116024104,1.998998564673344,0.4389686002318353,0.2299296772158176,0.0,-0.05367875002414327,0.022449838019356655,0.0
12.629999999999775,4.003495305132679,1.264637116024104,1.998998564673344,0.4389686002318353,0.2299296772158176,0.0,-0.05368627741268035,0.022485716768205686,0.0
12.639999999999775,4.0178603433696,1.2724382106732615,1.9989987164012146,0.4326720003100193,0.24124569579829477,0.0,-0.05402619756309343,0.0198510824404105,0.0
12.649999999999775,4.0178603433696,1.2724382106732615,1.9989987164012146,0.4326720003100193,0.24124569579829477,0.0,-0.054033861112515645,0.019886161178508884,0.0
12.659999999999775,4.0178603433696,1.2724382106732615,1.9989987164012146,0.4326720003100193,0.24124569579829477,0.0,-0.05404152468706193,0.019921240071793973,0.0
12.669999999999774,4.032072000755605,1.2805213405764608,1.9989987959184283,0.4287269671160727,0.24840779629511703,0.0,-0.05799340553582576,0.02080220010310143,0.0
12.679999999999774,4.032072000755605,1.2805213405764608,1.9989987959184283,0.4287269671160727,0.24840779629511703,0.0,-0.05449313269170136,0.019546540449080836,0.0
12.689999999999774,4.032072000755605,1.2805213405764608,1.9989987959184283,0.4287269671160727,0.24840779629511703,0.0,-0.05450135665281292,0.01958166320361134,0.0
12.699999999999774,4.032072000755605,1.2805213405764608,1.9989987959184283,0.4287269671160727,0.24840779629511703,0.0,-0.054509580639933,0.01961678611046477,0.0
12.709999999999773,4.046575789559659,1.2890952932143733,1.9989987360976385,0.4245461886390103,0.2557224550950601,0.0,-0.05599947836605125,0.018890933029841826,0.0
12.719999999999773,4.046575789559659,1.2890952932143733,1.9989987360976385,0.4245461886390103,0.2557224550950601,0.0,-0.05600846778862623,0.01892652010216228,0.0
12.729999999999773,4.046575789559659,1.2890952932143733,1.9989987360976385,0.4245461886390103,0.2557224550950601,0.0,-0.05601745723878965,0.018962107327142128,0.0
12.739999999999773,4.060514883166205,1.297653658595758,1.9989984944899513,0.4203664945227823,0.2627524335843745,0.0,-0.05566009736204704,0.018591332910095973,0.0
12.749999999999773,4.060514883166205,1.297653658595758,1.9989984944899513,0.4203664945227823,0.2627524335843745,0.0,-0.05566934477496157,0.018626220364022554,0.0
12.759999999999772,4.060514883166205,1.297653658595758,1.9989984944899513,0.4203664945227823,0.2627524335843745,0.0,-0.05567859221493363,0.018661107962278236,0.0
12.769999999999772,4.074311828481322,1.3064400588068594,1.9989980616796983,0.4159775613358959,0.2692649006469427,0.0,-0.059356058422096986,0.019356584558651153,0.0
12.779999999999772,4.074311828481322,1.3064400588068594,1.9989980616796983,0.4159775613358959,0.2692649006469427,0.0,-0.055789322927731644,0.01771102212871489,0.0
12.789999999999772,4.074311828481322,1.3064400588068594,1.9989980616796983,0.4159775613358959,0.2692649006469427,0.0,-0.05579909186801009,0.017745865970185744,0.0
12.799999999999772,4.074311828481322,1.3064400588068594,1.9989980616796983,0.4159775613358959,0.2692649006469427,0.0,-0.05580886083648693,0.017780709954494236,0.0
12.809999999999771,4.088390607441504,1.3156599411622927,1.9989982898723602,0.41185978217004077,0.27325165841364546,0.0,-0.0557571685315857,0.01771641532923073,0.0
12.819999999999771,4.088390607441504,1.3156599411622927,1.9989982898723602,0.41185978217004077,0.27325165841364546,0.0,-0.055767663199862906,0.017751642866103385,0.0
12.829999999999771,4.088390607441504,1.3156599411622927,1.9989982898723602,0.41185978217004077,0.27325165841364546,0.0,-0.05577815789780889,0.01778687054719765,0.0
12.83999999999977,4.10188987278001,1.3248546960197016,1.9989985374994037,0.406328137098427,0.28325546458004813,0.0,-0.05653335286564199,0.016406977800445043,0.0
12.84999999999977,4.10188987278001,1.3248546960197016,1.9989985374994037,0.406328137098427,0.28325546458004813,0.0,-0.0565440131622241,0.016441409942985624,0.0
12.85999999999977,4.10188987278001,1.3248546960197016,1.9989985374994037,0.406328137098427,0.28325546458004813,0.0,-0.056554673488077675,0.016475842222217436,0.0
12.86999999999977,4.1152210640269065,1.3343175736313158,1.99899876327197,0.4017077280577552,0.2900117732079471,0.0,-0.06030183687888627,0.017103048082300776,0.0
12.87999999999977,4.1152210640269065,1.3343175736313158,1.99899876327197,0.4017077280577552,0.2900117732079471,0.0,-0.056733775667343285,0.015567377884858832,0.0
12.88999999999977,4.1152210640269065,1.3343175736313158,1.99899876327197,0.4017077280577552,0.2900117732079471,0.0,-0.05674492684225577,0.015601701250315635,0.0
12.89999999999977,4.1152210640269065,1.3343175736313158,1.99899876327197,0.4017077280577552,0.2900117732079471,0.0,-0.05675607804784467,0.015636024752265273,0.0
12.90999999999977,4.128793728861062,1.3442983042839312,1.9989987540039218,0.3968108105274366,0.29687836985611515,0.0,-0.05734031678864905,0.015032207152259993,0.0
12.919999999999769,4.128793728861062,1.3442983042839312,1.9989987540039218,0.3968108105274366,0.29687836985611515,0.0,-0.05735220524963795,0.015066828613150505,0.0
12.929999999999769,4.128793728861062,1.3442983042839312,1.9989987540039218,0.3968108105274366,0.29687836985611515,0.0,-0.05736409374367491,0.015101450214113065,0.0
12.939999999999769,4.141805736116723,1.354207154523696,1.9989985705876023,0.3919263617394595,0.30345012523959536,0.0,-0.05643532688181971,0.013894372042195966,0.0
12.949999999999768,4.141805736116723,1.354207154523696,1.9989985705876023,0.3919263617394595,0.30345012523959536,0.0,-0.05644731514286511,0.013928147108957447,0.0
12.959999999999768,4.141805736116723,1.354207154523696,1.9989985705876023,0.3919263617394595,0.30345012523959536,0.0,-0.05645930343751955,0.013961922311185402,0.0
12.969999999999768,4.154650800023408,1.364327795512583,1.9989983073626476,0.3864392061457964,0.3095152829387664,0.0,-0.06009413440021578,0.01423430348018617,0.0
12.979999999999768,4.154650800023408,1.364327795512583,1.9989983073626476,0.3864392061457964,0.3095152829387664,0.0,-0.056347315519587174,0.012609242127943662,0.0
12.989999999999768,4.154650800023408,1.364327795512583,1.9989983073626476,0.3864392061457964,0.3095152829387664,0.0,-0.05635974966533634,0.012642827785382546,0.0
12.999999999999767,4.154650800023408,1.364327795512583,1.9989983073626476,0.3864392061457964,0.3095152829387664,0.0,-0.056372183847018247,0.012676413579663051,0.0
13.009999999999767,4.1677053959932255,1.3749700340761446,1.998998319216777,0.38146176159776896,0.31620052180620617,0.0,-0.0563357236892336,0.012621685173622842,0.0
13.019999999999767,4.1677053959932255,1.3749700340761446,1.998998319216777,0.38146176159776896,0.31620052180620617,0.0,-0.05634886977059163,0.012655487856342743,0.0
13.029999999999767,4.1677053959932255,1.3749700340761446,1.998998319216777,0.38146176159776896,0.31620052180620617,0.0,-0.05636201589125997,0.012689290681863773,0.0
13.039999999999766,4.1801909265456825,1.38550083765555,1.9989990441101564,0.3753912277047111,0.32191164915526843,0.0,-0.054717754834057636,0.010819883070768527,0.0
13.049999999999766,4.1801909265456825,1.38550083765555,1.9989990441101564,0.3753912277047111,0.32191164915526843,0.0,-0.054730905896520445,0.010852842578346669,0.0
13.059999999999766,4.1801909265456825,1.38550083765555,1.9989990441101564,0.3753912277047111,0.32191164915526843,0.0,-0.05474405699909426,0.010885802223872039,0.0
13.069999999999766,4.19250655180224,1.3962455430798673,1.9989986842743526,0.3706958409569142,0.32867748697860105,0.0,-0.05882985596059663,0.011573675682867105,0.0
13.079999999999766,4.19250655180224,1.3962455430798673,1.9989986842743526,0.3706958409569142,0.32867748697860105,0.0,-0.05439631182116333,0.010821038640332861,0.0
13.089999999999765,4.19250655180224,1.3962455430798673,1.9989986842743526,0.3706958409569142,0.32867748697860105,0.0,-0.054409916113488034,0.01085399232252946,0.0
13.099999999999765,4.19250655180224,1.3962455430798673,1.9989986842743526,0.3706958409569142,0.32867748697860105,0.0,-0.0544235204477368,0.010886946144497697,0.0
13.109999999999765,4.205013037127335,1.4075318750589263,1.9989987251310928,0.3651284593577688,0.33502369720725855,0.0,-0.054655754759641746,0.011035604196996444,0.0
13.119999999999765,4.205013037127335,1.4075318750589263,1.9989987251310928,0.3651284593577688,0.33502369720725855,0.0,-0.05467008529818067,0.0110689100042072,0.0
13.129999999999765,4.205013037127335,1.4075318750589263,1.9989987251310928,0.3651284593577688,0.33502369720725855,0.0,-0.05468441588128861,0.011102215955680258,0.0
13.139999999999764,4.2169684053504515,1.418690598068585,1.9989985817086209,0.35958727558216663,0.3410600441073173,0.0,-0.05356686021380441,0.01041108335655954,0.0
13.149999999999764,4.2169684053504515,1.418690598068585,1.9989985817086209,0.35958727558216663,0.3410600441073173,0.0,-0.05358115628801211,0.01044369633028543,0.0
13.159999999999764,4.2169684053504515,1.418690598068585,1.9989985817086209,0.35958727558216663,0.3410600441073173,0.0,-0.053595452406048856,0.010476309442251254,0.0
13.169999999999764,4.228731700009671,1.4300388411875602,1.9989988983194045,0.35351620243361775,0.34649044541646334,0.0,-0.05743029995641385,0.010452385116921108,0.0
13.179999999999763,4.228731700009671,1.4300388411875602,1.9989988983194045,0.35351620243361775,0.34649044541646334,0.0,-0.05328596743113213,0.01018135436932369,0.0
13.189999999999763,4.228731700009671,1.4300388411875602,1.9989988983194045,0.35351620243361775,0.34649044541646334,0.0,-0.05330065317715378,0.010213841701952537,0.0
13.199999999999763,4.228731700009671,1.4300388411875602,1.9989988983194045,0.35351620243361775,0.34649044541646334,0.0,-0.0533153389680388,0.010246329172270186,0.0
13.209999999999763,4.240660488765998,1.4419354559628046,1.9989985099907046,0.3480200863231121,0.3528277408674812,0.0,-0.05362308964274947,0.010595468688998726,0.0
13.219999999999763,4.240660488765998,1.4419354559628046,1.9989985099907046,0.3480200863231121,0.3528277408674812,0.0,-0.05363847533652055,0.010628218821620945,0.0
13.229999999999762,4.240660488765998,1.4419354559628046,1.9989985099907046,0.3480200863231121,0.3528277408674812,0.0,-0.05365386107715631,0.010660969094976684,0.0
13.239999999999762,4.252045546538038,1.453674837072244,1.9989982900697671,0.34210717643866895,0.35842144221238337,0.0,-0.05200857876705288,0.010013534627445779,0.0
13.249999999999762,4.252045546538038,1.453674837072244,1.9989982900697671,0.34210717643866895,0.35842144221238337,0.0,-0.05202384335121325,0.010045542418980634,0.0
13.259999999999762,4.252045546538038,1.453674837072244,1.9989982900697671,0.34210717643866895,0.35842144221238337,0.0,-0.052039107981037024,0.010077550344345858,0.0
13.269999999999762,4.263220097751711,1.4655862239497357,1.9989990603027474,0.33589133259300136,0.3639348954022713,0.0,-0.056107761353734964,0.00993411698903607,0.0
13.279999999999761,4.263220097751711,1.4655862239497357,1.9989990603027474,0.33589133259300136,0.3639348954022713,0.0,-0.05136230422537806,0.00971264715211407,0.0
13.289999999999761,4.263220097751711,1.4655862239497357,1.9989990603027474,0.33589133259300136,0.3639348954022713,0.0,-0.051377916840026704,0.009744477794694232,0.0
13.299999999999761,4.263220097751711,1.4655862239497357,1.9989990603027474,0.33589133259300136,0.3639348954022713,0.0,-0.05139352950178418,0.009776308571129122,0.0
13.30999999999976,4.274536976580073,1.4780652538264611,1.9989986180146613,0.32981426043220047,0.3697891753997434,0.0,-0.051826445551219624,0.009291034999869515,0.0
13.31999999999976,4.274536976580073,1.4780652538264611,1.9989986180146613,0.32981426043220047,0.3697891753997434,0.0,-0.051842734614081204,0.009323048243797663,0.0
13.32999999999976,4.274536976580073,1.4780652538264611,1.9989986180146613,0.32981426043220047,0.3697891753997434,0.0,-0.05185902372687284,0.009355061624948485,0.0
13.33999999999976,4.285316829776855,1.4903610588627254,1.9989985158136536,0.32366512216582083,0.3752074961283827,0.0,-0.05049987142806918,0.008167805045626614,0.0
13.34999999999976,4.285316829776855,1.4903610588627254,1.9989985158136536,0.32366512216582083,0.3752074961283827,0.0,-0.05051595961989119,0.008199008362721765,0.0
13.35999999999976,4.285316829776855,1.4903610588627254,1.9989985158136536,0.32366512216582083,0.3752074961283827,0.0,-0.050532047861234185,0.00823021181135539,0.0
13.36999999999976,4.295884284288578,1.5028228432792323,1.9989990049326356,0.31742370497795114,0.38037212616659477,0.0,-0.05470023908229278,0.008026445196641667,0.0
13.37999999999976,4.295884284288578,1.5028228432792323,1.9989990049326356,0.31742370497795114,0.38037212616659477,0.0,-0.050436011054451974,0.007261186228891747,0.0
13.389999999999759,4.295884284288578,1.5028228432792323,1.9989990049326356,0.31742370497795114,0.38037212616659477,0.0,-0.05045241709309701,0.0072921544540573945,0.0
13.399999999999759,4.295884284288578,1.5028228432792323,1.9989990049326356,0.31742370497795114,0.38037212616659477,0.0,-0.050468823182843084,0.007323122810298364,0.0
13.409999999999759,4.306565520976267,1.515851900169602,1.9989986886314763,0.3110204058849585,0.3858148523537723,0.0,-0.05076902650032221,0.006475890943202328,0.0
13.419999999999758,4.306565520976267,1.515851900169602,1.9989986886314763,0.3110204058849585,0.3858148523537723,0.0,-0.050786107147822786,0.006506969319955387,0.0
13.429999999999758,4.306565520976267,1.515851900169602,1.9989986886314763,0.3110204058849585,0.3858148523537723,0.0,-0.050803187849548806,0.006538047830542964,0.0
13.439999999999758,4.316721741274419,1.5286712102987048,1.9989985010745837,0.3046767474084515,0.39093007677306707,0.0,-0.0496391110112117,0.0060169324293581,0.0
13.449999999999758,4.316721741274419,1.5286712102987048,1.9989985010745837,0.3046767474084515,0.39093007677306707,0.0,-0.04965597718815166,0.006047281176805455,0.0
13.459999999999757,4.316721741274419,1.5286712102987048,1.9989985010745837,0.3046767474084515,0.39093007677306707,0.0,-0.049672843418510984,0.006077630053107598,0.0
13.469999999999757,4.326664883346709,1.54165461554644,1.9989981900901452,0.29802854994719713,0.3956383386541919,0.0,-0.05386229960195494,0.005610719966150161,0.0
13.479999999999757,4.326664883346709,1.54165461554644,1.9989981900901452,0.29802854994719713,0.3956383386541919,0.0,-0.04996696114283072,0.00617653391812828,0.0
13.489999999999757,4.326664883346709,1.54165461554644,1.9989981900901452,0.29802854994719713,0.3956383386541919,0.0,-0.049984224138655386,0.006206907853212904,0.0
13.499999999999757,4.326664883346709,1.54165461554644,1.9989981900901452,0.29802854994719713,0.3956383386541919,0.0,-0.050001487188866094,0.006237281917800596,0.0
13.509999999999756,4.336672096967785,1.5551899992525557,1.9989983783436749,0.2913106412544394,0.40094827324021187,0.0,-0.0510598383144729,0.006861789249086387,0.0
13.519999999999756,4.336672096967785,1.5551899992525557,1.9989983783436749,0.2913106412544394,0.40094827324021187,0.0,-0.05107786726435057,0.006892511502044962,0.0
13.529999999999756,4.336672096967785,1.5551899992525557,1.9989983783436749,0.2913106412544394,0.40094827324021187,0.0,-0.051095896271377304,0.006923233889456715,0.0
13.539999999999756,4.346169140433814,1.5684986028721806,1.9989983507866063,0.28446705329481164,0.4054638398886163,0.0,-0.049982439994056146,0.006583057964554042,0.0
13.549999999999756,4.346169140433814,1.5684986028721806,1.9989983507866063,0.28446705329481164,0.4054638398886163,0.0,-0.0500002914222318,0.006613267093855647,0.0
13.559999999999755,4.346169140433814,1.5684986028721806,1.9989983507866063,0.28446705329481164,0.4054638398886163,0.0,-0.050018142906191346,0.006643476352692411,0.0
13.569999999999755,4.355438824266669,1.5819509369937552,1.9989986379646096,0.27789624261876666,0.4102141186921678,0.0,-0.054279627043924354,0.00605903685537251,0.0
13.579999999999755,4.355438824266669,1.5819509369937552,1.9989986379646096,0.27789624261876666,0.4102141186921678,0.0,-0.05013898274545034,0.006162789253568603,0.0
13.589999999999755,4.355438824266669,1.5819509369937552,1.9989986379646096,0.27789624261876666,0.4102141186921678,0.0,-0.050157203378304524,0.006192908497418032,0.0
13.599999999999755,4.355438824266669,1.5819509369937552,1.9989986379646096,0.27789624261876666,0.4102141186921678,0.0,-0.05017542406839038,0.006223027871101519,0.0
13.609999999999754,4.364764800348333,1.5959796752931104,1.9989987650524677,0.27091981528434406,0.4149052447783784,0.0,-0.050667476979045445,0.006050824763587348,0.0
13.619999999999754,4.364764800348333,1.5959796752931104,1.9989987650524677,0.27091981528434406,0.4149052447783784,0.0,-0.050686463630708084,0.006081180629645051,0.0
13.629999999999754,4.364764800348333,1.5959796752931104,1.9989987650524677,0.27091981528434406,0.4149052447783784,0.0,-0.050705450342783176,0.006111536629330555,0.0
13.639999999999754,4.3735896200953555,1.609748296217101,1.9989986587086388,0.26411591995934597,0.4194113027304914,0.0,-0.04913184824715491,0.006206740833582089,0.0
13.649999999999753,4.3735896200953555,1.609748296217101,1.9989986587086388,0.26411591995934597,0.4194113027304914,0.0,-0.04915058995876002,0.006236497956041796,0.0
13.659999999999753,4.3735896200953555,1.609748296217101,1.9989986587086388,0.26411591995934597,0.4194113027304914,0.0,-0.04916933172984843,0.006266255208097869,0.0
13.669999999999753,4.382188029235117,1.6236626781659704,1.9989983987497284,0.25719755961468027,0.4237377801377119,0.0,-0.05344429532022485,0.005369061273791947,0.0
13.679999999999753,4.382188029235117,1.6236626781659704,1.9989983987497284,0.25719755961468027,0.4237377801377119,0.0,-0.049132085212275224,0.005906637859510056,0.0
13.689999999999753,4.382188029235117,1.6236626781659704,1.9989983987497284,0.25719755961468027,0.4237377801377119,0.0,-0.04915116322180854,0.0059362282188745496,0.0
13.699999999999752,4.382188029235117,1.6236626781659704,1.9989983987497284,0.25719755961468027,0.4237377801377119,0.0,-0.049170241293135325,0.0059658187092151305,0.0
13.709999999999752,4.39080309511098,1.6381397870777008,1.998998150217142,0.24954364668508347,0.4274040916423941,0.0,-0.04962080409681961,0.0048312523328047806,0.0
13.719999999999752,4.39080309511098,1.6381397870777008,1.998998150217142,0.24954364668508347,0.4274040916423941,0.0,-0.04964062412713166,0.004860953819409081,0.0
13.729999999999752,4.39080309511098,1.6381397870777008,1.998998150217142,0.24954364668508347,0.4274040916423941,0.0,-0.04966044422306567,0.00489065543980116,0.0
13.739999999999752,4.39891948793303,1.6523183180062557,1.9989981887457453,0.2423036146753413,0.4312938907133336,0.0,-0.04835026439111172,0.00443464695297544,0.0
13.749999999999751,4.39891948793303,1.6523183180062557,1.9989981887457453,0.2423036146753413,0.4312938907133336,0.0,-0.04836978545614648,0.004463678364579735,0.0
13.759999999999751,4.39891948793303,1.6523183180062557,1.9989981887457453,0.2423036146753413,0.4312938907133336,0.0,-0.04838930658648207,0.0044927099061993665,0.0
13.76999999999975,4.40680105657712,1.6666269088918302,1.9989986687771621,0.23552426021688244,0.43576078526756407,0.0,-0.0528664691202893,0.003513416088733529,0.0
13.77999999999975,4.40680105657712,1.6666269088918302,1.9989986687771621,0.23552426021688244,0.43576078526756407,0.0,-0.04859386943913472,0.004130913247833712,0.0
13.78999999999975,4.40680105657712,1.6666269088918302,1.9989986687771621,0.23552426021688244,0.43576078526756407,0.0,-0.04861372072578433,0.004159705618071807,0.0
13.79999999999975,4.40680105657712,1.6666269088918302,1.9989986687771621,0.23552426021688244,0.43576078526756407,0.0,-0.04863357208098323,0.004188498120633588,0.0
13.80999999999975,4.414680605574959,1.681514944692386,1.9989987901158526,0.22815847842536865,0.4398267566516933,0.0,-0.048940004702696625,0.003193995427770493,0.0
13.81999999999975,4.414680605574959,1.681514944692386,1.9989987901158526,0.22815847842536865,0.4398267566516933,0.0,-0.04896058043069736,0.003222797774394725,0.0
13.82999999999975,4.414680605574959,1.681514944692386,1.9989987901158526,0.22815847842536865,0.4398267566516933,0.0,-0.04898115623198285,0.0032516002566846235,0.0
13.83999999999975,4.4220870948628175,1.6960941446440776,1.998998745420745,0.22092862594871687,0.44363124600572706,0.0,-0.04860813859443875,0.0023202075375064117,0.0
13.84999999999975,4.4220870948628175,1.6960941446440776,1.998998745420745,0.22092862594871687,0.44363124600572706,0.0,-0.0486284224381562,0.0023483917393828254,0.0
13.859999999999749,4.4220870948628175,1.6960941446440776,1.998998745420745,0.22092862594871687,0.44363124600572706,0.0,-0.04864870635522916,0.0023765760738421477,0.0
13.869999999999749,4.42925388100347,1.7107967473023904,1.9989985375400783,0.21364247524330535,0.44732640119770933,0.0,-0.05293595887656554,0.0009802643698920452,0.0
13.879999999999749,4.42925388100347,1.7107967473023904,1.9989985375400783,0.21364247524330535,0.44732640119770933,0.0,-0.04858984673298487,0.002633201372959126,0.0
13.889999999999748,4.42925388100347,1.7107967473023904,1.9989985375400783,0.21364247524330535,0.44732640119770933,0.0,-0.048610572510302215,0.0026613711845098224,0.0
13.899999999999748,4.42925388100347,1.7107967473023904,1.9989985375400783,0.21364247524330535,0.44732640119770933,0.0,-0.048631298362262425,0.002689541129173946,0.0
13.909999999999748,4.436384110355673,1.7260678367640798,1.9989981582998682,0.20599861423650292,0.4508435668949422,0.0,-0.04969697973277762,0.0018043274980661633,0.0
13.919999999999748,4.436384110355673,1.7260678367640798,1.9989981582998682,0.20599861423650292,0.4508435668949422,0.0,-0.0497185532572959,0.001832691473461053,0.0
13.929999999999747,4.436384110355673,1.7260678367640798,1.9989981582998682,0.20599861423650292,0.4508435668949422,0.0,-0.04974012685951676,0.001861055583794226,0.0
13.939999999999747,4.443095431202103,1.7409614969031129,1.998998728898056,0.20098584978855558,0.45134627390986715,0.0,-0.04791837482849691,0.003177211639979596,0.0
13.949999999999747,4.443095431202103,1.7409614969031129,1.998998728898056,0.20098584978855558,0.45134627390986715,0.0,-0.04793971521495537,0.003205142867024083,0.0
13.959999999999747,4.443095431202103,1.7409614969031129,1.998998728898056,0.20098584978855558,0.45134627390986715,0.0,-0.04796105567635115,0.0032330742247105395,0.0
13.969999999999747,4.449563921900786,1.755965936507773,1.9989986461855591,0.19091619685411573,0.45707428593704924,0.0,-0.053081268718588405,0.0002407247541620441,0.0
13.979999999999746,4.449563921900786,1.755965936507773,1.9989986461855591,0.19091619685411573,0.45707428593704924,0.0,-0.04860999552945996,0.001869705889332936,0.0
13.989999999999746,4.449563921900786,1.755965936507773,1.9989986461855591,0.19091619685411573,0.45707428593704924,0.0,-0.04863172324196679,0.0018975052349574594,0.0
13.999999999999746,4.449563921900786,1.755965936507773,1.9989986461855591,0.19091619685411573,0.45707428593704924,0.0,-0.04865345103162148,0.001925304711050207,0.0
14.009999999999746,4.455919509305346,1.7715644458777307,1.9989987675979082,0.1831528711910133,0.4603493136161588,0.0,-0.04915252513989641,0.0013157298523539852,0.0
14.019999999999746,4.455919509305346,1.7715644458777307,1.9989987675979082,0.1831528711910133,0.4603493136161588,0.0,-0.04917507167286991,0.001343598197695317,0.0
14.029999999999745,4.455919509305346,1.7715644458777307,1.9989987675979082,0.1831528711910133,0.4603493136161588,0.0,-0.04919761828736353,0.001371466676450206,0.0
14.039999999999745,4.4618348338929845,1.7868084163986766,1.9989987729922132,0.17557075455745477,0.46341368544852324,0.0,-0.04817577828548596,0.0016626072353644397,0.0
14.049999999999745,4.4618348338929845,1.7868084163986766,1.9989987729922132,0.17557075455745477,0.46341368544852324,0.0,-0.04819802975611986,0.001689931508301929,0.0
14.059999999999745,4.4618348338929845,1.7868084163986766,1.9989987729922132,0.17557075455745477,0.46341368544852324,0.0,-0.04822028130750347,0.001717255911826102,0.0
14.069999999999744,4.467499052921211,1.8021512794406822,1.998998631029516,0.16794280674104758,0.46636490813818254,0.0,-0.05239663223600803,-0.0002755715757959877,0.0
14.079999999999744,4.467499052921211,1.8021512794406822,1.998998631029516,0.16794280674104758,0.46636490813818254,0.0,-0.04802808080015653,0.00170903958464285,0.0
14.089999999999744,4.467499052921211,1.8021512794406822,1.998998631029516,0.16794280674104758,0.46636490813818254,0.0,-0.0480506860896527,0.0017361419185887867,0.0
14.099999999999744,4.467499052921211,1.8021512794406822,1.998998631029516,0.16794280674104758,0.46636490813818254,0.0,-0.04807329146260319,0.001763244384217135,0.0
14.109999999999744,4.4730702311623585,1.8180570774084923,1.9989982549691636,0.15999710138704193,0.46914284614843893,0.0,-0.048206071239138455,0.0010571854528404199,0.0
14.119999999999743,4.4730702311623585,1.8180570774084923,1.9989982549691636,0.15999710138704193,0.46914284614843893,0.0,-0.0482294767618854,0.0010842636590515378,0.0
14.129999999999743,4.4730702311623585,1.8180570774084923,1.9989982549691636,0.15999710138704193,0.46914284614843893,0.0,-0.04825288237297786,0.0011113419994520626,0.0
14.139999999999743,4.478214182881514,1.8335650535665198,1.998998668033402,0.1521906533301694,0.4711492313133978,0.0,-0.04632263598826064,0.0004393190162237437,0.0
14.149999999999743,4.478214182881514,1.8335650535665198,1.998998668033402,0.1521906533301694,0.4711492313133978,0.0,-0.04634569069101268,0.0004658249776499702,0.0
14.159999999999743,4.478214182881514,1.8335650535665198,1.998998668033402,0.1521906533301694,0.4711492313133978,0.0,-0.04636874548117834,0.0004923310684926307,0.0
14.169999999999742,4.483102376056385,1.8491528148246485,1.9989989055170423,0.14436137380763397,0.47377078816609747,0.0,-0.050615713195251814,-0.0018290738275518643,0.0
14.179999999999742,4.483102376056385,1.8491528148246485,1.9989989055170423,0.14436137380763397,0.47377078816609747,0.0,-0.045532689256156424,-0.0007477777684747834,0.0
14.189999999999742,4.483102376056385,1.8491528148246485,1.9989989055170423,0.14436137380763397,0.47377078816609747,0.0,-0.04555605829965521,-0.0007215577461760787,0.0
14.199999999999742,4.483102376056385,1.8491528148246485,1.9989989055170423,0.14436137380763397,0.47377078816609747,0.0,-0.04557942743356581,-0.0006953375953930831,0.0
14.209999999999742,4.4878710346217225,1.8653074968908832,1.9989986699122362,0.1363256231609713,0.47628017465690514,0.0,-0.045655773531360785,-0.00229359026242296,0.0
14.219999999999741,4.4878710346217225,1.8653074968908832,1.9989986699122362,0.1363256231609713,0.47628017465690514,0.0,-0.04567990643063427,-0.0022674855628344683,0.0
14.229999999999741,4.4878710346217225,1.8653074968908832,1.9989986699122362,0.1363256231609713,0.47628017465690514,0.0,-0.04570403942548831,-0.0022413807339267174,0.0
14.23999999999974,4.492236349551876,1.8810642477095647,1.9989987545199361,0.12846738526734686,0.47857697495916046,0.0,-0.04378956785461286,-0.002963117262584799,0.0
14.24999999999974,4.492236349551876,1.8810642477095647,1.9989987545199361,0.12846738526734686,0.47857697495916046,0.0,-0.04381331198822888,-0.0029375890744026017,0.0
14.25999999999974,4.492236349551876,1.8810642477095647,1.9989987545199361,0.12846738526734686,0.47857697495916046,0.0,-0.043837056215580594,-0.002912060762441101,0.0
14.26999999999974,4.496341657879919,1.8968943702473444,1.9989986517556169,0.120572401379823,0.4807413860372822,0.0,-0.04815080495166746,-0.005510491992711715,0.0
14.27999999999974,4.496341657879919,1.8968943702473444,1.9989986517556169,0.120572401379823,0.4807413860372822,0.0,-0.0434452415657086,-0.0032297286266511492,0.0
14.28999999999974,4.496341657879919,1.8968943702473444,1.9989986517556169,0.120572401379823,0.4807413860372822,0.0,-0.043469384345814564,-0.0032043697071453465,0.0
14.29999999999974,4.496341657879919,1.8968943702473444,1.9989986517556169,0.120572401379823,0.4807413860372822,0.0,-0.04349352721992785,-0.003179010666198345,0.0
14.30999999999974,4.500297677394819,1.9132738885034997,1.9989983121759176,0.11235360662205442,0.48255886711687174,0.0,-0.04344525282984209,-0.004119864920603474,0.0
14.31999999999974,4.500297677394819,1.9132738885034997,1.9989983121759176,0.11235360662205442,0.48255886711687174,0.0,-0.0434702180018391,-0.004094555760479925,0.0
14.329999999999739,4.500297677394819,1.9132738885034997,1.9989983121759176,0.11235360662205442,0.48255886711687174,0.0,-0.043495183269907076,-0.004069246480657285,0.0
14.339999999999739,4.503869284784413,1.929217547337072,1.9989985355378925,0.10454214654287458,0.4845103022334795,0.0,-0.041983603905820836,-0.0036557899735682863,0.0
14.349999999999739,4.503869284784413,1.929217547337072,1.9989985355378925,0.10454214654287458,0.4845103022334795,0.0,-0.04200819684741322,-0.003630956568789462,0.0
14.359999999999738,4.503869284784413,1.929217547337072,1.9989985355378925,0.10454214654287458,0.4845103022334795,0.0,-0.04203278987982376,-0.003606123051072892,0.0
14.369999999999738,4.5071830393607435,1.9452314750361015,1.998998319308512,0.09654170157274067,0.48598435991079414,0.0,-0.046220523599345247,-0.006517371195693589,0.0
14.379999999999738,4.5071830393607435,1.9452314750361015,1.998998319308512,0.09654170157274067,0.48598435991079414,0.0,-0.041828244929505945,-0.0037700260401478105,0.0
14.389999999999738,4.5071830393607435,1.9452314750361015,1.998998319308512,0.09654170157274067,0.48598435991079414,0.0,-0.041853161966919045,-0.003745461750348606,0.0
14.399999999999737,4.5071830393607435,1.9452314750361015,1.998998319308512,0.09654170157274067,0.48598435991079414,0.0,-0.04187807909595177,-0.0037208973491842227,0.0
14.409999999999737,4.510317754488673,1.961775452889046,1.9989984295997305,0.08821670474169445,0.48759560000613594,0.0,-0.04243874171969857,-0.004563114589275724,0.0
14.419999999999737,4.510317754488673,1.961775452889046,1.9989984295997305,0.08821670474169445,0.48759560000613594,0.0,-0.04246443745434282,-0.004538694270136476,0.0
14.429999999999737,4.510317754488673,1.961775452889046,1.9989984295997305,0.08821670474169445,0.48759560000613594,0.0,-0.04249013328405413,-0.004514273839695237,0.0
14.439999999999737,4.5130912018131735,1.9778876025715986,1.9989986738100793,0.08013484347065714,0.4889611576008816,0.0,-0.04052998686856439,-0.004440809999993055,0.0
14.449999999999736,4.5130912018131735,1.9778876025715986,1.9989986738100793,0.08013484347065714,0.4889611576008816,0.0,-0.040555235951545233,-0.00441692181350593,0.0
14.459999999999736,4.5130912018131735,1.9778876025715986,1.9989986738100793,0.08013484347065714,0.4889611576008816,0.0,-0.04058048512584637,-0.004393033521487004,0.0
14.469999999999736,4.5155983136109175,1.994046788522334,1.9989986208485888,0.07205089796228345,0.4903108800496206,0.0,-0.04485373185498396,-0.007617688827526774,0.0
14.479999999999736,4.5155983136109175,1.994046788522334,1.9989986208485888,0.07205089796228345,0.4903108800496206,0.0,-0.04044434128333633,-0.004800874297079019,0.0
14.489999999999736,4.5155983136109175,1.994046788522334,1.9989986208485888,0.07205089796228345,0.4903108800496206,0.0,-0.040469860353139916,-0.004777319415246267,0.0
14.499999999999735,4.5155983136109175,1.994046788522334,1.9989986208485888,0.07205089796228345,0.4903108800496206,0.0,-0.04049537951569249,-0.004753764429230443,0.0
14.509999999999735,4.517901386078496,2.010733674616125,1.9989984024220881,0.06362209400778891,0.4907971185458212,0.0,-0.04068253030366755,-0.005491944125100718,0.0
14.519999999999735,4.517901386078496,2.010733674616125,1.9989984024220881,0.06362209400778891,0.4907971185458212,0.0,-0.04070878835405466,-0.005468616082276604,0.0
14.529999999999735,4.517901386078496,2.010733674616125,1.9989984024220881,0.06362209400778891,0.4907971185458212,0.0,-0.04073504650041334,-0.005445287935992764,0.0
14.539999999999734,4.519866889054683,2.0269552177326253,1.998998612240254,0.05570316904814864,0.4923956535302794,0.0,-0.03952845466378893,-0.004992983103257353,0.0
14.549999999999734,4.519866889054683,2.0269552177326253,1.998998612240254,0.05570316904814864,0.4923956535302794,0.0,-0.03955421353187199,-0.004970207003463046,0.0
14.559999999999734,4.519866889054683,2.0269552177326253,1.998998612240254,0.05570316904814864,0.4923956535302794,0.0,-0.03957997249272388,-0.004947430804305346,0.0
14.569999999999734,4.52156779970062,2.043220980325054,1.9989985131964503,0.047618202453480626,0.4933260450590877,0.0,-0.043804740789816964,-0.00845310794108476,0.0
14.579999999999734,4.52156779970062,2.043220980325054,1.9989985131964503,0.047618202453480626,0.4933260450590877,0.0,-0.03970947677528948,-0.005146955935771543,0.0
14.589999999999733,4.52156779970062,2.043220980325054,1.9989985131964503,0.047618202453480626,0.4933260450590877,0.0,-0.039735501363584766,-0.005124537539260547,0.0
14.599999999999733,4.52156779970062,2.043220980325054,1.9989985131964503,0.047618202453480626,0.4933260450590877,0.0,-0.03976152604685947,-0.0051021190437879295,0.0
14.609999999999733,4.523040382206302,2.0600056219408014,1.9989982784493028,0.03921584681372631,0.49377408269940737,0.0,-0.0399222483925033,-0.006388459351973097,0.0
14.619999999999733,4.523040382206302,2.0600056219408014,1.9989982784493028,0.03921584681372631,0.49377408269940737,0.0,-0.039949017621024305,-0.006366309751820852,0.0
14.629999999999733,4.523040382206302,2.0600056219408014,1.9989982784493028,0.03921584681372631,0.49377408269940737,0.0,-0.03997578694916546,-0.006344160053233307,0.0
14.639999999999732,4.524194626749566,2.076310345054602,1.9989984953860451,0.031019883330101965,0.4944414113082129,0.0,-0.03864332431358256,-0.005790820051882307,0.0
14.649999999999732,4.524194626749566,2.076310345054602,1.9989984953860451,0.031019883330101965,0.4944414113082129,0.0,-0.03866961718352765,-0.005769118806735156,0.0
14.659999999999732,4.524194626749566,2.076310345054602,1.9989984953860451,0.031019883330101965,0.4944414113082129,0.0,-0.03869591015051836,-0.00574741746612557,0.0
14.669999999999732,4.52507919173792,2.0926374505311336,1.9989985287108756,0.022831589222691837,0.4949933352534077,0.0,-0.04289160559713882,-0.009611451113183596,0.0
14.679999999999731,4.52507919173792,2.0926374505311336,1.9989985287108756,0.022831589222691837,0.4949933352534077,0.0,-0.03834173891350675,-0.004717811223995408,0.0
14.689999999999731,4.52507919173792,2.0926374505311336,1.9989985287108756,0.022831589222691837,0.4949933352534077,0.0,-0.03836836277023891,-0.004696242579158223,0.0
14.699999999999731,4.52507919173792,2.0926374505311336,1.9989985287108756,0.022831589222691837,0.4949933352534077,0.0,-0.03839498672511139,-0.004674673838290071,0.0
14.70999999999973,4.525708017159847,2.1094617627690058,1.9989989643838673,0.014438589837408675,0.49441003318369586,0.0,-0.03863348377711452,-0.004257755158687877,0.0
14.71999999999973,4.525708017159847,2.1094617627690058,1.9989989643838673,0.014438589837408675,0.49441003318369586,0.0,-0.0386609163060897,-0.004236262270389857,0.0
14.72999999999973,4.525708017159847,2.1094617627690058,1.9989989643838673,0.014438589837408675,0.49441003318369586,0.0,-0.03868834893608596,-0.004214769285287239,0.0
14.73999999999973,4.526047903563356,2.1258032300116825,1.9989987519980912,0.006356469609670477,0.49547723221825357,0.0,-0.03711831263833388,-0.0028455393779792675,0.0
14.74999999999973,4.526047903563356,2.1258032300116825,1.9989987519980912,0.006356469609670477,0.49547723221825357,0.0,-0.037145303930743265,-0.002824269067702872,0.0
14.75999999999973,4.526047903563356,2.1258032300116825,1.9989987519980912,0.006356469609670477,0.49547723221825357,0.0,-0.037172295320342746,-0.0028029986628391314,0.0
14.76999999999973,4.526119127227378,2.1421568654635252,1.9989986595889573,-0.0017942736916814071,0.4956345100873475,0.0,-0.04130870652638924,-0.006944483939015752,0.0
14.77999999999973,4.526119127227378,2.1421568654635252,1.9989986595889573,-0.0017942736916814071,0.4956345100873475,0.0,-0.03716701985107094,-0.0030167990054125577,0.0
14.78999999999973,4.526119127227378,2.1421568654635252,1.9989986595889573,-0.0017942736916814071,0.4956345100873475,0.0,-0.03719428787281317,-0.002995732386223313,0.0
14.799999999999729,4.526119127227378,2.1421568654635252,1.9989986595889573,-0.0017942736916814071,0.4956345100873475,0.0,-0.03722155599258605,-0.0029746656734819816,0.0
14.809999999999729,4.525911158168062,2.159007546305665,1.9989984508194028,-0.010192874754205878,0.49556885727121647,0.0,-0.03808275323504798,-0.003773410221905126,0.0
14.819999999999729,4.525911158168062,2.159007546305665,1.9989984508194028,-0.010192874754205878,0.49556885727121647,0.0,-0.03811078507614352,-0.0037525246960737413,0.0
14.829999999999728,4.525911158168062,2.159007546305665,1.9989984508194028,-0.010192874754205878,0.49556885727121647,0.0,-0.03813881701895323,-0.0037316390767253536,0.0
14.839999999999728,4.525436121460515,2.175354090887872,1.9989983141072591,-0.018373333582235057,0.4948572396862317,0.0,-0.03700998665844141,-0.0030164366416846836,0.0
14.849999999999728,4.525436121460515,2.175354090887872,1.9989983141072591,-0.018373333582235057,0.4948572396862317,0.0,-0.037037541067851405,-0.002995820206626244,0.0
14.859999999999728,4.525436121460515,2.175354090887872,1.9989983141072591,-0.018373333582235057,0.4948572396862317,0.0,-0.037065095576556836,-0.0029752036797754036,0.0
14.869999999999727,4.524689957605048,2.1916854602216542,1.9989983409256937,-0.026581396939671122,0.4947196940093876,0.0,-0.041139447735985914,-0.007459135562960274,0.0
14.879999999999727,4.524689957605048,2.1916854602216542,1.9989983409256937,-0.026581396939671122,0.4947196940093876,0.0,-0.03695741989701155,-0.0033905702038972254,0.0
14.889999999999727,4.524689957605048,2.1916854602216542,1.9989983409256937,-0.026581396939671122,0.4947196940093876,0.0,-0.03698521947270898,-0.0033702339787156886,0.0
14.899999999999727,4.524689957605048,2.1916854602216542,1.9989983409256937,-0.026581396939671122,0.4947196940093876,0.0,-0.03701301915004034,-0.0033498976622690305,0.0
14.909999999999727,4.523640699156248,2.2084850485422636,1.9989989397865982,-0.034929615842576284,0.49425386716455866,0.0,-0.0380574510961035,-0.004207414374517459,0.0
14.919999999999726,4.523640699156248,2.2084850485422636,1.9989989397865982,-0.034929615842576284,0.49425386716455866,0.0,-0.038085967862485345,-0.004187358822269167,0.0
14.929999999999726,4.523640699156248,2.2084850485422636,1.9989989397865982,-0.034929615842576284,0.49425386716455866,0.0,-0.03811448473562542,-0.004167303178240565,0.0
14.939999999999726,4.522349509998225,2.224783765827821,1.9989987540185588,-0.04307221391749709,0.49359061622933564,0.0,-0.03683559212410917,-0.0034313873362967883,0.0
14.949999999999726,4.522349509998225,2.224783765827821,1.9989987540185588,-0.04307221391749709,0.49359061622933564,0.0,-0.03686358000014398,-0.0034116615872674576,0.0
14.959999999999726,4.522349509998225,2.224783765827821,1.9989987540185588,-0.04307221391749709,0.49359061622933564,0.0,-0.03689156798065346,-0.0033919357482473217,0.0
14.969999999999725,4.520789786271467,2.2410614261671347,1.9989987311009734,-0.05121035506876873,0.492930711710918,0.0,-0.04080089262076971,-0.008152961003506801,0.0
14.979999999999725,4.520789786271467,2.2410614261671347,1.9989987311009734,-0.05121035506876873,0.492930711710918,0.0,-0.036550366497132815,-0.004271981152933678,0.0
14.989999999999725,4.520789786271467,2.2410614261671347,1.9989987311009734,-0.05121035506876873,0.492930711710918,0.0,-0.03657857729331791,-0.0042525890351562306,0.0
14.999999999999725,4.520789786271467,2.2410614261671347,1.9989987311009734,-0.05121035506876873,0.492930711710918,0.0,-0.036606788196000106,-0.004233196829140846,0.0
15.009999999999724,4.518902171412968,2.257806750292323,1.9989985247685462,-0.05957873297435763,0.49209463442220414,0.0,-0.03712670698830721,-0.005534526328837454,0.0
15.019999999999724,4.518902171412968,2.257806750292323,1.9989985247685462,-0.05957873297435763,0.49209463442220414,0.0,-0.037155621499388045,-0.005515490760763171,0.0
15.029999999999724,4.518902171412968,2.257806750292323,1.9989985247685462,-0.05957873297435763,0.49209463442220414,0.0,-0.037184536121172965,-0.005496455105964099,0.0
15.039999999999724,4.516798601336436,2.2740274884150296,1.9989981717766905,-0.06765034943093733,0.49096445215433554,0.0,-0.03541264224617433,-0.0051043837602776235,0.0
15.049999999999724,4.516798601336436,2.2740274884150296,1.9989981717766905,-0.06765034943093733,0.49096445215433554,0.0,-0.03544104965983153,-0.005085644159040158,0.0
15.059999999999723,4.516798601336436,2.2740274884150296,1.9989981717766905,-0.06765034943093733,0.49096445215433554,0.0,-0.035469457180198734,-0.005066904474429357,0.0
15.069999999999723,4.514475077750627,2.2901925277863002,1.998998887834878,-0.07245051838704708,0.4893980250440482,0.0,-0.03907480519859915,-0.008408393189625727,0.0
15.079999999999723,4.514475077750627,2.2901925277863002,1.998998887834878,-0.07245051838704708,0.4893980250440482,0.0,-0.035132166535857295,-0.004004531377015035,0.0
15.089999999999723,4.514475077750627,2.2901925277863002,1.998998887834878,-0.07245051838704708,0.4893980250440482,0.0,-0.03516092272718512,-0.0039860211679333315,0.0
15.099999999999723,4.514475077750627,2.2901925277863002,1.998998887834878,-0.07245051838704708,0.4893980250440482,0.0,-0.03518967902467481,-0.003967510876458369,0.0
15.109999999999722,4.511880805045854,2.306827384317803,1.9989984563178822,-0.082198791741951,0.48850654911402763,0.0,-0.03612914334524095,-0.005672925085143613,0.0
15.119999999999722,4.511880805045854,2.306827384317803,1.9989984563178822,-0.082198791741951,0.48850654911402763,0.0,-0.03615871349533188,-0.005654691896364746,0.0
15.129999999999722,4.511880805045854,2.306827384317803,1.9989984563178822,-0.082198791741951,0.48850654911402763,0.0,-0.03618828375434445,-0.005636458627750953,0.0
15.139999999999722,4.508972253939122,2.322913961919812,1.9989987629656256,-0.0922370557510856,0.48676858386992206,0.0,-0.03450194968014258,-0.005967043337899397,0.0
15.149999999999721,4.508972253939122,2.322913961919812,1.9989987629656256,-0.0922370557510856,0.48676858386992206,0.0,-0.03453111464079689,-0.005949020059642145,0.0
15.159999999999721,4.508972253939122,2.322913961919812,1.9989987629656256,-0.0922370557510856,0.48676858386992206,0.0,-0.03456027970449774,-0.005930996706544789,0.0
15.169999999999721,4.505791751971509,2.3389526328290478,1.9989987866102512,-0.10027480666397741,0.48528938945333017,0.0,-0.03822356920536231,-0.011280925746597222,0.0
15.17999999999972,4.505791751971509,2.3389526328290478,1.9989987866102512,-0.10027480666397741,0.48528938945333017,0.0,-0.034047009633552186,-0.0069809557774896695,0.0
15.18999999999972,4.505791751971509,2.3389526328290478,1.9989987866102512,-0.10027480666397741,0.48528938945333017,0.0,-0.03407645494462632,-0.006963258869829842,0.0
15.19999999999972,4.505791751971509,2.3389526328290478,1.9989987866102512,-0.10027480666397741,0.48528938945333017,0.0,-0.03410590035854633,-0.006945561890820065,0.0
15.20999999999972,4.502237917552614,2.355423703521848,1.9989986664483406,-0.108532836894298,0.4836392532182206,0.0,-0.03462950093307505,-0.008097853672295582,0.0
15.21999999999972,4.502237917552614,2.355423703521848,1.9989986664483406,-0.108532836894298,0.4836392532182206,0.0,-0.03465969424538213,-0.008080546297406184,0.0
15.22999999999972,4.502237917552614,2.355423703521848,1.9989986664483406,-0.108532836894298,0.4836392532182206,0.0,-0.03468988766211591,-0.008063238854334201,0.0
15.23999999999972,4.4985207167528145,2.3713537647553546,1.9989983426829003,-0.11650549491409841,0.4818432933392385,0.0,-0.033529741909975895,-0.007934948687728378,0.0
15.24999999999972,4.4985207167528145,2.3713537647553546,1.9989983426829003,-0.11650549491409841,0.4818432933392385,0.0,-0.03355944709785126,-0.007917897752262752,0.0
15.25999999999972,4.4985207167528145,2.3713537647553546,1.9989983426829003,-0.11650549491409841,0.4818432933392385,0.0,-0.03358915238526991,-0.00790084675195124,0.0
15.269999999999719,4.4945642700643,2.387223090261238,1.9989978267952604,-0.12148104853370653,0.48014045019346585,0.0,-0.03718635643522592,-0.01198123662253306,0.0
15.279999999999719,4.4945642700643,2.387223090261238,1.9989978267952604,-0.12148104853370653,0.48014045019346585,0.0,-0.033272341827966775,-0.0074649341306855885,0.0
15.289999999999718,4.4945642700643,2.387223090261238,1.9989978267952604,-0.12148104853370653,0.48014045019346585,0.0,-0.03330229123812224,-0.007448256711016646,0.0
15.299999999999718,4.4945642700643,2.387223090261238,1.9989978267952604,-0.12148104853370653,0.48014045019346585,0.0,-0.03333224074778608,-0.007431579228056221,0.0
15.309999999999718,4.490370829283135,2.4035093681390483,1.9989989213464165,-0.1274566376332936,0.47866380187647767,0.0,-0.0337939956935594,-0.0075905211004298105,0.0
15.319999999999718,4.490370829283135,2.4035093681390483,1.9989989213464165,-0.1274566376332936,0.47866380187647767,0.0,-0.03382464652834403,-0.0075742776824415095,0.0
15.329999999999718,4.490370829283135,2.4035093681390483,1.9989989213464165,-0.1274566376332936,0.47866380187647767,0.0,-0.03385529746550186,-0.0075580342024762345,0.0
15.339999999999717,4.485916680547218,2.419238220384198,1.998998710407288,-0.14046237866317043,0.4750599324913318,0.0,-0.0320312727367461,-0.009439869844885393,0.0
15.349999999999717,4.485916680547218,2.419238220384198,1.998998710407288,-0.14046237866317043,0.4750599324913318,0.0,-0.03206141820055352,-0.009423894987897396,0.0
15.359999999999717,4.485916680547218,2.419238220384198,1.998998710407288,-0.14046237866317043,0.4750599324913318,0.0,-0.0320915637626785,-0.009407920074341306,0.0
15.369999999999717,4.481147723251938,2.434877045888121,1.9989987952055612,-0.1483199817653516,0.4727824112363774,0.0,-0.0354786807497412,-0.015321376323123548,0.0
15.379999999999717,4.481147723251938,2.434877045888121,1.9989987952055612,-0.1483199817653516,0.4727824112363774,0.0,-0.03149157884871128,-0.010310881989310192,0.0
15.389999999999716,4.481147723251938,2.434877045888121,1.9989987952055612,-0.1483199817653516,0.4727824112363774,0.0,-0.031521908830920944,-0.01029534179883426,0.0
15.399999999999716,4.481147723251938,2.434877045888121,1.9989987952055612,-0.1483199817653516,0.4727824112363774,0.0,-0.03155223891283495,-0.010279801554377398,0.0
15.409999999999716,4.4759637921604725,2.4509085900078187,1.9989987265809235,-0.15637959715746483,0.47031039440230116,0.0,-0.031617291054908764,-0.01117777422551232,0.0
15.419999999999716,4.4759637921604725,2.4509085900078187,1.9989987265809235,-0.15637959715746483,0.47031039440230116,0.0,-0.03164825898809145,-0.011162765301139953,0.0
15.429999999999715,4.4759637921604725,2.4509085900078187,1.9989987265809235,-0.15637959715746483,0.47031039440230116,0.0,-0.031679227024630933,-0.011147756325190905,0.0
15.439999999999715,4.470671108071175,2.4663855093021105,1.9989984808866235,-0.16415162336867775,0.4677508130659498,0.0,-0.030460324594228625,-0.010700018939127908,0.0
15.449999999999715,4.470671108071175,2.4663855093021105,1.9989984808866235,-0.16415162336867775,0.4677508130659498,0.0,-0.030490774268656682,-0.010685289310409364,0.0
15.459999999999715,4.470671108071175,2.4663855093021105,1.9989984808866235,-0.16415162336867775,0.4677508130659498,0.0,-0.03052122404477871,-0.010670559631053152,0.0
15.469999999999715,4.465125787010532,2.4817707543341787,1.9989982544581042,-0.17157012194025476,0.46451100024695496,0.0,-0.03351128981732113,-0.016685036127662093,0.0
15.479999999999714,4.465125787010532,2.4817707543341787,1.9989982544581042,-0.17157012194025476,0.46451100024695496,0.0,-0.030340727161232137,-0.011091699767830736,0.0
15.489999999999714,4.465125787010532,2.4817707543341787,1.9989982544581042,-0.17157012194025476,0.46451100024695496,0.0,-0.030371441684993897,-0.011077434520877094,0.0
15.499999999999714,4.465125787010532,2.4817707543341787,1.9989982544581042,-0.17157012194025476,0.46451100024695496,0.0,-0.03040215631241329,-0.011063169225183338,0.0
15.509999999999714,4.459157865049692,2.4975180030357795,1.9989980930534679,-0.17903759230302108,0.4611851422029566,0.0,-0.03118392647113261,-0.012050484492823603,0.0
15.519999999999714,4.459157865049692,2.4975180030357795,1.9989980930534679,-0.17903759230302108,0.4611851422029566,0.0,-0.03121534562146092,-0.01203680802886899,0.0
15.529999999999713,4.459157865049692,2.4975180030357795,1.9989980930534679,-0.17903759230302108,0.4611851422029566,0.0,-0.03124676488003339,-0.01202313151852501,0.0
15.539999999999713,4.453107455124117,2.512685323162109,1.9989984873459312,-0.1872855239173342,0.45867043091895887,0.0,-0.030812811778718006,-0.01122359342458956,0.0
15.549999999999713,4.453107455124117,2.512685323162109,1.9989984873459312,-0.1872855239173342,0.45867043091895887,0.0,-0.030843777425363116,-0.01121019338640721,0.0
15.559999999999713,4.453107455124117,2.512685323162109,1.9989984873459312,-0.1872855239173342,0.45867043091895887,0.0,-0.030874743180233002,-0.011196793301362194,0.0
15.569999999999713,4.446798714241821,2.527767536242598,1.9989987553861404,-0.19485327097474406,0.45554008523454165,0.0,-0.03386312945608504,-0.017608165670767992,0.0
15.579999999999712,4.446798714241821,2.527767536242598,1.9989987553861404,-0.19485327097474406,0.45554008523454165,0.0,-0.030746495025562398,-0.011427352731393,0.0
15.589999999999712,4.446798714241821,2.527767536242598,1.9989987553861404,-0.19485327097474406,0.45554008523454165,0.0,-0.03077768202922058,-0.011414425541879575,0.0
15.599999999999712,4.446798714241821,2.527767536242598,1.9989987553861404,-0.19485327097474406,0.45554008523454165,0.0,-0.030808869143820316,-0.01140149830698858,0.0
15.609999999999712,4.440037474843912,2.543198972767156,1.9989987341172604,-0.20263200331808826,0.4522718364559483,0.0,-0.031102364226818908,-0.012839182118231846,0.0
15.619999999999711,4.440037474843912,2.543198972767156,1.9989987341172604,-0.20263200331808826,0.4522718364559483,0.0,-0.031134206046056753,-0.012826882345931195,0.0
15.629999999999711,4.440037474843912,2.543198972767156,1.9989987341172604,-0.20263200331808826,0.4522718364559483,0.0,-0.031166047980604725,-0.01281458253185045,0.0
15.639999999999711,4.433223456486825,2.558067200249897,1.998998543049101,-0.21010282822072368,0.4489203700668913,0.0,-0.029595296961488722,-0.011718913924189906,0.0
15.64999999999971,4.433223456486825,2.558067200249897,1.998998543049101,-0.21010282822072368,0.4489203700668913,0.0,-0.029626646127652773,-0.011706857754585898,0.0
15.65999999999971,4.433223456486825,2.558067200249897,1.998998543049101,-0.21010282822072368,0.4489203700668913,0.0,-0.02965799540675666,-0.011694801543564603,0.0
15.66999999999971,4.42616813656589,2.5728150274178447,1.9989987626791323,-0.2173738965376591,0.4452629730150103,0.0,-0.032385374429733764,-0.018271460782762348,0.0
15.67999999999971,4.42616813656589,2.5728150274178447,1.9989987626791323,-0.2173738965376591,0.4452629730150103,0.0,-0.029110167714557367,-0.011857341450090274,0.0
15.68999999999971,4.42616813656589,2.5728150274178447,1.9989987626791323,-0.2173738965376591,0.4452629730150103,0.0,-0.029141686853880498,-0.011845759330341873,0.0
15.69999999999971,4.42616813656589,2.5728150274178447,1.9989987626791323,-0.2173738965376591,0.4452629730150103,0.0,-0.02917320610838268,-0.01183417717099593,0.0
15.70999999999971,4.4186445512747,2.5878914618311164,1.9989983606439699,-0.22489749792284236,0.44156618478811915,0.0,-0.028928921467777636,-0.013052892509213633,0.0
15.71999999999971,4.4186445512747,2.5878914618311164,1.9989983606439699,-0.22489749792284236,0.44156618478811915,0.0,-0.028961042312439744,-0.013041954795854814,0.0
15.729999999999709,4.4186445512747,2.5878914618311164,1.9989983606439699,-0.22489749792284236,0.44156618478811915,0.0,-0.0289931632744871,-0.01303101704737501,0.0
15.739999999999709,4.411106025302112,2.6023862406986975,1.9989987434519634,-0.2316376670382251,0.43663866650785543,0.0,-0.026900493469576726,-0.011174346377223239,0.0
15.749999999999709,4.411106025302112,2.6023862406986975,1.9989987434519634,-0.2316376670382251,0.43663866650785543,0.0,-0.026932057708537724,-0.011163610713659273,0.0
15.759999999999708,4.411106025302112,2.6023862406986975,1.9989987434519634,-0.2316376670382251,0.43663866650785543,0.0,-0.02696362206180355,-0.01115287501450692,0.0
15.769999999999708,4.403325394828588,2.6167530132181507,1.9989986491869447,-0.23940430470354848,0.43371139729462227,0.0,-0.03002516047679615,-0.01830616660504133,0.0
15.779999999999708,4.403325394828588,2.6167530132181507,1.9989986491869447,-0.23940430470354848,0.43371139729462227,0.0,-0.02645650643462361,-0.012047253319961813,0.0
15.789999999999708,4.403325394828588,2.6167530132181507,1.9989986491869447,-0.23940430470354848,0.43371139729462227,0.0,-0.026488169470517912,-0.012036994400847455,0.0
15.799999999999708,4.403325394828588,2.6167530132181507,1.9989986491869447,-0.23940430470354848,0.43371139729462227,0.0,-0.026519832622725285,-0.012026735448784836,0.0
15.809999999999707,4.395055120952014,2.631429768197164,1.9989986867272078,-0.24683698085422687,0.4296975501706792,0.0,-0.026246227616130165,-0.013377630549799084,0.0
15.819999999999707,4.395055120952014,2.631429768197164,1.9989986867272078,-0.24683698085422687,0.4296975501706792,0.0,-0.026278407679265942,-0.013368043500640428,0.0
15.829999999999707,4.395055120952014,2.631429768197164,1.9989986867272078,-0.24683698085422687,0.4296975501706792,0.0,-0.02631058786238916,-0.013358456422708725,0.0
15.839999999999707,4.386788792842076,2.6455401675671455,1.998998515623155,-0.25390920426076874,0.4255591363140002,0.0,-0.024714770489593217,-0.011957799400490283,0.0
15.849999999999707,4.386788792842076,2.6455401675671455,1.998998515623155,-0.25390920426076874,0.4255591363140002,0.0,-0.024746394861245042,-0.01194845263458574,0.0
15.859999999999706,4.386788792842076,2.6455401675671455,1.998998515623155,-0.25390920426076874,0.4255591363140002,0.0,-0.02477801934877959,-0.011939105840116685,0.0
15.869999999999706,4.378295320185139,2.659505482278015,1.9989985814082456,-0.26089241991041245,0.42138892486949303,0.0,-0.027233533152888394,-0.018987570020940713,0.0
15.879999999999706,4.378295320185139,2.659505482278015,1.9989985814082456,-0.26089241991041245,0.42138892486949303,0.0,-0.024436567931240785,-0.012107222259611073,0.0
15.889999999999706,4.378295320185139,2.659505482278015,1.9989985814082456,-0.26089241991041245,0.42138892486949303,0.0,-0.024468393969483176,-0.012098523002568064,0.0
15.899999999999705,4.378295320185139,2.659505482278015,1.9989985814082456,-0.26089241991041245,0.42138892486949303,0.0,-0.02450022012305837,-0.012089823720402659,0.0
15.909999999999705,4.369301665270234,2.673752938592951,1.9989985571745204,-0.2679842958582233,0.41690378038766646,0.0,-0.024069391633383296,-0.013825237554957764,0.0
15.919999999999705,4.369301665270234,2.673752938592951,1.9989985571745204,-0.2679842958582233,0.41690378038766646,0.0,-0.024101812430944235,-0.013817390280900878,0.0
15.929999999999705,4.369301665270234,2.673752938592951,1.9989985571745204,-0.2679842958582233,0.41690378038766646,0.0,-0.02413423334459102,-0.013809542987996928,0.0
15.939999999999705,4.360342434037792,2.687434773527856,1.9989983170461576,-0.2747659055658203,0.4123947265133083,0.0,-0.02283647494163738,-0.012687511574139878,0.0
15.949999999999704,4.360342434037792,2.687434773527856,1.9989983170461576,-0.2747659055658203,0.4123947265133083,0.0,-0.022868405147469368,-0.012679989154105497,0.0
15.959999999999704,4.360342434037792,2.687434773527856,1.9989983170461576,-0.2747659055658203,0.4123947265133083,0.0,-0.022900335465767453,-0.012672466715734302,0.0
15.969999999999704,4.3511702605881375,2.7009482017742683,1.9989991627452701,-0.28118550459264363,0.4070440977003484,0.0,-0.024719076246965396,-0.019716240933767688,0.0
15.979999999999704,4.3511702605881375,2.7009482017742683,1.9989991627452701,-0.28118550459264363,0.4070440977003484,0.0,-0.022149276488679457,-0.012953469853873878,0.0
15.989999999999704,4.3511702605881375,2.7009482017742683,1.9989991627452701,-0.28118550459264363,0.4070440977003484,0.0,-0.022181339169975577,-0.012946538356201218,0.0
15.999999999999703,4.3511702605881375,2.7009482017742683,1.9989991627452701,-0.28118550459264363,0.4070440977003484,0.0,-0.022213401964545024,-0.012939606843048668,0.0
16.009999999999703,4.341475477749265,2.7147223304542356,1.9989985606149723,-0.28854249180333236,0.4028272963850811,0.0,-0.02324809936373374,-0.014393478638033098,0.0
16.019999999999705,4.341475477749265,2.7147223304542356,1.9989985606149723,-0.28854249180333236,0.4028272963850811,0.0,-0.02328068558273285,-0.014387368081802328,0.0
16.029999999999706,4.341475477749265,2.7147223304542356,1.9989985606149723,-0.28854249180333236,0.4028272963850811,0.0,-0.023313271919029037,-0.014381257514763615,0.0
16.039999999999708,4.331841451548164,2.7279330290341677,1.9989984197447777,-0.2950129895783855,0.3977888547316966,0.0,-0.021968732083198987,-0.013096711671513663,0.0
16.04999999999971,4.331841451548164,2.7279330290341677,1.9989984197447777,-0.2950129895783855,0.3977888547316966,0.0,-0.02200076938251415,-0.013090826249199813,0.0
16.05999999999971,4.331841451548164,2.7279330290341677,1.9989984197447777,-0.2950129895783855,0.3977888547316966,0.0,-0.022032806797240373,-0.013084940815432437,0.0
16.069999999999713,4.321996078844329,2.740977111553257,1.9989986839470921,-0.3015939082428282,0.3930335837724652,0.0,-0.024040416094979693,-0.020498772711461277,0.0
16.079999999999714,4.321996078844329,2.740977111553257,1.9989986839470921,-0.3015939082428282,0.3930335837724652,0.0,-0.021887622116081067,-0.013905192339554028,0.0
16.089999999999716,4.321996078844329,2.740977111553257,1.9989986839470921,-0.3015939082428282,0.3930335837724652,0.0,-0.021919730653410213,-0.013899855610590338,0.0
16.099999999999717,4.321996078844329,2.740977111553257,1.9989986839470921,-0.3015939082428282,0.3930335837724652,0.0,-0.021951839308538418,-0.01389451887302467,0.0
16.10999999999972,4.311623740927013,2.7542528148225345,1.9989987087878398,-0.3083134049636724,0.3879897982097784,0.0,-0.02230099312611672,-0.015355706588613611,0.0
16.11999999999972,4.311623740927013,2.7542528148225345,1.9989987087878398,-0.3083134049636724,0.3879897982097784,0.0,-0.02233357549220023,-0.015351169869421992,0.0
16.129999999999722,4.311623740927013,2.7542528148225345,1.9989987087878398,-0.3083134049636724,0.3879897982097784,0.0,-0.022366157980356842,-0.015346633146553707,0.0
16.139999999999723,4.301340418512528,2.766970814760019,1.9989985101575074,-0.3147058440734914,0.3829271028428983,0.0,-0.02118531686326664,-0.013902367968070626,0.0
16.149999999999725,4.301340418512528,2.766970814760019,1.9989985101575074,-0.3147058440734914,0.3829271028428983,0.0,-0.021217363753817563,-0.013897970446703553,0.0
16.159999999999727,4.301340418512528,2.766970814760019,1.9989985101575074,-0.3147058440734914,0.3829271028428983,0.0,-0.02124941076649374,-0.013893572920137185,0.0
16.169999999999728,4.290849517909264,2.7795175710899214,1.9989981784496265,-0.3208410054132889,0.37756060890117094,0.0,-0.022865520011361194,-0.021351131905933567,0.0
16.17999999999973,4.290849517909264,2.7795175710899214,1.9989981784496265,-0.3208410054132889,0.37756060890117094,0.0,-0.019529810961426593,-0.01330413010794481,0.0
16.18999999999973,4.290849517909264,2.7795175710899214,1.9989981784496265,-0.3208410054132889,0.37756060890117094,0.0,-0.01956188310865636,-0.013300238317174766,0.0
16.199999999999733,4.290849517909264,2.7795175710899214,1.9989981784496265,-0.3208410054132889,0.37756060890117094,0.0,-0.01959395537994978,-0.013296346522796735,0.0
16.209999999999734,4.279838189348102,2.7922432119547973,1.9989986854621742,-0.3273985201000153,0.3720144530208609,0.0,-0.019271139809869935,-0.014529253765768337,0.0
16.219999999999736,4.279838189348102,2.7922432119547973,1.9989986854621742,-0.3273985201000153,0.3720144530208609,0.0,-0.019303618879916322,-0.01452613677958974,0.0
16.229999999999738,4.279838189348102,2.7922432119547973,1.9989986854621742,-0.3273985201000153,0.3720144530208609,0.0,-0.019336098079115707,-0.014523019794533461,0.0
16.23999999999974,4.268935911757304,2.804421001499012,1.9989985853670775,-0.3329233984946098,0.36594349840992574,0.0,-0.01794206721496318,-0.012438242204315782,0.0
16.24999999999974,4.268935911757304,2.804421001499012,1.9989985853670775,-0.3329233984946098,0.36594349840992574,0.0,-0.017973976984312297,-0.01243523641640176,0.0
16.259999999999742,4.268935911757304,2.804421001499012,1.9989985853670775,-0.3329233984946098,0.36594349840992574,0.0,-0.018005886884471772,-0.012432230627220868,0.0
16.269999999999744,4.257835833114804,2.8164170873166867,1.9989987577856,-0.33936453508830833,0.36093583651780026,0.0,-0.019688350842345808,-0.020319872635899437,0.0
16.279999999999745,4.257835833114804,2.8164170873166867,1.9989987577856,-0.33936453508830833,0.36093583651780026,0.0,-0.01739102536862221,-0.013141319079321666,0.0
16.289999999999747,4.257835833114804,2.8164170873166867,1.9989987577856,-0.33936453508830833,0.36093583651780026,0.0,-0.017422989899363972,-0.013138970005760394,0.0
16.29999999999975,4.257835833114804,2.8164170873166867,1.9989987577856,-0.33936453508830833,0.36093583651780026,0.0,-0.017454954562629788,-0.01313662093465349,0.0
16.30999999999975,4.246189465423116,2.8285888807761395,1.9989987766555273,-0.34551834736219394,0.35520003737344014,0.0,-0.01693823444849875,-0.015181148047058592,0.0
16.31999999999975,4.246189465423116,2.8285888807761395,1.9989987766555273,-0.34551834736219394,0.35520003737344014,0.0,-0.016970613304062,-0.015179742777712443,0.0
16.329999999999753,4.246189465423116,2.8285888807761395,1.9989987766555273,-0.34551834736219394,0.35520003737344014,0.0,-0.017002992295347623,-0.015178337517653753,0.0
16.339999999999755,4.234687148645369,2.8402144633319977,1.9989986643278999,-0.35140840615366997,0.3495440932863114,0.0,-0.01582272515106525,-0.013624634058162567,0.0
16.349999999999756,4.234687148645369,2.8402144633319977,1.9989986643278999,-0.35140840615366997,0.3495440932863114,0.0,-0.015854530094374975,-0.013623417043258375,0.0
16.359999999999758,4.234687148645369,2.8402144633319977,1.9989986643278999,-0.35140840615366997,0.3495440932863114,0.0,-0.015886335172851224,-0.013622200036373721,0.0
16.36999999999976,4.222992677139764,2.8516511665598805,1.9989983771250843,-0.3571607086890968,0.3437506299691819,0.0,-0.01705263915486495,-0.021389455984024294,0.0
16.37999999999976,4.222992677139764,2.8516511665598805,1.9989983771250843,-0.3571607086890968,0.3437506299691819,0.0,-0.015271259384063252,-0.013856402447146393,0.0
16.389999999999763,4.222992677139764,2.8516511665598805,1.9989983771250843,-0.3571607086890968,0.3437506299691819,0.0,-0.015303056697884619,-0.013855758117489929,0.0
16.399999999999764,4.222992677139764,2.8516511665598805,1.9989983771250843,-0.3571607086890968,0.3437506299691819,0.0,-0.015334854149592217,-0.01385511379874499,0.0
16.409999999999766,4.2107549619787985,2.8632320936565607,1.9989979531747113,-0.361840752846334,0.3379347071287765,0.0,-0.014736535511918138,-0.014497954813825785,0.0
16.419999999999767,4.2107549619787985,2.8632320936565607,1.9989979531747113,-0.361840752846334,0.3379347071287765,0.0,-0.014768645961362964,-0.014498186990746545,0.0
16.42999999999977,4.2107549619787985,2.8632320936565607,1.9989979531747113,-0.361840752846334,0.3379347071287765,0.0,-0.014800756551068285,-0.01449841918374558,0.0
16.43999999999977,4.198766119430903,2.874311538229881,1.9989988218424721,-0.36603468957751284,0.33310007955952003,0.0,-0.014241750519212127,-0.012641892997471173,0.0
16.449999999999772,4.198766119430903,2.874311538229881,1.9989988218424721,-0.36603468957751284,0.33310007955952003,0.0,-0.014273257867674269,-0.012642181276361457,0.0
16.459999999999773,4.198766119430903,2.874311538229881,1.9989988218424721,-0.36603468957751284,0.33310007955952003,0.0,-0.014304765355865237,-0.012642469569214273,0.0
16.469999999999775,4.186536214530384,2.8851568702729566,1.9989986866853169,-0.37366700700980165,0.3252305812321127,0.0,-0.014305736148101047,-0.021607617967853866,0.0
16.479999999999777,4.186536214530384,2.8851568702729566,1.9989986866853169,-0.37366700700980165,0.3252305812321127,0.0,-0.012953840304902845,-0.013891623076149487,0.0
16.489999999999778,4.186536214530384,2.8851568702729566,1.9989986866853169,-0.37366700700980165,0.3252305812321127,0.0,-0.012985296235719231,-0.013892419400728242,0.0
16.49999999999978,4.186536214530384,2.8851568702729566,1.9989986866853169,-0.37366700700980165,0.3252305812321127,0.0,-0.013016752307711278,-0.013893215742964553,0.0
16.50999999999978,4.173733865087449,2.8961044075377362,1.9989987936849278,-0.37922401616764556,0.3189036734909632,0.0,-0.013231524395758837,-0.015115812451608724,0.0
16.519999999999783,4.173733865087449,2.8961044075377362,1.9989987936849278,-0.37922401616764556,0.3189036734909632,0.0,-0.013263266888061842,-0.015117445868334668,0.0
16.529999999999784,4.173733865087449,2.8961044075377362,1.9989987936849278,-0.37922401616764556,0.3189036734909632,0.0,-0.013295009525492986,-0.015119079308492806,0.0
16.539999999999786,4.161129238117799,2.9065225922226765,1.9989987403636025,-0.3845225141613069,0.3126787160827411,0.0,-0.012268095487337458,-0.013578912856760423,0.0
16.549999999999788,4.161129238117799,2.9065225922226765,1.9989987403636025,-0.3845225141613069,0.3126787160827411,0.0,-0.012299237865766182,-0.013580515720860267,0.0
16.55999999999979,4.161129238117799,2.9065225922226765,1.9989987403636025,-0.3845225141613069,0.3126787160827411,0.0,-0.01233038038867354,-0.013582118606219063,0.0
16.56999999999979,4.148351588927232,2.9167338086895733,1.9989985127357022,-0.3897256657320673,0.30637319073532965,0.0,-0.012914201306564663,-0.021505706594982642,0.0
16.579999999999792,4.148351588927232,2.9167338086895733,1.9989985127357022,-0.3897256657320673,0.30637319073532965,0.0,-0.012024434748286158,-0.013260540092643366,0.0
16.589999999999794,4.148351588927232,2.9167338086895733,1.9989985127357022,-0.3897256657320673,0.30637319073532965,0.0,-0.012055495348941988,-0.013262589722475775,0.0
16.599999999999795,4.148351588927232,2.9167338086895733,1.9989985127357022,-0.3897256657320673,0.30637319073532965,0.0,-0.012086556096829088,-0.013264639375644873,0.0
16.609999999999797,4.135011810550258,2.927033390573474,1.9989980801262488,-0.3947235042636309,0.29969254275880003,0.0,-0.012023924853546378,-0.014723342118060735,0.0
16.6199999999998,4.135011810550258,2.927033390573474,1.9989980801262488,-0.3947235042636309,0.29969254275880003,0.0,-0.012055212163613093,-0.014726193291169726,0.0
16.6299999999998,4.135011810550258,2.927033390573474,1.9989980801262488,-0.3947235042636309,0.29969254275880003,0.0,-0.012086499624863741,-0.014729044493669744,0.0
16.6399999999998,4.121956547878025,2.9368471959303633,1.9989985039555043,-0.3969319520681663,0.29505393213083525,0.0,-0.012914481622419656,-0.01127152191673541,0.0
16.649999999999803,4.121956547878025,2.9368471959303633,1.9989985039555043,-0.3969319520681663,0.29505393213083525,0.0,-0.012945231389925293,-0.011274270074590365,0.0
16.659999999999805,4.121956547878025,2.9368471959303633,1.9989985039555043,-0.3969319520681663,0.29505393213083525,0.0,-0.012975981310614308,-0.011277018257977422,0.0
16.669999999999806,4.108725475429814,2.946434854893708,1.9989986198535665,-0.40419986002284847,0.28628537076458,0.0,-0.012164798276546023,-0.020478162698200218,0.0
16.679999999999808,4.108725475429814,2.946434854893708,1.9989986198535665,-0.40419986002284847,0.28628537076458,0.0,-0.012885250143678141,-0.012210590314798962,0.0
16.68999999999981,4.108725475429814,2.946434854893708,1.9989986198535665,-0.40419986002284847,0.28628537076458,0.0,-0.0129160901651381,-0.012213845158250575,0.0
16.69999999999981,4.108725475429814,2.946434854893708,1.9989986198535665,-0.40419986002284847,0.28628537076458,0.0,-0.012946930342738886,-0.012217100031226495,0.0
16.709999999999813,4.094895499902613,2.9560495704608014,1.9989987622049714,-0.40912567878812034,0.27944428397300614,0.0,-0.013283462398325953,-0.012834860763279034,0.0
16.719999999999814,4.094895499902613,2.9560495704608014,1.9989987622049714,-0.40912567878812034,0.27944428397300614,0.0,-0.01331467179977657,-0.012838982437771113,0.0
16.729999999999816,4.094895499902613,2.9560495704608014,1.9989987622049714,-0.40912567878812034,0.27944428397300614,0.0,-0.013345881361138658,-0.012843104147821416,0.0
16.739999999999817,4.081314970501393,2.965157037860772,1.998998758628133,-0.41377983384602823,0.272713848905371,0.0,-0.013288716112173063,-0.010424244052864356,0.0
16.74999999999982,4.081314970501393,2.965157037860772,1.998998758628133,-0.41377983384602823,0.272713848905371,0.0,-0.013319546538116765,-0.010428259639298228,0.0
16.75999999999982,4.081314970501393,2.965157037860772,1.998998758628133,-0.41377983384602823,0.272713848905371,0.0,-0.013350377124582025,-0.010432275258371315,0.0
16.769999999999822,4.0675829260304415,2.974040970500385,1.9989985876873817,-0.418316419721166,0.2659010731347898,0.0,-0.013256117445642061,-0.018421221579392143,0.0
16.779999999999824,4.0675829260304415,2.974040970500385,1.9989985876873817,-0.418316419721166,0.2659010731347898,0.0,-0.013481950447172769,-0.010028941091256297,0.0
16.789999999999825,4.0675829260304415,2.974040970500385,1.9989985876873817,-0.418316419721166,0.2659010731347898,0.0,-0.013512810606265711,-0.010033372922601584,0.0
16.799999999999827,4.0675829260304415,2.974040970500385,1.9989985876873817,-0.418316419721166,0.2659010731347898,0.0,-0.013543670928482117,-0.010037804788975788,0.0
16.809999999999828,4.053283584749457,2.9829559101762273,1.9989981807475723,-0.4224723507039658,0.25859695845277153,0.0,-0.01389018168632695,-0.010972326812281755,0.0
16.81999999999983,4.053283584749457,2.9829559101762273,1.9989981807475723,-0.4224723507039658,0.25859695845277153,0.0,-0.013921328870799488,-0.010977559112973915,0.0
16.82999999999983,4.053283584749457,2.9829559101762273,1.9989981807475723,-0.4224723507039658,0.25859695845277153,0.0,-0.013952476221833838,-0.01098279145486809,0.0
16.839999999999833,4.039274556225934,2.991370268051744,1.9989982663957757,-0.426829831757585,0.25179946998006525,0.0,-0.0145692912400297,-0.008065004544042104,0.0
16.849999999999834,4.039274556225934,2.991370268051744,1.9989982663957757,-0.426829831757585,0.25179946998006525,0.0,-0.01460003570850267,-0.008070005279060594,0.0
16.859999999999836,4.039274556225934,2.991370268051744,1.9989982663957757,-0.426829831757585,0.25179946998006525,0.0,-0.014630780344493001,-0.008075006051403068,0.0
16.869999999999838,4.025132017606731,2.9995517403613494,1.998998948616854,-0.4303874400066695,0.24433636679916182,0.0,-0.013975672671974875,-0.015729789796572975,0.0
16.87999999999984,4.025132017606731,2.9995517403613494,1.998998948616854,-0.4303874400066695,0.24433636679916182,0.0,-0.014170591412922373,-0.0067436813825125265,0.0
16.88999999999984,4.025132017606731,2.9995517403613494,1.998998948616854,-0.4303874400066695,0.24433636679916182,0.0,-0.014201316148552698,-0.006749017635950208,0.0
16.899999999999842,4.025132017606731,2.9995517403613494,1.998998948616854,-0.4303874400066695,0.24433636679916182,0.0,-0.01423204105381546,-0.006754353927742856,0.0
16.909999999999844,4.010412344258086,3.007739048362219,1.99899864537637,-0.43492975007606594,0.2372335753564281,0.0,-0.014294693037687399,-0.007870334682369284,0.0
16.919999999999845,4.010412344258086,3.007739048362219,1.99899864537637,-0.43492975007606594,0.2372335753564281,0.0,-0.014325654893704689,-0.007876418905751349,0.0
16.929999999999847,4.010412344258086,3.007739048362219,1.99899864537637,-0.43492975007606594,0.2372335753564281,0.0,-0.014356616923971938,-0.007882503173917588,0.0
16.93999999999985,3.9959921549519124,3.0154459682318917,1.9989987318123164,-0.4388874848161701,0.23006060714601106,0.0,-0.0138813466888523,-0.005228151093995418,0.0
16.94999999999985,3.9959921549519124,3.0154459682318917,1.9989987318123164,-0.4388874848161701,0.23006060714601106,0.0,-0.013911872313016094,-0.005233902399086042,0.0
16.95999999999985,3.9959921549519124,3.0154459682318917,1.9989987318123164,-0.4388874848161701,0.23006060714601106,0.0,-0.01394239811313438,-0.00523965374482185,0.0
16.969999999999853,3.981443594111413,3.022914997477902,1.9989986023870683,-0.44270429526518656,0.22281229058438,0.0,-0.013146234221372084,-0.013201708809118322,0.0
16.979999999999855,3.981443594111413,3.022914997477902,1.9989986023870683,-0.44270429526518656,0.22281229058438,0.0,-0.013282873299212952,-0.00508086040332269,0.0
16.989999999999856,3.981443594111413,3.022914997477902,1.9989986023870683,-0.44270429526518656,0.22281229058438,0.0,-0.013313328502514883,-0.005086893511546812,0.0
16.999999999999858,3.981443594111413,3.022914997477902,1.9989986023870683,-0.44270429526518656,0.22281229058438,0.0,-0.013343783884340822,-0.0050929266624867645,0.0
17.00999999999986,3.9663329027181637,3.030355431607371,1.9989985763984286,-0.4456244456062636,0.2149038914609039,0.0,-0.012751833344472665,-0.005883756614929851,0.0
17.01999999999986,3.9663329027181637,3.030355431607371,1.9989985763984286,-0.4456244456062636,0.2149038914609039,0.0,-0.012782448489765445,-0.00589049755038232,0.0
17.029999999999863,3.9663329027181637,3.030355431607371,1.9989985763984286,-0.4456244456062636,0.2149038914609039,0.0,-0.012813063817026639,-0.005897238534329064,0.0
17.039999999999864,3.951551195619239,3.037332169129779,1.9989985365020948,-0.4498228748318431,0.20795904250185662,0.0,-0.01252440311755737,-0.003862764421002155,0.0
17.049999999999866,3.951551195619239,3.037332169129779,1.9989985365020948,-0.4498228748318431,0.20795904250185662,0.0,-0.012554575587055427,-0.003869157186236432,0.0
17.059999999999867,3.951551195619239,3.037332169129779,1.9989985365020948,-0.4498228748318431,0.20795904250185662,0.0,-0.012584748236933294,-0.0038755499957913906,0.0
17.06999999999987,3.9366497319113387,3.0440689196714126,1.998998327127686,-0.4531195786030798,0.20052152963610156,0.0,-0.01144223887581135,-0.011698518350172533,0.0
17.07999999999987,3.9366497319113387,3.0440689196714126,1.998998327127686,-0.4531195786030798,0.20052152963610156,0.0,-0.012482639926521577,-0.003706568421343901,0.0
17.089999999999872,3.9366497319113387,3.0440689196714126,1.998998327127686,-0.4531195786030798,0.20052152963610156,0.0,-0.01251279996289877,-0.003713400351010425,0.0
17.099999999999874,3.9366497319113387,3.0440689196714126,1.998998327127686,-0.4531195786030798,0.20052152963610156,0.0,-0.012542960178863461,-0.0037202323274877253,0.0
17.109999999999875,3.921195182374251,3.050745216277109,1.9989986729962257,-0.45660000703870124,0.19276078491032583,0.0,-0.011942262864071143,-0.005860212113237325,0.0
17.119999999999877,3.921195182374251,3.050745216277109,1.9989986729962257,-0.45660000703870124,0.19276078491032583,0.0,-0.011972595756011296,-0.005867907165033498,0.0
17.129999999999878,3.921195182374251,3.050745216277109,1.9989986729962257,-0.45660000703870124,0.19276078491032583,0.0,-0.012002928826765617,-0.005875602270734494,0.0
17.13999999999988,3.9060785477470095,3.056975835874207,1.998998635105393,-0.4596073001189348,0.18513533793240688,0.0,-0.011005797841961285,-0.0035346558861683716,0.0
17.14999999999988,3.9060785477470095,3.056975835874207,1.998998635105393,-0.4596073001189348,0.18513533793240688,0.0,-0.01103575354437239,-0.0035420946189477255,0.0
17.159999999999883,3.9060785477470095,3.056975835874207,1.998998635105393,-0.4596073001189348,0.18513533793240688,0.0,-0.011065709422133503,-0.003549533401104927,0.0
17.169999999999884,3.8908590270875107,3.0629561475118035,1.9989985507688712,-0.4626581803274634,0.1775261800766597,0.0,-0.009568144025096599,-0.011369197730211295,0.0
17.179999999999886,3.8908590270875107,3.0629561475118035,1.9989985507688712,-0.4626581803274634,0.1775261800766597,0.0,-0.01059907794303793,-0.0037186942627772026,0.0
17.189999999999888,3.8908590270875107,3.0629561475118035,1.9989985507688712,-0.4626581803274634,0.1775261800766597,0.0,-0.010628954582163539,-0.0037264953445364634,0.0
17.19999999999989,3.8908590270875107,3.0629561475118035,1.9989985507688712,-0.4626581803274634,0.1775261800766597,0.0,-0.010658831396632828,-0.0037342964781106026,0.0
17.20999999999989,3.8750900969088504,3.06884965659985,1.9989991719861429,-0.4649411958796737,0.16947712722413918,0.0,-0.010056178209046368,-0.004396134459562408,0.0
17.219999999999892,3.8750900969088504,3.06884965659985,1.9989991719861429,-0.4649411958796737,0.16947712722413918,0.0,-0.010086158809411471,-0.004404732226982627,0.0
17.229999999999894,3.8750900969088504,3.06884965659985,1.9989991719861429,-0.4649411958796737,0.16947712722413918,0.0,-0.010116139585923492,-0.004413330051803042,0.0
17.239999999999895,3.8596823639782816,3.074319048371195,1.99899867427206,-0.46832173040181035,0.1620513126643779,0.0,-0.010105186998930754,-0.002876770581661437,0.0
17.249999999999897,3.8596823639782816,3.074319048371195,1.99899867427206,-0.46832173040181035,0.1620513126643779,0.0,-0.010134773981514753,-0.002885010843453989,0.0
17.2599999999999,3.8596823639782816,3.074319048371195,1.99899867427206,-0.46832173040181035,0.1620513126643779,0.0,-0.010164361139780658,-0.0028932511593683648,0.0
17.2699999999999,3.844181937605843,3.079536068419426,1.9989985178128071,-0.47098510560438805,0.1543529936597713,0.0,-0.008344953002888553,-0.010627401284600421,0.0
17.2799999999999,3.844181937605843,3.079536068419426,1.9989985178128071,-0.47098510560438805,0.1543529936597713,0.0,-0.009971295720632383,-0.0032192629646220082,0.0
17.289999999999903,3.844181937605843,3.079536068419426,1.9989985178128071,-0.47098510560438805,0.1543529936597713,0.0,-0.010000773824306875,-0.00322780811685546,0.0
17.299999999999905,3.844181937605843,3.079536068419426,1.9989985178128071,-0.47098510560438805,0.1543529936597713,0.0,-0.01003025210492184,-0.003236353325940748,0.0
17.309999999999906,3.8281252418506773,3.0846436220123574,1.9989982423824957,-0.47328828209997786,0.14626381112119446,0.0,-0.009531156545489559,-0.0047964088035722325,0.0
17.319999999999908,3.8281252418506773,3.0846436220123574,1.9989982423824957,-0.47328828209997786,0.14626381112119446,0.0,-0.009560693161166846,-0.004805723472858916,0.0
17.32999999999991,3.8281252418506773,3.0846436220123574,1.9989982423824957,-0.47328828209997786,0.14626381112119446,0.0,-0.009590229955643534,-0.004815038205772262,0.0
17.33999999999991,3.812468901043607,3.08933460826802,1.998998327018757,-0.4757546520898247,0.138394488644328,0.0,-0.00931494440630873,-0.002791454151685134,0.0
17.349999999999913,3.812468901043607,3.08933460826802,1.998998327018757,-0.4757546520898247,0.138394488644328,0.0,-0.009344073921704246,-0.002800335346173456,0.0
17.359999999999914,3.812468901043607,3.08933460826802,1.998998327018757,-0.4757546520898247,0.138394488644328,0.0,-0.00937320361577468,-0.002809216600152073,0.0
17.369999999999916,3.7967310511036994,3.093767298699584,1.9989984088835377,-0.4779477631046285,0.13049218041892321,0.0,-0.007161686761484845,-0.010400094285663337,0.0
17.379999999999917,3.7967310511036994,3.093767298699584,1.9989984088835377,-0.4779477631046285,0.13049218041892321,0.0,-0.008631130468586726,-0.002012512615006142,0.0
17.38999999999992,3.7967310511036994,3.093767298699584,1.9989984088835377,-0.4779477631046285,0.13049218041892321,0.0,-0.008660098910575885,-0.0020216392918382055,0.0
17.39999999999992,3.7967310511036994,3.093767298699584,1.9989984088835377,-0.4779477631046285,0.13049218041892321,0.0,-0.008689067532189183,-0.002030766029416631,0.0
17.409999999999922,3.7804587084737684,3.0980586171921605,1.9989990622253517,-0.4799660862138082,0.12241932715601896,0.0,-0.007719718202543304,-0.003402700968611664,0.0
17.419999999999924,3.7804587084737684,3.0980586171921605,1.9989990622253517,-0.4799660862138082,0.12241932715601896,0.0,-0.007748664635766694,-0.0034125402069715167,0.0
17.429999999999925,3.7804587084737684,3.0980586171921605,1.9989990622253517,-0.4799660862138082,0.12241932715601896,0.0,-0.00777761124996768,-0.0034223795122447225,0.0
17.439999999999927,3.7645814859220916,3.1019649571323566,1.9989987637714175,-0.4820994266503343,0.11453871343485958,0.0,-0.007001160740095318,-0.0016553151470512807,0.0
17.44999999999993,3.7645814859220916,3.1019649571323566,1.9989987637714175,-0.4820994266503343,0.11453871343485958,0.0,-0.007029689837055705,-0.0016647414587396762,0.0
17.45999999999993,3.7645814859220916,3.1019649571323566,1.9989987637714175,-0.4820994266503343,0.11453871343485958,0.0,-0.00705821911579858,-0.0016741678338843605,0.0
17.46999999999993,3.748639009096174,3.105610114055381,1.998998668258474,-0.48403884048754614,0.10661499584417522,0.0,-0.004547799961787509,-0.009218476999548796,0.0
17.479999999999933,3.748639009096174,3.105610114055381,1.998998668258474,-0.48403884048754614,0.10661499584417522,0.0,-0.006539636865599438,-0.002157466405258193,0.0
17.489999999999934,3.748639009096174,3.105610114055381,1.998998668258474,-0.48403884048754614,0.10661499584417522,0.0,-0.006567979892636726,-0.002167372656437002,0.0
17.499999999999936,3.748639009096174,3.105610114055381,1.998998668258474,-0.48403884048754614,0.10661499584417522,0.0,-0.00659632310284289,-0.0021772789754337355,0.0
17.509999999999938,3.7321501826271986,3.1090913888261245,1.9989984257186384,-0.4858199678548118,0.09840138834014651,0.0,-0.00545072406276761,-0.003536332738910004,0.0
17.51999999999994,3.7321501826271986,3.1090913888261245,1.9989984257186384,-0.4858199678548118,0.09840138834014651,0.0,-0.005478989111391901,-0.0035471708210389743,0.0
17.52999999999994,3.7321501826271986,3.1090913888261245,1.9989984257186384,-0.4858199678548118,0.09840138834014651,0.0,-0.005507254344187107,-0.003558008978716437,0.0
17.539999999999942,3.7160954453590014,3.112201640169939,1.998998185496472,-0.4868539123182231,0.09025295107375775,0.0,-0.005068508781454344,-0.00205058699813894,0.0
17.549999999999944,3.7160954453590014,3.112201640169939,1.998998185496472,-0.4868539123182231,0.09025295107375775,0.0,-0.005096349718247109,-0.002061167318646667,0.0
17.559999999999945,3.7160954453590014,3.112201640169939,1.998998185496472,-0.4868539123182231,0.09025295107375775,0.0,-0.0051241908395588814,-0.0020717477126063677,0.0
17.569999999999947,3.699998730546811,3.1150430674748986,1.998998212441449,-0.48833045740659553,0.08218318176503546,0.0,-0.0022415915944744213,-0.009434218513205101,0.0
17.57999999999995,3.699998730546811,3.1150430674748986,1.998998212441449,-0.48833045740659553,0.08218318176503546,0.0,-0.004741229536779419,-0.0006578900726954091,0.0
17.58999999999995,3.699998730546811,3.1150430674748986,1.998998212441449,-0.48833045740659553,0.08218318176503546,0.0,-0.004768661365543658,-0.0006681608720685341,0.0
17.59999999999995,3.699998730546811,3.1150430674748986,1.998998212441449,-0.48833045740659553,0.08218318176503546,0.0,-0.004796093379579923,-0.0006784317427265602,0.0
17.609999999999953,3.683379318952222,3.117691899180655,1.9989985901172453,-0.4898635628422183,0.0739715053928024,0.0,-0.0027048906454151087,-0.0037566438194767296,0.0
17.619999999999955,3.683379318952222,3.117691899180655,1.9989985901172453,-0.4898635628422183,0.0739715053928024,0.0,-0.0027323785620180898,-0.0037684692552070573,0.0
17.629999999999956,3.683379318952222,3.117691899180655,1.9989985901172453,-0.4898635628422183,0.0739715053928024,0.0,-0.0027598666646720628,-0.003780294775240077,0.0
17.639999999999958,3.6671933772587164,3.1199956708475187,1.9989987833035172,-0.491078274148261,0.06589716118658938,0.0,-0.002380156222897688,-0.002052741047987559,0.0
17.64999999999996,3.6671933772587164,3.1199956708475187,1.9989987833035172,-0.491078274148261,0.06589716118658938,0.0,-0.0024071854315928847,-0.002064183789633875,0.0
17.65999999999996,3.6671933772587164,3.1199956708475187,1.9989987833035172,-0.491078274148261,0.06589716118658938,0.0,-0.0024342148269129176,-0.002075626612810183,0.0
17.669999999999963,3.6509682128723857,3.1220328585000483,1.9989987520215005,-0.4922117877240985,0.057809339852150865,0.0,0.000760590748531941,-0.009309608511724634,0.0
17.679999999999964,3.6509682128723857,3.1220328585000483,1.9989987520215005,-0.4922117877240985,0.057809339852150865,0.0,-0.0009999337492760886,-0.002138405222199688,0.0
17.689999999999966,3.6509682128723857,3.1220328585000483,1.9989987520215005,-0.4922117877240985,0.057809339852150865,0.0,-0.0010266752947775029,-0.002150151324434473,0.0
17.699999999999967,3.6509682128723857,3.1220328585000483,1.9989987520215005,-0.4922117877240985,0.057809339852150865,0.0,-0.0010534170272138343,-0.002161897510936341,0.0
17.70999999999997,3.634214811910428,3.123852276820241,1.9989985540879536,-0.4932504657093706,0.04945957947230004,0.0,0.0001237779491748686,-0.0029900743160641906,0.0
17.71999999999997,3.634214811910428,3.123852276820241,1.9989985540879536,-0.4932504657093706,0.04945957947230004,0.0,9.724871787561312e-05,-0.0030025970720034025,0.0
17.729999999999972,3.634214811910428,3.123852276820241,1.9989985540879536,-0.4932504657093706,0.04945957947230004,0.0,7.071929921819285e-05,-0.0030151199189342604,0.0
17.739999999999974,3.6179248906170782,3.125346183358231,1.9989982276130729,-0.49398301020409474,0.041326104645703896,0.0,-0.00015663936143444021,-0.00041159234363114314,0.0
17.749999999999975,3.6179248906170782,3.125346183358231,1.9989982276130729,-0.49398301020409474,0.041326104645703896,0.0,-0.00018271468953566527,-0.0004236182768083309,0.0
17.759999999999977,3.6179248906170782,3.125346183358231,1.9989982276130729,-0.49398301020409474,0.041326104645703896,0.0,-0.00020879020602935955,-0.0004356442972786592,0.0
17.76999999999998,3.601627541288094,3.12660116119848,1.9989981884178214,-0.49308134000373166,0.03541112604104911,0.0,0.0022042353885783294,-0.006614276559813616,0.0
17.77999999999998,3.601627541288094,3.12660116119848,1.9989981884178214,-0.49308134000373166,0.03541112604104911,0.0,-0.0005949091467643819,0.0016178506829339712,0.0
17.78999999999998,3.601627541288094,3.12660116119848,1.9989981884178214,-0.49308134000373166,0.03541112604104911,0.0,-0.0006207002137751792,0.001605602607544175,0.0
17.799999999999983,3.601627541288094,3.12660116119848,1.9989981884178214,-0.49308134000373166,0.03541112604104911,0.0,-0.0006464914705189139,0.0015933544431637782,0.0
17.809999999999985,3.58482880985996,3.1276140122536575,1.99899858179723,-0.49468684361352505,0.02480314171725895,0.0,0.0014476504139794909,0.0012495082188871643,0.0
17.819999999999986,3.58482880985996,3.1276140122536575,1.99899858179723,-0.49468684361352505,0.02480314171725895,0.0,0.0014221043879184916,0.0012365673990361332,0.0
17.829999999999988,3.58482880985996,3.1276140122536575,1.99899858179723,-0.49468684361352505,0.02480314171725895,0.0,0.0013965581728282554,0.0012236264849130002,0.0
17.83999999999999,3.5684948838449553,3.128293901826969,1.9989987596563124,-0.4951625116171021,0.01664376480072902,0.0,0.00033038271527718643,0.0037718665097058197,0.0
17.84999999999999,3.5684948838449553,3.128293901826969,1.9989987596563124,-0.4951625116171021,0.01664376480072902,0.0,0.0003052345820344549,0.003759393604804812,0.0
17.859999999999992,3.5684948838449553,3.128293901826969,1.9989987596563124,-0.4951625116171021,0.01664376480072902,0.0,0.00028008625903731767,0.003746920608848115,0.0
17.869999999999994,3.552148686598599,3.128704318062977,1.99899877790311,-0.495480677514849,0.008474746081711306,0.0,0.004128384513951892,-0.003092192267986176,0.0
17.879999999999995,3.552148686598599,3.128704318062977,1.99899877790311,-0.495480677514849,0.008474746081711306,0.0,0.0005582297750148934,0.0028325563405395982,0.0
17.889999999999997,3.552148686598599,3.128704318062977,1.99899877790311,-0.495480677514849,0.008474746081711306,0.0,0.0005333439630946918,0.0028195448093533138,0.0
17.9,3.552148686598599,3.128704318062977,1.99899877790311,-0.495480677514849,0.008474746081711306,0.0,0.0005084579625887786,0.002806533181961343,0.0
17.91,3.535298740226402,3.1288451218426263,1.998998652335567,-0.4956829186414083,5.340615278710069e-05,0.0,0.0009395691759870184,0.001102002995686122,0.0
17.92,3.535298740226402,3.1288451218426263,1.998998652335567,-0.4956829186414083,5.340615278710069e-05,0.0,0.0009149273891560259,0.0010879963967120629,0.0
17.930000000000003,3.535298740226402,3.1288451218426263,1.998998652335567,-0.4956829186414083,5.340615278710069e-05,0.0,0.0008902854153620529,0.0010739896926565714,0.0
17.940000000000005,3.518941245886218,3.1287079109257605,1.9989983192719118,-0.49565230957404555,-0.008120368424836537,0.0,-0.0011182449497189224,0.0025061246525313234,0.0
17.950000000000006,3.518941245886218,3.1287079109257605,1.9989983192719118,-0.49565230957404555,-0.008120368424836537,0.0,-0.0011425579221955818,0.0024923556162340568,0.0
17.960000000000008,3.518941245886218,3.1287079109257605,1.9989983192719118,-0.49565230957404555,-0.008120368424836537,0.0,-0.0011668710817218562,0.002478586475569311,0.0
17.97000000000001,3.5026025021385077,3.1283066621854054,1.9989986405589646,-0.49452035320983184,-0.01574347919654255,0.0,0.002728391153688924,-0.0035851838384381787,0.0
17.98000000000001,3.5026025021385077,3.1283066621854054,1.9989986405589646,-0.49452035320983184,-0.01574347919654255,0.0,-0.002037578012010911,0.002804357783153036,0.0
17.990000000000013,3.5026025021385077,3.1283066621854054,1.9989986405589646,-0.49452035320983184,-0.01574347919654255,0.0,-0.0020616343363998764,0.0027901939558055812,0.0
18.000000000000014,3.5026025021385077,3.1283066621854054,1.9989986405589646,-0.49452035320983184,-0.01574347919654255,0.0,-0.0020856908480676225,0.0027760300196645817,0.0
18.010000000000016,3.4857817414150403,3.127619505511684,1.9989985932591643,-0.4948065443588284,-0.024599166819154663,0.0,-0.0012909675512821624,0.0011836012676424096,0.0
18.020000000000017,3.4857817414150403,3.127619505511684,1.9989985932591643,-0.4948065443588284,-0.024599166819154663,0.0,-0.0013147933579878881,0.0011685559842052142,0.0
18.03000000000002,3.4857817414150403,3.127619505511684,1.9989985932591643,-0.4948065443588284,-0.024599166819154663,0.0,-0.0013386193514406915,0.001153510583299397,0.0
18.04000000000002,3.469461691933159,3.126669092894688,1.9989986702468066,-0.49430899692650243,-0.03271726516640678,0.0,-0.0032179585449965183,0.002006585020413506,0.0
18.050000000000022,3.469461691933159,3.126669092894688,1.9989986702468066,-0.49430899692650243,-0.03271726516640678,0.0,-0.003241516890180809,0.0019919193438350416,0.0
18.060000000000024,3.469461691933159,3.126669092894688,1.9989986702468066,-0.49430899692650243,-0.03271726516640678,0.0,-0.0032650754238494704,0.001977253550334211,0.0
18.070000000000025,3.4531572881918935,3.125449043564384,1.9989987926326367,-0.49381870724986127,-0.04093443288660503,0.0,0.0012532113597186487,-0.00441746464139849,0.0
18.080000000000027,3.4531572881918935,3.125449043564384,1.9989987926326367,-0.49381870724986127,-0.04093443288660503,0.0,-0.00335750709563523,0.0024856979999829296,0.0
18.09000000000003,3.4531572881918935,3.125449043564384,1.9989987926326367,-0.49381870724986127,-0.04093443288660503,0.0,-0.003380808504781597,0.0024707458854336052,0.0
18.10000000000003,3.4531572881918935,3.125449043564384,1.9989987926326367,-0.49381870724986127,-0.04093443288660503,0.0,-0.0034041101028685597,0.002455793650360351,0.0
18.11000000000003,3.436378448263306,3.1239101270310385,1.9989987103015572,-0.4931799569442319,-0.04934407572968192,0.0,-0.002772323460358596,0.000947803452559507,0.0
18.120000000000033,3.436378448263306,3.1239101270310385,1.9989987103015572,-0.4931799569442319,-0.04934407572968192,0.0,-0.002795351067504897,0.0009320733849406432,0.0
18.130000000000035,3.436378448263306,3.1239101270310385,1.9989987103015572,-0.4931799569442319,-0.04934407572968192,0.0,-0.0028183788621676817,0.0009163431889423361,0.0
18.140000000000036,3.4201172127554598,3.1221433172421706,1.9989984811329615,-0.4923774638387019,-0.05748561105783033,0.0,-0.004040671130752572,0.0029576610359839505,0.0
18.150000000000038,3.4201172127554598,3.1221433172421706,1.9989984811329615,-0.4923774638387019,-0.05748561105783033,0.0,-0.004063469545102774,0.0029424315316391664,0.0
18.16000000000004,3.4201172127554598,3.1221433172421706,1.9989984811329615,-0.4923774638387019,-0.05748561105783033,0.0,-0.004086268147586144,0.0029272019024210822,0.0
18.17000000000004,3.403891372461042,3.1201090811052428,1.9989984410395516,-0.4912074499646509,-0.06556264293285599,0.0,0.0006797162978657535,-0.003071553545846646,0.0
18.180000000000042,3.403891372461042,3.1201090811052428,1.9989984410395516,-0.4912074499646509,-0.06556264293285599,0.0,-0.003641601611396958,0.004008148468297641,0.0
18.190000000000044,3.403891372461042,3.1201090811052428,1.9989984410395516,-0.4912074499646509,-0.06556264293285599,0.0,-0.0036641263633978606,0.003992717997814287,0.0
18.200000000000045,3.403891372461042,3.1201090811052428,1.9989984410395516,-0.4912074499646509,-0.06556264293285599,0.0,-0.003686651302130705,0.003977287401114087,0.0
18.210000000000047,3.387215084369558,3.1177355898096044,1.9989981053741215,-0.48946937138104785,-0.07377545235580657,0.0,-0.002684673286985054,0.003740744381503669,0.0
18.22000000000005,3.387215084369558,3.1177355898096044,1.9989981053741215,-0.48946937138104785,-0.07377545235580657,0.0,-0.002706887030312739,0.0037246306993212945,0.0
18.23000000000005,3.387215084369558,3.1177355898096044,1.9989981053741215,-0.48946937138104785,-0.07377545235580657,0.0,-0.0027291009580090123,0.003708516885235485,0.0
18.24000000000005,3.3710951456213754,3.1151613045155035,1.998998830543794,-0.4886271408252454,-0.08209477777835351,0.0,-0.0031292771717465447,0.005370386824998343,0.0
18.250000000000053,3.3710951456213754,3.1151613045155035,1.998998830543794,-0.4886271408252454,-0.08209477777835351,0.0,-0.0031512187332169354,0.00535474487270411,0.0
18.260000000000055,3.3710951456213754,3.1151613045155035,1.998998830543794,-0.4886271408252454,-0.08209477777835351,0.0,-0.0031731604783920204,0.0053391027922550256,0.0
18.270000000000056,3.3549953601641667,3.112315263194811,1.9989987417081088,-0.4872026255104757,-0.09016103620105351,0.0,0.0018965672105437194,-0.00045955148924485534,0.0
18.280000000000058,3.3549953601641667,3.112315263194811,1.9989987417081088,-0.4872026255104757,-0.09016103620105351,0.0,-0.0026622548518407817,0.004725244932634971,0.0
18.29000000000006,3.3549953601641667,3.112315263194811,1.9989987417081088,-0.4872026255104757,-0.09016103620105351,0.0,-0.0026837781800751258,0.004709038288493737,0.0
18.30000000000006,3.3549953601641667,3.112315263194811,1.9989987417081088,-0.4872026255104757,-0.09016103620105351,0.0,-0.0027053016907215813,0.0046928315094820075,0.0
18.310000000000063,3.338456083315494,3.1091042938415656,1.9989987033357146,-0.4857131991082168,-0.0984724462960735,0.0,-0.000911658217448685,0.002961531686046562,0.0
18.320000000000064,3.338456083315494,3.1091042938415656,1.9989987033357146,-0.4857131991082168,-0.0984724462960735,0.0,-0.0009327043534590047,0.0029443075028296644,0.0
18.330000000000066,3.338456083315494,3.1091042938415656,1.9989987033357146,-0.4857131991082168,-0.0984724462960735,0.0,-0.0009537506692973883,0.00292708317428083,0.0
18.340000000000067,3.322455229983661,3.105718286476356,1.998998504043324,-0.4840491187582052,-0.10648493490196775,0.0,-0.0009036313796771232,0.004180840629460681,0.0
18.35000000000007,3.322455229983661,3.105718286476356,1.998998504043324,-0.4840491187582052,-0.10648493490196775,0.0,-0.00092432018940728,0.0041638191284452805,0.0
18.36000000000007,3.322455229983661,3.105718286476356,1.998998504043324,-0.4840491187582052,-0.10648493490196775,0.0,-0.0009450091789821025,0.004146797482127735,0.0
18.370000000000072,3.3065176496350555,3.1020699949000226,1.9989984781241317,-0.4821596385104057,-0.1144213768071348,0.0,0.004361549021267258,-0.0013403848907872918,0.0
18.380000000000074,3.3065176496350555,3.1020699949000226,1.9989984781241317,-0.4821596385104057,-0.1144213768071348,0.0,0.0005762695606134304,0.004092449732962319,0.0
18.390000000000075,3.3065176496350555,3.1020699949000226,1.9989984781241317,-0.4821596385104057,-0.1144213768071348,0.0,0.0005559995629210836,0.004075038514922635,0.0
18.400000000000077,3.3065176496350555,3.1020699949000226,1.9989984781241317,-0.4821596385104057,-0.1144213768071348,0.0,0.0005357293873519363,0.004057627147198967,0.0
18.41000000000008,3.2901583758308677,3.098037067953778,1.9989984024114726,-0.4801788688314173,-0.12256768206837103,0.0,0.002324538256840829,0.0028928540525150325,0.0
18.42000000000008,3.2901583758308677,3.098037067953778,1.9989984024114726,-0.4801788688314173,-0.12256768206837103,0.0,0.002304778253439681,0.0028745867553895367,0.0
18.43000000000008,3.2901583758308677,3.098037067953778,1.9989984024114726,-0.4801788688314173,-0.12256768206837103,0.0,0.002285018075125924,0.0028563192994782724,0.0
18.440000000000083,3.274357408533669,3.0938607938587337,1.998998353464242,-0.4769579326699873,-0.13022182843985194,0.0,0.0014122469994346557,0.0047421699234903095,0.0
18.450000000000085,3.274357408533669,3.0938607938587337,1.998998353464242,-0.4769579326699873,-0.13022182843985194,0.0,0.0013927984981325888,0.004724280085943658,0.0
18.460000000000086,3.274357408533669,3.0938607938587337,1.998998353464242,-0.4769579326699873,-0.13022182843985194,0.0,0.001373349820836033,0.004706390090290859,0.0
18.470000000000088,3.258639519220885,3.089422724887145,1.9989985419561676,-0.4757045695690589,-0.1384606757203591,0.0,0.007122447698204301,-0.001026633120858127,0.0
18.48000000000009,3.258639519220885,3.089422724887145,1.9989985419561676,-0.4757045695690589,-0.1384606757203591,0.0,0.0018166904989382765,0.005351281348692283,0.0
18.49000000000009,3.258639519220885,3.089422724887145,1.9989985419561676,-0.4757045695690589,-0.1384606757203591,0.0,0.001797645589421918,0.00533312821193235,0.0
18.500000000000092,3.258639519220885,3.089422724887145,1.9989985419561676,-0.4757045695690589,-0.1384606757203591,0.0,0.0017786005056634215,0.005314974913402542,0.0
18.510000000000094,3.2425060209477166,3.0845727915430565,1.9989986444849157,-0.47336806611040866,-0.14658375329693912,0.0,0.0035553909673986485,0.0058070260028453245,0.0
18.520000000000095,3.2425060209477166,3.0845727915430565,1.9989986444849157,-0.47336806611040866,-0.14658375329693912,0.0,0.003536865501903835,0.005788155316016057,0.0
18.530000000000097,3.2425060209477166,3.0845727915430565,1.9989986444849157,-0.47336806611040866,-0.14658375329693912,0.0,0.0035183398660851638,0.005769284460973177,0.0
18.5400000000001,3.2269275142315355,3.079602958251098,1.9989984768777367,-0.47063432429412855,-0.15431752930071926,0.0,0.0025819492567152316,0.008335032454207577,0.0
18.5500000000001,3.2269275142315355,3.079602958251098,1.9989984768777367,-0.47063432429412855,-0.15431752930071926,0.0,0.0025636991375163633,0.008316721248396032,0.0
18.5600000000001,3.2269275142315355,3.079602958251098,1.9989984768777367,-0.47063432429412855,-0.15431752930071926,0.0,0.002545448847827975,0.008298409877939904,0.0
18.570000000000103,3.2114375929029926,3.0743785391887357,1.9989987074421545,-0.46823313292538304,-0.1620896779114905,0.0,0.008364055131754825,0.0032845197994467445,0.0
18.580000000000105,3.2114375929029926,3.0743785391887357,1.9989987074421545,-0.46823313292538304,-0.1620896779114905,0.0,0.003304839806046171,0.009074526327237629,0.0
18.590000000000106,3.2114375929029926,3.0743785391887357,1.9989987074421545,-0.46823313292538304,-0.1620896779114905,0.0,0.003286995341752866,0.009056085052576676,0.0
18.600000000000108,3.2114375929029926,3.0743785391887357,1.9989987074421545,-0.46823313292538304,-0.1620896779114905,0.0,0.0032691507088953627,0.009037643610759323,0.0
18.61000000000011,3.1955643494236763,3.06872810860458,1.9989985922793827,-0.4655377721800896,-0.17004538014448545,0.0,0.0044685360237332805,0.009390465957204112,0.0
18.62000000000011,3.1955643494236763,3.06872810860458,1.9989985922793827,-0.4655377721800896,-0.17004538014448545,0.0,0.004451229561381988,0.009371435833953253,0.0
18.630000000000113,3.1955643494236763,3.06872810860458,1.9989985922793827,-0.4655377721800896,-0.17004538014448545,0.0,0.004433922934210299,0.009352405537133525,0.0
18.640000000000114,3.180250136043517,3.06298685785457,1.9989983431502336,-0.4626549865237542,-0.1776657932269097,0.0,0.003673087892720289,0.01240844048389911,0.0
18.650000000000116,3.180250136043517,3.06298685785457,1.9989983431502336,-0.4626549865237542,-0.1776657932269097,0.0,0.003656060975050491,0.01238998200997131,0.0
18.660000000000117,3.180250136043517,3.06298685785457,1.9989983431502336,-0.4626549865237542,-0.1776657932269097,0.0,0.0036390338928307233,0.012371523366621978,0.0
18.67000000000012,3.1650507624643294,3.0570004724850586,1.9989989663154668,-0.45852138565009015,-0.1849255869102098,0.0,0.009490036088051748,0.008422367441900539,0.0
18.68000000000012,3.1650507624643294,3.0570004724850586,1.9989989663154668,-0.45852138565009015,-0.1849255869102098,0.0,0.0031761189653600652,0.01281454685805554,0.0
18.690000000000122,3.1650507624643294,3.0570004724850586,1.9989989663154668,-0.45852138565009015,-0.1849255869102098,0.0,0.0031596206559177742,0.012795684375206428,0.0
18.700000000000124,3.1650507624643294,3.0570004724850586,1.9989989663154668,-0.45852138565009015,-0.1849255869102098,0.0,0.0031431221855008316,0.012776821717334743,0.0
18.710000000000125,3.149490620037375,3.050563409540151,1.9989985274739728,-0.4562713598767819,-0.19319557824999756,0.0,0.004274329143566102,0.0117647012651251,0.0
18.720000000000127,3.149490620037375,3.050563409540151,1.9989985274739728,-0.4562713598767819,-0.19319557824999756,0.0,0.004258495732371067,0.011744992765540722,0.0
18.73000000000013,3.149490620037375,3.050563409540151,1.9989985274739728,-0.4562713598767819,-0.19319557824999756,0.0,0.0042426621657296985,0.011725284081301777,0.0
18.74000000000013,3.134493357429222,3.0440621548816087,1.9989987814762529,-0.4525651671598832,-0.20050146073947317,0.0,0.0035905773311727903,0.012769877189944592,0.0
18.75000000000013,3.134493357429222,3.0440621548816087,1.9989987814762529,-0.4525651671598832,-0.20050146073947317,0.0,0.0035750484078496693,0.012750521684236347,0.0
18.760000000000133,3.134493357429222,3.0440621548816087,1.9989987814762529,-0.4525651671598832,-0.20050146073947317,0.0,0.0035595193299305682,0.01273116599476384,0.0
18.770000000000135,3.1196027418227343,3.0373136688746283,1.9989987270525227,-0.4496332305278743,-0.20811923609754956,0.0,0.009877641945445362,0.008278008406674215,0.0
18.780000000000136,3.1196027418227343,3.0373136688746283,1.9989987270525227,-0.4496332305278743,-0.20811923609754956,0.0,0.005108138212353899,0.012387430650916388,0.0
18.790000000000138,3.1196027418227343,3.0373136688746283,1.9989987270525227,-0.4496332305278743,-0.20811923609754956,0.0,0.00509310921129424,0.012367832784022256,0.0
18.80000000000014,3.1196027418227343,3.0373136688746283,1.9989987270525227,-0.4496332305278743,-0.20811923609754956,0.0,0.005078080059435176,0.012348234729529643,0.0
18.81000000000014,3.104375949472173,3.030103626343907,1.9989987252080135,-0.4461431227689174,-0.21576959796185946,0.0,0.006444316642133223,0.011983058854784236,0.0
18.820000000000142,3.104375949472173,3.030103626343907,1.9989987252080135,-0.4461431227689174,-0.21576959796185946,0.0,0.006429952513534151,0.011962773862839216,0.0
18.830000000000144,3.104375949472173,3.030103626343907,1.9989987252080135,-0.4461431227689174,-0.21576959796185946,0.0,0.006415588239752702,0.011942488675132815,0.0
18.840000000000146,3.089712868042268,3.022858001943877,1.9989985220102793,-0.44261586792075686,-0.2231274517158147,0.0,0.0055443081863333805,0.013250997461837494,0.0
18.850000000000147,3.089712868042268,3.022858001943877,1.9989985220102793,-0.44261586792075686,-0.2231274517158147,0.0,0.00553018808007071,0.013231233249119834,0.0
18.86000000000015,3.089712868042268,3.022858001943877,1.9989985220102793,-0.44261586792075686,-0.2231274517158147,0.0,0.005516067828909028,0.01321146884293441,0.0
18.87000000000015,3.075170598581834,3.0153717755009324,1.9989981777475596,-0.43880013767008824,-0.23033041956186798,0.0,0.011893552664396479,0.009371241977182442,0.0
18.88000000000015,3.075170598581834,3.0153717755009324,1.9989981777475596,-0.43880013767008824,-0.23033041956186798,0.0,0.004892859158229097,0.014487203541061654,0.0
18.890000000000153,3.075170598581834,3.0153717755009324,1.9989981777475596,-0.43880013767008824,-0.23033041956186798,0.0,0.004879201542165637,0.014467338653470581,0.0
18.900000000000155,3.075170598581834,3.0153717755009324,1.9989981777475596,-0.43880013767008824,-0.23033041956186798,0.0,0.004865543783999573,0.014447473568924651,0.0
18.910000000000156,3.0603346432968386,3.0074335115204662,1.9989988645332533,-0.4348673561177908,-0.2365579148364374,0.0,0.005655925869008115,0.014631993814442329,0.0
18.920000000000158,3.0603346432968386,3.0074335115204662,1.9989988645332533,-0.4348673561177908,-0.2365579148364374,0.0,0.005642910607125928,0.01461158302531045,0.0
18.93000000000016,3.0603346432968386,3.0074335115204662,1.9989988645332533,-0.4348673561177908,-0.2365579148364374,0.0,0.00562989520836496,0.014591172031584837,0.0
18.94000000000016,3.046049943857801,2.9995028067853218,1.9989988374642322,-0.4305891477181377,-0.2449028400296215,0.0,0.0042202514837561406,0.016196638175569846,0.0
18.950000000000163,3.046049943857801,2.9995028067853218,1.9989988374642322,-0.4305891477181377,-0.2449028400296215,0.0,0.004207377905922639,0.016176880775134905,0.0
18.960000000000164,3.046049943857801,2.9995028067853218,1.9989988374642322,-0.4305891477181377,-0.2449028400296215,0.0,0.004194504190242198,0.01615712317320968,0.0
18.970000000000166,3.0319088747284884,2.9912997961416727,1.998998759622175,-0.4265376032450571,-0.2520080970287757,0.0,0.010811739917856838,0.012626293187540577,0.0
18.980000000000167,3.0319088747284884,2.9912997961416727,1.998998759622175,-0.4265376032450571,-0.2520080970287757,0.0,0.003974118207627603,0.016889626324820526,0.0
18.99000000000017,3.0319088747284884,2.9912997961416727,1.998998759622175,-0.4265376032450571,-0.2520080970287757,0.0,0.003961670283315225,0.016869871196023848,0.0
19.00000000000017,3.0319088747284884,2.9912997961416727,1.998998759622175,-0.4265376032450571,-0.2520080970287757,0.0,0.003949222223935986,0.016850115863046113,0.0
19.010000000000172,3.01748036654485,2.982604063956285,1.998998783972927,-0.42229426538670345,-0.2592778113230686,0.0,0.004735094058349742,0.017213448215619973,0.0
19.020000000000174,3.01748036654485,2.982604063956285,1.998998783972927,-0.42229426538670345,-0.2592778113230686,0.0,0.004723290223902739,0.017193263121435508,0.0
19.030000000000175,3.01748036654485,2.982604063956285,1.998998783972927,-0.42229426538670345,-0.2592778113230686,0.0,0.004711486260047378,0.017173077816484143,0.0
19.040000000000177,3.003616441144806,2.9739290230812263,1.9989986673625844,-0.41806515412116463,-0.2662691327929817,0.0,0.0036745872888088215,0.01866369013184966,0.0
19.05000000000018,3.003616441144806,2.9739290230812263,1.9989986673625844,-0.41806515412116463,-0.2662691327929817,0.0,0.003662966912750658,0.01864413762665463,0.0
19.06000000000018,3.003616441144806,2.9739290230812263,1.9989986673625844,-0.41806515412116463,-0.2662691327929817,0.0,0.0036513464074833823,0.0186245849145305,0.0
19.07000000000018,2.989894535982047,2.9650248116034557,1.9989983512212368,-0.4136759515697325,-0.2731589241659151,0.0,0.01042731433003108,0.01546667086250658,0.0
19.080000000000183,2.989894535982047,2.9650248116034557,1.9989983512212368,-0.4136759515697325,-0.2731589241659151,0.0,0.004210062865989036,0.01751167707280471,0.0
19.090000000000185,2.989894535982047,2.9650248116034557,1.9989983512212368,-0.4136759515697325,-0.2731589241659151,0.0,0.004199119176400238,0.017491782871333565,0.0
19.100000000000186,2.989894535982047,2.9650248116034557,1.9989983512212368,-0.4136759515697325,-0.2731589241659151,0.0,0.004188175364021706,0.017471888456579814,0.0
19.110000000000188,2.9759076873591903,2.9556284592004416,1.9989978248726659,-0.4097338608633777,-0.2781498554555322,0.0,0.004562826202410752,0.016116603337681997,0.0
19.12000000000019,2.9759076873591903,2.9556284592004416,1.9989978248726659,-0.4097338608633777,-0.2781498554555322,0.0,0.004552772944090987,0.016095961097749717,0.0
19.13000000000019,2.9759076873591903,2.9556284592004416,1.9989978248726659,-0.4097338608633777,-0.2781498554555322,0.0,0.00454271957218698,0.016075318634027256,0.0
19.140000000000192,2.962438700854734,2.9464063176365363,1.9989986247470735,-0.40663160777709245,-0.28319752646089436,0.0,0.0024615494468611604,0.015362300375028096,0.0
19.150000000000194,2.962438700854734,2.9464063176365363,1.9989986247470735,-0.40663160777709245,-0.28319752646089436,0.0,0.002451781201974213,0.015341982903840926,0.0
19.160000000000196,2.962438700854734,2.9464063176365363,1.9989986247470735,-0.40663160777709245,-0.28319752646089436,0.0,0.002442012845373099,0.0153216652085782,0.0
19.170000000000197,2.9491655940156107,2.9368646938161014,1.998998714822986,-0.3991883477906962,-0.293349370274055,0.0,0.011060462512206872,0.013910966971525097,0.0
19.1800000000002,2.9491655940156107,2.9368646938161014,1.998998714822986,-0.3991883477906962,-0.293349370274055,0.0,0.004655378029631805,0.01592863910031611,0.0
19.1900000000002,2.9491655940156107,2.9368646938161014,1.998998714822986,-0.3991883477906962,-0.293349370274055,0.0,0.004646193399021185,0.015908122775214414,0.0
19.200000000000202,2.9491655940156107,2.9368646938161014,1.998998714822986,-0.3991883477906962,-0.293349370274055,0.0,0.00463700866285503,0.015887606223240616,0.0
19.210000000000203,2.935679372683998,2.9267711998821317,1.9989987940302176,-0.3942326380213063,-0.30016448169292015,0.0,0.00636366275802226,0.015317036143281238,0.0
19.220000000000205,2.935679372683998,2.9267711998821317,1.9989987940302176,-0.3942326380213063,-0.30016448169292015,0.0,0.006355316634698978,0.015295930195421087,0.0
19.230000000000206,2.935679372683998,2.9267711998821317,1.9989987940302176,-0.3942326380213063,-0.30016448169292015,0.0,0.0063469704150176985,0.01527482401288725,0.0
19.240000000000208,2.922753044271207,2.916754528475549,1.998998731242852,-0.3893189940168461,-0.3067033267597968,0.0,0.004946455320300977,0.017066580538187198,0.0
19.25000000000021,2.922753044271207,2.916754528475549,1.998998731242852,-0.3893189940168461,-0.3067033267597968,0.0,0.004938296685423293,0.017045955515101668,0.0
19.26000000000021,2.922753044271207,2.916754528475549,1.998998731242852,-0.3893189940168461,-0.3067033267597968,0.0,0.004930137955215685,0.017025330260239984,0.0
19.270000000000213,2.9099909464377838,2.9065236364118014,1.9989984865349733,-0.3842829780027764,-0.3131504733265833,0.0,0.011969888227837086,0.014572675851310913,0.0
19.280000000000214,2.9099909464377838,2.9065236364118014,1.9989984865349733,-0.3842829780027764,-0.3131504733265833,0.0,0.0049284349984172185,0.017197957641400873,0.0
19.290000000000216,2.9099909464377838,2.9065236364118014,1.9989984865349733,-0.3842829780027764,-0.3131504733265833,0.0,0.004920791964194761,0.01717726451064583,0.0
19.300000000000217,2.9099909464377838,2.9065236364118014,1.9989984865349733,-0.3842829780027764,-0.3131504733265833,0.0,0.004913148839825472,0.01715657114496088,0.0
19.31000000000022,2.897021221943623,2.8957663872166544,1.9989980996219212,-0.37866237553455984,-0.31908246124801615,0.0,0.006598766199952841,0.01681048185424099,0.0
19.32000000000022,2.897021221943623,2.8957663872166544,1.9989980996219212,-0.37866237553455984,-0.31908246124801615,0.0,0.006591923963023093,0.016789334238422226,0.0
19.330000000000222,2.897021221943623,2.8957663872166544,1.9989980996219212,-0.37866237553455984,-0.31908246124801615,0.0,0.006585081644770499,0.016768186380504577,0.0
19.340000000000224,2.884605048427913,2.885147987418315,1.998998136872727,-0.3735232303933345,-0.324166847449882,0.0,0.004186126939774661,0.018400648467060163,0.0
19.350000000000225,2.884605048427913,2.885147987418315,1.998998136872727,-0.3735232303933345,-0.324166847449882,0.0,0.004179356756391606,0.018380111773979895,0.0
19.360000000000227,2.884605048427913,2.885147987418315,1.998998136872727,-0.3735232303933345,-0.324166847449882,0.0,0.004172586491413688,0.018359574842566152,0.0
19.37000000000023,2.872385377686562,2.8743140706835826,1.9989985095475817,-0.36785789763965,-0.3317665926733877,0.0,0.012016309632898584,0.016458790368723317,0.0
19.38000000000023,2.872385377686562,2.8743140706835826,1.9989985095475817,-0.36785789763965,-0.3317665926733877,0.0,0.004648350785979925,0.019504224230723375,0.0
19.39000000000023,2.872385377686562,2.8743140706835826,1.9989985095475817,-0.36785789763965,-0.3317665926733877,0.0,0.004642052406508127,0.019483739053019665,0.0
19.400000000000233,2.872385377686562,2.8743140706835826,1.9989985095475817,-0.36785789763965,-0.3317665926733877,0.0,0.004635753950365523,0.019463253635497207,0.0
19.410000000000235,2.859976587808922,2.8629240012448873,1.9989987547508785,-0.3622241611683508,-0.3380445500401854,0.0,0.005053847781290724,0.01996106747988969,0.0
19.420000000000236,2.859976587808922,2.8629240012448873,1.9989987547508785,-0.3622241611683508,-0.3380445500401854,0.0,0.0050483118667223725,0.019940264597002832,0.0
19.430000000000238,2.859976587808922,2.8629240012448873,1.9989987547508785,-0.3622241611683508,-0.3380445500401854,0.0,0.005042775884180612,0.019919461468508454,0.0
19.44000000000024,2.848117288046972,2.8516660010457238,1.9989987409145662,-0.35667671390317257,-0.3440644910919666,0.0,0.003318708583117432,0.02101369489716052,0.0
19.45000000000024,2.848117288046972,2.8516660010457238,1.9989987409145662,-0.35667671390317257,-0.3440644910919666,0.0,0.0033132420239566644,0.02099348736542795,0.0
19.460000000000242,2.848117288046972,2.8516660010457238,1.9989987409145662,-0.35667671390317257,-0.3440644910919666,0.0,0.0033077753965216053,0.020973279590881973,0.0
19.470000000000244,2.8364432705278824,2.840211336634585,1.9989985502253387,-0.35099704781373764,-0.34996355767232795,0.0,0.010557895220369191,0.01931866436708415,0.0
19.480000000000246,2.8364432705278824,2.840211336634585,1.9989985502253387,-0.35099704781373764,-0.34996355767232795,0.0,0.004213408745395956,0.020847892676512225,0.0
19.490000000000247,2.8364432705278824,2.840211336634585,1.9989985502253387,-0.35099704781373764,-0.34996355767232795,0.0,0.004208624458778928,0.020827445851722276,0.0
19.50000000000025,2.8364432705278824,2.840211336634585,1.9989985502253387,-0.35099704781373764,-0.34996355767232795,0.0,0.004203840111137099,0.02080699877572519,0.0
19.51000000000025,2.824620149135163,2.8282155870222163,1.9989987254839585,-0.34455552629764835,-0.35534778537116796,0.0,0.005780082709743208,0.02030077340813314,0.0
19.520000000000252,2.824620149135163,2.8282155870222163,1.9989987254839585,-0.34455552629764835,-0.35534778537116796,0.0,0.0057762838630599994,0.020279753891846747,0.0
19.530000000000253,2.824620149135163,2.8282155870222163,1.9989987254839585,-0.34455552629764835,-0.35534778537116796,0.0,0.005772484967033589,0.02025873411225334,0.0
19.540000000000255,2.813337413768074,2.8163816420902164,1.9989983421725752,-0.3390853231658077,-0.3613596937025032,0.0,0.004180784797751425,0.021267401833268824,0.0
19.550000000000257,2.813337413768074,2.8163816420902164,1.9989983421725752,-0.3390853231658077,-0.3613596937025032,0.0,0.0041771758618660655,0.021246766792548877,0.0
19.560000000000258,2.813337413768074,2.8163816420902164,1.9989983421725752,-0.3390853231658077,-0.3613596937025032,0.0,0.004173566877990207,0.021226131487067004,0.0
19.57000000000026,2.8022587710915374,2.8043719927421797,1.9989987998229326,-0.3323137161370597,-0.3661801205756521,0.0,0.011088876289855679,0.020368981573674064,0.0
19.58000000000026,2.8022587710915374,2.8043719927421797,1.9989987998229326,-0.3323137161370597,-0.3661801205756521,0.0,0.0035713541672911684,0.022341868947829687,0.0
19.590000000000263,2.8022587710915374,2.8043719927421797,1.9989987998229326,-0.3323137161370597,-0.3661801205756521,0.0,0.003568315805419784,0.022321184692739585,0.0
19.600000000000264,2.8022587710915374,2.8043719927421797,1.9989987998229326,-0.3323137161370597,-0.3661801205756521,0.0,0.0035652774025083252,0.02230050016824298,0.0
19.610000000000266,2.791052843266897,2.791803686992988,1.998998676481522,-0.3266375910670042,-0.37249869193582713,0.0,0.005015597727258608,0.02226889855901345,0.0
19.620000000000267,2.791052843266897,2.791803686992988,1.998998676481522,-0.3266375910670042,-0.37249869193582713,0.0,0.005013460046354762,0.022247814914477627,0.0
19.63000000000027,2.791052843266897,2.791803686992988,1.998998676481522,-0.3266375910670042,-0.37249869193582713,0.0,0.005011322336169877,0.02222673099136615,0.0
19.64000000000027,2.780377774874108,2.779418463044049,1.9989986977954772,-0.320506394972244,-0.3779383164730103,0.0,0.0031801975290060877,0.02388005653570153,0.0
19.650000000000272,2.780377774874108,2.779418463044049,1.9989986977954772,-0.320506394972244,-0.3779383164730103,0.0,0.003178094399527044,0.023859539796488957,0.0
19.660000000000274,2.780377774874108,2.779418463044049,1.9989986977954772,-0.320506394972244,-0.3779383164730103,0.0,0.0031759912407488423,0.023839022781741354,0.0
19.670000000000275,2.7699072813016445,2.7668563510977897,1.998998537292835,-0.3142376364437607,-0.3832126278559383,0.0,0.010522913035719754,0.022978905986127163,0.0
19.680000000000277,2.7699072813016445,2.7668563510977897,1.998998537292835,-0.3142376364437607,-0.3832126278559383,0.0,0.002748345062313931,0.023765919786835087,0.0
19.69000000000028,2.7699072813016445,2.7668563510977897,1.998998537292835,-0.3142376364437607,-0.3832126278559383,0.0,0.0027467298979412737,0.023745484997708042,0.0
19.70000000000028,2.7699072813016445,2.7668563510977897,1.998998537292835,-0.3142376364437607,-0.3832126278559383,0.0,0.0027451147108530317,0.023725049931257576,0.0
19.71000000000028,2.759345476958901,2.753745139742565,1.9989990139437894,-0.3075964608431264,-0.38826623886839257,0.0,0.003762422659869338,0.024937154970843426,0.0
19.720000000000283,2.759345476958901,2.753745139742565,1.9989990139437894,-0.3075964608431264,-0.38826623886839257,0.0,0.003761641712910177,0.024916476304019674,0.0
19.730000000000285,2.759345476958901,2.753745139742565,1.9989990139437894,-0.3075964608431264,-0.38826623886839257,0.0,0.0037608607548779605,0.024895797354725687,0.0
19.740000000000286,2.7492993976017326,2.7408414072208767,1.9989985564630646,-0.3013277121806165,-0.3934678252240427,0.0,0.0013145804071611738,0.02673653931599899,0.0
19.750000000000288,2.7492993976017326,2.7408414072208767,1.9989985564630646,-0.3013277121806165,-0.3934678252240427,0.0,0.0013137069592078622,0.026716550338481727,0.0
19.76000000000029,2.7492993976017326,2.7408414072208767,1.9989985564630646,-0.3013277121806165,-0.3934678252240427,0.0,0.0013128334987475715,0.02669656108546143,0.0
19.77000000000029,2.7394661639284426,2.7277737064247702,1.9989983387476284,-0.29479501723791923,-0.3983252868011369,0.0,0.008651392744292493,0.026233165395898636,0.0
19.780000000000292,2.7394661639284426,2.7277737064247702,1.9989983387476284,-0.29479501723791923,-0.3983252868011369,0.0,0.00021785392243761303,0.028097925525622413,0.0
19.790000000000294,2.7394661639284426,2.7277737064247702,1.9989983387476284,-0.29479501723791923,-0.3983252868011369,0.0,0.00021738346763754422,0.028078131435980255,0.0
19.800000000000296,2.7394661639284426,2.7277737064247702,1.9989983387476284,-0.29479501723791923,-0.3983252868011369,0.0,0.00021691300605628566,0.02805833707203635,0.0
19.810000000000297,2.729573481752906,2.7141566516685054,1.9989990477416104,-0.2876527112653234,-0.4030165178353991,0.0,0.000869253722967454,0.02938431030928058,0.0
19.8200000000003,2.729573481752906,2.7141566516685054,1.9989990477416104,-0.2876527112653234,-0.4030165178353991,0.0,0.0008695566316848311,0.029364401872212818,0.0
19.8300000000003,2.729573481752906,2.7141566516685054,1.9989990477416104,-0.2876527112653234,-0.4030165178353991,0.0,0.000869859544784457,0.029344493158764702,0.0
19.840000000000302,2.7201881023280325,2.7007678471731245,1.998998568632291,-0.28115319623827956,-0.40801228037118814,0.0,-0.001029138056148978,0.03028078994718062,0.0
19.850000000000303,2.7201881023280325,2.7007678471731245,1.998998568632291,-0.28115319623827956,-0.40801228037118814,0.0,-0.001028953521295827,0.03026158070586796,0.0
19.860000000000305,2.7201881023280325,2.7007678471731245,1.998998568632291,-0.28115319623827956,-0.40801228037118814,0.0,-0.0010287689837637831,0.03024237119686937,0.0
19.870000000000307,2.7110252138877615,2.6872249926762724,1.9989984356957822,-0.2743239512150696,-0.41253755375554607,0.0,0.006340622437853043,0.030196722388189143,0.0
19.880000000000308,2.7110252138877615,2.6872249926762724,1.9989984356957822,-0.2743239512150696,-0.41253755375554607,0.0,-0.0007084270054849174,0.03054664795350263,0.0
19.89000000000031,2.7110252138877615,2.6872249926762724,1.9989984356957822,-0.2743239512150696,-0.41253755375554607,0.0,-0.0007076273355444096,0.030527465371227303,0.0
19.90000000000031,2.7110252138877615,2.6872249926762724,1.9989984356957822,-0.2743239512150696,-0.41253755375554607,0.0,-0.0007068276539850088,0.030508282521503862,0.0
19.910000000000313,2.7018262537977438,2.673127658675508,1.998998705355557,-0.2674177806701492,-0.41721547088676875,0.0,0.0009068410725748392,0.029849110170675992,0.0
19.920000000000314,2.7018262537977438,2.673127658675508,1.998998705355557,-0.2674177806701492,-0.41721547088676875,0.0,0.0009086258787141425,0.02982965672654984,0.0
19.930000000000316,2.7018262537977438,2.673127658675508,1.998998705355557,-0.2674177806701492,-0.41721547088676875,0.0,0.0009104107108335682,0.029810203010609816,0.0
19.940000000000317,2.6931194604796462,2.6592866847496524,1.9989987083341343,-0.2605203588271304,-0.4215666686565665,0.0,-0.0004191122751463247,0.030351025483629432,0.0
19.95000000000032,2.6931194604796462,2.6592866847496524,1.9989987083341343,-0.2605203588271304,-0.4215666686565665,0.0,-0.0004173234289325426,0.030332107520613272,0.0
19.96000000000032,2.6931194604796462,2.6592866847496524,1.9989987083341343,-0.2605203588271304,-0.4215666686565665,0.0,-0.0004155345565931445,0.03031318929227569,0.0
19.970000000000322,2.684639773456933,2.6453015072392336,1.9989985221798563,-0.2535924423700272,-0.4258619726058079,0.0,0.006988094612297464,0.030568071224545048,0.0
19.980000000000324,2.684639773456933,2.6453015072392336,1.9989985221798563,-0.2535924423700272,-0.4258619726058079,0.0,-0.0001009250545842135,0.030874515744085156,0.0
19.990000000000325,2.684639773456933,2.6453015072392336,1.9989985221798563,-0.2535924423700272,-0.4258619726058079,0.0,-9.862299558921489e-05,0.030855740118862756,0.0
20.000000000000327,2.684639773456933,2.6453015072392336,1.9989985221798563,-0.2535924423700272,-0.4258619726058079,0.0,-9.632090286419785e-05,0.030836964229586778,0.0
20.01000000000033,2.6761451422087976,2.630749007076769,1.9989982136857147,-0.2462446484628224,-0.4299358163134484,0.0,0.0011466707436236514,0.03178605455622823,0.0
20.02000000000033,2.6761451422087976,2.630749007076769,1.9989982136857147,-0.2462446484628224,-0.4299358163134484,0.0,0.0011498813056149805,0.0317671408024605,0.0
20.03000000000033,2.6761451422087976,2.630749007076769,1.9989982136857147,-0.2462446484628224,-0.4299358163134484,0.0,0.001153091914890031,0.03174822678176531,0.0
20.040000000000333,2.6681473287881143,2.616500591170397,1.9989984251349215,-0.23910563890030476,-0.43415194368276677,0.0,-0.0005738223831895031,0.03218502357177345,0.0
20.050000000000335,2.6681473287881143,2.616500591170397,1.9989984251349215,-0.23910563890030476,-0.43415194368276677,0.0,-0.0005707369802336574,0.03216672710293215,0.0
20.060000000000336,2.6681473287881143,2.616500591170397,1.9989984251349215,-0.23910563890030476,-0.43415194368276677,0.0,-0.000567651531443533,0.03214843037340381,0.0
20.070000000000338,2.6603833089124356,2.6021144935444713,1.9989982933790469,-0.2315734225135708,-0.43744956370487176,0.0,0.006500126732552448,0.032956281132881036,0.0
20.08000000000034,2.6603833089124356,2.6021144935444713,1.9989982933790469,-0.2315734225135708,-0.43744956370487176,0.0,-0.0011525697230103495,0.03268077512874221,0.0
20.09000000000034,2.6603833089124356,2.6021144935444713,1.9989982933790469,-0.2315734225135708,-0.43744956370487176,0.0,-0.0011490525130347224,0.03266269666837319,0.0
20.100000000000342,2.6603833089124356,2.6021144935444713,1.9989982933790469,-0.2315734225135708,-0.43744956370487176,0.0,-0.0011455352504097906,0.03264461794854324,0.0
20.110000000000344,2.652637006312678,2.587171398433615,1.998998682542321,-0.22437889738729977,-0.4416650682413349,0.0,5.3378145124407964e-05,0.033474201256632446,0.0
20.120000000000346,2.652637006312678,2.587171398433615,1.998998682542321,-0.22437889738729977,-0.4416650682413349,0.0,5.7745275760660566e-05,0.03345608700928925,0.0
20.130000000000347,2.652637006312678,2.587171398433615,1.998998682542321,-0.22437889738729977,-0.4416650682413349,0.0,6.211247224024382e-05,0.03343797250045303,0.0
20.14000000000035,2.6453552509091285,2.57253197923901,1.9989987750494869,-0.21713430159979366,-0.44541914745640565,0.0,-0.0010217302029838157,0.03393984369558332,0.0
20.15000000000035,2.6453552509091285,2.57253197923901,1.9989987750494869,-0.21713430159979366,-0.44541914745640565,0.0,-0.001017587518080316,0.03392242487156867,0.0
20.160000000000352,2.6453552509091285,2.57253197923901,1.9989987750494869,-0.21713430159979366,-0.44541914745640565,0.0,-0.0010134447702102878,0.0339050057937501,0.0
20.170000000000353,2.638314048707759,2.5577713800021673,1.9989986720839248,-0.20982024256393345,-0.44904373598720027,0.0,0.006371317336639202,0.03486480740107255,0.0
20.180000000000355,2.638314048707759,2.5577713800021673,1.9989986720839248,-0.20982024256393345,-0.44904373598720027,0.0,-0.0011903061673964304,0.03501687268005755,0.0
20.190000000000357,2.638314048707759,2.5577713800021673,1.9989986720839248,-0.20982024256393345,-0.44904373598720027,0.0,-0.0011857779082259721,0.03499976301520382,0.0
20.200000000000358,2.638314048707759,2.5577713800021673,1.9989986720839248,-0.20982024256393345,-0.44904373598720027,0.0,-0.0011812495798265547,0.03498265309983411,0.0
20.21000000000036,2.6313134010685597,2.5424414875608408,1.998998399042107,-0.20219649260829822,-0.45259157488360713,0.0,-0.0007123669313652254,0.03547349210408063,0.0
20.22000000000036,2.6313134010685597,2.5424414875608408,1.998998399042107,-0.20219649260829822,-0.45259157488360713,0.0,-0.0007070327073461687,0.035456452553896456,0.0
20.230000000000363,2.6313134010685597,2.5424414875608408,1.998998399042107,-0.20219649260829822,-0.45259157488360713,0.0,-0.0007016984014064122,0.035439412753399034,0.0
20.240000000000364,2.6247685641961644,2.527454170689724,1.9989980328327865,-0.19474231719067206,-0.4553067439073562,0.0,-0.0030857632545863802,0.0355801817722134,0.0
20.250000000000366,2.6247685641961644,2.527454170689724,1.9989980328327865,-0.19474231719067206,-0.4553067439073562,0.0,-0.003080662199845057,0.03556375539928027,0.0
20.260000000000367,2.6247685641961644,2.527454170689724,1.9989980328327865,-0.19474231719067206,-0.4553067439073562,0.0,-0.0030755610665700417,0.03554732878423786,0.0
20.27000000000037,2.6184599175705245,2.5123916923670335,1.9989986205572352,-0.18713789157675406,-0.45757592861892094,0.0,0.0037638989793317454,0.03688927182534146,0.0
20.28000000000037,2.6184599175705245,2.5123916923670335,1.9989986205572352,-0.18713789157675406,-0.45757592861892094,0.0,-0.003659359322268469,0.03477749245408047,0.0
20.290000000000372,2.6184599175705245,2.5123916923670335,1.9989986205572352,-0.18713789157675406,-0.45757592861892094,0.0,-0.003653672388790973,0.034761004827359124,0.0
20.300000000000374,2.6184599175705245,2.5123916923670335,1.9989986205572352,-0.18713789157675406,-0.45757592861892094,0.0,-0.003647985367750471,0.03474451695769487,0.0
20.310000000000375,2.612238859215794,2.496748568585644,1.9989987206181186,-0.17924224080171805,-0.4618152313681349,0.0,-0.0013769535524523722,0.03440807881161632,0.0
20.320000000000377,2.612238859215794,2.496748568585644,1.9989987206181186,-0.17924224080171805,-0.4618152313681349,0.0,-0.0013702460378567103,0.03439133859213024,0.0
20.33000000000038,2.612238859215794,2.496748568585644,1.9989987206181186,-0.17924224080171805,-0.4618152313681349,0.0,-0.001363538419729373,0.03437459812559939,0.0
20.34000000000038,2.606452861480799,2.481457234618973,1.9989987904348738,-0.1716395406506472,-0.464807521111333,0.0,-0.002120600825558588,0.03345109249197862,0.0
20.35000000000038,2.606452861480799,2.481457234618973,1.9989987904348738,-0.1716395406506472,-0.464807521111333,0.0,-0.002113972005623213,0.033434628718798466,0.0
20.360000000000383,2.606452861480799,2.481457234618973,1.9989987904348738,-0.1716395406506472,-0.464807521111333,0.0,-0.0021073430831297047,0.03341816470166489,0.0
20.370000000000385,2.6009186606532837,2.4660694548327022,1.9989987466974368,-0.16399041882682597,-0.46768308440751244,0.0,0.005137365287441938,0.03506011145881506,0.0
20.380000000000386,2.6009186606532837,2.4660694548327022,1.9989987466974368,-0.16399041882682597,-0.46768308440751244,0.0,-0.00141365463884975,0.03335484507770518,0.0
20.390000000000388,2.6009186606532837,2.4660694548327022,1.9989987466974368,-0.16399041882682597,-0.46768308440751244,0.0,-0.0014065162481530105,0.03333844819003662,0.0
20.40000000000039,2.6009186606532837,2.4660694548327022,1.9989987466974368,-0.16399041882682597,-0.46768308440751244,0.0,-0.0013993777469229552,0.033322051059303914,0.0
20.41000000000039,2.5954816536293346,2.4501185145974773,1.9989985294694985,-0.15606531241471894,-0.4705260037425184,0.0,0.0001791346243442816,0.03314626389566381,0.0
20.420000000000393,2.5954816536293346,2.4501185145974773,1.9989985294694985,-0.15606531241471894,-0.4705260037425184,0.0,0.00018721663273778586,0.033129759563348106,0.0
20.430000000000394,2.5954816536293346,2.4501185145974773,1.9989985294694985,-0.15606531241471894,-0.4705260037425184,0.0,0.0001952987663559683,0.03311325498647782,0.0
20.440000000000396,2.590463859904097,2.4345490760261517,1.9989981477369103,-0.14827376322332325,-0.47297221476197787,0.0,-0.0017568242024692518,0.03288671195419079,0.0
20.450000000000397,2.590463859904097,2.4345490760261517,1.9989981477369103,-0.14827376322332325,-0.47297221476197787,0.0,-0.0017489385260039798,0.03287059726334885,0.0
20.4600000000004,2.590463859904097,2.4345490760261517,1.9989981477369103,-0.14827376322332325,-0.47297221476197787,0.0,-0.001741052727984125,0.03285448233491161,0.0
20.4700000000004,2.5856611822609104,2.4189355340526015,1.9989986958610195,-0.14296527601863518,-0.47331184215471855,0.0,0.004325606410528083,0.03365512722673385,0.0
20.480000000000402,2.5856611822609104,2.4189355340526015,1.9989986958610195,-0.14296527601863518,-0.47331184215471855,0.0,-0.0030174805174380476,0.032010407257821054,0.0
20.490000000000403,2.5856611822609104,2.4189355340526015,1.9989986958610195,-0.14296527601863518,-0.47331184215471855,0.0,-0.0030091837576522182,0.03199444168842586,0.0
20.500000000000405,2.5856611822609104,2.4189355340526015,1.9989986958610195,-0.14296527601863518,-0.47331184215471855,0.0,-0.0030008868704408075,0.03197847588458403,0.0
20.510000000000407,2.580992368125874,2.402758990026188,1.9989986192019427,-0.13232346419910204,-0.4773424480367413,0.0,-0.0013818502980919422,0.03389644706626644,0.0
20.520000000000408,2.580992368125874,2.402758990026188,1.9989986192019427,-0.13232346419910204,-0.4773424480367413,0.0,-0.0013726763544153866,0.03388048194478055,0.0
20.53000000000041,2.580992368125874,2.402758990026188,1.9989986192019427,-0.13232346419910204,-0.4773424480367413,0.0,-0.0013635022699788934,0.0338645165900274,0.0
20.54000000000041,2.5767593047231077,2.386968229704768,1.9989987578580641,-0.12445116893852001,-0.47956288388467516,0.0,-0.0031600239711785504,0.035066459982068796,0.0
20.550000000000413,2.5767593047231077,2.386968229704768,1.9989987578580641,-0.12445116893852001,-0.47956288388467516,0.0,-0.003151164007904614,0.03505098086124357,0.0
20.560000000000414,2.5767593047231077,2.386968229704768,1.9989987578580641,-0.12445116893852001,-0.47956288388467516,0.0,-0.003142303909026521,0.035035501515092986,0.0
20.570000000000416,2.5727866973234095,2.371106624978051,1.9989987655370425,-0.11654488700414871,-0.48166125195835235,0.0,0.0039050557116192333,0.0373044434467626,0.0
20.580000000000418,2.5727866973234095,2.371106624978051,1.9989987655370425,-0.11654488700414871,-0.48166125195835235,0.0,-0.003581669559941106,0.03569927023355012,0.0
20.59000000000042,2.5727866973234095,2.371106624978051,1.9989987655370425,-0.11654488700414871,-0.48166125195835235,0.0,-0.0035724508351629896,0.03568405338385868,0.0
20.60000000000042,2.5727866973234095,2.371106624978051,1.9989987655370425,-0.11654488700414871,-0.48166125195835235,0.0,-0.00356323196919979,0.03566883631292227,0.0
20.610000000000422,2.5689672511662462,2.354694439846374,1.9989986095182684,-0.10836377727266516,-0.4836924124829037,0.0,-0.0038445363145413435,0.03709320162385092,0.0
20.620000000000424,2.5689672511662462,2.354694439846374,1.9989986095182684,-0.10836377727266516,-0.4836924124829037,0.0,-0.0038345217890015534,0.0370781283170639,0.0
20.630000000000425,2.5689672511662462,2.354694439846374,1.9989986095182684,-0.10836377727266516,-0.4836924124829037,0.0,-0.0038245071100976077,0.03706305479216934,0.0
20.640000000000427,2.5655270951707747,2.33870342091246,1.9989982193150213,-0.1003615982511007,-0.4853204269812083,0.0,-0.005502769351204863,0.03824952902029764,0.0
20.65000000000043,2.5655270951707747,2.33870342091246,1.9989982193150213,-0.1003615982511007,-0.4853204269812083,0.0,-0.005493091657979565,0.038234910150611416,0.0
20.66000000000043,2.5655270951707747,2.33870342091246,1.9989982193150213,-0.1003615982511007,-0.4853204269812083,0.0,-0.005483413816680917,0.038220291069784966,0.0
20.67000000000043,2.5623525316980307,2.322676620368667,1.9989984817914423,-0.0924723452829421,-0.4868630377753587,0.0,0.001371142755632617,0.04068209784924533,0.0
20.680000000000433,2.5623525316980307,2.322676620368667,1.9989984817914423,-0.0924723452829421,-0.4868630377753587,0.0,-0.005347751527872527,0.038202094054059645,0.0
20.690000000000435,2.5623525316980307,2.322676620368667,1.9989984817914423,-0.0924723452829421,-0.4868630377753587,0.0,-0.0053375563184704005,0.03818744937779198,0.0
20.700000000000436,2.5623525316980307,2.322676620368667,1.9989984817914423,-0.0924723452829421,-0.4868630377753587,0.0,-0.005327360953992197,0.03817280449173127,0.0
20.710000000000438,2.5593556122381327,2.306106442047254,1.9989988276147053,-0.08405942872636188,-0.4879429725518991,0.0,-0.0040473491041799585,0.038687681577475874,0.0
20.72000000000044,2.5593556122381327,2.306106442047254,1.9989988276147053,-0.08405942872636188,-0.4879429725518991,0.0,-0.004036180349826751,0.038672928451022354,0.0
20.73000000000044,2.5593556122381327,2.306106442047254,1.9989988276147053,-0.08405942872636188,-0.4879429725518991,0.0,-0.004025011426573083,0.038658175115376885,0.0
20.740000000000443,2.5567168101115514,2.2899724298767374,1.9989986408761335,-0.0760471550218024,-0.48954176292774376,0.0,-0.005744889482222395,0.038666408068894154,0.0
20.750000000000444,2.5567168101115514,2.2899724298767374,1.9989986408761335,-0.0760471550218024,-0.48954176292774376,0.0,-0.005733953508312407,0.03865186985696312,0.0
20.760000000000446,2.5567168101115514,2.2899724298767374,1.9989986408761335,-0.0760471550218024,-0.48954176292774376,0.0,-0.005723017370572047,0.038637331440947546,0.0
20.770000000000447,2.5543446220919566,2.2737950832777014,1.9989987383408814,-0.06796170914374063,-0.49084075925243914,0.0,0.0010674446170759473,0.041426464266240144,0.0
20.78000000000045,2.5543446220919566,2.2737950832777014,1.9989987383408814,-0.06796170914374063,-0.49084075925243914,0.0,-0.006021379818346314,0.038916342806438596,0.0
20.79000000000045,2.5543446220919566,2.2737950832777014,1.9989987383408814,-0.06796170914374063,-0.49084075925243914,0.0,-0.006010030399185514,0.0389019509796582,0.0
20.800000000000452,2.5543446220919566,2.2737950832777014,1.9989987383408814,-0.06796170914374063,-0.49084075925243914,0.0,-0.005998680811084241,0.038887558952707166,0.0
20.810000000000453,2.5521800219124846,2.2570853021111716,1.9989986233048125,-0.05960825314121551,-0.4920261870894256,0.0,-0.005459574783591488,0.03969267765687822,0.0
20.820000000000455,2.5521800219124846,2.2570853021111716,1.9989986233048125,-0.05960825314121551,-0.4920261870894256,0.0,-0.00544735386960384,0.039678350184869204,0.0
20.830000000000457,2.5521800219124846,2.2570853021111716,1.9989986233048125,-0.05960825314121551,-0.4920261870894256,0.0,-0.005435132774872386,0.03966402251599373,0.0
20.840000000000458,2.5503513321333826,2.2408352584802236,1.9989983067223982,-0.05143263801984397,-0.49247829609140525,0.0,-0.0070772638929634665,0.03947889470200334,0.0
20.85000000000046,2.5503513321333826,2.2408352584802236,1.9989983067223982,-0.05143263801984397,-0.49247829609140525,0.0,-0.007065389884740109,0.0394649017025582,0.0
20.86000000000046,2.5503513321333826,2.2408352584802236,1.9989983067223982,-0.05143263801984397,-0.49247829609140525,0.0,-0.007053515702390487,0.03945090851238594,0.0
20.870000000000463,2.5487893282767184,2.224570010102435,1.9989984482232512,-0.04347475469246714,-0.49367190642947134,0.0,-0.0002745351856217312,0.042406976558472996,0.0
20.880000000000464,2.5487893282767184,2.224570010102435,1.9989984482232512,-0.04347475469246714,-0.49367190642947134,0.0,-0.007293368186054028,0.03999527473853971,0.0
20.890000000000466,2.5487893282767184,2.224570010102435,1.9989984482232512,-0.04347475469246714,-0.49367190642947134,0.0,-0.0072811635440467775,0.03998154016351924,0.0
20.900000000000468,2.5487893282767184,2.224570010102435,1.9989984482232512,-0.04347475469246714,-0.49367190642947134,0.0,-0.007268958723792928,0.03996780540263358,0.0
20.91000000000047,2.54745732409986,2.207773367014848,1.998998373642969,-0.03512301128858083,-0.49431063876276005,0.0,-0.006488587504322793,0.040224886045399956,0.0
20.92000000000047,2.54745732409986,2.207773367014848,1.998998373642969,-0.03512301128858083,-0.49431063876276005,0.0,-0.006475567833134679,0.0402113311078196,0.0
20.930000000000472,2.54745732409986,2.207773367014848,1.998998373642969,-0.03512301128858083,-0.49431063876276005,0.0,-0.0064625479723231585,0.040197775988175685,0.0
20.940000000000474,2.546438516469163,2.1914603770090015,1.998998566274361,-0.026915156117394076,-0.49480756556823907,0.0,-0.009559775714933626,0.04006644834869767,0.0
20.950000000000475,2.546438516469163,2.1914603770090015,1.998998566274361,-0.026915156117394076,-0.49480756556823907,0.0,-0.009547216753215525,0.040053308480103925,0.0
20.960000000000477,2.546438516469163,2.1914603770090015,1.998998566274361,-0.026915156117394076,-0.49480756556823907,0.0,-0.009534657609538907,0.04004016843595176,0.0
20.97000000000048,2.5456895626087257,2.1751278438241624,1.998998643732164,-0.0187264864483255,-0.4951336610278162,0.0,-0.0031441469106582433,0.04330961898768662,0.0
20.98000000000048,2.5456895626087257,2.1751278438241624,1.998998643732164,-0.0187264864483255,-0.4951336610278162,0.0,-0.009987671035099229,0.040566750500358954,0.0
20.99000000000048,2.5456895626087257,2.1751278438241624,1.998998643732164,-0.0187264864483255,-0.4951336610278162,0.0,-0.009974839592334514,0.04055393700464518,0.0
21.000000000000483,2.5456895626087257,2.1751278438241624,1.998998643732164,-0.0187264864483255,-0.4951336610278162,0.0,-0.009962007963929598,0.04054112333853465,0.0
21.010000000000485,2.5452005499386594,2.1582869429442355,1.9989985830223587,-0.010286190696014769,-0.495460134393565,0.0,-0.009560050462854764,0.041639592711722496,0.0
21.020000000000486,2.5452005499386594,2.1582869429442355,1.9989985830223587,-0.010286190696014769,-0.495460134393565,0.0,-0.009546473524239627,0.041627062213142246,0.0
21.030000000000488,2.5452005499386594,2.1582869429442355,1.9989985830223587,-0.010286190696014769,-0.495460134393565,0.0,-0.009532896389372006,0.04161453154927831,0.0
21.04000000000049,2.5450000475835943,2.141943699948985,1.9989987444090584,-0.00214572467867463,-0.4946103600001424,0.0,-0.012942324718361636,0.040639717121490525,0.0
21.05000000000049,2.5450000475835943,2.141943699948985,1.9989987444090584,-0.00214572467867463,-0.4946103600001424,0.0,-0.012929225353774167,0.04062751254024016,0.0
21.060000000000493,2.5450000475835943,2.141943699948985,1.9989987444090584,-0.00214572467867463,-0.4946103600001424,0.0,-0.012916125800232341,0.04061530779804115,0.0
21.070000000000494,2.545066013206512,2.125599765716059,1.9989986962907305,0.0059397370042776655,-0.4955207061985648,0.0,-0.006202561295371596,0.04405093428172664,0.0
21.080000000000496,2.545066013206512,2.125599765716059,1.9989986962907305,0.0059397370042776655,-0.4955207061985648,0.0,-0.012554320363270394,0.03983472533515333,0.0
21.090000000000497,2.545066013206512,2.125599765716059,1.9989986962907305,0.0059397370042776655,-0.4955207061985648,0.0,-0.012540801456280783,0.03982250963871599,0.0
21.1000000000005,2.545066013206512,2.125599765716059,1.9989986962907305,0.0059397370042776655,-0.4955207061985648,0.0,-0.012527282353592137,0.039810293780744854,0.0
21.1100000000005,2.5454147501680118,2.1087529649124983,1.9989985338892877,0.014328300606139807,-0.49542637474851353,0.0,-0.011627964199037734,0.039988700833702005,0.0
21.120000000000502,2.5454147501680118,2.1087529649124983,1.9989985338892877,0.014328300606139807,-0.49542637474851353,0.0,-0.011613553055233856,0.03997647073205623,0.0
21.130000000000503,2.5454147501680118,2.1087529649124983,1.9989985338892877,0.014328300606139807,-0.49542637474851353,0.0,-0.011599141701857642,0.03996424046889357,0.0
21.140000000000505,2.546025977006254,2.092408889720698,1.9989983006246477,0.02246636916353488,-0.4950443846976338,0.0,-0.013183178290603696,0.038819360895953996,0.0
21.150000000000507,2.546025977006254,2.092408889720698,1.9989983006246477,0.02246636916353488,-0.4950443846976338,0.0,-0.013169128493180736,0.038807169620141344,0.0
21.160000000000508,2.546025977006254,2.092408889720698,1.9989983006246477,0.02246636916353488,-0.4950443846976338,0.0,-0.013155078490218268,0.038794978181670596,0.0
21.17000000000051,2.5469072111927096,2.076085637268006,1.9989984092204902,0.030679178995378868,-0.4945168263496435,0.0,-0.0071643886210176755,0.04259765229211165,0.0
21.18000000000051,2.5469072111927096,2.076085637268006,1.9989984092204902,0.030679178995378868,-0.4945168263496435,0.0,-0.01314801616149261,0.0387236136802005,0.0
21.190000000000513,2.5469072111927096,2.076085637268006,1.9989984092204902,0.030679178995378868,-0.4945168263496435,0.0,-0.013133635828550835,0.03871154858019261,0.0
21.200000000000514,2.5469072111927096,2.076085637268006,1.9989984092204902,0.030679178995378868,-0.4945168263496435,0.0,-0.013119255283904657,0.03869948331849249,0.0
21.210000000000516,2.548098019507901,2.0592809648473156,1.9989986093935481,0.03911868134165959,-0.4940044128800983,0.0,-0.012120419388968075,0.03947127966733815,0.0
21.220000000000518,2.548098019507901,2.0592809648473156,1.9989986093935481,0.03911868134165959,-0.4940044128800983,0.0,-0.012105227232973862,0.039459360339617826,0.0
21.23000000000052,2.548098019507901,2.0592809648473156,1.9989986093935481,0.03911868134165959,-0.4940044128800983,0.0,-0.012090034851718492,0.03944744085207884,0.0
21.24000000000052,2.54952765734292,2.042993926949895,1.9989987675111678,0.047258770236350965,-0.4929709716761599,0.0,-0.013873674234350816,0.03876364780941884,0.0
21.250000000000522,2.54952765734292,2.042993926949895,1.9989987675111678,0.047258770236350965,-0.4929709716761599,0.0,-0.013858937823443006,0.03875188369265307,0.0
21.260000000000524,2.54952765734292,2.042993926949895,1.9989987675111678,0.047258770236350965,-0.4929709716761599,0.0,-0.01384420119267787,0.0387401194165647,0.0
21.270000000000525,2.5512256676800926,2.0267322294367287,1.998998711500026,0.05539089727660027,-0.49240347634798926,0.0,-0.007884724734982808,0.04275164098728452,0.0
21.280000000000527,2.5512256676800926,2.0267322294367287,1.998998711500026,0.05539089727660027,-0.49240347634798926,0.0,-0.014093927326780446,0.03965587783008296,0.0
21.29000000000053,2.5512256676800926,2.0267322294367287,1.998998711500026,0.05539089727660027,-0.49240347634798926,0.0,-0.014078930898706756,0.039644361895824355,0.0
21.30000000000053,2.5512256676800926,2.0267322294367287,1.998998711500026,0.05539089727660027,-0.49240347634798926,0.0,-0.014063934245964067,0.03963284580565415,0.0
21.31000000000053,2.5532552141709126,2.0100057311669506,1.9989986226207594,0.06374886613844231,-0.49151605175848323,0.0,-0.01349769610594638,0.04096097515994431,0.0
21.320000000000533,2.5532552141709126,2.0100057311669506,1.9989986226207594,0.06374886613844231,-0.49151605175848323,0.0,-0.013481964423261708,0.04094975146403813,0.0
21.330000000000535,2.5532552141709126,2.0100057311669506,1.9989986226207594,0.06374886613844231,-0.49151605175848323,0.0,-0.013466232504105655,0.04093852761710691,0.0
21.340000000000536,2.555496295209328,1.9938042054989125,1.998998368229746,0.07182534934062909,-0.4904042291024706,0.0,-0.015468848858543782,0.040893657823798855,0.0
21.350000000000538,2.555496295209328,1.9938042054989125,1.998998368229746,0.07182534934062909,-0.4904042291024706,0.0,-0.015453665618257041,0.04088270986639175,0.0
21.36000000000054,2.555496295209328,1.9938042054989125,1.998998368229746,0.07182534934062909,-0.4904042291024706,0.0,-0.015438482149313364,0.04087176176101478,0.0
21.37000000000054,2.5580020086812256,1.9776557813029152,1.9989985393037328,0.07979276201014689,-0.4878288457479158,0.0,-0.010527200601835002,0.04493388723660456,0.0
21.380000000000543,2.5580020086812256,1.9776557813029152,1.9989985393037328,0.07979276201014689,-0.4878288457479158,0.0,-0.016738153423459943,0.04126123963620562,0.0
21.390000000000544,2.5580020086812256,1.9776557813029152,1.9989985393037328,0.07979276201014689,-0.4878288457479158,0.0,-0.016722782094010832,0.041250637491115794,0.0
21.400000000000546,2.5580020086812256,1.9776557813029152,1.9989985393037328,0.07979276201014689,-0.4878288457479158,0.0,-0.016707410532378127,0.04124003520300103,0.0
21.410000000000547,2.560866873928144,1.9610681973888038,1.9989984424730183,0.08836587943545439,-0.4875572148980956,0.0,-0.015676755378803586,0.04254985617495566,0.0
21.42000000000055,2.560866873928144,1.9610681973888038,1.9989984424730183,0.08836587943545439,-0.4875572148980956,0.0,-0.015660709410410527,0.04253966127831659,0.0
21.43000000000055,2.560866873928144,1.9610681973888038,1.9989984424730183,0.08836587943545439,-0.4875572148980956,0.0,-0.01564466319837447,0.04252946624482628,0.0
21.440000000000552,2.563919392915068,1.9450100330865299,1.998998671829178,0.09641628190779047,-0.4859843396132195,0.0,-0.01825293591134631,0.04212978176122091,0.0
21.450000000000554,2.563919392915068,1.9450100330865299,1.998998671829178,0.09641628190779047,-0.4859843396132195,0.0,-0.018237402129240972,0.042119828995952034,0.0
21.460000000000555,2.563919392915068,1.9450100330865299,1.998998671829178,0.09641628190779047,-0.4859843396132195,0.0,-0.01822186810987755,0.04210987609583565,0.0
21.470000000000557,2.5672369110426327,1.9290011950522743,1.9989987678859127,0.10441254759661199,-0.4843431300584123,0.0,-0.01288569443319619,0.046323474161021186,0.0
21.480000000000558,2.5672369110426327,1.9290011950522743,1.9989987678859127,0.10441254759661199,-0.4843431300584123,0.0,-0.01741779868453734,0.042735547417277794,0.0
21.49000000000056,2.5672369110426327,1.9290011950522743,1.9989987678859127,0.10441254759661199,-0.4843431300584123,0.0,-0.01740185052256458,0.042725775915580036,0.0
21.50000000000056,2.5672369110426327,1.9290011950522743,1.9989987678859127,0.10441254759661199,-0.4843431300584123,0.0,-0.017385902115455917,0.042716004281358064,0.0
21.510000000000563,2.5709311118329525,1.912563388112141,1.9989987386945305,0.11264869977628532,-0.4826156375228567,0.0,-0.016300438336923392,0.04350473119033422,0.0
21.520000000000564,2.5709311118329525,1.912563388112141,1.9989987386945305,0.11264869977628532,-0.4826156375228567,0.0,-0.0162836192674618,0.043495232720221204,0.0
21.530000000000566,2.5709311118329525,1.912563388112141,1.9989987386945305,0.11264869977628532,-0.4826156375228567,0.0,-0.016266799938094333,0.04348573412217161,0.0
21.540000000000568,2.574783881821208,1.8966677380736727,1.9989985360877054,0.1206107334227253,-0.48080375961990385,0.0,-0.0168531392034471,0.04272127640280661,0.0
21.55000000000057,2.574783881821208,1.8966677380736727,1.9989985360877054,0.1206107334227253,-0.48080375961990385,0.0,-0.01683666103104753,0.042711882787815986,0.0
21.56000000000057,2.574783881821208,1.8966677380736727,1.9989985360877054,0.1206107334227253,-0.48080375961990385,0.0,-0.01682018260263658,0.04270248904486839,0.0
21.570000000000572,2.578898194511735,1.8808364639255037,1.9989981773511056,0.1284840960607629,-0.47869781923809285,0.0,-0.011788162617418574,0.047034799630125496,0.0
21.580000000000574,2.578898194511735,1.8808364639255037,1.9989981773511056,0.1284840960607629,-0.47869781923809285,0.0,-0.017036362825676242,0.04343475913611565,0.0
21.590000000000575,2.578898194511735,1.8808364639255037,1.9989981773511056,0.1284840960607629,-0.47869781923809285,0.0,-0.017019566203358944,0.04342566248888433,0.0
21.600000000000577,2.578898194511735,1.8808364639255037,1.9989981773511056,0.1284840960607629,-0.47869781923809285,0.0,-0.017002769319529657,0.04341656571848404,0.0
21.61000000000058,2.5833465107321887,1.8646059303565836,1.9989987829094686,0.13219900949588023,-0.47654994243739224,0.0,-0.015741463275495308,0.042952263751068906,0.0
21.62000000000058,2.5833465107321887,1.8646059303565836,1.9989987829094686,0.13219900949588023,-0.47654994243739224,0.0,-0.01572387929278752,0.04294354969782139,0.0
21.63000000000058,2.5833465107321887,1.8646059303565836,1.9989987829094686,0.13219900949588023,-0.47654994243739224,0.0,-0.0157062950352801,0.042934835527354394,0.0
21.640000000000583,2.587845556133331,1.8488978138933498,1.9989985701391821,0.14236322142140448,-0.47437062733072183,0.0,-0.016783070212240278,0.043247429256906604,0.0
21.650000000000585,2.587845556133331,1.8488978138933498,1.9989985701391821,0.14236322142140448,-0.47437062733072183,0.0,-0.016765906295864705,0.043238891494899706,0.0
21.660000000000586,2.587845556133331,1.8488978138933498,1.9989985701391821,0.14236322142140448,-0.47437062733072183,0.0,-0.016748742110194177,0.043230353617299835,0.0
21.670000000000588,2.5927404445312705,1.8333002660196662,1.9989987692926081,0.1523352516338454,-0.4714297581140363,0.0,-0.012220625275206494,0.048518330094416834,0.0
21.68000000000059,2.5927404445312705,1.8333002660196662,1.9989987692926081,0.1523352516338454,-0.4714297581140363,0.0,-0.01685154501333442,0.044468677021157824,0.0
21.69000000000059,2.5927404445312705,1.8333002660196662,1.9989987692926081,0.1523352516338454,-0.4714297581140363,0.0,-0.016834129338280674,0.04446053761376154,0.0
21.700000000000593,2.5927404445312705,1.8333002660196662,1.9989987692926081,0.1523352516338454,-0.4714297581140363,0.0,-0.01681671338937981,0.04445239809721204,0.0
21.710000000000594,2.598060428840175,1.8173157920339247,1.9989987874114887,0.1603628745276902,-0.46888077535462913,0.0,-0.015776456674256773,0.04573973275012006,0.0
21.720000000000596,2.598060428840175,1.8173157920339247,1.9989987874114887,0.1603628745276902,-0.46888077535462913,0.0,-0.015758322716275433,0.04573210819816548,0.0
21.730000000000597,2.598060428840175,1.8173157920339247,1.9989987874114887,0.1603628745276902,-0.46888077535462913,0.0,-0.015740188472252906,0.04572448354583552,0.0
21.7400000000006,2.60348419945264,1.8018867151574947,1.9989986655008494,0.16811693375183537,-0.46628919804922486,0.0,-0.017892816802474284,0.04509223469268838,0.0
21.7500000000006,2.60348419945264,1.8018867151574947,1.9989986655008494,0.16811693375183537,-0.46628919804922486,0.0,-0.01787517880430588,0.04508486333627299,0.0
21.760000000000602,2.60348419945264,1.8018867151574947,1.9989986655008494,0.16811693375183537,-0.46628919804922486,0.0,-0.017857540527792766,0.045077491882346485,0.0
21.770000000000604,2.609162888978871,1.786545972328391,1.9989983360415142,0.1758037361134684,-0.4635086115913477,0.0,-0.013340984462074311,0.04953416775868207,0.0
21.780000000000605,2.609162888978871,1.786545972328391,1.9989983360415142,0.1758037361134684,-0.4635086115913477,0.0,-0.01819580911074899,0.045419420810578356,0.0
21.790000000000607,2.609162888978871,1.786545972328391,1.9989983360415142,0.1758037361134684,-0.4635086115913477,0.0,-0.018177987757847177,0.045412503159372376,0.0
21.80000000000061,2.609162888978871,1.786545972328391,1.9989983360415142,0.1758037361134684,-0.4635086115913477,0.0,-0.018160166123895663,0.04540558541792642,0.0
21.81000000000061,2.6152519411332404,1.7708363381921481,1.9989979765722887,0.1808029900412172,-0.4608129739966696,0.0,-0.018262422452528824,0.04572355798346128,0.0
21.82000000000061,2.6152519411332404,1.7708363381921481,1.9989979765722887,0.1808029900412172,-0.4608129739966696,0.0,-0.01824397356208758,0.045717225608948774,0.0
21.830000000000613,2.6152519411332404,1.7708363381921481,1.9989979765722887,0.1808029900412172,-0.4608129739966696,0.0,-0.01822552438102757,0.045710893154227564,0.0
21.840000000000614,2.6212959876720214,1.7556731306249787,1.9989990457152154,0.18741890265227998,-0.4582722639695116,0.0,-0.019875285882412427,0.044929113494038976,0.0
21.850000000000616,2.6212959876720214,1.7556731306249787,1.9989990457152154,0.18741890265227998,-0.4582722639695116,0.0,-0.019857336370396193,0.04492295014108421,0.0
21.860000000000618,2.6212959876720214,1.7556731306249787,1.9989990457152154,0.18741890265227998,-0.4582722639695116,0.0,-0.01983938657575779,0.04491678670947911,0.0
21.87000000000062,2.6277027960648316,1.740633961833504,1.9989987048414823,0.19870459827191964,-0.4537960992059481,0.0,-0.016294404148877763,0.050820867015079645,0.0
21.88000000000062,2.6277027960648316,1.740633961833504,1.9989987048414823,0.19870459827191964,-0.4537960992059481,0.0,-0.021309942555994936,0.045136324687897814,0.0
21.890000000000622,2.6277027960648316,1.740633961833504,1.9989987048414823,0.19870459827191964,-0.4537960992059481,0.0,-0.0212923046712449,0.04513011081617071,0.0
21.900000000000624,2.6277027960648316,1.740633961833504,1.9989987048414823,0.19870459827191964,-0.4537960992059481,0.0,-0.02127466650877813,0.045123896864737126,0.0
21.910000000000625,2.634594401095171,1.7252628668416128,1.998998789909966,0.20644499550827972,-0.4504526585018484,0.0,-0.019816002483986406,0.0471815545987947,0.0
21.920000000000627,2.634594401095171,1.7252628668416128,1.998998789909966,0.20644499550827972,-0.4504526585018484,0.0,-0.019796943887390447,0.04717606406805358,0.0
21.93000000000063,2.634594401095171,1.7252628668416128,1.998998789909966,0.20644499550827972,-0.4504526585018484,0.0,-0.019777884990747674,0.047170573471523675,0.0
21.94000000000063,2.641533981311325,1.7104548669395065,1.9989987139475704,0.21390841655300313,-0.44709401996872583,0.0,-0.02193072151764662,0.04546054200357914,0.0
21.95000000000063,2.641533981311325,1.7104548669395065,1.9989987139475704,0.21390841655300313,-0.44709401996872583,0.0,-0.021912076926923166,0.045455065019446315,0.0
21.960000000000633,2.641533981311325,1.7104548669395065,1.9989987139475704,0.21390841655300313,-0.44709401996872583,0.0,-0.021893432043441727,0.04544958796873617,0.0
21.970000000000635,2.6487185533351627,1.6957605592405476,1.9989984637449862,0.2212904690589675,-0.44356720068811156,0.0,-0.0180083890932739,0.05005789067487962,0.0
21.980000000000636,2.6487185533351627,1.6957605592405476,1.9989984637449862,0.2212904690589675,-0.44356720068811156,0.0,-0.021857485680299334,0.04580141852866316,0.0
21.990000000000638,2.6487185533351627,1.6957605592405476,1.9989984637449862,0.2212904690589675,-0.44356720068811156,0.0,-0.021838606163567566,0.04579628075056342,0.0
22.00000000000064,2.6487185533351627,1.6957605592405476,1.9989984637449862,0.2212904690589675,-0.44356720068811156,0.0,-0.021819726350667937,0.0457911429115375,0.0
22.01000000000064,2.6563695278814046,1.6807532409484573,1.998998595163009,0.2285827112695394,-0.4394308439694683,0.0,-0.021512077898799335,0.04660984206822723,0.0
22.020000000000643,2.6563695278814046,1.6807532409484573,1.998998595163009,0.2285827112695394,-0.4394308439694683,0.0,-0.021492533646177963,0.046605233572760855,0.0
22.030000000000644,2.6563695278814046,1.6807532409484573,1.998998595163009,0.2285827112695394,-0.4394308439694683,0.0,-0.021472989086514422,0.04660062502564498,0.0
22.040000000000646,2.6640361870638873,1.6663139780350757,1.9989981282204659,0.23557778944967295,-0.4352433783032254,0.0,-0.022740291134833508,0.04507644377814558,0.0
22.050000000000647,2.6640361870638873,1.6663139780350757,1.9989981282204659,0.23557778944967295,-0.4352433783032254,0.0,-0.022721221148760868,0.045071902917914825,0.0
22.06000000000065,2.6640361870638873,1.6663139780350757,1.9989981282204659,0.23557778944967295,-0.4352433783032254,0.0,-0.02270215086307032,0.0450673620056493,0.0
22.07000000000065,2.6719334232275034,1.6520222705124956,1.998998564595304,0.2431441286932255,-0.43176705467413057,0.0,-0.01894365820568997,0.04991572249452202,0.0
22.080000000000652,2.6719334232275034,1.6520222705124956,1.998998564595304,0.2431441286932255,-0.43176705467413057,0.0,-0.023401745546757537,0.04420615745961694,0.0
22.090000000000654,2.6719334232275034,1.6520222705124956,1.998998564595304,0.2431441286932255,-0.43176705467413057,0.0,-0.023383178229576338,0.044201697162980884,0.0
22.100000000000655,2.6719334232275034,1.6520222705124956,1.998998564595304,0.2431441286932255,-0.43176705467413057,0.0,-0.02336461062127561,0.04419723681448502,0.0
22.110000000000657,2.6803269354067485,1.6374182456429467,1.9989987429468539,0.25043677569008566,-0.42751778893554215,0.0,-0.02216957356286934,0.04606993989897304,0.0
22.12000000000066,2.6803269354067485,1.6374182456429467,1.9989987429468539,0.25043677569008566,-0.42751778893554215,0.0,-0.02214975651992539,0.046066410143339544,0.0
22.13000000000066,2.6803269354067485,1.6374182456429467,1.9989987429468539,0.25043677569008566,-0.42751778893554215,0.0,-0.02212993916685759,0.04606288035270474,0.0
22.14000000000066,2.688712096802061,1.6233795026546154,1.998998710628123,0.257531905843525,-0.42342391018725306,0.0,-0.023930636646856754,0.045384300182810866,0.0
22.150000000000663,2.688712096802061,1.6233795026546154,1.998998710628123,0.257531905843525,-0.42342391018725306,0.0,-0.02391138339837277,0.04538087836571283,0.0
22.160000000000664,2.688712096802061,1.6233795026546154,1.998998710628123,0.257531905843525,-0.42342391018725306,0.0,-0.023892129850427258,0.04537745651434358,0.0
22.170000000000666,2.697329505333954,1.6094790655471072,1.9989985003625963,0.26450469503859625,-0.41913220101765575,0.0,-0.020699391006283253,0.050105114004056046,0.0
22.180000000000668,2.697329505333954,1.6094790655471072,1.9989985003625963,0.26450469503859625,-0.41913220101765575,0.0,-0.024892377024858862,0.045617381012281306,0.0
22.19000000000067,2.697329505333954,1.6094790655471072,1.9989985003625963,0.26450469503859625,-0.41913220101765575,0.0,-0.02487303389730156,0.045614410471040465,0.0
22.20000000000067,2.697329505333954,1.6094790655471072,1.9989985003625963,0.26450469503859625,-0.41913220101765575,0.0,-0.02485369047024123,0.045611439902726716,0.0
22.210000000000672,2.7064415348149837,1.5953149879614474,1.9989985695466435,0.2715842999083744,-0.41466177471116406,0.0,-0.025231955007078748,0.046322508107305864,0.0
22.220000000000674,2.7064415348149837,1.5953149879614474,1.9989985695466435,0.2715842999083744,-0.41466177471116406,0.0,-0.025212110837283107,0.04632021226283182,0.0
22.230000000000675,2.7064415348149837,1.5953149879614474,1.9989985695466435,0.2715842999083744,-0.41466177471116406,0.0,-0.025192266360889008,0.04631791640254508,0.0
22.240000000000677,2.7155170149127086,1.5817107753735333,1.99899840002052,0.27828864003089787,-0.41004674820216264,0.0,-0.026428945760708228,0.045369434073137545,0.0
22.25000000000068,2.7155170149127086,1.5817107753735333,1.99899840002052,0.27828864003089787,-0.41004674820216264,0.0,-0.026409622364505284,0.04536721087820631,0.0
22.26000000000068,2.7155170149127086,1.5817107753735333,1.99899840002052,0.27828864003089787,-0.41004674820216264,0.0,-0.026390298669849505,0.04536498766726041,0.0
22.27000000000068,2.7248089294149103,1.5682665468435888,1.998998448596631,0.28440811216618067,-0.40443555136328246,0.0,-0.02404325053748468,0.049903716973670506,0.0
22.280000000000683,2.7248089294149103,1.5682665468435888,1.998998448596631,0.28440811216618067,-0.40443555136328246,0.0,-0.02686332493958499,0.04522162056922027,0.0
22.290000000000685,2.7248089294149103,1.5682665468435888,1.998998448596631,0.28440811216618067,-0.40443555136328246,0.0,-0.026843729827908776,0.045219726063122086,0.0
22.300000000000686,2.7248089294149103,1.5682665468435888,1.998998448596631,0.28440811216618067,-0.40443555136328246,0.0,-0.02682413441290485,0.04521783154624432,0.0
22.310000000000688,2.7346133129427495,1.5545840239800806,1.9989986147919212,0.29186957519348455,-0.4002818301984435,0.0,-0.025794171965862915,0.04598919654886861,0.0
22.32000000000069,2.7346133129427495,1.5545840239800806,1.9989986147919212,0.29186957519348455,-0.4002818301984435,0.0,-0.02577391282753039,0.045987888169868145,0.0
22.33000000000069,2.7346133129427495,1.5545840239800806,1.9989986147919212,0.29186957519348455,-0.4002818301984435,0.0,-0.025753653374783466,0.04598657979022544,0.0
22.340000000000693,2.7443591601616895,1.541454803446612,1.9989986510849307,0.2985433675349058,-0.3955152474760889,0.0,-0.027074546745672914,0.04508528897124803,0.0
22.350000000000694,2.7443591601616895,1.541454803446612,1.9989986510849307,0.2985433675349058,-0.3955152474760889,0.0,-0.027054672845153352,0.04508393720819825,0.0
22.360000000000696,2.7443591601616895,1.541454803446612,1.9989986510849307,0.2985433675349058,-0.3955152474760889,0.0,-0.02703479863640405,0.04508258544282549,0.0
22.370000000000697,2.754321603600469,1.5284875732211256,1.9989984418189062,0.3049458623174535,-0.39041271773058167,0.0,-0.02461548018605735,0.04987340346486087,0.0
22.3800000000007,2.754321603600469,1.5284875732211256,1.9989984418189062,0.3049458623174535,-0.39041271773058167,0.0,-0.027353825969677104,0.04563904501437138,0.0
22.3900000000007,2.754321603600469,1.5284875732211256,1.9989984418189062,0.3049458623174535,-0.39041271773058167,0.0,-0.027333776105551256,0.0456380891904739,0.0
22.400000000000702,2.754321603600469,1.5284875732211256,1.9989984418189062,0.3049458623174535,-0.39041271773058167,0.0,-0.027313725930812313,0.04563713337070773,0.0
22.410000000000704,2.7648018096559652,1.5153078716130728,1.9989986158236457,0.31155023415331384,-0.38527406868560804,0.0,-0.02759551513846503,0.046773502797412325,0.0
22.420000000000705,2.7648018096559652,1.5153078716130728,1.9989986158236457,0.31155023415331384,-0.38527406868560804,0.0,-0.027574923652285113,0.04677321916955967,0.0
22.430000000000707,2.7648018096559652,1.5153078716130728,1.9989986158236457,0.31155023415331384,-0.38527406868560804,0.0,-0.02755433184771319,0.046772935557348634,0.0
22.44000000000071,2.7751916759326964,1.5026795187066768,1.9989985896311169,0.317926824162687,-0.3802057608596951,0.0,-0.028673081094835202,0.0459421771336537,0.0
22.45000000000071,2.7751916759326964,1.5026795187066768,1.9989985896311169,0.317926824162687,-0.3802057608596951,0.0,-0.028652968831679077,0.04594190146171092,0.0
22.46000000000071,2.7751916759326964,1.5026795187066768,1.9989985896311169,0.317926824162687,-0.3802057608596951,0.0,-0.028632856257959333,0.04594162580428618,0.0
22.470000000000713,2.785788809984367,1.4902223988226628,1.9989983529899007,0.3241138828992709,-0.37490820106472167,0.0,-0.026510818759478912,0.05068336925436123,0.0
22.480000000000715,2.785788809984367,1.4902223988226628,1.9989983529899007,0.3241138828992709,-0.37490820106472167,0.0,-0.028934143114747804,0.04621125551087147,0.0
22.490000000000716,2.785788809984367,1.4902223988226628,1.9989983529899007,0.3241138828992709,-0.37490820106472167,0.0,-0.028913938535464246,0.04621143096372217,0.0
22.500000000000718,2.785788809984367,1.4902223988226628,1.9989983529899007,0.3241138828992709,-0.37490820106472167,0.0,-0.028893733644656798,0.04621160643807131,0.0
22.51000000000072,2.796908301914926,1.477587108312077,1.998999019507243,0.3299345447582077,-0.3685998035766756,0.0,-0.02889319799219974,0.04702516312160473,0.0
22.52000000000072,2.796908301914926,1.477587108312077,1.998999019507243,0.3299345447582077,-0.3685998035766756,0.0,-0.028872531048334156,0.04702607456582855,0.0
22.530000000000722,2.796908301914926,1.477587108312077,1.998999019507243,0.3299345447582077,-0.3685998035766756,0.0,-0.02885186378653941,0.047026986043686554,0.0
22.540000000000724,2.8079153049040624,1.4654997726549628,1.9989985210436088,0.3365475239711813,-0.36367147349576767,0.0,-0.029100618969249165,0.04634621752054198,0.0
22.550000000000725,2.8079153049040624,1.4654997726549628,1.9989985210436088,0.3365475239711813,-0.36367147349576767,0.0,-0.029080492294971668,0.04634716018964148,0.0
22.560000000000727,2.8079153049040624,1.4654997726549628,1.9989985210436088,0.3365475239711813,-0.36367147349576767,0.0,-0.02906036531203558,0.046348102891491126,0.0
22.57000000000073,2.819119948610854,1.4535969540272051,1.9989984927099191,0.34205969847509693,-0.3575931377593507,0.0,-0.027540249701899024,0.050904568739970256,0.0
22.58000000000073,2.819119948610854,1.4535969540272051,1.9989984927099191,0.34205969847509693,-0.3575931377593507,0.0,-0.03012771451704281,0.04633676508497639,0.0
22.59000000000073,2.819119948610854,1.4535969540272051,1.9989984927099191,0.34205969847509693,-0.3575931377593507,0.0,-0.030107566689495498,0.04633818510395349,0.0
22.600000000000733,2.819119948610854,1.4535969540272051,1.9989984927099191,0.34205969847509693,-0.3575931377593507,0.0,-0.030087418555103742,0.0463396051626301,0.0
22.610000000000735,2.8308640270806356,1.4415304056040048,1.9989987657184356,0.34846855734630267,-0.35219990124559614,0.0,-0.03012701068659217,0.047032349130031056,0.0
22.620000000000736,2.8308640270806356,1.4415304056040048,1.9989987657184356,0.34846855734630267,-0.35219990124559614,0.0,-0.030106480337894637,0.04703454843071112,0.0
22.630000000000738,2.8308640270806356,1.4415304056040048,1.9989987657184356,0.34846855734630267,-0.35219990124559614,0.0,-0.030085949678259845,0.04703674778342592,0.0
22.64000000000074,2.842463016455897,1.4300043569165877,1.9989987248915195,0.354305456617162,-0.3464998452477435,0.0,-0.031217550080650778,0.0459061901094961,0.0
22.65000000000074,2.842463016455897,1.4300043569165877,1.9989987248915195,0.354305456617162,-0.3464998452477435,0.0,-0.031197515942985758,0.04590837091091801,0.0
22.660000000000743,2.842463016455897,1.4300043569165877,1.9989987248915195,0.354305456617162,-0.3464998452477435,0.0,-0.031177481503424864,0.04591055176251501,0.0
22.670000000000744,2.854252646552562,1.4186684063466164,1.9989985280709783,0.36002645891043106,-0.3406856940805446,0.0,-0.02975071854962332,0.05064979172226041,0.0
22.680000000000746,2.854252646552562,1.4186684063466164,1.9989985280709783,0.36002645891043106,-0.3406856940805446,0.0,-0.03107558877571387,0.04555541290802148,0.0
22.690000000000747,2.854252646552562,1.4186684063466164,1.9989985280709783,0.36002645891043106,-0.3406856940805446,0.0,-0.031055333782128686,0.045557963238660744,0.0
22.70000000000075,2.854252646552562,1.4186684063466164,1.9989985280709783,0.36002645891043106,-0.3406856940805446,0.0,-0.031035078483699328,0.0455605136250973,0.0
22.71000000000075,2.866593223831695,1.4071932761076957,1.9989981940645523,0.365667382751145,-0.3344552777077633,0.0,-0.030617852424515566,0.046274098923550805,0.0
22.720000000000752,2.866593223831695,1.4071932761076957,1.9989981940645523,0.365667382751145,-0.3344552777077633,0.0,-0.030597047338582015,0.04627735428006517,0.0
22.730000000000754,2.866593223831695,1.4071932761076957,1.9989981940645523,0.365667382751145,-0.3344552777077633,0.0,-0.030576241939789618,0.046280609704014895,0.0
22.740000000000755,2.8787416621375628,1.3962730700724928,1.9989987563072746,0.37110656967710604,-0.32816197254054374,0.0,-0.031095137322742918,0.04511515833915882,0.0
22.750000000000757,2.8787416621375628,1.3962730700724928,1.9989987563072746,0.37110656967710604,-0.32816197254054374,0.0,-0.03107468374093131,0.04511828227884009,0.0
22.76000000000076,2.8787416621375628,1.3962730700724928,1.9989987563072746,0.37110656967710604,-0.32816197254054374,0.0,-0.031054229851962264,0.04512140628279555,0.0
22.77000000000076,2.8910746639175087,1.3855523284461895,1.9989989148853695,0.3760025482318915,-0.3216213039755916,0.0,-0.030219354457953027,0.049750326582696194,0.0
22.78000000000076,2.8910746639175087,1.3855523284461895,1.9989989148853695,0.3760025482318915,-0.3216213039755916,0.0,-0.03248745316533657,0.045023610393699696,0.0
22.790000000000763,2.8910746639175087,1.3855523284461895,1.9989989148853695,0.3760025482318915,-0.3216213039755916,0.0,-0.03246690514691962,0.045027135723603694,0.0
22.800000000000765,2.8910746639175087,1.3855523284461895,1.9989989148853695,0.3760025482318915,-0.3216213039755916,0.0,-0.03244635682104182,0.045030661123509355,0.0
22.810000000000766,2.9039676275901964,1.3747168044115918,1.9989987362604704,0.38188324148967684,-0.3156094074745731,0.0,-0.03294656640438234,0.045869884530539244,0.0
22.820000000000768,2.9039676275901964,1.3747168044115918,1.9989987362604704,0.38188324148967684,-0.3156094074745731,0.0,-0.032925607983836674,0.045874160826703085,0.0
22.83000000000077,2.9039676275901964,1.3747168044115918,1.9989987362604704,0.38188324148967684,-0.3156094074745731,0.0,-0.03290464925016569,0.04587843720483051,0.0
22.84000000000077,2.9166590620227253,1.364407949713738,1.9989987822390556,0.3871173447865922,-0.3093406986843799,0.0,-0.03362169660978945,0.04501190080154767,0.0
22.850000000000772,2.9166590620227253,1.364407949713738,1.9989987822390556,0.3871173447865922,-0.3093406986843799,0.0,-0.033601193785272744,0.045016064647064195,0.0
22.860000000000774,2.9166590620227253,1.364407949713738,1.9989987822390556,0.3871173447865922,-0.3093406986843799,0.0,-0.033580690654056305,0.04502022857173641,0.0
22.870000000000775,2.929521404505406,1.3543075048990882,1.9989986726587285,0.39225773331260266,-0.30299299549583364,0.0,-0.032893359248729055,0.04981650326258603,0.0
22.880000000000777,2.929521404505406,1.3543075048990882,1.9989986726587285,0.39225773331260266,-0.30299299549583364,0.0,-0.03435597260870462,0.044441025469479416,0.0
22.89000000000078,2.929521404505406,1.3543075048990882,1.9989986726587285,0.39225773331260266,-0.30299299549583364,0.0,-0.0343354704539255,0.04444561346682444,0.0
22.90000000000078,2.929521404505406,1.3543075048990882,1.9989986726587285,0.39225773331260266,-0.30299299549583364,0.0,-0.03431496799325255,0.04445020154904487,0.0
22.91000000000078,2.942948466590317,1.3441220142578514,1.9989983655540073,0.3974013208133343,-0.29633461824769186,0.0,-0.034871927025060034,0.044821670019918824,0.0
22.920000000000783,2.942948466590317,1.3441220142578514,1.9989983655540073,0.3974013208133343,-0.29633461824769186,0.0,-0.03485111067826491,0.04482703828771895,0.0
22.930000000000785,2.942948466590317,1.3441220142578514,1.9989983655540073,0.3974013208133343,-0.29633461824769186,0.0,-0.03483029402176927,0.04483240665224493,0.0
22.940000000000786,2.9561387938017396,1.3344526233799086,1.9989979050878302,0.4012417517259247,-0.2904049234096628,0.0,-0.03548867296321142,0.043513321390336514,0.0
22.950000000000788,2.9561387938017396,1.3344526233799086,1.9989979050878302,0.4012417517259247,-0.2904049234096628,0.0,-0.035468381008131766,0.04351855960144349,0.0
22.96000000000079,2.9561387938017396,1.3344526233799086,1.9989979050878302,0.4012417517259247,-0.2904049234096628,0.0,-0.03544808875142959,0.04352379790578877,0.0
22.97000000000079,2.969408437176909,1.3249441452442445,1.998998817282195,0.40491769960205354,-0.28516931546928864,0.0,-0.03444547257900947,0.04799475499920756,0.0
22.980000000000793,2.969408437176909,1.3249441452442445,1.998998817282195,0.40491769960205354,-0.28516931546928864,0.0,-0.035831492175403185,0.04328332621000258,0.0
22.990000000000794,2.969408437176909,1.3249441452442445,1.998998817282195,0.40491769960205354,-0.28516931546928864,0.0,-0.035811243296499644,0.04328898404546758,0.0
23.000000000000796,2.969408437176909,1.3249441452442445,1.998998817282195,0.40491769960205354,-0.28516931546928864,0.0,-0.035790994116824404,0.043294641980038205,0.0
23.010000000000797,2.983307566762922,1.3154325878971393,1.998998707314528,0.4114317821395022,-0.2759104830033476,0.0,-0.03736845874048766,0.044711851325583855,0.0
23.0200000000008,2.983307566762922,1.3154325878971393,1.998998707314528,0.4114317821395022,-0.2759104830033476,0.0,-0.03734798758350157,0.04471832243489095,0.0
23.0300000000008,2.983307566762922,1.3154325878971393,1.998998707314528,0.4114317821395022,-0.2759104830033476,0.0,-0.03732751612321947,0.04472479365577557,0.0
23.040000000000802,2.9969633364807846,1.3064421850860688,1.9989987913044107,0.4160210953587838,-0.26914458843989286,0.0,-0.03782642884693065,0.04352856824412957,0.0
23.050000000000804,2.9969633364807846,1.3064421850860688,1.9989987913044107,0.4160210953587838,-0.26914458843989286,0.0,-0.0378064424187259,0.04353486329221708,0.0
23.060000000000805,2.9969633364807846,1.3064421850860688,1.9989987913044107,0.4160210953587838,-0.26914458843989286,0.0,-0.03778645569398934,0.043541158448095967,0.0
23.070000000000807,3.01076841209765,1.2976765033148476,1.9989987374160798,0.42050396840410814,-0.2623064495132051,0.0,-0.03785021028412833,0.04838254876474509,0.0
23.08000000000081,3.01076841209765,1.2976765033148476,1.9989987374160798,0.42050396840410814,-0.2623064495132051,0.0,-0.03810599383050405,0.04349728225378636,0.0
23.09000000000081,3.01076841209765,1.2976765033148476,1.9989987374160798,0.42050396840410814,-0.2623064495132051,0.0,-0.038085899649342954,0.043503900609728356,0.0
23.10000000000081,3.01076841209765,1.2976765033148476,1.9989987374160798,0.42050396840410814,-0.2623064495132051,0.0,-0.03806580516918544,0.0435105190785919,0.0
23.110000000000813,3.025144354231542,1.2888826462205154,1.9989984955293656,0.42500101748192015,-0.25518133233187,0.0,-0.03802650393361273,0.043792658628955324,0.0
23.120000000000815,3.025144354231542,1.2888826462205154,1.9989984955293656,0.42500101748192015,-0.25518133233187,0.0,-0.03800605424001358,0.0437999900032306,0.0
23.130000000000816,3.025144354231542,1.2888826462205154,1.9989984955293656,0.42500101748192015,-0.25518133233187,0.0,-0.037985604241288884,0.04380732150190595,0.0
23.140000000000818,3.039238185061249,1.280581970884201,1.9989980486993164,0.4288569346295754,-0.24809115645804644,0.0,-0.0374885596991643,0.042518523104312214,0.0
23.15000000000082,3.039238185061249,1.280581970884201,1.9989980486993164,0.4288569346295754,-0.24809115645804644,0.0,-0.03746845252478856,0.042525562376935784,0.0
23.16000000000082,3.039238185061249,1.280581970884201,1.9989980486993164,0.4288569346295754,-0.24809115645804644,0.0,-0.03744834504870821,0.042532601769212995,0.0
23.170000000000822,3.05342699668475,1.272493995417602,1.9989981926313964,0.4313637733622839,-0.2420737137758153,0.0,-0.037361664327941774,0.04683316193536205,0.0
23.180000000000824,3.05342699668475,1.272493995417602,1.9989981926313964,0.4313637733622839,-0.2420737137758153,0.0,-0.03706071610775177,0.0414779613838502,0.0
23.190000000000826,3.05342699668475,1.272493995417602,1.9989981926313964,0.4313637733622839,-0.2420737137758153,0.0,-0.03704057440168105,0.04148534109356486,0.0
23.200000000000827,3.05342699668475,1.272493995417602,1.9989981926313964,0.4313637733622839,-0.2420737137758153,0.0,-0.03702043239246182,0.04149272092796553,0.0
23.21000000000083,3.068199883053886,1.264424797958155,1.9989985941024737,0.4368396699386453,-0.23344400574938462,0.0,-0.03732118900113773,0.04284932259307366,0.0
23.22000000000083,3.068199883053886,1.264424797958155,1.9989985941024737,0.4368396699386453,-0.23344400574938462,0.0,-0.0373007906995301,0.04285745837985,0.0
23.23000000000083,3.068199883053886,1.264424797958155,1.9989985941024737,0.4368396699386453,-0.23344400574938462,0.0,-0.03728039209052769,0.04286559430374366,0.0
23.240000000000833,3.082683592695729,1.2568424922365569,1.9989987504847306,0.44077014090617356,-0.22626611395385782,0.0,-0.03688828867771717,0.04155252012125694,0.0
23.250000000000835,3.082683592695729,1.2568424922365569,1.9989987504847306,0.44077014090617356,-0.22626611395385782,0.0,-0.036868298829379385,0.04156036704684496,0.0
23.260000000000836,3.082683592695729,1.2568424922365569,1.9989987504847306,0.44077014090617356,-0.22626611395385782,0.0,-0.03684830867936772,0.041568214104268225,0.0
23.270000000000838,3.0972935607317993,1.2494989387846158,1.9989987482955547,0.44455131357640076,-0.2190069439024219,0.0,-0.03763631329718513,0.0464827305460821,0.0
23.28000000000084,3.0972935607317993,1.2494989387846158,1.9989987482955547,0.44455131357640076,-0.2190069439024219,0.0,-0.036945741937897826,0.041992132300262684,0.0
23.29000000000084,3.0972935607317993,1.2494989387846158,1.9989987482955547,0.44455131357640076,-0.2190069439024219,0.0,-0.03692578592733878,0.0420003524045297,0.0
23.300000000000843,3.0972935607317993,1.2494989387846158,1.9989987482955547,0.44455131357640076,-0.2190069439024219,0.0,-0.0369058296159974,0.042008572646231195,0.0
23.310000000000844,3.112474192739823,1.2421847326968987,1.9989985635032776,0.44829805231215714,-0.21145029762401352,0.0,-0.03684201079699443,0.04304057156982736,0.0
23.320000000000846,3.112474192739823,1.2421847326968987,1.9989985635032776,0.44829805231215714,-0.21145029762401352,0.0,-0.0368218655378375,0.04304959054757176,0.0
23.330000000000847,3.112474192739823,1.2421847326968987,1.9989985635032776,0.44829805231215714,-0.21145029762401352,0.0,-0.036801719975378976,0.04305860967541994,0.0
23.34000000000085,3.1273215853931218,1.235334893448315,1.998998313935722,0.451036250311873,-0.2037463420020185,0.0,-0.037688286472908034,0.04179898262381411,0.0
23.35000000000085,3.1273215853931218,1.235334893448315,1.998998313935722,0.451036250311873,-0.2037463420020185,0.0,-0.03766857722608316,0.04180773628255351,0.0
23.360000000000852,3.1273215853931218,1.235334893448315,1.998998313935722,0.451036250311873,-0.2037463420020185,0.0,-0.037648867682814925,0.04181649008593191,0.0
23.370000000000854,3.1422718441960726,1.22873113822936,1.9989983969392546,0.45483945110442503,-0.19661762339544916,0.0,-0.03864381540873544,0.04677445209523068,0.0
23.380000000000855,3.1422718441960726,1.22873113822936,1.9989983969392546,0.45483945110442503,-0.19661762339544916,0.0,-0.03825873109546246,0.04243389695664504,0.0
23.390000000000857,3.1422718441960726,1.22873113822936,1.9989983969392546,0.45483945110442503,-0.19661762339544916,0.0,-0.038239130545915295,0.042443049961407506,0.0
23.40000000000086,3.1422718441960726,1.22873113822936,1.9989983969392546,0.45483945110442503,-0.19661762339544916,0.0,-0.03821952970205628,0.04245220311664094,0.0
23.41000000000086,3.1577837796753094,1.2221862946433517,1.9989988306254167,0.4574948170168771,-0.18853269181199822,0.0,-0.03922660466298013,0.04315630660342359,0.0
23.42000000000086,3.1577837796753094,1.2221862946433517,1.9989988306254167,0.4574948170168771,-0.18853269181199822,0.0,-0.039206911651865045,0.04316628359875646,0.0
23.430000000000863,3.1577837796753094,1.2221862946433517,1.9989988306254167,0.4574948170168771,-0.18853269181199822,0.0,-0.03918721834506927,0.043176260757258174,0.0
23.440000000000865,3.1729502604290714,1.2160864341345738,1.9989986387425962,0.4611127250872461,-0.18118112314370696,0.0,-0.04012769944060536,0.04220195934886185,0.0
23.450000000000866,3.1729502604290714,1.2160864341345738,1.9989986387425962,0.4611127250872461,-0.18118112314370696,0.0,-0.040108469197165854,0.04221166219173455,0.0
23.460000000000868,3.1729502604290714,1.2160864341345738,1.9989986387425962,0.4611127250872461,-0.18118112314370696,0.0,-0.04008923866429165,0.04222136519277818,0.0
23.47000000000087,3.1882186674774835,1.2102367960372107,1.9989987088603494,0.46414297389091685,-0.17356730880810195,0.0,-0.04158221534755375,0.046907880723820974,0.0
23.48000000000087,3.1882186674774835,1.2102367960372107,1.9989987088603494,0.46414297389091685,-0.17356730880810195,0.0,-0.04094189234771576,0.042232741975914825,0.0
23.490000000000872,3.1882186674774835,1.2102367960372107,1.9989987088603494,0.46414297389091685,-0.17356730880810195,0.0,-0.04092274491939614,0.042242819059298824,0.0
23.500000000000874,3.1882186674774835,1.2102367960372107,1.9989987088603494,0.46414297389091685,-0.17356730880810195,0.0,-0.04090359720179975,0.04225289630684049,0.0
23.510000000000876,3.204051645559492,1.2044737075010823,1.9989985623867534,0.46709083231773174,-0.16565795194191169,0.0,-0.04191770648013357,0.04305884720925883,0.0
23.520000000000877,3.204051645559492,1.2044737075010823,1.9989985623867534,0.46709083231773174,-0.16565795194191169,0.0,-0.04189847236978207,0.04306973811076766,0.0
23.53000000000088,3.204051645559492,1.2044737075010823,1.9989985623867534,0.46709083231773174,-0.16565795194191169,0.0,-0.04187923796808848,0.043080629189544375,0.0
23.54000000000088,3.2194994212163897,1.1991418542433532,1.9989989394153604,0.4689508575173916,-0.1577216366797761,0.0,-0.042401988637744505,0.041495193402071986,0.0
23.550000000000882,3.2194994212163897,1.1991418542433532,1.9989989394153604,0.4689508575173916,-0.1577216366797761,0.0,-0.04238318473272656,0.04150577509791692,0.0
23.560000000000883,3.2194994212163897,1.1991418542433532,1.9989989394153604,0.4689508575173916,-0.1577216366797761,0.0,-0.04236438054179597,0.04151635696557895,0.0
23.570000000000885,3.235038868456801,1.1940601659759977,1.9989985562123713,0.47225979978719596,-0.15028984434778592,0.0,-0.044033794772401325,0.046412114171697307,0.0
23.580000000000886,3.235038868456801,1.1940601659759977,1.9989985562123713,0.47225979978719596,-0.15028984434778592,0.0,-0.04318962806279892,0.04159287211244728,0.0
23.590000000000888,3.235038868456801,1.1940601659759977,1.9989985562123713,0.47225979978719596,-0.15028984434778592,0.0,-0.04317099626533629,0.04160383161333537,0.0
23.60000000000089,3.235038868456801,1.1940601659759977,1.9989985562123713,0.47225979978719596,-0.15028984434778592,0.0,-0.04315236418548599,0.04161479129098534,0.0
23.61000000000089,3.2511391178685565,1.189090515753861,1.99899836988889,0.4747011524665918,-0.14226904613192698,0.0,-0.044399636356073295,0.04247235782539478,0.0
23.620000000000893,3.2511391178685565,1.189090515753861,1.99899836988889,0.4747011524665918,-0.14226904613192698,0.0,-0.04438102856228398,0.0424841363245219,0.0
23.630000000000894,3.2511391178685565,1.189090515753861,1.99899836988889,0.4747011524665918,-0.14226904613192698,0.0,-0.04436242048809725,0.04249591501204935,0.0
23.640000000000896,3.2668328613416753,1.1845332712041459,1.99899879159361,0.47696034764761175,-0.13433523019417662,0.0,-0.045245022771991314,0.04110755125655972,0.0
23.650000000000897,3.2668328613416753,1.1845332712041459,1.99899879159361,0.47696034764761175,-0.13433523019417662,0.0,-0.04522692461187754,0.041119007274497306,0.0
23.6600000000009,3.2668328613416753,1.1845332712041459,1.99899879159361,0.47696034764761175,-0.13433523019417662,0.0,-0.045208826180368165,0.04113046347374632,0.0
23.6700000000009,3.2826086291274965,1.180234457799545,1.9989985894350115,0.4790944412461879,-0.12642877848289896,0.0,-0.0473456844756593,0.04564665750761043,0.0
23.680000000000902,3.2826086291274965,1.180234457799545,1.9989985894350115,0.4790944412461879,-0.12642877848289896,0.0,-0.04575105676733243,0.040849848824630025,0.0
23.690000000000904,3.2826086291274965,1.180234457799545,1.9989985894350115,0.4790944412461879,-0.12642877848289896,0.0,-0.04573320021652085,0.04086167544775696,0.0
23.700000000000905,3.2826086291274965,1.180234457799545,1.9989985894350115,0.4790944412461879,-0.12642877848289896,0.0,-0.04571534339926262,0.04087350225647239,0.0
23.710000000000907,3.2989355314986746,1.1760788660873969,1.9989984839608907,0.4811887921839865,-0.11824870070974873,0.0,-0.04706350830627078,0.041022318042278225,0.0
23.72000000000091,3.2989355314986746,1.1760788660873969,1.9989984839608907,0.4811887921839865,-0.11824870070974873,0.0,-0.047045747404026034,0.041034967271999755,0.0
23.73000000000091,3.2989355314986746,1.1760788660873969,1.9989984839608907,0.4811887921839865,-0.11824870070974873,0.0,-0.04702798623768425,0.04104761669878281,0.0
23.74000000000091,3.3148311273059408,1.172314587486965,1.998999085817002,0.48276389524366214,-0.11033023647431434,0.0,-0.04756917024462077,0.03906030601734344,0.0
23.750000000000913,3.3148311273059408,1.172314587486965,1.998999085817002,0.48276389524366214,-0.11033023647431434,0.0,-0.04755194154358421,0.039072595996842915,0.0
23.760000000000915,3.3148311273059408,1.172314587486965,1.998999085817002,0.48276389524366214,-0.11033023647431434,0.0,-0.04753471258743977,0.03908488616578047,0.0
23.770000000000916,3.330802279137428,1.168806804190774,1.998998704883347,0.4848602593905776,-0.10244346854169016,0.0,-0.049898236761244226,0.0437678345994249,0.0
23.780000000000918,3.330802279137428,1.168806804190774,1.998998704883347,0.4848602593905776,-0.10244346854169016,0.0,-0.04789420834153365,0.038906247870954036,0.0
23.79000000000092,3.330802279137428,1.168806804190774,1.998998704883347,0.4848602593905776,-0.10244346854169016,0.0,-0.047877260721115054,0.038918892913083925,0.0
23.80000000000092,3.330802279137428,1.168806804190774,1.998998704883347,0.4848602593905776,-0.10244346854169016,0.0,-0.04786031285107647,0.0389315381486294,0.0
23.810000000000922,3.347318714782035,1.1654672829338306,1.998998534354386,0.4866063452069644,-0.09423197362015187,0.0,-0.04893479124886104,0.039597980163409444,0.0
23.820000000000924,3.347318714782035,1.1654672829338306,1.998998534354386,0.4866063452069644,-0.09423197362015187,0.0,-0.04891799290699895,0.03961144924996434,0.0
23.830000000000926,3.347318714782035,1.1654672829338306,1.998998534354386,0.4866063452069644,-0.09423197362015187,0.0,-0.0489011943188678,0.03962491854130383,0.0
23.840000000000927,3.3634015608361785,1.1624939451148666,1.9989982846713068,0.48798790166532424,-0.0862033943798901,0.0,-0.048627253719200424,0.038563669846759886,0.0
23.85000000000093,3.3634015608361785,1.1624939451148666,1.9989982846713068,0.48798790166532424,-0.0862033943798901,0.0,-0.048610930742230475,0.038576765651063785,0.0
23.86000000000093,3.3634015608361785,1.1624939451148666,1.9989982846713068,0.48798790166532424,-0.0862033943798901,0.0,-0.048594607526454725,0.0385898616534876,0.0
23.870000000000932,3.3795217955761023,1.1597892789719375,1.9989983178386201,0.48939870272919767,-0.07807266274532111,0.0,-0.051315666436928864,0.04307923646835781,0.0
23.880000000000933,3.3795217955761023,1.1597892789719375,1.9989983178386201,0.48939870272919767,-0.07807266274532111,0.0,-0.048514972486841966,0.03878331446790468,0.0
23.890000000000935,3.3795217955761023,1.1597892789719375,1.9989983178386201,0.48939870272919767,-0.07807266274532111,0.0,-0.04849883164853154,0.03879674149519806,0.0
23.900000000000936,3.3795217955761023,1.1597892789719375,1.9989983178386201,0.48939870272919767,-0.07807266274532111,0.0,-0.04848269057366935,0.03881016872588651,0.0
23.910000000000938,3.3961789631035444,1.1572818245612535,1.9989983081229377,0.4903472343256745,-0.06967925830138612,0.0,-0.049133945382892466,0.039479199006624915,0.0
23.92000000000094,3.3961789631035444,1.1572818245612535,1.9989983081229377,0.4903472343256745,-0.06967925830138612,0.0,-0.04911788891374053,0.03949343415409191,0.0
23.93000000000094,3.3961789631035444,1.1572818245612535,1.9989983081229377,0.4903472343256745,-0.06967925830138612,0.0,-0.049101832208493394,0.039507669517856524,0.0
23.940000000000943,3.412368697778219,1.1551199622355444,1.9989987454507698,0.4916542179893545,-0.061703815302578714,0.0,-0.048442523916867014,0.03806920068270434,0.0
23.950000000000944,3.412368697778219,1.1551199622355444,1.9989987454507698,0.4916542179893545,-0.061703815302578714,0.0,-0.0484268255779625,0.0380830365030863,0.0
23.960000000000946,3.412368697778219,1.1551199622355444,1.9989987454507698,0.4916542179893545,-0.061703815302578714,0.0,-0.048411127007076296,0.03809687253410574,0.0
23.970000000000947,3.42860861531623,1.1532217092883736,1.9989987723414406,0.4926149235409188,-0.05359781320496743,0.0,-0.05138770683952435,0.042483444151531984,0.0
23.98000000000095,3.42860861531623,1.1532217092883736,1.9989987723414406,0.4926149235409188,-0.05359781320496743,0.0,-0.04873211663466702,0.03800882885651757,0.0
23.99000000000095,3.42860861531623,1.1532217092883736,1.9989987723414406,0.4926149235409188,-0.05359781320496743,0.0,-0.04871665316856113,0.03802299276032548,0.0
24.000000000000952,3.42860861531623,1.1532217092883736,1.9989987723414406,0.4926149235409188,-0.05359781320496743,0.0,-0.04870118947378253,0.038037156879659584,0.0
24.010000000000954,3.4453745930900084,1.151545491671628,1.998998677340885,0.4935773396298844,-0.04524580987013732,0.0,-0.048901248651373054,0.0388539983612098,0.0
24.020000000000955,3.4453745930900084,1.151545491671628,1.998998677340885,0.4935773396298844,-0.04524580987013732,0.0,-0.04888594188486625,0.038868964868102276,0.0
24.030000000000957,3.4453745930900084,1.151545491671628,1.998998677340885,0.4935773396298844,-0.04524580987013732,0.0,-0.04887063489196893,0.03888393160298896,0.0
24.04000000000096,3.4616754124490803,1.1501904718235874,1.99899843912665,0.49431118541661473,-0.037119959583432574,0.0,-0.048180614271863695,0.0371460964592071,0.0
24.05000000000096,3.4616754124490803,1.1501904718235874,1.99899843912665,0.49431118541661473,-0.037119959583432574,0.0,-0.0481656974276268,0.03716062022620456,0.0
24.06000000000096,3.4616754124490803,1.1501904718235874,1.99899843912665,0.49431118541661473,-0.037119959583432574,0.0,-0.04815078036332373,0.03717514421316021,0.0
24.070000000000963,3.477995479466868,1.1491040614296346,1.998998103545855,0.49457847255067605,-0.028940481315767017,0.0,-0.05141643944297219,0.04136035676378426,0.0
24.080000000000965,3.477995479466868,1.1491040614296346,1.998998103545855,0.49457847255067605,-0.028940481315767017,0.0,-0.047804303146202376,0.035998474090678134,0.0
24.090000000000966,3.477995479466868,1.1491040614296346,1.998998103545855,0.49457847255067605,-0.028940481315767017,0.0,-0.04778964848697508,0.03601328861762683,0.0
24.100000000000968,3.477995479466868,1.1491040614296346,1.998998103545855,0.49457847255067605,-0.028940481315767017,0.0,-0.047774993612214885,0.036028103367739164,0.0
24.11000000000097,3.4948109615695158,1.1482688503061487,1.9989981588500259,0.49423205630656586,-0.02046608630510827,0.0,-0.04844576318461582,0.036417035783660685,0.0
24.12000000000097,3.4948109615695158,1.1482688503061487,1.9989981588500259,0.49423205630656586,-0.02046608630510827,0.0,-0.0484313212559259,0.03643262202178835,0.0
24.130000000000972,3.4948109615695158,1.1482688503061487,1.9989981588500259,0.49423205630656586,-0.02046608630510827,0.0,-0.048416879115544695,0.03644820849394511,0.0
24.140000000000974,3.5111357451837546,1.1477295032946448,1.998998616317913,0.49518981078631347,-0.012418231228652581,0.0,-0.0476234272963789,0.034808737225780484,0.0
24.150000000000976,3.5111357451837546,1.1477295032946448,1.998998616317913,0.49518981078631347,-0.012418231228652581,0.0,-0.04760934464037444,0.034823859022960306,0.0
24.160000000000977,3.5111357451837546,1.1477295032946448,1.998998616317913,0.49518981078631347,-0.012418231228652581,0.0,-0.04759526177842962,0.034838981046021476,0.0
24.17000000000098,3.5274826694538675,1.1474583330695936,1.9989987844685406,0.49546386695406863,-0.004258238013523747,0.0,-0.051116483892035255,0.03917380304246704,0.0
24.18000000000098,3.5274826694538675,1.1474583330695936,1.9989987844685406,0.49546386695406863,-0.004258238013523747,0.0,-0.04755948021653996,0.03415644788759543,0.0
24.190000000000982,3.5274826694538675,1.1474583330695936,1.9989987844685406,0.49546386695406863,-0.004258238013523747,0.0,-0.04754567834545259,0.03417183925867445,0.0
24.200000000000983,3.5274826694538675,1.1474583330695936,1.9989987844685406,0.49546386695406863,-0.004258238013523747,0.0,-0.04753187627334552,0.034187230858441095,0.0
24.210000000000985,3.5443308714065225,1.1474607912113237,1.9989987519649892,0.49558342532745553,0.004157460580862687,0.0,-0.048315682890075,0.03434283574733562,0.0
24.220000000000987,3.5443308714065225,1.1474607912113237,1.9989987519649892,0.49558342532745553,0.004157460580862687,0.0,-0.048302134612059136,0.03435897556227723,0.0
24.230000000000988,3.5443308714065225,1.1474607912113237,1.9989987519649892,0.49558342532745553,0.004157460580862687,0.0,-0.048288586137489244,0.03437511561607771,0.0
24.24000000000099,3.56068496033783,1.1477368367136478,1.998998561916718,0.4955768941721252,0.012326483168152998,0.0,-0.04729081745241625,0.03310805935232351,0.0
24.25000000000099,3.56068496033783,1.1477368367136478,1.998998561916718,0.4955768941721252,0.012326483168152998,0.0,-0.04727759748150345,0.033123701752350514,0.0
24.260000000000993,3.56068496033783,1.1477368367136478,1.998998561916718,0.4955768941721252,0.012326483168152998,0.0,-0.04726437731908023,0.033139344383108324,0.0
24.270000000000994,3.577034360956997,1.148282405946643,1.9989982272533295,0.49528872109494637,0.020492040028393728,0.0,-0.05104488601983429,0.03734714551680476,0.0
24.280000000000996,3.577034360956997,1.148282405946643,1.9989982272533295,0.49528872109494637,0.020492040028393728,0.0,-0.047965012915459244,0.03246586214543266,0.0
24.290000000000997,3.577034360956997,1.148282405946643,1.9989982272533295,0.49528872109494637,0.020492040028393728,0.0,-0.04795204164115538,0.032481766725124685,0.0
24.300000000001,3.577034360956997,1.148282405946643,1.9989982272533295,0.49528872109494637,0.020492040028393728,0.0,-0.04793907017811676,0.032497671540030595,0.0
24.310000000001,3.593853994933886,1.1490867422383364,1.9989984254112052,0.49363526112574596,0.026345058529888797,0.0,-0.04786733184234474,0.03206598846967553,0.0
24.320000000001002,3.593853994933886,1.1490867422383364,1.9989984254112052,0.49363526112574596,0.026345058529888797,0.0,-0.04785460933535747,0.03208261333453755,0.0
24.330000000001004,3.593853994933886,1.1490867422383364,1.9989984254112052,0.49363526112574596,0.026345058529888797,0.0,-0.047841886642454166,0.0320992384462889,0.0
24.340000000001005,3.6101582547993187,1.150147953668373,1.9989986461578741,0.4939527254248802,0.03695096525785424,0.0,-0.048772602865889046,0.03138420535679951,0.0
24.350000000001007,3.6101582547993187,1.150147953668373,1.9989986461578741,0.4939527254248802,0.03695096525785424,0.0,-0.04876019699452195,0.031400296395574984,0.0
24.36000000000101,3.6101582547993187,1.150147953668373,1.9989986461578741,0.4939527254248802,0.03695096525785424,0.0,-0.04874779094167702,0.03141638767297369,0.0
24.37000000000101,3.6264498388703794,1.1515061235527346,1.9989987737764117,0.4933821211328645,0.045111774489852714,0.0,-0.05272643995534855,0.035589477244155586,0.0
24.38000000000101,3.6264498388703794,1.1515061235527346,1.9989987737764117,0.4933821211328645,0.045111774489852714,0.0,-0.04981127542656832,0.030828739976649484,0.0
24.390000000001013,3.6264498388703794,1.1515061235527346,1.9989987737764117,0.4933821211328645,0.045111774489852714,0.0,-0.04979917839789323,0.0308450663167218,0.0
24.400000000001015,3.6264498388703794,1.1515061235527346,1.9989987737764117,0.4933821211328645,0.045111774489852714,0.0,-0.049787081192384716,0.03086139289835869,0.0
24.410000000001016,3.643212607573031,1.1531868531992593,1.9989987881113882,0.49265870077483254,0.053508245798421596,0.0,-0.050811357816561785,0.03138931167634243,0.0
24.420000000001018,3.643212607573031,1.1531868531992593,1.9989987881113882,0.49265870077483254,0.053508245798421596,0.0,-0.0507995987974758,0.03140635030439408,0.0
24.43000000000102,3.643212607573031,1.1531868531992593,1.9989987881113882,0.49265870077483254,0.053508245798421596,0.0,-0.05078783960657889,0.0314233891846863,0.0
24.44000000000102,3.6594563990153617,1.1550909472398787,1.9989986553436727,0.491836803626266,0.061647725439102775,0.0,-0.05066157156815262,0.03019148525018871,0.0
24.450000000001022,3.6594563990153617,1.1550909472398787,1.9989986553436727,0.491836803626266,0.061647725439102775,0.0,-0.05065012450393618,0.030207995876116518,0.0
24.460000000001024,3.6594563990153617,1.1550909472398787,1.9989986553436727,0.491836803626266,0.061647725439102775,0.0,-0.05063867727265157,0.030224506745640447,0.0
24.470000000001026,3.675669744111093,1.1572632194593009,1.9989983390819706,0.4908116645100971,0.06975151029343124,0.0,-0.054770334717195064,0.034258618652890115,0.0
24.480000000001027,3.675669744111093,1.1572632194593009,1.9989983390819706,0.4908116645100971,0.06975151029343124,0.0,-0.05109664033835556,0.02994643172614447,0.0
24.49000000000103,3.675669744111093,1.1572632194593009,1.9989983390819706,0.4908116645100971,0.06975151029343124,0.0,-0.051085535711626336,0.029963164043480272,0.0
24.50000000000103,3.675669744111093,1.1572632194593009,1.9989983390819706,0.4908116645100971,0.06975151029343124,0.0,-0.05107443092302229,0.029979896607323826,0.0
24.510000000001032,3.692331579501326,1.1597552454771467,1.9989982323356612,0.48944153247131056,0.07617105002224475,0.0,-0.05144343489660864,0.030018855008823352,0.0
24.520000000001033,3.692331579501326,1.1597552454771467,1.9989982323356612,0.48944153247131056,0.07617105002224475,0.0,-0.05143271905542702,0.030036273169176942,0.0
24.530000000001035,3.692331579501326,1.1597552454771467,1.9989982323356612,0.48944153247131056,0.07617105002224475,0.0,-0.051422003058210444,0.03005369158612539,0.0
24.540000000001037,3.7084415360312883,1.1623831340466915,1.9989992182348386,0.4873092840769043,0.08445293913159872,0.0,-0.05049219304693817,0.028796450906737697,0.0
24.550000000001038,3.7084415360312883,1.1623831340466915,1.9989992182348386,0.4873092840769043,0.08445293913159872,0.0,-0.05048177642409799,0.0288132996377408,0.0
24.56000000000104,3.7084415360312883,1.1623831340466915,1.9989992182348386,0.4873092840769043,0.08445293913159872,0.0,-0.050471359650177995,0.028830148615562913,0.0
24.57000000000104,3.7245131023998557,1.1653585671309914,1.9989987036369186,0.48635786601685943,0.0942797610793255,0.0,-0.055545912592011415,0.03293897654331362,0.0
24.580000000001043,3.7245131023998557,1.1653585671309914,1.9989987036369186,0.48635786601685943,0.0942797610793255,0.0,-0.05133185994029206,0.02863344050943488,0.0
24.590000000001044,3.7245131023998557,1.1653585671309914,1.9989987036369186,0.48635786601685943,0.0942797610793255,0.0,-0.0513218198803631,0.02865048089014059,0.0
24.600000000001046,3.7245131023998557,1.1653585671309914,1.9989987036369186,0.48635786601685943,0.0942797610793255,0.0,-0.05131177967554921,0.028667521519180644,0.0
24.610000000001047,3.741022160388797,1.1687091761577142,1.9989987827077653,0.4847870322875479,0.10256911631472618,0.0,-0.052508073588128805,0.029369530706598167,0.0
24.62000000000105,3.741022160388797,1.1687091761577142,1.9989987827077653,0.4847870322875479,0.10256911631472618,0.0,-0.05249847024600449,0.02938725834253241,0.0
24.63000000000105,3.741022160388797,1.1687091761577142,1.9989987827077653,0.4847870322875479,0.10256911631472618,0.0,-0.0524888667655715,0.02940498623679348,0.0
24.640000000001052,3.756992443830801,1.1722303455602119,1.998998687541005,0.4831434389199401,0.11059236987999642,0.0,-0.05227218676373053,0.028441717230424195,0.0
24.650000000001054,3.756992443830801,1.1722303455602119,1.998998687541005,0.4831434389199401,0.11059236987999642,0.0,-0.05226290236057578,0.028458909785917797,0.0
24.660000000001055,3.756992443830801,1.1722303455602119,1.998998687541005,0.4831434389199401,0.11059236987999642,0.0,-0.052253617824088085,0.02847610259083796,0.0
24.670000000001057,3.7729050152783588,1.1760153266231932,1.9989984416900393,0.48129335320577393,0.11854992392061914,0.0,-0.0566948918427097,0.032181130560456024,0.0
24.68000000000106,3.7729050152783588,1.1760153266231932,1.9989984416900393,0.48129335320577393,0.11854992392061914,0.0,-0.05338649908926415,0.02826968402762031,0.0
24.69000000000106,3.7729050152783588,1.1760153266231932,1.9989984416900393,0.48129335320577393,0.11854992392061914,0.0,-0.053377657585805524,0.028287145325469,0.0
24.70000000000106,3.7729050152783588,1.1760153266231932,1.9989984416900393,0.48129335320577393,0.11854992392061914,0.0,-0.053368815955222075,0.028304606876976234,0.0
24.710000000001063,3.7892268250288614,1.1801873981353843,1.9989983163874663,0.47912844896125495,0.12667204823241537,0.0,-0.05478445256022085,0.028526731145972324,0.0
24.720000000001065,3.7892268250288614,1.1801873981353843,1.9989983163874663,0.47912844896125495,0.12667204823241537,0.0,-0.05477614431584104,0.028544924259541908,0.0
24.730000000001066,3.7892268250288614,1.1801873981353843,1.9989983163874663,0.47912844896125495,0.12667204823241537,0.0,-0.054767835951772814,0.028563117638340758,0.0
24.740000000001068,3.804998267618129,1.184499775823016,1.998998150860887,0.4766224828754204,0.13440551539381448,0.0,-0.05439153124398759,0.027403396939398795,0.0
24.75000000000107,3.804998267618129,1.184499775823016,1.998998150860887,0.4766224828754204,0.13440551539381448,0.0,-0.05438356839687052,0.027421104158120817,0.0
24.76000000000107,3.804998267618129,1.184499775823016,1.998998150860887,0.4766224828754204,0.13440551539381448,0.0,-0.054375605435004644,0.02743881163468178,0.0
24.770000000001072,3.8206707445832766,1.1890673645609384,1.9989990143442653,0.4744528338284164,0.1424715963608967,0.0,-0.05895922975593456,0.030983741072882563,0.0
24.780000000001074,3.8206707445832766,1.1890673645609384,1.9989990143442653,0.4744528338284164,0.1424715963608967,0.0,-0.05498097515157969,0.027170725150531705,0.0
24.790000000001076,3.8206707445832766,1.1890673645609384,1.9989990143442653,0.4744528338284164,0.1424715963608967,0.0,-0.05497346404411631,0.02718865541787963,0.0
24.800000000001077,3.8206707445832766,1.1890673645609384,1.9989990143442653,0.4744528338284164,0.1424715963608967,0.0,-0.054965952828602366,0.027206585946033302,0.0
24.81000000000108,3.836761278385689,1.194053106625149,1.998998723233085,0.4720521187684,0.1505591388540718,0.0,-0.056143257828546685,0.027270487537573697,0.0
24.82000000000108,3.836761278385689,1.194053106625149,1.998998723233085,0.4720521187684,0.1505591388540718,0.0,-0.05613631044983251,0.027289104677869307,0.0
24.830000000001082,3.836761278385689,1.194053106625149,1.998998723233085,0.4720521187684,0.1505591388540718,0.0,-0.05612936297128804,0.027307722089197742,0.0
24.840000000001083,3.852297760616513,1.199154641200776,1.99899867615424,0.4695972268448944,0.15838071172242993,0.0,-0.05552570973826536,0.02674051733923431,0.0
24.850000000001085,3.852297760616513,1.199154641200776,1.99899867615424,0.4695972268448944,0.15838071172242993,0.0,-0.05551908325810543,0.026758621924568564,0.0
24.860000000001087,3.852297760616513,1.199154641200776,1.99899867615424,0.4695972268448944,0.15838071172242993,0.0,-0.05551245668299225,0.02677672677261449,0.0
24.870000000001088,3.8677489897273754,1.2045127165327232,1.998998449505483,0.46676592740182843,0.16606953781278627,0.0,-0.060077145127752425,0.030005635638746496,0.0
24.88000000000109,3.8677489897273754,1.2045127165327232,1.998998449505483,0.46676592740182843,0.16606953781278627,0.0,-0.05503888109981578,0.02670186173470041,0.0
24.89000000000109,3.8677489897273754,1.2045127165327232,1.998998449505483,0.46676592740182843,0.16606953781278627,0.0,-0.05503271036900637,0.026720160685525993,0.0
24.900000000001093,3.8677489897273754,1.2045127165327232,1.998998449505483,0.46676592740182843,0.16606953781278627,0.0,-0.05502653955005577,0.02673845990147913,0.0
24.910000000001094,3.883568589049662,1.2102966342579005,1.99899861208132,0.46398721073476606,0.17397132936471787,0.0,-0.05606550883289916,0.027347375297129925,0.0
24.920000000001096,3.883568589049662,1.2102966342579005,1.99899861208132,0.46398721073476606,0.17397132936471787,0.0,-0.05605992346086086,0.02736633403207324,0.0
24.930000000001098,3.883568589049662,1.2102966342579005,1.99899861208132,0.46398721073476606,0.17397132936471787,0.0,-0.05605433800922414,0.02738529304195486,0.0
24.9400000000011,3.8988324151403355,1.2161675856592127,1.9989984363702913,0.46112253675591675,0.18159321795438377,0.0,-0.055413494269587645,0.02550410631320383,0.0
24.9500000000011,3.8988324151403355,1.2161675856592127,1.9989984363702913,0.46112253675591675,0.18159321795438377,0.0,-0.05540819129167855,0.02552251954580641,0.0
24.960000000001102,3.8988324151403355,1.2161675856592127,1.9989984363702913,0.46112253675591675,0.18159321795438377,0.0,-0.05540288823855305,0.025540933043538255,0.0
24.970000000001104,3.9139915213124206,1.2222861639250773,1.998998211870594,0.4572449442270807,0.188866456731951,0.0,-0.05998212690075241,0.028265054555339158,0.0
24.980000000001105,3.9139915213124206,1.2222861639250773,1.998998211870594,0.4572449442270807,0.188866456731951,0.0,-0.054603413543961615,0.024649891467821042,0.0
24.990000000001107,3.9139915213124206,1.2222861639250773,1.998998211870594,0.4572449442270807,0.188866456731951,0.0,-0.05459855731505327,0.02466845673661586,0.0
25.00000000000111,3.9139915213124206,1.2222861639250773,1.998998211870594,0.4572449442270807,0.188866456731951,0.0,-0.054593701017378156,0.024687022272465185,0.0
25.01000000000111,3.9294853232124973,1.22884882144231,1.9989984910967884,0.45463357287729733,0.1970383143251678,0.0,-0.05551932845733623,0.0247222313225075,0.0
25.02000000000111,3.9294853232124973,1.22884882144231,1.9989984910967884,0.45463357287729733,0.1970383143251678,0.0,-0.05551506922031106,0.024741407384896757,0.0
25.030000000001113,3.9294853232124973,1.22884882144231,1.9989984910967884,0.45463357287729733,0.1970383143251678,0.0,-0.055510809923003425,0.02476058372370289,0.0
25.040000000001115,3.9444320411981946,1.2354787801522926,1.998998604286455,0.4513445073004421,0.20455515566356217,0.0,-0.05397092760666785,0.023646972329390555,0.0
25.050000000001116,3.9444320411981946,1.2354787801522926,1.998998604286455,0.4513445073004421,0.20455515566356217,0.0,-0.05396691539812434,0.023665577685572585,0.0
25.060000000001118,3.9444320411981946,1.2354787801522926,1.998998604286455,0.4513445073004421,0.20455515566356217,0.0,-0.05396290313294905,0.02368418330891012,0.0
25.07000000000112,3.959264265185438,1.2423537460670093,1.9989986641036992,0.44740733598460997,0.21174522498859147,0.0,-0.05875789638136387,0.026358810248956033,0.0
25.08000000000112,3.959264265185438,1.2423537460670093,1.9989986641036992,0.44740733598460997,0.21174522498859147,0.0,-0.05401830292570582,0.02263006976071154,0.0
25.090000000001123,3.959264265185438,1.2423537460670093,1.9989986641036992,0.44740733598460997,0.21174522498859147,0.0,-0.054014829311365475,0.02264881823806061,0.0
25.100000000001124,3.959264265185438,1.2423537460670093,1.9989986641036992,0.44740733598460997,0.21174522498859147,0.0,-0.05401135564798367,0.022667566984821492,0.0
25.110000000001126,3.9744261361242925,1.2496915801372783,1.9989986938782727,0.44423187505813244,0.2195219425178854,0.0,-0.05496372115430859,0.022565833469332518,0.0
25.120000000001127,3.9744261361242925,1.2496915801372783,1.9989986938782727,0.44423187505813244,0.2195219425178854,0.0,-0.05496095468275064,0.022585180040932858,0.0
25.13000000000113,3.9744261361242925,1.2496915801372783,1.9989986938782727,0.44423187505813244,0.2195219425178854,0.0,-0.05495818817205048,0.022604526891947536,0.0
25.14000000000113,3.9890252817222143,1.2570604784618165,1.9989986177873482,0.4406614703821173,0.2268524078983146,0.0,-0.0544478924365407,0.02225398713223059,0.0
25.150000000001132,3.9890252817222143,1.2570604784618165,1.9989986177873482,0.4406614703821173,0.2268524078983146,0.0,-0.05444541639453453,0.022272766865739604,0.0
25.160000000001133,3.9890252817222143,1.2570604784618165,1.9989986177873482,0.4406614703821173,0.2268524078983146,0.0,-0.05444294031759094,0.022291546869693556,0.0
25.170000000001135,4.0035030076871365,1.2646694663149256,1.9989983684923596,0.4368686436240975,0.23406688256503197,0.0,-0.05937502944856361,0.024987468303876503,0.0
25.180000000001137,4.0035030076871365,1.2646694663149256,1.9989983684923596,0.4368686436240975,0.23406688256503197,0.0,-0.054855103069762566,0.021336498509587548,0.0
25.190000000001138,4.0035030076871365,1.2646694663149256,1.9989983684923596,0.4368686436240975,0.23406688256503197,0.0,-0.0548531396021119,0.02135538476161327,0.0
25.20000000000114,4.0035030076871365,1.2646694663149256,1.9989983684923596,0.4368686436240975,0.23406688256503197,0.0,-0.054851176106839185,0.021374271284995732,0.0
25.21000000000114,4.018271838791357,1.2727500537146976,1.9989987793770738,0.43171037674502627,0.24095935046184064,0.0,-0.05544068676952767,0.02094089911541984,0.0
25.220000000001143,4.018271838791357,1.2727500537146976,1.9989987793770738,0.43171037674502627,0.24095935046184064,0.0,-0.05543942826575445,0.020960318582670237,0.0
25.230000000001144,4.018271838791357,1.2727500537146976,1.9989987793770738,0.43171037674502627,0.24095935046184064,0.0,-0.05543816974431634,0.020979738329083657,0.0
25.240000000001146,4.032472919335154,1.28083747978283,1.9989984735869806,0.42853893474107063,0.24862542515328032,0.0,-0.055252639655129616,0.019954129467529492,0.0
25.250000000001148,4.032472919335154,1.28083747978283,1.9989984735869806,0.42853893474107063,0.24862542515328032,0.0,-0.05525161110612711,0.019972941752496847,0.0
25.26000000000115,4.032472919335154,1.28083747978283,1.9989984735869806,0.42853893474107063,0.24862542515328032,0.0,-0.055250582542800734,0.019991754305469525,0.0
25.27000000000115,4.046537311768645,1.2891577380752062,1.9989989983698033,0.4242474298814379,0.2555571247056379,0.0,-0.06016008126687109,0.022404090131435725,0.0
25.280000000001152,4.046537311768645,1.2891577380752062,1.9989989983698033,0.4242474298814379,0.2555571247056379,0.0,-0.0556149829173479,0.019072690522371104,0.0
25.290000000001154,4.046537311768645,1.2891577380752062,1.9989989983698033,0.4242474298814379,0.2555571247056379,0.0,-0.05561445252670801,0.019091575326584957,0.0
25.300000000001155,4.046537311768645,1.2891577380752062,1.9989989983698033,0.4242474298814379,0.2555571247056379,0.0,-0.05561392212872593,0.019110460398478253,0.0
25.310000000001157,4.060890078736913,1.2979754046246945,1.9989987630113397,0.4200088288889161,0.26282446695521144,0.0,-0.0567172183692852,0.01978578201228591,0.0
25.32000000000116,4.060890078736913,1.2979754046246945,1.9989987630113397,0.4200088288889161,0.26282446695521144,0.0,-0.05671740925589126,0.01980516427169327,0.0
25.33000000000116,4.060890078736913,1.2979754046246945,1.9989987630113397,0.4200088288889161,0.26282446695521144,0.0,-0.056717600145127466,0.019824546805816065,0.0
25.34000000000116,4.0746778421937755,1.30676688219436,1.9989987365580082,0.4157215154577891,0.2697715266788302,0.0,-0.055437904885530305,0.01823984711003579,0.0
25.350000000001163,4.0746778421937755,1.30676688219436,1.9989987365580082,0.4157215154577891,0.2697715266788302,0.0,-0.05543827120836016,0.018258610676641043,0.0
25.360000000001165,4.0746778421937755,1.30676688219436,1.9989987365580082,0.4157215154577891,0.2697715266788302,0.0,-0.055438637536190494,0.018277374506191723,0.0
25.370000000001166,4.0883218827247045,1.315786221048501,1.9989985364858447,0.4113120038242229,0.2766405089217688,0.0,-0.06044445273558557,0.020566799721100266,0.0
25.380000000001168,4.0883218827247045,1.315786221048501,1.9989985364858447,0.4113120038242229,0.2766405089217688,0.0,-0.05529062399352283,0.017304694566832986,0.0
25.39000000000117,4.0883218827247045,1.315786221048501,1.9989985364858447,0.4113120038242229,0.2766405089217688,0.0,-0.055291467534759116,0.017323507377760734,0.0
25.40000000000117,4.0883218827247045,1.315786221048501,1.9989985364858447,0.4113120038242229,0.2766405089217688,0.0,-0.05529231108744083,0.01734232045096899,0.0
25.410000000001173,4.102222983755013,1.3253131657976656,1.9989981772676375,0.40650916146244326,0.2835357481639311,0.0,-0.056239812465497065,0.016832822618662268,0.0
25.420000000001174,4.102222983755013,1.3253131657976656,1.9989981772676375,0.40650916146244326,0.2835357481639311,0.0,-0.05624137512511143,0.01685208813376147,0.0
25.430000000001176,4.102222983755013,1.3253131657976656,1.9989981772676375,0.40650916146244326,0.2835357481639311,0.0,-0.05624293780584415,0.01687135391721367,0.0
25.440000000001177,4.115554935823372,1.334749977217394,1.9989987572587706,0.4022649112004424,0.2880497719549033,0.0,-0.05419055402708058,0.015499136396948224,0.0
25.45000000000118,4.115554935823372,1.334749977217394,1.9989987572587706,0.4022649112004424,0.2880497719549033,0.0,-0.05419222114486495,0.015517768297174902,0.0
25.46000000000118,4.115554935823372,1.334749977217394,1.9989987572587706,0.4022649112004424,0.2880497719549033,0.0,-0.054193888284975865,0.01553640045404155,0.0
25.470000000001182,4.128754174636839,1.3443726725576755,1.9989985405785797,0.3967942937062204,0.296698834570973,0.0,-0.060073519792796216,0.01724982811996085,0.0
25.480000000001183,4.128754174636839,1.3443726725576755,1.9989985405785797,0.3967942937062204,0.296698834570973,0.0,-0.05527229166644659,0.01467680598448002,0.0
25.490000000001185,4.128754174636839,1.3443726725576755,1.9989985405785797,0.3967942937062204,0.296698834570973,0.0,-0.05527444979505903,0.014695506049435664,0.0
25.500000000001187,4.128754174636839,1.3443726725576755,1.9989985405785797,0.3967942937062204,0.296698834570973,0.0,-0.055276607952538824,0.01471420637196607,0.0
25.510000000001188,4.142152914200616,1.3545784589283487,1.9989987677043406,0.39162809787311753,0.30344208608213435,0.0,-0.056333571933480577,0.014900662742633464,0.0
25.52000000000119,4.142152914200616,1.3545784589283487,1.9989987677043406,0.39162809787311753,0.30344208608213435,0.0,-0.05633648980719709,0.014919841388694543,0.0
25.53000000000119,4.142152914200616,1.3545784589283487,1.9989987677043406,0.39162809787311753,0.30344208608213435,0.0,-0.05633940772000643,0.014939020300477182,0.0
25.540000000001193,4.154992510306247,1.364702550601762,1.9989987860966534,0.38665669603246217,0.3099279374415671,0.0,-0.05447906989391805,0.014225277561410456,0.0
25.550000000001194,4.154992510306247,1.364702550601762,1.9989987860966534,0.38665669603246217,0.3099279374415671,0.0,-0.05448207886781937,0.01424387677272441,0.0
25.560000000001196,4.154992510306247,1.364702550601762,1.9989987860966534,0.38665669603246217,0.3099279374415671,0.0,-0.0544850878820025,0.014262476241139318,0.0
25.570000000001198,4.167666108325249,1.3750391909610526,1.9989986695192778,0.38158811844611606,0.31633930809699284,0.0,-0.059652538495860996,0.016046201448375663,0.0
25.5800000000012,4.167666108325249,1.3750391909610526,1.9989986695192778,0.38158811844611606,0.31633930809699284,0.0,-0.054548776359537275,0.014276148283326445,0.0
25.5900000000012,4.167666108325249,1.3750391909610526,1.9989986695192778,0.38158811844611606,0.31633930809699284,0.0,-0.05455225355859083,0.014294791393139475,0.0
25.600000000001202,4.167666108325249,1.3750391909610526,1.9989986695192778,0.38158811844611606,0.31633930809699284,0.0,-0.05455573080417717,0.014313434761121622,0.0
25.610000000001204,4.180546422006417,1.3859084163926105,1.9989983339965633,0.3762087232965461,0.3228160111508776,0.0,-0.055536781807850995,0.014328168028174904,0.0
25.620000000001205,4.180546422006417,1.3859084163926105,1.9989983339965633,0.3762087232965461,0.3228160111508776,0.0,-0.0555410112238975,0.014347238454644428,0.0
25.630000000001207,4.180546422006417,1.3859084163926105,1.9989983339965633,0.3762087232965461,0.3228160111508776,0.0,-0.05554524069666652,0.01436630914683579,0.0
25.64000000000121,4.192875822996539,1.3966524951957087,1.9989978319791462,0.3717864381794984,0.3269972821256819,0.0,-0.0528304509922866,0.014243275642851709,0.0
25.65000000000121,4.192875822996539,1.3966524951957087,1.9989978319791462,0.3717864381794984,0.3269972821256819,0.0,-0.052834690516833184,0.01426175691487825,0.0
25.66000000000121,4.192875822996539,1.3966524951957087,1.9989978319791462,0.3717864381794984,0.3269972821256819,0.0,-0.052838930097924154,0.014280238442669879,0.0
25.670000000001213,4.205079084832253,1.4074937751701908,1.9989988419082942,0.36742526728515407,0.3322460410469265,0.0,-0.05776693826319941,0.016288867314948118,0.0
25.680000000001215,4.205079084832253,1.4074937751701908,1.9989988419082942,0.36742526728515407,0.3322460410469265,0.0,-0.05272693531509885,0.01435928940602037,0.0
25.690000000001216,4.205079084832253,1.4074937751701908,1.9989988419082942,0.36742526728515407,0.3322460410469265,0.0,-0.052731590671114485,0.014377787010750823,0.0
25.700000000001218,4.205079084832253,1.4074937751701908,1.9989988419082942,0.36742526728515407,0.3322460410469265,0.0,-0.05273624608881787,0.014396284870369069,0.0
25.71000000000122,4.21740827892055,1.4189684774974487,1.9989987128772342,0.35933333425450636,0.34101252131103865,0.0,-0.05461186995038739,0.012752193879413584,0.0
25.72000000000122,4.21740827892055,1.4189684774974487,1.9989987128772342,0.35933333425450636,0.34101252131103865,0.0,-0.054617275172077207,0.012771057720715713,0.0
25.730000000001223,4.21740827892055,1.4189684774974487,1.9989987128772342,0.35933333425450636,0.34101252131103865,0.0,-0.05462268046520837,0.012789921821836765,0.0
25.740000000001224,4.229171533633812,1.4303236567943451,1.9989987882881224,0.3537336236814222,0.34697638951185616,0.0,-0.053425851697635855,0.011361359731180536,0.0
25.750000000001226,4.229171533633812,1.4303236567943451,1.9989987882881224,0.3537336236814222,0.34697638951185616,0.0,-0.053431232784805535,0.01137960691084066,0.0
25.760000000001227,4.229171533633812,1.4303236567943451,1.9989987882881224,0.3537336236814222,0.34697638951185616,0.0,-0.05343661394243255,0.011397854338791556,0.0
25.77000000000123,4.2407481556793885,1.441873893438922,1.9989987215667364,0.348042548603306,0.35285403399867993,0.0,-0.05871356239275362,0.012595566110526084,0.0
25.78000000000123,4.2407481556793885,1.441873893438922,1.9989987215667364,0.348042548603306,0.35285403399867993,0.0,-0.052748166551907325,0.010077075339851907,0.0
25.790000000001232,4.2407481556793885,1.441873893438922,1.9989987215667364,0.348042548603306,0.35285403399867993,0.0,-0.052753965008647104,0.010095266241156203,0.0
25.800000000001234,4.2407481556793885,1.441873893438922,1.9989987215667364,0.348042548603306,0.35285403399867993,0.0,-0.05275976354084937,0.010113457388452023,0.0
25.810000000001235,4.2524769677111625,1.4539748867250961,1.9989984629871547,0.3420502692970362,0.35878440493081465,0.0,-0.05311471212677237,0.009337555567559316,0.0
25.820000000001237,4.2524769677111625,1.4539748867250961,1.9989984629871547,0.3420502692970362,0.35878440493081465,0.0,-0.0531212482625595,0.009356050383673608,0.0
25.830000000001238,4.2524769677111625,1.4539748867250961,1.9989984629871547,0.3420502692970362,0.35878440493081465,0.0,-0.05312778448315597,0.00937454544979565,0.0
25.84000000000124,4.263658468991325,1.4659038314074155,1.9989984043545925,0.3355604020709095,0.36373653465273753,0.0,-0.051395065999583364,0.008651323933982547,0.0
25.85000000000124,4.263658468991325,1.4659038314074155,1.9989984043545925,0.3355604020709095,0.36373653465273753,0.0,-0.051401566993635774,0.008669201707749558,0.0
25.860000000001243,4.263658468991325,1.4659038314074155,1.9989984043545925,0.3355604020709095,0.36373653465273753,0.0,-0.05140806807121962,0.00868707972034632,0.0
25.870000000001244,4.274640073411751,1.4780099955359085,1.9989981397899204,0.32965289390561203,0.3693026800854462,0.0,-0.05680192522101417,0.00962044838511002,0.0
25.880000000001246,4.274640073411751,1.4780099955359085,1.9989981397899204,0.32965289390561203,0.3693026800854462,0.0,-0.052021479158075666,0.008740614991933217,0.0
25.890000000001248,4.274640073411751,1.4780099955359085,1.9989981397899204,0.32965289390561203,0.3693026800854462,0.0,-0.05202854056617744,0.008758505525734735,0.0
25.90000000000125,4.274640073411751,1.4780099955359085,1.9989981397899204,0.32965289390561203,0.3693026800854462,0.0,-0.052035602064641126,0.008776396298294322,0.0
25.91000000000125,4.285735415848897,1.4906646423877052,1.9989984869393216,0.3234914097754339,0.3751726111996279,0.0,-0.05329493085606513,0.008848417733867618,0.0
25.920000000001252,4.285735415848897,1.4906646423877052,1.9989984869393216,0.3234914097754339,0.3751726111996279,0.0,-0.05330287886603704,0.008866652494192752,0.0
25.930000000001254,4.285735415848897,1.4906646423877052,1.9989984869393216,0.3234914097754339,0.3751726111996279,0.0,-0.05331082697748815,0.008884887498579741,0.0
25.940000000001255,4.296305409972696,1.5031364540495051,1.9989987392558262,0.3172989975166467,0.38053142388504196,0.0,-0.05196783666881096,0.008542576422870455,0.0
25.950000000001257,4.296305409972696,1.5031364540495051,1.9989987392558262,0.3172989975166467,0.38053142388504196,0.0,-0.05197582821645169,0.008560268877679647,0.0
25.96000000000126,4.296305409972696,1.5031364540495051,1.9989987392558262,0.3172989975166467,0.38053142388504196,0.0,-0.051983819864916576,0.00857796156628656,0.0
25.97000000000126,4.306670117626212,1.5157840354400962,1.9989987214183425,0.31104363253124007,0.3858156663364325,0.0,-0.05732322857111073,0.00914449075769663,0.0
25.98000000000126,4.306670117626212,1.5157840354400962,1.9989987214183425,0.31104363253124007,0.3858156663364325,0.0,-0.05237798239288544,0.008196930585655283,0.0
25.990000000001263,4.306670117626212,1.5157840354400962,1.9989987214183425,0.31104363253124007,0.3858156663364325,0.0,-0.05238648868455492,0.008214600775441352,0.0
26.000000000001265,4.306670117626212,1.5157840354400962,1.9989987214183425,0.31104363253124007,0.3858156663364325,0.0,-0.05239499508293836,0.008232271197947725,0.0
26.010000000001266,4.317130683111808,1.5289945192899057,1.9989985083511943,0.3044624582579775,0.39109118128613346,0.0,-0.053357082118663246,0.008285673524568,0.0
26.020000000001268,4.317130683111808,1.5289945192899057,1.9989985083511943,0.3044624582579775,0.39109118128613346,0.0,-0.05336645329132344,0.008303642517219175,0.0
26.03000000000127,4.317130683111808,1.5289945192899057,1.9989985083511943,0.3044624582579775,0.39109118128613346,0.0,-0.053375824581256656,0.008321611747146209,0.0
26.04000000000127,4.327060466975993,1.541974525316,1.9989989240016879,0.29774978662591567,0.39563592577361134,0.0,-0.05196538055433155,0.007496717018031962,0.0
26.050000000001273,4.327060466975993,1.541974525316,1.9989989240016879,0.29774978662591567,0.39563592577361134,0.0,-0.051974721933237544,0.007514132272407465,0.0
26.060000000001274,4.327060466975993,1.541974525316,1.9989989240016879,0.29774978662591567,0.39563592577361134,0.0,-0.051984063427776644,0.007531547753759001,0.0
26.070000000001276,4.33678311786861,1.555123187160859,1.9989984041720723,0.29145708256382546,0.40079548168670304,0.0,-0.05736704553985966,0.007877125156610073,0.0
26.080000000001277,4.33678311786861,1.555123187160859,1.9989984041720723,0.29145708256382546,0.40079548168670304,0.0,-0.05222516386756653,0.00790620247590125,0.0
26.09000000000128,4.33678311786861,1.555123187160859,1.9989984041720723,0.29145708256382546,0.40079548168670304,0.0,-0.05223498810422726,0.007923583754591172,0.0
26.10000000000128,4.33678311786861,1.555123187160859,1.9989984041720723,0.29145708256382546,0.40079548168670304,0.0,-0.05224481246183432,0.00794096525935073,0.0
26.110000000001282,4.346566823058339,1.5688274139091194,1.998998588526786,0.2839835690100444,0.404900891924056,0.0,-0.052817114931860754,0.0076739175578554395,0.0
26.120000000001284,4.346566823058339,1.5688274139091194,1.998998588526786,0.2839835690100444,0.404900891924056,0.0,-0.05282778328738765,0.007691557547571938,0.0
26.130000000001285,4.346566823058339,1.5688274139091194,1.998998588526786,0.2839835690100444,0.404900891924056,0.0,-0.052838451773881516,0.007709197767063013,0.0
26.140000000001287,4.355836072396096,1.5822871421256013,1.9989986508990083,0.2777087279696962,0.41025396198526515,0.0,-0.051530507891445136,0.007585210247657079,0.0
26.150000000001288,4.355836072396096,1.5822871421256013,1.9989986508990083,0.2777087279696962,0.41025396198526515,0.0,-0.05154107513438635,0.007602316898194558,0.0
26.16000000000129,4.355836072396096,1.5822871421256013,1.9989986508990083,0.2777087279696962,0.41025396198526515,0.0,-0.051551642505553434,0.007619423768710421,0.0
26.17000000000129,4.364886084907685,1.595905168097177,1.998998665350625,0.2709557058400645,0.41490357018444796,0.0,-0.05686619781770922,0.007509511728200543,0.0
26.180000000001293,4.364886084907685,1.595905168097177,1.998998665350625,0.2709557058400645,0.41490357018444796,0.0,-0.04981429723558912,0.007561490004463507,0.0
26.190000000001294,4.364886084907685,1.595905168097177,1.998998665350625,0.2709557058400645,0.41490357018444796,0.0,-0.049824728179746536,0.00757808097045425,0.0
26.200000000001296,4.364886084907685,1.595905168097177,1.998998665350625,0.2709557058400645,0.41490357018444796,0.0,-0.04983515924911856,0.0075946721471479885,0.0
26.210000000001298,4.373974546803936,1.6100921400515642,1.9989984622696793,0.2638278593217519,0.41941890903901624,0.0,-0.051727320769472916,0.0074836881553266895,0.0
26.2200000000013,4.373974546803936,1.6100921400515642,1.9989984622696793,0.2638278593217519,0.41941890903901624,0.0,-0.05173914782508542,0.007500951855305593,0.0
26.2300000000013,4.373974546803936,1.6100921400515642,1.9989984622696793,0.2638278593217519,0.41941890903901624,0.0,-0.05175097502294008,0.007518215776773638,0.0
26.240000000001302,4.382557215122638,1.6239947811384932,1.9989988485649246,0.2569887881966726,0.42372377856577936,0.0,-0.05010505198310296,0.0075465866217931405,0.0
26.250000000001304,4.382557215122638,1.6239947811384932,1.9989988485649246,0.2569887881966726,0.42372377856577936,0.0,-0.050116752277044783,0.007563367604293223,0.0
26.260000000001305,4.382557215122638,1.6239947811384932,1.9989988485649246,0.2569887881966726,0.42372377856577936,0.0,-0.050128452709821206,0.007580148798931356,0.0
26.270000000001307,4.39091891947493,1.6380488285138357,1.9989985927382585,0.25000938424895847,0.42792949277222553,0.0,-0.055449437833070554,0.007121481158592423,0.0
26.28000000000131,4.39091891947493,1.6380488285138357,1.9989985927382585,0.25000938424895847,0.42792949277222553,0.0,-0.05038077043565119,0.006766002843408069,0.0
26.29000000000131,4.39091891947493,1.6380488285138357,1.9989985927382585,0.25000938424895847,0.42792949277222553,0.0,-0.050393029818843214,0.006782792512129949,0.0
26.30000000000131,4.39091891947493,1.6380488285138357,1.9989985927382585,0.25000938424895847,0.42792949277222553,0.0,-0.05040528934714071,0.006799582392894524,0.0
26.310000000001313,4.399291913988774,1.652671592525319,1.9989983699891634,0.24271843945380728,0.43207930617061824,0.0,-0.05141807836279092,0.007695721330890518,0.0
26.320000000001315,4.399291913988774,1.652671592525319,1.9989983699891634,0.24271843945380728,0.43207930617061824,0.0,-0.051431290143340615,0.007712793742201553,0.0
26.330000000001316,4.399291913988774,1.652671592525319,1.9989983699891634,0.24271843945380728,0.43207930617061824,0.0,-0.051444502080799065,0.00772986637148103,0.0
26.340000000001318,4.407172209743148,1.6669854639761967,1.998998947302806,0.23521708576533573,0.43560831472363293,0.0,-0.050222404488524046,0.007584132470427711,0.0
26.35000000000132,4.407172209743148,1.6669854639761967,1.998998947302806,0.23521708576533573,0.43560831472363293,0.0,-0.05023556297647351,0.007600811422466396,0.0
26.36000000000132,4.407172209743148,1.6669854639761967,1.998998947302806,0.23521708576533573,0.43560831472363293,0.0,-0.05024872161973296,0.0076174905858358505,0.0
26.370000000001323,4.4148180664354,1.6814378100100913,1.9989985212160262,0.22818609942265,0.4398288464096907,0.0,-0.055630147679593095,0.0068783831678285124,0.0
26.380000000001324,4.4148180664354,1.6814378100100913,1.9989985212160262,0.22818609942265,0.4398288464096907,0.0,-0.050538126815897595,0.007583836416575584,0.0
26.390000000001326,4.4148180664354,1.6814378100100913,1.9989985212160262,0.22818609942265,0.4398288464096907,0.0,-0.050551794610045275,0.007600504854458891,0.0
26.400000000001327,4.4148180664354,1.6814378100100913,1.9989985212160262,0.22818609942265,0.4398288464096907,0.0,-0.05056546256516517,0.007617173503716545,0.0
26.41000000000133,4.422444003216453,1.6964575525632348,1.9989983614153903,0.22048422343612997,0.4433144230465903,0.0,-0.05165757437543957,0.006992138987604619,0.0
26.42000000000133,4.422444003216453,1.6964575525632348,1.9989983614153903,0.22048422343612997,0.4433144230465903,0.0,-0.051672153615174174,0.007009022626315859,0.0
26.430000000001332,4.422444003216453,1.6964575525632348,1.9989983614153903,0.22048422343612997,0.4433144230465903,0.0,-0.05168673302705026,0.0070259064805998465,0.0
26.440000000001334,4.4295966944148075,1.711145785579412,1.9989986413036434,0.21337681301512484,0.4471529123270918,0.0,-0.05070594508607104,0.0069596408290364415,0.0
26.450000000001335,4.4295966944148075,1.711145785579412,1.9989986413036434,0.21337681301512484,0.4471529123270918,0.0,-0.05072040301350424,0.0069761285189806205,0.0
26.460000000001337,4.4295966944148075,1.711145785579412,1.9989986413036434,0.21337681301512484,0.4471529123270918,0.0,-0.050734861111020116,0.006992616418345277,0.0
26.47000000000134,4.436513558847466,1.7259624711431265,1.9989987252929688,0.20604010158205016,0.450708473173311,0.0,-0.05590059551480473,0.005836046458807487,0.0
26.48000000000134,4.436513558847466,1.7259624711431265,1.9989987252929688,0.20604010158205016,0.450708473173311,0.0,-0.051437673870621696,0.006761564660132268,0.0
26.49000000000134,4.436513558847466,1.7259624711431265,1.9989987252929688,0.20604010158205016,0.450708473173311,0.0,-0.05145260862277784,0.006777998705128818,0.0
26.500000000001343,4.436513558847466,1.7259624711431265,1.9989987252929688,0.20604010158205016,0.450708473173311,0.0,-0.05146754355067331,0.0067944329594934365,0.0
26.510000000001344,4.4433855845035755,1.7413484787505253,1.9989985347295847,0.19840802837228771,0.4542192971001925,0.0,-0.05219767130381732,0.006095251746302663,0.0
26.520000000001346,4.4433855845035755,1.7413484787505253,1.9989985347295847,0.19840802837228771,0.4542192971001925,0.0,-0.05221350219603623,0.006111842830957097,0.0
26.530000000001348,4.4433855845035755,1.7413484787505253,1.9989985347295847,0.19840802837228771,0.4542192971001925,0.0,-0.05222933327509483,0.006128434128368232,0.0
26.54000000000135,4.449805362222459,1.7563917690664315,1.9989982501264916,0.19087598133190872,0.4573443223658466,0.0,-0.05041763481617258,0.005934780593004239,0.0
26.55000000000135,4.449805362222459,1.7563917690664315,1.9989982501264916,0.19087598133190872,0.4573443223658466,0.0,-0.0504332777759473,0.0059509606233682346,0.0
26.560000000001352,4.449805362222459,1.7563917690664315,1.9989982501264916,0.19087598133190872,0.4573443223658466,0.0,-0.050448920919530044,0.005967140859644798,0.0
26.570000000001354,4.455969426422808,1.7715265619355736,1.9989984849309101,0.1832306626943594,0.46051482698678176,0.0,-0.055549062436943526,0.004377479869433783,0.0
26.580000000001355,4.455969426422808,1.7715265619355736,1.9989984849309101,0.1832306626943594,0.46051482698678176,0.0,-0.050172126793553595,0.005708535794014759,0.0
26.590000000001357,4.455969426422808,1.7715265619355736,1.9989984849309101,0.1832306626943594,0.46051482698678176,0.0,-0.050188196782594174,0.005724629779628985,0.0
26.60000000000136,4.455969426422808,1.7715265619355736,1.9989984849309101,0.1832306626943594,0.46051482698678176,0.0,-0.05020426696044133,0.005740723970287985,0.0
26.61000000000136,4.462057013029142,1.787225010002476,1.9989985913537711,0.17499371841334116,0.46249876134130224,0.0,-0.05067817950051223,0.004763061313027295,0.0
26.62000000000136,4.462057013029142,1.787225010002476,1.9989985913537711,0.17499371841334116,0.46249876134130224,0.0,-0.05069511764568577,0.004779262758780185,0.0
26.630000000001363,4.462057013029142,1.787225010002476,1.9989985913537711,0.17499371841334116,0.46249876134130224,0.0,-0.05071205599086803,0.004795464412396044,0.0
26.640000000001365,4.467710912658486,1.8025556001501415,1.998998768881566,0.16770899465985492,0.46615633784284016,0.0,-0.04957672262552025,0.005227430448962721,0.0
26.650000000001366,4.467710912658486,1.8025556001501415,1.998998768881566,0.16770899465985492,0.46615633784284016,0.0,-0.049593480118297686,0.005243232570773684,0.0
26.660000000001368,4.467710912658486,1.8025556001501415,1.998998768881566,0.16770899465985492,0.46615633784284016,0.0,-0.04961023780825529,0.005259034894452176,0.0
26.67000000000137,4.4731153115834665,1.8179872178689291,1.9989987817529002,0.1600458883270772,0.46896998281567426,0.0,-0.05468571391589123,0.00337901507173396,0.0
26.68000000000137,4.4731153115834665,1.8179872178689291,1.9989987817529002,0.1600458883270772,0.46896998281567426,0.0,-0.04998469491507501,0.004967012473923404,0.0
26.690000000001373,4.4731153115834665,1.8179872178689291,1.9989987817529002,0.1600458883270772,0.46896998281567426,0.0,-0.05000210592619119,0.004982750978774903,0.0
26.700000000001374,4.4731153115834665,1.8179872178689291,1.9989987817529002,0.1600458883270772,0.46896998281567426,0.0,-0.05001951714294539,0.004998489685972769,0.0
26.710000000001376,4.478417935194052,1.833980786605659,1.99899867687221,0.1521014303401269,0.47173687603635306,0.0,-0.05103730809956521,0.003891916831676249,0.0
26.720000000001377,4.478417935194052,1.833980786605659,1.99899867687221,0.1521014303401269,0.47173687603635306,0.0,-0.05105577539463938,0.00390773894217503,0.0
26.73000000000138,4.478417935194052,1.833980786605659,1.99899867687221,0.1521014303401269,0.47173687603635306,0.0,-0.051074242909063115,0.003923561257850399,0.0
26.74000000000138,4.48330532035159,1.8495910022793352,1.9989984036197765,0.1443325596342497,0.4742438498047902,0.0,-0.049397141317362704,0.0035422148125499576,0.0
26.750000000001382,4.48330532035159,1.8495910022793352,1.9989984036197765,0.1443325596342497,0.4742438498047902,0.0,-0.04941555786562109,0.003557666463800318,0.0
26.760000000001384,4.48330532035159,1.8495910022793352,1.9989984036197765,0.1443325596342497,0.4742438498047902,0.0,-0.049433974631073456,0.0035731183134111604,0.0
26.770000000001385,4.487936036225231,1.8652778100701175,1.9989980038106159,0.1368406772109425,0.47615617649236913,0.0,-0.054162335781186344,0.001491520497709226,0.0
26.780000000001387,4.487936036225231,1.8652778100701175,1.9989980038106159,0.1368406772109425,0.47615617649236913,0.0,-0.049865052604018266,0.0034370280026818426,0.0
26.79000000000139,4.487936036225231,1.8652778100701175,1.9989980038106159,0.1368406772109425,0.47615617649236913,0.0,-0.04988401670458367,0.0034523681249100423,0.0
26.80000000000139,4.487936036225231,1.8652778100701175,1.9989980038106159,0.1368406772109425,0.47615617649236913,0.0,-0.049902981028412924,0.003467708444318385,0.0
26.81000000000139,4.492473928014195,1.8814779643460309,1.9989988394788618,0.1291327232376797,0.47755074188048163,0.0,-0.049968056166913785,0.0027398826111655764,0.0
26.820000000001393,4.492473928014195,1.8814779643460309,1.9989988394788618,0.1291327232376797,0.47755074188048163,0.0,-0.04998799191446432,0.0027552568422793376,0.0
26.830000000001395,4.492473928014195,1.8814779643460309,1.9989988394788618,0.1291327232376797,0.47755074188048163,0.0,-0.05000792789689854,0.002770631271616116,0.0
26.840000000001396,4.496575915419793,1.8972998100214116,1.9989986810180216,0.12040970706610592,0.48052946400483604,0.0,-0.048571906334909064,0.001710032742740578,0.0
26.850000000001398,4.496575915419793,1.8972998100214116,1.9989986810180216,0.12040970706610592,0.48052946400483604,0.0,-0.04859168371729327,0.001725026127593163,0.0
26.8600000000014,4.496575915419793,1.8972998100214116,1.9989986810180216,0.12040970706610592,0.48052946400483604,0.0,-0.04861146133058531,0.0017400197029833874,0.0
26.8700000000014,4.500414967101722,1.913192120093342,1.9989987890707195,0.1124908517127833,0.482549769277266,0.0,-0.05344362668898246,-0.0008640313346309985,0.0
26.880000000001402,4.500414967101722,1.913192120093342,1.9989987890707195,0.1124908517127833,0.482549769277266,0.0,-0.04628972277620755,0.001880092755801113,0.0
26.890000000001404,4.500414967101722,1.913192120093342,1.9989987890707195,0.1124908517127833,0.482549769277266,0.0,-0.04630927599863224,0.0018947238171871782,0.0
26.900000000001405,4.500414967101722,1.913192120093342,1.9989987890707195,0.1124908517127833,0.482549769277266,0.0,-0.04632882944674847,0.001909355061840764,0.0
26.910000000001407,4.504096422528349,1.9296333542728328,1.9989987435677476,0.10430027812481324,0.4845080856457346,0.0,-0.04820351391229786,1.1462417346937423e-05,0.0
26.92000000000141,4.504096422528349,1.9296333542728328,1.9989987435677476,0.10430027812481324,0.4845080856457346,0.0,-0.048224654254802365,2.627817059526206e-05,0.0
26.93000000000141,4.504096422528349,1.9296333542728328,1.9989987435677476,0.10430027812481324,0.4845080856457346,0.0,-0.048245794842893513,4.109411109167287e-05,0.0
26.94000000000141,4.5074027257914295,1.9456523114687738,1.9989985283581182,0.09632178187462197,0.48628598193924427,0.0,-0.04603800819252454,-0.0006447741434945052,0.0
26.950000000001413,4.5074027257914295,1.9456523114687738,1.9989985283581182,0.09632178187462197,0.48628598193924427,0.0,-0.046058870754286274,-0.0006303414610217085,0.0
26.960000000001415,4.5074027257914295,1.9456523114687738,1.9989985283581182,0.09632178187462197,0.48628598193924427,0.0,-0.0460797335555905,-0.0006159085993615702,0.0
26.970000000001416,4.510444745098404,1.9617247759746825,1.9989981239985903,0.08828029791713456,0.4876997909265395,0.0,-0.05083203418491776,-0.003593235238434761,0.0
26.980000000001418,4.510444745098404,1.9617247759746825,1.9989981239985903,0.08828029791713456,0.4876997909265395,0.0,-0.04563513466679978,-0.002149884357117654,0.0
26.99000000000142,4.510444745098404,1.9617247759746825,1.9989981239985903,0.08828029791713456,0.4876997909265395,0.0,-0.04565638071077423,-0.0021356551988180603,0.0
27.00000000000142,4.510444745098404,1.9617247759746825,1.9989981239985903,0.08828029791713456,0.4876997909265395,0.0,-0.04567762699729646,-0.0021214258656625253,0.0
27.010000000001423,4.5133385363018075,1.9783041779320856,1.998998571157461,0.08189678337631823,0.4880947447790039,0.0,-0.04555908051520557,-0.0026594450429064747,0.0
27.020000000001424,4.5133385363018075,1.9783041779320856,1.998998571157461,0.08189678337631823,0.4880947447790039,0.0,-0.04558115237367517,-0.0026453137763610825,0.0
27.030000000001426,4.5133385363018075,1.9783041779320856,1.998998571157461,0.08189678337631823,0.4880947447790039,0.0,-0.045603224483376795,-0.0026311823365597806,0.0
27.040000000001427,4.515858283620867,1.9944522474080704,1.9989986169288756,0.07194055421002524,0.49007050661485785,0.0,-0.044342747960766475,-0.004095767940984692,0.0
27.05000000000143,4.515858283620867,1.9944522474080704,1.9989986169288756,0.07194055421002524,0.49007050661485785,0.0,-0.04436455451104648,-0.004082066575216254,0.0
27.06000000000143,4.515858283620867,1.9944522474080704,1.9989986169288756,0.07194055421002524,0.49007050661485785,0.0,-0.04438636130620195,-0.004068365045036239,0.0
27.070000000001432,4.518095071809158,2.010646871136274,1.9989987458235217,0.06385563717772555,0.49131804670815854,0.0,-0.04918421321359203,-0.007385190257959761,0.0
27.080000000001434,4.518095071809158,2.010646871136274,1.9989987458235217,0.06385563717772555,0.49131804670815854,0.0,-0.04444484722454699,-0.005086483111268858,0.0
27.090000000001435,4.518095071809158,2.010646871136274,1.9989987458235217,0.06385563717772555,0.49131804670815854,0.0,-0.044467261886761714,-0.00507308079104138,0.0
27.100000000001437,4.518095071809158,2.010646871136274,1.9989987458235217,0.06385563717772555,0.49131804670815854,0.0,-0.04448967679859418,-0.005059678311658627,0.0
27.11000000000144,4.520120054915978,2.0273718766994246,1.998998754187504,0.0555019322748068,0.49244985006968556,0.0,-0.04531427620067359,-0.006625065412987939,0.0
27.12000000000144,4.520120054915978,2.0273718766994246,1.998998754187504,0.0555019322748068,0.49244985006968556,0.0,-0.04533774260102555,-0.006611877875465305,0.0
27.13000000000144,4.520120054915978,2.0273718766994246,1.998998754187504,0.0555019322748068,0.49244985006968556,0.0,-0.04536120926199093,-0.006598690182242612,0.0
27.140000000001443,4.521813519342282,2.0436392092368276,1.9989985937544987,0.04737351574295499,0.4934043675345427,0.0,-0.04442736142248867,-0.006114646241930843,0.0
27.150000000001445,4.521813519342282,2.0436392092368276,1.9989985937544987,0.04737351574295499,0.4934043675345427,0.0,-0.044450695918849883,-0.006101923307582101,0.0
27.160000000001446,4.521813519342282,2.0436392092368276,1.9989985937544987,0.04737351574295499,0.4934043675345427,0.0,-0.04447403067046462,-0.006089200225169898,0.0
27.170000000001448,4.5232384141114155,2.0599323384283075,1.9989981948556406,0.039227954734034676,0.4938185240160304,0.0,-0.04889726236717901,-0.009758329679333065,0.0
27.18000000000145,4.5232384141114155,2.0599323384283075,1.9989981948556406,0.039227954734034676,0.4938185240160304,0.0,-0.04443942473342945,-0.00659588092231891,0.0
27.19000000000145,4.5232384141114155,2.0599323384283075,1.9989981948556406,0.039227954734034676,0.4938185240160304,0.0,-0.0444632555932809,-0.006583456100777201,0.0
27.200000000001452,4.5232384141114155,2.0599323384283075,1.9989981948556406,0.039227954734034676,0.4938185240160304,0.0,-0.04448708671136765,-0.006571031136186459,0.0
27.210000000001454,4.524427017343126,2.076725463030016,1.9989983189179654,0.03096991784011713,0.4946620021992816,0.0,-0.04552017995095179,-0.007956622572632724,0.0
27.220000000001455,4.524427017343126,2.076725463030016,1.9989983189179654,0.03096991784011713,0.4946620021992816,0.0,-0.0455449619496432,-0.007944439326889145,0.0
27.230000000001457,4.524427017343126,2.076725463030016,1.9989983189179654,0.03096991784011713,0.4946620021992816,0.0,-0.04556974421582192,-0.00793225594195204,0.0
27.24000000000146,4.525310090928057,2.0930488518479455,1.9989986211925053,0.022755316206592154,0.494512118491084,0.0,-0.04435455124668271,-0.008416862156264684,0.0
27.25000000000146,4.525310090928057,2.0930488518479455,1.9989986211925053,0.022755316206592154,0.494512118491084,0.0,-0.04437909816277534,-0.008405098971802973,0.0
27.26000000000146,4.525310090928057,2.0930488518479455,1.9989986211925053,0.022755316206592154,0.494512118491084,0.0,-0.04440364533980219,-0.008393335655713064,0.0
27.270000000001463,4.525922815260756,2.109384767951314,1.9989986252029317,0.014604925901360822,0.49520539251106277,0.0,-0.04894577988291884,-0.012389318557004316,0.0
27.280000000001465,4.525922815260756,2.109384767951314,1.9989986252029317,0.014604925901360822,0.49520539251106277,0.0,-0.04432579731301237,-0.008047687854666273,0.0
27.290000000001466,4.525922815260756,2.109384767951314,1.9989986252029317,0.014604925901360822,0.49520539251106277,0.0,-0.04435077368117659,-0.008036217039980554,0.0
27.300000000001468,4.525922815260756,2.109384767951314,1.9989986252029317,0.014604925901360822,0.49520539251106277,0.0,-0.04437575031294336,-0.008024746097596598,0.0
27.31000000000147,4.526271810649258,2.126227121082365,1.998998718541185,0.006170347697444008,0.49549288708907113,0.0,-0.04481597673652213,-0.00852621041274517,0.0
27.32000000000147,4.526271810649258,2.126227121082365,1.998998718541185,0.006170347697444008,0.49549288708907113,0.0,-0.0448418284017058,-0.008514995983582395,0.0
27.330000000001473,4.526271810649258,2.126227121082365,1.998998718541185,0.006170347697444008,0.49549288708907113,0.0,-0.044867680338726464,-0.008503781430261113,0.0
27.340000000001474,4.526336213039618,2.1425808384257685,1.9989985989789811,-0.002020234569609769,0.49560972404096787,0.0,-0.04349076182123764,-0.007218730459300343,0.0
27.350000000001476,4.526336213039618,2.1425808384257685,1.9989985989789811,-0.002020234569609769,0.49560972404096787,0.0,-0.04351626839655231,-0.007207874163279114,0.0
27.360000000001477,4.526336213039618,2.1425808384257685,1.9989985989789811,-0.002020234569609769,0.49560972404096787,0.0,-0.043541775235545026,-0.00719701774851947,0.0
27.37000000000148,4.526130771840869,2.1589279955159557,1.998998494219196,-0.010151187811409255,0.4946516639288095,0.0,-0.04743345808968971,-0.011515609929340942,0.0
27.38000000000148,4.526130771840869,2.1589279955159557,1.998998494219196,-0.010151187811409255,0.4946516639288095,0.0,-0.04300237449228266,-0.007125476373679886,0.0
27.390000000001482,4.526130771840869,2.1589279955159557,1.998998494219196,-0.010151187811409255,0.4946516639288095,0.0,-0.04302823728983464,-0.007114892272026383,0.0
27.400000000001484,4.526130771840869,2.1589279955159557,1.998998494219196,-0.010151187811409255,0.4946516639288095,0.0,-0.04305410035212854,-0.007104308055809099,0.0
27.410000000001485,4.525640594170046,2.1757599643241714,1.9989985692356251,-0.018477568839943472,0.4952307856569191,0.0,-0.04349889171727359,-0.007854874466389864,0.0
27.420000000001487,4.525640594170046,2.1757599643241714,1.9989985692356251,-0.018477568839943472,0.4952307856569191,0.0,-0.043525573884503496,-0.007844550247713099,0.0
27.43000000000149,4.525640594170046,2.1757599643241714,1.9989985692356251,-0.018477568839943472,0.4952307856569191,0.0,-0.043552256323990776,-0.00783422591812483,0.0
27.44000000000149,4.524892639457155,2.192097483728619,1.9989984255363389,-0.026602645438075688,0.4949004003649368,0.0,-0.04232312645703633,-0.005954397742703386,0.0
27.45000000000149,4.524892639457155,2.192097483728619,1.9989984255363389,-0.026602645438075688,0.4949004003649368,0.0,-0.04234949090391438,-0.0059443448449354825,0.0
27.460000000001493,4.524892639457155,2.192097483728619,1.9989984255363389,-0.026602645438075688,0.4949004003649368,0.0,-0.04237585561632757,-0.005934291839426639,0.0
27.470000000001495,4.523876022800239,2.208412217927771,1.9989988479190814,-0.03479210762323812,0.4940704198082375,0.0,-0.04638209487767711,-0.010618829698943765,0.0
27.480000000001496,4.523876022800239,2.208412217927771,1.9989988479190814,-0.03479210762323812,0.4940704198082375,0.0,-0.04233121822537127,-0.005819761125696867,0.0
27.490000000001498,4.523876022800239,2.208412217927771,1.9989988479190814,-0.03479210762323812,0.4940704198082375,0.0,-0.042358168507797736,-0.005809932862309112,0.0
27.5000000000015,4.523876022800239,2.208412217927771,1.9989988479190814,-0.03479210762323812,0.4940704198082375,0.0,-0.04238511906117597,-0.005800104493672617,0.0
27.5100000000015,4.522545719907329,2.2252052566395992,1.998998689052648,-0.04321545027121932,0.4936094929003706,0.0,-0.04317414980247668,-0.006330009419225409,0.0
27.520000000001502,4.522545719907329,2.2252052566395992,1.998998689052648,-0.04321545027121932,0.4936094929003706,0.0,-0.04320213740056726,-0.0063204175484938155,0.0
27.530000000001504,4.522545719907329,2.2252052566395992,1.998998689052648,-0.04321545027121932,0.4936094929003706,0.0,-0.04323012528112404,-0.006310825574892383,0.0
27.540000000001505,4.5209806657450855,2.241483027426856,1.9989986482022326,-0.051386041516657675,0.4929172102537212,0.0,-0.04179803474516722,-0.0048024473663207745,0.0
27.550000000001507,4.5209806657450855,2.241483027426856,1.9989986482022326,-0.051386041516657675,0.4929172102537212,0.0,-0.04182585268925711,-0.004793045443335819,0.0
27.56000000000151,4.5209806657450855,2.241483027426856,1.9989986482022326,-0.051386041516657675,0.4929172102537212,0.0,-0.041853670911534954,-0.004783643419522301,0.0
27.57000000000151,4.519146689843579,2.257731550235064,1.9989986626015992,-0.05949062724358604,0.4916394655797349,0.0,-0.045637406648849695,-0.009762965839466235,0.0
27.58000000000151,4.519146689843579,2.257731550235064,1.9989986626015992,-0.05949062724358604,0.4916394655797349,0.0,-0.04156109340128034,-0.005072101214736342,0.0
27.590000000001513,4.519146689843579,2.257731550235064,1.9989986626015992,-0.05949062724358604,0.4916394655797349,0.0,-0.04158935769714316,-0.005062920959492142,0.0
27.600000000001515,4.519146689843579,2.257731550235064,1.9989986626015992,-0.05949062724358604,0.4916394655797349,0.0,-0.041617622274831866,-0.005053740606391468,0.0
27.610000000001516,4.516977530107981,2.2744378028767667,1.9989986311832981,-0.06784624566283101,0.49089178810964346,0.0,-0.04242776838717871,-0.006505372714331384,0.0
27.620000000001518,4.516977530107981,2.2744378028767667,1.9989986311832981,-0.06784624566283101,0.49089178810964346,0.0,-0.04245695857753255,-0.006496458564429637,0.0
27.63000000000152,4.516977530107981,2.2744378028767667,1.9989986311832981,-0.06784624566283101,0.49089178810964346,0.0,-0.042486149060527424,-0.006487544320168136,0.0
27.64000000000152,4.514601358178796,2.2906187602251147,1.9989984672007952,-0.07591562218609633,0.4897673604800193,0.0,-0.04103849678004278,-0.00552942734371218,0.0
27.650000000001523,4.514601358178796,2.2906187602251147,1.9989984672007952,-0.07591562218609633,0.4897673604800193,0.0,-0.04106738180571867,-0.005520676208005054,0.0
27.660000000001524,4.514601358178796,2.2906187602251147,1.9989984672007952,-0.07591562218609633,0.4897673604800193,0.0,-0.04109626711920426,-0.005511924979751785,0.0
27.670000000001526,4.511960181796201,2.3067551060446614,1.998998145111147,-0.08387081789338918,0.4879283934488072,0.0,-0.0446347803184382,-0.01074772667516297,0.0
27.680000000001527,4.511960181796201,2.3067551060446614,1.998998145111147,-0.08387081789338918,0.4879283934488072,0.0,-0.04076721566533719,-0.005494390369701412,0.0
27.69000000000153,4.511960181796201,2.3067551060446614,1.998998145111147,-0.08387081789338918,0.4879283934488072,0.0,-0.04079646551042194,-0.005485861197037889,0.0
27.70000000000153,4.511960181796201,2.3067551060446614,1.998998145111147,-0.08387081789338918,0.4879283934488072,0.0,-0.04082571564682513,-0.005477331934343621,0.0
27.710000000001532,4.508960713744307,2.323308369597042,1.9989986682823848,-0.09244132858204288,0.4869214479107406,0.0,-0.041167784727012546,-0.0064396464590197305,0.0
27.720000000001534,4.508960713744307,2.323308369597042,1.9989986682823848,-0.09244132858204288,0.4869214479107406,0.0,-0.04119784949301723,-0.006431413973955216,0.0
27.730000000001535,4.508960713744307,2.323308369597042,1.9989986682823848,-0.09244132858204288,0.4869214479107406,0.0,-0.041227914559502206,-0.006423181402668209,0.0
27.740000000001537,4.5057739443100955,2.3393466453643943,1.998998557151089,-0.10047220941076855,0.48524384810815935,0.0,-0.03865847673793495,-0.00538883673207499,0.0
27.75000000000154,4.5057739443100955,2.3393466453643943,1.998998557151089,-0.10047220941076855,0.48524384810815935,0.0,-0.038688098337293496,-0.005380728151923236,0.0
27.76000000000154,4.5057739443100955,2.3393466453643943,1.998998557151089,-0.10047220941076855,0.48524384810815935,0.0,-0.03871772023005565,-0.00537261948724053,0.0
27.77000000000154,4.502323360451178,2.355325029192593,1.9989987851911482,-0.10845607259145734,0.48346861148086834,0.0,-0.042338119248806226,-0.01095751204417475,0.0
27.780000000001543,4.502323360451178,2.355325029192593,1.9989987851911482,-0.10845607259145734,0.48346861148086834,0.0,-0.03757592702430379,-0.005126869557745362,0.0
27.790000000001545,4.502323360451178,2.355325029192593,1.9989987851911482,-0.10845607259145734,0.48346861148086834,0.0,-0.037605805807750824,-0.005118983382084194,0.0
27.800000000001546,4.502323360451178,2.355325029192593,1.9989987851911482,-0.10845607259145734,0.48346861148086834,0.0,-0.03763568488652464,-0.0051110971245043,0.0
27.810000000001548,4.498492593292985,2.371729601016524,1.9989987396283675,-0.11664817059184827,0.48158895061148427,0.0,-0.03755647288569198,-0.006707655590206076,0.0
27.82000000000155,4.498492593292985,2.371729601016524,1.9989987396283675,-0.11664817059184827,0.48158895061148427,0.0,-0.03758706029300938,-0.006700097898442564,0.0
27.83000000000155,4.498492593292985,2.371729601016524,1.9989987396283675,-0.11664817059184827,0.48158895061148427,0.0,-0.037617648003659715,-0.00669254012969709,0.0
27.840000000001552,4.494508139831088,2.3875904765669085,1.998998641968805,-0.1245914527992284,0.47971852242021096,0.0,-0.036052326491777226,-0.0058208908783694505,0.0
27.850000000001554,4.494508139831088,2.3875904765669085,1.998998641968805,-0.1245914527992284,0.47971852242021096,0.0,-0.03608247301759316,-0.005813532160008198,0.0
27.860000000001556,4.494508139831088,2.3875904765669085,1.998998641968805,-0.1245914527992284,0.47971852242021096,0.0,-0.03611261983960417,-0.005806173366943323,0.0
27.870000000001557,4.490262514323021,2.4033859733356606,1.9989983835723337,-0.13247635143120223,0.47762433241920643,0.0,-0.039647533469595465,-0.011662787560478862,0.0
27.88000000000156,4.490262514323021,2.4033859733356606,1.9989983835723337,-0.13247635143120223,0.47762433241920643,0.0,-0.035629152801052236,-0.007091834509887711,0.0
27.89000000000156,4.490262514323021,2.4033859733356606,1.9989983835723337,-0.13247635143120223,0.47762433241920643,0.0,-0.03565976911832097,-0.007085033023217098,0.0
27.90000000000156,4.490262514323021,2.4033859733356606,1.9989983835723337,-0.13247635143120223,0.47762433241920643,0.0,-0.03569038573414163,-0.007078231469771194,0.0
27.910000000001563,4.485620529787578,2.419574076884722,1.9989983034487253,-0.14020523328367548,0.47413632472525014,0.0,-0.03595014965073648,-0.009019666276193949,0.0
27.920000000001565,4.485620529787578,2.419574076884722,1.9989983034487253,-0.14020523328367548,0.47413632472525014,0.0,-0.03598168045944539,-0.009013517277925251,0.0
27.930000000001566,4.485620529787578,2.419574076884722,1.9989983034487253,-0.14020523328367548,0.47413632472525014,0.0,-0.03601321157458421,-0.009007368222232574,0.0
27.940000000001568,4.480860402996542,2.4352008090583515,1.9989982538404343,-0.14812335795653955,0.47279959445005026,0.0,-0.03533698969578327,-0.009067902026077684,0.0
27.95000000000157,4.480860402996542,2.4352008090583515,1.9989982538404343,-0.14812335795653955,0.47279959445005026,0.0,-0.03536823866280824,-0.009062168892695998,0.0
27.96000000000157,4.480860402996542,2.4352008090583515,1.9989982538404343,-0.14812335795653955,0.47279959445005026,0.0,-0.03539948792951378,-0.009056435707152418,0.0
27.970000000001573,4.475831748996024,2.4507515111391633,1.9989985456545343,-0.15626151903716565,0.4700717942035225,0.0,-0.03857197922147687,-0.015354980053625861,0.0
27.980000000001574,4.475831748996024,2.4507515111391633,1.9989985456545343,-0.15626151903716565,0.4700717942035225,0.0,-0.03497222192064788,-0.010176055069540217,0.0
27.990000000001576,4.475831748996024,2.4507515111391633,1.9989985456545343,-0.15626151903716565,0.4700717942035225,0.0,-0.03500384572127449,-0.010170804658023709,0.0
28.000000000001577,4.475831748996024,2.4507515111391633,1.9989985456545343,-0.15626151903716565,0.4700717942035225,0.0,-0.03503546982251026,-0.0101655542012483,0.0
28.01000000000158,4.470378899417881,2.4666886318481147,1.998998778324489,-0.16425541217026382,0.467455483534467,0.0,-0.035404145076757744,-0.012273474344049682,0.0
28.02000000000158,4.470378899417881,2.4666886318481147,1.998998778324489,-0.16425541217026382,0.467455483534467,0.0,-0.03543657205722487,-0.012268837685160502,0.0
28.030000000001582,4.470378899417881,2.4666886318481147,1.998998778324489,-0.16425541217026382,0.467455483534467,0.0,-0.035468999344157134,-0.012264200990301913,0.0
28.040000000001584,4.464827130774076,2.4820697054454,1.9989987449473772,-0.17197760233915868,0.4647921429034902,0.0,-0.034512156475604155,-0.012457410949032233,0.0
28.050000000001585,4.464827130774076,2.4820697054454,1.9989987449473772,-0.17197760233915868,0.4647921429034902,0.0,-0.0345441922863388,-0.012453082038413697,0.0
28.060000000001587,4.464827130774076,2.4820697054454,1.9989987449473772,-0.17197760233915868,0.4647921429034902,0.0,-0.03457622839370792,-0.012448753095949202,0.0
28.07000000000159,4.459021340821552,2.4973605545424835,1.998998544664931,-0.17965667179670572,0.46200765703394914,0.0,-0.0376920237718778,-0.018821932448478487,0.0
28.08000000000159,4.459021340821552,2.4973605545424835,1.998998544664931,-0.17965667179670572,0.46200765703394914,0.0,-0.03418798203121638,-0.01338016205488793,0.0
28.09000000000159,4.459021340821552,2.4973605545424835,1.998998544664931,-0.17965667179670572,0.46200765703394914,0.0,-0.03422027142956586,-0.01337628347655347,0.0
28.100000000001593,4.459021340821552,2.4973605545424835,1.998998544664931,-0.17965667179670572,0.46200765703394914,0.0,-0.03425256112277099,-0.013372404872678581,0.0
28.110000000001595,4.452776337671809,2.513014029473957,1.9989981685415046,-0.18745125341855376,0.45884590154263977,0.0,-0.03468550099848563,-0.014309106884897763,0.0
28.120000000001596,4.452776337671809,2.513014029473957,1.9989981685415046,-0.18745125341855376,0.45884590154263977,0.0,-0.034718490272577444,-0.014305822139572839,0.0
28.130000000001598,4.452776337671809,2.513014029473957,1.9989981685415046,-0.18745125341855376,0.45884590154263977,0.0,-0.03475147984548688,-0.01430253737647425,0.0
28.1400000000016,4.446531819376541,2.5281098453675233,1.9989986347157997,-0.1900200522183391,0.4562769325575619,0.0,-0.033371834756701586,-0.010462071848673432,0.0
28.1500000000016,4.446531819376541,2.5281098453675233,1.9989986347157997,-0.1900200522183391,0.4562769325575619,0.0,-0.033404343837864434,-0.010458961738877533,0.0
28.160000000001602,4.446531819376541,2.5281098453675233,1.9989986347157997,-0.1900200522183391,0.4562769325575619,0.0,-0.033436853206710346,-0.010455851609348107,0.0
28.170000000001604,4.440112831467481,2.5431339300426714,1.9989986511815716,-0.2006592561487253,0.45282828546214177,0.0,-0.0362403338866232,-0.0186392373843542,0.0
28.180000000001606,4.440112831467481,2.5431339300426714,1.9989986511815716,-0.2006592561487253,0.45282828546214177,0.0,-0.03218647009856292,-0.012311796013822877,0.0
28.190000000001607,4.440112831467481,2.5431339300426714,1.9989986511815716,-0.2006592561487253,0.45282828546214177,0.0,-0.0322191751547421,-0.01230905613132078,0.0
28.20000000000161,4.440112831467481,2.5431339300426714,1.9989986511815716,-0.2006592561487253,0.45282828546214177,0.0,-0.03225188049602747,-0.012306316235318585,0.0
28.21000000000161,4.4330987900466745,2.5584472476400912,1.9989987742436734,-0.21016612164549087,0.4486500126237482,0.0,-0.031572491776306416,-0.01426831088327346,0.0
28.220000000001612,4.4330987900466745,2.5584472476400912,1.9989987742436734,-0.21016612164549087,0.4486500126237482,0.0,-0.03160580469495239,-0.014266140388475302,0.0
28.230000000001613,4.4330987900466745,2.5584472476400912,1.9989987742436734,-0.21016612164549087,0.4486500126237482,0.0,-0.031639117901047724,-0.014263969888578573,0.0
28.240000000001615,4.4260369740522805,2.57319480574303,1.998998786605041,-0.21758937383776672,0.44522099245002966,0.0,-0.030108974925792023,-0.012423328694708573,0.0
28.250000000001616,4.4260369740522805,2.57319480574303,1.998998786605041,-0.21758937383776672,0.44522099245002966,0.0,-0.030141776928062008,-0.012421331649164721,0.0
28.260000000001618,4.4260369740522805,2.57319480574303,1.998998786605041,-0.21758937383776672,0.44522099245002966,0.0,-0.03017457920765414,-0.012419334598189415,0.0
28.27000000000162,4.418731208293036,2.5878270114544435,1.9989986600337855,-0.22496223527726625,0.4416830287340644,0.0,-0.03293875114087517,-0.019261697319067607,0.0
28.28000000000162,4.418731208293036,2.5878270114544435,1.9989986600337855,-0.22496223527726625,0.4416830287340644,0.0,-0.029438637599421346,-0.01331840920967406,0.0
28.290000000001623,4.418731208293036,2.5878270114544435,1.9989986600337855,-0.22496223527726625,0.4416830287340644,0.0,-0.029471709149410576,-0.013316976622945845,0.0
28.300000000001624,4.418731208293036,2.5878270114544435,1.9989986600337855,-0.22496223527726625,0.4416830287340644,0.0,-0.029504780977094705,-0.013315544037397962,0.0
28.310000000001626,4.410951079602957,2.602777457153925,1.998998315070366,-0.2324561126137761,0.43784301189168434,0.0,-0.02991332345764349,-0.015063218298659368,0.0
28.320000000001627,4.410951079602957,2.602777457153925,1.998998315070366,-0.2324561126137761,0.43784301189168434,0.0,-0.029947085701873717,-0.015062540574359976,0.0
28.33000000000163,4.410951079602957,2.602777457153925,1.998998315070366,-0.2324561126137761,0.43784301189168434,0.0,-0.02998084822984807,-0.01506186286087289,0.0
28.34000000000163,4.403180596218948,2.617161785682296,1.9989983527832296,-0.23751415927026295,0.43429731023340523,0.0,-0.029238496505226075,-0.01227205288974489,0.0
28.350000000001632,4.403180596218948,2.617161785682296,1.9989983527832296,-0.23751415927026295,0.43429731023340523,0.0,-0.029271805122185114,-0.012271628421645222,0.0
28.360000000001634,4.403180596218948,2.617161785682296,1.9989983527832296,-0.23751415927026295,0.43429731023340523,0.0,-0.02930511401645286,-0.012271203963227369,0.0
28.370000000001635,4.3952522493732005,2.6314301124788875,1.998999128135179,-0.24455722534194077,0.4302128487478079,0.0,-0.031753315088182806,-0.01920020765612258,0.0
28.380000000001637,4.3952522493732005,2.6314301124788875,1.998999128135179,-0.24455722534194077,0.4302128487478079,0.0,-0.028876543411921647,-0.012547214600609197,0.0
28.39000000000164,4.3952522493732005,2.6314301124788875,1.998999128135179,-0.24455722534194077,0.4302128487478079,0.0,-0.02891002834146229,-0.012547243582247293,0.0
28.40000000000164,4.3952522493732005,2.6314301124788875,1.998999128135179,-0.24455722534194077,0.4302128487478079,0.0,-0.028943513548224917,-0.012547272578234566,0.0
28.41000000000164,4.386746783495043,2.645966795006727,1.9989986938204956,-0.25396537644037204,0.425352766606771,0.0,-0.028667639872333776,-0.01494534717325573,0.0
28.420000000001643,4.386746783495043,2.645966795006727,1.9989986938204956,-0.25396537644037204,0.425352766606771,0.0,-0.02870169591001909,-0.014946064166615104,0.0
28.430000000001645,4.386746783495043,2.645966795006727,1.9989986938204956,-0.25396537644037204,0.425352766606771,0.0,-0.02873575222861264,-0.014946781183947704,0.0
28.440000000001646,4.378245912319999,2.6599330674652317,1.998998781530014,-0.2610137396091525,0.42119017797712754,0.0,-0.026743675417032004,-0.014036438071213497,0.0
28.450000000001648,4.378245912319999,2.6599330674652317,1.998998781530014,-0.2610137396091525,0.42119017797712754,0.0,-0.026777172555863354,-0.014037270335149296,0.0
28.46000000000165,4.378245912319999,2.6599330674652317,1.998998781530014,-0.2610137396091525,0.42119017797712754,0.0,-0.02681066996824272,-0.014038102622401214,0.0
28.47000000000165,4.369513619072258,2.6737600160299615,1.9989986962739668,-0.2680014769789389,0.41692520213922446,0.0,-0.029123250170403656,-0.021254989218268943,0.0
28.480000000001652,4.369513619072258,2.6737600160299615,1.9989986962739668,-0.2680014769789389,0.41692520213922446,0.0,-0.025679522979584868,-0.01374725110797613,0.0
28.490000000001654,4.369513619072258,2.6737600160299615,1.9989986962739668,-0.2680014769789389,0.41692520213922446,0.0,-0.025713084943094853,-0.013748477971102284,0.0
28.500000000001656,4.369513619072258,2.6737600160299615,1.9989986962739668,-0.2680014769789389,0.41692520213922446,0.0,-0.02574664717903667,-0.01374970486076471,0.0
28.510000000001657,4.360277559021128,2.687855555478446,1.9989984229001052,-0.27507029698295293,0.4123416437237404,0.0,-0.02553597501049273,-0.014815590375637584,0.0
28.52000000000166,4.360277559021128,2.687855555478446,1.9989984229001052,-0.27507029698295293,0.4123416437237404,0.0,-0.02557001752165672,-0.014817452207194135,0.0
28.53000000000166,4.360277559021128,2.687855555478446,1.9989984229001052,-0.27507029698295293,0.4123416437237404,0.0,-0.025604060308233898,-0.01481931407267036,0.0
28.540000000001662,4.351091476360535,2.701376981167406,1.9989985585744496,-0.28174733730180374,0.4077275781353751,0.0,-0.0242907619336163,-0.012983170191463776,0.0
28.550000000001663,4.351091476360535,2.701376981167406,1.9989985585744496,-0.28174733730180374,0.4077275781353751,0.0,-0.02432415805671486,-0.012985020897368265,0.0
28.560000000001665,4.351091476360535,2.701376981167406,1.9989985585744496,-0.28174733730180374,0.4077275781353751,0.0,-0.024357554446398255,-0.012986871634085982,0.0
28.570000000001667,4.3416830322247275,2.7147491805278516,1.998998146523724,-0.2881389621823854,0.40268947495034646,0.0,-0.02625500245980232,-0.020170560601878156,0.0
28.580000000001668,4.3416830322247275,2.7147491805278516,1.998998146523724,-0.2881389621823854,0.40268947495034646,0.0,-0.02360392768473961,-0.013035700968576853,0.0
28.59000000000167,4.3416830322247275,2.7147491805278516,1.998998146523724,-0.2881389621823854,0.40268947495034646,0.0,-0.02363734086133735,-0.013037890161899183,0.0
28.60000000000167,4.3416830322247275,2.7147491805278516,1.998998146523724,-0.2881389621823854,0.40268947495034646,0.0,-0.023670754302830544,-0.013040079388934195,0.0
28.610000000001673,4.331770572745352,2.7283430190621867,1.998998659725826,-0.295292707299375,0.3979577534191052,0.0,-0.022602154752101627,-0.013997529089528444,0.0
28.620000000001674,4.331770572745352,2.7283430190621867,1.998998659725826,-0.295292707299375,0.3979577534191052,0.0,-0.022635951505035057,-0.014000317066453773,0.0
28.630000000001676,4.331770572745352,2.7283430190621867,1.998998659725826,-0.295292707299375,0.3979577534191052,0.0,-0.02266974852366998,-0.014003105083540442,0.0
28.640000000001677,4.321916803027213,2.7413890631264497,1.998998724909872,-0.3017853107680615,0.39295989035388607,0.0,-0.021541546005699384,-0.011012840172141073,0.0
28.65000000000168,4.321916803027213,2.7413890631264497,1.998998724909872,-0.3017853107680615,0.39295989035388607,0.0,-0.021574720617187383,-0.01101555348609676,0.0
28.66000000000168,4.321916803027213,2.7413890631264497,1.998998724909872,-0.3017853107680615,0.39295989035388607,0.0,-0.021607895483974626,-0.011018266835086006,0.0
28.670000000001682,4.311846708599438,2.754272854638573,1.998998683553619,-0.3083116356974525,0.3880051161250617,0.0,-0.023477465310239122,-0.018547817263918645,0.0
28.680000000001684,4.311846708599438,2.754272854638573,1.998998683553619,-0.3083116356974525,0.3880051161250617,0.0,-0.022028320612775522,-0.011222403203105953,0.0
28.690000000001685,4.311846708599438,2.754272854638573,1.998998683553619,-0.3083116356974525,0.3880051161250617,0.0,-0.022061704950059872,-0.011225537952722745,0.0
28.700000000001687,4.311846708599438,2.754272854638573,1.998998683553619,-0.3083116356974525,0.3880051161250617,0.0,-0.02209508953873778,-0.011228672740882382,0.0
28.71000000000169,4.301249147248548,2.767372404007639,1.9989984249423707,-0.3148033198542922,0.3826269241890964,0.0,-0.022405779780405605,-0.01253846153198659,0.0
28.72000000000169,4.301249147248548,2.767372404007639,1.9989984249423707,-0.3148033198542922,0.3826269241890964,0.0,-0.022439745432573262,-0.01254229871417488,0.0
28.73000000000169,4.301249147248548,2.767372404007639,1.9989984249423707,-0.3148033198542922,0.3826269241890964,0.0,-0.022473711335327877,-0.012546135942260244,0.0
28.740000000001693,4.2907588141631585,2.7799059088224336,1.9989984945339905,-0.32108440405025673,0.37749281766378157,0.0,-0.021674727236134284,-0.010495697872789752,0.0
28.750000000001695,4.2907588141631585,2.7799059088224336,1.9989984945339905,-0.32108440405025673,0.37749281766378157,0.0,-0.021708275467135274,-0.01049948754283074,0.0
28.760000000001696,4.2907588141631585,2.7799059088224336,1.9989984945339905,-0.32108440405025673,0.37749281766378157,0.0,-0.021741823936679925,-0.010503277254552381,0.0
28.770000000001698,4.280058394022671,2.7922728015288207,1.9989984387763755,-0.32724321379939375,0.37217550992664256,0.0,-0.023289583216400227,-0.01808645603403881,0.0
28.7800000000017,4.280058394022671,2.7922728015288207,1.9989984387763755,-0.32724321379939375,0.37217550992664256,0.0,-0.0217147852381187,-0.009539966033221508,0.0
28.7900000000017,4.280058394022671,2.7922728015288207,1.9989984387763755,-0.32724321379939375,0.37217550992664256,0.0,-0.021748458011070736,-0.00954408421561526,0.0
28.800000000001702,4.280058394022671,2.7922728015288207,1.9989984387763755,-0.32724321379939375,0.37217550992664256,0.0,-0.02178213101827424,-0.00954820244066341,0.0
28.810000000001704,4.268827591427406,2.8048230321851553,1.9989983130786837,-0.33291170390454905,0.36583278160443494,0.0,-0.020978077294037552,-0.010143034754591591,0.0
28.820000000001706,4.268827591427406,2.8048230321851553,1.9989983130786837,-0.33291170390454905,0.36583278160443494,0.0,-0.021012215248585736,-0.010147781767636319,0.0
28.830000000001707,4.268827591427406,2.8048230321851553,1.9989983130786837,-0.33291170390454905,0.36583278160443494,0.0,-0.02104635343469364,-0.010152528828346611,0.0
28.84000000000171,4.25772809234162,2.816810603502232,1.9989985210198093,-0.339484185246282,0.3607927660924274,0.0,-0.020483333412610473,-0.007975112331993802,0.0
28.85000000000171,4.25772809234162,2.816810603502232,1.9989985210198093,-0.339484185246282,0.3607927660924274,0.0,-0.0205169375210952,-0.007979663100741323,0.0
28.860000000001712,4.25772809234162,2.816810603502232,1.9989985210198093,-0.339484185246282,0.3607927660924274,0.0,-0.020550541849741265,-0.00798421391162203,0.0
28.870000000001713,4.24642206845275,2.828622766403305,1.998998612470043,-0.34550251716488206,0.3552182271818823,0.0,-0.021837964586964072,-0.015743572265632694,0.0
28.880000000001715,4.24642206845275,2.828622766403305,1.998998612470043,-0.34550251716488206,0.3552182271818823,0.0,-0.02076384274973332,-0.008060811713541009,0.0
28.890000000001717,4.24642206845275,2.828622766403305,1.998998612470043,-0.34550251716488206,0.3552182271818823,0.0,-0.02079748419833626,-0.008065622547986494,0.0
28.900000000001718,4.24642206845275,2.828622766403305,1.998998612470043,-0.34550251716488206,0.3552182271818823,0.0,-0.020831125863447215,-0.008070433426078931,0.0
28.91000000000172,4.234571965209914,2.840594370112104,1.998998452334803,-0.35111153295424485,0.34889932666836154,0.0,-0.019855219719215923,-0.008717957806836514,0.0
28.92000000000172,4.234571965209914,2.840594370112104,1.998998452334803,-0.35111153295424485,0.34889932666836154,0.0,-0.01988925762636677,-0.00872336005727138,0.0
28.930000000001723,4.234571965209914,2.840594370112104,1.998998452334803,-0.35111153295424485,0.34889932666836154,0.0,-0.019923295748223317,-0.00872876235580621,0.0
28.940000000001724,4.222882760712877,2.852016552496276,1.99899872483218,-0.35712550060594106,0.34345461221726026,0.0,-0.019216586842011985,-0.007111517080402446,0.0
28.950000000001726,4.222882760712877,2.852016552496276,1.99899872483218,-0.35712550060594106,0.34345461221726026,0.0,-0.019250049502602583,-0.007116635910934596,0.0
28.960000000001727,4.222882760712877,2.852016552496276,1.99899872483218,-0.35712550060594106,0.34345461221726026,0.0,-0.019283512369860645,-0.007121754784537226,0.0
28.97000000000173,4.211000228079891,2.8632520501567793,1.9989986187000905,-0.36282785993516053,0.33763158568686996,0.0,-0.020312392404228493,-0.014957608959629356,0.0
28.98000000000173,4.211000228079891,2.8632520501567793,1.9989986187000905,-0.36282785993516053,0.33763158568686996,0.0,-0.018555589702896457,-0.007167495225045365,0.0
28.990000000001732,4.211000228079891,2.8632520501567793,1.9989986187000905,-0.36282785993516053,0.33763158568686996,0.0,-0.018589022339223913,-0.007172837531958645,0.0
29.000000000001734,4.211000228079891,2.8632520501567793,1.9989986187000905,-0.36282785993516053,0.33763158568686996,0.0,-0.018622455179507794,-0.007178179883008405,0.0
29.010000000001735,4.198564612361874,2.874623380098831,1.998998374021832,-0.3684895791151989,0.33143337256773164,0.0,-0.017533812750976197,-0.008651164230549721,0.0
29.020000000001737,4.198564612361874,2.874623380098831,1.998998374021832,-0.3684895791151989,0.33143337256773164,0.0,-0.017567556446196866,-0.00865708616028271,0.0
29.03000000000174,4.198564612361874,2.874623380098831,1.998998374021832,-0.3684895791151989,0.33143337256773164,0.0,-0.017601300343613294,-0.008663008139175669,0.0
29.04000000000174,4.186322579815677,2.88544667754945,1.9989988258093807,-0.3732379990404914,0.324590949365898,0.0,-0.016769678568465844,-0.006703148690420997,0.0
29.05000000000174,4.186322579815677,2.88544667754945,1.9989988258093807,-0.3732379990404914,0.324590949365898,0.0,-0.01680289718834463,-0.00670878389161364,0.0
29.060000000001743,4.186322579815677,2.88544667754945,1.9989988258093807,-0.3732379990404914,0.324590949365898,0.0,-0.016836116002850437,-0.006714419136586795,0.0
29.070000000001745,4.173896808212637,2.8960675518828807,1.9989984772269696,-0.37921080574911675,0.31889560576779724,0.0,-0.01777362870800125,-0.014924901752161162,0.0
29.080000000001746,4.173896808212637,2.8960675518828807,1.9989984772269696,-0.37921080574911675,0.31889560576779724,0.0,-0.017273219101428768,-0.008308590587144886,0.0
29.090000000001748,4.173896808212637,2.8960675518828807,1.9989984772269696,-0.37921080574911675,0.31889560576779724,0.0,-0.017306656725418222,-0.008314617574399006,0.0
29.10000000000175,4.173896808212637,2.8960675518828807,1.9989984772269696,-0.37921080574911675,0.31889560576779724,0.0,-0.017340094542700493,-0.00832064460958296,0.0
29.11000000000175,4.1609167281684964,2.9067906820745972,1.9989989463553672,-0.3840002740134301,0.3119723022693407,0.0,-0.017436231318670958,-0.009973696169646596,0.0
29.120000000001752,4.1609167281684964,2.9067906820745972,1.9989989463553672,-0.3840002740134301,0.3119723022693407,0.0,-0.01747018598036854,-0.009980476581760484,0.0
29.130000000001754,4.1609167281684964,2.9067906820745972,1.9989989463553672,-0.3840002740134301,0.3119723022693407,0.0,-0.01750414083596851,-0.009987257048586856,0.0
29.140000000001756,4.148143416070992,2.9169902993722867,1.998998751773926,-0.38962925539089394,0.30606316867024147,0.0,-0.01761181090247397,-0.00888032862596228,0.0
29.150000000001757,4.148143416070992,2.9169902993722867,1.998998751773926,-0.38962925539089394,0.30606316867024147,0.0,-0.017645454004667053,-0.00888693046093437,0.0
29.16000000000176,4.148143416070992,2.9169902993722867,1.998998751773926,-0.38962925539089394,0.30606316867024147,0.0,-0.017679097296592627,-0.008893532347507132,0.0
29.17000000000176,4.13519915722369,2.9269819628248666,1.9989987375408012,-0.39470472750779956,0.29967312662882317,0.0,-0.01807131622850971,-0.01683666498903341,0.0
29.180000000001762,4.13519915722369,2.9269819628248666,1.9989987375408012,-0.39470472750779956,0.29967312662882317,0.0,-0.01772190932221965,-0.009326306945721998,0.0
29.190000000001763,4.13519915722369,2.9269819628248666,1.9989987375408012,-0.39470472750779956,0.29967312662882317,0.0,-0.01775565397844499,-0.009333242977541886,0.0
29.200000000001765,4.13519915722369,2.9269819628248666,1.9989987375408012,-0.39470472750779956,0.29967312662882317,0.0,-0.01778939882298593,-0.00934017906330584,0.0
29.210000000001767,4.121689491966581,2.937054252172858,1.9989985369631809,-0.3998146497895239,0.2929976452460278,0.0,-0.017872625211595217,-0.010704088277981971,0.0
29.220000000001768,4.121689491966581,2.937054252172858,1.9989985369631809,-0.3998146497895239,0.2929976452460278,0.0,-0.017906748935072,-0.010711732287772136,0.0
29.23000000000177,4.121689491966581,2.937054252172858,1.9989985369631809,-0.3998146497895239,0.2929976452460278,0.0,-0.017940872846719236,-0.010719376357489045,0.0
29.24000000000177,4.108414799505578,2.946610414401774,1.9989982178292867,-0.40453900253436137,0.2863459616832743,0.0,-0.01835581386201573,-0.009250908734399519,0.0
29.250000000001773,4.108414799505578,2.946610414401774,1.9989982178292867,-0.40453900253436137,0.2863459616832743,0.0,-0.018389529695427495,-0.009258273480282355,0.0
29.260000000001774,4.108414799505578,2.946610414401774,1.9989982178292867,-0.40453900253436137,0.2863459616832743,0.0,-0.018423245712905493,-0.009265638281969232,0.0
29.270000000001776,4.094999480538751,2.955935889045674,1.9989986697978095,-0.4088647202425315,0.27941025121088753,0.0,-0.018336581264405696,-0.017005537759639734,0.0
29.280000000001777,4.094999480538751,2.955935889045674,1.9989986697978095,-0.4088647202425315,0.27941025121088753,0.0,-0.017620584811327483,-0.009452923971200632,0.0
29.29000000000178,4.094999480538751,2.955935889045674,1.9989986697978095,-0.4088647202425315,0.27941025121088753,0.0,-0.01765428929974387,-0.00946055873849393,0.0
29.30000000000178,4.094999480538751,2.955935889045674,1.9989986697978095,-0.4088647202425315,0.27941025121088753,0.0,-0.017687993970304156,-0.009468193562892382,0.0
29.310000000001782,4.081021328163945,2.965308085956688,1.9989990150460593,-0.4134560323077393,0.27230647388874724,0.0,-0.01730989888413488,-0.009984704350621581,0.0
29.320000000001784,4.081021328163945,2.965308085956688,1.9989990150460593,-0.4134560323077393,0.27230647388874724,0.0,-0.017343878950870816,-0.00999300392065771,0.0
29.330000000001785,4.081021328163945,2.965308085956688,1.9989990150460593,-0.4134560323077393,0.27230647388874724,0.0,-0.017377859199528282,-0.010001303552250396,0.0
29.340000000001787,4.067292713166477,2.9741835756015695,1.9989987522778763,-0.418184999119671,0.26563691760550395,0.0,-0.017492379131152817,-0.008339716961040166,0.0
29.35000000000179,4.067292713166477,2.9741835756015695,1.9989987522778763,-0.418184999119671,0.26563691760550395,0.0,-0.0175258628423641,-0.008347639040723977,0.0
29.36000000000179,4.067292713166477,2.9741835756015695,1.9989987522778763,-0.418184999119671,0.26563691760550395,0.0,-0.017559346731247674,-0.008355561176979715,0.0
29.37000000000179,4.053417091290493,2.982833099203838,1.998998785560411,-0.42260314707407504,0.25876603220820465,0.0,-0.017296365101172755,-0.01632794215553239,0.0
29.380000000001793,4.053417091290493,2.982833099203838,1.998998785560411,-0.42260314707407504,0.25876603220820465,0.0,-0.017446582712247617,-0.008117234388609746,0.0
29.390000000001795,4.053417091290493,2.982833099203838,1.998998785560411,-0.42260314707407504,0.25876603220820465,0.0,-0.017480006358436904,-0.008125386174636375,0.0
29.400000000001796,4.053417091290493,2.982833099203838,1.998998785560411,-0.42260314707407504,0.25876603220820465,0.0,-0.017513430182037142,-0.008133538018315633,0.0
29.410000000001798,4.038970763083153,2.991506111090235,1.9989986722318593,-0.427044374684766,0.251615281847586,0.0,-0.0171449209621129,-0.009076856394902367,0.0
29.4200000000018,4.038970763083153,2.991506111090235,1.9989986722318593,-0.427044374684766,0.251615281847586,0.0,-0.01717853229184141,-0.009085647002886072,0.0
29.4300000000018,4.038970763083153,2.991506111090235,1.9989986722318593,-0.427044374684766,0.251615281847586,0.0,-0.017212143800087572,-0.009094437673604704,0.0
29.440000000001803,4.024807397140332,2.999690040924984,1.9989983621075524,-0.43119476487892755,0.24457958944737934,0.0,-0.017118644266380555,-0.007419822988811414,0.0
29.450000000001804,4.024807397140332,2.999690040924984,1.9989983621075524,-0.43119476487892755,0.24457958944737934,0.0,-0.017151813494608033,-0.007428261298921285,0.0
29.460000000001806,4.024807397140332,2.999690040924984,1.9989983621075524,-0.43119476487892755,0.24457958944737934,0.0,-0.017184982898825363,-0.007436699667308579,0.0
29.470000000001807,4.010515928429479,3.0076434548113915,1.9989978739015501,-0.43427995167747585,0.2382986204615936,0.0,-0.01698700986034764,-0.014877331838642933,0.0
29.48000000000181,4.010515928429479,3.0076434548113915,1.9989978739015501,-0.43427995167747585,0.2382986204615936,0.0,-0.018484290615817946,-0.00669745877921471,0.0
29.49000000000181,4.010515928429479,3.0076434548113915,1.9989978739015501,-0.43427995167747585,0.2382986204615936,0.0,-0.01851762655447347,-0.006706373026076976,0.0
29.500000000001812,4.010515928429479,3.0076434548113915,1.9989978739015501,-0.43427995167747585,0.2382986204615936,0.0,-0.018550962670971203,-0.006715287333987209,0.0
29.510000000001813,3.995728366832579,3.0156598948612308,1.9989985707914288,-0.43788750283769784,0.2320823419972813,0.0,-0.019174219165904244,-0.007989805144296732,0.0
29.520000000001815,3.995728366832579,3.0156598948612308,1.9989985707914288,-0.43788750283769784,0.2320823419972813,0.0,-0.01920796298705223,-0.007999581330210295,0.0
29.530000000001817,3.995728366832579,3.0156598948612308,1.9989985707914288,-0.43788750283769784,0.2320823419972813,0.0,-0.019241706989508518,-0.008009357584866268,0.0
29.540000000001818,3.9811890287928264,3.0231318695799847,1.9989987078853426,-0.44255946103150307,0.2225909310956358,0.0,-0.017833364174456183,-0.006803095939062388,0.0
29.55000000000182,3.9811890287928264,3.0231318695799847,1.9989987078853426,-0.44255946103150307,0.2225909310956358,0.0,-0.017866866911900533,-0.006812663142640589,0.0
29.56000000000182,3.9811890287928264,3.0231318695799847,1.9989987078853426,-0.44255946103150307,0.2225909310956358,0.0,-0.01790036982862162,-0.006822230411414371,0.0
29.570000000001823,3.966520922571485,3.0303537989410243,1.998998786515873,-0.44627177884017283,0.21530430107563217,0.0,-0.016953478831017183,-0.014753199955426108,0.0
29.580000000001824,3.966520922571485,3.0303537989410243,1.998998786515873,-0.44627177884017283,0.21530430107563217,0.0,-0.01760729702828727,-0.006685735819503658,0.0
29.590000000001826,3.966520922571485,3.0303537989410243,1.998998786515873,-0.44627177884017283,0.21530430107563217,0.0,-0.017640844075774,-0.006695667577850995,0.0
29.600000000001828,3.966520922571485,3.0303537989410243,1.998998786515873,-0.44627177884017283,0.21530430107563217,0.0,-0.017674391303256518,-0.006705599403563507,0.0
29.61000000000183,3.9512826197830178,3.037541856032328,1.9989987278969006,-0.4499784419256611,0.2077369392984821,0.0,-0.01674989940830206,-0.00820908865317088,0.0
29.62000000000183,3.9512826197830178,3.037541856032328,1.9989987278969006,-0.4499784419256611,0.2077369392984821,0.0,-0.016783683884942398,-0.008219804691311618,0.0
29.630000000001832,3.9512826197830178,3.037541856032328,1.9989987278969006,-0.4499784419256611,0.2077369392984821,0.0,-0.016817468542562924,-0.008230520803262937,0.0
29.640000000001834,3.936374392933546,3.0442712718521703,1.9989984878943807,-0.4534355227662674,0.20032319744810712,0.0,-0.015699213806155823,-0.006761152126617404,0.0
29.650000000001835,3.936374392933546,3.0442712718521703,1.9989984878943807,-0.4534355227662674,0.20032319744810712,0.0,-0.01573263861979731,-0.006771528473127705,0.0
29.660000000001837,3.936374392933546,3.0442712718521703,1.9989984878943807,-0.4534355227662674,0.20032319744810712,0.0,-0.01576606361270054,-0.006781904889041172,0.0
29.67000000000184,3.9213596907691803,3.0507531875108476,1.998998095227282,-0.4561054812179627,0.19262395366215607,0.0,-0.014366444610256036,-0.014309401128574435,0.0
29.68000000000184,3.9213596907691803,3.0507531875108476,1.998998095227282,-0.4561054812179627,0.19262395366215607,0.0,-0.014526773086417021,-0.006206727843672577,0.0
29.69000000000184,3.9213596907691803,3.0507531875108476,1.998998095227282,-0.4561054812179627,0.19262395366215607,0.0,-0.014560120141835494,-0.006217391744727565,0.0
29.700000000001843,3.9213596907691803,3.0507531875108476,1.998998095227282,-0.4561054812179627,0.19262395366215607,0.0,-0.014593467376511645,-0.006228055715907232,0.0
29.710000000001845,3.9057990080145073,3.057168217474418,1.9989981474913125,-0.4590780266853378,0.18483068557226243,0.0,-0.012807921368482706,-0.0067804720300931485,0.0
29.720000000001846,3.9057990080145073,3.057168217474418,1.9989981474913125,-0.4590780266853378,0.18483068557226243,0.0,-0.012841358941703572,-0.006791853281370737,0.0
29.730000000001848,3.9057990080145073,3.057168217474418,1.9989981474913125,-0.4590780266853378,0.18483068557226243,0.0,-0.012874796694324474,-0.00680323460707351,0.0
29.74000000000185,3.890590238917425,3.0631393979518355,1.998998528223542,-0.46246538403699206,0.1773096328253663,0.0,-0.010995818691370583,-0.004736072787142706,0.0
29.75000000000185,3.890590238917425,3.0631393979518355,1.998998528223542,-0.46246538403699206,0.1773096328253663,0.0,-0.011028757732479551,-0.004746992272863753,0.0
29.760000000001853,3.890590238917425,3.0631393979518355,1.998998528223542,-0.46246538403699206,0.1773096328253663,0.0,-0.011061696949976808,-0.004757911826742661,0.0
29.770000000001854,3.8752761769137862,3.068861832309004,1.9989987355722634,-0.46548682729259616,0.16970175293708353,0.0,-0.009453007813321005,-0.012597184624756721,0.0
29.780000000001856,3.8752761769137862,3.068861832309004,1.9989987355722634,-0.46548682729259616,0.16970175293708353,0.0,-0.009229351532202206,-0.004859280734058625,0.0
29.790000000001857,3.8752761769137862,3.068861832309004,1.9989987355722634,-0.46548682729259616,0.16970175293708353,0.0,-0.009262076771711036,-0.004870415750282422,0.0
29.80000000000186,3.8752761769137862,3.068861832309004,1.9989987355722634,-0.46548682729259616,0.16970175293708353,0.0,-0.00929480218584716,-0.00488155083512004,0.0
29.81000000000186,3.859397940910223,3.074493444988085,1.998998731126476,-0.4684224584435489,0.16179526657747778,0.0,-0.0077560271107193456,-0.005548965491446302,0.0
29.820000000001862,3.859397940910223,3.074493444988085,1.998998731126476,-0.4684224584435489,0.16179526657747778,0.0,-0.007788722650630319,-0.005560765927636884,0.0
29.830000000001863,3.859397940910223,3.074493444988085,1.998998731126476,-0.4684224584435489,0.16179526657747778,0.0,-0.007821418364609907,-0.005572566436376522,0.0
29.840000000001865,3.843894146572404,3.079701249711315,1.998998542557398,-0.4710988139796567,0.15405634631172913,0.0,-0.0066086016365737,-0.0033867105735017385,0.0
29.850000000001867,3.843894146572404,3.079701249711315,1.998998542557398,-0.4710988139796567,0.15405634631172913,0.0,-0.006640774962196313,-0.0033980170962543015,0.0
29.860000000001868,3.843894146572404,3.079701249711315,1.998998542557398,-0.4710988139796567,0.15405634631172913,0.0,-0.006672948458927537,-0.0034093236855064924,0.0
29.87000000000187,3.828315505764712,3.084650084758241,1.9989987435426853,-0.47269735339484464,0.14605695272734792,0.0,-0.004612800499658829,-0.010602587995427489,0.0
29.88000000000187,3.828315505764712,3.084650084758241,1.9989987435426853,-0.47269735339484464,0.14605695272734792,0.0,-0.00565887117215902,-0.0030871962190901154,0.0
29.890000000001873,3.828315505764712,3.084650084758241,1.9989987435426853,-0.47269735339484464,0.14605695272734792,0.0,-0.005690954167491104,-0.00309883361416122,0.0
29.900000000001874,3.828315505764712,3.084650084758241,1.9989987435426853,-0.47269735339484464,0.14605695272734792,0.0,-0.005723037332146712,-0.0031104710763850073,0.0
29.910000000001876,3.812181095099246,3.0894833736163783,1.9989984185671525,-0.4758605851920631,0.13831466333965706,0.0,-0.0056883492188325455,-0.004945474968887117,0.0
29.920000000001878,3.812181095099246,3.0894833736163783,1.9989984185671525,-0.4758605851920631,0.13831466333965706,0.0,-0.00572048529556952,-0.004957893663487036,0.0
29.93000000000188,3.812181095099246,3.0894833736163783,1.9989984185671525,-0.4758605851920631,0.13831466333965706,0.0,-0.005752621541365467,-0.004970312431586321,0.0
29.94000000000188,3.7964465667355776,3.093912357077521,1.9989985514053037,-0.47739502368920816,0.1302223893129388,0.0,-0.005283014813775092,-0.0028465115113373734,0.0
29.950000000001882,3.7964465667355776,3.093912357077521,1.9989985514053037,-0.47739502368920816,0.1302223893129388,0.0,-0.0053147654926297624,-0.002858504961257457,0.0
29.960000000001884,3.7964465667355776,3.093912357077521,1.9989985514053037,-0.47739502368920816,0.1302223893129388,0.0,-0.005346516336886578,-0.002870498478973143,0.0
29.970000000001885,3.780640369888022,3.098079583255757,1.9989986380080251,-0.4800552501254826,0.12246311067011946,0.0,-0.003127145319870128,-0.010707715035946322,0.0
29.980000000001887,3.780640369888022,3.098079583255757,1.9989986380080251,-0.4800552501254826,0.12246311067011946,0.0,-0.00471660867462625,-0.003147632466163648,0.0
29.99000000000189,3.780640369888022,3.098079583255757,1.9989986380080251,-0.4800552501254826,0.12246311067011946,0.0,-0.0047481738930452095,-0.0031598794781306765,0.0
30.00000000000189,3.780640369888022,3.098079583255757,1.9989986380080251,-0.4800552501254826,0.12246311067011946,0.0,-0.004779739274864488,-0.0031721265589535353,0.0
