time,x,y,z,vx,vy,vz,phi,theta,psi,p,q,r,dot_phi,dot_theta,dot_psi
0.01,3.9706488251686096,0.02241167239844799,4.034414291381836,0.029893892166168903,-0.026000658471036667,-0.03360493852116475,-0.03148824245292405,0.00556878583651268,-0.00021936669538023595,-0.009121925570070744,-0.002649805042892694,0.00198536622337997,-0.009110410282458471,-0.002585986135414286,0.002067838029336795
0.02,3.9706488251686096,0.02241167239844799,4.034414291381836,0.029893892166168903,-0.026000658471036667,-0.03360493852116475,-0.03148824245292405,0.00556878583651268,-0.00021936669538023595,-0.009121925570070744,-0.002649805042892694,0.00198536622337997,-0.009110410282458471,-0.002585986135414286,0.002067838029336795
0.03,3.9706488251686096,0.02241167239844799,4.034414291381836,0.029893892166168903,-0.026000658471036667,-0.03360493852116475,-0.03148824245292405,0.00556878583651268,-0.00021936669538023595,-0.009121925570070744,-0.002649805042892694,0.00198536622337997,-0.009110410282458471,-0.002585986135414286,0.002067838029336795
0.04,3.9690405130386353,0.02289501018822193,4.034796237945557,0.028308180560666557,-0.025073069149892824,-0.03336643129284311,-0.03148824245292405,0.00556878583651268,-0.00021936669538023595,-0.00291745038703084,-0.0013208884047344327,0.0003962219052482398,-0.0029150133994881745,-0.0013077593524092913,0.00043761785961582314
0.05,3.9690405130386353,0.02289501018822193,4.034796237945557,0.028308180560666557,-0.025073069149892824,-0.03336643129284311,-0.03171977220425773,0.005430841785000398,-0.00023746674148043042,-0.00291745038703084,-0.0013208884047344327,0.0003962219052482398,-0.0029150721228278394,-0.0013076579973751463,0.0004379203055372763
0.060000000000000005,3.9690405130386353,0.02289501018822193,4.034796237945557,0.028308180560666557,-0.025073069149892824,-0.03336643129284311,-0.03171977220425773,0.005430841785000398,-0.00023746674148043042,-0.00291745038703084,-0.0013208884047344327,0.0003962219052482398,-0.0029150721228278394,-0.0013076579973751463,0.0004379203055372763
0.07,3.9690405130386353,0.02289501018822193,4.034796237945557,0.028308180560666557,-0.025073069149892824,-0.03336643129284311,-0.03171977220425773,0.005430841785000398,-0.00023746674148043042,-0.00291745038703084,-0.0013208884047344327,0.0003962219052482398,-0.0029150721228278394,-0.0013076579973751463,0.0004379203055372763
0.08,3.9680762887001038,0.023106979206204414,4.034927845001221,0.027570517429145836,-0.024122182605651042,-0.011679973887884694,-0.03175654776711308,0.005655181677651056,-0.0002429838639183517,-0.0007335668778978288,0.010802814736962318,-7.241210551001264e-05,-0.0007359159412165161,0.010795068820469695,-0.0004153846814413957
0.09,3.9680762887001038,0.023106979206204414,4.034927845001221,0.027570517429145836,-0.024122182605651042,-0.011679973887884694,-0.03175654776711308,0.005655181677651056,-0.0002429838639183517,-0.0007335668778978288,0.010802814736962318,-7.241210551001264e-05,-0.0007359159412165161,0.010795068820469695,-0.0004153846814413957
0.09999999999999999,3.9680762887001038,0.023106979206204414,4.034927845001221,0.027570517429145836,-0.024122182605651042,-0.011679973887884694,-0.03175654776711308,0.005655181677651056,-0.0002429838639183517,-0.0007335668778978288,0.010802814736962318,-7.241210551001264e-05,-0.0007359159412165161,0.010795068820469695,-0.0004153846814413957
0.10999999999999999,3.967210352420807,0.023398960009217262,4.036745548248291,0.029244367897274217,-0.023217884424138698,0.08026292873572033,-0.03171050796974172,0.0573103920548902,-0.0018491215583917814,-0.002647795481607318,2.2154059410095215,0.0028494596481320527,-0.006514282748119021,2.2143825192960374,-0.06750267283959875
0.11999999999999998,3.967210352420807,0.023398960009217262,4.036745548248291,0.029244367897274217,-0.023217884424138698,0.08026292873572033,-0.03171050796974172,0.0573103920548902,-0.0018491215583917814,-0.002647795481607318,2.2154059410095215,0.0028494596481320527,-0.006514282748119021,2.2143825192960374,-0.06750267283959875
0.12999999999999998,3.967210352420807,0.023398960009217262,4.036745548248291,0.029244367897274217,-0.023217884424138698,0.08026292873572033,-0.03171050796974172,0.0573103920548902,-0.0018491215583917814,-0.002647795481607318,2.2154059410095215,0.0028494596481320527,-0.006514282748119021,2.2143825192960374,-0.06750267283959875
0.13999999999999999,3.967210352420807,0.023398960009217262,4.036745548248291,0.029244367897274217,-0.023217884424138698,0.08026292873572033,-0.03171050796974172,0.0573103920548902,-0.0018491215583917814,-0.002647795481607318,2.2154059410095215,0.0028494596481320527,-0.006514282748119021,2.2143825192960374,-0.06750267283959875
0.15,3.967666268348694,0.02381843514740467,4.0452880859375,0.04238811261064078,-0.023613452072203923,0.3194704143392052,-0.03753563266752818,0.21016601482280167,-0.006138652439608337,-0.18356569111347198,4.329267501831055,0.03697389736771531,-0.2103402171992667,4.327605568816124,-0.12833973467268528
0.16,3.967666268348694,0.02381843514740467,4.0452880859375,0.04238811261064078,-0.023613452072203923,0.3194704143392052,-0.03753563266752818,0.21016601482280167,-0.006138652439608337,-0.18356569111347198,4.329267501831055,0.03697389736771531,-0.2103402171992667,4.327605568816124,-0.12833973467268528
0.17,3.967666268348694,0.02381843514740467,4.0452880859375,0.04238811261064078,-0.023613452072203923,0.3194704143392052,-0.03753563266752818,0.21016601482280167,-0.006138652439608337,-0.18356569111347198,4.329267501831055,0.03697389736771531,-0.2103402171992667,4.327605568816124,-0.12833973467268528
0.18000000000000002,3.9715752601623535,0.024271352216601372,4.057867050170898,0.09684771754651199,-0.022247536368595687,0.44380998783574127,-0.042293701402394274,0.2971424828812774,-0.008607576424784458,-0.20336788892745972,4.378571033477783,0.05190904065966553,-0.24417567034905616,4.376850288015994,-0.1393760202896228
0.19000000000000003,3.9715752601623535,0.024271352216601372,4.057867050170898,0.09684771754651199,-0.022247536368595687,0.44380998783574127,-0.042293701402394274,0.2971424828812774,-0.008607576424784458,-0.20336788892745972,4.378571033477783,0.05190904065966553,-0.24417567034905616,4.376850288015994,-0.1393760202896228
0.20000000000000004,3.9715752601623535,0.024271352216601372,4.057867050170898,0.09684771754651199,-0.022247536368595687,0.44380998783574127,-0.042293701402394274,0.2971424828812774,-0.008607576424784458,-0.20336788892745972,4.378571033477783,0.05190904065966553,-0.24417567034905616,4.376850288015994,-0.1393760202896228
0.21000000000000005,3.977999210357666,0.02482178807258606,4.069420337677002,0.1418050528611022,-0.02251951072668146,0.45898475516148607,-0.05134159596148251,0.4342706585247667,-0.012652377343123902,-0.2225460708141327,3.398289918899536,0.0750911384820934,-0.26865002680197225,3.3976656307814426,-0.10957594689084595
0.22000000000000006,3.977999210357666,0.02482178807258606,4.069420337677002,0.1418050528611022,-0.02251951072668146,0.45898475516148607,-0.05134159596148251,0.4342706585247667,-0.012652377343123902,-0.2225460708141327,3.398289918899536,0.0750911384820934,-0.26865002680197225,3.3976656307814426,-0.10957594689084595
0.23000000000000007,3.977999210357666,0.02482178807258606,4.069420337677002,0.1418050528611022,-0.02251951072668146,0.45898475516148607,-0.05134159596148251,0.4342706585247667,-0.012652377343123902,-0.2225460708141327,3.398289918899536,0.0750911384820934,-0.26865002680197225,3.3976656307814426,-0.10957594689084595
0.24000000000000007,3.992046594619751,0.025524988770484924,4.0819010734558105,0.27892826906364065,-0.01910699616424262,0.40875930430994667,-0.062812556775465,0.5519154680686346,-0.0163824750469747,-0.21707852184772491,2.356503963470459,0.07619410008192033,-0.26133626862028847,2.3566395957163118,-0.08440992116285598
0.25000000000000006,3.992046594619751,0.025524988770484924,4.0819010734558105,0.27892826906364065,-0.01910699616424262,0.40875930430994667,-0.062812556775465,0.5519154680686346,-0.0163824750469747,-0.21707852184772491,2.356503963470459,0.07619410008192033,-0.26133626862028847,2.3566395957163118,-0.08440992116285598
0.26000000000000006,3.992046594619751,0.025524988770484924,4.0819010734558105,0.27892826906364065,-0.01910699616424262,0.40875930430994667,-0.062812556775465,0.5519154680686346,-0.0163824750469747,-0.21707852184772491,2.356503963470459,0.07619410008192033,-0.26133626862028847,2.3566395957163118,-0.08440992116285598
0.2700000000000001,3.992046594619751,0.025524988770484924,4.0819010734558105,0.27892826906364065,-0.01910699616424262,0.40875930430994667,-0.062812556775465,0.5519154680686346,-0.0163824750469747,-0.21707852184772491,2.356503963470459,0.07619410008192033,-0.26133626862028847,2.3566395957163118,-0.08440992116285598
0.2800000000000001,4.007375478744507,0.026054250076413155,4.086933612823486,0.4356801012653426,-0.013191497360002996,0.3765502049356918,-0.06862802686385736,0.5864442705598847,-0.017308535894089504,-0.2724749445915222,1.6383405923843384,0.07367247343063335,-0.298286785731696,1.639536001793608,-0.046642040707151534
0.2900000000000001,4.007375478744507,0.026054250076413155,4.086933612823486,0.4356801012653426,-0.013191497360002996,0.3765502049356918,-0.06862802686385736,0.5864442705598847,-0.017308535894089504,-0.2724749445915222,1.6383405923843384,0.07367247343063335,-0.298286785731696,1.639536001793608,-0.046642040707151534
0.3000000000000001,4.007375478744507,0.026054250076413155,4.086933612823486,0.4356801012653426,-0.013191497360002996,0.3765502049356918,-0.06862802686385736,0.5864442705598847,-0.017308535894089504,-0.2724749445915222,1.6383405923843384,0.07367247343063335,-0.298286785731696,1.639536001793608,-0.046642040707151534
0.3100000000000001,4.02430534362793,0.02667146921157837,4.088417053222656,0.5781652842255588,-0.011333918698232817,0.40414908295853996,-0.08306352387301968,0.6192314961800581,-0.017312883757713303,-0.40226224064826965,0.45218461751937866,0.05615031719207758,-0.38911924671300707,0.45528426101806335,0.022644345888896182
0.3200000000000001,4.02430534362793,0.02667146921157837,4.088417053222656,0.5781652842255588,-0.011333918698232817,0.40414908295853996,-0.08306352387301968,0.6192314961800581,-0.017312883757713303,-0.40226224064826965,0.45218461751937866,0.05615031719207758,-0.38911924671300707,0.45528426101806335,0.022644345888896182
0.3300000000000001,4.02430534362793,0.02667146921157837,4.088417053222656,0.5781652842255588,-0.011333918698232817,0.40414908295853996,-0.08306352387301968,0.6192314961800581,-0.017312883757713303,-0.40226224064826965,0.45218461751937866,0.05615031719207758,-0.38911924671300707,0.45528426101806335,0.022644345888896182
0.34000000000000014,4.02430534362793,0.02667146921157837,4.088417053222656,0.5781652842255588,-0.011333918698232817,0.40414908295853996,-0.08306352387301968,0.6192314961800581,-0.017312883757713303,-0.40226224064826965,0.45218461751937866,0.05615031719207758,-0.38911924671300707,0.45528426101806335,0.022644345888896182
0.35000000000000014,4.056154489517212,0.028010105714201927,4.08787202835083,0.8000830923578421,-0.0023041496125362887,0.5100756449544017,-0.09748049424928945,0.6140279301762698,-0.0148704814798755,-0.4553263187408447,-0.45426106452941895,0.03313266485929495,-0.400914878447016,-0.4488798014617529,0.09443737026508847
0.36000000000000015,4.056154489517212,0.028010105714201927,4.08787202835083,0.8000830923578421,-0.0023041496125362887,0.5100756449544017,-0.09748049424928945,0.6140279301762698,-0.0148704814798755,-0.4553263187408447,-0.45426106452941895,0.03313266485929495,-0.400914878447016,-0.4488798014617529,0.09443737026508847
0.37000000000000016,4.056154489517212,0.028010105714201927,4.08787202835083,0.8000830923578421,-0.0023041496125362887,0.5100756449544017,-0.09748049424928945,0.6140279301762698,-0.0148704814798755,-0.4553263187408447,-0.45426106452941895,0.03313266485929495,-0.400914878447016,-0.4488798014617529,0.09443737026508847
0.38000000000000017,4.089099407196045,0.02984064444899559,4.0871148109436035,0.9762398951913774,0.008279399128399333,0.6250846471216885,-0.10699903661671188,0.597171917140717,-0.011965605367077341,-0.46825581789016724,-0.7899747490882874,0.02465018071234236,-0.3942218791015369,-0.7828244171501487,0.13166127605466263
0.3900000000000002,4.089099407196045,0.02984064444899559,4.0871148109436035,0.9762398951913774,0.008279399128399333,0.6250846471216885,-0.10699903661671188,0.597171917140717,-0.011965605367077341,-0.46825581789016724,-0.7899747490882874,0.02465018071234236,-0.3942218791015369,-0.7828244171501487,0.13166127605466263
0.4000000000000002,4.089099407196045,0.02984064444899559,4.0871148109436035,0.9762398951913774,0.008279399128399333,0.6250846471216885,-0.10699903661671188,0.597171917140717,-0.011965605367077341,-0.46825581789016724,-0.7899747490882874,0.02465018071234236,-0.3942218791015369,-0.7828244171501487,0.13166127605466263
0.4100000000000002,4.12137508392334,0.03324953094124794,4.087771415710449,1.138793599256797,0.01657716480154373,0.6904980281425809,-0.12017593878293888,0.5548096983423985,-0.0060135639705192635,-0.4445652961730957,-1.4088146686553955,-0.009016172029077835,-0.34543918883829255,-1.3997345959531866,0.18817307996573135
0.4200000000000002,4.12137508392334,0.03324953094124794,4.087771415710449,1.138793599256797,0.01657716480154373,0.6904980281425809,-0.12017593878293888,0.5548096983423985,-0.0060135639705192635,-0.4445652961730957,-1.4088146686553955,-0.009016172029077835,-0.34543918883829255,-1.3997345959531866,0.18817307996573135
0.4300000000000002,4.12137508392334,0.03324953094124794,4.087771415710449,1.138793599256797,0.01657716480154373,0.6904980281425809,-0.12017593878293888,0.5548096983423985,-0.0060135639705192635,-0.4445652961730957,-1.4088146686553955,-0.009016172029077835,-0.34543918883829255,-1.3997345959531866,0.18817307996573135
0.4400000000000002,4.12137508392334,0.03324953094124794,4.087771415710449,1.138793599256797,0.01657716480154373,0.6904980281425809,-0.12017593878293888,0.5548096983423985,-0.0060135639705192635,-0.4445652961730957,-1.4088146686553955,-0.009016172029077835,-0.34543918883829255,-1.3997345959531866,0.18817307996573135
0.45000000000000023,4.175716280937195,0.03933173790574074,4.089205741882324,1.3662828957961783,0.037124466306710985,0.713110261654048,-0.13307496887581383,0.47719590808513385,0.003869060004581864,-0.3783717751502991,-1.9706205129623413,-0.04565867781639075,-0.2665789650211738,-1.9592555499820365,0.24340345771795185
0.46000000000000024,4.175716280937195,0.03933173790574074,4.089205741882324,1.3662828957961783,0.037124466306710985,0.713110261654048,-0.13307496887581383,0.47719590808513385,0.003869060004581864,-0.3783717751502991,-1.9706205129623413,-0.04565867781639075,-0.2665789650211738,-1.9592555499820365,0.24340345771795185
0.47000000000000025,4.175716280937195,0.03933173790574074,4.089205741882324,1.3662828957961783,0.037124466306710985,0.713110261654048,-0.13307496887581383,0.47719590808513385,0.003869060004581864,-0.3783717751502991,-1.9706205129623413,-0.04565867781639075,-0.2665789650211738,-1.9592555499820365,0.24340345771795185
0.48000000000000026,4.224900841712952,0.045345813035964966,4.090419769287109,1.5120652084372217,0.06270374031418223,0.7165659041595226,-0.13748908318905004,0.43445961150686757,0.008979778322581143,-0.32528257369995117,-2.177677631378174,-0.06407350301742527,-0.2162376082212131,-2.165909122950401,0.25906322705135143
0.49000000000000027,4.224900841712952,0.045345813035964966,4.090419769287109,1.5120652084372217,0.06270374031418223,0.7165659041595226,-0.13748908318905004,0.43445961150686757,0.008979778322581143,-0.32528257369995117,-2.177677631378174,-0.06407350301742527,-0.2162376082212131,-2.165909122950401,0.25906322705135143
0.5000000000000002,4.224900841712952,0.045345813035964966,4.090419769287109,1.5120652084372217,0.06270374031418223,0.7165659041595226,-0.13748908318905004,0.43445961150686757,0.008979778322581143,-0.32528257369995117,-2.177677631378174,-0.06407350301742527,-0.2162376082212131,-2.165909122950401,0.25906322705135143
0.5100000000000002,4.2708580493927,0.05164217948913574,4.0916290283203125,1.6494594441391344,0.08849837611661178,0.6290261317156793,-0.14371720877199395,0.35241179075498846,0.01820008774684886,-0.23989680409431458,-2.3058412075042725,-0.09657037258148166,-0.15359189169790063,-2.295900108150314,0.2500414813274255
0.5200000000000002,4.2708580493927,0.05164217948913574,4.0916290283203125,1.6494594441391344,0.08849837611661178,0.6290261317156793,-0.14371720877199395,0.35241179075498846,0.01820008774684886,-0.23989680409431458,-2.3058412075042725,-0.09657037258148166,-0.15359189169790063,-2.295900108150314,0.2500414813274255
0.5300000000000002,4.2708580493927,0.05164217948913574,4.0916290283203125,1.6494594441391344,0.08849837611661178,0.6290261317156793,-0.14371720877199395,0.35241179075498846,0.01820008774684886,-0.23989680409431458,-2.3058412075042725,-0.09657037258148166,-0.15359189169790063,-2.295900108150314,0.2500414813274255
0.5400000000000003,4.340632796287537,0.0620981827378273,4.093355178833008,1.7910217383708635,0.1345318551523606,0.5072565801198674,-0.14910328511103998,0.25569730712475813,0.027624399821939656,-0.15842877328395844,-2.1091582775115967,-0.1311613023281095,-0.11042888181551917,-2.1052406980663525,0.18978282222100232
0.5500000000000003,4.340632796287537,0.0620981827378273,4.093355178833008,1.7910217383708635,0.1345318551523606,0.5072565801198674,-0.14910328511103998,0.25569730712475813,0.027624399821939656,-0.15842877328395844,-2.1091582775115967,-0.1311613023281095,-0.11042888181551917,-2.1052406980663525,0.18978282222100232
0.5600000000000003,4.340632796287537,0.0620981827378273,4.093355178833008,1.7910217383708635,0.1345318551523606,0.5072565801198674,-0.14910328511103998,0.25569730712475813,0.027624399821939656,-0.15842877328395844,-2.1091582775115967,-0.1311613023281095,-0.11042888181551917,-2.1052406980663525,0.18978282222100232
0.5700000000000003,4.340632796287537,0.0620981827378273,4.093355178833008,1.7910217383708635,0.1345318551523606,0.5072565801198674,-0.14910328511103998,0.25569730712475813,0.027624399821939656,-0.15842877328395844,-2.1091582775115967,-0.1311613023281095,-0.11042888181551917,-2.1052406980663525,0.18978282222100232
0.5800000000000003,4.398953437805176,0.0717395544052124,4.094995021820068,1.8515693260932131,0.17180783284515672,0.47711611008469434,-0.15071291223755967,0.22361600445990992,0.0303223857133321,-0.13611045479774475,-1.967194676399231,-0.14122132956981634,-0.10069216117306425,-1.9660985231162842,0.15971666069071136
0.5900000000000003,4.398953437805176,0.0717395544052124,4.094995021820068,1.8515693260932131,0.17180783284515672,0.47711611008469434,-0.15071291223755967,0.22361600445990992,0.0303223857133321,-0.13611045479774475,-1.967194676399231,-0.14122132956981634,-0.10069216117306425,-1.9660985231162842,0.15971666069071136
0.6000000000000003,4.398953437805176,0.0717395544052124,4.094995021820068,1.8515693260932131,0.17180783284515672,0.47711611008469434,-0.15071291223755967,0.22361600445990992,0.0303223857133321,-0.13611045479774475,-1.967194676399231,-0.14122132956981634,-0.10069216117306425,-1.9660985231162842,0.15971666069071136
0.6100000000000003,4.4735846519470215,0.0855225920677185,4.097736835479736,1.9146893755018082,0.22754082956250693,0.3607502367384321,-0.1542525644416264,0.14664485747578604,0.035452256737057694,-0.07991236448287964,-1.6260144710540771,-0.15631811320781688,-0.06582700180469409,-1.6307251844068251,0.09639596971463239
0.6200000000000003,4.4735846519470215,0.0855225920677185,4.097736835479736,1.9146893755018082,0.22754082956250693,0.3607502367384321,-0.1542525644416264,0.14664485747578604,0.035452256737057694,-0.07991236448287964,-1.6260144710540771,-0.15631811320781688,-0.06582700180469409,-1.6307251844068251,0.09639596971463239
0.6300000000000003,4.4735846519470215,0.0855225920677185,4.097736835479736,1.9146893755018082,0.22754082956250693,0.3607502367384321,-0.1542525644416264,0.14664485747578604,0.035452256737057694,-0.07991236448287964,-1.6260144710540771,-0.15631811320781688,-0.06582700180469409,-1.6307251844068251,0.09639596971463239
0.6400000000000003,4.4735846519470215,0.0855225920677185,4.097736835479736,1.9146893755018082,0.22754082956250693,0.3607502367384321,-0.1542525644416264,0.14664485747578604,0.035452256737057694,-0.07991236448287964,-1.6260144710540771,-0.15631811320781688,-0.06582700180469409,-1.6307251844068251,0.09639596971463239
0.6500000000000004,4.52642822265625,0.09630552679300308,4.0998992919921875,1.9398654641645974,0.2714316646097023,0.26713767341680794,-0.15610828115920072,0.09010578301559559,0.03768911658125137,-0.029625102877616882,-1.3087825775146484,-0.1680952608585356,-0.026243125598017846,-1.3190021660553868,0.03758424723874397
0.6600000000000004,4.52642822265625,0.09630552679300308,4.0998992919921875,1.9398654641645974,0.2714316646097023,0.26713767341680794,-0.15610828115920072,0.09010578301559559,0.03768911658125137,-0.029625102877616882,-1.3087825775146484,-0.1680952608585356,-0.026243125598017846,-1.3190021660553868,0.03758424723874397
0.6700000000000004,4.52642822265625,0.09630552679300308,4.0998992919921875,1.9398654641645974,0.2714316646097023,0.26713767341680794,-0.15610828115920072,0.09010578301559559,0.03768911658125137,-0.029625102877616882,-1.3087825775146484,-0.1680952608585356,-0.026243125598017846,-1.3190021660553868,0.03758424723874397
0.6800000000000004,4.587254762649536,0.10962456464767456,4.102334022521973,1.9437018336193754,0.31397842065803316,0.23369373977735008,-0.15652431860024765,0.06623874679134661,0.03802255637600341,-0.018962426111102104,-1.159822702407837,-0.16902743279933916,-0.018044405248704543,-1.1719929420484463,0.013869412759149918
0.6900000000000004,4.587254762649536,0.10962456464767456,4.102334022521973,1.9437018336193754,0.31397842065803316,0.23369373977735008,-0.15652431860024765,0.06623874679134661,0.03802255637600341,-0.018962426111102104,-1.159822702407837,-0.16902743279933916,-0.018044405248704543,-1.1719929420484463,0.013869412759149918
0.7000000000000004,4.587254762649536,0.10962456464767456,4.102334022521973,1.9437018336193754,0.31397842065803316,0.23369373977735008,-0.15652431860024765,0.06623874679134661,0.03802255637600341,-0.018962426111102104,-1.159822702407837,-0.16902743279933916,-0.018044405248704543,-1.1719929420484463,0.013869412759149918
0.7100000000000004,4.640270829200745,0.1222592294216156,4.1046366691589355,1.940709128180007,0.3580672099530258,0.16557262916116172,-0.1559568493644962,0.025926402307937572,0.03758433373367778,0.027561184018850327,-0.9172440767288208,-0.1669558435678481,0.02697879186273552,-0.9320442998814829,-0.022465801446166066
0.7200000000000004,4.640270829200745,0.1222592294216156,4.1046366691589355,1.940709128180007,0.3580672099530258,0.16557262916116172,-0.1559568493644962,0.025926402307937572,0.03758433373367778,0.027561184018850327,-0.9172440767288208,-0.1669558435678481,0.02697879186273552,-0.9320442998814829,-0.022465801446166066
0.7300000000000004,4.640270829200745,0.1222592294216156,4.1046366691589355,1.940709128180007,0.3580672099530258,0.16557262916116172,-0.1559568493644962,0.025926402307937572,0.03758433373367778,0.027561184018850327,-0.9172440767288208,-0.1669558435678481,0.02697879186273552,-0.9320442998814829,-0.022465801446166066
0.7400000000000004,4.640270829200745,0.1222592294216156,4.1046366691589355,1.940709128180007,0.3580672099530258,0.16557262916116172,-0.1559568493644962,0.025926402307937572,0.03758433373367778,0.027561184018850327,-0.9172440767288208,-0.1669558435678481,0.02697879186273552,-0.9320442998814829,-0.022465801446166066
0.7500000000000004,4.715610504150391,0.14170609414577484,4.108334541320801,1.919052640053484,0.41337575214262756,0.1216864125938868,-0.15418176435722813,-0.0031025269866110216,0.03622491434049362,0.05823928862810135,-0.7198010683059692,-0.15993644297122947,0.05838665349495561,-0.7358241409149053,-0.047498411425535014
0.7600000000000005,4.715610504150391,0.14170609414577484,4.108334541320801,1.919052640053484,0.41337575214262756,0.1216864125938868,-0.15418176435722813,-0.0031025269866110216,0.03622491434049362,0.05823928862810135,-0.7198010683059692,-0.15993644297122947,0.05838665349495561,-0.7358241409149053,-0.047498411425535014
0.7700000000000005,4.715610504150391,0.14170609414577484,4.108334541320801,1.919052640053484,0.41337575214262756,0.1216864125938868,-0.15418176435722813,-0.0031025269866110216,0.03622491434049362,0.05823928862810135,-0.7198010683059692,-0.15993644297122947,0.05838665349495561,-0.7358241409149053,-0.047498411425535014
0.7800000000000005,4.775212049484253,0.15842773020267487,4.111250877380371,1.8924067134736149,0.45441482375463443,0.10121713134038937,-0.15257741374138453,-0.01943639562639748,0.03498461257207096,0.068818598985672,-0.6473568081855774,-0.15335156023502342,0.06985237181383437,-0.6631435311798817,-0.05319082506666041
0.7900000000000005,4.775212049484253,0.15842773020267487,4.111250877380371,1.8924067134736149,0.45441482375463443,0.10121713134038937,-0.15257741374138453,-0.01943639562639748,0.03498461257207096,0.068818598985672,-0.6473568081855774,-0.15335156023502342,0.06985237181383437,-0.6631435311798817,-0.05319082506666041
0.8000000000000005,4.775212049484253,0.15842773020267487,4.111250877380371,1.8924067134736149,0.45441482375463443,0.10121713134038937,-0.15257741374138453,-0.01943639562639748,0.03498461257207096,0.068818598985672,-0.6473568081855774,-0.15335156023502342,0.06985237181383437,-0.6631435311798817,-0.05319082506666041
0.8100000000000005,4.824164271354675,0.17649812996387482,4.115075588226318,1.8622484161462523,0.4956050786336185,0.068068004967041,-0.14909222954021206,-0.042480468734594386,0.0325800134766594,0.0881137028336525,-0.5341936945915222,-0.14535999298095698,0.09085100773794554,-0.5498593690568961,-0.06445617114951398
0.8200000000000005,4.824164271354675,0.17649812996387482,4.115075588226318,1.8622484161462523,0.4956050786336185,0.068068004967041,-0.14909222954021206,-0.042480468734594386,0.0325800134766594,0.0881137028336525,-0.5341936945915222,-0.14535999298095698,0.09085100773794554,-0.5498593690568961,-0.06445617114951398
0.8300000000000005,4.824164271354675,0.17649812996387482,4.115075588226318,1.8622484161462523,0.4956050786336185,0.068068004967041,-0.14909222954021206,-0.042480468734594386,0.0325800134766594,0.0881137028336525,-0.5341936945915222,-0.14535999298095698,0.09085100773794554,-0.5498593690568961,-0.06445617114951398
0.8400000000000005,4.824164271354675,0.17649812996387482,4.115075588226318,1.8622484161462523,0.4956050786336185,0.068068004967041,-0.14909222954021206,-0.042480468734594386,0.0325800134766594,0.0881137028336525,-0.5341936945915222,-0.14535999298095698,0.09085100773794554,-0.5498593690568961,-0.06445617114951398
0.8500000000000005,4.893309831619263,0.2030636966228485,4.1203203201293945,1.81368330287984,0.5460134037875746,0.04855046262812025,-0.1443700097869288,-0.061453624908171176,0.02994606743431236,0.12379573285579681,-0.42854416370391846,-0.13089251518249506,0.12797225345394617,-0.4429172847800397,-0.06800494792935666
0.8600000000000005,4.893309831619263,0.2030636966228485,4.1203203201293945,1.81368330287984,0.5460134037875746,0.04855046262812025,-0.1443700097869288,-0.061453624908171176,0.02994606743431236,0.12379573285579681,-0.42854416370391846,-0.13089251518249506,0.12797225345394617,-0.4429172847800397,-0.06800494792935666
0.8700000000000006,4.893309831619263,0.2030636966228485,4.1203203201293945,1.81368330287984,0.5460134037875746,0.04855046262812025,-0.1443700097869288,-0.061453624908171176,0.02994606743431236,0.12379573285579681,-0.42854416370391846,-0.13089251518249506,0.12797225345394617,-0.4429172847800397,-0.06800494792935666
0.8800000000000006,4.960887312889099,0.23079220950603485,4.125606536865234,1.7603345026252164,0.5882498531555738,0.049041480453655195,-0.14149884626003742,-0.0696892170351682,0.028576226744910307,0.14394886791706085,-0.39152291417121887,-0.12568825483322138,0.14878035210474044,-0.405335383557999,-0.06938515546923583
0.8900000000000006,4.960887312889099,0.23079220950603485,4.125606536865234,1.7603345026252164,0.5882498531555738,0.049041480453655195,-0.14149884626003742,-0.0696892170351682,0.028576226744910307,0.14394886791706085,-0.39152291417121887,-0.12568825483322138,0.14878035210474044,-0.405335383557999,-0.06938515546923583
0.9000000000000006,4.960887312889099,0.23079220950603485,4.125606536865234,1.7603345026252164,0.5882498531555738,0.049041480453655195,-0.14149884626003742,-0.0696892170351682,0.028576226744910307,0.14394886791706085,-0.39152291417121887,-0.12568825483322138,0.14878035210474044,-0.405335383557999,-0.06938515546923583
0.9100000000000006,4.994002938270569,0.24507483839988708,4.128256797790527,1.7298107938631653,0.6141783947200851,0.028939932993155365,-0.13461772772345315,-0.08387875433411811,0.025892353873654708,0.17742536962032318,-0.3211553692817688,-0.11421099305152889,0.18331699247955838,-0.33357821268449245,-0.07032218280500571
0.9200000000000006,4.994002938270569,0.24507483839988708,4.128256797790527,1.7298107938631653,0.6141783947200851,0.028939932993155365,-0.13461772772345315,-0.08387875433411811,0.025892353873654708,0.17742536962032318,-0.3211553692817688,-0.11421099305152889,0.18331699247955838,-0.33357821268449245,-0.07032218280500571
0.9300000000000006,4.994002938270569,0.24507483839988708,4.128256797790527,1.7298107938631653,0.6141783947200851,0.028939932993155365,-0.13461772772345315,-0.08387875433411811,0.025892353873654708,0.17742536962032318,-0.3211553692817688,-0.11421099305152889,0.18331699247955838,-0.33357821268449245,-0.07032218280500571
0.9400000000000006,4.994002938270569,0.24507483839988708,4.128256797790527,1.7298107938631653,0.6141783947200851,0.028939932993155365,-0.13461772772345315,-0.08387875433411811,0.025892353873654708,0.17742536962032318,-0.3211553692817688,-0.11421099305152889,0.18331699247955838,-0.33357821268449245,-0.07032218280500571
0.9500000000000006,5.0587687492370605,0.2744169235229492,4.133556365966797,1.6686237250947065,0.6537281397009824,0.02064798615173677,-0.12648370282199406,-0.09556687720743505,0.02325060629848571,0.20212849974632263,-0.26163163781166077,-0.09759567677974698,0.2082454534055673,-0.27185299303001437,-0.06410458121539496
0.9600000000000006,5.0587687492370605,0.2744169235229492,4.133556365966797,1.6686237250947065,0.6537281397009824,0.02064798615173677,-0.12648370282199406,-0.09556687720743505,0.02325060629848571,0.20212849974632263,-0.26163163781166077,-0.09759567677974698,0.2082454534055673,-0.27185299303001437,-0.06410458121539496
0.9700000000000006,5.0587687492370605,0.2744169235229492,4.133556365966797,1.6686237250947065,0.6537281397009824,0.02064798615173677,-0.12648370282199406,-0.09556687720743505,0.02325060629848571,0.20212849974632263,-0.26163163781166077,-0.09759567677974698,0.2082454534055673,-0.27185299303001437,-0.06410458121539496
0.9800000000000006,5.109154224395752,0.29847612977027893,4.137731552124023,1.6183150164371378,0.6797725649220988,0.02151370955898131,-0.12219131631802355,-0.10071662375254892,0.022002661774004173,0.20943467319011688,-0.24410559237003326,-0.09225019067525861,0.21568099699983834,-0.2535296656777668,-0.062123772329134
0.9900000000000007,5.109154224395752,0.29847612977027893,4.137731552124023,1.6183150164371378,0.6797725649220988,0.02151370955898131,-0.12219131631802355,-0.10071662375254892,0.022002661774004173,0.20943467319011688,-0.24410559237003326,-0.09225019067525861,0.21568099699983834,-0.2535296656777668,-0.062123772329134
1.0000000000000007,5.109154224395752,0.29847612977027893,4.137731552124023,1.6183150164371378,0.6797725649220988,0.02151370955898131,-0.12219131631802355,-0.10071662375254892,0.022002661774004173,0.20943467319011688,-0.24410559237003326,-0.09225019067525861,0.21568099699983834,-0.2535296656777668,-0.062123772329134
1.0100000000000007,5.151872158050537,0.3201555013656616,4.141571044921875,1.5715172654571674,0.7031144242722106,0.012273386282741022,-0.11333406393576274,-0.11010448386990564,0.019566538374748997,0.21832044422626495,-0.21908262372016907,-0.08497267961502072,0.22491497215030243,-0.22728680978870713,-0.06001454983321209
1.0200000000000007,5.151872158050537,0.3201555013656616,4.141571044921875,1.5715172654571674,0.7031144242722106,0.012273386282741022,-0.11333406393576274,-0.11010448386990564,0.019566538374748997,0.21832044422626495,-0.21908262372016907,-0.08497267961502072,0.22491497215030243,-0.22728680978870713,-0.06001454983321209
1.0300000000000007,5.151872158050537,0.3201555013656616,4.141571044921875,1.5715172654571674,0.7031144242722106,0.012273386282741022,-0.11333406393576274,-0.11010448386990564,0.019566538374748997,0.21832044422626495,-0.21908262372016907,-0.08497267961502072,0.22491497215030243,-0.22728680978870713,-0.06001454983321209
1.0400000000000007,5.151872158050537,0.3201555013656616,4.141571044921875,1.5715172654571674,0.7031144242722106,0.012273386282741022,-0.11333406393576274,-0.11010448386990564,0.019566538374748997,0.21832044422626495,-0.21908262372016907,-0.08497267961502072,0.22491497215030243,-0.22728680978870713,-0.06001454983321209
1.0500000000000007,5.2110435962677,0.3515922427177429,4.1471781730651855,1.5035221845989477,0.7301812877197779,0.010189265798337205,-0.10423846426410704,-0.11826116212837409,0.017330077752916256,0.2208021879196167,-0.18598780035972595,-0.07673849910497663,0.22757110904661085,-0.19296290033541955,-0.05737069386803836
1.0600000000000007,5.2110435962677,0.3515922427177429,4.1471781730651855,1.5035221845989477,0.7301812877197779,0.010189265798337205,-0.10423846426410704,-0.11826116212837409,0.017330077752916256,0.2208021879196167,-0.18598780035972595,-0.07673849910497663,0.22757110904661085,-0.19296290033541955,-0.05737069386803836
1.0700000000000007,5.2110435962677,0.3515922427177429,4.1471781730651855,1.5035221845989477,0.7301812877197779,0.010189265798337205,-0.10423846426410704,-0.11826116212837409,0.017330077752916256,0.2208021879196167,-0.18598780035972595,-0.07673849910497663,0.22757110904661085,-0.19296290033541955,-0.05737069386803836
1.0800000000000007,5.2566728591918945,0.3771139681339264,4.1517252922058105,1.4483087540209247,0.747147711131345,0.014665409726046519,-0.09976058442054754,-0.12195474841569023,0.016293831187224866,0.21756181120872498,-0.17579621076583862,-0.06995242834091184,0.2239468728436719,-0.18188908445448526,-0.052485997359379075
1.0900000000000007,5.2566728591918945,0.3771139681339264,4.1517252922058105,1.4483087540209247,0.747147711131345,0.014665409726046519,-0.09976058442054754,-0.12195474841569023,0.016293831187224866,0.21756181120872498,-0.17579621076583862,-0.06995242834091184,0.2239468728436719,-0.18188908445448526,-0.052485997359379075
1.1000000000000008,5.2566728591918945,0.3771139681339264,4.1517252922058105,1.4483087540209247,0.747147711131345,0.014665409726046519,-0.09976058442054754,-0.12195474841569023,0.016293831187224866,0.21756181120872498,-0.17579621076583862,-0.06995242834091184,0.2239468728436719,-0.18188908445448526,-0.052485997359379075
1.1100000000000008,5.2951226234436035,0.3998515009880066,4.155970096588135,1.3981129011456384,0.7617245483066601,0.010720207085128178,-0.09106037474527211,-0.1286139560958371,0.014380850524487596,0.21191468834877014,-0.15438705682754517,-0.0616268068552017,0.21803607967643776,-0.159351418793864,-0.04772654815937354
1.1200000000000008,5.2951226234436035,0.3998515009880066,4.155970096588135,1.3981129011456384,0.7617245483066601,0.010720207085128178,-0.09106037474527211,-0.1286139560958371,0.014380850524487596,0.21191468834877014,-0.15438705682754517,-0.0616268068552017,0.21803607967643776,-0.159351418793864,-0.04772654815937354
1.1300000000000008,5.2951226234436035,0.3998515009880066,4.155970096588135,1.3981129011456384,0.7617245483066601,0.010720207085128178,-0.09106037474527211,-0.1286139560958371,0.014380850524487596,0.21191468834877014,-0.15438705682754517,-0.0616268068552017,0.21803607967643776,-0.159351418793864,-0.04772654815937354
1.1400000000000008,5.2951226234436035,0.3998515009880066,4.155970096588135,1.3981129011456384,0.7617245483066601,0.010720207085128178,-0.09106037474527211,-0.1286139560958371,0.014380850524487596,0.21191468834877014,-0.15438705682754517,-0.0616268068552017,0.21803607967643776,-0.159351418793864,-0.04772654815937354
1.1500000000000008,5.347901105880737,0.43256068229675293,4.161972522735596,1.3262402744733388,0.777243356743187,0.014467076694661449,-0.08321710604004942,-0.1339566751620077,0.012795997772343515,0.21494178473949432,-0.13884131610393524,-0.05566822737455367,0.2208626213581641,-0.1429880532255588,-0.0443321050428199
1.1600000000000008,5.347901105880737,0.43256068229675293,4.161972522735596,1.3262402744733388,0.777243356743187,0.014467076694661449,-0.08321710604004942,-0.1339566751620077,0.012795997772343515,0.21494178473949432,-0.13884131610393524,-0.05566822737455367,0.2208626213581641,-0.1429880532255588,-0.0443321050428199
1.1700000000000008,5.347901105880737,0.43256068229675293,4.161972522735596,1.3262402744733388,0.777243356743187,0.014467076694661449,-0.08321710604004942,-0.1339566751620077,0.012795997772343515,0.21494178473949432,-0.13884131610393524,-0.05566822737455367,0.2208626213581641,-0.1429880532255588,-0.0443321050428199
1.1800000000000008,5.388228178024292,0.4588909149169922,4.16674280166626,1.268944250662974,0.7860785739930899,0.0203806333413315,-0.07883296865548893,-0.13664437294685905,0.011971728003362792,0.21335044503211975,-0.12898556888103485,-0.05043910443782805,0.21886763646748383,-0.13255712427769495,-0.04050220291066282
1.1900000000000008,5.388228178024292,0.4588909149169922,4.16674280166626,1.268944250662974,0.7860785739930899,0.0203806333413315,-0.07883296865548893,-0.13664437294685905,0.011971728003362792,0.21335044503211975,-0.12898556888103485,-0.05043910443782805,0.21886763646748383,-0.13255712427769495,-0.04050220291066282
1.2000000000000008,5.388228178024292,0.4588909149169922,4.16674280166626,1.268944250662974,0.7860785739930899,0.0203806333413315,-0.07883296865548893,-0.13664437294685905,0.011971728003362792,0.21335044503211975,-0.12898556888103485,-0.05043910443782805,0.21886763646748383,-0.13255712427769495,-0.04050220291066282
1.2100000000000009,5.4182960987091064,0.4831511080265045,4.17132568359375,1.215220178827598,0.7940154414037566,0.017534743907770836,-0.069409698691932,-0.14191743974932175,0.010323288454471708,0.20785963535308838,-0.10884283483028412,-0.04224038124084471,0.21280178164900448,-0.11151029220648949,-0.03494126562244102
1.2200000000000009,5.4182960987091064,0.4831511080265045,4.17132568359375,1.215220178827598,0.7940154414037566,0.017534743907770836,-0.069409698691932,-0.14191743974932175,0.010323288454471708,0.20785963535308838,-0.10884283483028412,-0.04224038124084471,0.21280178164900448,-0.11151029220648949,-0.03494126562244102
1.2300000000000009,5.4182960987091064,0.4831511080265045,4.17132568359375,1.215220178827598,0.7940154414037566,0.017534743907770836,-0.069409698691932,-0.14191743974932175,0.010323288454471708,0.20785963535308838,-0.10884283483028412,-0.04224038124084471,0.21280178164900448,-0.11151029220648949,-0.03494126562244102
1.2400000000000009,5.459700107574463,0.5175779461860657,4.177881717681885,1.1389086545766063,0.8002290240963573,0.021528934846420697,-0.06106608379528189,-0.14587004817943872,0.009045414948904507,0.2053908407688141,-0.08851570636034012,-0.03961543738842009,0.21040641726566653,-0.0907683735244777,-0.03450610854997216
1.2500000000000009,5.459700107574463,0.5175779461860657,4.177881717681885,1.1389086545766063,0.8002290240963573,0.021528934846420697,-0.06106608379528189,-0.14587004817943872,0.009045414948904507,0.2053908407688141,-0.08851570636034012,-0.03961543738842009,0.21040641726566653,-0.0907683735244777,-0.03450610854997216
1.260000000000001,5.459700107574463,0.5175779461860657,4.177881717681885,1.1389086545766063,0.8002290240963573,0.021528934846420697,-0.06106608379528189,-0.14587004817943872,0.009045414948904507,0.2053908407688141,-0.08851570636034012,-0.03961543738842009,0.21040641726566653,-0.0907683735244777,-0.03450610854997216
1.270000000000001,5.459700107574463,0.5175779461860657,4.177881717681885,1.1389086545766063,0.8002290240963573,0.021528934846420697,-0.06106608379528189,-0.14587004817943872,0.009045414948904507,0.2053908407688141,-0.08851570636034012,-0.03961543738842009,0.21040641726566653,-0.0907683735244777,-0.03450610854997216
1.280000000000001,5.498680353164673,0.5518578290939331,4.184467792510986,1.063170981344587,0.8021278088974626,0.031924759367464556,-0.05683083661951669,-0.1474390705984039,0.008387409298983997,0.20744462311267853,-0.07431991398334503,-0.03767710924148559,0.2124043256401165,-0.07633999836022154,-0.03376118295926095
1.290000000000001,5.498680353164673,0.5518578290939331,4.184467792510986,1.063170981344587,0.8021278088974626,0.031924759367464556,-0.05683083661951669,-0.1474390705984039,0.008387409298983997,0.20744462311267853,-0.07431991398334503,-0.03767710924148559,0.2124043256401165,-0.07633999836022154,-0.03376118295926095
1.300000000000001,5.498680353164673,0.5518578290939331,4.184467792510986,1.063170981344587,0.8021278088974626,0.031924759367464556,-0.05683083661951669,-0.1474390705984039,0.008387409298983997,0.20744462311267853,-0.07431991398334503,-0.03767710924148559,0.2124043256401165,-0.07633999836022154,-0.03376118295926095
1.310000000000001,5.528241395950317,0.5790292024612427,4.189687728881836,1.002500730742742,0.8018447942748157,0.034588370963326565,-0.048182645857353754,-0.14955017726558703,0.007144234852710036,0.21142375469207764,-0.0352383702993393,-0.031905539333820336,0.21596981839722754,-0.03673417263700716,-0.030511857324999923
1.320000000000001,5.528241395950317,0.5790292024612427,4.189687728881836,1.002500730742742,0.8018447942748157,0.034588370963326565,-0.048182645857353754,-0.14955017726558703,0.007144234852710036,0.21142375469207764,-0.0352383702993393,-0.031905539333820336,0.21596981839722754,-0.03673417263700716,-0.030511857324999923
1.330000000000001,5.528241395950317,0.5790292024612427,4.189687728881836,1.002500730742742,0.8018447942748157,0.034588370963326565,-0.048182645857353754,-0.14955017726558703,0.007144234852710036,0.21142375469207764,-0.0352383702993393,-0.031905539333820336,0.21596981839722754,-0.03673417263700716,-0.030511857324999923
1.340000000000001,5.528241395950317,0.5790292024612427,4.189687728881836,1.002500730742742,0.8018447942748157,0.034588370963326565,-0.048182645857353754,-0.14955017726558703,0.007144234852710036,0.21142375469207764,-0.0352383702993393,-0.031905539333820336,0.21596981839722754,-0.03673417263700716,-0.030511857324999923
1.350000000000001,5.552424907684326,0.6027733683586121,4.194333076477051,0.9499199635876914,0.7998727134196768,0.03721556723748701,-0.039685117380627105,-0.1503476178586151,0.006075089284402308,0.20834775269031525,-0.00906745903193951,-0.02822023630142212,0.2125649940886628,-0.010179949210108261,-0.028155892976347897
1.360000000000001,5.552424907684326,0.6027733683586121,4.194333076477051,0.9499199635876914,0.7998727134196768,0.03721556723748701,-0.039685117380627105,-0.1503476178586151,0.006075089284402308,0.20834775269031525,-0.00906745903193951,-0.02822023630142212,0.2125649940886628,-0.010179949210108261,-0.028155892976347897
1.370000000000001,5.552424907684326,0.6027733683586121,4.194333076477051,0.9499199635876914,0.7998727134196768,0.03721556723748701,-0.039685117380627105,-0.1503476178586151,0.006075089284402308,0.20834775269031525,-0.00906745903193951,-0.02822023630142212,0.2125649940886628,-0.010179949210108261,-0.028155892976347897
1.380000000000001,5.578907251358032,0.6294945478439331,4.199955940246582,0.8914262617606589,0.7945862555729533,0.045657918849559484,-0.03541300910531747,-0.15034194063168174,0.005627190670892703,0.21040678024291992,0.004526284988969562,-0.022439541295170784,0.2138281789831486,0.0037289615234157303,-0.02284340352564761
1.390000000000001,5.578907251358032,0.6294945478439331,4.199955940246582,0.8914262617606589,0.7945862555729533,0.045657918849559484,-0.03541300910531747,-0.15034194063168174,0.005627190670892703,0.21040678024291992,0.004526284988969562,-0.022439541295170784,0.2138281789831486,0.0037289615234157303,-0.02284340352564761
1.400000000000001,5.578907251358032,0.6294945478439331,4.199955940246582,0.8914262617606589,0.7945862555729533,0.045657918849559484,-0.03541300910531747,-0.15034194063168174,0.005627190670892703,0.21040678024291992,0.004526284988969562,-0.022439541295170784,0.2138281789831486,0.0037289615234157303,-0.02284340352564761
1.410000000000001,5.600443363189697,0.6527272462844849,4.204963207244873,0.8399521891706344,0.7885412529318548,0.04899724403208197,-0.026938427528845493,-0.15019249615788072,0.004792536273100157,0.20700490474700928,0.007292307913303373,-0.020357005298137665,0.21011418031864115,0.006741342747383223,-0.020779973819845934
1.420000000000001,5.600443363189697,0.6527272462844849,4.204963207244873,0.8399521891706344,0.7885412529318548,0.04899724403208197,-0.026938427528845493,-0.15019249615788072,0.004792536273100157,0.20700490474700928,0.007292307913303373,-0.020357005298137665,0.21011418031864115,0.006741342747383223,-0.020779973819845934
1.430000000000001,5.600443363189697,0.6527272462844849,4.204963207244873,0.8399521891706344,0.7885412529318548,0.04899724403208197,-0.026938427528845493,-0.15019249615788072,0.004792536273100157,0.20700490474700928,0.007292307913303373,-0.020357005298137665,0.21011418031864115,0.006741342747383223,-0.020779973819845934
1.440000000000001,5.62925910949707,0.6853141188621521,4.2122111320495605,0.7682491696997904,0.7773821515344917,0.056231389420017486,-0.018606267117639675,-0.15003794112891272,0.004130408561704343,0.20486192405223846,0.00705147488042712,-0.017025740817189217,0.20745516145989806,0.006733487125722864,-0.017348895634696965
1.450000000000001,5.62925910949707,0.6853141188621521,4.2122111320495605,0.7682491696997904,0.7773821515344917,0.056231389420017486,-0.018606267117639675,-0.15003794112891272,0.004130408561704343,0.20486192405223846,0.00705147488042712,-0.017025740817189217,0.20745516145989806,0.006733487125722864,-0.017348895634696965
1.460000000000001,5.62925910949707,0.6853141188621521,4.2122111320495605,0.7682491696997904,0.7773821515344917,0.056231389420017486,-0.018606267117639675,-0.15003794112891272,0.004130408561704343,0.20486192405223846,0.00705147488042712,-0.017025740817189217,0.20745516145989806,0.006733487125722864,-0.017348895634696965
1.470000000000001,5.62925910949707,0.6853141188621521,4.2122111320495605,0.7682491696997904,0.7773821515344917,0.056231389420017486,-0.018606267117639675,-0.15003794112891272,0.004130408561704343,0.20486192405223846,0.00705147488042712,-0.017025740817189217,0.20745516145989806,0.006733487125722864,-0.017348895634696965
1.480000000000001,5.65059494972229,0.710838258266449,4.217929363250732,0.7120504191348601,0.7654917835974878,0.06385434798683062,-0.01451290923909204,-0.14995756618425354,0.003839672974785127,0.20320646464824677,0.005330873187631367,-0.014142153784632683,0.20535469234305642,0.0051250752016420075,-0.014379402248253192
1.490000000000001,5.65059494972229,0.710838258266449,4.217929363250732,0.7120504191348601,0.7654917835974878,0.06385434798683062,-0.01451290923909204,-0.14995756618425354,0.003839672974785127,0.20320646464824677,0.005330873187631367,-0.014142153784632683,0.20535469234305642,0.0051250752016420075,-0.014379402248253192
1.500000000000001,5.65059494972229,0.710838258266449,4.217929363250732,0.7120504191348601,0.7654917835974878,0.06385434798683062,-0.01451290923909204,-0.14995756618425354,0.003839672974785127,0.20320646464824677,0.005330873187631367,-0.014142153784632683,0.20535469234305642,0.0051250752016420075,-0.014379402248253192
1.5100000000000011,5.667744398117065,0.7328434586524963,4.223081111907959,0.6634512356562133,0.7543444273403935,0.06671097773862618,-0.006564099118854359,-0.1498862333369474,0.0032662510772449947,0.19495567679405212,0.0017540522385388595,-0.013406479731202126,0.19698200317574113,0.001666013620068858,-0.013569848756030059
1.5200000000000011,5.667744398117065,0.7328434586524963,4.223081111907959,0.6634512356562133,0.7543444273403935,0.06671097773862618,-0.006564099118854359,-0.1498862333369474,0.0032662510772449947,0.19495567679405212,0.0017540522385388595,-0.013406479731202126,0.19698200317574113,0.001666013620068858,-0.013569848756030059
1.5300000000000011,5.667744398117065,0.7328434586524963,4.223081111907959,0.6634512356562133,0.7543444273403935,0.06671097773862618,-0.006564099118854359,-0.1498862333369474,0.0032662510772449947,0.19495567679405212,0.0017540522385388595,-0.013406479731202126,0.19698200317574113,0.001666013620068858,-0.013569848756030059
1.5400000000000011,5.667744398117065,0.7328434586524963,4.223081111907959,0.6634512356562133,0.7543444273403935,0.06671097773862618,-0.006564099118854359,-0.1498862333369474,0.0032662510772449947,0.19495567679405212,0.0017540522385388595,-0.013406479731202126,0.19698200317574113,0.001666013620068858,-0.013569848756030059
1.5500000000000012,5.69026517868042,0.7634854316711426,4.2303032875061035,0.5947707884136731,0.7354457065394495,0.07234137832951804,0.0012826242042295348,-0.1499986660926655,0.002834917767482283,0.19462072849273682,-0.0018545326311141266,-0.011111641302704811,0.1963004317794136,-0.0018402790494696484,-0.011240224191322808
1.5600000000000012,5.69026517868042,0.7634854316711426,4.2303032875061035,0.5947707884136731,0.7354457065394495,0.07234137832951804,0.0012826242042295348,-0.1499986660926655,0.002834917767482283,0.19462072849273682,-0.0018545326311141266,-0.011111641302704811,0.1963004317794136,-0.0018402790494696484,-0.011240224191322808
1.5700000000000012,5.69026517868042,0.7634854316711426,4.2303032875061035,0.5947707884136731,0.7354457065394495,0.07234137832951804,0.0012826242042295348,-0.1499986660926655,0.002834917767482283,0.19462072849273682,-0.0018545326311141266,-0.011111641302704811,0.1963004317794136,-0.0018402790494696484,-0.011240224191322808
1.5800000000000012,5.706563711166382,0.7872791290283203,4.236142635345459,0.5405507278929411,0.7181626662136102,0.07880181562010106,0.005215962450131023,-0.15017561632652768,0.002636225993644524,0.19551125168800354,-0.008694759570062162,-0.010588534176349638,0.1971202946898876,-0.008639412148131772,-0.010754788566101015
1.5900000000000012,5.706563711166382,0.7872791290283203,4.236142635345459,0.5405507278929411,0.7181626662136102,0.07880181562010106,0.005215962450131023,-0.15017561632652768,0.002636225993644524,0.19551125168800354,-0.008694759570062162,-0.010588534176349638,0.1971202946898876,-0.008639412148131772,-0.010754788566101015
1.6000000000000012,5.706563711166382,0.7872791290283203,4.236142635345459,0.5405507278929411,0.7181626662136102,0.07880181562010106,0.005215962450131023,-0.15017561632652768,0.002636225993644524,0.19551125168800354,-0.008694759570062162,-0.010588534176349638,0.1971202946898876,-0.008639412148131772,-0.010754788566101015
1.6100000000000012,5.717188596725464,0.8083528280258179,4.241848945617676,0.49204907034200907,0.7020801057864969,0.08157655619257875,0.012934764262107183,-0.15054996071535956,0.002206878850263023,0.18920505046844482,-0.009662357158958914,-0.00986437778919935,0.19072028828585552,-0.009533959031368118,-0.010102804851467731
1.6200000000000012,5.717188596725464,0.8083528280258179,4.241848945617676,0.49204907034200907,0.7020801057864969,0.08157655619257875,0.012934764262107183,-0.15054996071535956,0.002206878850263023,0.18920505046844482,-0.009662357158958914,-0.00986437778919935,0.19072028828585552,-0.009533959031368118,-0.010102804851467731
1.6300000000000012,5.717188596725464,0.8083528280258179,4.241848945617676,0.49204907034200907,0.7020801057864969,0.08157655619257875,0.012934764262107183,-0.15054996071535956,0.002206878850263023,0.18920505046844482,-0.009662357158958914,-0.00986437778919935,0.19072028828585552,-0.009533959031368118,-0.010102804851467731
1.6400000000000012,5.717188596725464,0.8083528280258179,4.241848945617676,0.49204907034200907,0.7020801057864969,0.08157655619257875,0.012934764262107183,-0.15054996071535956,0.002206878850263023,0.18920505046844482,-0.009662357158958914,-0.00986437778919935,0.19072028828585552,-0.009533959031368118,-0.010102804851467731
1.6500000000000012,5.730794906616211,0.8373069763183594,4.24983024597168,0.42410887267704384,0.6774668305238989,0.08808032474113778,0.020364224538966785,-0.1509769181309794,0.00190099439043879,0.18365564942359924,-0.008096281439065933,-0.005854072049260139,0.18457115304500743,-0.007975397328313781,-0.0060869628744415144
1.6600000000000013,5.730794906616211,0.8373069763183594,4.24983024597168,0.42410887267704384,0.6774668305238989,0.08808032474113778,0.020364224538966785,-0.1509769181309794,0.00190099439043879,0.18365564942359924,-0.008096281439065933,-0.005854072049260139,0.18457115304500743,-0.007975397328313781,-0.0060869628744415144
1.6700000000000013,5.730794906616211,0.8373069763183594,4.24983024597168,0.42410887267704384,0.6774668305238989,0.08808032474113778,0.020364224538966785,-0.1509769181309794,0.00190099439043879,0.18365564942359924,-0.008096281439065933,-0.005854072049260139,0.18457115304500743,-0.007975397328313781,-0.0060869628744415144
1.6800000000000013,5.742149353027344,0.8649850487709045,4.257673740386963,0.35669890063521076,0.6492976273815781,0.0973373584350124,0.024003489640057343,-0.15108433168985738,0.0017666994817669944,0.18079565465450287,-0.0029958451632410297,-0.006817702203989029,0.18184426027725004,-0.0028313492205111414,-0.006967007027982638
1.6900000000000013,5.742149353027344,0.8649850487709045,4.257673740386963,0.35669890063521076,0.6492976273815781,0.0973373584350124,0.024003489640057343,-0.15108433168985738,0.0017666994817669944,0.18079565465450287,-0.0029958451632410297,-0.006817702203989029,0.18184426027725004,-0.0028313492205111414,-0.006967007027982638
1.7000000000000013,5.742149353027344,0.8649850487709045,4.257673740386963,0.35669890063521076,0.6492976273815781,0.0973373584350124,0.024003489640057343,-0.15108433168985738,0.0017666994817669944,0.18079565465450287,-0.0029958451632410297,-0.006817702203989029,0.18184426027725004,-0.0028313492205111414,-0.006967007027982638
1.7100000000000013,5.746970891952515,0.8783164024353027,4.2615556716918945,0.3235399384876287,0.6350468536198015,0.09787754898769685,0.031483900603359566,-0.15078667222194647,0.0014972159833274762,0.1876792311668396,0.011459062807261942,-0.007434288039803507,0.18875342953878996,0.011687405678039118,-0.007151028579077231
1.7200000000000013,5.746970891952515,0.8783164024353027,4.2615556716918945,0.3235399384876287,0.6350468536198015,0.09787754898769685,0.031483900603359566,-0.15078667222194647,0.0014972159833274762,0.1876792311668396,0.011459062807261942,-0.007434288039803507,0.18875342953878996,0.011687405678039118,-0.007151028579077231
1.7300000000000013,5.746970891952515,0.8783164024353027,4.2615556716918945,0.3235399384876287,0.6350468536198015,0.09787754898769685,0.031483900603359566,-0.15078667222194647,0.0014972159833274762,0.1876792311668396,0.011459062807261942,-0.007434288039803507,0.18875342953878996,0.011687405678039118,-0.007151028579077231
1.7400000000000013,5.754903793334961,0.9038985967636108,4.269222259521484,0.25834928497468107,0.6028109271101189,0.10379051618972593,0.031483900603359566,-0.15078667222194647,0.0014972159833274762,0.18460790812969208,0.027269601821899414,-0.006960218772292141,0.18553449234737793,0.02747518626819877,-0.006168348784184812
1.7500000000000013,5.754903793334961,0.9038985967636108,4.269222259521484,0.25834928497468107,0.6028109271101189,0.10379051618972593,0.03887928660271716,-0.14983307701722307,0.0012599403901914635,0.18460790812969208,0.027269601821899414,-0.006960218772292141,0.18549784427995214,0.027519534237965868,-0.005961799272037937
1.7600000000000013,5.754903793334961,0.9038985967636108,4.269222259521484,0.25834928497468107,0.6028109271101189,0.10379051618972593,0.03887928660271716,-0.14983307701722307,0.0012599403901914635,0.18460790812969208,0.027269601821899414,-0.006960218772292141,0.18549784427995214,0.027519534237965868,-0.005961799272037937
1.7700000000000014,5.754903793334961,0.9038985967636108,4.269222259521484,0.25834928497468107,0.6028109271101189,0.10379051618972593,0.03887928660271716,-0.14983307701722307,0.0012599403901914635,0.18460790812969208,0.027269601821899414,-0.006960218772292141,0.18549784427995214,0.027519534237965868,-0.005961799272037937
1.7800000000000014,5.759742021560669,0.9232329726219177,4.275193214416504,0.20674910011858638,0.5751978538788588,0.10916109510552957,0.04256611172486198,-0.1491757419288598,0.0011321667702647294,0.18396714329719543,0.035139553248882294,-0.007412631064653401,0.18485546272841985,0.03542315544432256,-0.005976995199174148
1.7900000000000014,5.759742021560669,0.9232329726219177,4.275193214416504,0.20674910011858638,0.5751978538788588,0.10916109510552957,0.04256611172486198,-0.1491757419288598,0.0011321667702647294,0.18396714329719543,0.035139553248882294,-0.007412631064653401,0.18485546272841985,0.03542315544432256,-0.005976995199174148
1.8000000000000014,5.759742021560669,0.9232329726219177,4.275193214416504,0.20674910011858638,0.5751978538788588,0.10916109510552957,0.04256611172486198,-0.1491757419288598,0.0011321667702647294,0.18396714329719543,0.035139553248882294,-0.007412631064653401,0.18485546272841985,0.03542315544432256,-0.005976995199174148
1.8100000000000014,5.763609409332275,0.9460304379463196,4.282638072967529,0.1438065060130887,0.5386844261900041,0.11589699615103985,0.04976453480913842,-0.14788357239488278,0.0009524820782019289,0.17456308007240295,0.03204438090324402,-0.007348707877099518,0.17541900782845432,0.03237026409607075,-0.005808999019568416
1.8200000000000014,5.763609409332275,0.9460304379463196,4.282638072967529,0.1438065060130887,0.5386844261900041,0.11589699615103985,0.04976453480913842,-0.14788357239488278,0.0009524820782019289,0.17456308007240295,0.03204438090324402,-0.007348707877099518,0.17541900782845432,0.03237026409607075,-0.005808999019568416
1.8300000000000014,5.763609409332275,0.9460304379463196,4.282638072967529,0.1438065060130887,0.5386844261900041,0.11589699615103985,0.04976453480913842,-0.14788357239488278,0.0009524820782019289,0.17456308007240295,0.03204438090324402,-0.007348707877099518,0.17541900782845432,0.03237026409607075,-0.005808999019568416
1.8400000000000014,5.764898777008057,0.9610252976417542,4.287827968597412,0.10075709699064424,0.5117452656732655,0.1207821474564709,0.04976453480913842,-0.14788357239488278,0.0009524820782019289,0.16487367451190948,0.025950806215405464,-0.0008708504028618367,0.1648109391114516,0.025961998724674265,0.0004257717747504891
1.8500000000000014,5.764898777008057,0.9610252976417542,4.287827968597412,0.10075709699064424,0.5117452656732655,0.1207821474564709,0.05579303605237289,-0.14685993036770675,0.0009264209657949521,0.16487367451190948,0.025950806215405464,-0.0008708504028618367,0.16478822894512274,0.02595898822548251,0.0005839134420746845
1.8600000000000014,5.764898777008057,0.9610252976417542,4.287827968597412,0.10075709699064424,0.5117452656732655,0.1207821474564709,0.05579303605237289,-0.14685993036770675,0.0009264209657949521,0.16487367451190948,0.025950806215405464,-0.0008708504028618367,0.16478822894512274,0.02595898822548251,0.0005839134420746845
1.8700000000000014,5.764898777008057,0.9610252976417542,4.287827968597412,0.10075709699064424,0.5117452656732655,0.1207821474564709,0.05579303605237289,-0.14685993036770675,0.0009264209657949521,0.16487367451190948,0.025950806215405464,-0.0008708504028618367,0.16478822894512274,0.02595898822548251,0.0005839134420746845
1.8800000000000014,5.765264511108398,0.9770679473876953,4.293612003326416,0.05255546126729925,0.47994709674018676,0.1280533275497649,0.05953666471947267,-0.14629457047771527,0.000922073506711528,0.1549038589000702,0.0234198160469532,-0.0011144580785185127,0.15486244980554528,0.02344463312264574,0.0002840650269806851
1.8900000000000015,5.765264511108398,0.9770679473876953,4.293612003326416,0.05255546126729925,0.47994709674018676,0.1280533275497649,0.05953666471947267,-0.14629457047771527,0.000922073506711528,0.1549038589000702,0.0234198160469532,-0.0011144580785185127,0.15486244980554528,0.02344463312264574,0.0002840650269806851
1.9000000000000015,5.765264511108398,0.9770679473876953,4.293612003326416,0.05255546126729925,0.47994709674018676,0.1280533275497649,0.05953666471947267,-0.14629457047771527,0.000922073506711528,0.1549038589000702,0.0234198160469532,-0.0011144580785185127,0.15486244980554528,0.02344463312264574,0.0002840650269806851
1.9100000000000015,5.764286994934082,0.9902229905128479,4.298614025115967,0.010890115201680916,0.4512244959906139,0.13265383345903886,0.06540400043399783,-0.1454349560416152,0.0009070845495510413,0.14380520582199097,0.0227491594851017,-0.00016572908498347085,0.14361165413915727,0.022711351596929774,0.0013355501872880837
1.9200000000000015,5.764286994934082,0.9902229905128479,4.298614025115967,0.010890115201680916,0.4512244959906139,0.13265383345903886,0.06540400043399783,-0.1454349560416152,0.0009070845495510413,0.14380520582199097,0.0227491594851017,-0.00016572908498347085,0.14361165413915727,0.022711351596929774,0.0013355501872880837
1.9300000000000015,5.764286994934082,0.9902229905128479,4.298614025115967,0.010890115201680916,0.4512244959906139,0.13265383345903886,0.06540400043399783,-0.1454349560416152,0.0009070845495510413,0.14380520582199097,0.0227491594851017,-0.00016572908498347085,0.14361165413915727,0.022711351596929774,0.0013355501872880837
1.9400000000000015,5.764286994934082,0.9902229905128479,4.298614025115967,0.010890115201680916,0.4512244959906139,0.13265383345903886,0.06540400043399783,-0.1454349560416152,0.0009070845495510413,0.14380520582199097,0.0227491594851017,-0.00016572908498347085,0.14361165413915727,0.022711351596929774,0.0013355501872880837
1.9500000000000015,5.761184215545654,1.007439136505127,4.3055419921875,-0.04775679094692339,0.4086404840899901,0.14013685280989413,0.07056692855873448,-0.1447014560704965,0.0009072042834478919,0.14268580079078674,0.019822221249341965,-0.001113961217924955,0.14264406021170747,0.019851431050938503,0.0002894690979731444
1.9600000000000015,5.761184215545654,1.007439136505127,4.3055419921875,-0.04775679094692339,0.4086404840899901,0.14013685280989413,0.07056692855873448,-0.1447014560704965,0.0009072042834478919,0.14268580079078674,0.019822221249341965,-0.001113961217924955,0.14264406021170747,0.019851431050938503,0.0002894690979731444
1.9700000000000015,5.761184215545654,1.007439136505127,4.3055419921875,-0.04775679094692339,0.4086404840899901,0.14013685280989413,0.07056692855873448,-0.1447014560704965,0.0009072042834478919,0.14268580079078674,0.019822221249341965,-0.001113961217924955,0.14264406021170747,0.019851431050938503,0.0002894690979731444
1.9800000000000015,5.757217884063721,1.0198472738265991,4.310917854309082,-0.09420962513841334,0.3727277674820722,0.14709019757430206,0.07388206412654648,-0.14420864097861674,0.0008246378604115321,0.13681252300739288,0.02012014389038086,-0.006134182680398228,0.13748520774932455,0.020518049246566285,-0.0046808703468090304
1.9900000000000015,5.757217884063721,1.0198472738265991,4.310917854309082,-0.09420962513841334,0.3727277674820722,0.14709019757430206,0.07388206412654648,-0.14420864097861674,0.0008246378604115321,0.13681252300739288,0.02012014389038086,-0.006134182680398228,0.13748520774932455,0.020518049246566285,-0.0046808703468090304
2.0000000000000013,5.757217884063721,1.0198472738265991,4.310917854309082,-0.09420962513841334,0.3727277674820722,0.14709019757430206,0.07388206412654648,-0.14420864097861674,0.0008246378604115321,0.13681252300739288,0.02012014389038086,-0.006134182680398228,0.13748520774932455,0.020518049246566285,-0.0046808703468090304
2.010000000000001,5.7499167919158936,1.0296052694320679,4.315573692321777,-0.13589447817854364,0.34105240077137716,0.15221026524554307,0.07868306519867897,-0.14363610505949911,0.000745469307819254,0.12980125844478607,0.015557297505438328,-0.0034680287353694456,0.130124433981581,0.01578175819434337,-0.0022577155943396183
2.020000000000001,5.7499167919158936,1.0296052694320679,4.315573692321777,-0.13589447817854364,0.34105240077137716,0.15221026524554307,0.07868306519867897,-0.14363610505949911,0.000745469307819254,0.12980125844478607,0.015557297505438328,-0.0034680287353694456,0.130124433981581,0.01578175819434337,-0.0022577155943396183
2.0300000000000007,5.7499167919158936,1.0296052694320679,4.315573692321777,-0.13589447817854364,0.34105240077137716,0.15221026524554307,0.07868306519867897,-0.14363610505949911,0.000745469307819254,0.12980125844478607,0.015557297505438328,-0.0034680287353694456,0.130124433981581,0.01578175819434337,-0.0022577155943396183
2.0400000000000005,5.7499167919158936,1.0296052694320679,4.315573692321777,-0.13589447817854364,0.34105240077137716,0.15221026524554307,0.07868306519867897,-0.14363610505949911,0.000745469307819254,0.12980125844478607,0.015557297505438328,-0.0034680287353694456,0.130124433981581,0.01578175819434337,-0.0022577155943396183
2.0500000000000003,5.73830246925354,1.0418884754180908,4.322202682495117,-0.19477976071906078,0.29469525932684415,0.16034312169660297,0.08418855019480097,-0.1430844136316556,0.0006857335023590554,0.12293356657028198,0.016130566596984863,-0.003310977015644314,0.12321347017968858,0.01635185314002493,-0.001962904087189276
2.06,5.73830246925354,1.0418884754180908,4.322202682495117,-0.19477976071906078,0.29469525932684415,0.16034312169660297,0.08418855019480097,-0.1430844136316556,0.0006857335023590554,0.12293356657028198,0.016130566596984863,-0.003310977015644314,0.12321347017968858,0.01635185314002493,-0.001962904087189276
2.07,5.73830246925354,1.0418884754180908,4.322202682495117,-0.19477976071906078,0.29469525932684415,0.16034312169660297,0.08418855019480097,-0.1430844136316556,0.0006857335023590554,0.12293356657028198,0.016130566596984863,-0.003310977015644314,0.12321347017968858,0.01635185314002493,-0.001962904087189276
2.0799999999999996,5.727860927581787,1.050271987915039,4.327481746673584,-0.24048036261674055,0.25608562520387257,0.16807800894735447,0.08655706837356311,-0.1425670066484174,0.0006683483386860543,0.11767284572124481,0.028257356956601143,-0.0030810041353106533,0.11776279539966318,0.028417918995649893,-0.0006330715251096073
2.0899999999999994,5.727860927581787,1.050271987915039,4.327481746673584,-0.24048036261674055,0.25608562520387257,0.16807800894735447,0.08655706837356311,-0.1425670066484174,0.0006683483386860543,0.11767284572124481,0.028257356956601143,-0.0030810041353106533,0.11776279539966318,0.028417918995649893,-0.0006330715251096073
2.099999999999999,5.727860927581787,1.050271987915039,4.327481746673584,-0.24048036261674055,0.25608562520387257,0.16807800894735447,0.08655706837356311,-0.1425670066484174,0.0006683483386860543,0.11767284572124481,0.028257356956601143,-0.0030810041353106533,0.11776279539966318,0.028417918995649893,-0.0006330715251096073
2.109999999999999,5.717446804046631,1.0565389394760132,4.332070827484131,-0.27917456919014516,0.22186106189814409,0.1735251104947553,0.09116266228531346,-0.14103060571564086,0.0006501777110142924,0.11260969936847687,0.04509074240922928,-0.0063541224226355605,0.11292528239352692,0.045481962589173135,-0.0022451268249393743
2.1199999999999988,5.717446804046631,1.0565389394760132,4.332070827484131,-0.27917456919014516,0.22186106189814409,0.1735251104947553,0.09116266228531346,-0.14103060571564086,0.0006501777110142924,0.11260969936847687,0.04509074240922928,-0.0063541224226355605,0.11292528239352692,0.045481962589173135,-0.0022451268249393743
2.1299999999999986,5.717446804046631,1.0565389394760132,4.332070827484131,-0.27917456919014516,0.22186106189814409,0.1735251104947553,0.09116266228531346,-0.14103060571564086,0.0006501777110142924,0.11260969936847687,0.04509074240922928,-0.0063541224226355605,0.11292528239352692,0.045481962589173135,-0.0022451268249393743
2.1399999999999983,5.7012951374053955,1.0637181997299194,4.338464260101318,-0.33411781265841217,0.17164019692542015,0.18059686705772815,0.09526111824425798,-0.13888906581709987,0.0007392416151353652,0.0976153239607811,0.05789284408092499,-0.00247046351432801,0.09718933951790328,0.057865346469837105,0.0030769670822420716
2.149999999999998,5.7012951374053955,1.0637181997299194,4.338464260101318,-0.33411781265841217,0.17164019692542015,0.18059686705772815,0.09526111824425798,-0.13888906581709987,0.0007392416151353652,0.0976153239607811,0.05789284408092499,-0.00247046351432801,0.09718933951790328,0.057865346469837105,0.0030769670822420716
2.159999999999998,5.7012951374053955,1.0637181997299194,4.338464260101318,-0.33411781265841217,0.17164019692542015,0.18059686705772815,0.09526111824425798,-0.13888906581709987,0.0007392416151353652,0.0976153239607811,0.05789284408092499,-0.00247046351432801,0.09718933951790328,0.057865346469837105,0.0030769670822420716
2.1699999999999977,5.7012951374053955,1.0637181997299194,4.338464260101318,-0.33411781265841217,0.17164019692542015,0.18059686705772815,0.09526111824425798,-0.13888906581709987,0.0007392416151353652,0.0976153239607811,0.05789284408092499,-0.00247046351432801,0.09718933951790328,0.057865346469837105,0.0030769670822420716
2.1799999999999975,5.68720269203186,1.0679378509521484,4.343393802642822,-0.3764204867256616,0.13041271888529715,0.18663569138656855,0.09712696431760742,-0.13773798968856937,0.0007844331416840969,0.0937979444861412,0.058560919016599655,-0.00381914456374944,0.09353765731761361,0.05865527354184932,0.001895715276218746
2.1899999999999973,5.68720269203186,1.0679378509521484,4.343393802642822,-0.3764204867256616,0.13041271888529715,0.18663569138656855,0.09712696431760742,-0.13773798968856937,0.0007844331416840969,0.0937979444861412,0.058560919016599655,-0.00381914456374944,0.09353765731761361,0.05865527354184932,0.001895715276218746
2.199999999999997,5.68720269203186,1.0679378509521484,4.343393802642822,-0.3764204867256616,0.13041271888529715,0.18663569138656855,0.09712696431760742,-0.13773798968856937,0.0007844331416840969,0.0937979444861412,0.058560919016599655,-0.00381914456374944,0.09353765731761361,0.05865527354184932,0.001895715276218746
2.209999999999997,5.673720598220825,1.0705217123031616,4.347761631011963,-0.41269514722873324,0.09509572122569031,0.19061963907248466,0.10054733253308193,-0.1355606502494411,0.0007908823174290758,0.0843479186296463,0.054082393646240234,-0.004680240526795394,0.08424260907499785,0.05427903689445313,0.0007792289833154675
2.2199999999999966,5.673720598220825,1.0705217123031616,4.347761631011963,-0.41269514722873324,0.09509572122569031,0.19061963907248466,0.10054733253308193,-0.1355606502494411,0.0007908823174290758,0.0843479186296463,0.054082393646240234,-0.004680240526795394,0.08424260907499785,0.05427903689445313,0.0007792289833154675
2.2299999999999964,5.673720598220825,1.0705217123031616,4.347761631011963,-0.41269514722873324,0.09509572122569031,0.19061963907248466,0.10054733253308193,-0.1355606502494411,0.0007908823174290758,0.0843479186296463,0.054082393646240234,-0.004680240526795394,0.08424260907499785,0.05427903689445313,0.0007792289833154675
2.239999999999996,5.673720598220825,1.0705217123031616,4.347761631011963,-0.41269514722873324,0.09509572122569031,0.19061963907248466,0.10054733253308193,-0.1355606502494411,0.0007908823174290758,0.0843479186296463,0.054082393646240234,-0.004680240526795394,0.08424260907499785,0.05427903689445313,0.0007792289833154675
2.249999999999996,5.653186082839966,1.0724064111709595,4.353713512420654,-0.4633873003287718,0.043240462139012545,0.1965157967039973,0.1037313108465105,-0.13355307979649697,0.0008704958972536677,0.07732073217630386,0.05129639059305191,-0.0038925460539758266,0.07712727998732433,0.05142371381914755,0.0014528191398450398
2.259999999999996,5.653186082839966,1.0724064111709595,4.353713512420654,-0.4633873003287718,0.043240462139012545,0.1965157967039973,0.1037313108465105,-0.13355307979649697,0.0008704958972536677,0.07732073217630386,0.05129639059305191,-0.0038925460539758266,0.07712727998732433,0.05142371381914755,0.0014528191398450398
2.2699999999999956,5.653186082839966,1.0724064111709595,4.353713512420654,-0.4633873003287718,0.043240462139012545,0.1965157967039973,0.1037313108465105,-0.13355307979649697,0.0008704958972536677,0.07732073217630386,0.05129639059305191,-0.0038925460539758266,0.07712727998732433,0.05142371381914755,0.0014528191398450398
2.2799999999999954,5.63562798500061,1.072363018989563,4.358068466186523,-0.5022633283180044,0.00028351437182574935,0.20235869524322164,0.105282647397481,-0.13267401959713018,0.0008780470757309094,0.07694147527217865,0.04371537268161774,-0.005669387057423597,0.07708080847308467,0.04406910226679749,-0.0010532793736852913
2.289999999999995,5.63562798500061,1.072363018989563,4.358068466186523,-0.5022633283180044,0.00028351437182574935,0.20235869524322164,0.105282647397481,-0.13267401959713018,0.0008780470757309094,0.07694147527217865,0.04371537268161774,-0.005669387057423597,0.07708080847308467,0.04406910226679749,-0.0010532793736852913
2.299999999999995,5.63562798500061,1.072363018989563,4.358068466186523,-0.5022633283180044,0.00028351437182574935,0.20235869524322164,0.105282647397481,-0.13267401959713018,0.0008780470757309094,0.07694147527217865,0.04371537268161774,-0.005669387057423597,0.07708080847308467,0.04406910226679749,-0.0010532793736852913
2.3099999999999947,5.619219541549683,1.071162462234497,4.361776828765869,-0.5362894529051632,-0.03715555483248651,0.20753177034564488,0.10785434684943711,-0.13131085195358147,0.0009151440597046889,0.06873475015163422,0.037148475646972656,-0.0025273077189922376,0.06853846140042169,0.037204672038568004,0.0014991447483969184
2.3199999999999945,5.619219541549683,1.071162462234497,4.361776828765869,-0.5362894529051632,-0.03715555483248651,0.20753177034564488,0.10785434684943711,-0.13131085195358147,0.0009151440597046889,0.06873475015163422,0.037148475646972656,-0.0025273077189922376,0.06853846140042169,0.037204672038568004,0.0014991447483969184
2.3299999999999943,5.619219541549683,1.071162462234497,4.361776828765869,-0.5362894529051632,-0.03715555483248651,0.20753177034564488,0.10785434684943711,-0.13131085195358147,0.0009151440597046889,0.06873475015163422,0.037148475646972656,-0.0025273077189922376,0.06853846140042169,0.037204672038568004,0.0014991447483969184
2.339999999999994,5.619219541549683,1.071162462234497,4.361776828765869,-0.5362894529051632,-0.03715555483248651,0.20753177034564488,0.10785434684943711,-0.13131085195358147,0.0009151440597046889,0.06873475015163422,0.037148475646972656,-0.0025273077189922376,0.06853846140042169,0.037204672038568004,0.0014991447483969184
2.349999999999994,5.594508647918701,1.0675909519195557,4.366990566253662,-0.5830869820692773,-0.09005607367126742,0.21482636017499865,0.11047656831946767,-0.1298404911355701,0.0008867471083546801,0.05296745151281357,0.031650085002183914,-0.003052965272217993,0.052908022738078715,0.03179373103829503,0.00045899459981312696
2.3599999999999937,5.594508647918701,1.0675909519195557,4.366990566253662,-0.5830869820692773,-0.09005607367126742,0.21482636017499865,0.11047656831946767,-0.1298404911355701,0.0008867471083546801,0.05296745151281357,0.031650085002183914,-0.003052965272217993,0.052908022738078715,0.03179373103829503,0.00045899459981312696
2.3699999999999934,5.594508647918701,1.0675909519195557,4.366990566253662,-0.5830869820692773,-0.09005607367126742,0.21482636017499865,0.11047656831946767,-0.1298404911355701,0.0008867471083546801,0.05296745151281357,0.031650085002183914,-0.003052965272217993,0.052908022738078715,0.03179373103829503,0.00045899459981312696
2.3799999999999932,5.5736308097839355,1.063161015510559,4.371041774749756,-0.6194504458766218,-0.13339786681798566,0.22125611707770818,0.11143918973829701,-0.1292238197548787,0.0008996834400836094,0.04812273383140564,0.031338244676589966,-0.003375509288161997,0.04810577386948316,0.03151924187842365,0.00013161084309447213
2.389999999999993,5.5736308097839355,1.063161015510559,4.371041774749756,-0.6194504458766218,-0.13339786681798566,0.22125611707770818,0.11143918973829701,-0.1292238197548787,0.0008996834400836094,0.04812273383140564,0.031338244676589966,-0.003375509288161997,0.04810577386948316,0.03151924187842365,0.00013161084309447213
2.399999999999993,5.5736308097839355,1.063161015510559,4.371041774749756,-0.6194504458766218,-0.13339786681798566,0.22125611707770818,0.11143918973829701,-0.1292238197548787,0.0008996834400836094,0.04812273383140564,0.031338244676589966,-0.003375509288161997,0.04810577386948316,0.03151924187842365,0.00013161084309447213
2.4099999999999926,5.553541898727417,1.0581879615783691,4.374809741973877,-0.6512989405033074,-0.17124289306533505,0.2259980200152139,0.11316664718679569,-0.1280876551417756,0.000893990187727465,0.04026457667350769,0.024485688656568527,-0.0033199924509972364,0.040333313822764005,0.024703976592077476,-0.0005381116936686952
2.4199999999999924,5.553541898727417,1.0581879615783691,4.374809741973877,-0.6512989405033074,-0.17124289306533505,0.2259980200152139,0.11316664718679569,-0.1280876551417756,0.000893990187727465,0.04026457667350769,0.024485688656568527,-0.0033199924509972364,0.040333313822764005,0.024703976592077476,-0.0005381116936686952
2.429999999999992,5.553541898727417,1.0581879615783691,4.374809741973877,-0.6512989405033074,-0.17124289306533505,0.2259980200152139,0.11316664718679569,-0.1280876551417756,0.000893990187727465,0.04026457667350769,0.024485688656568527,-0.0033199924509972364,0.040333313822764005,0.024703976592077476,-0.0005381116936686952
2.439999999999992,5.553541898727417,1.0581879615783691,4.374809741973877,-0.6512989405033074,-0.17124289306533505,0.2259980200152139,0.11316664718679569,-0.1280876551417756,0.000893990187727465,0.04026457667350769,0.024485688656568527,-0.0033199924509972364,0.040333313822764005,0.024703976592077476,-0.0005381116936686952
2.4499999999999917,5.523768424987793,1.0491923093795776,4.379975318908691,-0.6954484078160131,-0.2252775057793788,0.23226872985250172,0.11458388151054089,-0.1269951901676245,0.0008997747180557968,0.0329417958855629,0.02809925563633442,-0.002150539075955752,0.03280437852499326,0.028160871512606656,0.001084981481283812
2.4599999999999915,5.523768424987793,1.0491923093795776,4.379975318908691,-0.6954484078160131,-0.2252775057793788,0.23226872985250172,0.11458388151054089,-0.1269951901676245,0.0008997747180557968,0.0329417958855629,0.02809925563633442,-0.002150539075955752,0.03280437852499326,0.028160871512606656,0.001084981481283812
2.4699999999999913,5.523768424987793,1.0491923093795776,4.379975318908691,-0.6954484078160131,-0.2252775057793788,0.23226872985250172,0.11458388151054089,-0.1269951901676245,0.0008997747180557968,0.0329417958855629,0.02809925563633442,-0.002150539075955752,0.03280437852499326,0.028160871512606656,0.001084981481283812
2.479999999999991,5.498993635177612,1.0404080152511597,4.383854866027832,-0.7302136094621949,-0.26852616731930085,0.23668416133467746,0.11515071307300896,-0.12643785082591172,0.0009022022114082691,0.02738059125840664,0.028931375592947006,-0.004025272093713287,0.027466331428572827,0.029202266247873702,-0.0006799312418714499
2.489999999999991,5.498993635177612,1.0404080152511597,4.383854866027832,-0.7302136094621949,-0.26852616731930085,0.23668416133467746,0.11515071307300896,-0.12643785082591172,0.0009022022114082691,0.02738059125840664,0.028931375592947006,-0.004025272093713287,0.027466331428572827,0.029202266247873702,-0.0006799312418714499
2.4999999999999907,5.498993635177612,1.0404080152511597,4.383854866027832,-0.7302136094621949,-0.26852616731930085,0.23668416133467746,0.11515071307300896,-0.12643785082591172,0.0009022022114082691,0.02738059125840664,0.028931375592947006,-0.004025272093713287,0.027466331428572827,0.029202266247873702,-0.0006799312418714499
2.5099999999999905,5.4763970375061035,1.0315682888031006,4.387114524841309,-0.7605860045949916,-0.30604419222532103,0.23999873586783488,0.11599952350362933,-0.1251828208138805,0.0008989947352561292,0.018074078485369682,0.03554786741733551,-0.0029411637224257036,0.017923963397129327,0.0356493803630141,0.0012023045518662768
2.5199999999999902,5.4763970375061035,1.0315682888031006,4.387114524841309,-0.7605860045949916,-0.30604419222532103,0.23999873586783488,0.11599952350362933,-0.1251828208138805,0.0008989947352561292,0.018074078485369682,0.03554786741733551,-0.0029411637224257036,0.017923963397129327,0.0356493803630141,0.0012023045518662768
2.52999999999999,5.4763970375061035,1.0315682888031006,4.387114524841309,-0.7605860045949916,-0.30604419222532103,0.23999873586783488,0.11599952350362933,-0.1251828208138805,0.0008989947352561292,0.018074078485369682,0.03554786741733551,-0.0029411637224257036,0.017923963397129327,0.0356493803630141,0.0012023045518662768
2.53999999999999,5.4763970375061035,1.0315682888031006,4.387114524841309,-0.7605860045949916,-0.30604419222532103,0.23999873586783488,0.11599952350362933,-0.1251828208138805,0.0008989947352561292,0.018074078485369682,0.03554786741733551,-0.0029411637224257036,0.017923963397129327,0.0356493803630141,0.0012023045518662768
2.5499999999999896,5.443002700805664,1.017101764678955,4.391538143157959,-0.8024104003379955,-0.3588714134660224,0.24448351283384312,0.11643991467045317,-0.12385932462052607,0.0009589991538772945,0.0107643511146307,0.032106347382068634,-0.0009609231492504517,0.010418798062674765,0.032000577327570626,0.0027970293403394245
2.5599999999999894,5.443002700805664,1.017101764678955,4.391538143157959,-0.8024104003379955,-0.3588714134660224,0.24448351283384312,0.11643991467045317,-0.12385932462052607,0.0009589991538772945,0.0107643511146307,0.032106347382068634,-0.0009609231492504517,0.010418798062674765,0.032000577327570626,0.0027970293403394245
2.569999999999989,5.443002700805664,1.017101764678955,4.391538143157959,-0.8024104003379955,-0.3588714134660224,0.24448351283384312,0.11643991467045317,-0.12385932462052607,0.0009589991538772945,0.0107643511146307,0.032106347382068634,-0.0009609231492504517,0.010418798062674765,0.032000577327570626,0.0027970293403394245
2.579999999999989,5.415324926376343,1.0039781332015991,4.394951343536377,-0.8351700478610573,-0.40225306983403203,0.2484035844233362,0.11659724247017733,-0.12319943052801026,0.0009782674084279496,0.006751674693077803,0.033814553171396255,-0.002964722923934464,0.006629190033241098,0.033929856239817376,0.0009967177304069776
2.5899999999999888,5.415324926376343,1.0039781332015991,4.394951343536377,-0.8351700478610573,-0.40225306983403203,0.2484035844233362,0.11659724247017733,-0.12319943052801026,0.0009782674084279496,0.006751674693077803,0.033814553171396255,-0.002964722923934464,0.006629190033241098,0.033929856239817376,0.0009967177304069776
2.5999999999999885,5.415324926376343,1.0039781332015991,4.394951343536377,-0.8351700478610573,-0.40225306983403203,0.2484035844233362,0.11659724247017733,-0.12319943052801026,0.0009782674084279496,0.006751674693077803,0.033814553171396255,-0.002964722923934464,0.006629190033241098,0.033929856239817376,0.0009967177304069776
2.6099999999999883,5.390251636505127,0.9913411736488342,4.397812843322754,-0.8638475573262796,-0.4395927797325029,0.25118288932960564,0.11673212069091339,-0.12166144400418749,0.000991505435797513,0.0004667156608775258,0.04136015102267265,-0.0036250322591513447,0.0003179507872436126,0.04150087347081252,0.001225799186414359
2.619999999999988,5.390251636505127,0.9913411736488342,4.397812843322754,-0.8638475573262796,-0.4395927797325029,0.25118288932960564,0.11673212069091339,-0.12166144400418749,0.000991505435797513,0.0004667156608775258,0.04136015102267265,-0.0036250322591513447,0.0003179507872436126,0.04150087347081252,0.001225799186414359
2.629999999999988,5.390251636505127,0.9913411736488342,4.397812843322754,-0.8638475573262796,-0.4395927797325029,0.25118288932960564,0.11673212069091339,-0.12166144400418749,0.000991505435797513,0.0004667156608775258,0.04136015102267265,-0.0036250322591513447,0.0003179507872436126,0.04150087347081252,0.001225799186414359
2.6399999999999877,5.353320598602295,0.9714778065681458,4.401777267456055,-0.9032670879922036,-0.4921273236849005,0.2556056376348508,0.11642990061537722,-0.12006583174773537,0.0010032850835327686,-0.01223181001842022,0.03915169835090637,-0.005866785533726221,-0.01207751216240837,0.03956815634222419,-0.0012882033087898406
2.6499999999999875,5.353320598602295,0.9714778065681458,4.401777267456055,-0.9032670879922036,-0.4921273236849005,0.2556056376348508,0.11642990061537722,-0.12006583174773537,0.0010032850835327686,-0.01223181001842022,0.03915169835090637,-0.005866785533726221,-0.01207751216240837,0.03956815634222419,-0.0012882033087898406
2.6599999999999873,5.353320598602295,0.9714778065681458,4.401777267456055,-0.9032670879922036,-0.4921273236849005,0.2556056376348508,0.11642990061537722,-0.12006583174773537,0.0010032850835327686,-0.01223181001842022,0.03915169835090637,-0.005866785533726221,-0.01207751216240837,0.03956815634222419,-0.0012882033087898406
2.669999999999987,5.353320598602295,0.9714778065681458,4.401777267456055,-0.9032670879922036,-0.4921273236849005,0.2556056376348508,0.11642990061537722,-0.12006583174773537,0.0010032850835327686,-0.01223181001842022,0.03915169835090637,-0.005866785533726221,-0.01207751216240837,0.03956815634222419,-0.0012882033087898406
2.679999999999987,5.322824478149414,0.9540790915489197,4.404736042022705,-0.9331106776161728,-0.5337385988655421,0.25866837892272226,0.11599985361225854,-0.11922481171935038,0.001027091499047619,-0.022942518815398216,0.04245276376605034,-0.0029425653629005007,-0.023180989179073064,0.04250803458745869,0.002004920426546635
2.6899999999999866,5.322824478149414,0.9540790915489197,4.404736042022705,-0.9331106776161728,-0.5337385988655421,0.25866837892272226,0.11599985361225854,-0.11922481171935038,0.001027091499047619,-0.022942518815398216,0.04245276376605034,-0.0029425653629005007,-0.023180989179073064,0.04250803458745869,0.002004920426546635
2.6999999999999864,5.322824478149414,0.9540790915489197,4.404736042022705,-0.9331106776161728,-0.5337385988655421,0.25866837892272226,0.11599985361225854,-0.11922481171935038,0.001027091499047619,-0.022942518815398216,0.04245276376605034,-0.0029425653629005007,-0.023180989179073064,0.04250803458745869,0.002004920426546635
2.709999999999986,5.295378923416138,0.9377545118331909,4.407214641571045,-0.9591765566092316,-0.5699193288555879,0.25946806273982226,0.11470080874133787,-0.11755694911540357,0.0010420369862856793,-0.03490254655480385,0.040831733494997025,-0.002103962004184728,-0.035207606622710295,0.04080422840816053,0.002600984809876929
2.719999999999986,5.295378923416138,0.9377545118331909,4.407214641571045,-0.9591765566092316,-0.5699193288555879,0.25946806273982226,0.11470080874133787,-0.11755694911540357,0.0010420369862856793,-0.03490254655480385,0.040831733494997025,-0.002103962004184728,-0.035207606622710295,0.04080422840816053,0.002600984809876929
2.7299999999999858,5.295378923416138,0.9377545118331909,4.407214641571045,-0.9591765566092316,-0.5699193288555879,0.25946806273982226,0.11470080874133787,-0.11755694911540357,0.0010420369862856793,-0.03490254655480385,0.040831733494997025,-0.002103962004184728,-0.035207606622710295,0.04080422840816053,0.002600984809876929
2.7399999999999856,5.295378923416138,0.9377545118331909,4.407214641571045,-0.9591765566092316,-0.5699193288555879,0.25946806273982226,0.11470080874133787,-0.11755694911540357,0.0010420369862856793,-0.03490254655480385,0.040831733494997025,-0.002103962004184728,-0.035207606622710295,0.04080422840816053,0.002600984809876929
2.7499999999999853,5.255120277404785,0.9127198457717896,4.410467147827148,-0.9954816628541628,-0.6201273491104904,0.260762840337992,0.11327703506178995,-0.11602879704993214,0.0010902483727480683,-0.04249867796897888,0.045441992580890656,-0.0052994759753346495,-0.04248364516341252,0.04574978141738891,-0.00012985215150009154
2.759999999999985,5.255120277404785,0.9127198457717896,4.410467147827148,-0.9954816628541628,-0.6201273491104904,0.260762840337992,0.11327703506178995,-0.11602879704993214,0.0010902483727480683,-0.04249867796897888,0.045441992580890656,-0.0052994759753346495,-0.04248364516341252,0.04574978141738891,-0.00012985215150009154
2.769999999999985,5.255120277404785,0.9127198457717896,4.410467147827148,-0.9954816628541628,-0.6201273491104904,0.260762840337992,0.11327703506178995,-0.11602879704993214,0.0010902483727480683,-0.04249867796897888,0.045441992580890656,-0.0052994759753346495,-0.04248364516341252,0.04574978141738891,-0.00012985215150009154
2.7799999999999847,5.222009658813477,0.8912779092788696,4.412858486175537,-1.0235491954734743,-0.6593793887491148,0.26099952906562396,0.1121539904709976,-0.11500535209207159,0.0011126446957520067,-0.04819634556770325,0.04111184552311897,-0.0032494033221155457,-0.048354856388266525,0.0412172234259641,0.0013813337760889756
2.7899999999999845,5.222009658813477,0.8912779092788696,4.412858486175537,-1.0235491954734743,-0.6593793887491148,0.26099952906562396,0.1121539904709976,-0.11500535209207159,0.0011126446957520067,-0.04819634556770325,0.04111184552311897,-0.0032494033221155457,-0.048354856388266525,0.0412172234259641,0.0013813337760889756
2.7999999999999843,5.222009658813477,0.8912779092788696,4.412858486175537,-1.0235491954734743,-0.6593793887491148,0.26099952906562396,0.1121539904709976,-0.11500535209207159,0.0011126446957520067,-0.04819634556770325,0.04111184552311897,-0.0032494033221155457,-0.048354856388266525,0.0412172234259641,0.0013813337760889756
2.809999999999984,5.19199538230896,0.871584951877594,4.414251327514648,-1.047288439768502,-0.6932668275098889,0.2601850861426686,0.11015933073210046,-0.11342134081028965,0.0010609245304071555,-0.050556160509586334,0.03881481662392616,-0.005539820529520516,-0.050415017787042514,0.03918857367842797,-0.0012470827425879426
2.819999999999984,5.19199538230896,0.871584951877594,4.414251327514648,-1.047288439768502,-0.6932668275098889,0.2601850861426686,0.11015933073210046,-0.11342134081028965,0.0010609245304071555,-0.050556160509586334,0.03881481662392616,-0.005539820529520516,-0.050415017787042514,0.03918857367842797,-0.0012470827425879426
2.8299999999999836,5.19199538230896,0.871584951877594,4.414251327514648,-1.047288439768502,-0.6932668275098889,0.2601850861426686,0.11015933073210046,-0.11342134081028965,0.0010609245304071555,-0.050556160509586334,0.03881481662392616,-0.005539820529520516,-0.050415017787042514,0.03918857367842797,-0.0012470827425879426
2.8399999999999834,5.19199538230896,0.871584951877594,4.414251327514648,-1.047288439768502,-0.6932668275098889,0.2601850861426686,0.11015933073210046,-0.11342134081028965,0.0010609245304071555,-0.050556160509586334,0.03881481662392616,-0.005539820529520516,-0.050415017787042514,0.03918857367842797,-0.0012470827425879426
2.849999999999983,5.148191452026367,0.8418664932250977,4.416195392608643,-1.0812086602088467,-0.7396165772231406,0.2602439376969438,0.10781559829706645,-0.11174386170024157,0.0011207672950063197,-0.06020340695977211,0.041068948805332184,-0.005473905708640819,-0.06008863479972,0.04141951273640002,-0.001029240987332232
2.859999999999983,5.148191452026367,0.8418664932250977,4.416195392608643,-1.0812086602088467,-0.7396165772231406,0.2602439376969438,0.10781559829706645,-0.11174386170024157,0.0011207672950063197,-0.06020340695977211,0.041068948805332184,-0.005473905708640819,-0.06008863479972,0.04141951273640002,-0.001029240987332232
2.869999999999983,5.148191452026367,0.8418664932250977,4.416195392608643,-1.0812086602088467,-0.7396165772231406,0.2602439376969438,0.10781559829706645,-0.11174386170024157,0.0011207672950063197,-0.06020340695977211,0.041068948805332184,-0.005473905708640819,-0.06008863479972,0.04141951273640002,-0.001029240987332232
2.8799999999999826,5.1123411655426025,0.8167667984962463,4.417658805847168,-1.1069130457288132,-0.7761103525736098,0.26116367789898287,0.10675097300953147,-0.11105154857734276,0.0011172279243217734,-0.06764932721853256,0.04294440522789955,-0.004072193987667566,-0.06770805322046881,0.04313383072053206,0.0005299059982956615
2.8899999999999824,5.1123411655426025,0.8167667984962463,4.417658805847168,-1.1069130457288132,-0.7761103525736098,0.26116367789898287,0.10675097300953147,-0.11105154857734276,0.0011172279243217734,-0.06764932721853256,0.04294440522789955,-0.004072193987667566,-0.06770805322046881,0.04313383072053206,0.0005299059982956615
2.899999999999982,5.1123411655426025,0.8167667984962463,4.417658805847168,-1.1069130457288132,-0.7761103525736098,0.26116367789898287,0.10675097300953147,-0.11105154857734276,0.0011172279243217734,-0.06764932721853256,0.04294440522789955,-0.004072193987667566,-0.06770805322046881,0.04313383072053206,0.0005299059982956615
2.909999999999982,5.080327987670898,0.7938540577888489,4.418813228607178,-1.1294017061015342,-0.8072841534243101,0.25909820962136154,0.1039354397461831,-0.1093125876235029,0.0010593626041429593,-0.07353904843330383,0.04486478120088577,-0.006290731951594358,-0.0733632140275336,0.04527532512577816,-0.0016117546908561173
2.9199999999999817,5.080327987670898,0.7938540577888489,4.418813228607178,-1.1294017061015342,-0.8072841534243101,0.25909820962136154,0.1039354397461831,-0.1093125876235029,0.0010593626041429593,-0.07353904843330383,0.04486478120088577,-0.006290731951594358,-0.0733632140275336,0.04527532512577816,-0.0016117546908561173
2.9299999999999815,5.080327987670898,0.7938540577888489,4.418813228607178,-1.1294017061015342,-0.8072841534243101,0.25909820962136154,0.1039354397461831,-0.1093125876235029,0.0010593626041429593,-0.07353904843330383,0.04486478120088577,-0.006290731951594358,-0.0733632140275336,0.04527532512577816,-0.0016117546908561173
2.9399999999999813,5.080327987670898,0.7938540577888489,4.418813228607178,-1.1294017061015342,-0.8072841534243101,0.25909820962136154,0.1039354397461831,-0.1093125876235029,0.0010593626041429593,-0.07353904843330383,0.04486478120088577,-0.006290731951594358,-0.0733632140275336,0.04527532512577816,-0.0016117546908561173
2.949999999999981,5.03368878364563,0.7596773505210876,4.420348644256592,-1.16009902632072,-0.8496182209955508,0.25611757387769407,0.10052980724051165,-0.10729577121230234,0.0010845364035781176,-0.08134590089321136,0.04704597592353821,-0.002730942796915775,-0.08156179429997794,0.04708252601274212,0.0020159993503741027
2.959999999999981,5.03368878364563,0.7596773505210876,4.420348644256592,-1.16009902632072,-0.8496182209955508,0.25611757387769407,0.10052980724051165,-0.10729577121230234,0.0010845364035781176,-0.08134590089321136,0.04704597592353821,-0.002730942796915775,-0.08156179429997794,0.04708252601274212,0.0020159993503741027
2.9699999999999807,5.03368878364563,0.7596773505210876,4.420348644256592,-1.16009902632072,-0.8496182209955508,0.25611757387769407,0.10052980724051165,-0.10729577121230234,0.0010845364035781176,-0.08134590089321136,0.04704597592353821,-0.002730942796915775,-0.08156179429997794,0.04708252601274212,0.0020159993503741027
2.9799999999999804,4.9956159591674805,0.7311568856239319,4.421455383300781,-1.18381596513167,-0.882459875091743,0.2549388534025619,0.09878676801205093,-0.10629784565148984,0.0011084720572778499,-0.087527334690094,0.05094204097986221,-0.003472759621217853,-0.08769468195868442,0.051036180802432,0.0015772928676999489
2.9899999999999802,4.9956159591674805,0.7311568856239319,4.421455383300781,-1.18381596513167,-0.882459875091743,0.2549388534025619,0.09878676801205093,-0.10629784565148984,0.0011084720572778499,-0.087527334690094,0.05094204097986221,-0.003472759621217853,-0.08769468195868442,0.051036180802432,0.0015772928676999489
2.99999999999998,4.9956159591674805,0.7311568856239319,4.421455383300781,-1.18381596513167,-0.882459875091743,0.2549388534025619,0.09878676801205093,-0.10629784565148984,0.0011084720572778499,-0.087527334690094,0.05094204097986221,-0.003472759621217853,-0.08769468195868442,0.051036180802432,0.0015772928676999489
3.00999999999998,4.96172034740448,0.705345869064331,4.422292709350586,-1.2041211845049709,-0.911214431566553,0.2502797417275636,0.095507492212418,-0.10450090826925852,0.0011029594965205503,-0.09256076067686081,0.05205100029706955,-0.004916266538202769,-0.0925680862255352,0.052282611165471275,7.022808545938155e-05
3.0199999999999796,4.96172034740448,0.705345869064331,4.422292709350586,-1.2041211845049709,-0.911214431566553,0.2502797417275636,0.095507492212418,-0.10450090826925852,0.0011029594965205503,-0.09256076067686081,0.05205100029706955,-0.004916266538202769,-0.0925680862255352,0.052282611165471275,7.022808545938155e-05
3.0299999999999794,4.96172034740448,0.705345869064331,4.422292709350586,-1.2041211845049709,-0.911214431566553,0.2502797417275636,0.095507492212418,-0.10450090826925852,0.0011029594965205503,-0.09256076067686081,0.05205100029706955,-0.004916266538202769,-0.0925680862255352,0.052282611165471275,7.022808545938155e-05
3.039999999999979,4.96172034740448,0.705345869064331,4.422292709350586,-1.2041211845049709,-0.911214431566553,0.2502797417275636,0.095507492212418,-0.10450090826925852,0.0011029594965205503,-0.09256076067686081,0.05205100029706955,-0.004916266538202769,-0.0925680862255352,0.052282611165471275,7.022808545938155e-05
3.049999999999979,4.912459492683411,0.667167603969574,4.423340320587158,-1.2316218576617493,-0.9499887231477858,0.24384605623136962,0.09125672195527053,-0.10208761035335681,0.0011539789692676038,-0.09857547283172607,0.054843079298734665,-0.0059311212971806596,-0.09848239389890398,0.055155380685948927,-0.0009133410562078951
3.0599999999999787,4.912459492683411,0.667167603969574,4.423340320587158,-1.2316218576617493,-0.9499887231477858,0.24384605623136962,0.09125672195527053,-0.10208761035335681,0.0011539789692676038,-0.09857547283172607,0.054843079298734665,-0.0059311212971806596,-0.09848239389890398,0.055155380685948927,-0.0009133410562078951
3.0699999999999785,4.912459492683411,0.667167603969574,4.423340320587158,-1.2316218576617493,-0.9499887231477858,0.24384605623136962,0.09125672195527053,-0.10208761035335681,0.0011539789692676038,-0.09857547283172607,0.054843079298734665,-0.0059311212971806596,-0.09848239389890398,0.055155380685948927,-0.0009133410562078951
3.0799999999999783,4.872367024421692,0.6355733275413513,4.424087047576904,-1.2523317537416274,-0.9789694052136921,0.24073419778903418,0.08920045311960105,-0.10101831750185888,0.0011169921199203493,-0.10212668031454086,0.05300574749708176,-0.005763390101492411,-0.10202343086516333,0.053308426840984385,-0.0010238268284144608
3.089999999999978,4.872367024421692,0.6355733275413513,4.424087047576904,-1.2523317537416274,-0.9789694052136921,0.24073419778903418,0.08920045311960105,-0.10101831750185888,0.0011169921199203493,-0.10212668031454086,0.05300574749708176,-0.005763390101492411,-0.10202343086516333,0.053308426840984385,-0.0010238268284144608
3.099999999999978,4.872367024421692,0.6355733275413513,4.424087047576904,-1.2523317537416274,-0.9789694052136921,0.24073419778903418,0.08920045311960105,-0.10101831750185888,0.0011169921199203493,-0.10212668031454086,0.05300574749708176,-0.005763390101492411,-0.10202343086516333,0.053308426840984385,-0.0010238268284144608
3.1099999999999777,4.836795091629028,0.6071882247924805,4.42459774017334,-1.2700811825073661,-1.003789885898587,0.23328377996658423,0.08460693099178944,-0.09889604841161757,0.0011131992205530457,-0.12223851680755615,0.054984696209430695,-0.00500634033232928,-0.12220459414674767,0.05521108012934985,-0.00034357308380263005
3.1199999999999775,4.836795091629028,0.6071882247924805,4.42459774017334,-1.2700811825073661,-1.003789885898587,0.23328377996658423,0.08460693099178944,-0.09889604841161757,0.0011131992205530457,-0.12223851680755615,0.054984696209430695,-0.00500634033232928,-0.12220459414674767,0.05521108012934985,-0.00034357308380263005
3.1299999999999772,4.836795091629028,0.6071882247924805,4.42459774017334,-1.2700811825073661,-1.003789885898587,0.23328377996658423,0.08460693099178944,-0.09889604841161757,0.0011131992205530457,-0.12223851680755615,0.054984696209430695,-0.00500634033232928,-0.12220459414674767,0.05521108012934985,-0.00034357308380263005
3.139999999999977,4.785213232040405,0.5655518174171448,4.42533016204834,-1.2949203941838157,-1.0361523980694183,0.22575763131378623,0.08003176461761086,-0.09698565867276439,0.0010812909254898243,-0.1289953589439392,0.05269712209701538,-0.0042650289833545746,-0.12899161962615072,0.05286942095704341,-3.861587804756484e-05
3.149999999999977,4.785213232040405,0.5655518174171448,4.42533016204834,-1.2949203941838157,-1.0361523980694183,0.22575763131378623,0.08003176461761086,-0.09698565867276439,0.0010812909254898243,-0.1289953589439392,0.05269712209701538,-0.0042650289833545746,-0.12899161962615072,0.05286942095704341,-3.861587804756484e-05
3.1599999999999766,4.785213232040405,0.5655518174171448,4.42533016204834,-1.2949203941838157,-1.0361523980694183,0.22575763131378623,0.08003176461761086,-0.09698565867276439,0.0010812909254898243,-0.1289953589439392,0.05269712209701538,-0.0042650289833545746,-0.12899161962615072,0.05286942095704341,-3.861587804756484e-05
3.1699999999999764,4.785213232040405,0.5655518174171448,4.42533016204834,-1.2949203941838157,-1.0361523980694183,0.22575763131378623,0.08003176461761086,-0.09698565867276439,0.0010812909254898243,-0.1289953589439392,0.05269712209701538,-0.0042650289833545746,-0.12899161962615072,0.05286942095704341,-3.861587804756484e-05
3.179999999999976,4.743294835090637,0.5313796997070312,4.4257493019104,-1.3141908643799949,-1.0604473529335212,0.22028687840650538,0.07695157130945168,-0.09569810120743548,0.001051954880964684,-0.12795576453208923,0.05234326049685478,-0.0053633544594049514,-0.1278287142177795,0.05260067183999266,-0.001329644412084009
3.189999999999976,4.743294835090637,0.5313796997070312,4.4257493019104,-1.3141908643799949,-1.0604473529335212,0.22028687840650538,0.07695157130945168,-0.09569810120743548,0.001051954880964684,-0.12795576453208923,0.05234326049685478,-0.0053633544594049514,-0.1278287142177795,0.05260067183999266,-0.001329644412084009
3.1999999999999758,4.743294835090637,0.5313796997070312,4.4257493019104,-1.3141908643799949,-1.0604473529335212,0.22028687840650538,0.07695157130945168,-0.09569810120743548,0.001051954880964684,-0.12795576453208923,0.05234326049685478,-0.0053633544594049514,-0.1278287142177795,0.05260067183999266,-0.001329644412084009
3.2099999999999755,4.70497989654541,0.5013601183891296,4.4252214431762695,-1.3315638217149863,-1.0813529354037625,0.2109659396287117,0.07172792866858323,-0.09361892359123708,0.0009769394284998855,-0.13242214918136597,0.052231814712285995,-0.005278002936393029,-0.13227932200582707,0.05247576436452323,-0.0015278537548648616
3.2199999999999753,4.70497989654541,0.5013601183891296,4.4252214431762695,-1.3315638217149863,-1.0813529354037625,0.2109659396287117,0.07172792866858323,-0.09361892359123708,0.0009769394284998855,-0.13242214918136597,0.052231814712285995,-0.005278002936393029,-0.13227932200582707,0.05247576436452323,-0.0015278537548648616
3.229999999999975,4.70497989654541,0.5013601183891296,4.4252214431762695,-1.3315638217149863,-1.0813529354037625,0.2109659396287117,0.07172792866858323,-0.09361892359123708,0.0009769394284998855,-0.13242214918136597,0.052231814712285995,-0.005278002936393029,-0.13227932200582707,0.05247576436452323,-0.0015278537548648616
3.239999999999975,4.649773359298706,0.457475483417511,4.424433708190918,-1.353938658472125,-1.108068897304654,0.1990754981827682,0.06626347635368675,-0.0913138045697458,0.0009534478530881065,-0.1382399946451187,0.060539450496435165,-0.004438052419573076,-0.13820156399095263,0.06070045496805726,-0.0004214490185473324
3.2499999999999747,4.649773359298706,0.457475483417511,4.424433708190918,-1.353938658472125,-1.108068897304654,0.1990754981827682,0.06626347635368675,-0.0913138045697458,0.0009534478530881065,-0.1382399946451187,0.060539450496435165,-0.004438052419573076,-0.13820156399095263,0.06070045496805726,-0.0004214490185473324
3.2599999999999745,4.649773359298706,0.457475483417511,4.424433708190918,-1.353938658472125,-1.108068897304654,0.1990754981827682,0.06626347635368675,-0.0913138045697458,0.0009534478530881065,-0.1382399946451187,0.060539450496435165,-0.004438052419573076,-0.13820156399095263,0.06070045496805726,-0.0004214490185473324
3.2699999999999743,4.649773359298706,0.457475483417511,4.424433708190918,-1.353938658472125,-1.108068897304654,0.1990754981827682,0.06626347635368675,-0.0913138045697458,0.0009534478530881065,-0.1382399946451187,0.060539450496435165,-0.004438052419573076,-0.13820156399095263,0.06070045496805726,-0.0004214490185473324
3.279999999999974,4.605185508728027,0.4216085970401764,4.4238600730896,-1.3714507626688233,-1.1272750568034142,0.19175878826988701,0.06340156192911024,-0.0900439480028695,0.0009506551622681328,-0.1441669762134552,0.06490281224250793,-0.004337338730692871,-0.14414743419076595,0.06504721898479028,-0.00021732115956706968
3.289999999999974,4.605185508728027,0.4216085970401764,4.4238600730896,-1.3714507626688233,-1.1272750568034142,0.19175878826988701,0.06340156192911024,-0.0900439480028695,0.0009506551622681328,-0.1441669762134552,0.06490281224250793,-0.004337338730692871,-0.14414743419076595,0.06504721898479028,-0.00021732115956706968
3.2999999999999736,4.605185508728027,0.4216085970401764,4.4238600730896,-1.3714507626688233,-1.1272750568034142,0.19175878826988701,0.06340156192911024,-0.0900439480028695,0.0009506551622681328,-0.1441669762134552,0.06490281224250793,-0.004337338730692871,-0.14414743419076595,0.06504721898479028,-0.00021732115956706968
3.3099999999999734,4.565726161003113,0.3897517919540405,4.423277378082275,-1.386175801320549,-1.1439379729009809,0.17991787250771493,0.057464456271774926,-0.08726702933080452,0.0009358253329868181,-0.14617455005645752,0.07320071756839752,-0.003845592262223372,-0.14620647314025298,0.07330075371278329,0.00036627393674967655
3.319999999999973,4.565726161003113,0.3897517919540405,4.423277378082275,-1.386175801320549,-1.1439379729009809,0.17991787250771493,0.057464456271774926,-0.08726702933080452,0.0009358253329868181,-0.14617455005645752,0.07320071756839752,-0.003845592262223372,-0.14620647314025298,0.07330075371278329,0.00036627393674967655
3.329999999999973,4.565726161003113,0.3897517919540405,4.423277378082275,-1.386175801320549,-1.1439379729009809,0.17991787250771493,0.057464456271774926,-0.08726702933080452,0.0009358253329868181,-0.14617455005645752,0.07320071756839752,-0.003845592262223372,-0.14620647314025298,0.07330075371278329,0.00036627393674967655
3.3399999999999728,4.508909463882446,0.34347015619277954,4.42236852645874,-1.4052462692432106,-1.1645570129110958,0.1661197277928149,0.05148321053690783,-0.08420665183672406,0.0009251887644085567,-0.1511210799217224,0.07557204365730286,-0.0032680102158337923,-0.15117385853460258,0.07564008647745203,0.0006275161971135017
3.3499999999999726,4.508909463882446,0.34347015619277954,4.42236852645874,-1.4052462692432106,-1.1645570129110958,0.1661197277928149,0.05148321053690783,-0.08420665183672406,0.0009251887644085567,-0.1511210799217224,0.07557204365730286,-0.0032680102158337923,-0.15117385853460258,0.07564008647745203,0.0006275161971135017
3.3599999999999723,4.508909463882446,0.34347015619277954,4.42236852645874,-1.4052462692432106,-1.1645570129110958,0.1661197277928149,0.05148321053690783,-0.08420665183672406,0.0009251887644085567,-0.1511210799217224,0.07557204365730286,-0.0032680102158337923,-0.15117385853460258,0.07564008647745203,0.0006275161971135017
3.369999999999972,4.508909463882446,0.34347015619277954,4.42236852645874,-1.4052462692432106,-1.1645570129110958,0.1661197277928149,0.05148321053690783,-0.08420665183672406,0.0009251887644085567,-0.1511210799217224,0.07557204365730286,-0.0032680102158337923,-0.15117385853460258,0.07564008647745203,0.0006275161971135017
3.379999999999972,4.463071823120117,0.3058925271034241,4.421573162078857,-1.4194636226342208,-1.1780701206368736,0.1583538183940851,0.04831885628155755,-0.08260229561078598,0.0009198859429352854,-0.15688179433345795,0.07967115938663483,-0.003181394655257473,-0.15693730051269697,0.07973183442154722,0.0006727337318615656
3.3899999999999717,4.463071823120117,0.3058925271034241,4.421573162078857,-1.4194636226342208,-1.1780701206368736,0.1583538183940851,0.04831885628155755,-0.08260229561078598,0.0009198859429352854,-0.15688179433345795,0.07967115938663483,-0.003181394655257473,-0.15693730051269697,0.07973183442154722,0.0006727337318615656
3.3999999999999715,4.463071823120117,0.3058925271034241,4.421573162078857,-1.4194636226342208,-1.1780701206368736,0.1583538183940851,0.04831885628155755,-0.08260229561078598,0.0009198859429352854,-0.15688179433345795,0.07967115938663483,-0.003181394655257473,-0.15693730051269697,0.07973183442154722,0.0006727337318615656
3.4099999999999713,4.422606468200684,0.272691011428833,4.420801639556885,-1.4313959031070032,-1.1893978502812905,0.14524096032263473,0.04240330982203215,-0.07977380148268451,0.0008978022419937467,-0.16357272863388062,0.07844815403223038,-0.0040102908387780285,-0.1635182694383172,0.07854763676293572,-0.0006833947892852629
3.419999999999971,4.422606468200684,0.272691011428833,4.420801639556885,-1.4313959031070032,-1.1893978502812905,0.14524096032263473,0.04240330982203215,-0.07977380148268451,0.0008978022419937467,-0.16357272863388062,0.07844815403223038,-0.0040102908387780285,-0.1635182694383172,0.07854763676293572,-0.0006833947892852629
3.429999999999971,4.422606468200684,0.272691011428833,4.420801639556885,-1.4313959031070032,-1.1893978502812905,0.14524096032263473,0.04240330982203215,-0.07977380148268451,0.0008978022419937467,-0.16357272863388062,0.07844815403223038,-0.0040102908387780285,-0.1635182694383172,0.07854763676293572,-0.0006833947892852629
3.4399999999999706,4.422606468200684,0.272691011428833,4.420801639556885,-1.4313959031070032,-1.1893978502812905,0.14524096032263473,0.04240330982203215,-0.07977380148268451,0.0008978022419937467,-0.16357272863388062,0.07844815403223038,-0.0040102908387780285,-0.1635182694383172,0.07854763676293572,-0.0006833947892852629
3.4499999999999704,4.3644150495529175,0.2247462123632431,4.419700622558594,-1.447005826805581,-1.2035271382015382,0.1279658861541465,0.03506637609941493,-0.07634193452537474,0.000838742139429185,-0.16471447050571442,0.07750575989484787,-0.004824758507311354,-0.16455349580846287,0.07762726439551272,-0.0021106508129020013
3.45999999999997,4.3644150495529175,0.2247462123632431,4.419700622558594,-1.447005826805581,-1.2035271382015382,0.1279658861541465,0.03506637609941493,-0.07634193452537474,0.000838742139429185,-0.16471447050571442,0.07750575989484787,-0.004824758507311354,-0.16455349580846287,0.07762726439551272,-0.0021106508129020013
3.46999999999997,4.3644150495529175,0.2247462123632431,4.419700622558594,-1.447005826805581,-1.2035271382015382,0.1279658861541465,0.03506637609941493,-0.07634193452537474,0.000838742139429185,-0.16471447050571442,0.07750575989484787,-0.004824758507311354,-0.16455349580846287,0.07762726439551272,-0.0021106508129020013
3.47999999999997,4.317548990249634,0.1860247701406479,4.418725967407227,-1.4582470354150483,-1.2122440349748727,0.11785367709003876,0.031698633223522746,-0.07475797377473002,0.0008092539986296537,-0.16949690878391266,0.07969017326831818,-0.0037992815487086873,-0.16940165958880765,0.07977055200906427,-0.001275288359265011
3.4899999999999696,4.317548990249634,0.1860247701406479,4.418725967407227,-1.4582470354150483,-1.2122440349748727,0.11785367709003876,0.031698633223522746,-0.07475797377473002,0.0008092539986296537,-0.16949690878391266,0.07969017326831818,-0.0037992815487086873,-0.16940165958880765,0.07977055200906427,-0.001275288359265011
3.4999999999999694,4.317548990249634,0.1860247701406479,4.418725967407227,-1.4582470354150483,-1.2122440349748727,0.11785367709003876,0.031698633223522746,-0.07475797377473002,0.0008092539986296537,-0.16949690878391266,0.07969017326831818,-0.0037992815487086873,-0.16940165958880765,0.07977055200906427,-0.001275288359265011
3.509999999999969,4.2762837409973145,0.15195423364639282,4.417848110198975,-1.4672489339671235,-1.2184179114500577,0.10141892708172631,0.02472809760395934,-0.07166412786433823,0.0007595218860273742,-0.17728003859519958,0.07800805568695068,-0.005257211625576029,-0.17704121666492592,0.07811419435948633,-0.003335371286268892
3.519999999999969,4.2762837409973145,0.15195423364639282,4.417848110198975,-1.4672489339671235,-1.2184179114500577,0.10141892708172631,0.02472809760395934,-0.07166412786433823,0.0007595218860273742,-0.17728003859519958,0.07800805568695068,-0.005257211625576029,-0.17704121666492592,0.07811419435948633,-0.003335371286268892
3.5299999999999687,4.2762837409973145,0.15195423364639282,4.417848110198975,-1.4672489339671235,-1.2184179114500577,0.10141892708172631,0.02472809760395934,-0.07166412786433823,0.0007595218860273742,-0.17728003859519958,0.07800805568695068,-0.005257211625576029,-0.17704121666492592,0.07811419435948633,-0.003335371286268892
3.5399999999999685,4.2762837409973145,0.15195423364639282,4.417848110198975,-1.4672489339671235,-1.2184179114500577,0.10141892708172631,0.02472809760395934,-0.07166412786433823,0.0007595218860273742,-0.17728003859519958,0.07800805568695068,-0.005257211625576029,-0.17704121666492592,0.07811419435948633,-0.003335371286268892
3.5499999999999683,4.217028975486755,0.10303297638893127,4.416313171386719,-1.4789715706450492,-1.2245209353872375,0.0828707671373622,0.01731986861366976,-0.06880874307766408,0.0007585642025068987,-0.18777158856391907,0.06819400191307068,-0.0022778138518333517,-0.18769602598262256,0.06822322328800413,-0.00109902081978248
3.559999999999968,4.217028975486755,0.10303297638893127,4.416313171386719,-1.4789715706450492,-1.2245209353872375,0.0828707671373622,0.01731986861366976,-0.06880874307766408,0.0007585642025068987,-0.18777158856391907,0.06819400191307068,-0.0022778138518333517,-0.18769602598262256,0.06822322328800413,-0.00109902081978248
3.569999999999968,4.217028975486755,0.10303297638893127,4.416313171386719,-1.4789715706450492,-1.2245209353872375,0.0828707671373622,0.01731986861366976,-0.06880874307766408,0.0007585642025068987,-0.18777158856391907,0.06819400191307068,-0.0022778138518333517,-0.18769602598262256,0.06822322328800413,-0.00109902081978248
3.5799999999999677,4.169386148452759,0.06374789029359818,4.414795875549316,-1.4880145063841128,-1.2275884250907378,0.07165993385763104,0.01350741982112426,-0.06741345695257399,0.0007215436188349623,-0.19111847877502441,0.0696147233247757,-0.0020544915460050193,-0.19104326503649166,0.06963612284059192,-0.001116553596623913
3.5899999999999674,4.169386148452759,0.06374789029359818,4.414795875549316,-1.4880145063841128,-1.2275884250907378,0.07165993385763104,0.01350741982112426,-0.06741345695257399,0.0007215436188349623,-0.19111847877502441,0.0696147233247757,-0.0020544915460050193,-0.19104326503649166,0.06963612284059192,-0.001116553596623913
3.5999999999999672,4.169386148452759,0.06374789029359818,4.414795875549316,-1.4880145063841128,-1.2275884250907378,0.07165993385763104,0.01350741982112426,-0.06741345695257399,0.0007215436188349623,-0.19111847877502441,0.0696147233247757,-0.0020544915460050193,-0.19104326503649166,0.06963612284059192,-0.001116553596623913
3.609999999999967,4.128628969192505,0.02883029542863369,4.413388252258301,-1.4947154737428532,-1.2286418985279655,0.054649803656347154,0.005934251965733816,-0.06464646712111936,0.0006743552460223681,-0.19117262959480286,0.06844989955425262,-0.0013287864858284677,-0.19111290570659753,0.0684565796218626,-0.0009244976639246766
3.619999999999967,4.128628969192505,0.02883029542863369,4.413388252258301,-1.4947154737428532,-1.2286418985279655,0.054649803656347154,0.005934251965733816,-0.06464646712111936,0.0006743552460223681,-0.19117262959480286,0.06844989955425262,-0.0013287864858284677,-0.19111290570659753,0.0684565796218626,-0.0009244976639246766
3.6299999999999666,4.128628969192505,0.02883029542863369,4.413388252258301,-1.4947154737428532,-1.2286418985279655,0.054649803656347154,0.005934251965733816,-0.06464646712111936,0.0006743552460223681,-0.19117262959480286,0.06844989955425262,-0.0013287864858284677,-0.19111290570659753,0.0684565796218626,-0.0009244976639246766
3.6399999999999664,4.128628969192505,0.02883029542863369,4.413388252258301,-1.4947154737428532,-1.2286418985279655,0.054649803656347154,0.005934251965733816,-0.06464646712111936,0.0006743552460223681,-0.19117262959480286,0.06844989955425262,-0.0013287864858284677,-0.19111290570659753,0.0684565796218626,-0.0009244976639246766
3.649999999999966,4.069962501525879,-0.020948654040694237,4.411502838134766,-1.5015279143814937,-1.2275824398222905,0.037790101654106144,-0.0009357542283961435,-0.062130690127255125,0.0005805415141215135,-0.19376076757907867,0.07129091769456863,-0.0016963426023721782,-0.19365108673543463,0.07128929912259345,-0.0017664609973735313
3.659999999999966,4.069962501525879,-0.020948654040694237,4.411502838134766,-1.5015279143814937,-1.2275824398222905,0.037790101654106144,-0.0009357542283961435,-0.062130690127255125,0.0005805415141215135,-0.19376076757907867,0.07129091769456863,-0.0016963426023721782,-0.19365108673543463,0.07128929912259345,-0.0017664609973735313
3.6699999999999657,4.069962501525879,-0.020948654040694237,4.411502838134766,-1.5015279143814937,-1.2275824398222905,0.037790101654106144,-0.0009357542283961435,-0.062130690127255125,0.0005805415141215135,-0.19376076757907867,0.07129091769456863,-0.0016963426023721782,-0.19365108673543463,0.07128929912259345,-0.0017664609973735313
3.6799999999999655,4.022723317146301,-0.060628265142440796,4.409882068634033,-1.506651900170263,-1.2241832837963964,0.025716371678755803,-0.00571478789537828,-0.06047995128275984,0.0005026929844972282,-0.20165717601776123,0.0659073069691658,-0.0036116293631494128,-0.20141567446339062,0.06588559116187101,-0.003995519845547366
3.6899999999999653,4.022723317146301,-0.060628265142440796,4.409882068634033,-1.506651900170263,-1.2241832837963964,0.025716371678755803,-0.00571478789537828,-0.06047995128275984,0.0005026929844972282,-0.20165717601776123,0.0659073069691658,-0.0036116293631494128,-0.20141567446339062,0.06588559116187101,-0.003995519845547366
3.699999999999965,4.022723317146301,-0.060628265142440796,4.409882068634033,-1.506651900170263,-1.2241832837963964,0.025716371678755803,-0.00571478789537828,-0.06047995128275984,0.0005026929844972282,-0.20165717601776123,0.0659073069691658,-0.0036116293631494128,-0.20141567446339062,0.06588559116187101,-0.003995519845547366
3.709999999999965,3.9813348054885864,-0.09525708109140396,4.408230304718018,-1.5107571510569833,-1.2190529102273646,0.008558472071808133,-0.013932405872182172,-0.058005690832097154,0.00044619622319845613,-0.20941835641860962,0.055559828877449036,-0.0007875019800849327,-0.209327679820626,0.055543465109519415,-0.0015641132098028324
3.7199999999999647,3.9813348054885864,-0.09525708109140396,4.408230304718018,-1.5107571510569833,-1.2190529102273646,0.008558472071808133,-0.013932405872182172,-0.058005690832097154,0.00044619622319845613,-0.20941835641860962,0.055559828877449036,-0.0007875019800849327,-0.209327679820626,0.055543465109519415,-0.0015641132098028324
3.7299999999999645,3.9813348054885864,-0.09525708109140396,4.408230304718018,-1.5107571510569833,-1.2190529102273646,0.008558472071808133,-0.013932405872182172,-0.058005690832097154,0.00044619622319845613,-0.20941835641860962,0.055559828877449036,-0.0007875019800849327,-0.209327679820626,0.055543465109519415,-0.0015641132098028324
3.7399999999999642,3.9813348054885864,-0.09525708109140396,4.408230304718018,-1.5107571510569833,-1.2190529102273646,0.008558472071808133,-0.013932405872182172,-0.058005690832097154,0.00044619622319845613,-0.20941835641860962,0.055559828877449036,-0.0007875019800849327,-0.209327679820626,0.055543465109519415,-0.0015641132098028324
3.749999999999964,3.921893835067749,-0.14437203109264374,4.405579090118408,-1.5164187287671165,-1.2097963356200923,-0.008615148671190842,-0.021319046166316684,-0.05613114170337523,0.00030528971237582124,-0.20693030953407288,0.05024370923638344,-0.002052171388641006,-0.20675484046138903,0.05018854471991141,-0.0031276978005428217
3.759999999999964,3.921893835067749,-0.14437203109264374,4.405579090118408,-1.5164187287671165,-1.2097963356200923,-0.008615148671190842,-0.021319046166316684,-0.05613114170337523,0.00030528971237582124,-0.20693030953407288,0.05024370923638344,-0.002052171388641006,-0.20675484046138903,0.05018854471991141,-0.0031276978005428217
3.7699999999999636,3.921893835067749,-0.14437203109264374,4.405579090118408,-1.5164187287671165,-1.2097963356200923,-0.008615148671190842,-0.021319046166316684,-0.05613114170337523,0.00030528971237582124,-0.20693030953407288,0.05024370923638344,-0.002052171388641006,-0.20675484046138903,0.05018854471991141,-0.0031276978005428217
3.7799999999999634,3.8741159439086914,-0.1833212524652481,4.403304100036621,-1.519615866826593,-1.200284281986844,-0.020491634088198492,-0.026167066418885502,-0.054977300280953066,0.00023924450268870772,-0.20090815424919128,0.04641196131706238,-0.0021235044114291724,-0.20072450422989074,0.046340513192117495,-0.00334215330328033
3.789999999999963,3.8741159439086914,-0.1833212524652481,4.403304100036621,-1.519615866826593,-1.200284281986844,-0.020491634088198492,-0.026167066418885502,-0.054977300280953066,0.00023924450268870772,-0.20090815424919128,0.04641196131706238,-0.0021235044114291724,-0.20072450422989074,0.046340513192117495,-0.00334215330328033
3.799999999999963,3.8741159439086914,-0.1833212524652481,4.403304100036621,-1.519615866826593,-1.200284281986844,-0.020491634088198492,-0.026167066418885502,-0.054977300280953066,0.00023924450268870772,-0.20090815424919128,0.04641196131706238,-0.0021235044114291724,-0.20072450422989074,0.046340513192117495,-0.00334215330328033
3.8099999999999627,3.832294464111328,-0.21715331077575684,4.401188373565674,-1.522312234868646,-1.1897715342989907,-0.03697364686479271,-0.03437656264947316,-0.052917802709280856,8.363146060049e-05,-0.20734114944934845,0.052244603633880615,-0.0009787136223167246,-0.2071942303887716,0.05218009851039131,-0.002777659783346412
3.8199999999999625,3.832294464111328,-0.21715331077575684,4.401188373565674,-1.522312234868646,-1.1897715342989907,-0.03697364686479271,-0.03437656264947316,-0.052917802709280856,8.363146060049e-05,-0.20734114944934845,0.052244603633880615,-0.0009787136223167246,-0.2071942303887716,0.05218009851039131,-0.002777659783346412
3.8299999999999623,3.832294464111328,-0.21715331077575684,4.401188373565674,-1.522312234868646,-1.1897715342989907,-0.03697364686479271,-0.03437656264947316,-0.052917802709280856,8.363146060049e-05,-0.20734114944934845,0.052244603633880615,-0.0009787136223167246,-0.2071942303887716,0.05218009851039131,-0.002777659783346412
3.839999999999962,3.832294464111328,-0.21715331077575684,4.401188373565674,-1.522312234868646,-1.1897715342989907,-0.03697364686479271,-0.03437656264947316,-0.052917802709280856,8.363146060049e-05,-0.20734114944934845,0.052244603633880615,-0.0009787136223167246,-0.2071942303887716,0.05218009851039131,-0.002777659783346412
3.849999999999962,3.7723174691200256,-0.2648835778236389,4.39792013168335,-1.5250848164455406,-1.1722242653275474,-0.05447858876542513,-0.04252806795738358,-0.05070661944056592,-4.9171646034213586e-05,-0.20284441113471985,0.05434804782271385,-0.0027473419904708927,-0.20258784497122836,0.054182103366455264,-0.005061984900768015
3.8599999999999617,3.7723174691200256,-0.2648835778236389,4.39792013168335,-1.5250848164455406,-1.1722242653275474,-0.05447858876542513,-0.04252806795738358,-0.05070661944056592,-4.9171646034213586e-05,-0.20284441113471985,0.05434804782271385,-0.0027473419904708927,-0.20258784497122836,0.054182103366455264,-0.005061984900768015
3.8699999999999615,3.7723174691200256,-0.2648835778236389,4.39792013168335,-1.5250848164455406,-1.1722242653275474,-0.05447858876542513,-0.04252806795738358,-0.05070661944056592,-4.9171646034213586e-05,-0.20284441113471985,0.05434804782271385,-0.0027473419904708927,-0.20258784497122836,0.054182103366455264,-0.005061984900768015
3.8799999999999613,3.7241867780685425,-0.3024955987930298,4.395111083984375,-1.5270634632888602,-1.15585556560773,-0.06468924479339472,-0.04653412703352085,-0.049547238708406396,-0.00012258470978890548,-0.2003633826971054,0.05840126797556877,-0.0010019185720011663,-0.20017903970050543,0.058291441021471685,-0.0037220730728721564
3.889999999999961,3.7241867780685425,-0.3024955987930298,4.395111083984375,-1.5270634632888602,-1.15585556560773,-0.06468924479339472,-0.04653412703352085,-0.049547238708406396,-0.00012258470978890548,-0.2003633826971054,0.05840126797556877,-0.0010019185720011663,-0.20017903970050543,0.058291441021471685,-0.0037220730728721564
3.899999999999961,3.7241867780685425,-0.3024955987930298,4.395111083984375,-1.5270634632888602,-1.15585556560773,-0.06468924479339472,-0.04653412703352085,-0.049547238708406396,-0.00012258470978890548,-0.2003633826971054,0.05840126797556877,-0.0010019185720011663,-0.20017903970050543,0.058291441021471685,-0.0037220730728721564
3.9099999999999606,3.6820902228355408,-0.33500513434410095,4.392547607421875,-1.5280027223998607,-1.140117525801788,-0.08059123476783109,-0.0545930815656947,-0.04705698209782149,-0.0002658659752080636,-0.19798240065574646,0.06253663450479507,-0.00027720571961254646,-0.1978086714472063,0.06242833941496585,-0.0036932530274857347
3.9199999999999604,3.6820902228355408,-0.33500513434410095,4.392547607421875,-1.5280027223998607,-1.140117525801788,-0.08059123476783109,-0.0545930815656947,-0.04705698209782149,-0.0002658659752080636,-0.19798240065574646,0.06253663450479507,-0.00027720571961254646,-0.1978086714472063,0.06242833941496585,-0.0036932530274857347
3.92999999999996,3.6820902228355408,-0.33500513434410095,4.392547607421875,-1.5280027223998607,-1.140117525801788,-0.08059123476783109,-0.0545930815656947,-0.04705698209782149,-0.0002658659752080636,-0.19798240065574646,0.06253663450479507,-0.00027720571961254646,-0.1978086714472063,0.06242833941496585,-0.0036932530274857347
3.93999999999996,3.6218284964561462,-0.3806001543998718,4.38876485824585,-1.5285271238582767,-1.1146094420984538,-0.09744374558348905,-0.06253616013710536,-0.04440418106430683,-0.0004203156175956405,-0.19516000151634216,0.06703636795282364,4.559599983621499e-05,-0.19497587140959144,0.06690817825438226,-0.004148046995585012
3.9499999999999598,3.6218284964561462,-0.3806001543998718,4.38876485824585,-1.5285271238582767,-1.1146094420984538,-0.09744374558348905,-0.06253616013710536,-0.04440418106430683,-0.0004203156175956405,-0.19516000151634216,0.06703636795282364,4.559599983621499e-05,-0.19497587140959144,0.06690817825438226,-0.004148046995585012
3.9599999999999596,3.6218284964561462,-0.3806001543998718,4.38876485824585,-1.5285271238582767,-1.1146094420984538,-0.09744374558348905,-0.06253616013710536,-0.04440418106430683,-0.0004203156175956405,-0.19516000151634216,0.06703636795282364,4.559599983621499e-05,-0.19497587140959144,0.06690817825438226,-0.004148046995585012
3.9699999999999593,3.6218284964561462,-0.3806001543998718,4.38876485824585,-1.5285271238582767,-1.1146094420984538,-0.09744374558348905,-0.06253616013710536,-0.04440418106430683,-0.0004203156175956405,-0.19516000151634216,0.06703636795282364,4.559599983621499e-05,-0.19497587140959144,0.06690817825438226,-0.004148046995585012
3.979999999999959,3.573557674884796,-0.4163224399089813,4.385578632354736,-1.527714134446185,-1.0931499113848178,-0.10738498355325721,-0.06645456179840223,-0.04299509587391529,-0.0004734620970839954,-0.19672344624996185,0.07073651254177094,0.0017348851542919787,-0.1965958334449322,0.07069558260448465,-0.0029689928109032215
3.989999999999959,3.573557674884796,-0.4163224399089813,4.385578632354736,-1.527714134446185,-1.0931499113848178,-0.10738498355325721,-0.06645456179840223,-0.04299509587391529,-0.0004734620970839954,-0.19672344624996185,0.07073651254177094,0.0017348851542919787,-0.1965958334449322,0.07069558260448465,-0.0029689928109032215
3.9999999999999587,3.573557674884796,-0.4163224399089813,4.385578632354736,-1.527714134446185,-1.0931499113848178,-0.10738498355325721,-0.06645456179840223,-0.04299509587391529,-0.0004734620970839954,-0.19672344624996185,0.07073651254177094,0.0017348851542919787,-0.1965958334449322,0.07069558260448465,-0.0029689928109032215
4.009999999999959,3.5316314101219177,-0.4473375976085663,4.382932186126709,-1.526011151306911,-1.0721381877653495,-0.12230737200368758,-0.07431900370394832,-0.04005859274485148,-0.0005408100038268257,-0.19534926116466522,0.07494477927684784,0.0028316660318523554,-0.19523940796886147,0.07494815566220357,-0.0027430464688225414
4.019999999999959,3.5316314101219177,-0.4473375976085663,4.382932186126709,-1.526011151306911,-1.0721381877653495,-0.12230737200368758,-0.07431900370394832,-0.04005859274485148,-0.0005408100038268257,-0.19534926116466522,0.07494477927684784,0.0028316660318523554,-0.19523940796886147,0.07494815566220357,-0.0027430464688225414
4.0299999999999585,3.5316314101219177,-0.4473375976085663,4.382932186126709,-1.526011151306911,-1.0721381877653495,-0.12230737200368758,-0.07431900370394832,-0.04005859274485148,-0.0005408100038268257,-0.19534926116466522,0.07494477927684784,0.0028316660318523554,-0.19523940796886147,0.07494815566220357,-0.0027430464688225414
4.039999999999958,3.5316314101219177,-0.4473375976085663,4.382932186126709,-1.526011151306911,-1.0721381877653495,-0.12230737200368758,-0.07431900370394832,-0.04005859274485148,-0.0005408100038268257,-0.19534926116466522,0.07494477927684784,0.0028316660318523554,-0.19523940796886147,0.07494815566220357,-0.0027430464688225414
4.049999999999958,3.471695363521576,-0.49054786562919617,4.378933906555176,-1.5230270626878606,-1.040212747653328,-0.13709920944519166,-0.08198459044627875,-0.03714564877866813,-0.0006538579853569575,-0.18999271094799042,0.07152440398931503,0.0023184618912637147,-0.18986090742206768,0.0714740292068035,-0.0035491058990161856
4.059999999999958,3.471695363521576,-0.49054786562919617,4.378933906555176,-1.5230270626878606,-1.040212747653328,-0.13709920944519166,-0.08198459044627875,-0.03714564877866813,-0.0006538579853569575,-0.18999271094799042,0.07152440398931503,0.0023184618912637147,-0.18986090742206768,0.0714740292068035,-0.0035491058990161856
4.069999999999958,3.471695363521576,-0.49054786562919617,4.378933906555176,-1.5230270626878606,-1.040212747653328,-0.13709920944519166,-0.08198459044627875,-0.03714564877866813,-0.0006538579853569575,-0.18999271094799042,0.07152440398931503,0.0023184618912637147,-0.18986090742206768,0.0714740292068035,-0.0035491058990161856
4.079999999999957,3.4237512052059174,-0.5241326689720154,4.375572681427002,-1.5201593763856487,-1.0132104124598105,-0.14335306958810995,-0.08506657205762835,-0.036023814971402314,-0.0006790699241940665,-0.194350004196167,0.06720615178346634,0.0033585224300622858,-0.19426481690228584,0.0672484892629216,-0.002365260912733352
4.089999999999957,3.4237512052059174,-0.5241326689720154,4.375572681427002,-1.5201593763856487,-1.0132104124598105,-0.14335306958810995,-0.08506657205762835,-0.036023814971402314,-0.0006790699241940665,-0.194350004196167,0.06720615178346634,0.0033585224300622858,-0.19426481690228584,0.0672484892629216,-0.002365260912733352
4.099999999999957,3.4237512052059174,-0.5241326689720154,4.375572681427002,-1.5201593763856487,-1.0132104124598105,-0.14335306958810995,-0.08506657205762835,-0.036023814971402314,-0.0006790699241940665,-0.194350004196167,0.06720615178346634,0.0033585224300622858,-0.19426481690228584,0.0672484892629216,-0.002365260912733352
4.109999999999957,3.3819415271282196,-0.5528602600097656,4.37253999710083,-1.5169695969659154,-0.9878069785638502,-0.1568723622519464,-0.09290185866730175,-0.03322745859996911,-0.0007058984855355303,-0.1965508759021759,0.07241405546665192,0.005717689637094727,-0.19651681538738158,0.07263220639656147,-0.0010252599667615596
4.119999999999957,3.3819415271282196,-0.5528602600097656,4.37253999710083,-1.5169695969659154,-0.9878069785638502,-0.1568723622519464,-0.09290185866730175,-0.03322745859996911,-0.0007058984855355303,-0.1965508759021759,0.07241405546665192,0.005717689637094727,-0.19651681538738158,0.07263220639656147,-0.0010252599667615596
4.129999999999956,3.3819415271282196,-0.5528602600097656,4.37253999710083,-1.5169695969659154,-0.9878069785638502,-0.1568723622519464,-0.09290185866730175,-0.03322745859996911,-0.0007058984855355303,-0.1965508759021759,0.07241405546665192,0.005717689637094727,-0.19651681538738158,0.07263220639656147,-0.0010252599667615596
4.139999999999956,3.3819415271282196,-0.5528602600097656,4.37253999710083,-1.5169695969659154,-0.9878069785638502,-0.1568723622519464,-0.09290185866730175,-0.03322745859996911,-0.0007058984855355303,-0.1965508759021759,0.07241405546665192,0.005717689637094727,-0.19651681538738158,0.07263220639656147,-0.0010252599667615596
4.149999999999956,3.3222543597221375,-0.5925952792167664,4.368163585662842,-1.512128715801158,-0.9485367504975001,-0.17094370749580215,-0.10135146525662604,-0.030143679902289243,-0.00087996162489728,-0.18709877133369446,0.07326505333185196,0.0008471906767226666,-0.18690066821913748,0.07297479873188771,-0.006572957222309674
4.159999999999956,3.3222543597221375,-0.5925952792167664,4.368163585662842,-1.512128715801158,-0.9485367504975001,-0.17094370749580215,-0.10135146525662604,-0.030143679902289243,-0.00087996162489728,-0.18709877133369446,0.07326505333185196,0.0008471906767226666,-0.18690066821913748,0.07297479873188771,-0.006572957222309674
4.1699999999999555,3.3222543597221375,-0.5925952792167664,4.368163585662842,-1.512128715801158,-0.9485367504975001,-0.17094370749580215,-0.10135146525662604,-0.030143679902289243,-0.00087996162489728,-0.18709877133369446,0.07326505333185196,0.0008471906767226666,-0.18690066821913748,0.07297479873188771,-0.006572957222309674
4.179999999999955,3.2745789289474487,-0.6232025623321533,4.364510536193848,-1.507602872721216,-0.9155617142838831,-0.17790734699590138,-0.10508132002662393,-0.02870687351784413,-0.000954838081767325,-0.1870267689228058,0.07176688313484192,0.003099264577031127,-0.18689912265807204,0.07169609541864516,-0.004447150896689061
4.189999999999955,3.2745789289474487,-0.6232025623321533,4.364510536193848,-1.507602872721216,-0.9155617142838831,-0.17790734699590138,-0.10508132002662393,-0.02870687351784413,-0.000954838081767325,-0.1870267689228058,0.07176688313484192,0.003099264577031127,-0.18689912265807204,0.07169609541864516,-0.004447150896689061
4.199999999999955,3.2745789289474487,-0.6232025623321533,4.364510536193848,-1.507602872721216,-0.9155617142838831,-0.17790734699590138,-0.10508132002662393,-0.02870687351784413,-0.000954838081767325,-0.1870267689228058,0.07176688313484192,0.003099264577031127,-0.18689912265807204,0.07169609541864516,-0.004447150896689061
4.209999999999955,3.233039513230324,-0.6491687893867493,4.361249923706055,-1.5025497924034557,-0.8850790052989432,-0.18844351910982404,-0.11171457233266406,-0.025927420293656557,-0.0010552021755018816,-0.18460749089717865,0.078949473798275,0.003557508578523984,-0.18447092286401912,0.07885393489111218,-0.005267910717419265
4.2199999999999545,3.233039513230324,-0.6491687893867493,4.361249923706055,-1.5025497924034557,-0.8850790052989432,-0.18844351910982404,-0.11171457233266406,-0.025927420293656557,-0.0010552021755018816,-0.18460749089717865,0.078949473798275,0.003557508578523984,-0.18447092286401912,0.07885393489111218,-0.005267910717419265
4.229999999999954,3.233039513230324,-0.6491687893867493,4.361249923706055,-1.5025497924034557,-0.8850790052989432,-0.18844351910982404,-0.11171457233266406,-0.025927420293656557,-0.0010552021755018816,-0.18460749089717865,0.078949473798275,0.003557508578523984,-0.18447092286401912,0.07885393489111218,-0.005267910717419265
4.239999999999954,3.1738479137420654,-0.6847549676895142,4.356382369995117,-1.4950537275872262,-0.8397940181111158,-0.20053681512200122,-0.11171457233266406,-0.025927420293656557,-0.0010552021755018816,-0.16819943487644196,0.08213116228580475,0.0053524090908467666,-0.16809992568387355,0.08221588977453793,-0.003838420528473673
4.249999999999954,3.1738479137420654,-0.6847549676895142,4.356382369995117,-1.4950537275872262,-0.8397940181111158,-0.20053681512200122,-0.11929064302814597,-0.02243963953640881,-0.0012781129361450051,-0.16819943487644196,0.08213116228580475,0.0053524090908467666,-0.1680993398015523,0.08218446022594231,-0.0044610108593790354
4.259999999999954,3.1738479137420654,-0.6847549676895142,4.356382369995117,-1.4950537275872262,-0.8397940181111158,-0.20053681512200122,-0.11929064302814597,-0.02243963953640881,-0.0012781129361450051,-0.16819943487644196,0.08213116228580475,0.0053524090908467666,-0.1680993398015523,0.08218446022594231,-0.0044610108593790354
4.269999999999953,3.1738479137420654,-0.6847549676895142,4.356382369995117,-1.4950537275872262,-0.8397940181111158,-0.20053681512200122,-0.11929064302814597,-0.02243963953640881,-0.0012781129361450051,-0.16819943487644196,0.08213116228580475,0.0053524090908467666,-0.1680993398015523,0.08218446022594231,-0.0044610108593790354
4.279999999999953,3.126641109585762,-0.7119068503379822,4.352320671081543,-1.4887790198939805,-0.8023177163438365,-0.20612093058333944,-0.12256938244929702,-0.02080868067752921,-0.0013789305401123249,-0.16308289766311646,0.08094681054353714,0.005640156567096701,-0.16299342960566474,0.08102911001711503,-0.004299864839763052
4.289999999999953,3.126641109585762,-0.7119068503379822,4.352320671081543,-1.4887790198939805,-0.8023177163438365,-0.20612093058333944,-0.12256938244929702,-0.02080868067752921,-0.0013789305401123249,-0.16308289766311646,0.08094681054353714,0.005640156567096701,-0.16299342960566474,0.08102911001711503,-0.004299864839763052
4.299999999999953,3.126641109585762,-0.7119068503379822,4.352320671081543,-1.4887790198939805,-0.8023177163438365,-0.20612093058333944,-0.12256938244929702,-0.02080868067752921,-0.0013789305401123249,-0.16308289766311646,0.08094681054353714,0.005640156567096701,-0.16299342960566474,0.08102911001711503,-0.004299864839763052
4.3099999999999525,3.0855550542473793,-0.7347261905670166,4.348669528961182,-1.4816251798504927,-0.7682475843915676,-0.21550775598174918,-0.12900231636448986,-0.017590072121849844,-0.0015570554496075243,-0.1609864979982376,0.08136799931526184,0.007268239744007578,-0.16092915328477764,0.08162691231480117,-0.0032602294263969728
4.319999999999952,3.0855550542473793,-0.7347261905670166,4.348669528961182,-1.4816251798504927,-0.7682475843915676,-0.21550775598174918,-0.12900231636448986,-0.017590072121849844,-0.0015570554496075243,-0.1609864979982376,0.08136799931526184,0.007268239744007578,-0.16092915328477764,0.08162691231480117,-0.0032602294263969728
4.329999999999952,3.0855550542473793,-0.7347261905670166,4.348669528961182,-1.4816251798504927,-0.7682475843915676,-0.21550775598174918,-0.12900231636448986,-0.017590072121849844,-0.0015570554496075243,-0.1609864979982376,0.08136799931526184,0.007268239744007578,-0.16092915328477764,0.08162691231480117,-0.0032602294263969728
4.339999999999952,3.0855550542473793,-0.7347261905670166,4.348669528961182,-1.4816251798504927,-0.7682475843915676,-0.21550775598174918,-0.12900231636448986,-0.017590072121849844,-0.0015570554496075243,-0.1609864979982376,0.08136799931526184,0.007268239744007578,-0.16092915328477764,0.08162691231480117,-0.0032602294263969728
4.349999999999952,3.0271130092442036,-0.7656630873680115,4.343267440795898,-1.4712099076476497,-0.7178554532255379,-0.22381801522601502,-0.1351852277182829,-0.014054584995158591,-0.0017673959320691141,-0.1537410169839859,0.09087546169757843,0.007636357098817814,-0.15367522384179202,0.09107553016753195,-0.0046814123861548896
4.3599999999999515,3.0271130092442036,-0.7656630873680115,4.343267440795898,-1.4712099076476497,-0.7178554532255379,-0.22381801522601502,-0.1351852277182829,-0.014054584995158591,-0.0017673959320691141,-0.1537410169839859,0.09087546169757843,0.007636357098817814,-0.15367522384179202,0.09107553016753195,-0.0046814123861548896
4.369999999999951,3.0271130092442036,-0.7656630873680115,4.343267440795898,-1.4712099076476497,-0.7178554532255379,-0.22381801522601502,-0.1351852277182829,-0.014054584995158591,-0.0017673959320691141,-0.1537410169839859,0.09087546169757843,0.007636357098817814,-0.15367522384179202,0.09107553016753195,-0.0046814123861548896
4.379999999999951,2.9806194324046373,-0.7889586687088013,4.338866233825684,-1.4617657374980275,-0.6768012772717822,-0.22676341541624404,-0.13812799209424348,-0.01230223230478766,-0.0018626074146319619,-0.14496465027332306,0.08749516308307648,0.006460971664637317,-0.1448951674122177,0.08755142013267216,-0.0056481305230766015
4.389999999999951,2.9806194324046373,-0.7889586687088013,4.338866233825684,-1.4617657374980275,-0.6768012772717822,-0.22676341541624404,-0.13812799209424348,-0.01230223230478766,-0.0018626074146319619,-0.14496465027332306,0.08749516308307648,0.006460971664637317,-0.1448951674122177,0.08755142013267216,-0.0056481305230766015
4.399999999999951,2.9806194324046373,-0.7889586687088013,4.338866233825684,-1.4617657374980275,-0.6768012772717822,-0.22676341541624404,-0.13812799209424348,-0.01230223230478766,-0.0018626074146319619,-0.14496465027332306,0.08749516308307648,0.006460971664637317,-0.1448951674122177,0.08755142013267216,-0.0056481305230766015
4.40999999999995,2.9403255470097065,-0.8086963295936584,4.334515571594238,-1.4526089937855071,-0.6398226794933273,-0.2337678652070437,-0.14334516534898623,-0.009162933019246968,-0.0019709545144897343,-0.14394913613796234,0.0836058259010315,0.010206896811723699,-0.143932264148743,0.08420644012430448,-0.0018413563953531805
4.41999999999995,2.9403255470097065,-0.8086963295936584,4.334515571594238,-1.4526089937855071,-0.6398226794933273,-0.2337678652070437,-0.14334516534898623,-0.009162933019246968,-0.0019709545144897343,-0.14394913613796234,0.0836058259010315,0.010206896811723699,-0.143932264148743,0.08420644012430448,-0.0018413563953531805
4.42999999999995,2.9403255470097065,-0.8086963295936584,4.334515571594238,-1.4526089937855071,-0.6398226794933273,-0.2337678652070437,-0.14334516534898623,-0.009162933019246968,-0.0019709545144897343,-0.14394913613796234,0.0836058259010315,0.010206896811723699,-0.143932264148743,0.08420644012430448,-0.0018413563953531805
4.43999999999995,2.9403255470097065,-0.8086963295936584,4.334515571594238,-1.4526089937855071,-0.6398226794933273,-0.2337678652070437,-0.14334516534898623,-0.009162933019246968,-0.0019709545144897343,-0.14394913613796234,0.0836058259010315,0.010206896811723699,-0.143932264148743,0.08420644012430448,-0.0018413563953531805
4.4499999999999496,2.8831193521618843,-0.835023820400238,4.328266143798828,-1.438857168718287,-0.5854152197742101,-0.23990119679875288,-0.14944614600996875,-0.005336015930839391,-0.0020288220586145616,-0.13503453135490417,0.08530103415250778,0.012012716382741918,-0.13503014674894748,0.0861388216995843,-0.0008217042116782106
4.459999999999949,2.8831193521618843,-0.835023820400238,4.328266143798828,-1.438857168718287,-0.5854152197742101,-0.23990119679875288,-0.14944614600996875,-0.005336015930839391,-0.0020288220586145616,-0.13503453135490417,0.08530103415250778,0.012012716382741918,-0.13503014674894748,0.0861388216995843,-0.0008217042116782106
4.469999999999949,2.8831193521618843,-0.835023820400238,4.328266143798828,-1.438857168718287,-0.5854152197742101,-0.23990119679875288,-0.14944614600996875,-0.005336015930839391,-0.0020288220586145616,-0.13503453135490417,0.08530103415250778,0.012012716382741918,-0.13503014674894748,0.0861388216995843,-0.0008217042116782106
4.479999999999949,2.8377009481191635,-0.8544676303863525,4.323122501373291,-1.426634957684889,-0.5411490743826549,-0.24184676337228295,-0.15211319632555814,-0.0035810582725002652,-0.0020727928495119373,-0.13244089484214783,0.08796663582324982,0.011067359708249559,-0.13243233687152117,0.08862789871362488,-0.0023897932584959224
4.489999999999949,2.8377009481191635,-0.8544676303863525,4.323122501373291,-1.426634957684889,-0.5411490743826549,-0.24184676337228295,-0.15211319632555814,-0.0035810582725002652,-0.0020727928495119373,-0.13244089484214783,0.08796663582324982,0.011067359708249559,-0.13243233687152117,0.08862789871362488,-0.0023897932584959224
4.4999999999999485,2.8377009481191635,-0.8544676303863525,4.323122501373291,-1.426634957684889,-0.5411490743826549,-0.24184676337228295,-0.15211319632555814,-0.0035810582725002652,-0.0020727928495119373,-0.13244089484214783,0.08796663582324982,0.011067359708249559,-0.13243233687152117,0.08862789871362488,-0.0023897932584959224
4.509999999999948,2.7983259111642838,-0.8703816533088684,4.318434715270996,-1.4152512877037005,-0.5011605846408489,-0.2464122073946582,-0.15730178653276508,-0.00025784767963319517,-0.002163229038534984,-0.12872593104839325,0.08020231127738953,0.011000815778970708,-0.12872549296302677,0.0809354190247797,-0.001699008391203704
4.519999999999948,2.7983259111642838,-0.8703816533088684,4.318434715270996,-1.4152512877037005,-0.5011605846408489,-0.2464122073946582,-0.15730178653276508,-0.00025784767963319517,-0.002163229038534984,-0.12872593104839325,0.08020231127738953,0.011000815778970708,-0.12872549296302677,0.0809354190247797,-0.001699008391203704
4.529999999999948,2.7983259111642838,-0.8703816533088684,4.318434715270996,-1.4152512877037005,-0.5011605846408489,-0.2464122073946582,-0.15730178653276508,-0.00025784767963319517,-0.002163229038534984,-0.12872593104839325,0.08020231127738953,0.011000815778970708,-0.12872549296302677,0.0809354190247797,-0.001699008391203704
4.539999999999948,2.7983259111642838,-0.8703816533088684,4.318434715270996,-1.4152512877037005,-0.5011605846408489,-0.2464122073946582,-0.15730178653276508,-0.00025784767963319517,-0.002163229038534984,-0.12872593104839325,0.08020231127738953,0.011000815778970708,-0.12872549296302677,0.0809354190247797,-0.001699008391203704
4.549999999999947,2.7425296008586884,-0.8911442756652832,4.311604976654053,-1.3989194347986489,-0.44388763075609633,-0.248740936487267,-0.162217687070543,0.002888504514812002,-0.0021771597504480476,-0.12110632658004761,0.07834545522928238,0.013042019680142392,-0.1211056984876279,0.07942327964848524,0.00021744584088882808
4.559999999999947,2.7425296008586884,-0.8911442756652832,4.311604976654053,-1.3989194347986489,-0.44388763075609633,-0.248740936487267,-0.162217687070543,0.002888504514812002,-0.0021771597504480476,-0.12110632658004761,0.07834545522928238,0.013042019680142392,-0.1211056984876279,0.07942327964848524,0.00021744584088882808
4.569999999999947,2.7425296008586884,-0.8911442756652832,4.311604976654053,-1.3989194347986489,-0.44388763075609633,-0.248740936487267,-0.162217687070543,0.002888504514812002,-0.0021771597504480476,-0.12110632658004761,0.07834545522928238,0.013042019680142392,-0.1211056984876279,0.07942327964848524,0.00021744584088882808
4.579999999999947,2.6983146369457245,-0.9060764312744141,4.306178092956543,-1.3855913501703125,-0.39765294534609413,-0.24707165265692843,-0.16454739668554472,0.004489431251430836,-0.0022142118147475574,-0.11565382033586502,0.07945899665355682,0.011855099350213994,-0.11565975038190784,0.0803276465616941,-0.0013208947037514382
4.589999999999947,2.6983146369457245,-0.9060764312744141,4.306178092956543,-1.3855913501703125,-0.39765294534609413,-0.24707165265692843,-0.16454739668554472,0.004489431251430836,-0.0022142118147475574,-0.11565382033586502,0.07945899665355682,0.011855099350213994,-0.11565975038190784,0.0803276465616941,-0.0013208947037514382
4.599999999999946,2.6983146369457245,-0.9060764312744141,4.306178092956543,-1.3855913501703125,-0.39765294534609413,-0.24707165265692843,-0.16454739668554472,0.004489431251430836,-0.0022142118147475574,-0.11565382033586502,0.07945899665355682,0.011855099350213994,-0.11565975038190784,0.0803276465616941,-0.0013208947037514382
4.609999999999946,2.6600292921066284,-0.9179607629776001,4.301361560821533,-1.3721279844329624,-0.3559433142375854,-0.2483358860826548,-0.1689736916191716,0.0076187769310136575,-0.0023143056947350776,-0.10949192941188812,0.07793917506933212,0.008243381045758714,-0.10952988012280843,0.07821545161139687,-0.004981255969659667
4.619999999999946,2.6600292921066284,-0.9179607629776001,4.301361560821533,-1.3721279844329624,-0.3559433142375854,-0.2483358860826548,-0.1689736916191716,0.0076187769310136575,-0.0023143056947350776,-0.10949192941188812,0.07793917506933212,0.008243381045758714,-0.10952988012280843,0.07821545161139687,-0.004981255969659667
4.629999999999946,2.6600292921066284,-0.9179607629776001,4.301361560821533,-1.3721279844329624,-0.3559433142375854,-0.2483358860826548,-0.1689736916191716,0.0076187769310136575,-0.0023143056947350776,-0.10949192941188812,0.07793917506933212,0.008243381045758714,-0.10952988012280843,0.07821545161139687,-0.004981255969659667
4.6399999999999455,2.6600292921066284,-0.9179607629776001,4.301361560821533,-1.3721279844329624,-0.3559433142375854,-0.2483358860826548,-0.1689736916191716,0.0076187769310136575,-0.0023143056947350776,-0.10949192941188812,0.07793917506933212,0.008243381045758714,-0.10952988012280843,0.07821545161139687,-0.004981255969659667
4.649999999999945,2.6059038043022156,-0.9328932762145996,4.294450283050537,-1.3528585916776632,-0.296449387422215,-0.24739804986622393,-0.1730290059622177,0.010841273380052046,-0.0023983069083566835,-0.09972484409809113,0.08154961466789246,0.010639965534210195,-0.09976343032901223,0.08216374885697066,-0.0035592670195971807
4.659999999999945,2.6059038043022156,-0.9328932762145996,4.294450283050537,-1.3528585916776632,-0.296449387422215,-0.24739804986622393,-0.1730290059622177,0.010841273380052046,-0.0023983069083566835,-0.09972484409809113,0.08154961466789246,0.010639965534210195,-0.09976343032901223,0.08216374885697066,-0.0035592670195971807
4.669999999999945,2.6059038043022156,-0.9328932762145996,4.294450283050537,-1.3528585916776632,-0.296449387422215,-0.24739804986622393,-0.1730290059622177,0.010841273380052046,-0.0023983069083566835,-0.09972484409809113,0.08154961466789246,0.010639965534210195,-0.09976343032901223,0.08216374885697066,-0.0035592670195971807
4.679999999999945,2.563118726015091,-0.9431063532829285,4.288802623748779,-1.3366011061728515,-0.24884266272038705,-0.24530370653403683,-0.17496001066010713,0.012468647423872636,-0.0024584652356558134,-0.09578335285186768,0.08045601844787598,0.011521237902343263,-0.09581651531663843,0.08123322427201299,-0.0026597370940112408
4.689999999999944,2.563118726015091,-0.9431063532829285,4.288802623748779,-1.3366011061728515,-0.24884266272038705,-0.24530370653403683,-0.17496001066010713,0.012468647423872636,-0.0024584652356558134,-0.09578335285186768,0.08045601844787598,0.011521237902343263,-0.09581651531663843,0.08123322427201299,-0.0026597370940112408
4.699999999999944,2.563118726015091,-0.9431063532829285,4.288802623748779,-1.3366011061728515,-0.24884266272038705,-0.24530370653403683,-0.17496001066010713,0.012468647423872636,-0.0024584652356558134,-0.09578335285186768,0.08045601844787598,0.011521237902343263,-0.09581651531663843,0.08123322427201299,-0.0026597370940112408
4.709999999999944,2.5261338353157043,-0.95082688331604,4.283756256103516,-1.3214210534435449,-0.20571627990706137,-0.2459885632670471,-0.17850655787181588,0.01576746955282336,-0.0025088531219413447,-0.0844874382019043,0.08152645826339722,0.014956392347812642,-0.08448360809410523,0.08288665798889315,0.00024292208038473846
4.719999999999944,2.5261338353157043,-0.95082688331604,4.283756256103516,-1.3214210534435449,-0.20571627990706137,-0.2459885632670471,-0.17850655787181588,0.01576746955282336,-0.0025088531219413447,-0.0844874382019043,0.08152645826339722,0.014956392347812642,-0.08448360809410523,0.08288665798889315,0.00024292208038473846
4.729999999999944,2.5261338353157043,-0.95082688331604,4.283756256103516,-1.3214210534435449,-0.20571627990706137,-0.2459885632670471,-0.17850655787181588,0.01576746955282336,-0.0025088531219413447,-0.0844874382019043,0.08152645826339722,0.014956392347812642,-0.08448360809410523,0.08288665798889315,0.00024292208038473846
4.739999999999943,2.473936438560486,-0.9597575068473816,4.276339054107666,-1.3005258719846255,-0.14416066100447333,-0.24379981161810269,-0.18187887877650608,0.018785759678748702,-0.002598296723069752,-0.08032922446727753,0.07253935933113098,0.012040984816849223,-0.08035324267835679,0.07352081137896783,-0.0012786080647454801
4.749999999999943,2.473936438560486,-0.9597575068473816,4.276339054107666,-1.3005258719846255,-0.14416066100447333,-0.24379981161810269,-0.18187887877650608,0.018785759678748702,-0.002598296723069752,-0.08032922446727753,0.07253935933113098,0.012040984816849223,-0.08035324267835679,0.07352081137896783,-0.0012786080647454801
4.759999999999943,2.473936438560486,-0.9597575068473816,4.276339054107666,-1.3005258719846255,-0.14416066100447333,-0.24379981161810269,-0.18187887877650608,0.018785759678748702,-0.002598296723069752,-0.08032922446727753,0.07253935933113098,0.012040984816849223,-0.08035324267835679,0.07352081137896783,-0.0012786080647454801
4.769999999999943,2.473936438560486,-0.9597575068473816,4.276339054107666,-1.3005258719846255,-0.14416066100447333,-0.24379981161810269,-0.18187887877650608,0.018785759678748702,-0.002598296723069752,-0.08032922446727753,0.07253935933113098,0.012040984816849223,-0.08035324267835679,0.07352081137896783,-0.0012786080647454801
4.7799999999999425,2.4327524304389954,-0.9651126861572266,4.270320415496826,-1.2828466344921046,-0.09533537671527587,-0.23933891140063554,-0.1830171475281783,0.01994096240112484,-0.0026003578754695824,-0.06942106783390045,0.07069054991006851,0.013193609192967406,-0.06941891822302262,0.07191115040544095,0.00010780589741773004
4.789999999999942,2.4327524304389954,-0.9651126861572266,4.270320415496826,-1.2828466344921046,-0.09533537671527587,-0.23933891140063554,-0.1830171475281783,0.01994096240112484,-0.0026003578754695824,-0.06942106783390045,0.07069054991006851,0.013193609192967406,-0.06941891822302262,0.07191115040544095,0.00010780589741773004
4.799999999999942,2.4327524304389954,-0.9651126861572266,4.270320415496826,-1.2828466344921046,-0.09533537671527587,-0.23933891140063554,-0.1830171475281783,0.01994096240112484,-0.0026003578754695824,-0.06942106783390045,0.07069054991006851,0.013193609192967406,-0.06941891822302262,0.07191115040544095,0.00010780589741773004
4.809999999999942,2.397789239883423,-0.9691683053970337,4.265743255615234,-1.265746811883503,-0.05223096052933868,-0.23744327990070693,-0.18558678385820787,0.02295549905810882,-0.002589719353435844,-0.05952067673206329,0.07689227163791656,0.013237591832876197,-0.05954772617893744,0.07801453243589457,-0.0011784462882580193
4.819999999999942,2.397789239883423,-0.9691683053970337,4.265743255615234,-1.265746811883503,-0.05223096052933868,-0.23744327990070693,-0.18558678385820787,0.02295549905810882,-0.002589719353435844,-0.05952067673206329,0.07689227163791656,0.013237591832876197,-0.05954772617893744,0.07801453243589457,-0.0011784462882580193
4.8299999999999415,2.397789239883423,-0.9691683053970337,4.265743255615234,-1.265746811883503,-0.05223096052933868,-0.23744327990070693,-0.18558678385820787,0.02295549905810882,-0.002589719353435844,-0.05952067673206329,0.07689227163791656,0.013237591832876197,-0.05954772617893744,0.07801453243589457,-0.0011784462882580193
4.839999999999941,2.397789239883423,-0.9691683053970337,4.265743255615234,-1.265746811883503,-0.05223096052933868,-0.23744327990070693,-0.18558678385820787,0.02295549905810882,-0.002589719353435844,-0.05952067673206329,0.07689227163791656,0.013237591832876197,-0.05954772617893744,0.07801453243589457,-0.0011784462882580193
4.849999999999941,2.3484838604927063,-0.9727090001106262,4.258883476257324,-1.2408848081159285,0.008981219807509697,-0.23444537056903786,-0.18787188006027222,0.026581865168872534,-0.002713316143577822,-0.04902403801679611,0.08269760757684708,0.012505479156970967,-0.049108053533156844,0.08357808572377266,-0.003161005099066826
4.859999999999941,2.3484838604927063,-0.9727090001106262,4.258883476257324,-1.2408848081159285,0.008981219807509697,-0.23444537056903786,-0.18787188006027222,0.026581865168872534,-0.002713316143577822,-0.04902403801679611,0.08269760757684708,0.012505479156970967,-0.049108053533156844,0.08357808572377266,-0.003161005099066826
4.869999999999941,2.3484838604927063,-0.9727090001106262,4.258883476257324,-1.2408848081159285,0.008981219807509697,-0.23444537056903786,-0.18787188006027222,0.026581865168872534,-0.002713316143577822,-0.04902403801679611,0.08269760757684708,0.012505479156970967,-0.049108053533156844,0.08357808572377266,-0.003161005099066826
4.87999999999994,2.309638261795044,-0.9736889004707336,4.253161907196045,-1.2199644998269275,0.05727203169903054,-0.23128890646199984,-0.18879312709046148,0.028192786162898578,-0.002741895547967437,-0.04555312171578407,0.07996966689825058,0.013821421191096295,-0.04559351466541336,0.08114263767924548,-0.00143293042535582
4.88999999999994,2.309638261795044,-0.9736889004707336,4.253161907196045,-1.2199644998269275,0.05727203169903054,-0.23128890646199984,-0.18879312709046148,0.028192786162898578,-0.002741895547967437,-0.04555312171578407,0.07996966689825058,0.013821421191096295,-0.04559351466541336,0.08114263767924548,-0.00143293042535582
4.89999999999994,2.309638261795044,-0.9736889004707336,4.253161907196045,-1.2199644998269275,0.05727203169903054,-0.23128890646199984,-0.18879312709046148,0.028192786162898578,-0.002741895547967437,-0.04555312171578407,0.07996966689825058,0.013821421191096295,-0.04559351466541336,0.08114263767924548,-0.00143293042535582
4.90999999999994,2.2762341499328613,-0.9733238220214844,4.248058795928955,-1.2015948226723108,0.10075664668401733,-0.23006792152271183,-0.1905364530209739,0.03125586293572806,-0.0027673771756763555,-0.04108462482690811,0.07246730476617813,0.014463476836681357,-0.0410696965637991,0.07389502320809312,0.00047769258711201866
4.9199999999999395,2.2762341499328613,-0.9733238220214844,4.248058795928955,-1.2015948226723108,0.10075664668401733,-0.23006792152271183,-0.1905364530209739,0.03125586293572806,-0.0027673771756763555,-0.04108462482690811,0.07246730476617813,0.014463476836681357,-0.0410696965637991,0.07389502320809312,0.00047769258711201866
4.929999999999939,2.2762341499328613,-0.9733238220214844,4.248058795928955,-1.2015948226723108,0.10075664668401733,-0.23006792152271183,-0.1905364530209739,0.03125586293572806,-0.0027673771756763555,-0.04108462482690811,0.07246730476617813,0.014463476836681357,-0.0410696965637991,0.07389502320809312,0.00047769258711201866
4.939999999999939,2.2762341499328613,-0.9733238220214844,4.248058795928955,-1.2015948226723108,0.10075664668401733,-0.23006792152271183,-0.1905364530209739,0.03125586293572806,-0.0027673771756763555,-0.04108462482690811,0.07246730476617813,0.014463476836681357,-0.0410696965637991,0.07389502320809312,0.00047769258711201866
4.949999999999939,2.229248344898224,-0.9706048965454102,4.24055290222168,-1.174971172306245,0.16181176038778017,-0.22589007843600897,-0.19208158787089147,0.0340036318970852,-0.002744997523973237,-0.03763792663812637,0.0627085417509079,0.012364869937300675,-0.037632271594581025,0.06391575377303835,0.00016633909814868042
4.959999999999939,2.229248344898224,-0.9706048965454102,4.24055290222168,-1.174971172306245,0.16181176038778017,-0.22589007843600897,-0.19208158787089147,0.0340036318970852,-0.002744997523973237,-0.03763792663812637,0.0627085417509079,0.012364869937300675,-0.037632271594581025,0.06391575377303835,0.00016633909814868042
4.9699999999999385,2.229248344898224,-0.9706048965454102,4.24055290222168,-1.174971172306245,0.16181176038778017,-0.22589007843600897,-0.19208158787089147,0.0340036318970852,-0.002744997523973237,-0.03763792663812637,0.0627085417509079,0.012364869937300675,-0.037632271594581025,0.06391575377303835,0.00016633909814868042
4.979999999999938,2.1923247575759888,-0.9666012525558472,4.2343010902404785,-1.1538552522192431,0.20995570966925178,-0.22022175012904144,-0.19268674534181587,0.03528857269647924,-0.0027161932903889577,-0.029436299577355385,0.06220579892396927,0.013845950365066521,-0.02937707813531394,0.06370602584303858,0.0016785528727088482
4.989999999999938,2.1923247575759888,-0.9666012525558472,4.2343010902404785,-1.1538552522192431,0.20995570966925178,-0.22022175012904144,-0.19268674534181587,0.03528857269647924,-0.0027161932903889577,-0.029436299577355385,0.06220579892396927,0.013845950365066521,-0.02937707813531394,0.06370602584303858,0.0016785528727088482
4.999999999999938,2.1923247575759888,-0.9666012525558472,4.2343010902404785,-1.1538552522192431,0.20995570966925178,-0.22022175012904144,-0.19268674534181587,0.03528857269647924,-0.0027161932903889577,-0.029436299577355385,0.06220579892396927,0.013845950365066521,-0.02937707813531394,0.06370602584303858,0.0016785528727088482
5.009999999999938,2.160618543624878,-0.9618659615516663,4.228918075561523,-1.134195992460363,0.2525166300206591,-0.2168148204766176,-0.19367535621512033,0.037849215868835086,-0.0027162658446460613,-0.02353464625775814,0.062264688313007355,0.010630461387336247,-0.023593423055886662,0.06314656651644267,-0.0015532906746913437
5.019999999999937,2.160618543624878,-0.9618659615516663,4.228918075561523,-1.134195992460363,0.2525166300206591,-0.2168148204766176,-0.19367535621512033,0.037849215868835086,-0.0027162658446460613,-0.02353464625775814,0.062264688313007355,0.010630461387336247,-0.023593423055886662,0.06314656651644267,-0.0015532906746913437
5.029999999999937,2.160618543624878,-0.9618659615516663,4.228918075561523,-1.134195992460363,0.2525166300206591,-0.2168148204766176,-0.19367535621512033,0.037849215868835086,-0.0027162658446460613,-0.02353464625775814,0.062264688313007355,0.010630461387336247,-0.023593423055886662,0.06314656651644267,-0.0015532906746913437
5.039999999999937,2.116152346134186,-0.9529508352279663,4.2209062576293945,-1.1056060380661537,0.3128238331946267,-0.2116738566481588,-0.19429286039437593,0.04068123571929155,-0.0026638217385344383,-0.012661312706768513,0.069964200258255,0.0174181330949068,-0.012515503093798203,0.0720107517849617,0.0035851870379334004
5.049999999999937,2.116152346134186,-0.9529508352279663,4.2209062576293945,-1.1056060380661537,0.3128238331946267,-0.2116738566481588,-0.19429286039437593,0.04068123571929155,-0.0026638217385344383,-0.012661312706768513,0.069964200258255,0.0174181330949068,-0.012515503093798203,0.0720107517849617,0.0035851870379334004
5.0599999999999365,2.116152346134186,-0.9529508352279663,4.2209062576293945,-1.1056060380661537,0.3128238331946267,-0.2116738566481588,-0.19429286039437593,0.04068123571929155,-0.0026638217385344383,-0.012661312706768513,0.069964200258255,0.0174181330949068,-0.012515503093798203,0.0720107517849617,0.0035851870379334004
5.069999999999936,2.116152346134186,-0.9529508352279663,4.2209062576293945,-1.1056060380661537,0.3128238331946267,-0.2116738566481588,-0.19429286039437593,0.04068123571929155,-0.0026638217385344383,-0.012661312706768513,0.069964200258255,0.0174181330949068,-0.012515503093798203,0.0720107517849617,0.0035851870379334004
5.079999999999936,2.0813079476356506,-0.9440281987190247,4.2142205238342285,-1.0828774048523273,0.36029421327906164,-0.20650107681040242,-0.19438860232886548,0.04207712092803549,-0.0026269068792683405,-0.0037301951088011265,0.06802760064601898,0.015458036214113227,-0.0036448867266645835,0.06973234339281864,0.0020280275434921293
5.089999999999936,2.0813079476356506,-0.9440281987190247,4.2142205238342285,-1.0828774048523273,0.36029421327906164,-0.20650107681040242,-0.19438860232886548,0.04207712092803549,-0.0026269068792683405,-0.0037301951088011265,0.06802760064601898,0.015458036214113227,-0.0036448867266645835,0.06973234339281864,0.0020280275434921293
5.099999999999936,2.0813079476356506,-0.9440281987190247,4.2142205238342285,-1.0828774048523273,0.36029421327906164,-0.20650107681040242,-0.19438860232886548,0.04207712092803549,-0.0026269068792683405,-0.0037301951088011265,0.06802760064601898,0.015458036214113227,-0.0036448867266645835,0.06973234339281864,0.0020280275434921293
5.1099999999999355,2.051446795463562,-0.9350197911262512,4.2082839012146,-1.0617276428112505,0.40111471650745734,-0.2036421704691879,-0.19406766033241563,0.044970622966217434,-0.0026317002623570222,0.013504743576049805,0.07132834196090698,0.013778907246887675,0.013494143617861474,0.07264664595288119,-0.00023578796886879782
5.119999999999935,2.051446795463562,-0.9350197911262512,4.2082839012146,-1.0617276428112505,0.40111471650745734,-0.2036421704691879,-0.19406766033241563,0.044970622966217434,-0.0026317002623570222,0.013504743576049805,0.07132834196090698,0.013778907246887675,0.013494143617861474,0.07264664595288119,-0.00023578796886879782
5.129999999999935,2.051446795463562,-0.9350197911262512,4.2082839012146,-1.0617276428112505,0.40111471650745734,-0.2036421704691879,-0.19406766033241563,0.044970622966217434,-0.0026317002623570222,0.013504743576049805,0.07132834196090698,0.013778907246887675,0.013494143617861474,0.07264664595288119,-0.00023578796886879782
5.139999999999935,2.0096832513809204,-0.9200847744941711,4.19956111907959,-1.0321010143975051,0.45920221569386865,-0.19916323883944123,-0.19339677347248788,0.04756430216153981,-0.002587966975715857,0.02498677372932434,0.07149743288755417,0.016971152275800695,0.025125453218802645,0.07342625477522713,0.0029167208921949232
5.149999999999935,2.0096832513809204,-0.9200847744941711,4.19956111907959,-1.0321010143975051,0.45920221569386865,-0.19916323883944123,-0.19339677347248788,0.04756430216153981,-0.002587966975715857,0.02498677372932434,0.07149743288755417,0.016971152275800695,0.025125453218802645,0.07342625477522713,0.0029167208921949232
5.159999999999934,2.0096832513809204,-0.9200847744941711,4.19956111907959,-1.0321010143975051,0.45920221569386865,-0.19916323883944123,-0.19339677347248788,0.04756430216153981,-0.002587966975715857,0.02498677372932434,0.07149743288755417,0.016971152275800695,0.025125453218802645,0.07342625477522713,0.0029167208921949232
5.169999999999934,2.0096832513809204,-0.9200847744941711,4.19956111907959,-1.0321010143975051,0.45920221569386865,-0.19916323883944123,-0.19339677347248788,0.04756430216153981,-0.002587966975715857,0.02498677372932434,0.07149743288755417,0.016971152275800695,0.025125453218802645,0.07342625477522713,0.0029167208921949232
5.179999999999934,1.9770586490631104,-0.9064186811447144,4.19239616394043,-1.0077280105076687,0.5046565966431851,-0.19415379998320953,-0.192727187109954,0.0492289852803079,-0.002534018327195538,0.028038378804922104,0.06763219833374023,0.01448902115225791,0.02810078973620128,0.06915519753330991,0.001268280197031491
5.189999999999934,1.9770586490631104,-0.9064186811447144,4.19239616394043,-1.0077280105076687,0.5046565966431851,-0.19415379998320953,-0.192727187109954,0.0492289852803079,-0.002534018327195538,0.028038378804922104,0.06763219833374023,0.01448902115225791,0.02810078973620128,0.06915519753330991,0.001268280197031491
5.199999999999934,1.9770586490631104,-0.9064186811447144,4.19239616394043,-1.0077280105076687,0.5046565966431851,-0.19415379998320953,-0.192727187109954,0.0492289852803079,-0.002534018327195538,0.028038378804922104,0.06763219833374023,0.01448902115225791,0.02810078973620128,0.06915519753330991,0.001268280197031491
5.209999999999933,1.9487658739089966,-0.893728494644165,4.186866283416748,-0.9857771394764496,0.5436600493466611,-0.1908188238356323,-0.19157725927601332,0.051829598516855376,-0.0025505292052881764,0.03469841927289963,0.07160434871912003,0.013757897540926925,0.03469178905296444,0.0729139641298642,-0.0001279807199670998
5.219999999999933,1.9487658739089966,-0.893728494644165,4.186866283416748,-0.9857771394764496,0.5436600493466611,-0.1908188238356323,-0.19157725927601332,0.051829598516855376,-0.0025505292052881764,0.03469841927289963,0.07160434871912003,0.013757897540926925,0.03469178905296444,0.0729139641298642,-0.0001279807199670998
5.229999999999933,1.9487658739089966,-0.893728494644165,4.186866283416748,-0.9857771394764496,0.5436600493466611,-0.1908188238356323,-0.19157725927601332,0.051829598516855376,-0.0025505292052881764,0.03469841927289963,0.07160434871912003,0.013757897540926925,0.03469178905296444,0.0729139641298642,-0.0001279807199670998
5.239999999999933,1.9094346761703491,-0.8735700845718384,4.178742408752441,-0.9531480408137711,0.597152463306972,-0.18711435280117394,-0.18963757828645345,0.05506413398584692,-0.002608012002429703,0.048800110816955566,0.07314369827508926,0.014296730980277053,0.04881403534355653,0.07452739963160579,0.00025300617201226246
5.2499999999999325,1.9094346761703491,-0.8735700845718384,4.178742408752441,-0.9531480408137711,0.597152463306972,-0.18711435280117394,-0.18963757828645345,0.05506413398584692,-0.002608012002429703,0.048800110816955566,0.07314369827508926,0.014296730980277053,0.04881403534355653,0.07452739963160579,0.00025300617201226246
5.259999999999932,1.9094346761703491,-0.8735700845718384,4.178742408752441,-0.9531480408137711,0.597152463306972,-0.18711435280117394,-0.18963757828645345,0.05506413398584692,-0.002608012002429703,0.048800110816955566,0.07314369827508926,0.014296730980277053,0.04881403534355653,0.07452739963160579,0.00025300617201226246
5.269999999999932,1.9094346761703491,-0.8735700845718384,4.178742408752441,-0.9531480408137711,0.597152463306972,-0.18711435280117394,-0.18963757828645345,0.05506413398584692,-0.002608012002429703,0.048800110816955566,0.07314369827508926,0.014296730980277053,0.04881403534355653,0.07452739963160579,0.00025300617201226246
5.279999999999932,1.8789055347442627,-0.855789065361023,4.171977996826172,-0.9271542286035513,0.6393562982835432,-0.18268122455983402,-0.1885792664250877,0.0565635464028467,-0.002591588305916344,0.05206402391195297,0.0745217353105545,0.013863584026694289,0.05204407507698939,0.07579949787271431,-0.000352868193461773
5.289999999999932,1.8789055347442627,-0.855789065361023,4.171977996826172,-0.9271542286035513,0.6393562982835432,-0.18268122455983402,-0.1885792664250877,0.0565635464028467,-0.002591588305916344,0.05206402391195297,0.0745217353105545,0.013863584026694289,0.05204407507698939,0.07579949787271431,-0.000352868193461773
5.299999999999931,1.8789055347442627,-0.855789065361023,4.171977996826172,-0.9271542286035513,0.6393562982835432,-0.18268122455983402,-0.1885792664250877,0.0565635464028467,-0.002591588305916344,0.05206402391195297,0.0745217353105545,0.013863584026694289,0.05204407507698939,0.07579949787271431,-0.000352868193461773
5.309999999999931,1.8528770208358765,-0.8391550183296204,4.166097640991211,-0.9034948485118854,0.6759605869633076,-0.18098986841749218,-0.18658024565547293,0.05925609835077709,-0.0025167994021926417,0.05529310554265976,0.06800983846187592,0.015389214269816867,0.055441794808475095,0.06968417586081328,0.0025107342650723015
5.319999999999931,1.8528770208358765,-0.8391550183296204,4.166097640991211,-0.9034948485118854,0.6759605869633076,-0.18098986841749218,-0.18658024565547293,0.05925609835077709,-0.0025167994021926417,0.05529310554265976,0.06800983846187592,0.015389214269816867,0.055441794808475095,0.06968417586081328,0.0025107342650723015
5.329999999999931,1.8528770208358765,-0.8391550183296204,4.166097640991211,-0.9034948485118854,0.6759605869633076,-0.18098986841749218,-0.18658024565547293,0.05925609835077709,-0.0025167994021926417,0.05529310554265976,0.06800983846187592,0.015389214269816867,0.055441794808475095,0.06968417586081328,0.0025107342650723015
5.339999999999931,1.8168084621429443,-0.8135046362876892,4.1573381423950195,-0.8700032080665538,0.7268858476287136,-0.17873398764629927,-0.18399844425411455,0.06241726181990937,-0.002437958709647839,0.05817104130983353,0.07022510468959808,0.012782344594597808,0.058153420159059555,0.07137838726658174,-0.00028249553428355583
5.34999999999993,1.8168084621429443,-0.8135046362876892,4.1573381423950195,-0.8700032080665538,0.7268858476287136,-0.17873398764629927,-0.18399844425411455,0.06241726181990937,-0.002437958709647839,0.05817104130983353,0.07022510468959808,0.012782344594597808,0.058153420159059555,0.07137838726658174,-0.00028249553428355583
5.35999999999993,1.8168084621429443,-0.8135046362876892,4.1573381423950195,-0.8700032080665538,0.7268858476287136,-0.17873398764629927,-0.18399844425411455,0.06241726181990937,-0.002437958709647839,0.05817104130983353,0.07022510468959808,0.012782344594597808,0.058153420159059555,0.07137838726658174,-0.00028249553428355583
5.36999999999993,1.8168084621429443,-0.8135046362876892,4.1573381423950195,-0.8700032080665538,0.7268858476287136,-0.17873398764629927,-0.18399844425411455,0.06241726181990937,-0.002437958709647839,0.05817104130983353,0.07022510468959808,0.012782344594597808,0.058153420159059555,0.07137838726658174,-0.00028249553428355583
5.37999999999993,1.7889057397842407,-0.7914531230926514,4.150112152099609,-0.8428239443158948,0.766711393636262,-0.1758711829270768,-0.18294807725574916,0.06352901697415096,-0.0024045996866690093,0.0678163394331932,0.06866564601659775,0.015342175960540763,0.06798134630128373,0.07031091836668864,0.002599094415419082
5.3899999999999295,1.7889057397842407,-0.7914531230926514,4.150112152099609,-0.8428239443158948,0.766711393636262,-0.1758711829270768,-0.18294807725574916,0.06352901697415096,-0.0024045996866690093,0.0678163394331932,0.06866564601659775,0.015342175960540763,0.06798134630128373,0.07031091836668864,0.002599094415419082
5.399999999999929,1.7889057397842407,-0.7914531230926514,4.150112152099609,-0.8428239443158948,0.766711393636262,-0.1758711829270768,-0.18294807725574916,0.06352901697415096,-0.0024045996866690093,0.0678163394331932,0.06866564601659775,0.015342175960540763,0.06798134630128373,0.07031091836668864,0.002599094415419082
5.409999999999929,1.7652101516723633,-0.7711537480354309,4.143710613250732,-0.8178314968302771,0.7995609679161901,-0.17582270480334516,-0.17995681761471535,0.06640650866890921,-0.0024205939788611492,0.07961691915988922,0.07167445123195648,0.011378945782780639,0.07950827712198678,0.07255369519893144,-0.0016372179459440367
5.419999999999929,1.7652101516723633,-0.7711537480354309,4.143710613250732,-0.8178314968302771,0.7995609679161901,-0.17582270480334516,-0.17995681761471535,0.06640650866890921,-0.0024205939788611492,0.07961691915988922,0.07167445123195648,0.011378945782780639,0.07950827712198678,0.07255369519893144,-0.0016372179459440367
5.429999999999929,1.7652101516723633,-0.7711537480354309,4.143710613250732,-0.8178314968302771,0.7995609679161901,-0.17582270480334516,-0.17995681761471535,0.06640650866890921,-0.0024205939788611492,0.07961691915988922,0.07167445123195648,0.011378945782780639,0.07950827712198678,0.07255369519893144,-0.0016372179459440367
5.4399999999999284,1.7325226068496704,-0.740460216999054,4.134350776672363,-0.7828489083037843,0.8454812190723425,-0.1742112485306583,-0.17995681761471535,0.06640650866890921,-0.0024205939788611492,0.08990106731653214,0.07163213938474655,0.013563450425863257,0.08993586182657193,0.07290306475382366,0.0005243476407231452
5.449999999999928,1.7325226068496704,-0.740460216999054,4.134350776672363,-0.7828489083037843,0.8454812190723425,-0.1742112485306583,-0.17635857289779852,0.06938209190203223,-0.0023530503968167264,0.08990106731653214,0.07163213938474655,0.013563450425863257,0.08995565533709035,0.07290071023451908,0.000787405515145904
5.459999999999928,1.7325226068496704,-0.740460216999054,4.134350776672363,-0.7828489083037843,0.8454812190723425,-0.1742112485306583,-0.17635857289779852,0.06938209190203223,-0.0023530503968167264,0.08990106731653214,0.07163213938474655,0.013563450425863257,0.08995565533709035,0.07290071023451908,0.000787405515145904
5.469999999999928,1.7325226068496704,-0.740460216999054,4.134350776672363,-0.7828489083037843,0.8454812190723425,-0.1742112485306583,-0.17635857289779852,0.06938209190203223,-0.0023530503968167264,0.08990106731653214,0.07163213938474655,0.013563450425863257,0.08995565533709035,0.07290071023451908,0.000787405515145904
5.479999999999928,1.7073612213134766,-0.7145076990127563,4.126645565032959,-0.7544485104580868,0.8814247649414306,-0.17133264957656283,-0.1741177092824424,0.07105722539437127,-0.0023750985461848855,0.09426852315664291,0.06858734786510468,0.010872162878513328,0.09418494365320251,0.0694337767589404,-0.001177218479648004
5.489999999999927,1.7073612213134766,-0.7145076990127563,4.126645565032959,-0.7544485104580868,0.8814247649414306,-0.17133264957656283,-0.1741177092824424,0.07105722539437127,-0.0023750985461848855,0.09426852315664291,0.06858734786510468,0.010872162878513328,0.09418494365320251,0.0694337767589404,-0.001177218479648004
5.499999999999927,1.7073612213134766,-0.7145076990127563,4.126645565032959,-0.7544485104580868,0.8814247649414306,-0.17133264957656283,-0.1741177092824424,0.07105722539437127,-0.0023750985461848855,0.09426852315664291,0.06858734786510468,0.010872162878513328,0.09418494365320251,0.0694337767589404,-0.001177218479648004
5.509999999999927,1.686100959777832,-0.6908796429634094,4.119914531707764,-0.7279896215406352,0.911061634430083,-0.17211076638170023,-0.1700444337613286,0.07386211787883061,-0.002385109605090052,0.10514146089553833,0.07002915441989899,0.014307002536952487,0.10530794559351507,0.07144026017483203,0.0022560438083939786
5.519999999999927,1.686100959777832,-0.6908796429634094,4.119914531707764,-0.7279896215406352,0.911061634430083,-0.17211076638170023,-0.1700444337613286,0.07386211787883061,-0.002385109605090052,0.10514146089553833,0.07002915441989899,0.014307002536952487,0.10530794559351507,0.07144026017483203,0.0022560438083939786
5.5299999999999265,1.686100959777832,-0.6908796429634094,4.119914531707764,-0.7279896215406352,0.911061634430083,-0.17211076638170023,-0.1700444337613286,0.07386211787883061,-0.002385109605090052,0.10514146089553833,0.07002915441989899,0.014307002536952487,0.10530794559351507,0.07144026017483203,0.0022560438083939786
5.539999999999926,1.686100959777832,-0.6908796429634094,4.119914531707764,-0.7279896215406352,0.911061634430083,-0.17211076638170023,-0.1700444337613286,0.07386211787883061,-0.002385109605090052,0.10514146089553833,0.07002915441989899,0.014307002536952487,0.10530794559351507,0.07144026017483203,0.0022560438083939786
5.549999999999926,1.6569634675979614,-0.655607283115387,4.110032558441162,-0.6908556331378335,0.9520403517333194,-0.17130963792927778,-0.1656389325697276,0.07668820100446402,-0.00236351410403031,0.1152510941028595,0.07063771039247513,0.012512435205280772,0.11530443982109832,0.07173398898331373,0.0006963006283335281
5.559999999999926,1.6569634675979614,-0.655607283115387,4.110032558441162,-0.6908556331378335,0.9520403517333194,-0.17130963792927778,-0.1656389325697276,0.07668820100446402,-0.00236351410403031,0.1152510941028595,0.07063771039247513,0.012512435205280772,0.11530443982109832,0.07173398898331373,0.0006963006283335281
5.569999999999926,1.6569634675979614,-0.655607283115387,4.110032558441162,-0.6908556331378335,0.9520403517333194,-0.17130963792927778,-0.1656389325697276,0.07668820100446402,-0.00236351410403031,0.1152510941028595,0.07063771039247513,0.012512435205280772,0.11530443982109832,0.07173398898331373,0.0006963006283335281
5.5799999999999255,1.6346951723098755,-0.6261643767356873,4.1019392013549805,-0.6615333850148319,0.9832517794189042,-0.16961783508363557,-0.16317342271283483,0.07806114345784662,-0.002353765675282718,0.12354451417922974,0.06613927334547043,0.010797446593642226,0.12353744911743797,0.06701477578408223,-9.059875107285386e-05
5.589999999999925,1.6346951723098755,-0.6261643767356873,4.1019392013549805,-0.6615333850148319,0.9832517794189042,-0.16961783508363557,-0.16317342271283483,0.07806114345784662,-0.002353765675282718,0.12354451417922974,0.06613927334547043,0.010797446593642226,0.12353744911743797,0.06701477578408223,-9.059875107285386e-05
5.599999999999925,1.6346951723098755,-0.6261643767356873,4.1019392013549805,-0.6615333850148319,0.9832517794189042,-0.16961783508363557,-0.16317342271283483,0.07806114345784662,-0.002353765675282718,0.12354451417922974,0.06613927334547043,0.010797446593642226,0.12353744911743797,0.06701477578408223,-9.059875107285386e-05
5.609999999999925,1.6161082983016968,-0.599825382232666,4.0938920974731445,-0.6346843061954561,1.0092290683741079,-0.17266667914073036,-0.15793694710286368,0.08053766952459511,-0.0021692924001577543,0.13140293955802917,0.05862410366535187,0.014236556366086,0.1317934979857299,0.06013360230323121,0.004854634656999249
5.619999999999925,1.6161082983016968,-0.599825382232666,4.0938920974731445,-0.6346843061954561,1.0092290683741079,-0.17266667914073036,-0.15793694710286368,0.08053766952459511,-0.0021692924001577543,0.13140293955802917,0.05862410366535187,0.014236556366086,0.1317934979857299,0.06013360230323121,0.004854634656999249
5.629999999999924,1.6161082983016968,-0.599825382232666,4.0938920974731445,-0.6346843061954561,1.0092290683741079,-0.17266667914073036,-0.15793694710286368,0.08053766952459511,-0.0021692924001577543,0.13140293955802917,0.05862410366535187,0.014236556366086,0.1317934979857299,0.06013360230323121,0.004854634656999249
5.639999999999924,1.5907906293869019,-0.5608484745025635,4.082429885864258,-0.5963790735383674,1.0432798464851414,-0.1738281964496023,-0.1524045423145329,0.08302107029820201,-0.0020928440575014194,0.14203312993049622,0.06502620875835419,0.011298157274723044,0.14214090901376186,0.06598771524755753,0.0012997061312042186
5.649999999999924,1.5907906293869019,-0.5608484745025635,4.082429885864258,-0.5963790735383674,1.0432798464851414,-0.1738281964496023,-0.1524045423145329,0.08302107029820201,-0.0020928440575014194,0.14203312993049622,0.06502620875835419,0.011298157274723044,0.14214090901376186,0.06598771524755753,0.0012997061312042186
5.659999999999924,1.5907906293869019,-0.5608484745025635,4.082429885864258,-0.5963790735383674,1.0432798464851414,-0.1738281964496023,-0.1524045423145329,0.08302107029820201,-0.0020928440575014194,0.14203312993049622,0.06502620875835419,0.011298157274723044,0.14214090901376186,0.06598771524755753,0.0012997061312042186
5.6699999999999235,1.5907906293869019,-0.5608484745025635,4.082429885864258,-0.5963790735383674,1.0432798464851414,-0.1738281964496023,-0.1524045423145329,0.08302107029820201,-0.0020928440575014194,0.14203312993049622,0.06502620875835419,0.011298157274723044,0.14214090901376186,0.06598771524755753,0.0012997061312042186
5.679999999999923,1.5716150999069214,-0.5285959839820862,4.0732927322387695,-0.5650447551083524,1.069894442941204,-0.17143568927631125,-0.149474970619748,0.08431902302748095,-0.0020744432170243816,0.14714452624320984,0.06358299404382706,0.01064088195562362,0.14723356874211024,0.06445863484419981,0.0010572714691992828
5.689999999999923,1.5716150999069214,-0.5285959839820862,4.0732927322387695,-0.5650447551083524,1.069894442941204,-0.17143568927631125,-0.149474970619748,0.08431902302748095,-0.0020744432170243816,0.14714452624320984,0.06358299404382706,0.01064088195562362,0.14723356874211024,0.06445863484419981,0.0010572714691992828
5.699999999999923,1.5716150999069214,-0.5285959839820862,4.0732927322387695,-0.5650447551083524,1.069894442941204,-0.17143568927631125,-0.149474970619748,0.08431902302748095,-0.0020744432170243816,0.14714452624320984,0.06358299404382706,0.01064088195562362,0.14723356874211024,0.06445863484419981,0.0010572714691992828
5.709999999999923,1.5556666851043701,-0.499695748090744,4.065293788909912,-0.537208230331203,1.0905203774994168,-0.17288601942748277,-0.14411394892264442,0.08654362278471882,-0.001966445855673816,0.14713452756404877,0.05904221534729004,0.011465420015156262,0.14738328505558468,0.06007677029282143,0.0028779507836097415
5.7199999999999225,1.5556666851043701,-0.499695748090744,4.065293788909912,-0.537208230331203,1.0905203774994168,-0.17288601942748277,-0.14411394892264442,0.08654362278471882,-0.001966445855673816,0.14713452756404877,0.05904221534729004,0.011465420015156262,0.14738328505558468,0.06007677029282143,0.0028779507836097415
5.729999999999922,1.5556666851043701,-0.499695748090744,4.065293788909912,-0.537208230331203,1.0905203774994168,-0.17288601942748277,-0.14411394892264442,0.08654362278471882,-0.001966445855673816,0.14713452756404877,0.05904221534729004,0.011465420015156262,0.14738328505558468,0.06007677029282143,0.0028779507836097415
5.739999999999922,1.5556666851043701,-0.499695748090744,4.065293788909912,-0.537208230331203,1.0905203774994168,-0.17288601942748277,-0.14411394892264442,0.08654362278471882,-0.001966445855673816,0.14713452756404877,0.05904221534729004,0.011465420015156262,0.14738328505558468,0.06007677029282143,0.0028779507836097415
5.749999999999922,1.5341967344284058,-0.4572954773902893,4.053928852081299,-0.49715959146081873,1.1183390744040314,-0.17347156173982525,-0.13738433494823515,0.0889832566233866,-0.0017876814064543656,0.1546154022216797,0.053837161511182785,0.010757581330835812,0.15490831502837094,0.05480316496511653,0.003296122477893515
5.759999999999922,1.5341967344284058,-0.4572954773902893,4.053928852081299,-0.49715959146081873,1.1183390744040314,-0.17347156173982525,-0.13738433494823515,0.0889832566233866,-0.0017876814064543656,0.1546154022216797,0.053837161511182785,0.010757581330835812,0.15490831502837094,0.05480316496511653,0.003296122477893515
5.769999999999921,1.5341967344284058,-0.4572954773902893,4.053928852081299,-0.49715959146081873,1.1183390744040314,-0.17347156173982525,-0.13738433494823515,0.0889832566233866,-0.0017876814064543656,0.1546154022216797,0.053837161511182785,0.010757581330835812,0.15490831502837094,0.05480316496511653,0.003296122477893515
5.779999999999921,1.5181376934051514,-0.42250940203666687,4.044868469238281,-0.46522439057716897,1.138836505841688,-0.17109577319572827,-0.13417194129904056,0.08999547029252943,-0.0016964525102812088,0.16091689467430115,0.049593426287174225,0.011669011786580079,0.16136177730110415,0.050708663078641726,0.0049500683131807055
5.789999999999921,1.5181376934051514,-0.42250940203666687,4.044868469238281,-0.46522439057716897,1.138836505841688,-0.17109577319572827,-0.13417194129904056,0.08999547029252943,-0.0016964525102812088,0.16091689467430115,0.049593426287174225,0.011669011786580079,0.16136177730110415,0.050708663078641726,0.0049500683131807055
5.799999999999921,1.5181376934051514,-0.42250940203666687,4.044868469238281,-0.46522439057716897,1.138836505841688,-0.17109577319572827,-0.13417194129904056,0.08999547029252943,-0.0016964525102812088,0.16091689467430115,0.049593426287174225,0.011669011786580079,0.16136177730110415,0.050708663078641726,0.0049500683131807055
5.809999999999921,1.504927158355713,-0.3915426433086395,4.037261486053467,-0.43732279339210955,1.1543627909375882,-0.17534724104949898,-0.1273588252354895,0.09191103045532857,-0.0015243889120779151,0.17274461686611176,0.04486105591058731,0.011204421520233149,0.1732437818277849,0.045920845618403545,0.005438612172752657
5.81999999999992,1.504927158355713,-0.3915426433086395,4.037261486053467,-0.43732279339210955,1.1543627909375882,-0.17534724104949898,-0.1273588252354895,0.09191103045532857,-0.0015243889120779151,0.17274461686611176,0.04486105591058731,0.011204421520233149,0.1732437818277849,0.045920845618403545,0.005438612172752657
5.82999999999992,1.504927158355713,-0.3915426433086395,4.037261486053467,-0.43732279339210955,1.1543627909375882,-0.17534724104949898,-0.1273588252354895,0.09191103045532857,-0.0015243889120779151,0.17274461686611176,0.04486105591058731,0.011204421520233149,0.1732437818277849,0.045920845618403545,0.005438612172752657
5.83999999999992,1.504927158355713,-0.3915426433086395,4.037261486053467,-0.43732279339210955,1.1543627909375882,-0.17534724104949898,-0.1273588252354895,0.09191103045532857,-0.0015243889120779151,0.17274461686611176,0.04486105591058731,0.011204421520233149,0.1732437818277849,0.045920845618403545,0.005438612172752657
5.84999999999992,1.4873881340026855,-0.34645766019821167,4.026291370391846,-0.3965283523614005,1.1749916548248442,-0.17876705803360374,-0.12035817128027033,0.09365909471420181,-0.0013744776127560083,0.17595355212688446,0.04202371835708618,0.008080910891294474,0.17623317047542278,0.04268996310203603,0.0029898598890892338
5.8599999999999195,1.4873881340026855,-0.34645766019821167,4.026291370391846,-0.3965283523614005,1.1749916548248442,-0.17876705803360374,-0.12035817128027033,0.09365909471420181,-0.0013744776127560083,0.17595355212688446,0.04202371835708618,0.008080910891294474,0.17623317047542278,0.04268996310203603,0.0029898598890892338
5.869999999999919,1.4873881340026855,-0.34645766019821167,4.026291370391846,-0.3965283523614005,1.1749916548248442,-0.17876705803360374,-0.12035817128027033,0.09365909471420181,-0.0013744776127560083,0.17595355212688446,0.04202371835708618,0.008080910891294474,0.17623317047542278,0.04268996310203603,0.0029898598890892338
5.879999999999919,1.4744999408721924,-0.30975186824798584,4.0171990394592285,-0.3642774405599511,1.1892425908078972,-0.17938911079520398,-0.11685161703092467,0.09439412462767575,-0.0012121989445334708,0.17485888302326202,0.0348644033074379,0.0142058040946722,0.17580982558682723,0.03628284563802433,0.010089147244757133
5.889999999999919,1.4744999408721924,-0.30975186824798584,4.0171990394592285,-0.3642774405599511,1.1892425908078972,-0.17938911079520398,-0.11685161703092467,0.09439412462767575,-0.0012121989445334708,0.17485888302326202,0.0348644033074379,0.0142058040946722,0.17580982558682723,0.03628284563802433,0.010089147244757133
5.899999999999919,1.4744999408721924,-0.30975186824798584,4.0171990394592285,-0.3642774405599511,1.1892425908078972,-0.17938911079520398,-0.11685161703092467,0.09439412462767575,-0.0012121989445334708,0.17485888302326202,0.0348644033074379,0.0142058040946722,0.17580982558682723,0.03628284563802433,0.010089147244757133
5.909999999999918,1.4640692472457886,-0.277254581451416,4.009206771850586,-0.3359245936510372,1.2001888658101914,-0.18479197771616906,-0.10979536352514459,0.0960885538754234,-0.0010374451741624927,0.1766258329153061,0.04094928503036499,0.00987426564097404,0.17713935439764183,0.0417846822808121,0.005352485165883414
5.919999999999918,1.4640692472457886,-0.277254581451416,4.009206771850586,-0.3359245936510372,1.2001888658101914,-0.18479197771616906,-0.10979536352514459,0.0960885538754234,-0.0010374451741624927,0.1766258329153061,0.04094928503036499,0.00987426564097404,0.17713935439764183,0.0417846822808121,0.005352485165883414
5.929999999999918,1.4640692472457886,-0.277254581451416,4.009206771850586,-0.3359245936510372,1.2001888658101914,-0.18479197771616906,-0.10979536352514459,0.0960885538754234,-0.0010374451741624927,0.1766258329153061,0.04094928503036499,0.00987426564097404,0.17713935439764183,0.0417846822808121,0.005352485165883414
5.939999999999918,1.4505186080932617,-0.2302291840314865,3.997706890106201,-0.2957235172234621,1.2133489819446017,-0.1880814599995746,-0.10255472251649352,0.09781915545039747,-0.0009891687096771186,0.1816217005252838,0.04179840907454491,0.005644718650728459,0.18175280009214073,0.042156673218804626,0.0013423635976252415
5.949999999999918,1.4505186080932617,-0.2302291840314865,3.997706890106201,-0.2957235172234621,1.2133489819446017,-0.1880814599995746,-0.10255472251649352,0.09781915545039747,-0.0009891687096771186,0.1816217005252838,0.04179840907454491,0.005644718650728459,0.18175280009214073,0.042156673218804626,0.0013423635976252415
5.959999999999917,1.4505186080932617,-0.2302291840314865,3.997706890106201,-0.2957235172234621,1.2133489819446017,-0.1880814599995746,-0.10255472251649352,0.09781915545039747,-0.0009891687096771186,0.1816217005252838,0.04179840907454491,0.005644718650728459,0.18175280009214073,0.042156673218804626,0.0013423635976252415
5.969999999999917,1.4505186080932617,-0.2302291840314865,3.997706890106201,-0.2957235172234621,1.2133489819446017,-0.1880814599995746,-0.10255472251649352,0.09781915545039747,-0.0009891687096771186,0.1816217005252838,0.04179840907454491,0.005644718650728459,0.18175280009214073,0.042156673218804626,0.0013423635976252415
5.979999999999917,1.4408153295516968,-0.19219399988651276,3.9885239601135254,-0.2634006169929633,1.221693901224551,-0.1886057046401346,-0.09888627330537954,0.09866273106878058,-0.000983184316080996,0.18317514657974243,0.04127626121044159,0.004021472297608847,0.18316790287396184,0.041471636374394195,-7.353811486308448e-05
5.989999999999917,1.4408153295516968,-0.19219399988651276,3.9885239601135254,-0.2634006169929633,1.221693901224551,-0.1886057046401346,-0.09888627330537954,0.09866273106878058,-0.000983184316080996,0.18317514657974243,0.04127626121044159,0.004021472297608847,0.18316790287396184,0.041471636374394195,-7.353811486308448e-05
5.9999999999999165,1.4408153295516968,-0.19219399988651276,3.9885239601135254,-0.2634006169929633,1.221693901224551,-0.1886057046401346,-0.09888627330537954,0.09866273106878058,-0.000983184316080996,0.18317514657974243,0.04127626121044159,0.004021472297608847,0.18316790287396184,0.041471636374394195,-7.353811486308448e-05
6.009999999999916,1.4323302507400513,-0.15905983746051788,3.9804368019104004,-0.2346602760405325,1.2269737420411175,-0.19399889491406985,-0.09139031271457498,0.1004336662044791,-0.0008911591358715647,0.1893669217824936,0.04609140008687973,0.006692555733025068,0.18961463929349995,0.04650983567368951,0.0024706302394572
6.019999999999916,1.4323302507400513,-0.15905983746051788,3.9804368019104004,-0.2346602760405325,1.2269737420411175,-0.19399889491406985,-0.09139031271457498,0.1004336662044791,-0.0008911591358715647,0.1893669217824936,0.04609140008687973,0.006692555733025068,0.18961463929349995,0.04650983567368951,0.0024706302394572
6.029999999999916,1.4323302507400513,-0.15905983746051788,3.9804368019104004,-0.2346602760405325,1.2269737420411175,-0.19399889491406985,-0.09139031271457498,0.1004336662044791,-0.0008911591358715647,0.1893669217824936,0.04609140008687973,0.006692555733025068,0.18961463929349995,0.04650983567368951,0.0024706302394572
6.039999999999916,1.4217551946640015,-0.111341193318367,3.9689297676086426,-0.19444087091816445,1.2313076303877029,-0.19854118779939076,-0.08360497357315534,0.10220511772841184,-0.000810412100631144,0.1929853856563568,0.04278099164366722,0.006052720826119179,0.19323759102520538,0.04313701185970698,0.002471940690638838
6.0499999999999154,1.4217551946640015,-0.111341193318367,3.9689297676086426,-0.19444087091816445,1.2313076303877029,-0.19854118779939076,-0.08360497357315534,0.10220511772841184,-0.000810412100631144,0.1929853856563568,0.04278099164366722,0.006052720826119179,0.19323759102520538,0.04313701185970698,0.002471940690638838
6.059999999999915,1.4217551946640015,-0.111341193318367,3.9689297676086426,-0.19444087091816445,1.2313076303877029,-0.19854118779939076,-0.08360497357315534,0.10220511772841184,-0.000810412100631144,0.1929853856563568,0.04278099164366722,0.006052720826119179,0.19323759102520538,0.04313701185970698,0.002471940690638838
6.069999999999915,1.4217551946640015,-0.111341193318367,3.9689297676086426,-0.19444087091816445,1.2313076303877029,-0.19854118779939076,-0.08360497357315534,0.10220511772841184,-0.000810412100631144,0.1929853856563568,0.04278099164366722,0.006052720826119179,0.19323759102520538,0.04313701185970698,0.002471940690638838
6.079999999999915,1.4145655632019043,-0.07292447239160538,3.959897756576538,-0.16242784645317065,1.2338298810621173,-0.19895344627795122,-0.07972065687816933,0.1030599175945705,-0.0007459736042086299,0.19394303858280182,0.04162111133337021,0.00694433599710464,0.1943161731316254,0.042041943126594435,0.0036269765090507504
6.089999999999915,1.4145655632019043,-0.07292447239160538,3.959897756576538,-0.16242784645317065,1.2338298810621173,-0.19895344627795122,-0.07972065687816933,0.1030599175945705,-0.0007459736042086299,0.19394303858280182,0.04162111133337021,0.00694433599710464,0.1943161731316254,0.042041943126594435,0.0036269765090507504
6.099999999999914,1.4145655632019043,-0.07292447239160538,3.959897756576538,-0.16242784645317065,1.2338298810621173,-0.19895344627795122,-0.07972065687816933,0.1030599175945705,-0.0007459736042086299,0.19394303858280182,0.04162111133337021,0.00694433599710464,0.1943161731316254,0.042041943126594435,0.0036269765090507504
6.109999999999914,1.4091098308563232,-0.03926321864128113,3.9520695209503174,-0.1332081679458877,1.2326872522017132,-0.20476948092695987,-0.07191332424865692,0.10480119082524937,-0.00056011040775686,0.19415000081062317,0.046369507908821106,0.008502990007400507,0.19469163809706214,0.0468606103774638,0.005177708834394718
6.119999999999914,1.4091098308563232,-0.03926321864128113,3.9520695209503174,-0.1332081679458877,1.2326872522017132,-0.20476948092695987,-0.07191332424865692,0.10480119082524937,-0.00056011040775686,0.19415000081062317,0.046369507908821106,0.008502990007400507,0.19469163809706214,0.0468606103774638,0.005177708834394718
6.129999999999914,1.4091098308563232,-0.03926321864128113,3.9520695209503174,-0.1332081679458877,1.2326872522017132,-0.20476948092695987,-0.07191332424865692,0.10480119082524937,-0.00056011040775686,0.19415000081062317,0.046369507908821106,0.008502990007400507,0.19469163809706214,0.0468606103774638,0.005177708834394718
6.1399999999999135,1.4091098308563232,-0.03926321864128113,3.9520695209503174,-0.1332081679458877,1.2326872522017132,-0.20476948092695987,-0.07191332424865692,0.10480119082524937,-0.00056011040775686,0.19415000081062317,0.046369507908821106,0.008502990007400507,0.19469163809706214,0.0468606103774638,0.005177708834394718
6.149999999999913,1.4028377532958984,0.008907096460461617,3.9409797191619873,-0.09223786299312009,1.229546746383253,-0.20862712853208923,-0.06403349641214799,0.10675791171430761,-0.0004548876313530377,0.19865994155406952,0.04984866455197334,0.0055743483826518,0.19891425786615993,0.05010320364745844,0.0023867087284038316
6.159999999999913,1.4028377532958984,0.008907096460461617,3.9409797191619873,-0.09223786299312009,1.229546746383253,-0.20862712853208923,-0.06403349641214799,0.10675791171430761,-0.0004548876313530377,0.19865994155406952,0.04984866455197334,0.0055743483826518,0.19891425786615993,0.05010320364745844,0.0023867087284038316
6.169999999999913,1.4028377532958984,0.008907096460461617,3.9409797191619873,-0.09223786299312009,1.229546746383253,-0.20862712853208923,-0.06403349641214799,0.10675791171430761,-0.0004548876313530377,0.19865994155406952,0.04984866455197334,0.0055743483826518,0.19891425786615993,0.05010320364745844,0.0023867087284038316
6.179999999999913,1.3990734815597534,0.047438155859708786,3.932210683822632,-0.059093813943775074,1.22559361138802,-0.20922018461686048,-0.06007234695613967,0.1077441414031931,-0.00040249858466068607,0.19729655981063843,0.04930594936013222,0.0057082436978816925,0.1975926889612994,0.049559712636886924,0.0027537727287107
6.1899999999999125,1.3990734815597534,0.047438155859708786,3.932210683822632,-0.059093813943775074,1.22559361138802,-0.20922018461686048,-0.06007234695613967,0.1077441414031931,-0.00040249858466068607,0.19729655981063843,0.04930594936013222,0.0057082436978816925,0.1975926889612994,0.049559712636886924,0.0027537727287107
6.199999999999912,1.3990734815597534,0.047438155859708786,3.932210683822632,-0.059093813943775074,1.22559361138802,-0.20922018461686048,-0.06007234695613967,0.1077441414031931,-0.00040249858466068607,0.19729655981063843,0.04930594936013222,0.0057082436978816925,0.1975926889612994,0.049559712636886924,0.0027537727287107
6.209999999999912,1.396639108657837,0.08105314522981644,3.9245645999908447,-0.029911246844592634,1.2201790191417008,-0.21492047960260877,-0.05218281901325097,0.10953041096729475,-0.0003724315661732488,0.19796258211135864,0.0439985990524292,0.000958400836680079,0.19781545992450134,0.04398869689008229,-0.0013458980609628451
6.219999999999912,1.396639108657837,0.08105314522981644,3.9245645999908447,-0.029911246844592634,1.2201790191417008,-0.21492047960260877,-0.05218281901325097,0.10953041096729475,-0.0003724315661732488,0.19796258211135864,0.0439985990524292,0.000958400836680079,0.19781545992450134,0.04398869689008229,-0.0013458980609628451
6.229999999999912,1.396639108657837,0.08105314522981644,3.9245645999908447,-0.029911246844592634,1.2201790191417008,-0.21492047960260877,-0.05218281901325097,0.10953041096729475,-0.0003724315661732488,0.19796258211135864,0.0439985990524292,0.000958400836680079,0.19781545992450134,0.04398869689008229,-0.0013458980609628451
6.239999999999911,1.3946670293807983,0.12891092896461487,3.913588523864746,0.011747979998342303,1.2097721325837274,-0.21863342984040543,-0.04426719677602715,0.11113758160527211,-0.0003606456587091259,0.19817006587982178,0.04053046926856041,-0.0008140482241287877,0.19787914978759835,0.040454740444093,-0.002623017616164154
6.249999999999911,1.3946670293807983,0.12891092896461487,3.913588523864746,0.011747979998342303,1.2097721325837274,-0.21863342984040543,-0.04426719677602715,0.11113758160527211,-0.0003606456587091259,0.19817006587982178,0.04053046926856041,-0.0008140482241287877,0.19787914978759835,0.040454740444093,-0.002623017616164154
6.259999999999911,1.3946670293807983,0.12891092896461487,3.913588523864746,0.011747979998342303,1.2097721325837274,-0.21863342984040543,-0.04426719677602715,0.11113758160527211,-0.0003606456587091259,0.19817006587982178,0.04053046926856041,-0.0008140482241287877,0.19787914978759835,0.040454740444093,-0.002623017616164154
6.269999999999911,1.3946670293807983,0.12891092896461487,3.913588523864746,0.011747979998342303,1.2097721325837274,-0.21863342984040543,-0.04426719677602715,0.11113758160527211,-0.0003606456587091259,0.19817006587982178,0.04053046926856041,-0.0008140482241287877,0.19787914978759835,0.040454740444093,-0.002623017616164154
6.2799999999999105,1.3943593502044678,0.16695621609687805,3.904860258102417,0.04531537459113324,1.1997158803827157,-0.2187240291047145,-0.04034434888711441,0.11190875616345541,-0.00036774056898174467,0.19622407853603363,0.037182725965976715,0.002186883473768826,0.19630110238050194,0.03724067398917209,0.0006897123266843289
6.28999999999991,1.3943593502044678,0.16695621609687805,3.904860258102417,0.04531537459113324,1.1997158803827157,-0.2187240291047145,-0.04034434888711441,0.11190875616345541,-0.00036774056898174467,0.19622407853603363,0.037182725965976715,0.002186883473768826,0.19630110238050194,0.03724067398917209,0.0006897123266843289
6.29999999999991,1.3943593502044678,0.16695621609687805,3.904860258102417,0.04531537459113324,1.1997158803827157,-0.2187240291047145,-0.04034434888711441,0.11190875616345541,-0.00036774056898174467,0.19622407853603363,0.037182725965976715,0.002186883473768826,0.19630110238050194,0.03724067398917209,0.0006897123266843289
6.30999999999991,1.3949724435806274,0.19998866319656372,3.8973629474639893,0.07499316503733217,1.188813069456352,-0.22392749059283457,-0.032396158937083884,0.11325520603495343,-0.00027948092676638784,0.19928699731826782,0.03297876566648483,0.004615549929440017,0.19969020447594682,0.03311096132502565,0.003567786734199832
6.31999999999991,1.3949724435806274,0.19998866319656372,3.8973629474639893,0.07499316503733217,1.188813069456352,-0.22392749059283457,-0.032396158937083884,0.11325520603495343,-0.00027948092676638784,0.19928699731826782,0.03297876566648483,0.004615549929440017,0.19969020447594682,0.03311096132502565,0.003567786734199832
6.3299999999999095,1.3949724435806274,0.19998866319656372,3.8973629474639893,0.07499316503733217,1.188813069456352,-0.22392749059283457,-0.032396158937083884,0.11325520603495343,-0.00027948092676638784,0.19928699731826782,0.03297876566648483,0.004615549929440017,0.19969020447594682,0.03311096132502565,0.003567786734199832
6.339999999999909,1.3949724435806274,0.19998866319656372,3.8973629474639893,0.07499316503733217,1.188813069456352,-0.22392749059283457,-0.032396158937083884,0.11325520603495343,-0.00027948092676638784,0.19928699731826782,0.03297876566648483,0.004615549929440017,0.19969020447594682,0.03311096132502565,0.003567786734199832
6.349999999999909,1.3973413705825806,0.24672624468803406,3.88669753074646,0.11687557559806853,1.170844134180365,-0.22688005903007435,-0.02433797778428338,0.11439203979655112,-0.00018354308941524424,0.20213231444358826,0.028903525322675705,0.0025383254978805746,0.20234305116601772,0.028956737040012143,0.0018462563130605255
6.359999999999909,1.3973413705825806,0.24672624468803406,3.88669753074646,0.11687557559806853,1.170844134180365,-0.22688005903007435,-0.02433797778428338,0.11439203979655112,-0.00018354308941524424,0.20213231444358826,0.028903525322675705,0.0025383254978805746,0.20234305116601772,0.028956737040012143,0.0018462563130605255
6.369999999999909,1.3973413705825806,0.24672624468803406,3.88669753074646,0.11687557559806853,1.170844134180365,-0.22688005903007435,-0.02433797778428338,0.11439203979655112,-0.00018354308941524424,0.20213231444358826,0.028903525322675705,0.0025383254978805746,0.20234305116601772,0.028956737040012143,0.0018462563130605255
6.379999999999908,1.4004844427108765,0.28365349769592285,3.87825870513916,0.15008002660016723,1.1550777067862983,-0.22542466680165138,-0.021113949208478373,0.1148428186103172,-0.00020947177875872328,0.2020493447780609,0.025630634278059006,0.0012301281094551056,0.20212879007011306,0.02565089236932445,0.0006932971030134286
6.389999999999908,1.4004844427108765,0.28365349769592285,3.87825870513916,0.15008002660016723,1.1550777067862983,-0.22542466680165138,-0.021113949208478373,0.1148428186103172,-0.00020947177875872328,0.2020493447780609,0.025630634278059006,0.0012301281094551056,0.20212879007011306,0.02565089236932445,0.0006932971030134286
6.399999999999908,1.4004844427108765,0.28365349769592285,3.87825870513916,0.15008002660016723,1.1550777067862983,-0.22542466680165138,-0.021113949208478373,0.1148428186103172,-0.00020947177875872328,0.2020493447780609,0.025630634278059006,0.0012301281094551056,0.20212879007011306,0.02565089236932445,0.0006932971030134286
6.409999999999908,1.4062917232513428,0.3295366168022156,3.8681185245513916,0.19195407282542531,1.1321784692953758,-0.22753243177436328,-0.013026995039848712,0.1157867405267775,-0.00011634996424027376,0.19862937927246094,0.021081870421767235,0.0012362543493509267,0.19874121118712654,0.021096185846735022,0.0009680053685946937
6.419999999999908,1.4062917232513428,0.3295366168022156,3.8681185245513916,0.19195407282542531,1.1321784692953758,-0.22753243177436328,-0.013026995039848712,0.1157867405267775,-0.00011634996424027376,0.19862937927246094,0.021081870421767235,0.0012362543493509267,0.19874121118712654,0.021096185846735022,0.0009680053685946937
6.429999999999907,1.4062917232513428,0.3295366168022156,3.8681185245513916,0.19195407282542531,1.1321784692953758,-0.22753243177436328,-0.013026995039848712,0.1157867405267775,-0.00011634996424027376,0.19862937927246094,0.021081870421767235,0.0012362543493509267,0.19874121118712654,0.021096185846735022,0.0009680053685946937
6.439999999999907,1.4062917232513428,0.3295366168022156,3.8681185245513916,0.19195407282542531,1.1321784692953758,-0.22753243177436328,-0.013026995039848712,0.1157867405267775,-0.00011634996424027376,0.19862937927246094,0.021081870421767235,0.0012362543493509267,0.19874121118712654,0.021096185846735022,0.0009680053685946937
6.449999999999907,1.4113667011260986,0.3611299395561218,3.861175775527954,0.221258990891906,1.1143409832541835,-0.23160462876922783,-0.00427585420377325,0.11667495082542476,-0.00011217754683315464,0.19975164532661438,0.01887321099638939,0.0015321397222578502,0.1999217631263984,0.018879589653971966,0.0014613623801753562
6.459999999999907,1.4113667011260986,0.3611299395561218,3.861175775527954,0.221258990891906,1.1143409832541835,-0.23160462876922783,-0.00427585420377325,0.11667495082542476,-0.00011217754683315464,0.19975164532661438,0.01887321099638939,0.0015321397222578502,0.1999217631263984,0.018879589653971966,0.0014613623801753562
6.4699999999999065,1.4113667011260986,0.3611299395561218,3.861175775527954,0.221258990891906,1.1143409832541835,-0.23160462876922783,-0.00427585420377325,0.11667495082542476,-0.00011217754683315464,0.19975164532661438,0.01887321099638939,0.0015321397222578502,0.1999217631263984,0.018879589653971966,0.0014613623801753562
6.479999999999906,1.4181597232818604,0.3966258764266968,3.8532190322875977,0.2540623478997702,1.0932368234179295,-0.22965550830785073,-0.00030106678503621177,0.11701014738487886,-5.959982468903576e-05,0.19838467240333557,0.01659225858747959,0.003430941607803104,0.19878738242274868,0.016593290778052307,0.003449533572047767
6.489999999999906,1.4181597232818604,0.3966258764266968,3.8532190322875977,0.2540623478997702,1.0932368234179295,-0.22965550830785073,-0.00030106678503621177,0.11701014738487886,-5.959982468903576e-05,0.19838467240333557,0.01659225858747959,0.003430941607803104,0.19878738242274868,0.016593290778052307,0.003449533572047767
6.499999999999906,1.4181597232818604,0.3966258764266968,3.8532190322875977,0.2540623478997702,1.0932368234179295,-0.22965550830785073,-0.00030106678503621177,0.11701014738487886,-5.959982468903576e-05,0.19838467240333557,0.01659225858747959,0.003430941607803104,0.19878738242274868,0.016593290778052307,0.003449533572047767
6.509999999999906,1.424993872642517,0.42713794112205505,3.8463475704193115,0.2830390938323093,1.0722736335359588,-0.2322553103868694,0.00751336378195955,0.11749952167244195,-8.346657109305513e-05,0.19565977156162262,0.009311124682426453,0.0004484250093810249,0.19572096159599367,0.00930749272568506,0.0005219686028445675
6.519999999999905,1.424993872642517,0.42713794112205505,3.8463475704193115,0.2830390938323093,1.0722736335359588,-0.2322553103868694,0.00751336378195955,0.11749952167244195,-8.346657109305513e-05,0.19565977156162262,0.009311124682426453,0.0004484250093810249,0.19572096159599367,0.00930749272568506,0.0005219686028445675
6.529999999999905,1.424993872642517,0.42713794112205505,3.8463475704193115,0.2830390938323093,1.0722736335359588,-0.2322553103868694,0.00751336378195955,0.11749952167244195,-8.346657109305513e-05,0.19565977156162262,0.009311124682426453,0.0004484250093810249,0.19572096159599367,0.00930749272568506,0.0005219686028445675
6.539999999999905,1.424993872642517,0.42713794112205505,3.8463475704193115,0.2830390938323093,1.0722736335359588,-0.2322553103868694,0.00751336378195955,0.11749952167244195,-8.346657109305513e-05,0.19565977156162262,0.009311124682426453,0.0004484250093810249,0.19572096159599367,0.00930749272568506,0.0005219686028445675
6.549999999999905,1.4361621141433716,0.4697253406047821,3.83659291267395,0.32373395802348237,1.0403540009829693,-0.23224233776661046,0.014822414560548768,0.11778288148745945,-3.786912763940061e-05,0.20307114720344543,0.0059317611157894135,-0.0001435428857803352,0.20306456715760302,0.005933237086228498,-5.599527172426591e-05
6.559999999999905,1.4361621141433716,0.4697253406047821,3.83659291267395,0.32373395802348237,1.0403540009829693,-0.23224233776661046,0.014822414560548768,0.11778288148745945,-3.786912763940061e-05,0.20307114720344543,0.0059317611157894135,-0.0001435428857803352,0.20306456715760302,0.005933237086228498,-5.599527172426591e-05
6.569999999999904,1.4361621141433716,0.4697253406047821,3.83659291267395,0.32373395802348237,1.0403540009829693,-0.23224233776661046,0.014822414560548768,0.11778288148745945,-3.786912763940061e-05,0.20307114720344543,0.0059317611157894135,-0.0001435428857803352,0.20306456715760302,0.005933237086228498,-5.599527172426591e-05
6.579999999999904,1.4462676048278809,0.5028645396232605,3.828807830810547,0.35594279120206596,1.0135075444348165,-0.2302740196121454,0.019603182534901738,0.11800506531545572,1.683304426084933e-05,0.19920708239078522,0.01040525920689106,0.0020619612187147127,0.19947567408032846,0.010362841566280341,0.002281394178553717
6.589999999999904,1.4462676048278809,0.5028645396232605,3.828807830810547,0.35594279120206596,1.0135075444348165,-0.2302740196121454,0.019603182534901738,0.11800506531545572,1.683304426084933e-05,0.19920708239078522,0.01040525920689106,0.0020619612187147127,0.19947567408032846,0.010362841566280341,0.002281394178553717
6.599999999999904,1.4462676048278809,0.5028645396232605,3.828807830810547,0.35594279120206596,1.0135075444348165,-0.2302740196121454,0.019603182534901738,0.11800506531545572,1.683304426084933e-05,0.19920708239078522,0.01040525920689106,0.0020619612187147127,0.19947567408032846,0.010362841566280341,0.002281394178553717
6.6099999999999035,1.4559810161590576,0.5311766862869263,3.8220443725585938,0.38380705233338447,0.9880223532145513,-0.23216523711482195,0.026618886587124437,0.11837777482488837,0.00011549606109426189,0.1911957561969757,0.010818541049957275,0.00259351823478937,0.19153835025078464,0.010745680040608243,0.0029008444347076857
6.619999999999903,1.4559810161590576,0.5311766862869263,3.8220443725585938,0.38380705233338447,0.9880223532145513,-0.23216523711482195,0.026618886587124437,0.11837777482488837,0.00011549606109426189,0.1911957561969757,0.010818541049957275,0.00259351823478937,0.19153835025078464,0.010745680040608243,0.0029008444347076857
6.629999999999903,1.4559810161590576,0.5311766862869263,3.8220443725585938,0.38380705233338447,0.9880223532145513,-0.23216523711482195,0.026618886587124437,0.11837777482488837,0.00011549606109426189,0.1911957561969757,0.010818541049957275,0.00259351823478937,0.19153835025078464,0.010745680040608243,0.0029008444347076857
6.639999999999903,1.4559810161590576,0.5311766862869263,3.8220443725585938,0.38380705233338447,0.9880223532145513,-0.23216523711482195,0.026618886587124437,0.11837777482488837,0.00011549606109426189,0.1911957561969757,0.010818541049957275,0.00259351823478937,0.19153835025078464,0.010745680040608243,0.0029008444347076857
6.649999999999903,1.471204400062561,0.5704010725021362,3.8124845027923584,0.4235463622104019,0.9498672195431879,-0.23152216457923816,0.034796839776303504,0.11881261778414752,5.350669023544838e-05,0.18126285076141357,0.008570138365030289,-0.0023894596379250297,0.18101337405465398,0.008648079306933969,-0.0021046975757179347
6.659999999999902,1.471204400062561,0.5704010725021362,3.8124845027923584,0.4235463622104019,0.9498672195431879,-0.23152216457923816,0.034796839776303504,0.11881261778414752,5.350669023544838e-05,0.18126285076141357,0.008570138365030289,-0.0023894596379250297,0.18101337405465398,0.008648079306933969,-0.0021046975757179347
6.669999999999902,1.471204400062561,0.5704010725021362,3.8124845027923584,0.4235463622104019,0.9498672195431879,-0.23152216457923816,0.034796839776303504,0.11881261778414752,5.350669023544838e-05,0.18126285076141357,0.008570138365030289,-0.0023894596379250297,0.18101337405465398,0.008648079306933969,-0.0021046975757179347
6.679999999999902,1.4845283031463623,0.600681483745575,3.805100440979004,0.45469858968495996,0.9185446113452177,-0.2267152087942561,0.03837640120324384,0.11903753053619957,1.5663576047849414e-05,0.17886704206466675,0.011454034596681595,-0.0019137717317789806,0.17869087811789355,0.011519026823320037,-0.0014834033716799619
6.689999999999902,1.4845283031463623,0.600681483745575,3.805100440979004,0.45469858968495996,0.9185446113452177,-0.2267152087942561,0.03837640120324384,0.11903753053619957,1.5663576047849414e-05,0.17886704206466675,0.011454034596681595,-0.0019137717317789806,0.17869087811789355,0.011519026823320037,-0.0014834033716799619
6.699999999999902,1.4845283031463623,0.600681483745575,3.805100440979004,0.45469858968495996,0.9185446113452177,-0.2267152087942561,0.03837640120324384,0.11903753053619957,1.5663576047849414e-05,0.17886704206466675,0.011454034596681595,-0.0019137717317789806,0.17869087811789355,0.011519026823320037,-0.0014834033716799619
6.709999999999901,1.4970308542251587,0.6263558268547058,3.7987327575683594,0.48180530695749446,0.8889419207391426,-0.22583630413201583,0.04560783229873229,0.11945799770047819,7.550279422239779e-05,0.18193955719470978,0.010967651382088661,0.002035418990999459,0.18224363268678137,0.010863447725176396,0.002551523610549385
6.719999999999901,1.4970308542251587,0.6263558268547058,3.7987327575683594,0.48180530695749446,0.8889419207391426,-0.22583630413201583,0.04560783229873229,0.11945799770047819,7.550279422239779e-05,0.18193955719470978,0.010967651382088661,0.002035418990999459,0.18224363268678137,0.010863447725176396,0.002551523610549385
6.729999999999901,1.4970308542251587,0.6263558268547058,3.7987327575683594,0.48180530695749446,0.8889419207391426,-0.22583630413201583,0.04560783229873229,0.11945799770047819,7.550279422239779e-05,0.18193955719470978,0.010967651382088661,0.002035418990999459,0.18224363268678137,0.010863447725176396,0.002551523610549385
6.739999999999901,1.4970308542251587,0.6263558268547058,3.7987327575683594,0.48180530695749446,0.8889419207391426,-0.22583630413201583,0.04560783229873229,0.11945799770047819,7.550279422239779e-05,0.18193955719470978,0.010967651382088661,0.002035418990999459,0.18224363268678137,0.010863447725176396,0.002551523610549385
6.7499999999999005,1.5161972045898438,0.6616145372390747,3.7897160053253174,0.5201196969403009,0.8461668044945146,-0.22118801068287164,0.051955089474195235,0.11982017234317022,9.560913723884671e-05,0.1734902560710907,0.009472365491092205,0.001776897464878856,0.17376312552991854,0.009367306501028428,0.002282783225555803
6.7599999999999,1.5161972045898438,0.6616145372390747,3.7897160053253174,0.5201196969403009,0.8461668044945146,-0.22118801068287164,0.051955089474195235,0.11982017234317022,9.560913723884671e-05,0.1734902560710907,0.009472365491092205,0.001776897464878856,0.17376312552991854,0.009367306501028428,0.002282783225555803
6.7699999999999,1.5161972045898438,0.6616145372390747,3.7897160053253174,0.5201196969403009,0.8461668044945146,-0.22118801068287164,0.051955089474195235,0.11982017234317022,9.560913723884671e-05,0.1734902560710907,0.009472365491092205,0.001776897464878856,0.17376312552991854,0.009367306501028428,0.002282783225555803
6.7799999999999,1.5326485633850098,0.6885689496994019,3.782567024230957,0.5508244715655577,0.8100359152234777,-0.21675501979059109,0.05608392199467897,0.11998295149495425,9.221115853323637e-05,0.17209479212760925,0.006086141336709261,-0.0015240148641169078,0.17195247311066572,0.006162000081740793,-0.0011890110897971886
6.7899999999999,1.5326485633850098,0.6885689496994019,3.782567024230957,0.5508244715655577,0.8100359152234777,-0.21675501979059109,0.05608392199467897,0.11998295149495425,9.221115853323637e-05,0.17209479212760925,0.006086141336709261,-0.0015240148641169078,0.17195247311066572,0.006162000081740793,-0.0011890110897971886
6.7999999999998995,1.5326485633850098,0.6885689496994019,3.782567024230957,0.5508244715655577,0.8100359152234777,-0.21675501979059109,0.05608392199467897,0.11998295149495425,9.221115853323637e-05,0.17209479212760925,0.006086141336709261,-0.0015240148641169078,0.17195247311066572,0.006162000081740793,-0.0011890110897971886
6.809999999999899,1.5478501319885254,0.7123485803604126,3.776265859603882,0.5774401916717892,0.7776400274752449,-0.21365453268470758,0.062091841347976434,0.12030672479819704,8.769124658322056e-05,0.16222257912158966,0.009962622076272964,-0.001143756206147374,0.16215931082398263,0.010014395619225442,-0.0005271623591100295
6.819999999999899,1.5478501319885254,0.7123485803604126,3.776265859603882,0.5774401916717892,0.7776400274752449,-0.21365453268470758,0.062091841347976434,0.12030672479819704,8.769124658322056e-05,0.16222257912158966,0.009962622076272964,-0.001143756206147374,0.16215931082398263,0.010014395619225442,-0.0005271623591100295
6.829999999999899,1.5478501319885254,0.7123485803604126,3.776265859603882,0.5774401916717892,0.7776400274752449,-0.21365453268470758,0.062091841347976434,0.12030672479819704,8.769124658322056e-05,0.16222257912158966,0.009962622076272964,-0.001143756206147374,0.16215931082398263,0.010014395619225442,-0.0005271623591100295
6.839999999999899,1.5708627700805664,0.744468629360199,3.7674508094787598,0.6150518853147131,0.7298846383378349,-0.20693367064422352,0.06908563647808126,0.12072738595110075,0.00011856366724421554,0.15925918519496918,0.009319390170276165,-0.00010226678568869943,0.15932485442214556,0.009304218651680816,0.0005452699977147508
6.849999999999898,1.5708627700805664,0.744468629360199,3.7674508094787598,0.6150518853147131,0.7298846383378349,-0.20693367064422352,0.06908563647808126,0.12072738595110075,0.00011856366724421554,0.15925918519496918,0.009319390170276165,-0.00010226678568869943,0.15932485442214556,0.009304218651680816,0.0005452699977147508
6.859999999999898,1.5708627700805664,0.744468629360199,3.7674508094787598,0.6150518853147131,0.7298846383378349,-0.20693367064422352,0.06908563647808126,0.12072738595110075,0.00011856366724421554,0.15925918519496918,0.009319390170276165,-0.00010226678568869943,0.15932485442214556,0.009304218651680816,0.0005452699977147508
6.869999999999898,1.5708627700805664,0.744468629360199,3.7674508094787598,0.6150518853147131,0.7298846383378349,-0.20693367064422352,0.06908563647808126,0.12072738595110075,0.00011856366724421554,0.15925918519496918,0.009319390170276165,-0.00010226678568869943,0.15932485442214556,0.009304218651680816,0.0005452699977147508
6.879999999999898,1.5953929424285889,0.7744930982589722,3.758866310119629,0.6520204049010969,0.6804765730037594,-0.19649725077197425,0.07225198777324633,0.12083653768502492,8.184170527451788e-05,0.1580856740474701,0.004554739221930504,-0.0024623060598969464,0.15782738682451067,0.004720607485796495,-0.002142703378207893
6.8899999999998975,1.5953929424285889,0.7744930982589722,3.758866310119629,0.6520204049010969,0.6804765730037594,-0.19649725077197425,0.07225198777324633,0.12083653768502492,8.184170527451788e-05,0.1580856740474701,0.004554739221930504,-0.0024623060598969464,0.15782738682451067,0.004720607485796495,-0.002142703378207893
6.899999999999897,1.5953929424285889,0.7744930982589722,3.758866310119629,0.6520204049010969,0.6804765730037594,-0.19649725077197425,0.07225198777324633,0.12083653768502492,8.184170527451788e-05,0.1580856740474701,0.004554739221930504,-0.0024623060598969464,0.15782738682451067,0.004720607485796495,-0.002142703378207893
6.909999999999897,1.6082199811935425,0.7886996865272522,3.754613161087036,0.6703297183449934,0.6542337019120799,-0.19448032572371723,0.07851096402286169,0.12106463267290445,5.9731942922512566e-05,0.15162962675094604,0.007610379718244076,0.0018858665134757749,0.15193097048155604,0.007439027544706605,0.002495205241174449
6.919999999999897,1.6082199811935425,0.7886996865272522,3.754613161087036,0.6703297183449934,0.6542337019120799,-0.19448032572371723,0.07851096402286169,0.12106463267290445,5.9731942922512566e-05,0.15162962675094604,0.007610379718244076,0.0018858665134757749,0.15193097048155604,0.007439027544706605,0.002495205241174449
6.929999999999897,1.6082199811935425,0.7886996865272522,3.754613161087036,0.6703297183449934,0.6542337019120799,-0.19448032572371723,0.07851096402286169,0.12106463267290445,5.9731942922512566e-05,0.15162962675094604,0.007610379718244076,0.0018858665134757749,0.15193097048155604,0.007439027544706605,0.002495205241174449
6.9399999999998965,1.6082199811935425,0.7886996865272522,3.754613161087036,0.6703297183449934,0.6542337019120799,-0.19448032572371723,0.07851096402286169,0.12106463267290445,5.9731942922512566e-05,0.15162962675094604,0.007610379718244076,0.0018858665134757749,0.15193097048155604,0.007439027544706605,0.002495205241174449
6.949999999999896,1.634995698928833,0.8154799938201904,3.746159553527832,0.7069226414069949,0.6020673873771798,-0.18607932277816264,0.08432716489774611,0.12127058671613102,-5.727083778880478e-06,0.14325252175331116,0.005977600812911987,-0.0005662363837473102,0.1432451185555415,0.006004052371253134,-6.11968250165014e-05
6.959999999999896,1.634995698928833,0.8154799938201904,3.746159553527832,0.7069226414069949,0.6020673873771798,-0.18607932277816264,0.08432716489774611,0.12127058671613102,-5.727083778880478e-06,0.14325252175331116,0.005977600812911987,-0.0005662363837473102,0.1432451185555415,0.006004052371253134,-6.11968250165014e-05
6.969999999999896,1.634995698928833,0.8154799938201904,3.746159553527832,0.7069226414069949,0.6020673873771798,-0.18607932277816264,0.08432716489774611,0.12127058671613102,-5.727083778880478e-06,0.14325252175331116,0.005977600812911987,-0.0005662363837473102,0.1432451185555415,0.006004052371253134,-6.11968250165014e-05
6.979999999999896,1.6574907302856445,0.8352527618408203,3.73943829536438,0.7361758063419315,0.559319951569689,-0.1774499556485809,0.08715680511354905,0.1212872164687963,-3.874521045636445e-06,0.14199361205101013,0.0011156388791278005,-0.0005349704297259451,0.14194049102812728,0.0011579714967532124,-0.00043905275888205263
6.989999999999895,1.6574907302856445,0.8352527618408203,3.73943829536438,0.7361758063419315,0.559319951569689,-0.1774499556485809,0.08715680511354905,0.1212872164687963,-3.874521045636445e-06,0.14199361205101013,0.0011156388791278005,-0.0005349704297259451,0.14194049102812728,0.0011579714967532124,-0.00043905275888205263
6.999999999999895,1.6574907302856445,0.8352527618408203,3.73943829536438,0.7361758063419315,0.559319951569689,-0.1774499556485809,0.08715680511354905,0.1212872164687963,-3.874521045636445e-06,0.14199361205101013,0.0011156388791278005,-0.0005349704297259451,0.14194049102812728,0.0011579714967532124,-0.00043905275888205263
7.009999999999895,1.6779617071151733,0.8514426350593567,3.7336466312408447,0.7616913438657292,0.5205263661915447,-0.17118109946214052,0.09262504048685619,0.12148781405130749,-1.396784746484722e-05,0.13493317365646362,0.0036147981882095337,-0.0016385411145165567,0.13477480278440115,0.0037508558892959147,-0.0013068069315304623
7.019999999999895,1.6779617071151733,0.8514426350593567,3.7336466312408447,0.7616913438657292,0.5205263661915447,-0.17118109946214052,0.09262504048685619,0.12148781405130749,-1.396784746484722e-05,0.13493317365646362,0.0036147981882095337,-0.0016385411145165567,0.13477480278440115,0.0037508558892959147,-0.0013068069315304623
7.0299999999998946,1.6779617071151733,0.8514426350593567,3.7336466312408447,0.7616913438657292,0.5205263661915447,-0.17118109946214052,0.09262504048685619,0.12148781405130749,-1.396784746484722e-05,0.13493317365646362,0.0036147981882095337,-0.0016385411145165567,0.13477480278440115,0.0037508558892959147,-0.0013068069315304623
7.039999999999894,1.6779617071151733,0.8514426350593567,3.7336466312408447,0.7616913438657292,0.5205263661915447,-0.17118109946214052,0.09262504048685619,0.12148781405130749,-1.396784746484722e-05,0.13493317365646362,0.0036147981882095337,-0.0016385411145165567,0.13477480278440115,0.0037508558892959147,-0.0013068069315304623
7.049999999999894,1.7084639072418213,0.872539758682251,3.7254374027252197,0.7978049824646344,0.4652404572679135,-0.1598061763569132,0.09724250199012917,0.12133159291933464,-2.1684983147948287e-05,0.12444424629211426,-0.007994814775884151,-0.0011292945127934207,0.12421255754012592,-0.007847402217680311,-0.0019142433254591483
7.059999999999894,1.7084639072418213,0.872539758682251,3.7254374027252197,0.7978049824646344,0.4652404572679135,-0.1598061763569132,0.09724250199012917,0.12133159291933464,-2.1684983147948287e-05,0.12444424629211426,-0.007994814775884151,-0.0011292945127934207,0.12421255754012592,-0.007847402217680311,-0.0019142433254591483
7.069999999999894,1.7084639072418213,0.872539758682251,3.7254374027252197,0.7978049824646344,0.4652404572679135,-0.1598061763569132,0.09724250199012917,0.12133159291933464,-2.1684983147948287e-05,0.12444424629211426,-0.007994814775884151,-0.0011292945127934207,0.12421255754012592,-0.007847402217680311,-0.0019142433254591483
7.0799999999998935,1.7339012622833252,0.8876944780349731,3.7191619873046875,0.8255493791588403,0.4204548576556836,-0.1485204660828054,0.10014504261299356,0.12122530315596863,1.4091101822779725e-05,0.12027007341384888,-0.0030742257367819543,0.0020384185481816535,0.12047971206031274,-0.003262619332408925,0.0017335736246685016
7.089999999999893,1.7339012622833252,0.8876944780349731,3.7191619873046875,0.8255493791588403,0.4204548576556836,-0.1485204660828054,0.10014504261299356,0.12122530315596863,1.4091101822779725e-05,0.12027007341384888,-0.0030742257367819543,0.0020384185481816535,0.12047971206031274,-0.003262619332408925,0.0017335736246685016
7.099999999999893,1.7339012622833252,0.8876944780349731,3.7191619873046875,0.8255493791588403,0.4204548576556836,-0.1485204660828054,0.10014504261299356,0.12122530315596863,1.4091101822779725e-05,0.12027007341384888,-0.0030742257367819543,0.0020384185481816535,0.12047971206031274,-0.003262619332408925,0.0017335736246685016
7.109999999999893,1.7569164037704468,0.8997750282287598,3.7138054370880127,0.8497584584642072,0.3797476777552774,-0.13913369821541466,0.10459546815138952,0.12093807431469414,-3.1977810402489116e-05,0.10865757614374161,-0.007448690943419933,-3.661793016362844e-05,0.10855863795372571,-0.0074041598579685005,-0.0008200873163798382
7.119999999999893,1.7569164037704468,0.8997750282287598,3.7138054370880127,0.8497584584642072,0.3797476777552774,-0.13913369821541466,0.10459546815138952,0.12093807431469414,-3.1977810402489116e-05,0.10865757614374161,-0.007448690943419933,-3.661793016362844e-05,0.10855863795372571,-0.0074041598579685005,-0.0008200873163798382
7.129999999999892,1.7569164037704468,0.8997750282287598,3.7138054370880127,0.8497584584642072,0.3797476777552774,-0.13913369821541466,0.10459546815138952,0.12093807431469414,-3.1977810402489116e-05,0.10865757614374161,-0.007448690943419933,-3.661793016362844e-05,0.10855863795372571,-0.0074041598579685005,-0.0008200873163798382
7.139999999999892,1.7569164037704468,0.8997750282287598,3.7138054370880127,0.8497584584642072,0.3797476777552774,-0.13913369821541466,0.10459546815138952,0.12093807431469414,-3.1977810402489116e-05,0.10865757614374161,-0.007448690943419933,-3.661793016362844e-05,0.10855863795372571,-0.0074041598579685005,-0.0008200873163798382
7.149999999999892,1.7909741401672363,0.9149198532104492,3.70615291595459,0.8836133261878492,0.3215683085230678,-0.1262410314375385,0.10865021594124855,0.12054097168745244,-8.877203839711715e-05,0.09885899722576141,-0.013133427128195763,0.00011005596024915737,0.0986997455034856,-0.013067918252094553,-0.0013243466742649222
7.159999999999892,1.7909741401672363,0.9149198532104492,3.70615291595459,0.8836133261878492,0.3215683085230678,-0.1262410314375385,0.10865021594124855,0.12054097168745244,-8.877203839711715e-05,0.09885899722576141,-0.013133427128195763,0.00011005596024915737,0.0986997455034856,-0.013067918252094553,-0.0013243466742649222
7.169999999999892,1.7909741401672363,0.9149198532104492,3.70615291595459,0.8836133261878492,0.3215683085230678,-0.1262410314375385,0.10865021594124855,0.12054097168745244,-8.877203839711715e-05,0.09885899722576141,-0.013133427128195763,0.00011005596024915737,0.0986997455034856,-0.013067918252094553,-0.0013243466742649222
7.179999999999891,1.8191924095153809,0.9252490401268005,3.7000842094421387,0.9098181634393178,0.2745787381109531,-0.11535911622806713,0.11054836634141947,0.1203139208071905,-0.00011374366940995706,0.09466655552387238,-0.012202673591673374,0.00017036314238794297,0.0945242688726888,-0.012146980449107198,-0.0011854863328269686
7.189999999999891,1.8191924095153809,0.9252490401268005,3.7000842094421387,0.9098181634393178,0.2745787381109531,-0.11535911622806713,0.11054836634141947,0.1203139208071905,-0.00011374366940995706,0.09466655552387238,-0.012202673591673374,0.00017036314238794297,0.0945242688726888,-0.012146980449107198,-0.0011854863328269686
7.199999999999891,1.8191924095153809,0.9252490401268005,3.7000842094421387,0.9098181634393178,0.2745787381109531,-0.11535911622806713,0.11054836634141947,0.1203139208071905,-0.00011374366940995706,0.09466655552387238,-0.012202673591673374,0.00017036314238794297,0.0945242688726888,-0.012146980449107198,-0.0011854863328269686
7.209999999999891,1.845172643661499,0.9323542714118958,3.695333480834961,0.9336598601200169,0.23227361450853776,-0.10698958323857008,0.11391380327221147,0.11994580631688777,-0.00015846369980978897,0.08180511742830276,-0.009017612785100937,0.00026074502966366817,0.08171280115987675,-0.0089888064169245,-0.0007714984154119827
7.2199999999998905,1.845172643661499,0.9323542714118958,3.695333480834961,0.9336598601200169,0.23227361450853776,-0.10698958323857008,0.11391380327221147,0.11994580631688777,-0.00015846369980978897,0.08180511742830276,-0.009017612785100937,0.00026074502966366817,0.08171280115987675,-0.0089888064169245,-0.0007714984154119827
7.22999999999989,1.845172643661499,0.9323542714118958,3.695333480834961,0.9336598601200169,0.23227361450853776,-0.10698958323857008,0.11391380327221147,0.11994580631688777,-0.00015846369980978897,0.08180511742830276,-0.009017612785100937,0.00026074502966366817,0.08171280115987675,-0.0089888064169245,-0.0007714984154119827
7.23999999999989,1.8833063840866089,0.9405066967010498,3.6885018348693848,0.9663182177296133,0.17218980097289982,-0.09365836530537398,0.11698452937977577,0.11967279700013984,-0.00013294690517437282,0.07279927283525467,-0.006259562447667122,0.0013675250811502346,0.07287473713008624,-0.00637639365906449,0.0006320962333821896
7.24999999999989,1.8833063840866089,0.9405066967010498,3.6885018348693848,0.9663182177296133,0.17218980097289982,-0.09365836530537398,0.11698452937977577,0.11967279700013984,-0.00013294690517437282,0.07279927283525467,-0.006259562447667122,0.0013675250811502346,0.07287473713008624,-0.00637639365906449,0.0006320962333821896
7.25999999999989,1.8833063840866089,0.9405066967010498,3.6885018348693848,0.9663182177296133,0.17218980097289982,-0.09365836530537398,0.11698452937977577,0.11967279700013984,-0.00013294690517437282,0.07279927283525467,-0.006259562447667122,0.0013675250811502346,0.07287473713008624,-0.00637639365906449,0.0006320962333821896
7.269999999999889,1.8833063840866089,0.9405066967010498,3.6885018348693848,0.9663182177296133,0.17218980097289982,-0.09365836530537398,0.11698452937977577,0.11967279700013984,-0.00013294690517437282,0.07279927283525467,-0.006259562447667122,0.0013675250811502346,0.07287473713008624,-0.00637639365906449,0.0006320962333821896
7.279999999999889,1.914694905281067,0.9453032612800598,3.6831886768341064,0.9928598539233523,0.12409094768827206,-0.08218556257294937,0.11828473014989688,0.1195340692303113,-0.0001490489863003021,0.06275037676095963,-0.0070401756092906,-9.543914347886952e-05,0.06263920879631747,-0.006979719793593826,-0.0009322291344060632
7.289999999999889,1.914694905281067,0.9453032612800598,3.6831886768341064,0.9928598539233523,0.12409094768827206,-0.08218556257294937,0.11828473014989688,0.1195340692303113,-0.0001490489863003021,0.06275037676095963,-0.0070401756092906,-9.543914347886952e-05,0.06263920879631747,-0.006979719793593826,-0.0009322291344060632
7.299999999999889,1.914694905281067,0.9453032612800598,3.6831886768341064,0.9928598539233523,0.12409094768827206,-0.08218556257294937,0.11828473014989688,0.1195340692303113,-0.0001490489863003021,0.06275037676095963,-0.0070401756092906,-9.543914347886952e-05,0.06263920879631747,-0.006979719793593826,-0.0009322291344060632
7.309999999999889,1.942894697189331,0.9482074975967407,3.6787216663360596,1.015599146472931,0.08215265569447029,-0.0715526455744972,0.12042480509674827,0.11905379003109785,-0.0002785291252555841,0.04888496175408363,-0.012970035895705223,-0.0008358444320037945,0.04859931850145828,-0.012775689609527735,-0.0024049561574317944
7.319999999999888,1.942894697189331,0.9482074975967407,3.6787216663360596,1.015599146472931,0.08215265569447029,-0.0715526455744972,0.12042480509674827,0.11905379003109785,-0.0002785291252555841,0.04888496175408363,-0.012970035895705223,-0.0008358444320037945,0.04859931850145828,-0.012775689609527735,-0.0024049561574317944
7.329999999999888,1.942894697189331,0.9482074975967407,3.6787216663360596,1.015599146472931,0.08215265569447029,-0.0715526455744972,0.12042480509674827,0.11905379003109785,-0.0002785291252555841,0.04888496175408363,-0.012970035895705223,-0.0008358444320037945,0.04859931850145828,-0.012775689609527735,-0.0024049561574317944
7.339999999999888,1.942894697189331,0.9482074975967407,3.6787216663360596,1.015599146472931,0.08215265569447029,-0.0715526455744972,0.12042480509674827,0.11905379003109785,-0.0002785291252555841,0.04888496175408363,-0.012970035895705223,-0.0008358444320037945,0.04859931850145828,-0.012775689609527735,-0.0024049561574317944
7.349999999999888,1.9841856956481934,0.9503213167190552,3.672288417816162,1.0467645114840867,0.0221662453902807,-0.05678106939531505,0.1220441726177099,0.1182052455561556,-0.0003788714142430745,0.03582296520471573,-0.02398693561553955,-0.0005186888156458706,0.035415024351197436,-0.023745371256816684,-0.003459173012069345
7.3599999999998875,1.9841856956481934,0.9503213167190552,3.672288417816162,1.0467645114840867,0.0221662453902807,-0.05678106939531505,0.1220441726177099,0.1182052455561556,-0.0003788714142430745,0.03582296520471573,-0.02398693561553955,-0.0005186888156458706,0.035415024351197436,-0.023745371256816684,-0.003459173012069345
7.369999999999887,1.9841856956481934,0.9503213167190552,3.672288417816162,1.0467645114840867,0.0221662453902807,-0.05678106939531505,0.1220441726177099,0.1182052455561556,-0.0003788714142430745,0.03582296520471573,-0.02398693561553955,-0.0005186888156458706,0.035415024351197436,-0.023745371256816684,-0.003459173012069345
7.379999999999887,2.0180723071098328,0.9502730965614319,3.6670949459075928,1.0714772268003363,-0.025529953304466602,-0.044547592196261504,0.12267118543394666,0.11778467846246923,-0.00044898533908898687,0.030511483550071716,-0.02025531232357025,-0.0005204225890338396,0.030157074712286243,-0.02003941928764941,-0.003015923943775561
7.389999999999887,2.0180723071098328,0.9502730965614319,3.6670949459075928,1.0714772268003363,-0.025529953304466602,-0.044547592196261504,0.12267118543394666,0.11778467846246923,-0.00044898533908898687,0.030511483550071716,-0.02025531232357025,-0.0005204225890338396,0.030157074712286243,-0.02003941928764941,-0.003015923943775561
7.399999999999887,2.0180723071098328,0.9502730965614319,3.6670949459075928,1.0714772268003363,-0.025529953304466602,-0.044547592196261504,0.12267118543394666,0.11778467846246923,-0.00044898533908898687,0.030511483550071716,-0.02025531232357025,-0.0005204225890338396,0.030157074712286243,-0.02003941928764941,-0.003015923943775561
7.4099999999998865,2.0484189987182617,0.9489359855651855,3.6626603603363037,1.0931819595989771,-0.06746137989704587,-0.034101404577100425,0.12380696929174004,0.11688985371878345,-0.0005895123484591423,0.026267141103744507,-0.024672340601682663,0.00014546146849170628,0.025926319080359327,-0.024501454322133864,-0.002922404071353996
7.419999999999886,2.0484189987182617,0.9489359855651855,3.6626603603363037,1.0931819595989771,-0.06746137989704587,-0.034101404577100425,0.12380696929174004,0.11688985371878345,-0.0005895123484591423,0.026267141103744507,-0.024672340601682663,0.00014546146849170628,0.025926319080359327,-0.024501454322133864,-0.002922404071353996
7.429999999999886,2.0484189987182617,0.9489359855651855,3.6626603603363037,1.0931819595989771,-0.06746137989704587,-0.034101404577100425,0.12380696929174004,0.11688985371878345,-0.0005895123484591423,0.026267141103744507,-0.024672340601682663,0.00014546146849170628,0.025926319080359327,-0.024501454322133864,-0.002922404071353996
7.439999999999886,2.0484189987182617,0.9489359855651855,3.6626603603363037,1.0931819595989771,-0.06746137989704587,-0.034101404577100425,0.12380696929174004,0.11688985371878345,-0.0005895123484591423,0.026267141103744507,-0.024672340601682663,0.00014546146849170628,0.025926319080359327,-0.024501454322133864,-0.002922404071353996
7.449999999999886,2.092743992805481,0.9449748992919922,3.656306266784668,1.122634097118068,-0.12731574519227712,-0.02044592386607838,0.12458535441854708,0.1158535947409727,-0.0005646076092928637,0.019280949607491493,-0.02462519332766533,0.002647045534104112,0.019230503600462252,-0.024763260939965004,-0.00043640451801298135
7.459999999999885,2.092743992805481,0.9449748992919922,3.656306266784668,1.122634097118068,-0.12731574519227712,-0.02044592386607838,0.12458535441854708,0.1158535947409727,-0.0005646076092928637,0.019280949607491493,-0.02462519332766533,0.002647045534104112,0.019230503600462252,-0.024763260939965004,-0.00043640451801298135
7.469999999999885,2.092743992805481,0.9449748992919922,3.656306266784668,1.122634097118068,-0.12731574519227712,-0.02044592386607838,0.12458535441854708,0.1158535947409727,-0.0005646076092928637,0.019280949607491493,-0.02462519332766533,0.002647045534104112,0.019230503600462252,-0.024763260939965004,-0.00043640451801298135
7.479999999999885,2.1290102005004883,0.9400852918624878,3.651289463043213,1.145699062894454,-0.17424787406370545,-0.008424549705202122,0.12491150527142193,0.11530727289219818,-0.0006052351060035451,0.01490787137299776,-0.02851577289402485,0.0012989888200536405,0.014645672862051649,-0.028455434877464738,-0.0022789580276372213
7.489999999999885,2.1290102005004883,0.9400852918624878,3.651289463043213,1.145699062894454,-0.17424787406370545,-0.008424549705202122,0.12491150527142193,0.11530727289219818,-0.0006052351060035451,0.01490787137299776,-0.02851577289402485,0.0012989888200536405,0.014645672862051649,-0.028455434877464738,-0.0022789580276372213
7.4999999999998845,2.1290102005004883,0.9400852918624878,3.651289463043213,1.145699062894454,-0.17424787406370545,-0.008424549705202122,0.12491150527142193,0.11530727289219818,-0.0006052351060035451,0.01490787137299776,-0.02851577289402485,0.0012989888200536405,0.014645672862051649,-0.028455434877464738,-0.0022789580276372213
7.509999999999884,2.1613677740097046,0.9345403909683228,3.647172451019287,1.1650212295151858,-0.21550023136152546,0.0010439822438327029,0.1252371775699357,0.1141372491140646,-0.0006523402819500137,0.0029987161979079247,-0.028762752190232277,0.0017097753006964957,0.0027813246211558004,-0.028751052437646245,-0.001908792278102014
7.519999999999884,2.1613677740097046,0.9345403909683228,3.647172451019287,1.1650212295151858,-0.21550023136152546,0.0010439822438327029,0.1252371775699357,0.1141372491140646,-0.0006523402819500137,0.0029987161979079247,-0.028762752190232277,0.0017097753006964957,0.0027813246211558004,-0.028751052437646245,-0.001908792278102014
7.529999999999884,2.1613677740097046,0.9345403909683228,3.647172451019287,1.1650212295151858,-0.21550023136152546,0.0010439822438327029,0.1252371775699357,0.1141372491140646,-0.0006523402819500137,0.0029987161979079247,-0.028762752190232277,0.0017097753006964957,0.0027813246211558004,-0.028751052437646245,-0.001908792278102014
7.539999999999884,2.1613677740097046,0.9345403909683228,3.647172451019287,1.1650212295151858,-0.21550023136152546,0.0010439822438327029,0.1252371775699357,0.1141372491140646,-0.0006523402819500137,0.0029987161979079247,-0.028762752190232277,0.0017097753006964957,0.0027813246211558004,-0.028751052437646245,-0.001908792278102014
7.5499999999998835,2.2084990739822388,0.9246096611022949,3.641350507736206,1.192656020620294,-0.2735403999831652,0.014775134916423155,0.12507688545266496,0.11309367415287627,-0.0007318138619303215,-0.006307516247034073,-0.029041539877653122,0.002210074337199334,-0.006469950534357762,-0.029090378676184248,-0.0014393472184175836
7.559999999999883,2.2084990739822388,0.9246096611022949,3.641350507736206,1.192656020620294,-0.2735403999831652,0.014775134916423155,0.12507688545266496,0.11309367415287627,-0.0007318138619303215,-0.006307516247034073,-0.029041539877653122,0.002210074337199334,-0.006469950534357762,-0.029090378676184248,-0.0014393472184175836
7.569999999999883,2.2084990739822388,0.9246096611022949,3.641350507736206,1.192656020620294,-0.2735403999831652,0.014775134916423155,0.12507688545266496,0.11309367415287627,-0.0007318138619303215,-0.006307516247034073,-0.029041539877653122,0.002210074337199334,-0.006469950534357762,-0.029090378676184248,-0.0014393472184175836
7.579999999999883,2.246970772743225,0.9149854183197021,3.636524200439453,1.2142304597214408,-0.3189906774888427,0.026268369528377994,0.12488863040920675,0.11254751706818214,-0.0006901498829938962,-0.00954488106071949,-0.020848874002695084,0.004515050910413268,-0.009332070341628322,-0.021248907356552917,0.001894849983156973
7.589999999999883,2.246970772743225,0.9149854183197021,3.636524200439453,1.2142304597214408,-0.3189906774888427,0.026268369528377994,0.12488863040920675,0.11254751706818214,-0.0006901498829938962,-0.00954488106071949,-0.020848874002695084,0.004515050910413268,-0.009332070341628322,-0.021248907356552917,0.001894849983156973
7.599999999999882,2.246970772743225,0.9149854183197021,3.636524200439453,1.2142304597214408,-0.3189906774888427,0.026268369528377994,0.12488863040920675,0.11254751706818214,-0.0006901498829938962,-0.00954488106071949,-0.020848874002695084,0.004515050910413268,-0.009332070341628322,-0.021248907356552917,0.001894849983156973
7.609999999999882,2.2825205326080322,0.9058951735496521,3.632601737976074,1.2330264263609279,-0.35851484881143053,0.03636082628960122,0.12438789142359856,0.11164549536293564,-0.00070361542470804,-0.014657041057944298,-0.024583211168646812,0.0038177419919520647,-0.01457427226604085,-0.024866933496189583,0.0007428959876004637
7.619999999999882,2.2825205326080322,0.9058951735496521,3.632601737976074,1.2330264263609279,-0.35851484881143053,0.03636082628960122,0.12438789142359856,0.11164549536293564,-0.00070361542470804,-0.014657041057944298,-0.024583211168646812,0.0038177419919520647,-0.01457427226604085,-0.024866933496189583,0.0007428959876004637
7.629999999999882,2.2825205326080322,0.9058951735496521,3.632601737976074,1.2330264263609279,-0.35851484881143053,0.03636082628960122,0.12438789142359856,0.11164549536293564,-0.00070361542470804,-0.014657041057944298,-0.024583211168646812,0.0038177419919520647,-0.01457427226604085,-0.024866933496189583,0.0007428959876004637
7.6399999999998816,2.2825205326080322,0.9058951735496521,3.632601737976074,1.2330264263609279,-0.35851484881143053,0.03636082628960122,0.12438789142359856,0.11164549536293564,-0.00070361542470804,-0.014657041057944298,-0.024583211168646812,0.0038177419919520647,-0.01457427226604085,-0.024866933496189583,0.0007428959876004637
7.649999999999881,2.3338886499404907,0.8908504843711853,3.627082109451294,1.259446978801753,-0.41412268722657614,0.05021061366439819,0.12352759091745293,0.11052801495957196,-0.0007787161020219814,-0.024824656546115875,-0.03123868629336357,0.0015999290626496116,-0.025075615832724565,-0.031197785766046187,-0.002275178718279614
7.659999999999881,2.3338886499404907,0.8908504843711853,3.627082109451294,1.259446978801753,-0.41412268722657614,0.05021061366439819,0.12352759091745293,0.11052801495957196,-0.0007787161020219814,-0.024824656546115875,-0.03123868629336357,0.0015999290626496116,-0.025075615832724565,-0.031197785766046187,-0.002275178718279614
7.669999999999881,2.3338886499404907,0.8908504843711853,3.627082109451294,1.259446978801753,-0.41412268722657614,0.05021061366439819,0.12352759091745293,0.11052801495957196,-0.0007787161020219814,-0.024824656546115875,-0.03123868629336357,0.0015999290626496116,-0.025075615832724565,-0.031197785766046187,-0.002275178718279614
7.679999999999881,2.3755308985710144,0.8771257996559143,3.6227915287017822,1.28008084126176,-0.45729786818988327,0.06159962180322989,0.12298128871651723,0.10995264289395748,-0.0008141403451061616,-0.02806604839861393,-0.029826026409864426,0.0010746911866590418,-0.02835222507714503,-0.029732594206390357,-0.002607978412117364
7.6899999999998805,2.3755308985710144,0.8771257996559143,3.6227915287017822,1.28008084126176,-0.45729786818988327,0.06159962180322989,0.12298128871651723,0.10995264289395748,-0.0008141403451061616,-0.02806604839861393,-0.029826026409864426,0.0010746911866590418,-0.02835222507714503,-0.029732594206390357,-0.002607978412117364
7.69999999999988,2.3755308985710144,0.8771257996559143,3.6227915287017822,1.28008084126176,-0.45729786818988327,0.06159962180322989,0.12298128871651723,0.10995264289395748,-0.0008141403451061616,-0.02806604839861393,-0.029826026409864426,0.0010746911866590418,-0.02835222507714503,-0.029732594206390357,-0.002607978412117364
7.70999999999988,2.412572741508484,0.8639710545539856,3.61909556388855,1.2976379965079026,-0.49478727511615195,0.06919697363331706,0.12176388331975423,0.10862032167178659,-0.0008755119037578981,-0.03590894490480423,-0.04457031562924385,0.0036087031476199683,-0.036108687646752534,-0.044678638732296105,-0.0018425286673460599
7.71999999999988,2.412572741508484,0.8639710545539856,3.61909556388855,1.2976379965079026,-0.49478727511615195,0.06919697363331706,0.12176388331975423,0.10862032167178659,-0.0008755119037578981,-0.03590894490480423,-0.04457031562924385,0.0036087031476199683,-0.036108687646752534,-0.044678638732296105,-0.0018425286673460599
7.72999999999988,2.412572741508484,0.8639710545539856,3.61909556388855,1.2976379965079026,-0.49478727511615195,0.06919697363331706,0.12176388331975423,0.10862032167178659,-0.0008755119037578981,-0.03590894490480423,-0.04457031562924385,0.0036087031476199683,-0.036108687646752534,-0.044678638732296105,-0.0018425286673460599
7.739999999999879,2.4661072492599487,0.8432648777961731,3.613840103149414,1.3223985372202034,-0.5476150390455573,0.0804215353914107,0.12022821972509148,0.10679538548086652,-0.0009540681641057347,-0.038686301559209824,-0.04599103704094887,0.0035263772588223275,-0.038902336234855464,-0.04608199044602476,-0.002026734365187923
7.749999999999879,2.4661072492599487,0.8432648777961731,3.613840103149414,1.3223985372202034,-0.5476150390455573,0.0804215353914107,0.12022821972509148,0.10679538548086652,-0.0009540681641057347,-0.038686301559209824,-0.04599103704094887,0.0035263772588223275,-0.038902336234855464,-0.04608199044602476,-0.002026734365187923
7.759999999999879,2.4661072492599487,0.8432648777961731,3.613840103149414,1.3223985372202034,-0.5476150390455573,0.0804215353914107,0.12022821972509148,0.10679538548086652,-0.0009540681641057347,-0.038686301559209824,-0.04599103704094887,0.0035263772588223275,-0.038902336234855464,-0.04608199044602476,-0.002026734365187923
7.769999999999879,2.4661072492599487,0.8432648777961731,3.613840103149414,1.3223985372202034,-0.5476150390455573,0.0804215353914107,0.12022821972509148,0.10679538548086652,-0.0009540681641057347,-0.038686301559209824,-0.04599103704094887,0.0035263772588223275,-0.038902336234855464,-0.04608199044602476,-0.002026734365187923
7.779999999999879,2.509472817182541,0.8251132965087891,3.6097893714904785,1.3404496548555922,-0.5887362644524755,0.08999827783375082,0.11923196545264034,0.10568319183182137,-0.0010293289985335381,-0.043019913136959076,-0.04738412797451019,0.0015230177668854653,-0.04345739336944288,-0.04722887667095198,-0.0041472598636725895
7.789999999999878,2.509472817182541,0.8251132965087891,3.6097893714904785,1.3404496548555922,-0.5887362644524755,0.08999827783375082,0.11923196545264034,0.10568319183182137,-0.0010293289985335381,-0.043019913136959076,-0.04738412797451019,0.0015230177668854653,-0.04345739336944288,-0.04722887667095198,-0.0041472598636725895
7.799999999999878,2.509472817182541,0.8251132965087891,3.6097893714904785,1.3404496548555922,-0.5887362644524755,0.08999827783375082,0.11923196545264034,0.10568319183182137,-0.0010293289985335381,-0.043019913136959076,-0.04738412797451019,0.0015230177668854653,-0.04345739336944288,-0.04722887667095198,-0.0041472598636725895
7.809999999999878,2.547967880964279,0.8081264495849609,3.606343984603882,1.3562240925295201,-0.6254413981258743,0.09644466080332487,0.11721820651774785,0.10380652883055785,-0.001053304894115461,-0.05587635934352875,-0.04675636813044548,0.0059539168141782344,-0.05583000873766541,-0.047131827315661616,0.00044731246931939314
7.819999999999878,2.547967880964279,0.8081264495849609,3.606343984603882,1.3562240925295201,-0.6254413981258743,0.09644466080332487,0.11721820651774785,0.10380652883055785,-0.001053304894115461,-0.05587635934352875,-0.04675636813044548,0.0059539168141782344,-0.05583000873766541,-0.047131827315661616,0.00044731246931939314
7.8299999999998775,2.547967880964279,0.8081264495849609,3.606343984603882,1.3562240925295201,-0.6254413981258743,0.09644466080332487,0.11721820651774785,0.10380652883055785,-0.001053304894115461,-0.05587635934352875,-0.04675636813044548,0.0059539168141782344,-0.05583000873766541,-0.047131827315661616,0.00044731246931939314
7.839999999999877,2.547967880964279,0.8081264495849609,3.606343984603882,1.3562240925295201,-0.6254413981258743,0.09644466080332487,0.11721820651774785,0.10380652883055785,-0.001053304894115461,-0.05587635934352875,-0.04675636813044548,0.0059539168141782344,-0.05583000873766541,-0.047131827315661616,0.00044731246931939314
7.849999999999877,2.603528708219528,0.782050371170044,3.601689577102661,1.3775972498843918,-0.6750670335879355,0.10610777037659602,0.11473826338350858,0.10179932103379216,-0.0011287791853759857,-0.06503618508577347,-0.05114342272281647,0.0039020925760269226,-0.06523832484193536,-0.051253881267055074,-0.0019891027676379697
7.859999999999877,2.603528708219528,0.782050371170044,3.601689577102661,1.3775972498843918,-0.6750670335879355,0.10610777037659602,0.11473826338350858,0.10179932103379216,-0.0011287791853759857,-0.06503618508577347,-0.05114342272281647,0.0039020925760269226,-0.06523832484193536,-0.051253881267055074,-0.0019891027676379697
7.869999999999877,2.603528708219528,0.782050371170044,3.601689577102661,1.3775972498843918,-0.6750670335879355,0.10610777037659602,0.11473826338350858,0.10179932103379216,-0.0011287791853759857,-0.06503618508577347,-0.05114342272281647,0.0039020925760269226,-0.06523832484193536,-0.051253881267055074,-0.0019891027676379697
7.879999999999876,2.6484701335430145,0.7597386837005615,3.5982537269592285,1.3939510019026016,-0.7129553548235478,0.11471453085585602,0.11334214118346217,0.10081196307047031,-0.0011291200416387607,-0.06958188116550446,-0.048931606113910675,0.005166081711649901,-0.0696224657029443,-0.049201925838026156,-0.00040325931160592005
7.889999999999876,2.6484701335430145,0.7597386837005615,3.5982537269592285,1.3939510019026016,-0.7129553548235478,0.11471453085585602,0.11334214118346217,0.10081196307047031,-0.0011291200416387607,-0.06958188116550446,-0.048931606113910675,0.005166081711649901,-0.0696224657029443,-0.049201925838026156,-0.00040325931160592005
7.899999999999876,2.6484701335430145,0.7597386837005615,3.5982537269592285,1.3939510019026016,-0.7129553548235478,0.11471453085585602,0.11334214118346217,0.10081196307047031,-0.0011291200416387607,-0.06958188116550446,-0.048931606113910675,0.005166081711649901,-0.0696224657029443,-0.049201925838026156,-0.00040325931160592005
7.909999999999876,2.688258558511734,0.7392089366912842,3.595370292663574,1.4074585656552905,-0.7464500783014093,0.11937659154124981,0.11024586999481867,0.09907597908605263,-0.001091027108169396,-0.08098996430635452,-0.04303736239671707,0.005176130682230001,-0.08094924741345097,-0.04334557764901684,0.0004116394591119835
7.919999999999876,2.688258558511734,0.7392089366912842,3.595370292663574,1.4074585656552905,-0.7464500783014093,0.11937659154124981,0.11024586999481867,0.09907597908605263,-0.001091027108169396,-0.08098996430635452,-0.04303736239671707,0.005176130682230001,-0.08094924741345097,-0.04334557764901684,0.0004116394591119835
7.929999999999875,2.688258558511734,0.7392089366912842,3.595370292663574,1.4074585656552905,-0.7464500783014093,0.11937659154124981,0.11024586999481867,0.09907597908605263,-0.001091027108169396,-0.08098996430635452,-0.04303736239671707,0.005176130682230001,-0.08094924741345097,-0.04334557764901684,0.0004116394591119835
7.939999999999875,2.688258558511734,0.7392089366912842,3.595370292663574,1.4074585656552905,-0.7464500783014093,0.11937659154124981,0.11024586999481867,0.09907597908605263,-0.001091027108169396,-0.08098996430635452,-0.04303736239671707,0.005176130682230001,-0.08094924741345097,-0.04334557764901684,0.0004116394591119835
7.949999999999875,2.7456190288066864,0.7082260251045227,3.591346025466919,1.4262642832320318,-0.7921059643879835,0.12800316661441644,0.10716401437212633,0.09757563270999894,-0.0010995025460400437,-0.08803614228963852,-0.0410819910466671,0.0060647018253803305,-0.08787601743436485,-0.04149499588571822,0.001643640168257753
7.959999999999875,2.7456190288066864,0.7082260251045227,3.591346025466919,1.4262642832320318,-0.7921059643879835,0.12800316661441644,0.10716401437212633,0.09757563270999894,-0.0010995025460400437,-0.08803614228963852,-0.0410819910466671,0.0060647018253803305,-0.08787601743436485,-0.04149499588571822,0.001643640168257753
7.9699999999998745,2.7456190288066864,0.7082260251045227,3.591346025466919,1.4262642832320318,-0.7921059643879835,0.12800316661441644,0.10716401437212633,0.09757563270999894,-0.0010995025460400437,-0.08803614228963852,-0.0410819910466671,0.0060647018253803305,-0.08787601743436485,-0.04149499588571822,0.001643640168257753
7.979999999999874,2.7919487953186035,0.6821074485778809,3.58831524848938,1.4403091640141787,-0.8270003894863869,0.13556360238030574,0.10496674088808224,0.09660225195688191,-0.001105624818750089,-0.0924125537276268,-0.03930370882153511,0.0024565777275711346,-0.0925748632216857,-0.03934476879731403,-0.0016827994287439518
7.989999999999874,2.7919487953186035,0.6821074485778809,3.58831524848938,1.4403091640141787,-0.8270003894863869,0.13556360238030574,0.10496674088808224,0.09660225195688191,-0.001105624818750089,-0.0924125537276268,-0.03930370882153511,0.0024565777275711346,-0.0925748632216857,-0.03934476879731403,-0.0016827994287439518
7.999999999999874,2.7919487953186035,0.6821074485778809,3.58831524848938,1.4403091640141787,-0.8270003894863869,0.13556360238030574,0.10496674088808224,0.09660225195688191,-0.001105624818750089,-0.0924125537276268,-0.03930370882153511,0.0024565777275711346,-0.0925748632216857,-0.03934476879731403,-0.0016827994287439518
8.009999999999874,2.833591967821121,0.6594632267951965,3.5861551761627197,1.4525082825049105,-0.8565253703379065,0.13875983007797033,0.10088547219949616,0.0949259204185852,-0.0010911145678875835,-0.10484647005796432,-0.04137217253446579,0.00550661981105805,-0.10472156646699403,-0.0417164066255203,0.0013177788609720954
8.019999999999873,2.833591967821121,0.6594632267951965,3.5861551761627197,1.4525082825049105,-0.8565253703379065,0.13875983007797033,0.10088547219949616,0.0949259204185852,-0.0010911145678875835,-0.10484647005796432,-0.04137217253446579,0.00550661981105805,-0.10472156646699403,-0.0417164066255203,0.0013177788609720954
8.029999999999873,2.833591967821121,0.6594632267951965,3.5861551761627197,1.4525082825049105,-0.8565253703379065,0.13875983007797033,0.10088547219949616,0.0949259204185852,-0.0010911145678875835,-0.10484647005796432,-0.04137217253446579,0.00550661981105805,-0.10472156646699403,-0.0417164066255203,0.0013177788609720954
8.039999999999873,2.833591967821121,0.6594632267951965,3.5861551761627197,1.4525082825049105,-0.8565253703379065,0.13875983007797033,0.10088547219949616,0.0949259204185852,-0.0010911145678875835,-0.10484647005796432,-0.04137217253446579,0.00550661981105805,-0.10472156646699403,-0.0417164066255203,0.0013177788609720954
8.049999999999873,2.8934147357940674,0.625419557094574,3.583207607269287,1.4694252884384966,-0.8967103010880356,0.14455910414527165,0.09642240933041507,0.0933441586290642,-0.001041388905092171,-0.11312850564718246,-0.04072587192058563,0.0045478898100554995,-0.1130717779613715,-0.040974537920872876,0.0006086095773478866
8.059999999999873,2.8934147357940674,0.625419557094574,3.583207607269287,1.4694252884384966,-0.8967103010880356,0.14455910414527165,0.09642240933041507,0.0933441586290642,-0.001041388905092171,-0.11312850564718246,-0.04072587192058563,0.0045478898100554995,-0.1130717779613715,-0.040974537920872876,0.0006086095773478866
8.069999999999872,2.8934147357940674,0.625419557094574,3.583207607269287,1.4694252884384966,-0.8967103010880356,0.14455910414527165,0.09642240933041507,0.0933441586290642,-0.001041388905092171,-0.11312850564718246,-0.04072587192058563,0.0045478898100554995,-0.1130717779613715,-0.040974537920872876,0.0006086095773478866
8.079999999999872,2.941589541733265,0.5968737602233887,3.5810298919677734,1.4822187349591134,-0.9268203189164707,0.1508352339686071,0.09415425751197014,0.09253964523386511,-0.0010255685006432492,-0.113212451338768,-0.041261687874794006,0.0035649961791932635,-0.11324307876032515,-0.04141409386616471,-0.0003314382567454572
8.089999999999872,2.941589541733265,0.5968737602233887,3.5810298919677734,1.4822187349591134,-0.9268203189164707,0.1508352339686071,0.09415425751197014,0.09253964523386511,-0.0010255685006432492,-0.113212451338768,-0.041261687874794006,0.0035649961791932635,-0.11324307876032515,-0.04141409386616471,-0.0003314382567454572
8.099999999999872,2.941589541733265,0.5968737602233887,3.5810298919677734,1.4822187349591134,-0.9268203189164707,0.1508352339686071,0.09415425751197014,0.09253964523386511,-0.0010255685006432492,-0.113212451338768,-0.041261687874794006,0.0035649961791932635,-0.11324307876032515,-0.04141409386616471,-0.0003314382567454572
8.109999999999872,2.984131747856736,0.5711592435836792,3.5792691707611084,1.4931171843031936,-0.952568477606296,0.15096382510064918,0.08946582075568166,0.0907879297044878,-0.000981344856030079,-0.12016543000936508,-0.04287388175725937,0.004900145810097461,-0.12006984754639478,-0.043140223018870064,0.0010542579309893
8.119999999999871,2.984131747856736,0.5711592435836792,3.5792691707611084,1.4931171843031936,-0.952568477606296,0.15096382510064918,0.08946582075568166,0.0907879297044878,-0.000981344856030079,-0.12016543000936508,-0.04287388175725937,0.004900145810097461,-0.12006984754639478,-0.043140223018870064,0.0010542579309893
8.129999999999871,2.984131747856736,0.5711592435836792,3.5792691707611084,1.4931171843031936,-0.952568477606296,0.15096382510064918,0.08946582075568166,0.0907879297044878,-0.000981344856030079,-0.12016543000936508,-0.04287388175725937,0.004900145810097461,-0.12006984754639478,-0.043140223018870064,0.0010542579309893
8.139999999999871,3.0452370047569275,0.5330302715301514,3.5768351554870605,1.508285809473983,-0.9870173123755493,0.15341213266711015,0.08456496953559257,0.08892520534341253,-0.0009665001247320925,-0.12284064292907715,-0.04672164469957352,0.0047948360443115295,-0.12276651548727453,-0.04695967758557335,0.0008346927947709762
8.14999999999987,3.0452370047569275,0.5330302715301514,3.5768351554870605,1.508285809473983,-0.9870173123755493,0.15341213266711015,0.08456496953559257,0.08892520534341253,-0.0009665001247320925,-0.12284064292907715,-0.04672164469957352,0.0047948360443115295,-0.12276651548727453,-0.04695967758557335,0.0008346927947709762
8.15999999999987,3.0452370047569275,0.5330302715301514,3.5768351554870605,1.508285809473983,-0.9870173123755493,0.15341213266711015,0.08456496953559257,0.08892520534341253,-0.0009665001247320925,-0.12284064292907715,-0.04672164469957352,0.0047948360443115295,-0.12276651548727453,-0.04695967758557335,0.0008346927947709762
8.16999999999987,3.0452370047569275,0.5330302715301514,3.5768351554870605,1.508285809473983,-0.9870173123755493,0.15341213266711015,0.08456496953559257,0.08892520534341253,-0.0009665001247320925,-0.12284064292907715,-0.04672164469957352,0.0047948360443115295,-0.12276651548727453,-0.04695967758557335,0.0008346927947709762
8.17999999999987,3.094429388642311,0.5014422535896301,3.5749881267547607,1.5193965298235914,-1.0123018099553682,0.15741046024910194,0.08210129916462457,0.08796749271721495,-0.0009854115538693782,-0.12423498928546906,-0.04819396138191223,0.0019687931053340496,-0.12441051357001583,-0.048193082870529896,-0.001997906950175849
8.18999999999987,3.094429388642311,0.5014422535896301,3.5749881267547607,1.5193965298235914,-1.0123018099553682,0.15741046024910194,0.08210129916462457,0.08796749271721495,-0.0009854115538693782,-0.12423498928546906,-0.04819396138191223,0.0019687931053340496,-0.12441051357001583,-0.048193082870529896,-0.001997906950175849
8.19999999999987,3.094429388642311,0.5014422535896301,3.5749881267547607,1.5193965298235914,-1.0123018099553682,0.15741046024910194,0.08210129916462457,0.08796749271721495,-0.0009854115538693782,-0.12423498928546906,-0.04819396138191223,0.0019687931053340496,-0.12441051357001583,-0.048193082870529896,-0.001997906950175849
8.20999999999987,3.1377911418676376,0.47318482398986816,3.5734455585479736,1.5282387145533292,-1.0335974796515288,0.15668619562909364,0.0771342064398292,0.0859491143086348,-0.0010463399524387957,-0.12527282536029816,-0.050547193735837936,0.0017832778394222322,-0.1254552356540355,-0.05053431367839939,-0.0021249209371892765
8.21999999999987,3.1377911418676376,0.47318482398986816,3.5734455585479736,1.5282387145533292,-1.0335974796515288,0.15668619562909364,0.0771342064398292,0.0859491143086348,-0.0010463399524387957,-0.12527282536029816,-0.050547193735837936,0.0017832778394222322,-0.1254552356540355,-0.05053431367839939,-0.0021249209371892765
8.229999999999869,3.1377911418676376,0.47318482398986816,3.5734455585479736,1.5282387145533292,-1.0335974796515288,0.15668619562909364,0.0771342064398292,0.0859491143086348,-0.0010463399524387957,-0.12527282536029816,-0.050547193735837936,0.0017832778394222322,-0.1254552356540355,-0.05053431367839939,-0.0021249209371892765
8.239999999999869,3.1377911418676376,0.47318482398986816,3.5734455585479736,1.5282387145533292,-1.0335974796515288,0.15668619562909364,0.0771342064398292,0.0859491143086348,-0.0010463399524387957,-0.12527282536029816,-0.050547193735837936,0.0017832778394222322,-0.1254552356540355,-0.05053431367839939,-0.0021249209371892765
8.249999999999869,3.2000343203544617,0.43167513608932495,3.5712835788726807,1.5408366873393173,-1.0621000517140402,0.15853908107637923,0.07238303087302508,0.08402892966159663,-0.0010200590344807885,-0.1347673237323761,-0.05435001105070114,0.004996608011424548,-0.13467863746407116,-0.05456904900960022,0.001056668478380797
8.259999999999868,3.2000343203544617,0.43167513608932495,3.5712835788726807,1.5408366873393173,-1.0621000517140402,0.15853908107637923,0.07238303087302508,0.08402892966159663,-0.0010200590344807885,-0.1347673237323761,-0.05435001105070114,0.004996608011424548,-0.13467863746407116,-0.05456904900960022,0.001056668478380797
8.269999999999868,3.2000343203544617,0.43167513608932495,3.5712835788726807,1.5408366873393173,-1.0621000517140402,0.15853908107637923,0.07238303087302508,0.08402892966159663,-0.0010200590344807885,-0.1347673237323761,-0.05435001105070114,0.004996608011424548,-0.13467863746407116,-0.05456904900960022,0.001056668478380797
8.279999999999868,3.250080168247223,0.397577702999115,3.569740056991577,1.5493988124225266,-1.0837641261375834,0.16000806900186942,0.06903260613533015,0.08268176684310011,-0.0009757746842739537,-0.14009544253349304,-0.05612567439675331,0.004815591964870698,-0.14001814926949843,-0.05632416291812528,0.0009358943763251958
8.289999999999868,3.250080168247223,0.397577702999115,3.569740056991577,1.5493988124225266,-1.0837641261375834,0.16000806900186942,0.06903260613533015,0.08268176684310011,-0.0009757746842739537,-0.14009544253349304,-0.05612567439675331,0.004815591964870698,-0.14001814926949843,-0.05632416291812528,0.0009358943763251958
8.299999999999867,3.250080168247223,0.397577702999115,3.569740056991577,1.5493988124225266,-1.0837641261375834,0.16000806900186942,0.06903260613533015,0.08268176684310011,-0.0009757746842739537,-0.14009544253349304,-0.05612567439675331,0.004815591964870698,-0.14001814926949843,-0.05632416291812528,0.0009358943763251958
8.309999999999867,3.2941349744796753,0.36721834540367126,3.568512439727783,1.5572636837629117,-1.1014293005140272,0.15758101663988258,0.06327814611802424,0.08064549375377823,-0.0009675719829470366,-0.146526500582695,-0.048350848257541656,0.0035668155178427757,-0.14648591511260167,-0.048479630043968554,0.0005038036745275114
8.319999999999867,3.2941349744796753,0.36721834540367126,3.568512439727783,1.5572636837629117,-1.1014293005140272,0.15758101663988258,0.06327814611802424,0.08064549375377823,-0.0009675719829470366,-0.146526500582695,-0.048350848257541656,0.0035668155178427757,-0.14648591511260167,-0.048479630043968554,0.0005038036745275114
8.329999999999867,3.2941349744796753,0.36721834540367126,3.568512439727783,1.5572636837629117,-1.1014293005140272,0.15758101663988258,0.06327814611802424,0.08064549375377823,-0.0009675719829470366,-0.146526500582695,-0.048350848257541656,0.0035668155178427757,-0.14648591511260167,-0.048479630043968554,0.0005038036745275114
8.339999999999867,3.2941349744796753,0.36721834540367126,3.568512439727783,1.5572636837629117,-1.1014293005140272,0.15758101663988258,0.06327814611802424,0.08064549375377823,-0.0009675719829470366,-0.146526500582695,-0.048350848257541656,0.0035668155178427757,-0.14648591511260167,-0.048479630043968554,0.0005038036745275114
8.349999999999866,3.3573082983493805,0.3229200839996338,3.5671651363372803,1.5670534154970464,-1.1247489574403897,0.1573079151097396,0.0570549498499853,0.0786030528657144,-0.0009481458203351996,-0.16158820688724518,-0.05168243497610092,0.004086387809365994,-0.16149899732378178,-0.05183135990131274,0.0011361071755069706
8.359999999999866,3.3573082983493805,0.3229200839996338,3.5671651363372803,1.5670534154970464,-1.1247489574403897,0.1573079151097396,0.0570549498499853,0.0786030528657144,-0.0009481458203351996,-0.16158820688724518,-0.05168243497610092,0.004086387809365994,-0.16149899732378178,-0.05183135990131274,0.0011361071755069706
8.369999999999866,3.3573082983493805,0.3229200839996338,3.5671651363372803,1.5670534154970464,-1.1247489574403897,0.1573079151097396,0.0570549498499853,0.0786030528657144,-0.0009481458203351996,-0.16158820688724518,-0.05168243497610092,0.004086387809365994,-0.16149899732378178,-0.05183135990131274,0.0011361071755069706
8.379999999999866,3.408048450946808,0.28678664565086365,3.566387176513672,1.5740120704308027,-1.1403823774105792,0.15915655876404594,0.05381458949752965,0.07753937325809411,-0.0009101151011736276,-0.16318583488464355,-0.0537157878279686,0.005137178581207998,-0.16301176328526695,-0.053914347606493565,0.0022471957730586783
8.389999999999866,3.408048450946808,0.28678664565086365,3.566387176513672,1.5740120704308027,-1.1403823774105792,0.15915655876404594,0.05381458949752965,0.07753937325809411,-0.0009101151011736276,-0.16318583488464355,-0.0537157878279686,0.005137178581207998,-0.16301176328526695,-0.053914347606493565,0.0022471957730586783
8.399999999999865,3.408048450946808,0.28678664565086365,3.566387176513672,1.5740120704308027,-1.1403823774105792,0.15915655876404594,0.05381458949752965,0.07753937325809411,-0.0009101151011736276,-0.16318583488464355,-0.0537157878279686,0.005137178581207998,-0.16301176328526695,-0.053914347606493565,0.0022471957730586783
8.409999999999865,3.4538396298885345,0.2543919086456299,3.5651490688323975,1.5804684192227463,-1.1540136815557038,0.15375258879759232,0.04679176195363706,0.07538906828111121,-0.0008766301726679871,-0.18055279552936554,-0.05591079965233803,0.0018927977653220365,-0.1806075174307181,-0.05593813836500652,-0.0007265479255794084
8.419999999999865,3.4538396298885345,0.2543919086456299,3.5651490688323975,1.5804684192227463,-1.1540136815557038,0.15375258879759232,0.04679176195363706,0.07538906828111121,-0.0008766301726679871,-0.18055279552936554,-0.05591079965233803,0.0018927977653220365,-0.1806075174307181,-0.05593813836500652,-0.0007265479255794084
8.429999999999865,3.4538396298885345,0.2543919086456299,3.5651490688323975,1.5804684192227463,-1.1540136815557038,0.15375258879759232,0.04679176195363706,0.07538906828111121,-0.0008766301726679871,-0.18055279552936554,-0.05591079965233803,0.0018927977653220365,-0.1806075174307181,-0.05593813836500652,-0.0007265479255794084
8.439999999999864,3.5191943645477295,0.20754538476467133,3.563784599304199,1.588997276272486,-1.1699040945654775,0.14986681708663047,0.0395940472663144,0.07327545597455096,-0.0008716503501730815,-0.1821015477180481,-0.05212220549583435,0.00012242472439539324,-0.1822440202853023,-0.05208620116375686,-0.0019460833292032072
8.449999999999864,3.5191943645477295,0.20754538476467133,3.563784599304199,1.588997276272486,-1.1699040945654775,0.14986681708663047,0.0395940472663144,0.07327545597455096,-0.0008716503501730815,-0.1821015477180481,-0.05212220549583435,0.00012242472439539324,-0.1822440202853023,-0.05208620116375686,-0.0019460833292032072
8.459999999999864,3.5191943645477295,0.20754538476467133,3.563784599304199,1.588997276272486,-1.1699040945654775,0.14986681708663047,0.0395940472663144,0.07327545597455096,-0.0008716503501730815,-0.1821015477180481,-0.05212220549583435,0.00012242472439539324,-0.1822440202853023,-0.05208620116375686,-0.0019460833292032072
8.469999999999864,3.5191943645477295,0.20754538476467133,3.563784599304199,1.588997276272486,-1.1699040945654775,0.14986681708663047,0.0395940472663144,0.07327545597455096,-0.0008716503501730815,-0.1821015477180481,-0.05212220549583435,0.00012242472439539324,-0.1822440202853023,-0.05208620116375686,-0.0019460833292032072
8.479999999999864,3.5714773535728455,0.16968661546707153,3.5630645751953125,1.5944822527434035,-1.1797710218296305,0.15069178184803,0.03588220362031626,0.07216978034404152,-0.0008580913007306493,-0.18672241270542145,-0.05550829693675041,0.0027687433175742696,-0.18666633838252092,-0.05557189369527379,0.0007776527682371303
8.489999999999863,3.5714773535728455,0.16968661546707153,3.5630645751953125,1.5944822527434035,-1.1797710218296305,0.15069178184803,0.03588220362031626,0.07216978034404152,-0.0008580913007306493,-0.18672241270542145,-0.05550829693675041,0.0027687433175742696,-0.18666633838252092,-0.05557189369527379,0.0007776527682371303
8.499999999999863,3.5714773535728455,0.16968661546707153,3.5630645751953125,1.5944822527434035,-1.1797710218296305,0.15069178184803,0.03588220362031626,0.07216978034404152,-0.0008580913007306493,-0.18672241270542145,-0.05550829693675041,0.0027687433175742696,-0.18666633838252092,-0.05557189369527379,0.0007776527682371303
8.509999999999863,3.617422342300415,0.1363133192062378,3.5626237392425537,1.5993404525659876,-1.188047482938919,0.14510623787973104,0.02899743485642651,0.06992400589161074,-0.0008383765016048128,-0.19232378900051117,-0.06613440811634064,0.0030124867334961974,-0.192247183969843,-0.06619394761175082,0.0010964402043455827
8.519999999999863,3.617422342300415,0.1363133192062378,3.5626237392425537,1.5993404525659876,-1.188047482938919,0.14510623787973104,0.02899743485642651,0.06992400589161074,-0.0008383765016048128,-0.19232378900051117,-0.06613440811634064,0.0030124867334961974,-0.192247183969843,-0.06619394761175082,0.0010964402043455827
8.529999999999863,3.617422342300415,0.1363133192062378,3.5626237392425537,1.5993404525659876,-1.188047482938919,0.14510623787973104,0.02899743485642651,0.06992400589161074,-0.0008383765016048128,-0.19232378900051117,-0.06613440811634064,0.0030124867334961974,-0.192247183969843,-0.06619394761175082,0.0010964402043455827
8.539999999999862,3.683009624481201,0.08835648000240326,3.5622715950012207,1.6051412820508761,-1.1963103461489304,0.13927680016882887,0.0205356458881334,0.0668906049004433,-0.000814413938256013,-0.1924009919166565,-0.071840800344944,0.003063267562538394,-0.19229464923662434,-0.07188855454309913,0.0015909861191306203
8.549999999999862,3.683009624481201,0.08835648000240326,3.5622715950012207,1.6051412820508761,-1.1963103461489304,0.13927680016882887,0.0205356458881334,0.0668906049004433,-0.000814413938256013,-0.1924009919166565,-0.071840800344944,0.003063267562538394,-0.19229464923662434,-0.07188855454309913,0.0015909861191306203
8.559999999999862,3.683009624481201,0.08835648000240326,3.5622715950012207,1.6051412820508761,-1.1963103461489304,0.13927680016882887,0.0205356458881334,0.0668906049004433,-0.000814413938256013,-0.1924009919166565,-0.071840800344944,0.003063267562538394,-0.19229464923662434,-0.07188855454309913,0.0015909861191306203
8.569999999999862,3.683009624481201,0.08835648000240326,3.5622715950012207,1.6051412820508761,-1.1963103461489304,0.13927680016882887,0.0205356458881334,0.0668906049004433,-0.000814413938256013,-0.1924009919166565,-0.071840800344944,0.003063267562538394,-0.19229464923662434,-0.07188855454309913,0.0015909861191306203
8.579999999999862,3.735449492931366,0.049814675003290176,3.562122344970703,1.6078248600669929,-1.2000913878246269,0.13859434046902508,0.016653689920511396,0.06551797806059721,-0.0008116322292741521,-0.19533291459083557,-0.06808657944202423,0.0010378804290667259,-0.19533922014659197,-0.06809442165073243,-9.631050001725975e-05
8.589999999999861,3.735449492931366,0.049814675003290176,3.562122344970703,1.6078248600669929,-1.2000913878246269,0.13859434046902508,0.016653689920511396,0.06551797806059721,-0.0008116322292741521,-0.19533291459083557,-0.06808657944202423,0.0010378804290667259,-0.19533922014659197,-0.06809442165073243,-9.631050001725975e-05
8.599999999999861,3.735449492931366,0.049814675003290176,3.562122344970703,1.6078248600669929,-1.2000913878246269,0.13859434046902508,0.016653689920511396,0.06551797806059721,-0.0008116322292741521,-0.19533291459083557,-0.06808657944202423,0.0010378804290667259,-0.19533922014659197,-0.06809442165073243,-9.631050001725975e-05
8.60999999999986,3.781426250934601,0.0160111915320158,3.562133550643921,1.6095776931091343,-1.2024470041783417,0.13019836158814527,0.00858753963917193,0.06267443633729308,-0.0007101088161254545,-0.2058493196964264,-0.07008793950080872,0.003219722071662554,-0.20568503992466594,-0.07011300432088743,0.0026228775477335374
8.61999999999986,3.781426250934601,0.0160111915320158,3.562133550643921,1.6095776931091343,-1.2024470041783417,0.13019836158814527,0.00858753963917193,0.06267443633729308,-0.0007101088161254545,-0.2058493196964264,-0.07008793950080872,0.003219722071662554,-0.20568503992466594,-0.07011300432088743,0.0026228775477335374
8.62999999999986,3.781426250934601,0.0160111915320158,3.562133550643921,1.6095776931091343,-1.2024470041783417,0.13019836158814527,0.00858753963917193,0.06267443633729308,-0.0007101088161254545,-0.2058493196964264,-0.07008793950080872,0.003219722071662554,-0.20568503992466594,-0.07011300432088743,0.0026228775477335374
8.63999999999986,3.781426250934601,0.0160111915320158,3.562133550643921,1.6095776931091343,-1.2024470041783417,0.13019836158814527,0.00858753963917193,0.06267443633729308,-0.0007101088161254545,-0.2058493196964264,-0.07008793950080872,0.003219722071662554,-0.20568503992466594,-0.07011300432088743,0.0026228775477335374
8.64999999999986,3.847002625465393,-0.032266728579998016,3.562530755996704,1.611665267875153,-1.2020057006444353,0.12535017797947418,0.001197599607572572,0.06010251160476985,-0.0006437983197407703,-0.20189860463142395,-0.06958457827568054,0.0014547014143318022,-0.20181608270594176,-0.06958627052445253,0.0013738465616895453
8.65999999999986,3.847002625465393,-0.032266728579998016,3.562530755996704,1.611665267875153,-1.2020057006444353,0.12535017797947418,0.001197599607572572,0.06010251160476985,-0.0006437983197407703,-0.20189860463142395,-0.06958457827568054,0.0014547014143318022,-0.20181608270594176,-0.06958627052445253,0.0013738465616895453
8.66999999999986,3.847002625465393,-0.032266728579998016,3.562530755996704,1.611665267875153,-1.2020057006444353,0.12535017797947418,0.001197599607572572,0.06010251160476985,-0.0006437983197407703,-0.20189860463142395,-0.06958457827568054,0.0014547014143318022,-0.20181608270594176,-0.06958627052445253,0.0013738465616895453
8.67999999999986,3.8993735313415527,-0.07080989331007004,3.5631346702575684,1.6121487173865356,-1.1990127482284039,0.12349233001112883,-0.0035886803555246908,0.058567099197155734,-0.0006357237287242754,-0.1990290880203247,-0.063475601375103,0.0004670200287364501,-0.19898834841277718,-0.06347351665424915,0.0006960035176617149
8.68999999999986,3.8993735313415527,-0.07080989331007004,3.5631346702575684,1.6121487173865356,-1.1990127482284039,0.12349233001112883,-0.0035886803555246908,0.058567099197155734,-0.0006357237287242754,-0.1990290880203247,-0.063475601375103,0.0004670200287364501,-0.19898834841277718,-0.06347351665424915,0.0006960035176617149
8.699999999999859,3.8993735313415527,-0.07080989331007004,3.5631346702575684,1.6121487173865356,-1.1990127482284039,0.12349233001112883,-0.0035886803555246908,0.058567099197155734,-0.0006357237287242754,-0.1990290880203247,-0.063475601375103,0.0004670200287364501,-0.19898834841277718,-0.06347351665424915,0.0006960035176617149
8.709999999999859,3.9452372789382935,-0.10443957149982452,3.563791275024414,1.6126008934570772,-1.1962265311107059,0.11634244803509976,-0.01141642383596431,0.056168376057901585,-0.00043885277006021855,-0.1973964273929596,-0.056699223816394806,0.003924068994820125,-0.1971394056917993,-0.056650731055749685,0.004578321729818286
8.719999999999859,3.9452372789382935,-0.10443957149982452,3.563791275024414,1.6126008934570772,-1.1962265311107059,0.11634244803509976,-0.01141642383596431,0.056168376057901585,-0.00043885277006021855,-0.1973964273929596,-0.056699223816394806,0.003924068994820125,-0.1971394056917993,-0.056650731055749685,0.004578321729818286
8.729999999999858,3.9452372789382935,-0.10443957149982452,3.563791275024414,1.6126008934570772,-1.1962265311107059,0.11634244803509976,-0.01141642383596431,0.056168376057901585,-0.00043885277006021855,-0.1973964273929596,-0.056699223816394806,0.003924068994820125,-0.1971394056917993,-0.056650731055749685,0.004578321729818286
8.739999999999858,4.010619521141052,-0.15221334993839264,3.565093755722046,1.611978576425627,-1.1882115788989336,0.11192955992662404,-0.01917177006691416,0.053980986714595294,-0.0004013926943589977,-0.1937718689441681,-0.05228184163570404,-0.00020006360136903183,-0.19372852073520902,-0.05227606899604736,0.0008034174837197006
8.749999999999858,4.010619521141052,-0.15221334993839264,3.565093755722046,1.611978576425627,-1.1882115788989336,0.11192955992662404,-0.01917177006691416,0.053980986714595294,-0.0004013926943589977,-0.1937718689441681,-0.05228184163570404,-0.00020006360136903183,-0.19372852073520902,-0.05227606899604736,0.0008034174837197006
8.759999999999858,4.010619521141052,-0.15221334993839264,3.565093755722046,1.611978576425627,-1.1882115788989336,0.11192955992662404,-0.01917177006691416,0.053980986714595294,-0.0004013926943589977,-0.1937718689441681,-0.05228184163570404,-0.00020006360136903183,-0.19372852073520902,-0.05227606899604736,0.0008034174837197006
8.769999999999857,4.010619521141052,-0.15221334993839264,3.565093755722046,1.611978576425627,-1.1882115788989336,0.11192955992662404,-0.01917177006691416,0.053980986714595294,-0.0004013926943589977,-0.1937718689441681,-0.05228184163570404,-0.00020006360136903183,-0.19372852073520902,-0.05227606899604736,0.0008034174837197006
8.779999999999857,4.0628087520599365,-0.19013381004333496,3.566321849822998,1.6104729433583782,-1.1800313847752388,0.1123340520362269,-0.023068116579496735,0.052861800953899384,-0.00037966265322257375,-0.19501128792762756,-0.055855266749858856,-0.00019442386110312554,-0.19495340375105522,-0.055844890648363975,0.0010955196875562275
8.789999999999857,4.0628087520599365,-0.19013381004333496,3.566321849822998,1.6104729433583782,-1.1800313847752388,0.1123340520362269,-0.023068116579496735,0.052861800953899384,-0.00037966265322257375,-0.19501128792762756,-0.055855266749858856,-0.00019442386110312554,-0.19495340375105522,-0.055844890648363975,0.0010955196875562275
8.799999999999857,4.0628087520599365,-0.19013381004333496,3.566321849822998,1.6104729433583782,-1.1800313847752388,0.1123340520362269,-0.023068116579496735,0.052861800953899384,-0.00037966265322257375,-0.19501128792762756,-0.055855266749858856,-0.00019442386110312554,-0.19495340375105522,-0.055844890648363975,0.0010955196875562275
8.809999999999857,4.130404949188232,-0.2360348403453827,3.567610263824463,1.6093046115729774,-1.1661343410683849,0.10623203935751632,-0.03106173749884254,0.05052743029877953,-0.000333626687490316,-0.2015431970357895,-0.0584433414041996,-0.00020864201360381424,-0.20146195463686742,-0.05842162942292052,0.001608571377341789
8.819999999999856,4.130404949188232,-0.2360348403453827,3.567610263824463,1.6093046115729774,-1.1661343410683849,0.10623203935751632,-0.03106173749884254,0.05052743029877953,-0.000333626687490316,-0.2015431970357895,-0.0584433414041996,-0.00020864201360381424,-0.20146195463686742,-0.05842162942292052,0.001608571377341789
8.829999999999856,4.130404949188232,-0.2360348403453827,3.567610263824463,1.6093046115729774,-1.1661343410683849,0.10623203935751632,-0.03106173749884254,0.05052743029877953,-0.000333626687490316,-0.2015431970357895,-0.0584433414041996,-0.00020864201360381424,-0.20146195463686742,-0.05842162942292052,0.001608571377341789
8.839999999999856,4.130404949188232,-0.2360348403453827,3.567610263824463,1.6093046115729774,-1.1661343410683849,0.10623203935751632,-0.03106173749884254,0.05052743029877953,-0.000333626687490316,-0.2015431970357895,-0.0584433414041996,-0.00020864201360381424,-0.20146195463686742,-0.05842162942292052,0.001608571377341789
8.849999999999856,4.1775959730148315,-0.2678185701370239,3.5688955783843994,1.6080811150569416,-1.1551107040645663,0.10002752205251192,-0.03811755641341464,0.0484838251713118,-0.00023397909983349696,-0.1988610029220581,-0.05738770216703415,0.00073647539829836,-0.19871917890225976,-0.057317950693023076,0.0029263284896408
8.859999999999856,4.1775959730148315,-0.2678185701370239,3.5688955783843994,1.6080811150569416,-1.1551107040645663,0.10002752205251192,-0.03811755641341464,0.0484838251713118,-0.00023397909983349696,-0.1988610029220581,-0.05738770216703415,0.00073647539829836,-0.19871917890225976,-0.057317950693023076,0.0029263284896408
8.869999999999855,4.1775959730148315,-0.2678185701370239,3.5688955783843994,1.6080811150569416,-1.1551107040645663,0.10002752205251192,-0.03811755641341464,0.0484838251713118,-0.00023397909983349696,-0.1988610029220581,-0.05738770216703415,0.00073647539829836,-0.19871917890225976,-0.057317950693023076,0.0029263284896408
8.879999999999855,4.231009125709534,-0.30383238196372986,3.570657968521118,1.6058620968610031,-1.1394087339239354,0.09958628527605601,-0.04284050049526603,0.04703368744502043,-0.00017271466306649342,-0.1973462700843811,-0.060704316943883896,0.0006984673673287109,-0.19719105570737194,-0.06061870634965315,0.0033012852473067044
8.889999999999855,4.231009125709534,-0.30383238196372986,3.570657968521118,1.6058620968610031,-1.1394087339239354,0.09958628527605601,-0.04284050049526603,0.04703368744502043,-0.00017271466306649342,-0.1973462700843811,-0.060704316943883896,0.0006984673673287109,-0.19719105570737194,-0.06061870634965315,0.0033012852473067044
8.899999999999855,4.231009125709534,-0.30383238196372986,3.570657968521118,1.6058620968610031,-1.1394087339239354,0.09958628527605601,-0.04284050049526603,0.04703368744502043,-0.00017271466306649342,-0.1973462700843811,-0.060704316943883896,0.0006984673673287109,-0.19719105570737194,-0.06061870634965315,0.0033012852473067044
8.909999999999854,4.27775764465332,-0.33487585186958313,3.5723466873168945,1.604011244278133,-1.1246096523782112,0.09302662014100822,-0.05055926840658851,0.04440672641726656,-8.552570393391815e-05,-0.19012847542762756,-0.07044500857591629,0.001492328708991417,-0.18990404937995917,-0.07027957168625766,0.0050555364585414915
8.919999999999854,4.27775764465332,-0.33487585186958313,3.5723466873168945,1.604011244278133,-1.1246096523782112,0.09302662014100822,-0.05055926840658851,0.04440672641726656,-8.552570393391815e-05,-0.19012847542762756,-0.07044500857591629,0.001492328708991417,-0.18990404937995917,-0.07027957168625766,0.0050555364585414915
8.929999999999854,4.27775764465332,-0.33487585186958313,3.5723466873168945,1.604011244278133,-1.1246096523782112,0.09302662014100822,-0.05055926840658851,0.04440672641726656,-8.552570393391815e-05,-0.19012847542762756,-0.07044500857591629,0.001492328708991417,-0.18990404937995917,-0.07027957168625766,0.0050555364585414915
8.939999999999854,4.27775764465332,-0.33487585186958313,3.5723466873168945,1.604011244278133,-1.1246096523782112,0.09302662014100822,-0.05055926840658851,0.04440672641726656,-8.552570393391815e-05,-0.19012847542762756,-0.07044500857591629,0.001492328708991417,-0.18990404937995917,-0.07027957168625766,0.0050555364585414915
8.949999999999854,4.344034314155579,-0.3785366714000702,3.57511568069458,1.5997205385782813,-1.1005234407335955,0.08990315695867944,-0.05785882634349467,0.04119484417652671,4.7317785862133195e-05,-0.17895248532295227,-0.08546964079141617,4.5055465307097175e-05,-0.17874691408367233,-0.08532401433867064,0.0049916293609813854
8.959999999999853,4.344034314155579,-0.3785366714000702,3.57511568069458,1.5997205385782813,-1.1005234407335955,0.08990315695867944,-0.05785882634349467,0.04119484417652671,4.7317785862133195e-05,-0.17895248532295227,-0.08546964079141617,4.5055465307097175e-05,-0.17874691408367233,-0.08532401433867064,0.0049916293609813854
8.969999999999853,4.344034314155579,-0.3785366714000702,3.57511568069458,1.5997205385782813,-1.1005234407335955,0.08990315695867944,-0.05785882634349467,0.04119484417652671,4.7317785862133195e-05,-0.17895248532295227,-0.08546964079141617,4.5055465307097175e-05,-0.17874691408367233,-0.08532401433867064,0.0049916293609813854
8.979999999999853,4.396667718887329,-0.4127775728702545,3.5776631832122803,1.5950549698519223,-1.0794048596242787,0.0916164802880371,-0.06134927530537078,0.039494295402634744,0.0001488046489879486,-0.17282764613628387,-0.08548325300216675,0.00034297001548112485,-0.17260702009724327,-0.08530140759065531,0.005587728623149739
8.989999999999853,4.396667718887329,-0.4127775728702545,3.5776631832122803,1.5950549698519223,-1.0794048596242787,0.0916164802880371,-0.06134927530537078,0.039494295402634744,0.0001488046489879486,-0.17282764613628387,-0.08548325300216675,0.00034297001548112485,-0.17260702009724327,-0.08530140759065531,0.005587728623149739
8.999999999999853,4.396667718887329,-0.4127775728702545,3.5776631832122803,1.5950549698519223,-1.0794048596242787,0.0916164802880371,-0.06134927530537078,0.039494295402634744,0.0001488046489879486,-0.17282764613628387,-0.08548325300216675,0.00034297001548112485,-0.17260702009724327,-0.08530140759065531,0.005587728623149739
9.009999999999852,4.442644476890564,-0.4421434700489044,3.5800604820251465,1.5904556648517263,-1.0605280202902547,0.08537885485155125,-0.068164079350545,0.036132731900573076,0.00035727147568479655,-0.16661258041858673,-0.08264032751321793,-0.00244270171970128,-0.16649720494667425,-0.08261478984221751,0.003193796175260332
9.019999999999852,4.442644476890564,-0.4421434700489044,3.5800604820251465,1.5904556648517263,-1.0605280202902547,0.08537885485155125,-0.068164079350545,0.036132731900573076,0.00035727147568479655,-0.16661258041858673,-0.08264032751321793,-0.00244270171970128,-0.16649720494667425,-0.08261478984221751,0.003193796175260332
9.029999999999852,4.442644476890564,-0.4421434700489044,3.5800604820251465,1.5904556648517263,-1.0605280202902547,0.08537885485155125,-0.068164079350545,0.036132731900573076,0.00035727147568479655,-0.16661258041858673,-0.08264032751321793,-0.00244270171970128,-0.16649720494667425,-0.08261478984221751,0.003193796175260332
9.039999999999852,4.5077842473983765,-0.48317649960517883,3.5838444232940674,1.5827694097527638,-1.0307986031772984,0.08188675948368179,-0.07485303643963614,0.03287299455981399,0.0005108594853931788,-0.16519096493721008,-0.08017309010028839,-0.0025997385382652183,-0.1650790532885653,-0.08014300761190528,0.003404977508221603
9.049999999999851,4.5077842473983765,-0.48317649960517883,3.5838444232940674,1.5827694097527638,-1.0307986031772984,0.08188675948368179,-0.07485303643963614,0.03287299455981399,0.0005108594853931788,-0.16519096493721008,-0.08017309010028839,-0.0025997385382652183,-0.1650790532885653,-0.08014300761190528,0.003404977508221603
9.059999999999851,4.5077842473983765,-0.48317649960517883,3.5838444232940674,1.5827694097527638,-1.0307986031772984,0.08188675948368179,-0.07485303643963614,0.03287299455981399,0.0005108594853931788,-0.16519096493721008,-0.08017309010028839,-0.0025997385382652183,-0.1650790532885653,-0.08014300761190528,0.003404977508221603
9.069999999999851,4.5077842473983765,-0.48317649960517883,3.5838444232940674,1.5827694097527638,-1.0307986031772984,0.08188675948368179,-0.07485303643963614,0.03287299455981399,0.0005108594853931788,-0.16519096493721008,-0.08017309010028839,-0.0025997385382652183,-0.1650790532885653,-0.08014300761190528,0.003404977508221603
9.07999999999985,4.559466361999512,-0.5151529908180237,3.5871872901916504,1.57544344391502,-1.0053251815045983,0.0827391235746735,-0.07820016709922564,0.03135329047415456,0.0005637430109377737,-0.1688244640827179,-0.07558289170265198,-0.0034050592221319584,-0.16874574405576132,-0.07561790959340357,0.002511153521298571
9.08999999999985,4.559466361999512,-0.5151529908180237,3.5871872901916504,1.57544344391502,-1.0053251815045983,0.0827391235746735,-0.07820016709922564,0.03135329047415456,0.0005637430109377737,-0.1688244640827179,-0.07558289170265198,-0.0034050592221319584,-0.16874574405576132,-0.07561790959340357,0.002511153521298571
9.09999999999985,4.559466361999512,-0.5151529908180237,3.5871872901916504,1.57544344391502,-1.0053251815045983,0.0827391235746735,-0.07820016709922564,0.03135329047415456,0.0005637430109377737,-0.1688244640827179,-0.07558289170265198,-0.0034050592221319584,-0.16874574405576132,-0.07561790959340357,0.002511153521298571
9.10999999999985,4.604515194892883,-0.542431116104126,3.590243101119995,1.5684394231831769,-0.9822938570870805,0.07791617820368511,-0.08491655831450429,0.028373512092909833,0.000661963134819142,-0.1690153032541275,-0.0701131597161293,-0.0053501198999583634,-0.1689978269092785,-0.07031429279605747,0.0006160213765080753
9.11999999999985,4.604515194892883,-0.542431116104126,3.590243101119995,1.5684394231831769,-0.9822938570870805,0.07791617820368511,-0.08491655831450429,0.028373512092909833,0.000661963134819142,-0.1690153032541275,-0.0701131597161293,-0.0053501198999583634,-0.1689978269092785,-0.07031429279605747,0.0006160213765080753
9.12999999999985,4.604515194892883,-0.542431116104126,3.590243101119995,1.5684394231831769,-0.9822938570870805,0.07791617820368511,-0.08491655831450429,0.028373512092909833,0.000661963134819142,-0.1690153032541275,-0.0701131597161293,-0.0053501198999583634,-0.1689978269092785,-0.07031429279605747,0.0006160213765080753
9.13999999999985,4.604515194892883,-0.542431116104126,3.590243101119995,1.5684394231831769,-0.9822938570870805,0.07791617820368511,-0.08491655831450429,0.028373512092909833,0.000661963134819142,-0.1690153032541275,-0.0701131597161293,-0.0053501198999583634,-0.1689978269092785,-0.07031429279605747,0.0006160213765080753
9.14999999999985,4.668315410614014,-0.5802867412567139,3.59500789642334,1.5583524756723988,-0.9476137851373215,0.07720922226140109,-0.0915666247335828,0.025583943406514677,0.0007659619944121467,-0.16688501834869385,-0.06675511598587036,-0.004047365393489591,-0.16683195609186216,-0.06684554502789089,0.0020742715450807895
9.15999999999985,4.668315410614014,-0.5802867412567139,3.59500789642334,1.5583524756723988,-0.9476137851373215,0.07720922226140109,-0.0915666247335828,0.025583943406514677,0.0007659619944121467,-0.16688501834869385,-0.06675511598587036,-0.004047365393489591,-0.16683195609186216,-0.06684554502789089,0.0020742715450807895
9.169999999999849,4.668315410614014,-0.5802867412567139,3.59500789642334,1.5583524756723988,-0.9476137851373215,0.07720922226140109,-0.0915666247335828,0.025583943406514677,0.0007659619944121467,-0.16688501834869385,-0.06675511598587036,-0.004047365393489591,-0.16683195609186216,-0.06684554502789089,0.0020742715450807895
9.179999999999849,4.718912839889526,-0.6095529198646545,3.5990405082702637,1.54919841472694,-0.9181494113068989,0.08109378990948202,-0.09494863015861564,0.024301736908949368,0.0008482298069387851,-0.16962175071239471,-0.06387204676866531,-0.002401883946731679,-0.16953268213840036,-0.06381206509374289,0.003665472219909407
9.189999999999849,4.718912839889526,-0.6095529198646545,3.5990405082702637,1.54919841472694,-0.9181494113068989,0.08109378990948202,-0.09494863015861564,0.024301736908949368,0.0008482298069387851,-0.16962175071239471,-0.06387204676866531,-0.002401883946731679,-0.16953268213840036,-0.06381206509374289,0.003665472219909407
9.199999999999848,4.718912839889526,-0.6095529198646545,3.5990405082702637,1.54919841472694,-0.9181494113068989,0.08109378990948202,-0.09494863015861564,0.024301736908949368,0.0008482298069387851,-0.16962175071239471,-0.06387204676866531,-0.002401883946731679,-0.16953268213840036,-0.06381206509374289,0.003665472219909407
9.209999999999848,4.76446533203125,-0.6359017491340637,3.6012325286865234,1.5423199854436338,-0.8918903694373945,0.0782100374931041,-0.1018179459181524,0.02168251943317499,0.0009245890957439054,-0.17562390863895416,-0.06478453427553177,-0.002435282338410608,-0.17553364822767176,-0.06469654432447967,0.00416314553886908
9.219999999999848,4.76446533203125,-0.6359017491340637,3.6012325286865234,1.5423199854436338,-0.8918903694373945,0.0782100374931041,-0.1018179459181524,0.02168251943317499,0.0009245890957439054,-0.17562390863895416,-0.06478453427553177,-0.002435282338410608,-0.17553364822767176,-0.06469654432447967,0.00416314553886908
9.229999999999848,4.76446533203125,-0.6359017491340637,3.6012325286865234,1.5423199854436338,-0.8918903694373945,0.0782100374931041,-0.1018179459181524,0.02168251943317499,0.0009245890957439054,-0.17562390863895416,-0.06478453427553177,-0.002435282338410608,-0.17553364822767176,-0.06469654432447967,0.00416314553886908
9.239999999999847,4.82866370677948,-0.6718896627426147,3.604947805404663,1.5310640867354386,-0.852593673461881,0.07986303705086696,-0.10795930931882326,0.01949891958064199,0.000990813569639256,-0.172622948884964,-0.05863499268889427,-0.004213272128254168,-0.17258142728000436,-0.05874760167308801,0.0021295660020930946
9.249999999999847,4.82866370677948,-0.6718896627426147,3.604947805404663,1.5310640867354386,-0.852593673461881,0.07986303705086696,-0.10795930931882326,0.01949891958064199,0.000990813569639256,-0.172622948884964,-0.05863499268889427,-0.004213272128254168,-0.17258142728000436,-0.05874760167308801,0.0021295660020930946
9.259999999999847,4.82866370677948,-0.6718896627426147,3.604947805404663,1.5310640867354386,-0.852593673461881,0.07986303705086696,-0.10795930931882326,0.01949891958064199,0.000990813569639256,-0.172622948884964,-0.05863499268889427,-0.004213272128254168,-0.17258142728000436,-0.05874760167308801,0.0021295660020930946
9.269999999999847,4.82866370677948,-0.6718896627426147,3.604947805404663,1.5310640867354386,-0.852593673461881,0.07986303705086696,-0.10795930931882326,0.01949891958064199,0.000990813569639256,-0.172622948884964,-0.05863499268889427,-0.004213272128254168,-0.17258142728000436,-0.05874760167308801,0.0021295660020930946
9.279999999999847,4.879343628883362,-0.6992769241333008,3.6083028316497803,1.521257627552334,-0.8188786368961295,0.08383870685139977,-0.11206553728974951,0.01783950290917472,0.0009799623339847422,-0.17228639125823975,-0.07065442204475403,-0.007986007258296004,-0.1722870076747933,-0.07110430699134529,-3.455529301666929e-05
9.289999999999846,4.879343628883362,-0.6992769241333008,3.6083028316497803,1.521257627552334,-0.8188786368961295,0.08383870685139977,-0.11206553728974951,0.01783950290917472,0.0009799623339847422,-0.17228639125823975,-0.07065442204475403,-0.007986007258296004,-0.1722870076747933,-0.07110430699134529,-3.455529301666929e-05
9.299999999999846,4.879343628883362,-0.6992769241333008,3.6083028316497803,1.521257627552334,-0.8188786368961295,0.08383870685139977,-0.11206553728974951,0.01783950290917472,0.0009799623339847422,-0.17228639125823975,-0.07065442204475403,-0.007986007258296004,-0.1722870076747933,-0.07110430699134529,-3.455529301666929e-05
9.309999999999846,4.923486948013306,-0.7223640084266663,3.611335515975952,1.5126134260175457,-0.7880430075205057,0.0839190714348626,-0.11836107049491207,0.015004964431563118,0.001069450995760337,-0.17539995908737183,-0.0841108188033104,-0.005817055702209462,-0.17533759585645475,-0.08420924411207792,0.004156329155752449
9.319999999999846,4.923486948013306,-0.7223640084266663,3.611335515975952,1.5126134260175457,-0.7880430075205057,0.0839190714348626,-0.11836107049491207,0.015004964431563118,0.001069450995760337,-0.17539995908737183,-0.0841108188033104,-0.005817055702209462,-0.17533759585645475,-0.08420924411207792,0.004156329155752449
9.329999999999846,4.923486948013306,-0.7223640084266663,3.611335515975952,1.5126134260175457,-0.7880430075205057,0.0839190714348626,-0.11836107049491207,0.015004964431563118,0.001069450995760337,-0.17539995908737183,-0.0841108188033104,-0.005817055702209462,-0.17533759585645475,-0.08420924411207792,0.004156329155752449
9.339999999999845,4.923486948013306,-0.7223640084266663,3.611335515975952,1.5126134260175457,-0.7880430075205057,0.0839190714348626,-0.11836107049491207,0.015004964431563118,0.001069450995760337,-0.17539995908737183,-0.0841108188033104,-0.005817055702209462,-0.17533759585645475,-0.08420924411207792,0.004156329155752449
9.349999999999845,4.985696077346802,-0.7535533905029297,3.61630916595459,1.4980597803523508,-0.7428119731882865,0.0869875539133467,-0.1258884371080248,0.011227347420485421,0.0012071214107142033,-0.16943341493606567,-0.08869877457618713,-0.00816892646253108,-0.16939936771526937,-0.08902251698810092,0.0030325895178916415
9.359999999999845,4.985696077346802,-0.7535533905029297,3.61630916595459,1.4980597803523508,-0.7428119731882865,0.0869875539133467,-0.1258884371080248,0.011227347420485421,0.0012071214107142033,-0.16943341493606567,-0.08869877457618713,-0.00816892646253108,-0.16939936771526937,-0.08902251698810092,0.0030325895178916415
9.369999999999845,4.985696077346802,-0.7535533905029297,3.61630916595459,1.4980597803523508,-0.7428119731882865,0.0869875539133467,-0.1258884371080248,0.011227347420485421,0.0012071214107142033,-0.16943341493606567,-0.08869877457618713,-0.00816892646253108,-0.16939936771526937,-0.08902251698810092,0.0030325895178916415
9.379999999999844,5.034773826599121,-0.7769864797592163,3.620767831802368,1.4848068879025225,-0.7051124887145355,0.09520072200043345,-0.12848452753310058,0.009821636710949048,0.0012725142210639735,-0.16283079981803894,-0.0872955247759819,-0.0063577368855476275,-0.16278286909725062,-0.08739059142285603,0.004880193883172961
9.389999999999844,5.034773826599121,-0.7769864797592163,3.620767831802368,1.4848068879025225,-0.7051124887145355,0.09520072200043345,-0.12848452753310058,0.009821636710949048,0.0012725142210639735,-0.16283079981803894,-0.0872955247759819,-0.0063577368855476275,-0.16278286909725062,-0.08739059142285603,0.004880193883172961
9.399999999999844,5.034773826599121,-0.7769864797592163,3.620767831802368,1.4848068879025225,-0.7051124887145355,0.09520072200043345,-0.12848452753310058,0.009821636710949048,0.0012725142210639735,-0.16283079981803894,-0.0872955247759819,-0.0063577368855476275,-0.16278286909725062,-0.08739059142285603,0.004880193883172961
9.409999999999844,5.077400207519531,-0.7965065240859985,3.624793767929077,1.4732047324029591,-0.6716309397335709,0.09503598326101122,-0.1354418913684555,0.006192928903848048,0.001481954200792884,-0.15674050152301788,-0.08159839361906052,-0.007181717082858075,-0.1567163355604343,-0.08182083006516032,0.0039022112848042406
9.419999999999844,5.077400207519531,-0.7965065240859985,3.624793767929077,1.4732047324029591,-0.6716309397335709,0.09503598326101122,-0.1354418913684555,0.006192928903848048,0.001481954200792884,-0.15674050152301788,-0.08159839361906052,-0.007181717082858075,-0.1567163355604343,-0.08182083006516032,0.0039022112848042406
9.429999999999843,5.077400207519531,-0.7965065240859985,3.624793767929077,1.4732047324029591,-0.6716309397335709,0.09503598326101122,-0.1354418913684555,0.006192928903848048,0.001481954200792884,-0.15674050152301788,-0.08159839361906052,-0.007181717082858075,-0.1567163355604343,-0.08182083006516032,0.0039022112848042406
9.439999999999843,5.137424945831299,-0.8225027918815613,3.6309196949005127,1.455745878879767,-0.6213786550097153,0.10064955538751799,-0.14133822082831532,0.003100868738953003,0.0016116317058757282,-0.14592882990837097,-0.07490614056587219,-0.008091117255389682,-0.14592094917609333,-0.07529898470756048,0.002541463560860044
9.449999999999843,5.137424945831299,-0.8225027918815613,3.6309196949005127,1.455745878879767,-0.6213786550097153,0.10064955538751799,-0.14133822082831532,0.003100868738953003,0.0016116317058757282,-0.14592882990837097,-0.07490614056587219,-0.008091117255389682,-0.14592094917609333,-0.07529898470756048,0.002541463560860044
9.459999999999843,5.137424945831299,-0.8225027918815613,3.6309196949005127,1.455745878879767,-0.6213786550097153,0.10064955538751799,-0.14133822082831532,0.003100868738953003,0.0016116317058757282,-0.14592882990837097,-0.07490614056587219,-0.008091117255389682,-0.14592094917609333,-0.07529898470756048,0.002541463560860044
9.469999999999843,5.137424945831299,-0.8225027918815613,3.6309196949005127,1.455745878879767,-0.6213786550097153,0.10064955538751799,-0.14133822082831532,0.003100868738953003,0.0016116317058757282,-0.14592882990837097,-0.07490614056587219,-0.008091117255389682,-0.14592094917609333,-0.07529898470756048,0.002541463560860044
9.479999999999842,5.184726238250732,-0.8416827321052551,3.6361265182495117,1.4406969174721405,-0.5803104285836546,0.10795553478959669,-0.14417947993863398,0.0016696053459621116,0.0016307976421224223,-0.1422482430934906,-0.07092433422803879,-0.010198531672358504,-0.14224807992490043,-0.07165376251847944,9.772888327543316e-05
9.489999999999842,5.184726238250732,-0.8416827321052551,3.6361265182495117,1.4406969174721405,-0.5803104285836546,0.10795553478959669,-0.14417947993863398,0.0016696053459621116,0.0016307976421224223,-0.1422482430934906,-0.07092433422803879,-0.010198531672358504,-0.14224807992490043,-0.07165376251847944,9.772888327543316e-05
9.499999999999842,5.184726238250732,-0.8416827321052551,3.6361265182495117,1.4406969174721405,-0.5803104285836546,0.10795553478959669,-0.14417947993863398,0.0016696053459621116,0.0016307976421224223,-0.1422482430934906,-0.07092433422803879,-0.010198531672358504,-0.14224807992490043,-0.07165376251847944,9.772888327543316e-05
9.509999999999842,5.225742340087891,-0.8573818206787109,3.640763282775879,1.4272694097188872,-0.5440092640443528,0.1115080286276452,-0.14959062360615621,-0.0009935418398784959,0.001666236601906646,-0.13112808763980865,-0.06675070524215698,-0.006982859224081032,-0.13113111119202805,-0.06704592365127439,0.00304320622995055
9.519999999999841,5.225742340087891,-0.8573818206787109,3.640763282775879,1.4272694097188872,-0.5440092640443528,0.1115080286276452,-0.14959062360615621,-0.0009935418398784959,0.001666236601906646,-0.13112808763980865,-0.06675070524215698,-0.006982859224081032,-0.13113111119202805,-0.06704592365127439,0.00304320622995055
9.529999999999841,5.225742340087891,-0.8573818206787109,3.640763282775879,1.4272694097188872,-0.5440092640443528,0.1115080286276452,-0.14959062360615621,-0.0009935418398784959,0.001666236601906646,-0.13112808763980865,-0.06675070524215698,-0.006982859224081032,-0.13113111119202805,-0.06704592365127439,0.00304320622995055
9.539999999999841,5.225742340087891,-0.8573818206787109,3.640763282775879,1.4272694097188872,-0.5440092640443528,0.1115080286276452,-0.14959062360615621,-0.0009935418398784959,0.001666236601906646,-0.13112808763980865,-0.06675070524215698,-0.006982859224081032,-0.13113111119202805,-0.06704592365127439,0.00304320622995055
9.54999999999984,5.283463716506958,-0.8778043985366821,3.64766001701355,1.4077804574326398,-0.4901647098374364,0.11968392053932905,-0.15473904119216522,-0.003556540359138358,0.0016801247049285182,-0.1266568899154663,-0.06467672437429428,-0.008609681390225879,-0.12666208715288985,-0.06523089648575672,0.0014613213559655817
9.55999999999984,5.283463716506958,-0.8778043985366821,3.64766001701355,1.4077804574326398,-0.4901647098374364,0.11968392053932905,-0.15473904119216522,-0.003556540359138358,0.0016801247049285182,-0.1266568899154663,-0.06467672437429428,-0.008609681390225879,-0.12666208715288985,-0.06523089648575672,0.0014613213559655817
9.56999999999984,5.283463716506958,-0.8778043985366821,3.64766001701355,1.4077804574326398,-0.4901647098374364,0.11968392053932905,-0.15473904119216522,-0.003556540359138358,0.0016801247049285182,-0.1266568899154663,-0.06467672437429428,-0.008609681390225879,-0.12666208715288985,-0.06523089648575672,0.0014613213559655817
9.57999999999984,5.328903675079346,-0.8924282789230347,3.653400421142578,1.3912469565870658,-0.44596092625850375,0.12878465741284906,-0.157160200392164,-0.004754805032891701,0.001707412075820469,-0.12187878042459488,-0.059689901769161224,-0.007431377656757825,-0.121888302070989,-0.06011738247387345,0.0020025389487444666
9.58999999999984,5.328903675079346,-0.8924282789230347,3.653400421142578,1.3912469565870658,-0.44596092625850375,0.12878465741284906,-0.157160200392164,-0.004754805032891701,0.001707412075820469,-0.12187878042459488,-0.059689901769161224,-0.007431377656757825,-0.121888302070989,-0.06011738247387345,0.0020025389487444666
9.59999999999984,5.328903675079346,-0.8924282789230347,3.653400421142578,1.3912469565870658,-0.44596092625850375,0.12878465741284906,-0.157160200392164,-0.004754805032891701,0.001707412075820469,-0.12187878042459488,-0.059689901769161224,-0.007431377656757825,-0.121888302070989,-0.06011738247387345,0.0020025389487444666
9.60999999999984,5.369178295135498,-0.9050301313400269,3.658390760421753,1.376795502179421,-0.4075282836041919,0.13430632900929446,-0.16159302341857043,-0.007225902992664942,0.001693987642980402,-0.10802563279867172,-0.05782965198159218,-0.00955014303326606,-0.10802475502429529,-0.058612789767620986,-0.0001214771380146623
9.61999999999984,5.369178295135498,-0.9050301313400269,3.658390760421753,1.376795502179421,-0.4075282836041919,0.13430632900929446,-0.16159302341857043,-0.007225902992664942,0.001693987642980402,-0.10802563279867172,-0.05782965198159218,-0.00955014303326606,-0.10802475502429529,-0.058612789767620986,-0.0001214771380146623
9.62999999999984,5.369178295135498,-0.9050301313400269,3.658390760421753,1.376795502179421,-0.4075282836041919,0.13430632900929446,-0.16159302341857043,-0.007225902992664942,0.001693987642980402,-0.10802563279867172,-0.05782965198159218,-0.00955014303326606,-0.10802475502429529,-0.058612789767620986,-0.0001214771380146623
9.639999999999839,5.369178295135498,-0.9050301313400269,3.658390760421753,1.376795502179421,-0.4075282836041919,0.13430632900929446,-0.16159302341857043,-0.007225902992664942,0.001693987642980402,-0.10802563279867172,-0.05782965198159218,-0.00955014303326606,-0.10802475502429529,-0.058612789767620986,-0.0001214771380146623
9.649999999999839,5.42561149597168,-0.9207502007484436,3.6659083366394043,1.3554246838497856,-0.35125799448688944,0.14561582403619866,-0.1656505281432861,-0.009567673622381841,0.0017054981914135729,-0.09808235615491867,-0.05628063529729843,-0.010056928731501096,-0.09807624295258954,-0.05716855342903249,-0.0006389531916403614
9.659999999999838,5.42561149597168,-0.9207502007484436,3.6659083366394043,1.3554246838497856,-0.35125799448688944,0.14561582403619866,-0.1656505281432861,-0.009567673622381841,0.0017054981914135729,-0.09808235615491867,-0.05628063529729843,-0.010056928731501096,-0.09807624295258954,-0.05716855342903249,-0.0006389531916403614
9.669999999999838,5.42561149597168,-0.9207502007484436,3.6659083366394043,1.3554246838497856,-0.35125799448688944,0.14561582403619866,-0.1656505281432861,-0.009567673622381841,0.0017054981914135729,-0.09808235615491867,-0.05628063529729843,-0.010056928731501096,-0.09807624295258954,-0.05716855342903249,-0.0006389531916403614
9.679999999999838,5.469871997833252,-0.9314296245574951,3.6720712184906006,1.3378730545540782,-0.30554961088792476,0.15584836630717924,-0.16753399395923535,-0.010804582081645983,0.001708788372395053,-0.09453468024730682,-0.06189034506678581,-0.009752438403666013,-0.09454229135733516,-0.06265004931607435,0.000704447248249671
9.689999999999838,5.469871997833252,-0.9314296245574951,3.6720712184906006,1.3378730545540782,-0.30554961088792476,0.15584836630717924,-0.16753399395923535,-0.010804582081645983,0.001708788372395053,-0.09453468024730682,-0.06189034506678581,-0.009752438403666013,-0.09454229135733516,-0.06265004931607435,0.000704447248249671
9.699999999999838,5.469871997833252,-0.9314296245574951,3.6720712184906006,1.3378730545540782,-0.30554961088792476,0.15584836630717924,-0.16753399395923535,-0.010804582081645983,0.001708788372395053,-0.09453468024730682,-0.06189034506678581,-0.009752438403666013,-0.09454229135733516,-0.06265004931607435,0.000704447248249671
9.709999999999837,5.5081706047058105,-0.9395797252655029,3.6774885654449463,1.3223411356688135,-0.26491888875561054,0.1619792181214477,-0.17119089727056905,-0.013397038759071054,0.0017358662036037874,-0.09331625699996948,-0.06580203026533127,-0.010757758282124988,-0.09332441977166132,-0.06667282319079042,0.0006093149404393529
9.719999999999837,5.5081706047058105,-0.9395797252655029,3.6774885654449463,1.3223411356688135,-0.26491888875561054,0.1619792181214477,-0.17119089727056905,-0.013397038759071054,0.0017358662036037874,-0.09331625699996948,-0.06580203026533127,-0.010757758282124988,-0.09332441977166132,-0.06667282319079042,0.0006093149404393529
9.729999999999837,5.5081706047058105,-0.9395797252655029,3.6774885654449463,1.3223411356688135,-0.26491888875561054,0.1619792181214477,-0.17119089727056905,-0.013397038759071054,0.0017358662036037874,-0.09331625699996948,-0.06580203026533127,-0.010757758282124988,-0.09332441977166132,-0.06667282319079042,0.0006093149404393529
9.739999999999837,5.5081706047058105,-0.9395797252655029,3.6774885654449463,1.3223411356688135,-0.26491888875561054,0.1619792181214477,-0.17119089727056905,-0.013397038759071054,0.0017358662036037874,-0.09331625699996948,-0.06580203026533127,-0.010757758282124988,-0.09332441977166132,-0.06667282319079042,0.0006093149404393529
9.749999999999837,5.561842441558838,-0.9489284753799438,3.685530662536621,1.2990528630663505,-0.20689741137911427,0.17303665148236674,-0.17445360269144009,-0.016205280504953574,0.001877314946529964,-0.07655709981918335,-0.07239719480276108,-0.008525461889803401,-0.07662468057266636,-0.07277808065706105,0.004170474646366084
9.759999999999836,5.561842441558838,-0.9489284753799438,3.685530662536621,1.2990528630663505,-0.20689741137911427,0.17303665148236674,-0.17445360269144009,-0.016205280504953574,0.001877314946529964,-0.07655709981918335,-0.07239719480276108,-0.008525461889803401,-0.07662468057266636,-0.07277808065706105,0.004170474646366084
9.769999999999836,5.561842441558838,-0.9489284753799438,3.685530662536621,1.2990528630663505,-0.20689741137911427,0.17303665148236674,-0.17445360269144009,-0.016205280504953574,0.001877314946529964,-0.07655709981918335,-0.07239719480276108,-0.008525461889803401,-0.07662468057266636,-0.07277808065706105,0.004170474646366084
9.779999999999836,5.603899240493774,-0.9545077681541443,3.692140579223633,1.2796938760516396,-0.15950194265401868,0.18372757316427304,-0.1756381118873819,-0.017351889497306514,0.0019394846957264055,-0.07346321642398834,-0.07189349085092545,-0.008844536729156962,-0.07353009643379846,-0.0723328897092025,0.003854529275743958
9.789999999999836,5.603899240493774,-0.9545077681541443,3.692140579223633,1.2796938760516396,-0.15950194265401868,0.18372757316427304,-0.1756381118873819,-0.017351889497306514,0.0019394846957264055,-0.07346321642398834,-0.07189349085092545,-0.008844536729156962,-0.07353009643379846,-0.0723328897092025,0.003854529275743958
9.799999999999836,5.603899240493774,-0.9545077681541443,3.692140579223633,1.2796938760516396,-0.15950194265401868,0.18372757316427304,-0.1756381118873819,-0.017351889497306514,0.0019394846957264055,-0.07346321642398834,-0.07189349085092545,-0.008844536729156962,-0.07353009643379846,-0.0723328897092025,0.003854529275743958
9.809999999999835,5.640206575393677,-0.9581554532051086,3.698011636734009,1.2625085239295963,-0.11853590482031956,0.19127148165792474,-0.1785570823320829,-0.020529218936216058,0.0020759312994618733,-0.06418128311634064,-0.0710122138261795,-0.008173922076821319,-0.06427508401007137,-0.07133495869214122,0.004569461851373399
9.819999999999835,5.640206575393677,-0.9581554532051086,3.698011636734009,1.2625085239295963,-0.11853590482031956,0.19127148165792474,-0.1785570823320829,-0.020529218936216058,0.0020759312994618733,-0.06418128311634064,-0.0710122138261795,-0.008173922076821319,-0.06427508401007137,-0.07133495869214122,0.004569461851373399
9.829999999999835,5.640206575393677,-0.9581554532051086,3.698011636734009,1.2625085239295963,-0.11853590482031956,0.19127148165792474,-0.1785570823320829,-0.020529218936216058,0.0020759312994618733,-0.06418128311634064,-0.0710122138261795,-0.008173922076821319,-0.06427508401007137,-0.07133495869214122,0.004569461851373399
9.839999999999835,5.640206575393677,-0.9581554532051086,3.698011636734009,1.2625085239295963,-0.11853590482031956,0.19127148165792474,-0.1785570823320829,-0.020529218936216058,0.0020759312994618733,-0.06418128311634064,-0.0710122138261795,-0.008173922076821319,-0.06427508401007137,-0.07133495869214122,0.004569461851373399
9.849999999999834,5.691010475158691,-0.9611209630966187,3.7065603733062744,1.237857675967457,-0.059235768291628535,0.2048556566657732,-0.18068640023378865,-0.023214406308163488,0.0021985610169146497,-0.04819994792342186,-0.06546363234519958,-0.0081424806267023,-0.04828711524504026,-0.06586116525048955,0.003755217779749846
9.859999999999834,5.691010475158691,-0.9611209630966187,3.7065603733062744,1.237857675967457,-0.059235768291628535,0.2048556566657732,-0.18068640023378865,-0.023214406308163488,0.0021985610169146497,-0.04819994792342186,-0.06546363234519958,-0.0081424806267023,-0.04828711524504026,-0.06586116525048955,0.003755217779749846
9.869999999999834,5.691010475158691,-0.9611209630966187,3.7065603733062744,1.237857675967457,-0.059235768291628535,0.2048556566657732,-0.18068640023378865,-0.023214406308163488,0.0021985610169146497,-0.04819994792342186,-0.06546363234519958,-0.0081424806267023,-0.04828711524504026,-0.06586116525048955,0.003755217779749846
9.879999999999834,5.730772972106934,-0.9616299271583557,3.71370005607605,1.2170892999634284,-0.011980001235628701,0.21706754218624344,-0.1815813154471123,-0.024497264985630197,0.002257113698567409,-0.04475048556923866,-0.06297587603330612,-0.008490479551255696,-0.044824521689400106,-0.06347376660045505,0.003022522137334347
9.889999999999834,5.730772972106934,-0.9616299271583557,3.71370005607605,1.2170892999634284,-0.011980001235628701,0.21706754218624344,-0.1815813154471123,-0.024497264985630197,0.002257113698567409,-0.04475048556923866,-0.06297587603330612,-0.008490479551255696,-0.044824521689400106,-0.06347376660045505,0.003022522137334347
9.899999999999833,5.730772972106934,-0.9616299271583557,3.71370005607605,1.2170892999634284,-0.011980001235628701,0.21706754218624344,-0.1815813154471123,-0.024497264985630197,0.002257113698567409,-0.04475048556923866,-0.06297587603330612,-0.008490479551255696,-0.044824521689400106,-0.06347376660045505,0.003022522137334347
9.909999999999833,5.765028476715088,-0.9608182311058044,3.7199952602386475,1.1989398665110174,0.02965587250936475,0.22555255509678993,-0.18319300148724876,-0.027115683885478945,0.002331160799391064,-0.036612167954444885,-0.0648893415927887,-0.010440354235470286,-0.036654349681677176,-0.06570547068798194,0.001555811645598274
9.919999999999833,5.765028476715088,-0.9608182311058044,3.7199952602386475,1.1989398665110174,0.02965587250936475,0.22555255509678993,-0.18319300148724876,-0.027115683885478945,0.002331160799391064,-0.036612167954444885,-0.0648893415927887,-0.010440354235470286,-0.036654349681677176,-0.06570547068798194,0.001555811645598274
9.929999999999833,5.765028476715088,-0.9608182311058044,3.7199952602386475,1.1989398665110174,0.02965587250936475,0.22555255509678993,-0.18319300148724876,-0.027115683885478945,0.002331160799391064,-0.036612167954444885,-0.0648893415927887,-0.010440354235470286,-0.036654349681677176,-0.06570547068798194,0.001555811645598274
9.939999999999833,5.765028476715088,-0.9608182311058044,3.7199952602386475,1.1989398665110174,0.02965587250936475,0.22555255509678993,-0.18319300148724876,-0.027115683885478945,0.002331160799391064,-0.036612167954444885,-0.0648893415927887,-0.010440354235470286,-0.036654349681677176,-0.06570547068798194,0.001555811645598274
9.949999999999832,5.812889337539673,-0.9574390649795532,3.729281187057495,1.1724425167468275,0.08911285144806641,0.23806574404506414,-0.1843213792847817,-0.02952546905337871,0.0023849476187036726,-0.025593873113393784,-0.0692632794380188,-0.010143394581973544,-0.0256742932032286,-0.06994909443344584,0.002724148947178384
9.959999999999832,5.812889337539673,-0.9574390649795532,3.729281187057495,1.1724425167468275,0.08911285144806641,0.23806574404506414,-0.1843213792847817,-0.02952546905337871,0.0023849476187036726,-0.025593873113393784,-0.0692632794380188,-0.010143394581973544,-0.0256742932032286,-0.06994909443344584,0.002724148947178384
9.969999999999832,5.812889337539673,-0.9574390649795532,3.729281187057495,1.1724425167468275,0.08911285144806641,0.23806574404506414,-0.1843213792847817,-0.02952546905337871,0.0023849476187036726,-0.025593873113393784,-0.0692632794380188,-0.010143394581973544,-0.0256742932032286,-0.06994909443344584,0.002724148947178384
9.979999999999832,5.850276470184326,-0.9529016613960266,3.736743450164795,1.15031718249488,0.1365553795421991,0.24818978031289513,-0.18481788895418258,-0.031148266568444292,0.00241431540135381,-0.020795593038201332,-0.0660516768693924,-0.009778091683983794,-0.02087431724695493,-0.06672369490511396,0.0025278112962269115
9.989999999999831,5.850276470184326,-0.9529016613960266,3.736743450164795,1.15031718249488,0.1365553795421991,0.24818978031289513,-0.18481788895418258,-0.031148266568444292,0.00241431540135381,-0.020795593038201332,-0.0660516768693924,-0.009778091683983794,-0.02087431724695493,-0.06672369490511396,0.0025278112962269115
9.999999999999831,5.850276470184326,-0.9529016613960266,3.736743450164795,1.15031718249488,0.1365553795421991,0.24818978031289513,-0.18481788895418258,-0.031148266568444292,0.00241431540135381,-0.020795593038201332,-0.0660516768693924,-0.009778091683983794,-0.02087431724695493,-0.06672369490511396,0.0025278112962269115
10.009999999999831,5.88335108757019,-0.9499719142913818,3.7427358627319336,1.1306778486033464,0.17693936034261382,0.25547513327104115,-0.18523491505418008,-0.03350756625020437,0.002410085537371567,-0.00769979041069746,-0.06478024274110794,-0.012162545695900908,-0.007699005295122071,-0.06591211435541398,-2.3435378876515497e-05
10.01999999999983,5.88335108757019,-0.9499719142913818,3.7427358627319336,1.1306778486033464,0.17693936034261382,0.25547513327104115,-0.18523491505418008,-0.03350756625020437,0.002410085537371567,-0.00769979041069746,-0.06478024274110794,-0.012162545695900908,-0.007699005295122071,-0.06591211435541398,-2.3435378876515497e-05
10.02999999999983,5.88335108757019,-0.9499719142913818,3.7427358627319336,1.1306778486033464,0.17693936034261382,0.25547513327104115,-0.18523491505418008,-0.03350756625020437,0.002410085537371567,-0.00769979041069746,-0.06478024274110794,-0.012162545695900908,-0.007699005295122071,-0.06591211435541398,-2.3435378876515497e-05
10.03999999999983,5.88335108757019,-0.9499719142913818,3.7427358627319336,1.1306778486033464,0.17693936034261382,0.25547513327104115,-0.18523491505418008,-0.03350756625020437,0.002410085537371567,-0.00769979041069746,-0.06478024274110794,-0.012162545695900908,-0.007699005295122071,-0.06591211435541398,-2.3435378876515497e-05
10.04999999999983,5.929263353347778,-0.9431555867195129,3.7516160011291504,1.102089890555147,0.23413536969758633,0.2672138894124485,-0.18526708063987743,-0.036408277351833294,0.002365191903150742,0.0022545107640326023,-0.06534528732299805,-0.012278113514184943,0.0022556328500894993,-0.06648877873587483,-3.082634159325168e-05
10.05999999999983,5.929263353347778,-0.9431555867195129,3.7516160011291504,1.102089890555147,0.23413536969758633,0.2672138894124485,-0.18526708063987743,-0.036408277351833294,0.002365191903150742,0.0022545107640326023,-0.06534528732299805,-0.012278113514184943,0.0022556328500894993,-0.06648877873587483,-3.082634159325168e-05
10.06999999999983,5.929263353347778,-0.9431555867195129,3.7516160011291504,1.102089890555147,0.23413536969758633,0.2672138894124485,-0.18526708063987743,-0.036408277351833294,0.002365191903150742,0.0022545107640326023,-0.06534528732299805,-0.012278113514184943,0.0022556328500894993,-0.06648877873587483,-3.082634159325168e-05
10.07999999999983,5.964917182922363,-0.9356158375740051,3.759007453918457,1.0785200697913178,0.27894381982859606,0.27839484420531857,-0.18528734842641315,-0.03768159529635893,0.0023578189186301782,-0.0025070523843169212,-0.06244351714849472,-0.01164629124104976,-0.0025091997115737645,-0.06352027777964597,5.699959065103977e-05
10.08999999999983,5.964917182922363,-0.9356158375740051,3.759007453918457,1.0785200697913178,0.27894381982859606,0.27839484420531857,-0.18528734842641315,-0.03768159529635893,0.0023578189186301782,-0.0025070523843169212,-0.06244351714849472,-0.01164629124104976,-0.0025091997115737645,-0.06352027777964597,5.699959065103977e-05
10.09999999999983,5.964917182922363,-0.9356158375740051,3.759007453918457,1.0785200697913178,0.27894381982859606,0.27839484420531857,-0.18528734842641315,-0.03768159529635893,0.0023578189186301782,-0.0025070523843169212,-0.06244351714849472,-0.01164629124104976,-0.0025091997115737645,-0.06352027777964597,5.699959065103977e-05
10.109999999999829,6.008357286453247,-0.924014687538147,3.76839280128479,1.0492443368204674,0.3347792688920691,0.29234810285002816,-0.1854903218966543,-0.040263982142294874,0.0023354499351431464,-0.0047726696357131,-0.06307339668273926,-0.01212781481444835,-0.004761097805902838,-0.06422814610683249,-0.0002874767092485383
10.119999999999829,6.008357286453247,-0.924014687538147,3.76839280128479,1.0492443368204674,0.3347792688920691,0.29234810285002816,-0.1854903218966543,-0.040263982142294874,0.0023354499351431464,-0.0047726696357131,-0.06307339668273926,-0.01212781481444835,-0.004761097805902838,-0.06422814610683249,-0.0002874767092485383
10.129999999999828,6.008357286453247,-0.924014687538147,3.76839280128479,1.0492443368204674,0.3347792688920691,0.29234810285002816,-0.1854903218966543,-0.040263982142294874,0.0023354499351431464,-0.0047726696357131,-0.06307339668273926,-0.01212781481444835,-0.004761097805902838,-0.06422814610683249,-0.0002874767092485383
10.139999999999828,6.008357286453247,-0.924014687538147,3.76839280128479,1.0492443368204674,0.3347792688920691,0.29234810285002816,-0.1854903218966543,-0.040263982142294874,0.0023354499351431464,-0.0047726696357131,-0.06307339668273926,-0.01212781481444835,-0.004761097805902838,-0.06422814610683249,-0.0002874767092485383
10.149999999999828,6.037994146347046,-0.914458155632019,3.77506160736084,1.0284917348544598,0.3742362133941498,0.301564869556893,-0.1856092107947991,-0.04259017488061754,0.0022886170101988354,-0.003353204345330596,-0.06445237994194031,-0.012389943003654471,-0.0033411547432209534,-0.06563185218322297,-0.00028300531181703895
10.159999999999828,6.037994146347046,-0.914458155632019,3.77506160736084,1.0284917348544598,0.3742362133941498,0.301564869556893,-0.1856092107947991,-0.04259017488061754,0.0022886170101988354,-0.003353204345330596,-0.06445237994194031,-0.012389943003654471,-0.0033411547432209534,-0.06563185218322297,-0.00028300531181703895
10.169999999999828,6.037994146347046,-0.914458155632019,3.77506160736084,1.0284917348544598,0.3742362133941498,0.301564869556893,-0.1856092107947991,-0.04259017488061754,0.0022886170101988354,-0.003353204345330596,-0.06445237994194031,-0.012389943003654471,-0.0033411547432209534,-0.06563185218322297,-0.00028300531181703895
10.179999999999827,6.070899963378906,-0.9017482399940491,3.782931089401245,1.0035920381799128,0.418628149371405,0.31245978641989874,-0.18560173039680944,-0.04418804469706347,0.0023283118692014972,0.0019154867623001337,-0.06639483571052551,-0.010261899791657916,0.0018196816274657563,-0.06714824014865126,0.0021688291598521516
10.189999999999827,6.070899963378906,-0.9017482399940491,3.782931089401245,1.0035920381799128,0.418628149371405,0.31245978641989874,-0.18560173039680944,-0.04418804469706347,0.0023283118692014972,0.0019154867623001337,-0.06639483571052551,-0.010261899791657916,0.0018196816274657563,-0.06714824014865126,0.0021688291598521516
10.199999999999827,6.070899963378906,-0.9017482399940491,3.782931089401245,1.0035920381799128,0.418628149371405,0.31245978641989874,-0.18560173039680944,-0.04418804469706347,0.0023283118692014972,0.0019154867623001337,-0.06639483571052551,-0.010261899791657916,0.0018196816274657563,-0.06714824014865126,0.0021688291598521516
10.209999999999827,6.099041223526001,-0.8895262479782104,3.789729118347168,0.9820979538255643,0.45700223427432257,0.31984355784319424,-0.18510166348949128,-0.046919705138630245,0.0023708127168695337,0.01747286133468151,-0.06874257326126099,-0.010238814167678347,0.01735134783759273,-0.06945269885589381,0.002590768477225544
10.219999999999827,6.099041223526001,-0.8895262479782104,3.789729118347168,0.9820979538255643,0.45700223427432257,0.31984355784319424,-0.18510166348949128,-0.046919705138630245,0.0023708127168695337,0.01747286133468151,-0.06874257326126099,-0.010238814167678347,0.01735134783759273,-0.06945269885589381,0.002590768477225544
10.229999999999826,6.099041223526001,-0.8895262479782104,3.789729118347168,0.9820979538255643,0.45700223427432257,0.31984355784319424,-0.18510166348949128,-0.046919705138630245,0.0023708127168695337,0.01747286133468151,-0.06874257326126099,-0.010238814167678347,0.01735134783759273,-0.06945269885589381,0.002590768477225544
10.239999999999826,6.099041223526001,-0.8895262479782104,3.789729118347168,0.9820979538255643,0.45700223427432257,0.31984355784319424,-0.18510166348949128,-0.046919705138630245,0.0023708127168695337,0.01747286133468151,-0.06874257326126099,-0.010238814167678347,0.01735134783759273,-0.06945269885589381,0.002590768477225544
10.249999999999826,6.137958526611328,-0.869836688041687,3.7996890544891357,0.949510516812683,0.5116435549129983,0.33060111112440443,-0.18381222093180205,-0.049665579289857605,0.0023848448683419254,0.037582263350486755,-0.06695762276649475,-0.013055549934506408,0.037611946881040186,-0.06821593663347708,-0.0005979138416450935
10.259999999999826,6.137958526611328,-0.869836688041687,3.7996890544891357,0.949510516812683,0.5116435549129983,0.33060111112440443,-0.18381222093180205,-0.049665579289857605,0.0023848448683419254,0.037582263350486755,-0.06695762276649475,-0.013055549934506408,0.037611946881040186,-0.06821593663347708,-0.0005979138416450935
10.269999999999825,6.137958526611328,-0.869836688041687,3.7996890544891357,0.949510516812683,0.5116435549129983,0.33060111112440443,-0.18381222093180205,-0.049665579289857605,0.0023848448683419254,0.037582263350486755,-0.06695762276649475,-0.013055549934506408,0.037611946881040186,-0.06821593663347708,-0.0005979138416450935
10.279999999999825,6.167997598648071,-0.8522932529449463,3.807734727859497,0.9226244204746403,0.5536833876717254,0.33947928073880174,-0.1829253408145468,-0.05092935257213606,0.0023787532268209153,0.04412667453289032,-0.061131615191698074,-0.011599581688642495,0.0441412422312442,-0.06222172446468285,-0.0002861610669984553
10.289999999999825,6.167997598648071,-0.8522932529449463,3.807734727859497,0.9226244204746403,0.5536833876717254,0.33947928073880174,-0.1829253408145468,-0.05092935257213606,0.0023787532268209153,0.04412667453289032,-0.061131615191698074,-0.011599581688642495,0.0441412422312442,-0.06222172446468285,-0.0002861610669984553
10.299999999999825,6.167997598648071,-0.8522932529449463,3.807734727859497,0.9226244204746403,0.5536833876717254,0.33947928073880174,-0.1829253408145468,-0.05092935257213606,0.0023787532268209153,0.04412667453289032,-0.061131615191698074,-0.011599581688642495,0.0441412422312442,-0.06222172446468285,-0.0002861610669984553
10.309999999999825,6.193573236465454,-0.8358889222145081,3.8147833347320557,0.8994641389374464,0.5907875122471414,0.34571581520537803,-0.1811176934442777,-0.053117297935374085,0.002355661856367468,0.05086284875869751,-0.058326736092567444,-0.008977012708783143,0.050773731478980365,-0.05898970558734592,0.0016785341800088192
10.319999999999824,6.193573236465454,-0.8358889222145081,3.8147833347320557,0.8994641389374464,0.5907875122471414,0.34571581520537803,-0.1811176934442777,-0.053117297935374085,0.002355661856367468,0.05086284875869751,-0.058326736092567444,-0.008977012708783143,0.050773731478980365,-0.05898970558734592,0.0016785341800088192
10.329999999999824,6.193573236465454,-0.8358889222145081,3.8147833347320557,0.8994641389374464,0.5907875122471414,0.34571581520537803,-0.1811176934442777,-0.053117297935374085,0.002355661856367468,0.05086284875869751,-0.058326736092567444,-0.008977012708783143,0.050773731478980365,-0.05898970558734592,0.0016785341800088192
10.339999999999824,6.228826284408569,-0.8104064464569092,3.824954032897949,0.8661045416419284,0.6429124624347399,0.3550307483563753,-0.17859650328520268,-0.055640285306550026,0.0023377959793419107,0.062461599707603455,-0.05305599421262741,-0.009879064746201031,0.062478120025385775,-0.053967086884304016,-0.0002970661422409203
10.349999999999824,6.228826284408569,-0.8104064464569092,3.824954032897949,0.8661045416419284,0.6429124624347399,0.3550307483563753,-0.17859650328520268,-0.055640285306550026,0.0023377959793419107,0.062461599707603455,-0.05305599421262741,-0.009879064746201031,0.062478120025385775,-0.053967086884304016,-0.0002970661422409203
10.359999999999824,6.228826284408569,-0.8104064464569092,3.824954032897949,0.8661045416419284,0.6429124624347399,0.3550307483563753,-0.17859650328520268,-0.055640285306550026,0.0023377959793419107,0.062461599707603455,-0.05305599421262741,-0.009879064746201031,0.062478120025385775,-0.053967086884304016,-0.0002970661422409203
10.369999999999823,6.228826284408569,-0.8104064464569092,3.824954032897949,0.8661045416419284,0.6429124624347399,0.3550307483563753,-0.17859650328520268,-0.055640285306550026,0.0023377959793419107,0.062461599707603455,-0.05305599421262741,-0.009879064746201031,0.062478120025385775,-0.053967086884304016,-0.0002970661422409203
10.379999999999823,6.255953550338745,-0.7883495688438416,3.83329439163208,0.8383714310885856,0.6833392219852092,0.3635049597034601,-0.1771947424146307,-0.056666175245139026,0.0022369121206541305,0.07064507901668549,-0.04922965168952942,-0.01412165910005569,0.07094135708875376,-0.0509480258676507,-0.005231281114197124
10.389999999999823,6.255953550338745,-0.7883495688438416,3.83329439163208,0.8383714310885856,0.6833392219852092,0.3635049597034601,-0.1771947424146307,-0.056666175245139026,0.0022369121206541305,0.07064507901668549,-0.04922965168952942,-0.01412165910005569,0.07094135708875376,-0.0509480258676507,-0.005231281114197124
10.399999999999823,6.255953550338745,-0.7883495688438416,3.83329439163208,0.8383714310885856,0.6833392219852092,0.3635049597034601,-0.1771947424146307,-0.056666175245139026,0.0022369121206541305,0.07064507901668549,-0.04922965168952942,-0.01412165910005569,0.07094135708875376,-0.0509480258676507,-0.005231281114197124
10.409999999999823,6.27885890007019,-0.7708154320716858,3.838942766189575,0.8143261741694954,0.7172106828038376,0.3676982502564217,-0.17381991519127868,-0.058696503102111205,0.0021382829656101674,0.08709129691123962,-0.05272330716252327,-0.01196588855236768,0.0872480378827435,-0.05399828831699506,-0.0026718969980677083
10.419999999999822,6.27885890007019,-0.7708154320716858,3.838942766189575,0.8143261741694954,0.7172106828038376,0.3676982502564217,-0.17381991519127868,-0.058696503102111205,0.0021382829656101674,0.08709129691123962,-0.05272330716252327,-0.01196588855236768,0.0872480378827435,-0.05399828831699506,-0.0026718969980677083
10.429999999999822,6.27885890007019,-0.7708154320716858,3.838942766189575,0.8143261741694954,0.7172106828038376,0.3676982502564217,-0.17381991519127868,-0.058696503102111205,0.0021382829656101674,0.08709129691123962,-0.05272330716252327,-0.01196588855236768,0.0872480378827435,-0.05399828831699506,-0.0026718969980677083
10.439999999999822,6.27885890007019,-0.7708154320716858,3.838942766189575,0.8143261741694954,0.7172106828038376,0.3676982502564217,-0.17381991519127868,-0.058696503102111205,0.0021382829656101674,0.08709129691123962,-0.05272330716252327,-0.01196588855236768,0.0872480378827435,-0.05399828831699506,-0.0026718969980677083
10.449999999999822,6.310316324234009,-0.7433323860168457,3.8476037979125977,0.7802772251649039,0.7639348618359691,0.37398854708353724,-0.17031175992663242,-0.06068540746232929,0.002063641766243302,0.09945738315582275,-0.05370035395026207,-0.012021118775010102,0.09962420250943659,-0.05496087056565107,-0.002750608359766421
10.459999999999821,6.310316324234009,-0.7433323860168457,3.8476037979125977,0.7802772251649039,0.7639348618359691,0.37398854708353724,-0.17031175992663242,-0.06068540746232929,0.002063641766243302,0.09945738315582275,-0.05370035395026207,-0.012021118775010102,0.09962420250943659,-0.05496087056565107,-0.002750608359766421
10.469999999999821,6.310316324234009,-0.7433323860168457,3.8476037979125977,0.7802772251649039,0.7639348618359691,0.37398854708353724,-0.17031175992663242,-0.06068540746232929,0.002063641766243302,0.09945738315582275,-0.05370035395026207,-0.012021118775010102,0.09962420250943659,-0.05496087056565107,-0.002750608359766421
10.479999999999821,6.3403143882751465,-0.7135487794876099,3.8566558361053467,0.7445806223843583,0.8081312251037632,0.3832404875615878,-0.16792628197533302,-0.06184661733925635,0.0020397109354202596,0.09801489859819412,-0.045697201043367386,-0.00981335155665874,0.09814107606212803,-0.04669458617410092,-0.002041468773795345
10.48999999999982,6.3403143882751465,-0.7135487794876099,3.8566558361053467,0.7445806223843583,0.8081312251037632,0.3832404875615878,-0.16792628197533302,-0.06184661733925635,0.0020397109354202596,0.09801489859819412,-0.045697201043367386,-0.00981335155665874,0.09814107606212803,-0.04669458617410092,-0.002041468773795345
10.49999999999982,6.3403143882751465,-0.7135487794876099,3.8566558361053467,0.7445806223843583,0.8081312251037632,0.3832404875615878,-0.16792628197533302,-0.06184661733925635,0.0020397109354202596,0.09801489859819412,-0.045697201043367386,-0.00981335155665874,0.09814107606212803,-0.04669458617410092,-0.002041468773795345
10.50999999999982,6.354742527008057,-0.6978201866149902,3.8613438606262207,0.7266763933611848,0.831221467897371,0.38576947148685314,-0.16422413176693873,-0.06392677472761427,0.00195448625453319,0.09117163717746735,-0.05467810109257698,-0.012874453328549855,0.09141246282991843,-0.056047239515607694,-0.0037697781465304047
10.51999999999982,6.354742527008057,-0.6978201866149902,3.8613438606262207,0.7266763933611848,0.831221467897371,0.38576947148685314,-0.16422413176693873,-0.06392677472761427,0.00195448625453319,0.09117163717746735,-0.05467810109257698,-0.012874453328549855,0.09141246282991843,-0.056047239515607694,-0.0037697781465304047
10.52999999999982,6.354742527008057,-0.6978201866149902,3.8613438606262207,0.7266763933611848,0.831221467897371,0.38576947148685314,-0.16422413176693873,-0.06392677472761427,0.00195448625453319,0.09117163717746735,-0.05467810109257698,-0.012874453328549855,0.09141246282991843,-0.056047239515607694,-0.0037697781465304047
10.53999999999982,6.354742527008057,-0.6978201866149902,3.8613438606262207,0.7266763933611848,0.831221467897371,0.38576947148685314,-0.16422413176693873,-0.06392677472761427,0.00195448625453319,0.09117163717746735,-0.05467810109257698,-0.012874453328549855,0.09141246282991843,-0.056047239515607694,-0.0037697781465304047
10.54999999999982,6.382477045059204,-0.6647719144821167,3.870972156524658,0.691176894592943,0.8729115727638332,0.3956080437046269,-0.16072321275229143,-0.06600954469513899,0.0019263108625289023,0.0986173003911972,-0.05425918847322464,-0.00970046874135732,0.09867628198559443,-0.055112272204977684,-0.0008941805230963053
10.55999999999982,6.382477045059204,-0.6647719144821167,3.870972156524658,0.691176894592943,0.8729115727638332,0.3956080437046269,-0.16072321275229143,-0.06600954469513899,0.0019263108625289023,0.0986173003911972,-0.05425918847322464,-0.00970046874135732,0.09867628198559443,-0.055112272204977684,-0.0008941805230963053
10.569999999999819,6.382477045059204,-0.6647719144821167,3.870972156524658,0.691176894592943,0.8729115727638332,0.3956080437046269,-0.16072321275229143,-0.06600954469513899,0.0019263108625289023,0.0986173003911972,-0.05425918847322464,-0.00970046874135732,0.09867628198559443,-0.055112272204977684,-0.0008941805230963053
10.579999999999819,6.403559684753418,-0.6367751359939575,3.8790078163146973,0.6621609841707645,0.9048288152274561,0.4022462929527782,-0.15828121406014597,-0.06725245001481185,0.0018928379573638326,0.10086743533611298,-0.0495632104575634,-0.010674930177628989,0.1010512633438348,-0.05062624808157291,-0.0027354639601783817
10.589999999999819,6.403559684753418,-0.6367751359939575,3.8790078163146973,0.6621609841707645,0.9048288152274561,0.4022462929527782,-0.15828121406014597,-0.06725245001481185,0.0018928379573638326,0.10086743533611298,-0.0495632104575634,-0.010674930177628989,0.1010512633438348,-0.05062624808157291,-0.0027354639601783817
10.599999999999818,6.403559684753418,-0.6367751359939575,3.8790078163146973,0.6621609841707645,0.9048288152274561,0.4022462929527782,-0.15828121406014597,-0.06725245001481185,0.0018928379573638326,0.10086743533611298,-0.0495632104575634,-0.010674930177628989,0.1010512633438348,-0.05062624808157291,-0.0027354639601783817
10.609999999999818,6.421219825744629,-0.6115445494651794,3.8860089778900146,0.6370261643853227,0.9331096714529218,0.40500274846224105,-0.15436854779274287,-0.06898177727663843,0.0018391573626027494,0.11089685559272766,-0.04430918022990227,-0.008228487335145468,0.11098790633680695,-0.04504747251224114,-0.0013209719783127552
10.619999999999818,6.421219825744629,-0.6115445494651794,3.8860089778900146,0.6370261643853227,0.9331096714529218,0.40500274846224105,-0.15436854779274287,-0.06898177727663843,0.0018391573626027494,0.11089685559272766,-0.04430918022990227,-0.008228487335145468,0.11098790633680695,-0.04504747251224114,-0.0013209719783127552
10.629999999999818,6.421219825744629,-0.6115445494651794,3.8860089778900146,0.6370261643853227,0.9331096714529218,0.40500274846224105,-0.15436854779274287,-0.06898177727663843,0.0018391573626027494,0.11089685559272766,-0.04430918022990227,-0.008228487335145468,0.11098790633680695,-0.04504747251224114,-0.0013209719783127552
10.639999999999818,6.421219825744629,-0.6115445494651794,3.8860089778900146,0.6370261643853227,0.9331096714529218,0.40500274846224105,-0.15436854779274287,-0.06898177727663843,0.0018391573626027494,0.11089685559272766,-0.04430918022990227,-0.008228487335145468,0.11098790633680695,-0.04504747251224114,-0.0013209719783127552
10.649999999999817,6.445157289505005,-0.5737499594688416,3.8962786197662354,0.6001644663075694,0.9709031222121097,0.40714696783313403,-0.14902236122348966,-0.07097692928141558,0.0018014710572312976,0.12237554788589478,-0.04349968954920769,-0.008957034908235068,0.12254612948996645,-0.04434743303787133,-0.002405357823683492
10.659999999999817,6.445157289505005,-0.5737499594688416,3.8962786197662354,0.6001644663075694,0.9709031222121097,0.40714696783313403,-0.14902236122348966,-0.07097692928141558,0.0018014710572312976,0.12237554788589478,-0.04349968954920769,-0.008957034908235068,0.12254612948996645,-0.04434743303787133,-0.002405357823683492
10.669999999999817,6.445157289505005,-0.5737499594688416,3.8962786197662354,0.6001644663075694,0.9709031222121097,0.40714696783313403,-0.14902236122348966,-0.07097692928141558,0.0018014710572312976,0.12237554788589478,-0.04349968954920769,-0.008957034908235068,0.12254612948996645,-0.04434743303787133,-0.002405357823683492
10.679999999999817,6.46322774887085,-0.542201042175293,3.904705286026001,0.5714064012980511,0.9982841341258384,0.4104572822136837,-0.14648551312231534,-0.07192820216891532,0.001825892568528163,0.1268903762102127,-0.04708971455693245,-0.00579733215272426,0.126808375105038,-0.04743158297957264,0.0011410247041810987
10.689999999999817,6.46322774887085,-0.542201042175293,3.904705286026001,0.5714064012980511,0.9982841341258384,0.4104572822136837,-0.14648551312231534,-0.07192820216891532,0.001825892568528163,0.1268903762102127,-0.04708971455693245,-0.00579733215272426,0.126808375105038,-0.04743158297957264,0.0011410247041810987
10.699999999999816,6.46322774887085,-0.542201042175293,3.904705286026001,0.5714064012980511,0.9982841341258384,0.4104572822136837,-0.14648551312231534,-0.07192820216891532,0.001825892568528163,0.1268903762102127,-0.04708971455693245,-0.00579733215272426,0.126808375105038,-0.04743158297957264,0.0011410247041810987
10.709999999999816,6.478258371353149,-0.5139702558517456,3.911985397338867,0.5455056458354227,1.0225988765196707,0.4091935578299688,-0.1414880412712506,-0.07360590261544869,0.0017549013081656214,0.14298948645591736,-0.04600570350885391,-0.01037429459393024,0.14326844643263753,-0.04700892631319272,-0.003793337477163296
10.719999999999816,6.478258371353149,-0.5139702558517456,3.911985397338867,0.5455056458354227,1.0225988765196707,0.4091935578299688,-0.1414880412712506,-0.07360590261544869,0.0017549013081656214,0.14298948645591736,-0.04600570350885391,-0.01037429459393024,0.14326844643263753,-0.04700892631319272,-0.003793337477163296
10.729999999999816,6.478258371353149,-0.5139702558517456,3.911985397338867,0.5455056458354227,1.0225988765196707,0.4091935578299688,-0.1414880412712506,-0.07360590261544869,0.0017549013081656214,0.14298948645591736,-0.04600570350885391,-0.01037429459393024,0.14326844643263753,-0.04700892631319272,-0.003793337477163296
10.739999999999815,6.478258371353149,-0.5139702558517456,3.911985397338867,0.5455056458354227,1.0225988765196707,0.4091935578299688,-0.1414880412712506,-0.07360590261544869,0.0017549013081656214,0.14298948645591736,-0.04600570350885391,-0.01037429459393024,0.14326844643263753,-0.04700892631319272,-0.003793337477163296
10.749999999999815,6.4984095096588135,-0.4722668528556824,3.922581195831299,0.5079994429834003,1.0536946565477792,0.40884356922556087,-0.1356188776152671,-0.07558209433035527,0.0016224292750747352,0.1474052220582962,-0.04815980792045593,-0.010651090182363982,0.1477113014559972,-0.049157662183080465,-0.00405348668431239
10.759999999999815,6.4984095096588135,-0.4722668528556824,3.922581195831299,0.5079994429834003,1.0536946565477792,0.40884356922556087,-0.1356188776152671,-0.07558209433035527,0.0016224292750747352,0.1474052220582962,-0.04815980792045593,-0.010651090182363982,0.1477113014559972,-0.049157662183080465,-0.00405348668431239
10.769999999999815,6.4984095096588135,-0.4722668528556824,3.922581195831299,0.5079994429834003,1.0536946565477792,0.40884356922556087,-0.1356188776152671,-0.07558209433035527,0.0016224292750747352,0.1474052220582962,-0.04815980792045593,-0.010651090182363982,0.1477113014559972,-0.049157662183080465,-0.00405348668431239
10.779999999999815,6.513418912887573,-0.43789294362068176,3.931084394454956,0.47783507482957094,1.0769062666313958,0.4096498286635213,-0.13198179923478925,-0.07675858843056572,0.0015938747789751542,0.1510164439678192,-0.049295660108327866,-0.0072151096537709175,0.15106759678691983,-0.04981643856897413,-0.0006670665231093482
10.789999999999814,6.513418912887573,-0.43789294362068176,3.931084394454956,0.47783507482957094,1.0769062666313958,0.4096498286635213,-0.13198179923478925,-0.07675858843056572,0.0015938747789751542,0.1510164439678192,-0.049295660108327866,-0.0072151096537709175,0.15106759678691983,-0.04981643856897413,-0.0006670665231093482
10.799999999999814,6.513418912887573,-0.43789294362068176,3.931084394454956,0.47783507482957094,1.0769062666313958,0.4096498286635213,-0.13198179923478925,-0.07675858843056572,0.0015938747789751542,0.1510164439678192,-0.049295660108327866,-0.0072151096537709175,0.15106759678691983,-0.04981643856897413,-0.0006670665231093482
10.809999999999814,6.525874614715576,-0.410292387008667,3.937173843383789,0.45127797033350636,1.0953844561273154,0.4057939603537006,-0.12557023240867393,-0.07875214064611542,0.0015864500116029284,0.16114887595176697,-0.051258984953165054,-0.008794026449322694,0.1613307825561887,-0.0519567610794962,-0.0023122516647348613
10.819999999999814,6.525874614715576,-0.410292387008667,3.937173843383789,0.45127797033350636,1.0953844561273154,0.4057939603537006,-0.12557023240867393,-0.07875214064611542,0.0015864500116029284,0.16114887595176697,-0.051258984953165054,-0.008794026449322694,0.1613307825561887,-0.0519567610794962,-0.0023122516647348613
10.829999999999814,6.525874614715576,-0.410292387008667,3.937173843383789,0.45127797033350636,1.0953844561273154,0.4057939603537006,-0.12557023240867393,-0.07875214064611542,0.0015864500116029284,0.16114887595176697,-0.051258984953165054,-0.008794026449322694,0.1613307825561887,-0.0519567610794962,-0.0023122516647348613
10.839999999999813,6.525874614715576,-0.410292387008667,3.937173843383789,0.45127797033350636,1.0953844561273154,0.4057939603537006,-0.12557023240867393,-0.07875214064611542,0.0015864500116029284,0.16114887595176697,-0.051258984953165054,-0.008794026449322694,0.1613307825561887,-0.0519567610794962,-0.0023122516647348613
10.849999999999813,6.542320966720581,-0.3691522479057312,3.946394443511963,0.4134327709535273,1.1183650570513384,0.4035498358327712,-0.11893624745140245,-0.08070294200682608,0.0015466400971413422,0.16688407957553864,-0.047303006052970886,-0.00718898139894008,0.1670074523665806,-0.04782184614423884,-0.0015303879913355102
10.859999999999813,6.542320966720581,-0.3691522479057312,3.946394443511963,0.4134327709535273,1.1183650570513384,0.4035498358327712,-0.11893624745140245,-0.08070294200682608,0.0015466400971413422,0.16688407957553864,-0.047303006052970886,-0.00718898139894008,0.1670074523665806,-0.04782184614423884,-0.0015303879913355102
10.869999999999813,6.542320966720581,-0.3691522479057312,3.946394443511963,0.4134327709535273,1.1183650570513384,0.4035498358327712,-0.11893624745140245,-0.08070294200682608,0.0015466400971413422,0.16688407957553864,-0.047303006052970886,-0.00718898139894008,0.1670074523665806,-0.04782184614423884,-0.0015303879913355102
10.879999999999812,6.554325580596924,-0.335044264793396,3.954158067703247,0.38286066471903507,1.1347401290209427,0.4050174368550341,-0.11557234239884016,-0.08165115337718801,0.0015056194347939672,0.16672487556934357,-0.046306684613227844,-0.008146595209836955,0.16695011156373227,-0.0469371967887018,-0.002761583287489244
10.889999999999812,6.554325580596924,-0.335044264793396,3.954158067703247,0.38286066471903507,1.1347401290209427,0.4050174368550341,-0.11557234239884016,-0.08165115337718801,0.0015056194347939672,0.16672487556934357,-0.046306684613227844,-0.008146595209836955,0.16695011156373227,-0.0469371967887018,-0.002761583287489244
10.899999999999812,6.554325580596924,-0.335044264793396,3.954158067703247,0.38286066471903507,1.1347401290209427,0.4050174368550341,-0.11557234239884016,-0.08165115337718801,0.0015056194347939672,0.16672487556934357,-0.046306684613227844,-0.008146595209836955,0.16695011156373227,-0.0469371967887018,-0.002761583287489244
10.909999999999812,6.5640058517456055,-0.3049311637878418,3.9608607292175293,0.3562255799796672,1.1488613747470844,0.40217553266375067,-0.10924914053854438,-0.0834396103725133,0.0014605926837537708,0.15257327258586884,-0.04384224861860275,-0.00670485664159059,0.15273089536387477,-0.04431191549509266,-0.0018912579452757515
10.919999999999812,6.5640058517456055,-0.3049311637878418,3.9608607292175293,0.3562255799796672,1.1488613747470844,0.40217553266375067,-0.10924914053854438,-0.0834396103725133,0.0014605926837537708,0.15257327258586884,-0.04384224861860275,-0.00670485664159059,0.15273089536387477,-0.04431191549509266,-0.0018912579452757515
10.929999999999811,6.5640058517456055,-0.3049311637878418,3.9608607292175293,0.3562255799796672,1.1488613747470844,0.40217553266375067,-0.10924914053854438,-0.0834396103725133,0.0014605926837537708,0.15257327258586884,-0.04384224861860275,-0.00670485664159059,0.15273089536387477,-0.04431191549509266,-0.0018912579452757515
10.939999999999811,6.5640058517456055,-0.3049311637878418,3.9608607292175293,0.3562255799796672,1.1488613747470844,0.40217553266375067,-0.10924914053854438,-0.0834396103725133,0.0014605926837537708,0.15257327258586884,-0.04384224861860275,-0.00670485664159059,0.15273089536387477,-0.04431191549509266,-0.0018912579452757515
10.949999999999811,6.576466083526611,-0.2606913149356842,3.9708895683288574,0.3172962021725229,1.165591508128938,0.4017926314796817,-0.10318572705124694,-0.08514122838106995,0.0014406594626075661,0.1518159806728363,-0.04329493269324303,-0.00599445635452866,0.15194426459015903,-0.04368209546923868,-0.0015085410430457607
10.95999999999981,6.576466083526611,-0.2606913149356842,3.9708895683288574,0.3172962021725229,1.165591508128938,0.4017926314796817,-0.10318572705124694,-0.08514122838106995,0.0014406594626075661,0.1518159806728363,-0.04329493269324303,-0.00599445635452866,0.15194426459015903,-0.04368209546923868,-0.0015085410430457607
10.96999999999981,6.576466083526611,-0.2606913149356842,3.9708895683288574,0.3172962021725229,1.165591508128938,0.4017926314796817,-0.10318572705124694,-0.08514122838106995,0.0014406594626075661,0.1518159806728363,-0.04329493269324303,-0.00599445635452866,0.15194426459015903,-0.04368209546923868,-0.0015085410430457607
10.97999999999981,6.585273504257202,-0.2244696170091629,3.9791996479034424,0.28597871070022424,1.1762636706191218,0.4029698378462089,-0.1000750630651428,-0.08597391430883254,0.0014505532034201866,0.1552220582962036,-0.04099265858530998,-0.004106978420168156,0.1552212766747581,-0.04119787916130305,9.102588582870117e-06
10.98999999999981,6.585273504257202,-0.2244696170091629,3.9791996479034424,0.28597871070022424,1.1762636706191218,0.4029698378462089,-0.1000750630651428,-0.08597391430883254,0.0014505532034201866,0.1552220582962036,-0.04099265858530998,-0.004106978420168156,0.1552212766747581,-0.04119787916130305,9.102588582870117e-06
10.99999999999981,6.585273504257202,-0.2244696170091629,3.9791996479034424,0.28597871070022424,1.1762636706191218,0.4029698378462089,-0.1000750630651428,-0.08597391430883254,0.0014505532034201866,0.1552220582962036,-0.04099265858530998,-0.004106978420168156,0.1552212766747581,-0.04119787916130305,9.102588582870117e-06
11.00999999999981,6.592142343521118,-0.19263555109500885,3.9864184856414795,0.2590461909136752,1.1856543332488678,0.39796634546013926,-0.09351704479222912,-0.08759988015493178,0.0014364658253131681,0.1651291847229004,-0.0378987193107605,-0.005389435216784473,0.1652896292188614,-0.0382363893597484,-0.0018339052641099822
11.01999999999981,6.592142343521118,-0.19263555109500885,3.9864184856414795,0.2590461909136752,1.1856543332488678,0.39796634546013926,-0.09351704479222912,-0.08759988015493178,0.0014364658253131681,0.1651291847229004,-0.0378987193107605,-0.005389435216784473,0.1652896292188614,-0.0382363893597484,-0.0018339052641099822
11.02999999999981,6.592142343521118,-0.19263555109500885,3.9864184856414795,0.2590461909136752,1.1856543332488678,0.39796634546013926,-0.09351704479222912,-0.08759988015493178,0.0014364658253131681,0.1651291847229004,-0.0378987193107605,-0.005389435216784473,0.1652896292188614,-0.0382363893597484,-0.0018339052641099822
11.039999999999809,6.592142343521118,-0.19263555109500885,3.9864184856414795,0.2590461909136752,1.1856543332488678,0.39796634546013926,-0.09351704479222912,-0.08759988015493178,0.0014364658253131681,0.1651291847229004,-0.0378987193107605,-0.005389435216784473,0.1652896292188614,-0.0382363893597484,-0.0018339052641099822
11.049999999999809,6.600600719451904,-0.14633813500404358,3.9969429969787598,0.21977125095512834,1.196415269159531,0.3924609172297941,-0.08659365786394356,-0.08915126677182544,0.0013262577489155554,0.17668859660625458,-0.0377730168402195,-0.006747222039848562,0.1769974439122707,-0.03821502228156114,-0.003468899702318096
11.059999999999809,6.600600719451904,-0.14633813500404358,3.9969429969787598,0.21977125095512834,1.196415269159531,0.3924609172297941,-0.08659365786394356,-0.08915126677182544,0.0013262577489155554,0.17668859660625458,-0.0377730168402195,-0.006747222039848562,0.1769974439122707,-0.03821502228156114,-0.003468899702318096
11.069999999999808,6.600600719451904,-0.14633813500404358,3.9969429969787598,0.21977125095512834,1.196415269159531,0.3924609172297941,-0.08659365786394356,-0.08915126677182544,0.0013262577489155554,0.17668859660625458,-0.0377730168402195,-0.006747222039848562,0.1769974439122707,-0.03821502228156114,-0.003468899702318096
11.079999999999808,6.606215953826904,-0.10875511169433594,4.005466938018799,0.18809717944237292,1.2025543292327308,0.3898533143675349,-0.0830465365439177,-0.08984676799941202,0.0012683045523594005,0.17704349756240845,-0.033569082617759705,-0.0059062633663415865,0.17732289293521125,-0.03394332183835753,-0.0031138752548214885
11.089999999999808,6.606215953826904,-0.10875511169433594,4.005466938018799,0.18809717944237292,1.2025543292327308,0.3898533143675349,-0.0830465365439177,-0.08984676799941202,0.0012683045523594005,0.17704349756240845,-0.033569082617759705,-0.0059062633663415865,0.17732289293521125,-0.03394332183835753,-0.0031138752548214885
11.099999999999808,6.606215953826904,-0.10875511169433594,4.005466938018799,0.18809717944237292,1.2025543292327308,0.3898533143675349,-0.0830465365439177,-0.08984676799941202,0.0012683045523594005,0.17704349756240845,-0.033569082617759705,-0.0059062633663415865,0.17732289293521125,-0.03394332183835753,-0.0031138752548214885
11.109999999999808,6.6102845668792725,-0.07583550363779068,4.01284646987915,0.1603398069862644,1.2075585212224693,0.38377285433265595,-0.07645283736536539,-0.09119518629617442,0.0011853089163626016,0.18428067862987518,-0.036646075546741486,-0.005670109298080202,0.1845417265191173,-0.036972102648773625,-0.002866489867186715
11.119999999999807,6.6102845668792725,-0.07583550363779068,4.01284646987915,0.1603398069862644,1.2075585212224693,0.38377285433265595,-0.07645283736536539,-0.09119518629617442,0.0011853089163626016,0.18428067862987518,-0.036646075546741486,-0.005670109298080202,0.1845417265191173,-0.036972102648773625,-0.002866489867186715
11.129999999999807,6.6102845668792725,-0.07583550363779068,4.01284646987915,0.1603398069862644,1.2075585212224693,0.38377285433265595,-0.07645283736536539,-0.09119518629617442,0.0011853089163626016,0.18428067862987518,-0.036646075546741486,-0.005670109298080202,0.1845417265191173,-0.036972102648773625,-0.002866489867186715
11.139999999999807,6.6102845668792725,-0.07583550363779068,4.01284646987915,0.1603398069862644,1.2075585212224693,0.38377285433265595,-0.07645283736536539,-0.09119518629617442,0.0011853089163626016,0.18428067862987518,-0.036646075546741486,-0.005670109298080202,0.1845417265191173,-0.036972102648773625,-0.002866489867186715
11.149999999999807,6.614710330963135,-0.02836630307137966,4.0236101150512695,0.12045882906795374,1.2111258693385336,0.3766690878544501,-0.06804461360173024,-0.0929522111396791,0.001188680830573701,0.19187207520008087,-0.041320834308862686,-0.004938591737300152,0.1920694863862115,-0.04156099735437464,-0.0021268536419524592
11.159999999999807,6.614710330963135,-0.02836630307137966,4.0236101150512695,0.12045882906795374,1.2111258693385336,0.3766690878544501,-0.06804461360173024,-0.0929522111396791,0.001188680830573701,0.19187207520008087,-0.041320834308862686,-0.004938591737300152,0.1920694863862115,-0.04156099735437464,-0.0021268536419524592
11.169999999999806,6.614710330963135,-0.02836630307137966,4.0236101150512695,0.12045882906795374,1.2111258693385336,0.3766690878544501,-0.06804461360173024,-0.0929522111396791,0.001188680830573701,0.19187207520008087,-0.041320834308862686,-0.004938591737300152,0.1920694863862115,-0.04156099735437464,-0.0021268536419524592
11.179999999999806,6.617095947265625,0.009865974076092243,4.032411575317383,0.08927517615909143,1.2117421875573706,0.3744963401563995,-0.0640789326687704,-0.09369168197908131,0.001117802369928725,0.19915850460529327,-0.036889828741550446,-0.006503740325570102,0.19954641352116304,-0.037230585404689556,-0.004146334110331253
11.189999999999806,6.617095947265625,0.009865974076092243,4.032411575317383,0.08927517615909143,1.2117421875573706,0.3744963401563995,-0.0640789326687704,-0.09369168197908131,0.001117802369928725,0.19915850460529327,-0.036889828741550446,-0.006503740325570102,0.19954641352116304,-0.037230585404689556,-0.004146334110331253
11.199999999999806,6.617095947265625,0.009865974076092243,4.032411575317383,0.08927517615909143,1.2117421875573706,0.3744963401563995,-0.0640789326687704,-0.09369168197908131,0.001117802369928725,0.19915850460529327,-0.036889828741550446,-0.006503740325570102,0.19954641352116304,-0.037230585404689556,-0.004146334110331253
11.209999999999805,6.61787486076355,0.04094327241182327,4.038913249969482,0.061076896184342,1.2102910747667892,0.3667285064132497,-0.05676545911823451,-0.09486840833384894,0.0010839947266221212,0.20510517060756683,-0.029112737625837326,-0.0028288033790886367,0.20521674218809335,-0.029226337077429092,-0.0011778327056345315
11.219999999999805,6.61787486076355,0.04094327241182327,4.038913249969482,0.061076896184342,1.2102910747667892,0.3667285064132497,-0.05676545911823451,-0.09486840833384894,0.0010839947266221212,0.20510517060756683,-0.029112737625837326,-0.0028288033790886367,0.20521674218809335,-0.029226337077429092,-0.0011778327056345315
11.229999999999805,6.61787486076355,0.04094327241182327,4.038913249969482,0.061076896184342,1.2102910747667892,0.3667285064132497,-0.05676545911823451,-0.09486840833384894,0.0010839947266221212,0.20510517060756683,-0.029112737625837326,-0.0028288033790886367,0.20521674218809335,-0.029226337077429092,-0.0011778327056345315
11.239999999999805,6.61773681640625,0.08593111485242844,4.048630237579346,0.022236728623313426,1.2053231704665066,0.357776283760354,-0.04821720480539392,-0.09623344166106476,0.0010344466179461956,0.21225349605083466,-0.03055488131940365,-0.003442135872319337,0.21244322268169744,-0.03068527556338101,-0.001974571244645421
11.249999999999805,6.61773681640625,0.08593111485242844,4.048630237579346,0.022236728623313426,1.2053231704665066,0.357776283760354,-0.04821720480539392,-0.09623344166106476,0.0010344466179461956,0.21225349605083466,-0.03055488131940365,-0.003442135872319337,0.21244322268169744,-0.03068527556338101,-0.001974571244645421
11.259999999999804,6.61773681640625,0.08593111485242844,4.048630237579346,0.022236728623313426,1.2053231704665066,0.357776283760354,-0.04821720480539392,-0.09623344166106476,0.0010344466179461956,0.21225349605083466,-0.03055488131940365,-0.003442135872319337,0.21244322268169744,-0.03068527556338101,-0.001974571244645421
11.269999999999804,6.61773681640625,0.08593111485242844,4.048630237579346,0.022236728623313426,1.2053231704665066,0.357776283760354,-0.04821720480539392,-0.09623344166106476,0.0010344466179461956,0.21225349605083466,-0.03055488131940365,-0.003442135872319337,0.21244322268169744,-0.03068527556338101,-0.001974571244645421
11.279999999999804,6.616549015045166,0.12217926234006882,4.0565690994262695,-0.00947153549545856,1.1987703728249848,0.3539711793915639,-0.043204019017268676,-0.09704446400697894,0.0010249362670412252,0.20590831339359283,-0.034030187875032425,-0.003221766790375109,0.206078576744258,-0.03413758263241516,-0.0017572449132588776
11.289999999999804,6.616549015045166,0.12217926234006882,4.0565690994262695,-0.00947153549545856,1.1987703728249848,0.3539711793915639,-0.043204019017268676,-0.09704446400697894,0.0010249362670412252,0.20590831339359283,-0.034030187875032425,-0.003221766790375109,0.206078576744258,-0.03413758263241516,-0.0017572449132588776
11.299999999999804,6.616549015045166,0.12217926234006882,4.0565690994262695,-0.00947153549545856,1.1987703728249848,0.3539711793915639,-0.043204019017268676,-0.09704446400697894,0.0010249362670412252,0.20590831339359283,-0.034030187875032425,-0.003221766790375109,0.206078576744258,-0.03413758263241516,-0.0017572449132588776
11.309999999999803,6.614633083343506,0.15356628596782684,4.06346321105957,-0.037303039868549284,1.1924913509923563,0.3470241451941281,-0.03535092651363806,-0.09835870867355172,0.0010035675300147,0.19292102754116058,-0.033788248896598816,-0.0025946488603949503,0.19305906013305152,-0.0338588428486279,-0.0014056244717577748
11.319999999999803,6.614633083343506,0.15356628596782684,4.06346321105957,-0.037303039868549284,1.1924913509923563,0.3470241451941281,-0.03535092651363806,-0.09835870867355172,0.0010035675300147,0.19292102754116058,-0.033788248896598816,-0.0025946488603949503,0.19305906013305152,-0.0338588428486279,-0.0014056244717577748
11.329999999999803,6.614633083343506,0.15356628596782684,4.06346321105957,-0.037303039868549284,1.1924913509923563,0.3470241451941281,-0.03535092651363806,-0.09835870867355172,0.0010035675300147,0.19292102754116058,-0.033788248896598816,-0.0025946488603949503,0.19305906013305152,-0.0338588428486279,-0.0014056244717577748
11.339999999999803,6.614633083343506,0.15356628596782684,4.06346321105957,-0.037303039868549284,1.1924913509923563,0.3470241451941281,-0.03535092651363806,-0.09835870867355172,0.0010035675300147,0.19292102754116058,-0.033788248896598816,-0.0025946488603949503,0.19305906013305152,-0.0338588428486279,-0.0014056244717577748
11.349999999999802,6.610597372055054,0.19853372871875763,4.073329448699951,-0.0768044450187651,1.1801898916159526,0.3419621239028594,-0.027860404997019833,-0.09942546379020072,0.0009258129355774146,0.1854100525379181,-0.022704049944877625,-0.0022533880546689007,0.1855716597665689,-0.022758011230873024,-0.0016280919311365484
11.359999999999802,6.610597372055054,0.19853372871875763,4.073329448699951,-0.0768044450187651,1.1801898916159526,0.3419621239028594,-0.027860404997019833,-0.09942546379020072,0.0009258129355774146,0.1854100525379181,-0.022704049944877625,-0.0022533880546689007,0.1855716597665689,-0.022758011230873024,-0.0016280919311365484
11.369999999999802,6.610597372055054,0.19853372871875763,4.073329448699951,-0.0768044450187651,1.1801898916159526,0.3419621239028594,-0.027860404997019833,-0.09942546379020072,0.0009258129355774146,0.1854100525379181,-0.022704049944877625,-0.0022533880546689007,0.1855716597665689,-0.022758011230873024,-0.0016280919311365484
11.379999999999802,6.606274127960205,0.2344234734773636,4.0814337730407715,-0.10831206687785513,1.1680939650743054,0.3402131675281268,-0.024085656868542506,-0.09994511320914243,0.0008960976037765314,0.18853721022605896,-0.027055032551288605,-0.002527111908420917,0.18872521410355775,-0.027108046628680757,-0.0018842065662218281
11.389999999999802,6.606274127960205,0.2344234734773636,4.0814337730407715,-0.10831206687785513,1.1680939650743054,0.3402131675281268,-0.024085656868542506,-0.09994511320914243,0.0008960976037765314,0.18853721022605896,-0.027055032551288605,-0.002527111908420917,0.18872521410355775,-0.027108046628680757,-0.0018842065662218281
11.399999999999801,6.606274127960205,0.2344234734773636,4.0814337730407715,-0.10831206687785513,1.1680939650743054,0.3402131675281268,-0.024085656868542506,-0.09994511320914243,0.0008960976037765314,0.18853721022605896,-0.027055032551288605,-0.002527111908420917,0.18872521410355775,-0.027108046628680757,-0.0018842065662218281
11.409999999999801,6.599449872970581,0.2787317633628845,4.091543674468994,-0.1479898348162459,1.1506085128574346,0.3335301365125111,-0.01649456005436048,-0.10107865620910048,0.0007833731183167744,0.18673260509967804,-0.028653860092163086,-0.0012858787085860933,0.18681507243197293,-0.02867117128717921,-0.0008172637986464205
11.419999999999801,6.599449872970581,0.2787317633628845,4.091543674468994,-0.1479898348162459,1.1506085128574346,0.3335301365125111,-0.01649456005436048,-0.10107865620910048,0.0007833731183167744,0.18673260509967804,-0.028653860092163086,-0.0012858787085860933,0.18681507243197293,-0.02867117128717921,-0.0008172637986464205
11.4299999999998,6.599449872970581,0.2787317633628845,4.091543674468994,-0.1479898348162459,1.1506085128574346,0.3335301365125111,-0.01649456005436048,-0.10107865620910048,0.0007833731183167744,0.18673260509967804,-0.028653860092163086,-0.0012858787085860933,0.18681507243197293,-0.02867117128717921,-0.0008172637986464205
11.4399999999998,6.599449872970581,0.2787317633628845,4.091543674468994,-0.1479898348162459,1.1506085128574346,0.3335301365125111,-0.01649456005436048,-0.10107865620910048,0.0007833731183167744,0.18673260509967804,-0.028653860092163086,-0.0012858787085860933,0.18681507243197293,-0.02867117128717921,-0.0008172637986464205
11.4499999999998,6.593712568283081,0.3093183934688568,4.098628044128418,-0.17573900911568693,1.1374786565960255,0.32756145895565025,-0.009673644691430935,-0.10190597048544774,0.0007526216724696973,0.19335776567459106,-0.022162793204188347,-0.0019001547480002017,0.19353014305626606,-0.02218013735701713,-0.0016944649490418199
11.4599999999998,6.593712568283081,0.3093183934688568,4.098628044128418,-0.17573900911568693,1.1374786565960255,0.32756145895565025,-0.009673644691430935,-0.10190597048544774,0.0007526216724696973,0.19335776567459106,-0.022162793204188347,-0.0019001547480002017,0.19353014305626606,-0.02218013735701713,-0.0016944649490418199
11.4699999999998,6.593712568283081,0.3093183934688568,4.098628044128418,-0.17573900911568693,1.1374786565960255,0.32756145895565025,-0.009673644691430935,-0.10190597048544774,0.0007526216724696973,0.19335776567459106,-0.022162793204188347,-0.0019001547480002017,0.19353014305626606,-0.02218013735701713,-0.0016944649490418199
11.4799999999998,6.586258411407471,0.34411224722862244,4.106893062591553,-0.20720708228272838,1.120475054113544,0.3232583226789269,-0.004944763775689709,-0.10248847102994631,0.0007329477510161144,0.19675226509571075,-0.02265222743153572,-0.0003535443102009567,0.19677710622763334,-0.022653698686792338,-0.0002428046110622292
11.4899999999998,6.586258411407471,0.34411224722862244,4.106893062591553,-0.20720708228272838,1.120475054113544,0.3232583226789269,-0.004944763775689709,-0.10248847102994631,0.0007329477510161144,0.19675226509571075,-0.02265222743153572,-0.0003535443102009567,0.19677710622763334,-0.022653698686792338,-0.0002428046110622292
11.4999999999998,6.586258411407471,0.34411224722862244,4.106893062591553,-0.20720708228272838,1.120475054113544,0.3232583226789269,-0.004944763775689709,-0.10248847102994631,0.0007329477510161144,0.19675226509571075,-0.02265222743153572,-0.0003535443102009567,0.19677710622763334,-0.022653698686792338,-0.0002428046110622292
11.509999999999799,6.578885793685913,0.37400177121162415,4.114007949829102,-0.23468948460693756,1.104617903612336,0.3168526036214925,0.0022097627583245257,-0.10326876558983208,0.0007228553985956064,0.1973167359828949,-0.022582747042179108,-0.0008359648636542232,0.1974085447938207,-0.02258084462332415,-0.0008906100040816076
11.519999999999799,6.578885793685913,0.37400177121162415,4.114007949829102,-0.23468948460693756,1.104617903612336,0.3168526036214925,0.0022097627583245257,-0.10326876558983208,0.0007228553985956064,0.1973167359828949,-0.022582747042179108,-0.0008359648636542232,0.1974085447938207,-0.02258084462332415,-0.0008906100040816076
11.529999999999799,6.578885793685913,0.37400177121162415,4.114007949829102,-0.23468948460693756,1.104617903612336,0.3168526036214925,0.0022097627583245257,-0.10326876558983208,0.0007228553985956064,0.1973167359828949,-0.022582747042179108,-0.0008359648636542232,0.1974085447938207,-0.02258084462332415,-0.0008906100040816076
11.539999999999798,6.578885793685913,0.37400177121162415,4.114007949829102,-0.23468948460693756,1.104617903612336,0.3168526036214925,0.0022097627583245257,-0.10326876558983208,0.0007228553985956064,0.1973167359828949,-0.022582747042179108,-0.0008359648636542232,0.1974085447938207,-0.02258084462332415,-0.0008906100040816076
11.549999999999798,6.567060232162476,0.4161057472229004,4.124375820159912,-0.2744640573404272,1.0788200918008126,0.30977009677160366,0.010998989957159363,-0.10420764929464173,0.0006538689018497823,0.19962215423583984,-0.021243294700980186,-0.000987700070254502,0.1997498847243475,-0.02123114624650715,-0.0012279516760009118
11.559999999999798,6.567060232162476,0.4161057472229004,4.124375820159912,-0.2744640573404272,1.0788200918008126,0.30977009677160366,0.010998989957159363,-0.10420764929464173,0.0006538689018497823,0.19962215423583984,-0.021243294700980186,-0.000987700070254502,0.1997498847243475,-0.02123114624650715,-0.0012279516760009118
11.569999999999798,6.567060232162476,0.4161057472229004,4.124375820159912,-0.2744640573404272,1.0788200918008126,0.30977009677160366,0.010998989957159363,-0.10420764929464173,0.0006538689018497823,0.19962215423583984,-0.021243294700980186,-0.000987700070254502,0.1997498847243475,-0.02123114624650715,-0.0012279516760009118
11.579999999999798,6.556467056274414,0.4491502344608307,4.1327619552612305,-0.30576629740731454,1.0553653164124401,0.30720941576462085,0.015027180502139885,-0.10464724877250713,0.0006179369090379969,0.20138844847679138,-0.022829387336969376,-0.0012018339475616785,0.20155069465346068,-0.022808750267295168,-0.0015532437300359058
11.589999999999797,6.556467056274414,0.4491502344608307,4.1327619552612305,-0.30576629740731454,1.0553653164124401,0.30720941576462085,0.015027180502139885,-0.10464724877250713,0.0006179369090379969,0.20138844847679138,-0.022829387336969376,-0.0012018339475616785,0.20155069465346068,-0.022808750267295168,-0.0015532437300359058
11.599999999999797,6.556467056274414,0.4491502344608307,4.1327619552612305,-0.30576629740731454,1.0553653164124401,0.30720941576462085,0.015027180502139885,-0.10464724877250713,0.0006179369090379969,0.20138844847679138,-0.022829387336969376,-0.0012018339475616785,0.20155069465346068,-0.022808750267295168,-0.0015532437300359058
11.609999999999797,6.545956373214722,0.4737711250782013,4.13916540145874,-0.33320409199933687,1.0332921690071568,0.30125766538499843,0.02224682327407148,-0.10537008696800143,0.000549891302429352,0.19652625918388367,-0.018955031409859657,-0.002135715214535592,0.19679667530015477,-0.018902832020531515,-0.0025711012632474656
11.619999999999797,6.545956373214722,0.4737711250782013,4.13916540145874,-0.33320409199933687,1.0332921690071568,0.30125766538499843,0.02224682327407148,-0.10537008696800143,0.000549891302429352,0.19652625918388367,-0.018955031409859657,-0.002135715214535592,0.19679667530015477,-0.018902832020531515,-0.0025711012632474656
11.629999999999797,6.545956373214722,0.4737711250782013,4.13916540145874,-0.33320409199933687,1.0332921690071568,0.30125766538499843,0.02224682327407148,-0.10537008696800143,0.000549891302429352,0.19652625918388367,-0.018955031409859657,-0.002135715214535592,0.19679667530015477,-0.018902832020531515,-0.0025711012632474656
11.639999999999796,6.545956373214722,0.4737711250782013,4.13916540145874,-0.33320409199933687,1.0332921690071568,0.30125766538499843,0.02224682327407148,-0.10537008696800143,0.000549891302429352,0.19652625918388367,-0.018955031409859657,-0.002135715214535592,0.19679667530015477,-0.018902832020531515,-0.0025711012632474656
11.649999999999796,6.5297417640686035,0.5087958574295044,4.148354530334473,-0.37261605327477754,0.9987314515333281,0.29513368963524395,0.030804543802188552,-0.10596611434495974,0.0004913820256215,0.18876126408576965,-0.014183038845658302,-0.0021106062922626716,0.1890321147548981,-0.014111304111806422,-0.002560801860252709
11.659999999999796,6.5297417640686035,0.5087958574295044,4.148354530334473,-0.37261605327477754,0.9987314515333281,0.29513368963524395,0.030804543802188552,-0.10596611434495974,0.0004913820256215,0.18876126408576965,-0.014183038845658302,-0.0021106062922626716,0.1890321147548981,-0.014111304111806422,-0.002560801860252709
11.669999999999796,6.5297417640686035,0.5087958574295044,4.148354530334473,-0.37261605327477754,0.9987314515333281,0.29513368963524395,0.030804543802188552,-0.10596611434495974,0.0004913820256215,0.18876126408576965,-0.014183038845658302,-0.0021106062922626716,0.1890321147548981,-0.014111304111806422,-0.002560801860252709
11.679999999999795,6.515707969665527,0.5364155769348145,4.155938625335693,-0.4041084423698585,0.9691202641336935,0.29392928434886034,0.034506740807424274,-0.10626282119942118,0.00044165141970366407,0.18287064135074615,-0.013638168573379517,-0.0028765122406184656,0.1832274680661115,-0.01353081042670111,-0.0033642917839895505
11.689999999999795,6.515707969665527,0.5364155769348145,4.155938625335693,-0.4041084423698585,0.9691202641336935,0.29392928434886034,0.034506740807424274,-0.10626282119942118,0.00044165141970366407,0.18287064135074615,-0.013638168573379517,-0.0028765122406184656,0.1832274680661115,-0.01353081042670111,-0.0033642917839895505
11.699999999999795,6.515707969665527,0.5364155769348145,4.155938625335693,-0.4041084423698585,0.9691202641336935,0.29392928434886034,0.034506740807424274,-0.10626282119942118,0.00044165141970366407,0.18287064135074615,-0.013638168573379517,-0.0028765122406184656,0.1832274680661115,-0.01353081042670111,-0.0033642917839895505
11.709999999999795,6.502569675445557,0.5596361756324768,4.162169933319092,-0.43157033277248014,0.9426854435903659,0.2912139906175049,0.04060572068462469,-0.10676076887319623,0.00036058329436261023,0.15690793097019196,-0.010591758415102959,-0.00262208399362862,0.15723478236298785,-0.01047658528533006,-0.0030673544603984186
11.719999999999795,6.502569675445557,0.5596361756324768,4.162169933319092,-0.43157033277248014,0.9426854435903659,0.2912139906175049,0.04060572068462469,-0.10676076887319623,0.00036058329436261023,0.15690793097019196,-0.010591758415102959,-0.00262208399362862,0.15723478236298785,-0.01047658528533006,-0.0030673544603984186
11.729999999999794,6.502569675445557,0.5596361756324768,4.162169933319092,-0.43157033277248014,0.9426854435903659,0.2912139906175049,0.04060572068462469,-0.10676076887319623,0.00036058329436261023,0.15690793097019196,-0.010591758415102959,-0.00262208399362862,0.15723478236298785,-0.01047658528533006,-0.0030673544603984186
11.739999999999794,6.502569675445557,0.5596361756324768,4.162169933319092,-0.43157033277248014,0.9426854435903659,0.2912139906175049,0.04060572068462469,-0.10676076887319623,0.00036058329436261023,0.15690793097019196,-0.010591758415102959,-0.00262208399362862,0.15723478236298785,-0.01047658528533006,-0.0030673544603984186
11.749999999999794,6.4825661182403564,0.5921606421470642,4.171411037445068,-0.4707616881722004,0.9023031289926399,0.28845637600695573,0.04719168433053247,-0.10705979503298484,0.000334245300204351,0.1435127556324005,-0.0061620865017175674,-0.0015035843243822449,0.14370540780947486,-0.006084295779741692,-0.0018029241806373309
11.759999999999794,6.4825661182403564,0.5921606421470642,4.171411037445068,-0.4707616881722004,0.9023031289926399,0.28845637600695573,0.04719168433053247,-0.10705979503298484,0.000334245300204351,0.1435127556324005,-0.0061620865017175674,-0.0015035843243822449,0.14370540780947486,-0.006084295779741692,-0.0018029241806373309
11.769999999999794,6.4825661182403564,0.5921606421470642,4.171411037445068,-0.4707616881722004,0.9023031289926399,0.28845637600695573,0.04719168433053247,-0.10705979503298484,0.000334245300204351,0.1435127556324005,-0.0061620865017175674,-0.0015035843243822449,0.14370540780947486,-0.006084295779741692,-0.0018029241806373309
11.779999999999793,6.46553111076355,0.6174576878547668,4.178796768188477,-0.5009880715071814,0.869074384589204,0.2887905873617504,0.04996615666223663,-0.10716178492765946,0.0004069004074668103,0.13681378960609436,-0.0051846979185938835,0.003120124805718661,0.13650642100592825,-0.005334062945268922,0.0028737639538782183
11.789999999999793,6.46553111076355,0.6174576878547668,4.178796768188477,-0.5009880715071814,0.869074384589204,0.2887905873617504,0.04996615666223663,-0.10716178492765946,0.0004069004074668103,0.13681378960609436,-0.0051846979185938835,0.003120124805718661,0.13650642100592825,-0.005334062945268922,0.0028737639538782183
11.799999999999793,6.46553111076355,0.6174576878547668,4.178796768188477,-0.5009880715071814,0.869074384589204,0.2887905873617504,0.04996615666223663,-0.10716178492765946,0.0004069004074668103,0.13681378960609436,-0.0051846979185938835,0.003120124805718661,0.13650642100592825,-0.005334062945268922,0.0028737639538782183
11.809999999999793,6.449788331985474,0.6385742425918579,4.185171604156494,-0.5277929835761225,0.8395511187061985,0.28717074555583044,0.05500371117566416,-0.10709034870038849,0.00040150581534986507,0.1403629332780838,0.006696850992739201,-0.0024936022236943254,0.14059101571451188,0.00682381141987214,-0.0021338895409076047
11.819999999999792,6.449788331985474,0.6385742425918579,4.185171604156494,-0.5277929835761225,0.8395511187061985,0.28717074555583044,0.05500371117566416,-0.10709034870038849,0.00040150581534986507,0.1403629332780838,0.006696850992739201,-0.0024936022236943254,0.14059101571451188,0.00682381141987214,-0.0021338895409076047
11.829999999999792,6.449788331985474,0.6385742425918579,4.185171604156494,-0.5277929835761225,0.8395511187061985,0.28717074555583044,0.05500371117566416,-0.10709034870038849,0.00040150581534986507,0.1403629332780838,0.006696850992739201,-0.0024936022236943254,0.14059101571451188,0.00682381141987214,-0.0021338895409076047
11.839999999999792,6.449788331985474,0.6385742425918579,4.185171604156494,-0.5277929835761225,0.8395511187061985,0.28717074555583044,0.05500371117566416,-0.10709034870038849,0.00040150581534986507,0.1403629332780838,0.006696850992739201,-0.0024936022236943254,0.14059101571451188,0.00682381141987214,-0.0021338895409076047
11.849999999999792,6.426084995269775,0.6677583456039429,4.194405555725098,-0.5654115438768736,0.7954334497552732,0.2853649088017604,0.06119717950011337,-0.1071582356436394,0.00035093019116633277,0.13970930874347687,-0.006373629905283451,-0.000402230420149862,0.1397944272013635,-0.006337098699945005,-0.0007958471583449907
11.859999999999792,6.426084995269775,0.6677583456039429,4.194405555725098,-0.5654115438768736,0.7954334497552732,0.2853649088017604,0.06119717950011337,-0.1071582356436394,0.00035093019116633277,0.13970930874347687,-0.006373629905283451,-0.000402230420149862,0.1397944272013635,-0.006337098699945005,-0.0007958471583449907
11.869999999999791,6.426084995269775,0.6677583456039429,4.194405555725098,-0.5654115438768736,0.7954334497552732,0.2853649088017604,0.06119717950011337,-0.1071582356436394,0.00035093019116633277,0.13970930874347687,-0.006373629905283451,-0.000402230420149862,0.1397944272013635,-0.006337098699945005,-0.0007958471583449907
11.879999999999791,6.406092882156372,0.6901443004608154,4.201895713806152,-0.5951857871738254,0.7588380251784465,0.2859722537969817,0.06402729468837504,-0.10724896300927325,0.00038747059380881977,0.14062176644802094,-0.004763960372656584,0.001969236880540848,0.140443005782403,-0.004880197573864779,0.0016699818380871679
11.889999999999791,6.406092882156372,0.6901443004608154,4.201895713806152,-0.5951857871738254,0.7588380251784465,0.2859722537969817,0.06402729468837504,-0.10724896300927325,0.00038747059380881977,0.14062176644802094,-0.004763960372656584,0.001969236880540848,0.140443005782403,-0.004880197573864779,0.0016699818380871679
11.89999999999979,6.406092882156372,0.6901443004608154,4.201895713806152,-0.5951857871738254,0.7588380251784465,0.2859722537969817,0.06402729468837504,-0.10724896300927325,0.00038747059380881977,0.14062176644802094,-0.004763960372656584,0.001969236880540848,0.140443005782403,-0.004880197573864779,0.0016699818380871679
11.90999999999979,6.387798547744751,0.7086936235427856,4.208307266235352,-0.6209398544041056,0.7270754976241178,0.28442561146178286,0.06976081600135466,-0.10735289330343897,0.0004078148729062508,0.14419980347156525,-0.0025789414066821337,-0.0005289594409987327,0.14427604187414939,-0.0025357979303110914,-0.0007115321637001946
11.91999999999979,6.387798547744751,0.7086936235427856,4.208307266235352,-0.6209398544041056,0.7270754976241178,0.28442561146178286,0.06976081600135466,-0.10735289330343897,0.0004078148729062508,0.14419980347156525,-0.0025789414066821337,-0.0005289594409987327,0.14427604187414939,-0.0025357979303110914,-0.0007115321637001946
11.92999999999979,6.387798547744751,0.7086936235427856,4.208307266235352,-0.6209398544041056,0.7270754976241178,0.28442561146178286,0.06976081600135466,-0.10735289330343897,0.0004078148729062508,0.14419980347156525,-0.0025789414066821337,-0.0005289594409987327,0.14427604187414939,-0.0025357979303110914,-0.0007115321637001946
11.93999999999979,6.387798547744751,0.7086936235427856,4.208307266235352,-0.6209398544041056,0.7270754976241178,0.28442561146178286,0.06976081600135466,-0.10735289330343897,0.0004078148729062508,0.14419980347156525,-0.0025789414066821337,-0.0005289594409987327,0.14427604187414939,-0.0025357979303110914,-0.0007115321637001946
11.94999999999979,6.360495567321777,0.7339849472045898,4.217526912689209,-0.6576275025537044,0.6795230456651272,0.28536714292104776,0.0748640687805716,-0.10749738096325699,0.00042905616088282354,0.1395229995250702,-0.002180251758545637,0.0010419208556413653,0.1394284747125459,-0.0022520744532616966,0.0008810178188950316
11.95999999999979,6.360495567321777,0.7339849472045898,4.217526912689209,-0.6576275025537044,0.6795230456651272,0.28536714292104776,0.0748640687805716,-0.10749738096325699,0.00042905616088282354,0.1395229995250702,-0.002180251758545637,0.0010419208556413653,0.1394284747125459,-0.0022520744532616966,0.0008810178188950316
11.96999999999979,6.360495567321777,0.7339849472045898,4.217526912689209,-0.6576275025537044,0.6795230456651272,0.28536714292104776,0.0748640687805716,-0.10749738096325699,0.00042905616088282354,0.1395229995250702,-0.002180251758545637,0.0010419208556413653,0.1394284747125459,-0.0022520744532616966,0.0008810178188950316
11.979999999999789,6.337658882141113,0.7530532479286194,4.224986553192139,-0.6864563454398716,0.6403998489453492,0.28598216033192675,0.07829454193169026,-0.10759980003669678,0.00039383817134844946,0.1441589891910553,-0.003974997438490391,-0.0013111417647451158,0.14433376368513126,-0.003860269827685483,-0.0016274398128670374
11.989999999999789,6.337658882141113,0.7530532479286194,4.224986553192139,-0.6864563454398716,0.6403998489453492,0.28598216033192675,0.07829454193169026,-0.10759980003669678,0.00039383817134844946,0.1441589891910553,-0.003974997438490391,-0.0013111417647451158,0.14433376368513126,-0.003860269827685483,-0.0016274398128670374
11.999999999999789,6.337658882141113,0.7530532479286194,4.224986553192139,-0.6864563454398716,0.6403998489453492,0.28598216033192675,0.07829454193169026,-0.10759980003669678,0.00039383817134844946,0.1441589891910553,-0.003974997438490391,-0.0013111417647451158,0.14433376368513126,-0.003860269827685483,-0.0016274398128670374
12.009999999999788,6.317632675170898,0.7649803161621094,4.229250907897949,-0.7111620911939579,0.6038591156776568,0.284393328130609,0.08396280836893595,-0.10778777585376506,0.00041184253559014726,0.1412835419178009,-0.005685702431946993,-0.00035093864426016737,0.14137297829238635,-0.005636241618421602,-0.0008313539321819131
12.019999999999788,6.317632675170898,0.7649803161621094,4.229250907897949,-0.7111620911939579,0.6038591156776568,0.284393328130609,0.08396280836893595,-0.10778777585376506,0.00041184253559014726,0.1412835419178009,-0.005685702431946993,-0.00035093864426016737,0.14137297829238635,-0.005636241618421602,-0.0008313539321819131
12.029999999999788,6.317632675170898,0.7649803161621094,4.229250907897949,-0.7111620911939579,0.6038591156776568,0.284393328130609,0.08396280836893595,-0.10778777585376506,0.00041184253559014726,0.1412835419178009,-0.005685702431946993,-0.00035093864426016737,0.14137297829238635,-0.005636241618421602,-0.0008313539321819131
12.039999999999788,6.317632675170898,0.7649803161621094,4.229250907897949,-0.7111620911939579,0.6038591156776568,0.284393328130609,0.08396280836893595,-0.10778777585376506,0.00041184253559014726,0.1412835419178009,-0.005685702431946993,-0.00035093864426016737,0.14137297829238635,-0.005636241618421602,-0.0008313539321819131
12.049999999999788,6.287709951400757,0.7813053131103516,4.235852241516113,-0.7466196512619251,0.5498317683840458,0.28445441451200587,0.08895315667195863,-0.10770220324571833,0.0005170012230580735,0.13407456874847412,0.0044377148151397705,-0.0004134452610742306,0.1340764697517531,0.004456898094960066,-1.768472138720757e-05
12.059999999999787,6.287709951400757,0.7813053131103516,4.235852241516113,-0.7466196512619251,0.5498317683840458,0.28445441451200587,0.08895315667195863,-0.10770220324571833,0.0005170012230580735,0.13407456874847412,0.0044377148151397705,-0.0004134452610742306,0.1340764697517531,0.004456898094960066,-1.768472138720757e-05
12.069999999999787,6.287709951400757,0.7813053131103516,4.235852241516113,-0.7466196512619251,0.5498317683840458,0.28445441451200587,0.08895315667195863,-0.10770220324571833,0.0005170012230580735,0.13407456874847412,0.0044377148151397705,-0.0004134452610742306,0.1340764697517531,0.004456898094960066,-1.768472138720757e-05
12.079999999999787,6.262691020965576,0.793507993221283,4.241424560546875,-0.7748949469632881,0.5062018387906626,0.2872493649824601,0.09193532844038106,-0.10767177662438539,0.0005593957823959581,0.11985649168491364,0.0014423981774598362,0.0013445829972624777,0.11969745641873739,0.001312866200516614,0.0014798954335680686
12.089999999999787,6.262691020965576,0.793507993221283,4.241424560546875,-0.7748949469632881,0.5062018387906626,0.2872493649824601,0.09193532844038106,-0.10767177662438539,0.0005593957823959581,0.11985649168491364,0.0014423981774598362,0.0013445829972624777,0.11969745641873739,0.001312866200516614,0.0014798954335680686
12.099999999999786,6.262691020965576,0.793507993221283,4.241424560546875,-0.7748949469632881,0.5062018387906626,0.2872493649824601,0.09193532844038106,-0.10767177662438539,0.0005593957823959581,0.11985649168491364,0.0014423981774598362,0.0013445829972624777,0.11969745641873739,0.001312866200516614,0.0014798954335680686
12.109999999999786,6.240084648132324,0.8028748631477356,4.2461838722229,-0.7985546033751177,0.46799319349929774,0.2904747691711964,0.09608628392886975,-0.10785153845125255,0.0005277473286365692,0.0932493656873703,-0.0066672535613179216,-0.004043607041239738,0.09375440984462843,-0.00624856169130315,-0.004691862566788309
12.119999999999786,6.240084648132324,0.8028748631477356,4.2461838722229,-0.7985546033751177,0.46799319349929774,0.2904747691711964,0.09608628392886975,-0.10785153845125255,0.0005277473286365692,0.0932493656873703,-0.0066672535613179216,-0.004043607041239738,0.09375440984462843,-0.00624856169130315,-0.004691862566788309
12.129999999999786,6.240084648132324,0.8028748631477356,4.2461838722229,-0.7985546033751177,0.46799319349929774,0.2904747691711964,0.09608628392886975,-0.10785153845125255,0.0005277473286365692,0.0932493656873703,-0.0066672535613179216,-0.004043607041239738,0.09375440984462843,-0.00624856169130315,-0.004691862566788309
12.139999999999786,6.240084648132324,0.8028748631477356,4.2461838722229,-0.7985546033751177,0.46799319349929774,0.2904747691711964,0.09608628392886975,-0.10785153845125255,0.0005277473286365692,0.0932493656873703,-0.0066672535613179216,-0.004043607041239738,0.09375440984462843,-0.00624856169130315,-0.004691862566788309
12.149999999999785,6.20654559135437,0.8151595592498779,4.253332614898682,-0.8324971877190627,0.41261749893642574,0.2967699389510674,0.09929630218886355,-0.10810964307960391,0.0004944183389829116,0.07454051077365875,-0.006815101020038128,0.0017821376677602538,0.07442136819981242,-0.006958200028194659,0.0011042028349489337
12.159999999999785,6.20654559135437,0.8151595592498779,4.253332614898682,-0.8324971877190627,0.41261749893642574,0.2967699389510674,0.09929630218886355,-0.10810964307960391,0.0004944183389829116,0.07454051077365875,-0.006815101020038128,0.0017821376677602538,0.07442136819981242,-0.006958200028194659,0.0011042028349489337
12.169999999999785,6.20654559135437,0.8151595592498779,4.253332614898682,-0.8324971877190627,0.41261749893642574,0.2967699389510674,0.09929630218886355,-0.10810964307960391,0.0004944183389829116,0.07454051077365875,-0.006815101020038128,0.0017821376677602538,0.07442136819981242,-0.006958200028194659,0.0011042028349489337
12.179999999999785,6.1786744594573975,0.8238717913627625,4.259342193603516,-0.8604367696697325,0.367935654417973,0.30123733479026105,0.1007412564640448,-0.10816675636891226,0.0004679760858542731,0.07112371176481247,-0.00397091917693615,-0.001575365429744124,0.07133728092589059,-0.0037923501930330113,-0.001978299053974966
12.189999999999785,6.1786744594573975,0.8238717913627625,4.259342193603516,-0.8604367696697325,0.367935654417973,0.30123733479026105,0.1007412564640448,-0.10816675636891226,0.0004679760858542731,0.07112371176481247,-0.00397091917693615,-0.001575365429744124,0.07133728092589059,-0.0037923501930330113,-0.001978299053974966
12.199999999999784,6.1786744594573975,0.8238717913627625,4.259342193603516,-0.8604367696697325,0.367935654417973,0.30123733479026105,0.1007412564640448,-0.10816675636891226,0.0004679760858542731,0.07112371176481247,-0.00397091917693615,-0.001575365429744124,0.07133728092589059,-0.0037923501930330113,-0.001978299053974966
12.209999999999784,6.153578758239746,0.8302069902420044,4.264492034912109,-0.8837526849141937,0.32791652840818847,0.30423195582344587,0.10321565840091886,-0.10831469914889548,0.0004802504929665234,0.06762111186981201,-0.003067995887249708,-0.0014002500101923938,0.06780693825899288,-0.002907396743320559,-0.0017189748337511892
12.219999999999784,6.153578758239746,0.8302069902420044,4.264492034912109,-0.8837526849141937,0.32791652840818847,0.30423195582344587,0.10321565840091886,-0.10831469914889548,0.0004802504929665234,0.06762111186981201,-0.003067995887249708,-0.0014002500101923938,0.06780693825899288,-0.002907396743320559,-0.0017189748337511892
12.229999999999784,6.153578758239746,0.8302069902420044,4.264492034912109,-0.8837526849141937,0.32791652840818847,0.30423195582344587,0.10321565840091886,-0.10831469914889548,0.0004802504929665234,0.06762111186981201,-0.003067995887249708,-0.0014002500101923938,0.06780693825899288,-0.002907396743320559,-0.0017189748337511892
12.239999999999783,6.153578758239746,0.8302069902420044,4.264492034912109,-0.8837526849141937,0.32791652840818847,0.30423195582344587,0.10321565840091886,-0.10831469914889548,0.0004802504929665234,0.06762111186981201,-0.003067995887249708,-0.0014002500101923938,0.06780693825899288,-0.002907396743320559,-0.0017189748337511892
12.249999999999783,6.11656379699707,0.8378996253013611,4.272065162658691,-0.9166316657030501,0.27147049759237907,0.3069485812283508,0.10589902279957306,-0.10830921392134775,0.00046647256993016995,0.0644848644733429,0.001618257607333362,0.00012584959040395897,0.06445265764371548,0.0015958895735406924,0.0002979421957962594
12.259999999999783,6.11656379699707,0.8378996253013611,4.272065162658691,-0.9166316657030501,0.27147049759237907,0.3069485812283508,0.10589902279957306,-0.10830921392134775,0.00046647256993016995,0.0644848644733429,0.001618257607333362,0.00012584959040395897,0.06445265764371548,0.0015958895735406924,0.0002979421957962594
12.269999999999783,6.11656379699707,0.8378996253013611,4.272065162658691,-0.9166316657030501,0.27147049759237907,0.3069485812283508,0.10589902279957306,-0.10830921392134775,0.00046647256993016995,0.0644848644733429,0.001618257607333362,0.00012584959040395897,0.06445265764371548,0.0015958895735406924,0.0002979421957962594
12.279999999999783,6.078211307525635,0.8436785936355591,4.279650688171387,-0.9497734447442648,0.21468538294515052,0.31036343034925634,0.1075078887918278,-0.10817009032886328,0.0004844052493033444,0.0663784071803093,0.004793401807546616,-0.0004949824069626635,0.06637599512143721,0.0048188396021489836,2.234230476775767e-05
12.289999999999782,6.078211307525635,0.8436785936355591,4.279650688171387,-0.9497734447442648,0.21468538294515052,0.31036343034925634,0.1075078887918278,-0.10817009032886328,0.0004844052493033444,0.0663784071803093,0.004793401807546616,-0.0004949824069626635,0.06637599512143721,0.0048188396021489836,2.234230476775767e-05
12.299999999999782,6.078211307525635,0.8436785936355591,4.279650688171387,-0.9497734447442648,0.21468538294515052,0.31036343034925634,0.1075078887918278,-0.10817009032886328,0.0004844052493033444,0.0663784071803093,0.004793401807546616,-0.0004949824069626635,0.06637599512143721,0.0048188396021489836,2.234230476775767e-05
12.309999999999782,6.058537721633911,0.8458300232887268,4.283437252044678,-0.9666296645443686,0.18673662262351656,0.3115807467383496,0.11009445970710915,-0.10795839910745277,0.0005126426553927183,0.06352259963750839,0.0063723549246788025,-0.0003092798287980266,0.06348003486271289,0.006367756180383195,0.00039503706892458153
12.319999999999782,6.058537721633911,0.8458300232887268,4.283437252044678,-0.9666296645443686,0.18673662262351656,0.3115807467383496,0.11009445970710915,-0.10795839910745277,0.0005126426553927183,0.06352259963750839,0.0063723549246788025,-0.0003092798287980266,0.06348003486271289,0.006367756180383195,0.00039503706892458153
12.329999999999782,6.058537721633911,0.8458300232887268,4.283437252044678,-0.9666296645443686,0.18673662262351656,0.3115807467383496,0.11009445970710915,-0.10795839910745277,0.0005126426553927183,0.06352259963750839,0.0063723549246788025,-0.0003092798287980266,0.06348003486271289,0.006367756180383195,0.00039503706892458153
12.339999999999781,6.018208026885986,0.8486357927322388,4.290899276733398,-0.9984900988660229,0.12993397664302636,0.31493900966038735,0.11257532190143588,-0.1077697416218068,0.0004625615283314112,0.061727363616228104,0.006357085891067982,-0.002076359698548914,0.061873318701154964,0.006550099548916955,-0.0013569485658150896
12.349999999999781,6.018208026885986,0.8486357927322388,4.290899276733398,-0.9984900988660229,0.12993397664302636,0.31493900966038735,0.11257532190143588,-0.1077697416218068,0.0004625615283314112,0.061727363616228104,0.006357085891067982,-0.002076359698548914,0.061873318701154964,0.006550099548916955,-0.0013569485658150896
12.359999999999781,6.018208026885986,0.8486357927322388,4.290899276733398,-0.9984900988660229,0.12993397664302636,0.31493900966038735,0.11257532190143588,-0.1077697416218068,0.0004625615283314112,0.061727363616228104,0.006357085891067982,-0.002076359698548914,0.061873318701154964,0.006550099548916955,-0.0013569485658150896
12.36999999999978,6.018208026885986,0.8486357927322388,4.290899276733398,-0.9984900988660229,0.12993397664302636,0.31493900966038735,0.11257532190143588,-0.1077697416218068,0.0004625615283314112,0.061727363616228104,0.006357085891067982,-0.002076359698548914,0.061873318701154964,0.006550099548916955,-0.0013569485658150896
12.37999999999978,5.9850099086761475,0.8494930267333984,4.296830177307129,-1.024022298752932,0.08387757311646452,0.31722484757011443,0.11353745817950026,-0.10762350621730285,0.0004481581445044878,0.06003061681985855,0.00956981536000967,-0.002335173310711981,0.060164148839714555,0.009772760910347067,-0.0012431312904346594
12.38999999999978,5.9850099086761475,0.8494930267333984,4.296830177307129,-1.024022298752932,0.08387757311646452,0.31722484757011443,0.11353745817950026,-0.10762350621730285,0.0004481581445044878,0.06003061681985855,0.00956981536000967,-0.002335173310711981,0.060164148839714555,0.009772760910347067,-0.0012431312904346594
12.39999999999978,5.9850099086761475,0.8494930267333984,4.296830177307129,-1.024022298752932,0.08387757311646452,0.31722484757011443,0.11353745817950026,-0.10762350621730285,0.0004481581445044878,0.06003061681985855,0.00956981536000967,-0.002335173310711981,0.060164148839714555,0.009772760910347067,-0.0012431312904346594
12.40999999999978,5.9562859535217285,0.8458864688873291,4.299336910247803,-1.0455560495897884,0.042122475542724816,0.31810912088475324,0.11619999218281317,-0.10703205636754261,0.0005435446247868332,0.05909192934632301,0.01651817187666893,0.0012656731996685247,0.05875109623103679,0.016260039033773325,0.0031904903429064006
12.41999999999978,5.9562859535217285,0.8458864688873291,4.299336910247803,-1.0455560495897884,0.042122475542724816,0.31810912088475324,0.11619999218281317,-0.10703205636754261,0.0005435446247868332,0.05909192934632301,0.01651817187666893,0.0012656731996685247,0.05875109623103679,0.016260039033773325,0.0031904903429064006
12.42999999999978,5.9562859535217285,0.8458864688873291,4.299336910247803,-1.0455560495897884,0.042122475542724816,0.31810912088475324,0.11619999218281317,-0.10703205636754261,0.0005435446247868332,0.05909192934632301,0.01651817187666893,0.0012656731996685247,0.05875109623103679,0.016260039033773325,0.0031904903429064006
12.43999999999978,5.9139745235443115,0.8397461175918579,4.303256511688232,-1.076611540823489,-0.01691553887084935,0.320637658030293,0.11825431274074298,-0.10649798159765042,0.0006000132160359798,0.04604816809296608,0.011274667456746101,-0.0023057921789586557,0.046150742696510844,0.011467961148616023,-0.0009649831479783879
12.449999999999779,5.9139745235443115,0.8397461175918579,4.303256511688232,-1.076611540823489,-0.01691553887084935,0.320637658030293,0.11825431274074298,-0.10649798159765042,0.0006000132160359798,0.04604816809296608,0.011274667456746101,-0.0023057921789586557,0.046150742696510844,0.011467961148616023,-0.0009649831479783879
12.459999999999779,5.9139745235443115,0.8397461175918579,4.303256511688232,-1.076611540823489,-0.01691553887084935,0.320637658030293,0.11825431274074298,-0.10649798159765042,0.0006000132160359798,0.04604816809296608,0.011274667456746101,-0.0023057921789586557,0.046150742696510844,0.011467961148616023,-0.0009649831479783879
12.469999999999779,5.9139745235443115,0.8397461175918579,4.303256511688232,-1.076611540823489,-0.01691553887084935,0.320637658030293,0.11825431274074298,-0.10649798159765042,0.0006000132160359798,0.04604816809296608,0.011274667456746101,-0.0023057921789586557,0.046150742696510844,0.011467961148616023,-0.0009649831479783879
12.479999999999778,5.879109859466553,0.8337869048118591,4.306720733642578,-1.1001828465317942,-0.06478897931024016,0.3244737205870199,0.118966752727987,-0.10627655606724883,0.0006285105594016518,0.03229194134473801,0.010223666206002235,-0.001032753963954748,0.03227189057394261,0.010273977044364297,0.00018902160485323295
12.489999999999778,5.879109859466553,0.8337869048118591,4.306720733642578,-1.1001828465317942,-0.06478897931024016,0.3244737205870199,0.118966752727987,-0.10627655606724883,0.0006285105594016518,0.03229194134473801,0.010223666206002235,-0.001032753963954748,0.03227189057394261,0.010273977044364297,0.00018902160485323295
12.499999999999778,5.879109859466553,0.8337869048118591,4.306720733642578,-1.1001828465317942,-0.06478897931024016,0.3244737205870199,0.118966752727987,-0.10627655606724883,0.0006285105594016518,0.03229194134473801,0.010223666206002235,-0.001032753963954748,0.03227189057394261,0.010273977044364297,0.00018902160485323295
12.509999999999778,5.8480377197265625,0.8271917104721069,4.309467315673828,-1.1204257505954522,-0.10613028078814143,0.3290131715165311,0.11967991452436755,-0.10584426329728586,0.0006777925683978901,0.011955169960856438,0.011317700147628784,-0.0008059943211264922,0.01189662662160889,0.011332974764671154,0.0005541423853323127
12.519999999999778,5.8480377197265625,0.8271917104721069,4.309467315673828,-1.1204257505954522,-0.10613028078814143,0.3290131715165311,0.11967991452436755,-0.10584426329728586,0.0006777925683978901,0.011955169960856438,0.011317700147628784,-0.0008059943211264922,0.01189662662160889,0.011332974764671154,0.0005541423853323127
12.529999999999777,5.8480377197265625,0.8271917104721069,4.309467315673828,-1.1204257505954522,-0.10613028078814143,0.3290131715165311,0.11967991452436755,-0.10584426329728586,0.0006777925683978901,0.011955169960856438,0.011317700147628784,-0.0008059943211264922,0.01189662662160889,0.011332974764671154,0.0005541423853323127
12.539999999999777,5.8480377197265625,0.8271917104721069,4.309467315673828,-1.1204257505954522,-0.10613028078814143,0.3290131715165311,0.11967991452436755,-0.10584426329728586,0.0006777925683978901,0.011955169960856438,0.011317700147628784,-0.0008059943211264922,0.01189662662160889,0.011332974764671154,0.0005541423853323127
12.549999999999777,5.802494287490845,0.8164942264556885,4.313910484313965,-1.149020462093542,-0.16434053473860444,0.3359923787010992,0.11954800150080049,-0.10530506929622335,0.000680166969666984,-0.014216874726116657,0.009787306189537048,-0.004571037366986276,-0.013860558075738496,0.010262608375714046,-0.003389922704162389
12.559999999999777,5.802494287490845,0.8164942264556885,4.313910484313965,-1.149020462093542,-0.16434053473860444,0.3359923787010992,0.11954800150080049,-0.10530506929622335,0.000680166969666984,-0.014216874726116657,0.009787306189537048,-0.004571037366986276,-0.013860558075738496,0.010262608375714046,-0.003389922704162389
12.569999999999776,5.802494287490845,0.8164942264556885,4.313910484313965,-1.149020462093542,-0.16434053473860444,0.3359923787010992,0.11954800150080049,-0.10530506929622335,0.000680166969666984,-0.014216874726116657,0.009787306189537048,-0.004571037366986276,-0.013860558075738496,0.010262608375714046,-0.003389922704162389
12.579999999999776,5.765129566192627,0.8067341446876526,4.317682266235352,-1.1717316219013716,-0.21016100343551294,0.34112135938338817,0.11917575945372257,-0.10512783781734399,0.0007082328232139423,-0.01973276399075985,0.008674843236804008,-0.0002768645936157565,-0.01981258587463417,0.008646229814143171,0.000760684376393538
12.589999999999776,5.765129566192627,0.8067341446876526,4.317682266235352,-1.1717316219013716,-0.21016100343551294,0.34112135938338817,0.11917575945372257,-0.10512783781734399,0.0007082328232139423,-0.01973276399075985,0.008674843236804008,-0.0002768645936157565,-0.01981258587463417,0.008646229814143171,0.000760684376393538
12.599999999999776,5.765129566192627,0.8067341446876526,4.317682266235352,-1.1717316219013716,-0.21016100343551294,0.34112135938338817,0.11917575945372257,-0.10512783781734399,0.0007082328232139423,-0.01973276399075985,0.008674843236804008,-0.0002768645936157565,-0.01981258587463417,0.008646229814143171,0.000760684376393538
12.609999999999776,5.731872081756592,0.7969054579734802,4.320832252502441,-1.1916616047508775,-0.25044054800317855,0.34310737400295693,0.11820294639371855,-0.10463092699364693,0.000741772666446649,-0.02869456633925438,0.014392506331205368,-0.0025786110199987906,-0.028603903177394065,0.014596167895043585,-0.0008680874811119116
12.619999999999775,5.731872081756592,0.7969054579734802,4.320832252502441,-1.1916616047508775,-0.25044054800317855,0.34310737400295693,0.11820294639371855,-0.10463092699364693,0.000741772666446649,-0.02869456633925438,0.014392506331205368,-0.0025786110199987906,-0.028603903177394065,0.014596167895043585,-0.0008680874811119116
12.629999999999775,5.731872081756592,0.7969054579734802,4.320832252502441,-1.1916616047508775,-0.25044054800317855,0.34310737400295693,0.11820294639371855,-0.10463092699364693,0.000741772666446649,-0.02869456633925438,0.014392506331205368,-0.0025786110199987906,-0.028603903177394065,0.014596167895043585,-0.0008680874811119116
12.639999999999775,5.731872081756592,0.7969054579734802,4.320832252502441,-1.1916616047508775,-0.25044054800317855,0.34310737400295693,0.11820294639371855,-0.10463092699364693,0.000741772666446649,-0.02869456633925438,0.014392506331205368,-0.0025786110199987906,-0.028603903177394065,0.014596167895043585,-0.0008680874811119116
12.649999999999775,5.683308839797974,0.7815226316452026,4.325524806976318,-1.2193888889105828,-0.3059924047730737,0.34504312347716776,0.11731385836735023,-0.10408747188505116,0.0007662653774523307,-0.02724481374025345,0.016487758606672287,-0.003934520762413742,-0.0270382165970541,0.01683494773981209,-0.001988430154452185
12.659999999999775,5.683308839797974,0.7815226316452026,4.325524806976318,-1.2193888889105828,-0.3059924047730737,0.34504312347716776,0.11731385836735023,-0.10408747188505116,0.0007662653774523307,-0.02724481374025345,0.016487758606672287,-0.003934520762413742,-0.0270382165970541,0.01683494773981209,-0.001988430154452185
12.669999999999774,5.683308839797974,0.7815226316452026,4.325524806976318,-1.2193888889105828,-0.3059924047730737,0.34504312347716776,0.11731385836735023,-0.10408747188505116,0.0007662653774523307,-0.02724481374025345,0.016487758606672287,-0.003934520762413742,-0.0270382165970541,0.01683494773981209,-0.001988430154452185
12.679999999999774,5.643610954284668,0.7679803371429443,4.329409599304199,-1.2411529968976012,-0.3497135863463128,0.3461747813475785,0.11663378024612497,-0.10364203922597219,0.0007454885017676454,-0.029986515641212463,0.019263269379734993,-0.004548928234726193,-0.02974974010486576,0.019661751101265265,-0.0022886462302923105
12.689999999999774,5.643610954284668,0.7679803371429443,4.329409599304199,-1.2411529968976012,-0.3497135863463128,0.3461747813475785,0.11663378024612497,-0.10364203922597219,0.0007454885017676454,-0.029986515641212463,0.019263269379734993,-0.004548928234726193,-0.02974974010486576,0.019661751101265265,-0.0022886462302923105
12.699999999999774,5.643610954284668,0.7679803371429443,4.329409599304199,-1.2411529968976012,-0.3497135863463128,0.3461747813475785,0.11663378024612497,-0.10364203922597219,0.0007454885017676454,-0.029986515641212463,0.019263269379734993,-0.004548928234726193,-0.02974974010486576,0.019661751101265265,-0.0022886462302923105
12.709999999999773,5.608342885971069,0.7549417018890381,4.332553386688232,-1.260262413599385,-0.38789285520465755,0.3454604697429917,0.11546088822884606,-0.10277577827299603,0.0007575942811619613,-0.031573936343193054,0.020481932908296585,-0.0026590721681714084,-0.03154487623246992,0.02065189710083064,-0.00028325091746454534
12.719999999999773,5.608342885971069,0.7549417018890381,4.332553386688232,-1.260262413599385,-0.38789285520465755,0.3454604697429917,0.11546088822884606,-0.10277577827299603,0.0007575942811619613,-0.031573936343193054,0.020481932908296585,-0.0026590721681714084,-0.03154487623246992,0.02065189710083064,-0.00028325091746454534
12.729999999999773,5.608342885971069,0.7549417018890381,4.332553386688232,-1.260262413599385,-0.38789285520465755,0.3454604697429917,0.11546088822884606,-0.10277577827299603,0.0007575942811619613,-0.031573936343193054,0.020481932908296585,-0.0026590721681714084,-0.03154487623246992,0.02065189710083064,-0.00028325091746454534
12.739999999999773,5.608342885971069,0.7549417018890381,4.332553386688232,-1.260262413599385,-0.38789285520465755,0.3454604697429917,0.11546088822884606,-0.10277577827299603,0.0007575942811619613,-0.031573936343193054,0.020481932908296585,-0.0026590721681714084,-0.03154487623246992,0.02065189710083064,-0.00028325091746454534
12.749999999999773,5.5569562911987305,0.7349135875701904,4.337175369262695,-1.2864047811767083,-0.44087834293147543,0.34601718196867653,0.11432220569418577,-0.10179620220299622,0.0008141729928904282,-0.03578835725784302,0.03063366748392582,-0.0020028636790812055,-0.035942060804358585,0.03066217439441039,0.001512525245968397
12.759999999999772,5.5569562911987305,0.7349135875701904,4.337175369262695,-1.2864047811767083,-0.44087834293147543,0.34601718196867653,0.11432220569418577,-0.10179620220299622,0.0008141729928904282,-0.03578835725784302,0.03063366748392582,-0.0020028636790812055,-0.035942060804358585,0.03066217439441039,0.001512525245968397
12.769999999999772,5.5569562911987305,0.7349135875701904,4.337175369262695,-1.2864047811767083,-0.44087834293147543,0.34601718196867653,0.11432220569418577,-0.10179620220299622,0.0008141729928904282,-0.03578835725784302,0.03063366748392582,-0.0020028636790812055,-0.035942060804358585,0.03066217439441039,0.001512525245968397
12.779999999999772,5.515052318572998,0.7176589965820312,4.340884685516357,-1.3069714339003362,-0.4829494109355992,0.3466306736388717,0.11345759672917184,-0.10106686717022234,0.0008404237710258892,-0.036622218787670135,0.03028520755469799,-0.0028817849233746568,-0.03667956374055656,0.030416750855736495,0.0005683632635913148
12.789999999999772,5.515052318572998,0.7176589965820312,4.340884685516357,-1.3069714339003362,-0.4829494109355992,0.3466306736388717,0.11345759672917184,-0.10106686717022234,0.0008404237710258892,-0.036622218787670135,0.03028520755469799,-0.0028817849233746568,-0.03667956374055656,0.030416750855736495,0.0005683632635913148
12.799999999999772,5.515052318572998,0.7176589965820312,4.340884685516357,-1.3069714339003362,-0.4829494109355992,0.3466306736388717,0.11345759672917184,-0.10106686717022234,0.0008404237710258892,-0.036622218787670135,0.03028520755469799,-0.0028817849233746568,-0.03667956374055656,0.030416750855736495,0.0005683632635913148
12.809999999999771,5.478462219238281,0.6995259523391724,4.343006610870361,-1.3241308913204537,-0.520185008482891,0.34497612206199013,0.11191698517067764,-0.09978284926965225,0.0009228291360217805,-0.041111502796411514,0.03497355058789253,-0.0037074203137308403,-0.041133702610018676,0.03516880771968565,0.00022285087849360484
12.819999999999771,5.478462219238281,0.6995259523391724,4.343006610870361,-1.3241308913204537,-0.520185008482891,0.34497612206199013,0.11191698517067764,-0.09978284926965225,0.0009228291360217805,-0.041111502796411514,0.03497355058789253,-0.0037074203137308403,-0.041133702610018676,0.03516880771968565,0.00022285087849360484
12.829999999999771,5.478462219238281,0.6995259523391724,4.343006610870361,-1.3241308913204537,-0.520185008482891,0.34497612206199013,0.11191698517067764,-0.09978284926965225,0.0009228291360217805,-0.041111502796411514,0.03497355058789253,-0.0037074203137308403,-0.041133702610018676,0.03516880771968565,0.00022285087849360484
12.83999999999977,5.478462219238281,0.6995259523391724,4.343006610870361,-1.3241308913204537,-0.520185008482891,0.34497612206199013,0.11191698517067764,-0.09978284926965225,0.0009228291360217805,-0.041111502796411514,0.03497355058789253,-0.0037074203137308403,-0.041133702610018676,0.03516880771968565,0.00022285087849360484
12.84999999999977,5.42520809173584,0.6726417541503906,4.346316814422607,-1.3478492751355629,-0.5708952777096521,0.34202294958601387,0.10993141693173845,-0.09828378690545117,0.0010205144416808114,-0.05622035264968872,0.037193939089775085,-0.0012930980883538769,-0.05649596936979552,0.03711128847101949,0.002808814745970417
12.85999999999977,5.42520809173584,0.6726417541503906,4.346316814422607,-1.3478492751355629,-0.5708952777096521,0.34202294958601387,0.10993141693173845,-0.09828378690545117,0.0010205144416808114,-0.05622035264968872,0.037193939089775085,-0.0012930980883538769,-0.05649596936979552,0.03711128847101949,0.002808814745970417
12.86999999999977,5.42520809173584,0.6726417541503906,4.346316814422607,-1.3478492751355629,-0.5708952777096521,0.34202294958601387,0.10993141693173845,-0.09828378690545117,0.0010205144416808114,-0.05622035264968872,0.037193939089775085,-0.0012930980883538769,-0.05649596936979552,0.03711128847101949,0.002808814745970417
12.87999999999977,5.381830930709839,0.6502053141593933,4.349093914031982,-1.3663652221334308,-0.6104894244669308,0.3405569290262984,0.10868995638134477,-0.09757209897888601,0.0010525312513179192,-0.06481103599071503,0.03523579239845276,-0.002847269875928764,-0.06490811356803002,0.03533672875717142,0.0009965121631690492
12.88999999999977,5.381830930709839,0.6502053141593933,4.349093914031982,-1.3663652221334308,-0.6104894244669308,0.3405569290262984,0.10868995638134477,-0.09757209897888601,0.0010525312513179192,-0.06481103599071503,0.03523579239845276,-0.002847269875928764,-0.06490811356803002,0.03533672875717142,0.0009965121631690492
12.89999999999977,5.381830930709839,0.6502053141593933,4.349093914031982,-1.3663652221334308,-0.6104894244669308,0.3405569290262984,0.10868995638134477,-0.09757209897888601,0.0010525312513179192,-0.06481103599071503,0.03523579239845276,-0.002847269875928764,-0.06490811356803002,0.03533672875717142,0.0009965121631690492
12.90999999999977,5.343439340591431,0.6294971704483032,4.351360321044922,-1.3822892671844131,-0.6450179178887554,0.3374513202823256,0.10574186247718347,-0.0961332097235624,0.0011268765426793025,-0.07796713709831238,0.0354781299829483,-0.0010946395341306968,-0.07822325741538368,0.035395501824284026,0.002668331130234697
12.919999999999769,5.343439340591431,0.6294971704483032,4.351360321044922,-1.3822892671844131,-0.6450179178887554,0.3374513202823256,0.10574186247718347,-0.0961332097235624,0.0011268765426793025,-0.07796713709831238,0.0354781299829483,-0.0010946395341306968,-0.07822325741538368,0.035395501824284026,0.002668331130234697
12.929999999999769,5.343439340591431,0.6294971704483032,4.351360321044922,-1.3822892671844131,-0.6450179178887554,0.3374513202823256,0.10574186247718347,-0.0961332097235624,0.0011268765426793025,-0.07796713709831238,0.0354781299829483,-0.0010946395341306968,-0.07822325741538368,0.035395501824284026,0.002668331130234697
12.939999999999769,5.343439340591431,0.6294971704483032,4.351360321044922,-1.3822892671844131,-0.6450179178887554,0.3374513202823256,0.10574186247718347,-0.0961332097235624,0.0011268765426793025,-0.07796713709831238,0.0354781299829483,-0.0010946395341306968,-0.07822325741538368,0.035395501824284026,0.002668331130234697
12.949999999999768,5.287737846374512,0.5988889932632446,4.354811668395996,-1.4041923331951018,-0.6916129986732018,0.3346546434183589,0.10267271263172686,-0.09495813066182478,0.0011042418824738333,-0.09057703614234924,0.031634971499443054,-0.007067016325891021,-0.0902163015698705,0.032192690545487276,-0.0038045954312199122
12.959999999999768,5.287737846374512,0.5988889932632446,4.354811668395996,-1.4041923331951018,-0.6916129986732018,0.3346546434183589,0.10267271263172686,-0.09495813066182478,0.0011042418824738333,-0.09057703614234924,0.031634971499443054,-0.007067016325891021,-0.0902163015698705,0.032192690545487276,-0.0038045954312199122
12.969999999999768,5.287737846374512,0.5988889932632446,4.354811668395996,-1.4041923331951018,-0.6916129986732018,0.3346546434183589,0.10267271263172686,-0.09495813066182478,0.0011042418824738333,-0.09057703614234924,0.031634971499443054,-0.007067016325891021,-0.0902163015698705,0.032192690545487276,-0.0038045954312199122
12.979999999999768,5.2424750328063965,0.5734619498252869,4.357651710510254,-1.421377929927841,-0.7269330642639148,0.33149968725269807,0.10039437130551111,-0.0941824831450313,0.0011307183404647319,-0.09742982685565948,0.03304097801446915,-0.001857187249697749,-0.0975680929867683,0.03306074541835976,0.0014702389392506907
12.989999999999768,5.2424750328063965,0.5734619498252869,4.357651710510254,-1.421377929927841,-0.7269330642639148,0.33149968725269807,0.10039437130551111,-0.0941824831450313,0.0011307183404647319,-0.09742982685565948,0.03304097801446915,-0.001857187249697749,-0.0975680929867683,0.03306074541835976,0.0014702389392506907
12.999999999999767,5.2424750328063965,0.5734619498252869,4.357651710510254,-1.421377929927841,-0.7269330642639148,0.33149968725269807,0.10039437130551111,-0.0941824831450313,0.0011307183404647319,-0.09742982685565948,0.03304097801446915,-0.001857187249697749,-0.0975680929867683,0.03306074541835976,0.0014702389392506907
13.009999999999767,5.20247220993042,0.5502877831459045,4.3598833084106445,-1.4361774218785097,-0.7581526705465127,0.32536435614314774,0.09634009522370604,-0.09272873945791242,0.0011597044840854424,-0.10064371675252914,0.03763449564576149,-0.0035404972732067156,-0.10065264666803607,0.03780054447481533,9.643963564381208e-05
13.019999999999767,5.20247220993042,0.5502877831459045,4.3598833084106445,-1.4361774218785097,-0.7581526705465127,0.32536435614314774,0.09634009522370604,-0.09272873945791242,0.0011597044840854424,-0.10064371675252914,0.03763449564576149,-0.0035404972732067156,-0.10065264666803607,0.03780054447481533,9.643963564381208e-05
13.029999999999767,5.20247220993042,0.5502877831459045,4.3598833084106445,-1.4361774218785097,-0.7581526705465127,0.32536435614314774,0.09634009522370604,-0.09272873945791242,0.0011597044840854424,-0.10064371675252914,0.03763449564576149,-0.0035404972732067156,-0.10065264666803607,0.03780054447481533,9.643963564381208e-05
13.039999999999766,5.20247220993042,0.5502877831459045,4.3598833084106445,-1.4361774218785097,-0.7581526705465127,0.32536435614314774,0.09634009522370604,-0.09272873945791242,0.0011597044840854424,-0.10064371675252914,0.03763449564576149,-0.0035404972732067156,-0.10065264666803607,0.03780054447481533,9.643963564381208e-05
13.049999999999766,5.144564867019653,0.5161768198013306,4.363116264343262,-1.456417620997228,-0.8000057061573573,0.3175755170284675,0.09207926975889452,-0.0911359947794029,0.0011749919431972382,-0.10650567710399628,0.04186996817588806,-0.0028005500789731793,-0.10660266149512042,0.04195010272667223,0.0010656467465742852
13.059999999999766,5.144564867019653,0.5161768198013306,4.363116264343262,-1.456417620997228,-0.8000057061573573,0.3175755170284675,0.09207926975889452,-0.0911359947794029,0.0011749919431972382,-0.10650567710399628,0.04186996817588806,-0.0028005500789731793,-0.10660266149512042,0.04195010272667223,0.0010656467465742852
13.069999999999766,5.144564867019653,0.5161768198013306,4.363116264343262,-1.456417620997228,-0.8000057061573573,0.3175755170284675,0.09207926975889452,-0.0911359947794029,0.0011749919431972382,-0.10650567710399628,0.04186996817588806,-0.0028005500789731793,-0.10660266149512042,0.04195010272667223,0.0010656467465742852
13.079999999999766,5.097628831863403,0.4880582094192505,4.365494728088379,-1.4722250789960356,-0.8309141259537335,0.31183754485474746,0.08995366132367365,-0.09019449668794678,0.0011918167189545917,-0.1069175973534584,0.0459514856338501,-0.0037960417103022393,-0.10694900153458788,0.04610670656467295,0.00034865542591911174
13.089999999999765,5.097628831863403,0.4880582094192505,4.365494728088379,-1.4722250789960356,-0.8309141259537335,0.31183754485474746,0.08995366132367365,-0.09019449668794678,0.0011918167189545917,-0.1069175973534584,0.0459514856338501,-0.0037960417103022393,-0.10694900153458788,0.04610670656467295,0.00034865542591911174
13.099999999999765,5.097628831863403,0.4880582094192505,4.365494728088379,-1.4722250789960356,-0.8309141259537335,0.31183754485474746,0.08995366132367365,-0.09019449668794678,0.0011918167189545917,-0.1069175973534584,0.0459514856338501,-0.0037960417103022393,-0.10694900153458788,0.04610670656467295,0.00034865542591911174
13.109999999999765,5.056199312210083,0.46265488862991333,4.367391586303711,-1.4857277780662936,-0.8584656775368935,0.30287827216514135,0.08548215950531854,-0.08824483110115679,0.0011853510295578807,-0.11174029856920242,0.047914788126945496,-0.003404979594051844,-0.11180208272527356,0.04803054390147825,0.0007010542747164246
13.119999999999765,5.056199312210083,0.46265488862991333,4.367391586303711,-1.4857277780662936,-0.8584656775368935,0.30287827216514135,0.08548215950531854,-0.08824483110115679,0.0011853510295578807,-0.11174029856920242,0.047914788126945496,-0.003404979594051844,-0.11180208272527356,0.04803054390147825,0.0007010542747164246
13.129999999999765,5.056199312210083,0.46265488862991333,4.367391586303711,-1.4857277780662936,-0.8584656775368935,0.30287827216514135,0.08548215950531854,-0.08824483110115679,0.0011853510295578807,-0.11174029856920242,0.047914788126945496,-0.003404979594051844,-0.11180208272527356,0.04803054390147825,0.0007010542747164246
13.139999999999764,4.996320724487305,0.4254473149776459,4.370063304901123,-1.5037752114169693,-0.8950111348059864,0.2918044181281618,0.08074957724712795,-0.08620422560219562,0.0012661162404664756,-0.11982758343219757,0.049848128110170364,-0.003927897661924368,-0.11983672162410579,0.05000253068017908,0.00010613771623846344
13.149999999999764,4.996320724487305,0.4254473149776459,4.370063304901123,-1.5037752114169693,-0.8950111348059864,0.2918044181281618,0.08074957724712795,-0.08620422560219562,0.0012661162404664756,-0.11982758343219757,0.049848128110170364,-0.003927897661924368,-0.11983672162410579,0.05000253068017908,0.00010613771623846344
13.159999999999764,4.996320724487305,0.4254473149776459,4.370063304901123,-1.5037752114169693,-0.8950111348059864,0.2918044181281618,0.08074957724712795,-0.08620422560219562,0.0012661162404664756,-0.11982758343219757,0.049848128110170364,-0.003927897661924368,-0.11983672162410579,0.05000253068017908,0.00010613771623846344
13.169999999999764,4.996320724487305,0.4254473149776459,4.370063304901123,-1.5037752114169693,-0.8950111348059864,0.2918044181281618,0.08074957724712795,-0.08620422560219562,0.0012661162404664756,-0.11982758343219757,0.049848128110170364,-0.003927897661924368,-0.11983672162410579,0.05000253068017908,0.00010613771623846344
13.179999999999763,4.947880506515503,0.39492523670196533,4.372123718261719,-1.5179015430509304,-0.92119591709018,0.28485504155177344,0.07835596522190069,-0.08512307317775179,0.0012702899515426326,-0.12097267806529999,0.054386526346206665,-0.004127781838178642,-0.12098479760909663,0.054542759901123034,0.00014254880573480637
13.189999999999763,4.947880506515503,0.39492523670196533,4.372123718261719,-1.5179015430509304,-0.92119591709018,0.28485504155177344,0.07835596522190069,-0.08512307317775179,0.0012702899515426326,-0.12097267806529999,0.054386526346206665,-0.004127781838178642,-0.12098479760909663,0.054542759901123034,0.00014254880573480637
13.199999999999763,4.947880506515503,0.39492523670196533,4.372123718261719,-1.5179015430509304,-0.92119591709018,0.28485504155177344,0.07835596522190069,-0.08512307317775179,0.0012702899515426326,-0.12097267806529999,0.054386526346206665,-0.004127781838178642,-0.12098479760909663,0.054542759901123034,0.00014254880573480637
13.209999999999763,4.905322432518005,0.3648306727409363,4.371847152709961,-1.5294322378472507,-0.9458464638192339,0.27302410595719945,0.07337710022538838,-0.08279083196946545,0.0012938589690934313,-0.12934717535972595,0.05924646183848381,-0.002588643459603198,-0.12949336675239445,0.0592768127682175,0.0017678108792630715
13.219999999999763,4.905322432518005,0.3648306727409363,4.371847152709961,-1.5294322378472507,-0.9458464638192339,0.27302410595719945,0.07337710022538838,-0.08279083196946545,0.0012938589690934313,-0.12934717535972595,0.05924646183848381,-0.002588643459603198,-0.12949336675239445,0.0592768127682175,0.0017678108792630715
13.229999999999762,4.905322432518005,0.3648306727409363,4.371847152709961,-1.5294322378472507,-0.9458464638192339,0.27302410595719945,0.07337710022538838,-0.08279083196946545,0.0012938589690934313,-0.12934717535972595,0.05924646183848381,-0.002588643459603198,-0.12949336675239445,0.0592768127682175,0.0017678108792630715
13.239999999999762,4.905322432518005,0.3648306727409363,4.371847152709961,-1.5294322378472507,-0.9458464638192339,0.27302410595719945,0.07337710022538838,-0.08279083196946545,0.0012938589690934313,-0.12934717535972595,0.05924646183848381,-0.002588643459603198,-0.12949336675239445,0.0592768127682175,0.0017678108792630715
13.249999999999762,4.843928933143616,0.3216315805912018,4.371801376342773,-1.544445937365034,-0.9772206541380738,0.2595518407922528,0.06808707025545659,-0.08043441376171766,0.0012776540644318065,-0.13633863627910614,0.058391258120536804,-0.004474043380469091,-0.13629905289420097,0.05856035306285939,-0.0004926510601737808
13.259999999999762,4.843928933143616,0.3216315805912018,4.371801376342773,-1.544445937365034,-0.9772206541380738,0.2595518407922528,0.06808707025545659,-0.08043441376171766,0.0012776540644318065,-0.13633863627910614,0.058391258120536804,-0.004474043380469091,-0.13629905289420097,0.05856035306285939,-0.0004926510601737808
13.269999999999762,4.843928933143616,0.3216315805912018,4.371801376342773,-1.544445937365034,-0.9772206541380738,0.2595518407922528,0.06808707025545659,-0.08043441376171766,0.0012776540644318065,-0.13633863627910614,0.058391258120536804,-0.004474043380469091,-0.13629905289420097,0.05856035306285939,-0.0004926510601737808
13.279999999999761,4.781937122344971,0.27782177925109863,4.371861457824707,-1.5584403382736434,-1.004882720645803,0.2515568865111443,0.06513080163891706,-0.07922804842152946,0.0012847266020697143,-0.15073204040527344,0.05995728820562363,-0.004987088032066829,-0.1506467544647194,0.06015474655271324,-0.0010775884568280927
13.289999999999761,4.781937122344971,0.27782177925109863,4.371861457824707,-1.5584403382736434,-1.004882720645803,0.2515568865111443,0.06513080163891706,-0.07922804842152946,0.0012847266020697143,-0.15073204040527344,0.05995728820562363,-0.004987088032066829,-0.1506467544647194,0.06015474655271324,-0.0010775884568280927
13.299999999999761,4.781937122344971,0.27782177925109863,4.371861457824707,-1.5584403382736434,-1.004882720645803,0.2515568865111443,0.06513080163891706,-0.07922804842152946,0.0012847266020697143,-0.15073204040527344,0.05995728820562363,-0.004987088032066829,-0.1506467544647194,0.06015474655271324,-0.0010775884568280927
13.30999999999976,4.75072968006134,0.25570279359817505,4.37193489074707,-1.5650357375977058,-1.0191765682418432,0.23953766083450356,0.058579640468577665,-0.07680463078053391,0.0012347245711943223,-0.17148828506469727,0.06258423626422882,-0.005914746783673771,-0.17131586238377403,0.062823171350203,-0.0022471602915063505
13.31999999999976,4.75072968006134,0.25570279359817505,4.37193489074707,-1.5650357375977058,-1.0191765682418432,0.23953766083450356,0.058579640468577665,-0.07680463078053391,0.0012347245711943223,-0.17148828506469727,0.06258423626422882,-0.005914746783673771,-0.17131586238377403,0.062823171350203,-0.0022471602915063505
13.32999999999976,4.75072968006134,0.25570279359817505,4.37193489074707,-1.5650357375977058,-1.0191765682418432,0.23953766083450356,0.058579640468577665,-0.07680463078053391,0.0012347245711943223,-0.17148828506469727,0.06258423626422882,-0.005914746783673771,-0.17131586238377403,0.062823171350203,-0.0022471602915063505
13.33999999999976,4.75072968006134,0.25570279359817505,4.37193489074707,-1.5650357375977058,-1.0191765682418432,0.23953766083450356,0.058579640468577665,-0.07680463078053391,0.0012347245711943223,-0.17148828506469727,0.06258423626422882,-0.005914746783673771,-0.17131586238377403,0.062823171350203,-0.0022471602915063505
13.34999999999976,4.687921166419983,0.21103383600711823,4.372158527374268,-1.5775004469902927,-1.043670842630903,0.22694882931807914,0.052373555127371525,-0.07473385616982052,0.0011836322815815372,-0.17574504017829895,0.055042389780282974,-0.005111267324537046,-0.175578610986275,0.05523448956892006,-0.002229032777753322
13.35999999999976,4.687921166419983,0.21103383600711823,4.372158527374268,-1.5775004469902927,-1.043670842630903,0.22694882931807914,0.052373555127371525,-0.07473385616982052,0.0011836322815815372,-0.17574504017829895,0.055042389780282974,-0.005111267324537046,-0.175578610986275,0.05523448956892006,-0.002229032777753322
13.36999999999976,4.687921166419983,0.21103383600711823,4.372158527374268,-1.5775004469902927,-1.043670842630903,0.22694882931807914,0.052373555127371525,-0.07473385616982052,0.0011836322815815372,-0.17574504017829895,0.055042389780282974,-0.005111267324537046,-0.175578610986275,0.05523448956892006,-0.002229032777753322
13.37999999999976,4.637298345565796,0.1750657856464386,4.372471332550049,-1.5867809536195907,-1.0606605121404722,0.21658527279481046,0.048124189458196125,-0.07330381479488982,0.0011201370973576597,-0.1789160966873169,0.059806644916534424,-0.007175487931817777,-0.17860104818862768,0.060082585320330825,-0.004301697341025932
13.389999999999759,4.637298345565796,0.1750657856464386,4.372471332550049,-1.5867809536195907,-1.0606605121404722,0.21658527279481046,0.048124189458196125,-0.07330381479488982,0.0011201370973576597,-0.1789160966873169,0.059806644916534424,-0.007175487931817777,-0.17860104818862768,0.060082585320330825,-0.004301697341025932
13.399999999999759,4.637298345565796,0.1750657856464386,4.372471332550049,-1.5867809536195907,-1.0606605121404722,0.21658527279481046,0.048124189458196125,-0.07330381479488982,0.0011201370973576597,-0.1789160966873169,0.059806644916534424,-0.007175487931817777,-0.17860104818862768,0.060082585320330825,-0.004301697341025932
13.409999999999759,4.592779159545898,0.14314556121826172,4.372575759887695,-1.5952077992782374,-1.0743227885103008,0.2029576846119058,0.04161667497550036,-0.07121923393423692,0.001083349028735542,-0.18316423892974854,0.057924535125494,-0.0058828559704125,-0.18291684420566615,0.058119135474256865,-0.0034766448981292442
13.419999999999758,4.592779159545898,0.14314556121826172,4.372575759887695,-1.5952077992782374,-1.0743227885103008,0.2029576846119058,0.04161667497550036,-0.07121923393423692,0.001083349028735542,-0.18316423892974854,0.057924535125494,-0.0058828559704125,-0.18291684420566615,0.058119135474256865,-0.0034766448981292442
13.429999999999758,4.592779159545898,0.14314556121826172,4.372575759887695,-1.5952077992782374,-1.0743227885103008,0.2029576846119058,0.04161667497550036,-0.07121923393423692,0.001083349028735542,-0.18316423892974854,0.057924535125494,-0.0058828559704125,-0.18291684420566615,0.058119135474256865,-0.0034766448981292442
13.439999999999758,4.592779159545898,0.14314556121826172,4.372575759887695,-1.5952077992782374,-1.0743227885103008,0.2029576846119058,0.04161667497550036,-0.07121923393423692,0.001083349028735542,-0.18316423892974854,0.057924535125494,-0.0058828559704125,-0.18291684420566615,0.058119135474256865,-0.0034766448981292442
13.449999999999758,4.528781414031982,0.09745201468467712,4.372598171234131,-1.6050466692120533,-1.090861508198588,0.18616666213155803,0.0342088337284094,-0.06877980544208262,0.0010746950909848202,-0.18987569212913513,0.06520171463489532,-0.003102885792031892,-0.18981568815115912,0.0652696927901674,-0.0008730951398683132
13.459999999999757,4.528781414031982,0.09745201468467712,4.372598171234131,-1.6050466692120533,-1.090861508198588,0.18616666213155803,0.0342088337284094,-0.06877980544208262,0.0010746950909848202,-0.18987569212913513,0.06520171463489532,-0.003102885792031892,-0.18981568815115912,0.0652696927901674,-0.0008730951398683132
13.469999999999757,4.528781414031982,0.09745201468467712,4.372598171234131,-1.6050466692120533,-1.090861508198588,0.18616666213155803,0.0342088337284094,-0.06877980544208262,0.0010746950909848202,-0.18987569212913513,0.06520171463489532,-0.003102885792031892,-0.18981568815115912,0.0652696927901674,-0.0008730951398683132
13.479999999999757,4.477295994758606,0.06080198660492897,4.3726606369018555,-1.6118488901015535,-1.1008696133880558,0.17433820133130584,0.029617338655190138,-0.06726603150751585,0.0010707810376726324,-0.19269520044326782,0.06280499696731567,-0.001995735568925746,-0.19268610477152404,0.06283655286034859,-0.00013532141541349724
13.489999999999757,4.477295994758606,0.06080198660492897,4.3726606369018555,-1.6118488901015535,-1.1008696133880558,0.17433820133130584,0.029617338655190138,-0.06726603150751585,0.0010707810376726324,-0.19269520044326782,0.06280499696731567,-0.001995735568925746,-0.19268610477152404,0.06283655286034859,-0.00013532141541349724
13.499999999999757,4.477295994758606,0.06080198660492897,4.3726606369018555,-1.6118488901015535,-1.1008696133880558,0.17433820133130584,0.029617338655190138,-0.06726603150751585,0.0010707810376726324,-0.19269520044326782,0.06280499696731567,-0.001995735568925746,-0.19268610477152404,0.06283655286034859,-0.00013532141541349724
13.509999999999756,4.432094931602478,0.028483055531978607,4.372231960296631,-1.618007519055428,-1.1085136709523589,0.158383169910805,0.022711527406457876,-0.06498194633207688,0.0010164742041959495,-0.1897762417793274,0.06479380279779434,-0.0034059889148920853,-0.1896504109237533,0.06485444131834074,-0.0019377606090389375
13.519999999999756,4.432094931602478,0.028483055531978607,4.372231960296631,-1.618007519055428,-1.1085136709523589,0.158383169910805,0.022711527406457876,-0.06498194633207688,0.0010164742041959495,-0.1897762417793274,0.06479380279779434,-0.0034059889148920853,-0.1896504109237533,0.06485444131834074,-0.0019377606090389375
13.529999999999756,4.432094931602478,0.028483055531978607,4.372231960296631,-1.618007519055428,-1.1085136709523589,0.158383169910805,0.022711527406457876,-0.06498194633207688,0.0010164742041959495,-0.1897762417793274,0.06479380279779434,-0.0034059889148920853,-0.1896504109237533,0.06485444131834074,-0.0019377606090389375
13.539999999999756,4.432094931602478,0.028483055531978607,4.372231960296631,-1.618007519055428,-1.1085136709523589,0.158383169910805,0.022711527406457876,-0.06498194633207688,0.0010164742041959495,-0.1897762417793274,0.06479380279779434,-0.0034059889148920853,-0.1896504109237533,0.06485444131834074,-0.0019377606090389375
13.549999999999756,4.367245674133301,-0.01761421374976635,4.371710300445557,-1.6256952905004782,-1.1161657235827525,0.1378353931536253,0.014571714484798083,-0.0621542258448578,0.000910048427382522,-0.18710237741470337,0.06300066411495209,-0.0024466936010867435,-0.1870072559730469,0.06302962687349883,-0.00153139569634669
13.559999999999755,4.367245674133301,-0.01761421374976635,4.371710300445557,-1.6256952905004782,-1.1161657235827525,0.1378353931536253,0.014571714484798083,-0.0621542258448578,0.000910048427382522,-0.18710237741470337,0.06300066411495209,-0.0024466936010867435,-0.1870072559730469,0.06302962687349883,-0.00153139569634669
13.569999999999755,4.367245674133301,-0.01761421374976635,4.371710300445557,-1.6256952905004782,-1.1161657235827525,0.1378353931536253,0.014571714484798083,-0.0621542258448578,0.000910048427382522,-0.18710237741470337,0.06300066411495209,-0.0024466936010867435,-0.1870072559730469,0.06302962687349883,-0.00153139569634669
13.579999999999755,4.315149545669556,-0.054398130625486374,4.3709797859191895,-1.630876374162295,-1.1191416215686447,0.1258650810229291,0.01085171259964458,-0.060801118112356514,0.0008445995731176755,-0.18644440174102783,0.06758946180343628,-0.00482365209609271,-0.18619542308559855,0.0676378260451353,-0.0040974924870204234
13.589999999999755,4.315149545669556,-0.054398130625486374,4.3709797859191895,-1.630876374162295,-1.1191416215686447,0.1258650810229291,0.01085171259964458,-0.060801118112356514,0.0008445995731176755,-0.18644440174102783,0.06758946180343628,-0.00482365209609271,-0.18619542308559855,0.0676378260451353,-0.0040974924870204234
13.599999999999755,4.315149545669556,-0.054398130625486374,4.3709797859191895,-1.630876374162295,-1.1191416215686447,0.1258650810229291,0.01085171259964458,-0.060801118112356514,0.0008445995731176755,-0.18644440174102783,0.06758946180343628,-0.00482365209609271,-0.18619542308559855,0.0676378260451353,-0.0040974924870204234
13.609999999999754,4.270582675933838,-0.08934282511472702,4.368325710296631,-1.6338658780838178,-1.1225226821172996,0.10754014527433103,0.003482191492535343,-0.05790960300591871,0.000730968498180425,-0.18367809057235718,0.07053405791521072,-0.0036629496607929555,-0.18347997371325936,0.07054638534609455,-0.0034230528909144305
13.619999999999754,4.270582675933838,-0.08934282511472702,4.368325710296631,-1.6338658780838178,-1.1225226821172996,0.10754014527433103,0.003482191492535343,-0.05790960300591871,0.000730968498180425,-0.18367809057235718,0.07053405791521072,-0.0036629496607929555,-0.18347997371325936,0.07054638534609455,-0.0034230528909144305
13.629999999999754,4.270582675933838,-0.08934282511472702,4.368325710296631,-1.6338658780838178,-1.1225226821172996,0.10754014527433103,0.003482191492535343,-0.05790960300591871,0.000730968498180425,-0.18367809057235718,0.07053405791521072,-0.0036629496607929555,-0.18347997371325936,0.07054638534609455,-0.0034230528909144305
13.639999999999754,4.206513047218323,-0.13846851885318756,4.364764213562012,-1.637187357536758,-1.1238696836356359,0.08746613464145908,-0.0037976630479991426,-0.05505771032795598,0.0006009978054502162,-0.1834942102432251,0.0697401911020279,-0.006277798675000676,-0.18313362510206835,0.06971584729083997,-0.006552531519612469
13.649999999999753,4.206513047218323,-0.13846851885318756,4.364764213562012,-1.637187357536758,-1.1238696836356359,0.08746613464145908,-0.0037976630479991426,-0.05505771032795598,0.0006009978054502162,-0.1834942102432251,0.0697401911020279,-0.006277798675000676,-0.18313362510206835,0.06971584729083997,-0.006552531519612469
13.659999999999753,4.206513047218323,-0.13846851885318756,4.364764213562012,-1.637187357536758,-1.1238696836356359,0.08746613464145908,-0.0037976630479991426,-0.05505771032795598,0.0006009978054502162,-0.1834942102432251,0.0697401911020279,-0.006277798675000676,-0.18313362510206835,0.06971584729083997,-0.006552531519612469
13.669999999999753,4.206513047218323,-0.13846851885318756,4.364764213562012,-1.637187357536758,-1.1238696836356359,0.08746613464145908,-0.0037976630479991426,-0.05505771032795598,0.0006009978054502162,-0.1834942102432251,0.0697401911020279,-0.006277798675000676,-0.18313362510206835,0.06971584729083997,-0.006552531519612469
13.679999999999753,4.155005693435669,-0.17718996107578278,4.362205982208252,-1.639046960573771,-1.1221036138612268,0.07797386310620258,-0.007496003608248291,-0.0536612784426372,0.0005713569494611489,-0.18744124472141266,0.0684109777212143,-0.0005114133236929858,-0.18738623186035436,0.06840522220117888,-0.0010256794734982415
13.689999999999753,4.155005693435669,-0.17718996107578278,4.362205982208252,-1.639046960573771,-1.1221036138612268,0.07797386310620258,-0.007496003608248291,-0.0536612784426372,0.0005713569494611489,-0.18744124472141266,0.0684109777212143,-0.0005114133236929858,-0.18738623186035436,0.06840522220117888,-0.0010256794734982415
13.699999999999752,4.155005693435669,-0.17718996107578278,4.362205982208252,-1.639046960573771,-1.1221036138612268,0.07797386310620258,-0.007496003608248291,-0.0536612784426372,0.0005713569494611489,-0.18744124472141266,0.0684109777212143,-0.0005114133236929858,-0.18738623186035436,0.06840522220117888,-0.0010256794734982415
13.709999999999752,4.1099361181259155,-0.21106219291687012,4.359744071960449,-1.6398550992316585,-1.11927100240264,0.06344531314319497,-0.01535276878984992,-0.05127405810941408,0.0004974117419288368,-0.20268696546554565,0.05777328088879585,-0.0023891744203865597,-0.2025188526158298,0.05772979322294198,-0.0032801486907359334
13.719999999999752,4.1099361181259155,-0.21106219291687012,4.359744071960449,-1.6398550992316585,-1.11927100240264,0.06344531314319497,-0.01535276878984992,-0.05127405810941408,0.0004974117419288368,-0.20268696546554565,0.05777328088879585,-0.0023891744203865597,-0.2025188526158298,0.05772979322294198,-0.0032801486907359334
13.729999999999752,4.1099361181259155,-0.21106219291687012,4.359744071960449,-1.6398550992316585,-1.11927100240264,0.06344531314319497,-0.01535276878984992,-0.05127405810941408,0.0004974117419288368,-0.20268696546554565,0.05777328088879585,-0.0023891744203865597,-0.2025188526158298,0.05772979322294198,-0.0032801486907359334
13.739999999999752,4.045310735702515,-0.2586139738559723,4.356499195098877,-1.6401479588564105,-1.1119849847923902,0.04780632202491436,-0.0239359236346752,-0.04908791009938527,0.00042386887982864417,-0.2163451462984085,0.05407815799117088,-0.0008308700635097987,-0.2162407545978428,0.05404278153001462,-0.0021274818228916833
13.749999999999751,4.045310735702515,-0.2586139738559723,4.356499195098877,-1.6401479588564105,-1.1119849847923902,0.04780632202491436,-0.0239359236346752,-0.04908791009938527,0.00042386887982864417,-0.2163451462984085,0.05407815799117088,-0.0008308700635097987,-0.2162407545978428,0.05404278153001462,-0.0021274818228916833
13.759999999999751,4.045310735702515,-0.2586139738559723,4.356499195098877,-1.6401479588564105,-1.1119849847923902,0.04780632202491436,-0.0239359236346752,-0.04908791009938527,0.00042386887982864417,-0.2163451462984085,0.05407815799117088,-0.0008308700635097987,-0.2162407545978428,0.05404278153001462,-0.0021274818228916833
13.76999999999975,4.045310735702515,-0.2586139738559723,4.356499195098877,-1.6401479588564105,-1.1119849847923902,0.04780632202491436,-0.0239359236346752,-0.04908791009938527,0.00042386887982864417,-0.2163451462984085,0.05407815799117088,-0.0008308700635097987,-0.2162407545978428,0.05404278153001462,-0.0021274818228916833
13.77999999999975,3.98055762052536,-0.3054184913635254,4.353511333465576,-1.6402649141827381,-1.1014797123728997,0.0378143283166004,-0.028328400156114753,-0.04804113193264586,0.00037993239489472535,-0.22079063951969147,0.05079250782728195,-0.0016102102817967597,-0.22064408574674702,0.0507265201602329,-0.003051763257192878
13.78999999999975,3.98055762052536,-0.3054184913635254,4.353511333465576,-1.6402649141827381,-1.1014797123728997,0.0378143283166004,-0.028328400156114753,-0.04804113193264586,0.00037993239489472535,-0.22079063951969147,0.05079250782728195,-0.0016102102817967597,-0.22064408574674702,0.0507265201602329,-0.003051763257192878
13.79999999999975,3.98055762052536,-0.3054184913635254,4.353511333465576,-1.6402649141827381,-1.1014797123728997,0.0378143283166004,-0.028328400156114753,-0.04804113193264586,0.00037993239489472535,-0.22079063951969147,0.05079250782728195,-0.0016102102817967597,-0.22064408574674702,0.0507265201602329,-0.003051763257192878
13.80999999999975,3.948133170604706,-0.3285100758075714,4.352081298828125,-1.640128239870617,-1.0946384217095424,0.02259865120446051,-0.03686209321566869,-0.04608099137065604,0.0003350676819429964,-0.21072648465633392,0.051142677664756775,-0.002856127917766577,-0.2105079527389148,0.0510026758961808,-0.004744022874304668
13.81999999999975,3.948133170604706,-0.3285100758075714,4.352081298828125,-1.640128239870617,-1.0946384217095424,0.02259865120446051,-0.03686209321566869,-0.04608099137065604,0.0003350676819429964,-0.21072648465633392,0.051142677664756775,-0.002856127917766577,-0.2105079527389148,0.0510026758961808,-0.004744022874304668
13.82999999999975,3.948133170604706,-0.3285100758075714,4.352081298828125,-1.640128239870617,-1.0946384217095424,0.02259865120446051,-0.03686209321566869,-0.04608099137065604,0.0003350676819429964,-0.21072648465633392,0.051142677664756775,-0.002856127917766577,-0.2105079527389148,0.0510026758961808,-0.004744022874304668
13.83999999999975,3.883206844329834,-0.37401503324508667,4.349271774291992,-1.6403083222592465,-1.0784732841048825,0.006073577335796918,-0.04436608366469384,-0.04407134097539884,0.00024331362065835446,-0.2066071778535843,0.05745884031057358,-0.0015043879393488238,-0.20642851616003835,0.05733557814190952,-0.004055232674185565
13.84999999999975,3.883206844329834,-0.37401503324508667,4.349271774291992,-1.6403083222592465,-1.0784732841048825,0.006073577335796918,-0.04436608366469384,-0.04407134097539884,0.00024331362065835446,-0.2066071778535843,0.05745884031057358,-0.0015043879393488238,-0.20642851616003835,0.05733557814190952,-0.004055232674185565
13.859999999999749,3.883206844329834,-0.37401503324508667,4.349271774291992,-1.6403083222592465,-1.0784732841048825,0.006073577335796918,-0.04436608366469384,-0.04407134097539884,0.00024331362065835446,-0.2066071778535843,0.05745884031057358,-0.0015043879393488238,-0.20642851616003835,0.05733557814190952,-0.004055232674185565
13.869999999999749,3.883206844329834,-0.37401503324508667,4.349271774291992,-1.6403083222592465,-1.0784732841048825,0.006073577335796918,-0.04436608366469384,-0.04407134097539884,0.00024331362065835446,-0.2066071778535843,0.05745884031057358,-0.0015043879393488238,-0.20642851616003835,0.05733557814190952,-0.004055232674185565
13.879999999999749,3.831202805042267,-0.409661203622818,4.347130298614502,-1.6385783525682767,-1.0631946766968563,-0.005242173521567237,-0.04931086671809501,-0.0426766680579233,0.0001461986747477055,-0.20682808756828308,0.058865632861852646,-0.002695639850571759,-0.20658921341567202,0.058661209181941024,-0.005599000321821853
13.889999999999748,3.831202805042267,-0.409661203622818,4.347130298614502,-1.6385783525682767,-1.0631946766968563,-0.005242173521567237,-0.04931086671809501,-0.0426766680579233,0.0001461986747477055,-0.20682808756828308,0.058865632861852646,-0.002695639850571759,-0.20658921341567202,0.058661209181941024,-0.005599000321821853
13.899999999999748,3.831202805042267,-0.409661203622818,4.347130298614502,-1.6385783525682767,-1.0631946766968563,-0.005242173521567237,-0.04931086671809501,-0.0426766680579233,0.0001461986747477055,-0.20682808756828308,0.058865632861852646,-0.002695639850571759,-0.20658921341567202,0.058661209181941024,-0.005599000321821853
13.909999999999748,3.7857660055160522,-0.44046035408973694,4.3451080322265625,-1.6369115855354355,-1.0483137830879976,-0.02133974519575231,-0.057209098039710006,-0.040177380403840016,-4.27484852738741e-05,-0.19784224033355713,0.06871563196182251,-0.0006487520877271975,-0.19765826126897718,0.06856611930832951,-0.004580402436042301
13.919999999999748,3.7857660055160522,-0.44046035408973694,4.3451080322265625,-1.6369115855354355,-1.0483137830879976,-0.02133974519575231,-0.057209098039710006,-0.040177380403840016,-4.27484852738741e-05,-0.19784224033355713,0.06871563196182251,-0.0006487520877271975,-0.19765826126897718,0.06856611930832951,-0.004580402436042301
13.929999999999747,3.7857660055160522,-0.44046035408973694,4.3451080322265625,-1.6369115855354355,-1.0483137830879976,-0.02133974519575231,-0.057209098039710006,-0.040177380403840016,-4.27484852738741e-05,-0.19784224033355713,0.06871563196182251,-0.0006487520877271975,-0.19765826126897718,0.06856611930832951,-0.004580402436042301
13.939999999999747,3.7857660055160522,-0.44046035408973694,4.3451080322265625,-1.6369115855354355,-1.0483137830879976,-0.02133974519575231,-0.057209098039710006,-0.040177380403840016,-4.27484852738741e-05,-0.19784224033355713,0.06871563196182251,-0.0006487520877271975,-0.19765826126897718,0.06856611930832951,-0.004580402436042301
13.949999999999747,3.72081458568573,-0.48335543274879456,4.342073440551758,-1.6338906714499868,-1.0245419492620513,-0.038641021211085196,-0.06491370884085859,-0.03729313528055643,-0.0002842539202415622,-0.19199824333190918,0.07428018003702164,-0.0024703731760382743,-0.19172648955912955,0.07396348597194045,-0.007288654399326729
13.959999999999747,3.72081458568573,-0.48335543274879456,4.342073440551758,-1.6338906714499868,-1.0245419492620513,-0.038641021211085196,-0.06491370884085859,-0.03729313528055643,-0.0002842539202415622,-0.19199824333190918,0.07428018003702164,-0.0024703731760382743,-0.19172648955912955,0.07396348597194045,-0.007288654399326729
13.969999999999747,3.72081458568573,-0.48335543274879456,4.342073440551758,-1.6338906714499868,-1.0245419492620513,-0.038641021211085196,-0.06491370884085859,-0.03729313528055643,-0.0002842539202415622,-0.19199824333190918,0.07428018003702164,-0.0024703731760382743,-0.19172648955912955,0.07396348597194045,-0.007288654399326729
13.979999999999746,3.668893814086914,-0.516764223575592,4.339743614196777,-1.6301787388494478,-1.0041063453525556,-0.04763232595875174,-0.0679891197874829,-0.03613237294355448,-0.0003856663071359705,-0.19256597757339478,0.07271468639373779,-0.00022413067927119283,-0.19237932276659594,0.07253146185187798,-0.005166984957158014
13.989999999999746,3.668893814086914,-0.516764223575592,4.339743614196777,-1.6301787388494478,-1.0041063453525556,-0.04763232595875174,-0.0679891197874829,-0.03613237294355448,-0.0003856663071359705,-0.19256597757339478,0.07271468639373779,-0.00022413067927119283,-0.19237932276659594,0.07253146185187798,-0.005166984957158014
13.999999999999746,3.668893814086914,-0.516764223575592,4.339743614196777,-1.6301787388494478,-1.0041063453525556,-0.04763232595875174,-0.0679891197874829,-0.03613237294355448,-0.0003856663071359705,-0.19256597757339478,0.07271468639373779,-0.00022413067927119283,-0.19237932276659594,0.07253146185187798,-0.005166984957158014
14.009999999999746,3.6246265172958374,-0.5467798113822937,4.335726261138916,-1.6259981478230559,-0.9845843599874781,-0.0652371774930616,-0.07624074253131802,-0.032799233781196604,-0.0005433502377961407,-0.1860000342130661,0.07374069839715958,0.00288613559678196,-0.18591016983457878,0.07374631573526741,-0.002740322948966981
14.019999999999746,3.6246265172958374,-0.5467798113822937,4.335726261138916,-1.6259981478230559,-0.9845843599874781,-0.0652371774930616,-0.07624074253131802,-0.032799233781196604,-0.0005433502377961407,-0.1860000342130661,0.07374069839715958,0.00288613559678196,-0.18591016983457878,0.07374631573526741,-0.002740322948966981
14.029999999999745,3.6246265172958374,-0.5467798113822937,4.335726261138916,-1.6259981478230559,-0.9845843599874781,-0.0652371774930616,-0.07624074253131802,-0.032799233781196604,-0.0005433502377961407,-0.1860000342130661,0.07374069839715958,0.00288613559678196,-0.18591016983457878,0.07374631573526741,-0.002740322948966981
14.039999999999745,3.6246265172958374,-0.5467798113822937,4.335726261138916,-1.6259981478230559,-0.9845843599874781,-0.0652371774930616,-0.07624074253131802,-0.032799233781196604,-0.0005433502377961407,-0.1860000342130661,0.07374069839715958,0.00288613559678196,-0.18591016983457878,0.07374631573526741,-0.002740322948966981
14.049999999999745,3.561291515827179,-0.5881577730178833,4.330496311187744,-1.6188190854568634,-0.9546546913088841,-0.08099201705600917,-0.08348501379844361,-0.029805755592796405,-0.0006931473237520182,-0.18239378929138184,0.07280944287776947,0.0008678876911289901,-0.1822385574509771,0.07262822997571723,-0.00520888747567011
14.059999999999745,3.561291515827179,-0.5881577730178833,4.330496311187744,-1.6188190854568634,-0.9546546913088841,-0.08099201705600917,-0.08348501379844361,-0.029805755592796405,-0.0006931473237520182,-0.18239378929138184,0.07280944287776947,0.0008678876911289901,-0.1822385574509771,0.07262822997571723,-0.00520888747567011
14.069999999999744,3.561291515827179,-0.5881577730178833,4.330496311187744,-1.6188190854568634,-0.9546546913088841,-0.08099201705600917,-0.08348501379844361,-0.029805755592796405,-0.0006931473237520182,-0.18239378929138184,0.07280944287776947,0.0008678876911289901,-0.1822385574509771,0.07262822997571723,-0.00520888747567011
14.079999999999744,3.5106216073036194,-0.6200141310691833,4.326530933380127,-1.61303755743535,-0.9278013099814276,-0.08800236390044588,-0.08712365551162746,-0.028409081278715175,-0.0007385737278602037,-0.18221111595630646,0.06909577548503876,0.0032892934978008184,-0.18213338353249203,0.06911991736255159,-0.0027365503315867254
14.089999999999744,3.5106216073036194,-0.6200141310691833,4.326530933380127,-1.61303755743535,-0.9278013099814276,-0.08800236390044588,-0.08712365551162746,-0.028409081278715175,-0.0007385737278602037,-0.18221111595630646,0.06909577548503876,0.0032892934978008184,-0.18213338353249203,0.06911991736255159,-0.0027365503315867254
14.099999999999744,3.5106216073036194,-0.6200141310691833,4.326530933380127,-1.61303755743535,-0.9278013099814276,-0.08800236390044588,-0.08712365551162746,-0.028409081278715175,-0.0007385737278602037,-0.18221111595630646,0.06909577548503876,0.0032892934978008184,-0.18213338353249203,0.06911991736255159,-0.0027365503315867254
14.109999999999744,3.4664855301380157,-0.6472167372703552,4.322875499725342,-1.606931960567034,-0.9029143128279976,-0.09913691966116897,-0.09465633202954815,-0.025764102511273226,-0.0008246334948669592,-0.19008150696754456,0.06402698159217834,0.0021219933405518454,-0.18997999921909484,0.06394092083633923,-0.003940326631954002
14.119999999999743,3.4664855301380157,-0.6472167372703552,4.322875499725342,-1.606931960567034,-0.9029143128279976,-0.09913691966116897,-0.09465633202954815,-0.025764102511273226,-0.0008246334948669592,-0.19008150696754456,0.06402698159217834,0.0021219933405518454,-0.18997999921909484,0.06394092083633923,-0.003940326631954002
14.129999999999743,3.4664855301380157,-0.6472167372703552,4.322875499725342,-1.606931960567034,-0.9029143128279976,-0.09913691966116897,-0.09465633202954815,-0.025764102511273226,-0.0008246334948669592,-0.19008150696754456,0.06402698159217834,0.0021219933405518454,-0.18997999921909484,0.06394092083633923,-0.003940326631954002
14.139999999999743,3.4664855301380157,-0.6472167372703552,4.322875499725342,-1.606931960567034,-0.9029143128279976,-0.09913691966116897,-0.09465633202954815,-0.025764102511273226,-0.0008246334948669592,-0.19008150696754456,0.06402698159217834,0.0021219933405518454,-0.18997999921909484,0.06394092083633923,-0.003940326631954002
14.149999999999743,3.403479903936386,-0.6844907402992249,4.318082332611084,-1.5987099146828732,-0.8654549089475418,-0.10968023480938052,-0.10210729536501185,-0.023154623590704432,-0.0009006885632803094,-0.18255461752414703,0.06504955887794495,0.0035199259873479527,-0.18248215592676156,0.06506953922278881,-0.0031297452274388717
14.159999999999743,3.403479903936386,-0.6844907402992249,4.318082332611084,-1.5987099146828732,-0.8654549089475418,-0.10968023480938052,-0.10210729536501185,-0.023154623590704432,-0.0009006885632803094,-0.18255461752414703,0.06504955887794495,0.0035199259873479527,-0.18248215592676156,0.06506953922278881,-0.0031297452274388717
14.169999999999742,3.403479903936386,-0.6844907402992249,4.318082332611084,-1.5987099146828732,-0.8654549089475418,-0.10968023480938052,-0.10210729536501185,-0.023154623590704432,-0.0009006885632803094,-0.18255461752414703,0.06504955887794495,0.0035199259873479527,-0.18248215592676156,0.06506953922278881,-0.0031297452274388717
14.179999999999742,3.3531786799430847,-0.7129786610603333,4.314497470855713,-1.591301186818511,-0.8339405769960349,-0.11428122397259294,-0.10558926372599699,-0.021862147755082,-0.0009546632724638415,-0.17359605431556702,0.06459914147853851,0.004167188424617044,-0.17353779709227352,0.0646785582183278,-0.0026649652592375343
14.189999999999742,3.3531786799430847,-0.7129786610603333,4.314497470855713,-1.591301186818511,-0.8339405769960349,-0.11428122397259294,-0.10558926372599699,-0.021862147755082,-0.0009546632724638415,-0.17359605431556702,0.06459914147853851,0.004167188424617044,-0.17353779709227352,0.0646785582183278,-0.0026649652592375343
14.199999999999742,3.3531786799430847,-0.7129786610603333,4.314497470855713,-1.591301186818511,-0.8339405769960349,-0.11428122397259294,-0.10558926372599699,-0.021862147755082,-0.0009546632724638415,-0.17359605431556702,0.06459914147853851,0.004167188424617044,-0.17353779709227352,0.0646785582183278,-0.0026649652592375343
14.209999999999742,3.309401214122772,-0.7370988726615906,4.3111796379089355,-1.5837845717391563,-0.8051070425942016,-0.12482933634034471,-0.11227532856406561,-0.019147269991751578,-0.0010619888372947592,-0.16502061486244202,0.07075031101703644,0.0028447834774851712,-0.16492295254057057,0.07062357729378135,-0.005100898959944452
14.219999999999741,3.309401214122772,-0.7370988726615906,4.3111796379089355,-1.5837845717391563,-0.8051070425942016,-0.12482933634034471,-0.11227532856406561,-0.019147269991751578,-0.0010619888372947592,-0.16502061486244202,0.07075031101703644,0.0028447834774851712,-0.16492295254057057,0.07062357729378135,-0.005100898959944452
14.229999999999741,3.309401214122772,-0.7370988726615906,4.3111796379089355,-1.5837845717391563,-0.8051070425942016,-0.12482933634034471,-0.11227532856406561,-0.019147269991751578,-0.0010619888372947592,-0.16502061486244202,0.07075031101703644,0.0028447834774851712,-0.16492295254057057,0.07062357729378135,-0.005100898959944452
14.23999999999974,3.24703648686409,-0.7699062824249268,4.3065266609191895,-1.5731543514841586,-0.7623731234553028,-0.13591632190713998,-0.1188466569380026,-0.016263231893395066,-0.0012215904163318865,-0.1646723747253418,0.07184397429227829,0.002854768652468911,-0.1645799312612587,0.07167567169289069,-0.005684450662611265
14.24999999999974,3.24703648686409,-0.7699062824249268,4.3065266609191895,-1.5731543514841586,-0.7623731234553028,-0.13591632190713998,-0.1188466569380026,-0.016263231893395066,-0.0012215904163318865,-0.1646723747253418,0.07184397429227829,0.002854768652468911,-0.1645799312612587,0.07167567169289069,-0.005684450662611265
14.25999999999974,3.24703648686409,-0.7699062824249268,4.3065266609191895,-1.5731543514841586,-0.7623731234553028,-0.13591632190713998,-0.1188466569380026,-0.016263231893395066,-0.0012215904163318865,-0.1646723747253418,0.07184397429227829,0.002854768652468911,-0.1645799312612587,0.07167567169289069,-0.005684450662611265
14.26999999999974,3.24703648686409,-0.7699062824249268,4.3065266609191895,-1.5731543514841586,-0.7623731234553028,-0.13591632190713998,-0.1188466569380026,-0.016263231893395066,-0.0012215904163318865,-0.1646723747253418,0.07184397429227829,0.002854768652468911,-0.1645799312612587,0.07167567169289069,-0.005684450662611265
14.27999999999974,3.1973541378974915,-0.794757604598999,4.302903652191162,-1.5635472381313822,-0.7269241654415595,-0.14176680153973686,-0.12205668582786135,-0.014713854013214307,-0.0013504853296208324,-0.1612217128276825,0.07773652672767639,0.0036706547252833748,-0.16113605178362597,0.07760510863788694,-0.005822005231122792
14.28999999999974,3.1973541378974915,-0.794757604598999,4.302903652191162,-1.5635472381313822,-0.7269241654415595,-0.14176680153973686,-0.12205668582786135,-0.014713854013214307,-0.0013504853296208324,-0.1612217128276825,0.07773652672767639,0.0036706547252833748,-0.16113605178362597,0.07760510863788694,-0.005822005231122792
14.29999999999974,3.1973541378974915,-0.794757604598999,4.302903652191162,-1.5635472381313822,-0.7269241654415595,-0.14176680153973686,-0.12205668582786135,-0.014713854013214307,-0.0013504853296208324,-0.1612217128276825,0.07773652672767639,0.0036706547252833748,-0.16113605178362597,0.07760510863788694,-0.005822005231122792
14.30999999999974,3.1541720777750015,-0.815596878528595,4.299597263336182,-1.5542779338033776,-0.6939116340788385,-0.15162880304065765,-0.12831870511224056,-0.011674948250631898,-0.0015195007462584782,-0.15446257591247559,0.07723996043205261,0.006217778660356989,-0.15441917236992103,0.07740059744189154,-0.0037177491200993426
14.31999999999974,3.1541720777750015,-0.815596878528595,4.299597263336182,-1.5542779338033776,-0.6939116340788385,-0.15162880304065765,-0.12831870511224056,-0.011674948250631898,-0.0015195007462584782,-0.15446257591247559,0.07723996043205261,0.006217778660356989,-0.15441917236992103,0.07740059744189154,-0.0037177491200993426
14.329999999999739,3.1541720777750015,-0.815596878528595,4.299597263336182,-1.5542779338033776,-0.6939116340788385,-0.15162880304065765,-0.12831870511224056,-0.011674948250631898,-0.0015195007462584782,-0.15446257591247559,0.07723996043205261,0.006217778660356989,-0.15441917236992103,0.07740059744189154,-0.0037177491200993426
14.339999999999739,3.1541720777750015,-0.815596878528595,4.299597263336182,-1.5542779338033776,-0.6939116340788385,-0.15162880304065765,-0.12831870511224056,-0.011674948250631898,-0.0015195007462584782,-0.15446257591247559,0.07723996043205261,0.006217778660356989,-0.15441917236992103,0.07740059744189154,-0.0037177491200993426
14.349999999999739,3.092841625213623,-0.8436117768287659,4.294926166534424,-1.5407853130650881,-0.6454910306860013,-0.1597010530376715,-0.1344581119444621,-0.00861397469603374,-0.001593905430475558,-0.15071174502372742,0.0752100795507431,0.007133499253541222,-0.15068579005603633,0.07548751164816382,-0.003013160543027325
14.359999999999738,3.092841625213623,-0.8436117768287659,4.294926166534424,-1.5407853130650881,-0.6454910306860013,-0.1597010530376715,-0.1344581119444621,-0.00861397469603374,-0.001593905430475558,-0.15071174502372742,0.0752100795507431,0.007133499253541222,-0.15068579005603633,0.07548751164816382,-0.003013160543027325
14.369999999999738,3.092841625213623,-0.8436117768287659,4.294926166534424,-1.5407853130650881,-0.6454910306860013,-0.1597010530376715,-0.1344581119444621,-0.00861397469603374,-0.001593905430475558,-0.15071174502372742,0.0752100795507431,0.007133499253541222,-0.15068579005603633,0.07548751164816382,-0.003013160543027325
14.379999999999738,3.044086303561926,-0.8645319938659668,4.291114807128906,-1.530050728675704,-0.6061168891414037,-0.16187203861139482,-0.13682301901494923,-0.0074024743969575355,-0.0016680364152191964,-0.1481117159128189,0.07566484808921814,0.005289690103381863,-0.1480741094163197,0.07567920425242,-0.005080306656427898
14.389999999999738,3.044086303561926,-0.8645319938659668,4.291114807128906,-1.530050728675704,-0.6061168891414037,-0.16187203861139482,-0.13682301901494923,-0.0074024743969575355,-0.0016680364152191964,-0.1481117159128189,0.07566484808921814,0.005289690103381863,-0.1480741094163197,0.07567920425242,-0.005080306656427898
14.399999999999737,3.044086303561926,-0.8645319938659668,4.291114807128906,-1.530050728675704,-0.6061168891414037,-0.16187203861139482,-0.13682301901494923,-0.0074024743969575355,-0.0016680364152191964,-0.1481117159128189,0.07566484808921814,0.005289690103381863,-0.1480741094163197,0.07567920425242,-0.005080306656427898
14.409999999999737,3.0027610308025032,-0.88285893201828,4.2875657081604,-1.518714604718453,-0.5701953809995072,-0.16948107430345916,-0.1430077961938954,-0.003994363384171606,-0.001711120047553053,-0.13825830817222595,0.07780700922012329,0.008498441427946082,-0.13824761347419945,0.07822394481186264,-0.002677454562044523
14.419999999999737,3.0027610308025032,-0.88285893201828,4.2875657081604,-1.518714604718453,-0.5701953809995072,-0.16948107430345916,-0.1430077961938954,-0.003994363384171606,-0.001711120047553053,-0.13825830817222595,0.07780700922012329,0.008498441427946082,-0.13824761347419945,0.07822394481186264,-0.002677454562044523
14.429999999999737,3.0027610308025032,-0.88285893201828,4.2875657081604,-1.518714604718453,-0.5701953809995072,-0.16948107430345916,-0.1430077961938954,-0.003994363384171606,-0.001711120047553053,-0.13825830817222595,0.07780700922012329,0.008498441427946082,-0.13824761347419945,0.07822394481186264,-0.002677454562044523
14.439999999999737,3.0027610308025032,-0.88285893201828,4.2875657081604,-1.518714604718453,-0.5701953809995072,-0.16948107430345916,-0.1430077961938954,-0.003994363384171606,-0.001711120047553053,-0.13825830817222595,0.07780700922012329,0.008498441427946082,-0.13824761347419945,0.07822394481186264,-0.002677454562044523
14.449999999999736,2.943938083946705,-0.9069704413414001,4.282442569732666,-1.5022520283523477,-0.5190998700686034,-0.17471295029427653,-0.14768231418661337,-0.0010918091968362866,-0.001808598816564732,-0.12973937392234802,0.08187557011842728,0.007064023055136193,-0.1297338487771145,0.08202377916685624,-0.005060542031741588
14.459999999999736,2.943938083946705,-0.9069704413414001,4.282442569732666,-1.5022520283523477,-0.5190998700686034,-0.17471295029427653,-0.14768231418661337,-0.0010918091968362866,-0.001808598816564732,-0.12973937392234802,0.08187557011842728,0.007064023055136193,-0.1297338487771145,0.08202377916685624,-0.005060542031741588
14.469999999999736,2.943938083946705,-0.9069704413414001,4.282442569732666,-1.5022520283523477,-0.5190998700686034,-0.17471295029427653,-0.14768231418661337,-0.0010918091968362866,-0.001808598816564732,-0.12973937392234802,0.08187557011842728,0.007064023055136193,-0.1297338487771145,0.08202377916685624,-0.005060542031741588
14.479999999999736,2.897131361067295,-0.9245753884315491,4.278346538543701,-1.488936237833561,-0.47779339073308824,-0.17771026687492258,-0.1507099204989651,0.0008164844683435583,-0.0019444600202259289,-0.1273202747106552,0.07873368263244629,0.0051170978695154095,-0.1273257957670478,0.07860949713387583,-0.0067619865656628345
14.489999999999736,2.897131361067295,-0.9245753884315491,4.278346538543701,-1.488936237833561,-0.47779339073308824,-0.17771026687492258,-0.1507099204989651,0.0008164844683435583,-0.0019444600202259289,-0.1273202747106552,0.07873368263244629,0.0051170978695154095,-0.1273257957670478,0.07860949713387583,-0.0067619865656628345
14.499999999999735,2.897131361067295,-0.9245753884315491,4.278346538543701,-1.488936237833561,-0.47779339073308824,-0.17771026687492258,-0.1507099204989651,0.0008164844683435583,-0.0019444600202259289,-0.1273202747106552,0.07873368263244629,0.0051170978695154095,-0.1273257957670478,0.07860949713387583,-0.0067619865656628345
14.509999999999735,2.8565781116485596,-0.9389222860336304,4.274649620056152,-1.476045218566425,-0.4395008388993007,-0.18319647990881144,-0.15580828490555398,0.004028647946316848,-0.0020220634393134096,-0.12894485890865326,0.07735785096883774,0.009893372654914847,-0.12895384589526793,0.07795601098350652,-0.002230775943761715
14.519999999999735,2.8565781116485596,-0.9389222860336304,4.274649620056152,-1.476045218566425,-0.4395008388993007,-0.18319647990881144,-0.15580828490555398,0.004028647946316848,-0.0020220634393134096,-0.12894485890865326,0.07735785096883774,0.009893372654914847,-0.12895384589526793,0.07795601098350652,-0.002230775943761715
14.529999999999735,2.8565781116485596,-0.9389222860336304,4.274649620056152,-1.476045218566425,-0.4395008388993007,-0.18319647990881144,-0.15580828490555398,0.004028647946316848,-0.0020220634393134096,-0.12894485890865326,0.07735785096883774,0.009893372654914847,-0.12895384589526793,0.07795601098350652,-0.002230775943761715
14.539999999999734,2.8565781116485596,-0.9389222860336304,4.274649620056152,-1.476045218566425,-0.4395008388993007,-0.18319647990881144,-0.15580828490555398,0.004028647946316848,-0.0020220634393134096,-0.12894485890865326,0.07735785096883774,0.009893372654914847,-0.12895384589526793,0.07795601098350652,-0.002230775943761715
14.549999999999734,2.799030527472496,-0.9573394060134888,4.2694091796875,-1.4571737578990727,-0.38424660209727124,-0.18623769886405375,-0.160887831469327,0.007030631494664301,-0.002114385941956591,-0.12868338823318481,0.07504124939441681,0.008602637797594062,-0.12870820443002204,0.07545022159442118,-0.0035297542333739044
14.559999999999734,2.799030527472496,-0.9573394060134888,4.2694091796875,-1.4571737578990727,-0.38424660209727124,-0.18623769886405375,-0.160887831469327,0.007030631494664301,-0.002114385941956591,-0.12868338823318481,0.07504124939441681,0.008602637797594062,-0.12870820443002204,0.07545022159442118,-0.0035297542333739044
14.569999999999734,2.799030527472496,-0.9573394060134888,4.2694091796875,-1.4571737578990727,-0.38424660209727124,-0.18623769886405375,-0.160887831469327,0.007030631494664301,-0.002114385941956591,-0.12868338823318481,0.07504124939441681,0.008602637797594062,-0.12870820443002204,0.07545022159442118,-0.0035297542333739044
14.579999999999734,2.753385156393051,-0.9703291654586792,4.265085220336914,-1.441339905997071,-0.3390468553314021,-0.1863069897927619,-0.16342090978148627,0.008533936334612038,-0.002095317137242022,-0.12662607431411743,0.0735287219285965,0.012878989800810805,-0.12661971911588416,0.07464440219998725,0.0007447062087419523
14.589999999999733,2.753385156393051,-0.9703291654586792,4.265085220336914,-1.441339905997071,-0.3390468553314021,-0.1863069897927619,-0.16342090978148627,0.008533936334612038,-0.002095317137242022,-0.12662607431411743,0.0735287219285965,0.012878989800810805,-0.12661971911588416,0.07464440219998725,0.0007447062087419523
14.599999999999733,2.753385156393051,-0.9703291654586792,4.265085220336914,-1.441339905997071,-0.3390468553314021,-0.1863069897927619,-0.16342090978148627,0.008533936334612038,-0.002095317137242022,-0.12662607431411743,0.0735287219285965,0.012878989800810805,-0.12661971911588416,0.07464440219998725,0.0007447062087419523
14.609999999999733,2.7138944268226624,-0.9805130958557129,4.26113224029541,-1.4264910692934403,-0.2977971755760951,-0.18825820747319078,-0.16758044633159763,0.011019407955043529,-0.002085670694674441,-0.11259587854146957,0.06550699472427368,0.009399638511240474,-0.11261415409808474,0.06615715533437026,-0.001658521633259199
14.619999999999733,2.7138944268226624,-0.9805130958557129,4.26113224029541,-1.4264910692934403,-0.2977971755760951,-0.18825820747319078,-0.16758044633159763,0.011019407955043529,-0.002085670694674441,-0.11259587854146957,0.06550699472427368,0.009399638511240474,-0.11261415409808474,0.06615715533437026,-0.001658521633259199
14.629999999999733,2.7138944268226624,-0.9805130958557129,4.26113224029541,-1.4264910692934403,-0.2977971755760951,-0.18825820747319078,-0.16758044633159763,0.011019407955043529,-0.002085670694674441,-0.11259587854146957,0.06550699472427368,0.009399638511240474,-0.11261415409808474,0.06615715533437026,-0.001658521633259199
14.639999999999732,2.7138944268226624,-0.9805130958557129,4.26113224029541,-1.4264910692934403,-0.2977971755760951,-0.18825820747319078,-0.16758044633159763,0.011019407955043529,-0.002085670694674441,-0.11259587854146957,0.06550699472427368,0.009399638511240474,-0.11261415409808474,0.06615715533437026,-0.001658521633259199
14.649999999999732,2.658011555671692,-0.9929376244544983,4.255321025848389,-1.405466742526872,-0.23931645310856814,-0.18976429162888844,-0.17202639952683083,0.014200374051794876,-0.0021119206516940644,-0.09557360410690308,0.0692397803068161,0.009650795720517627,-0.09560689287752029,0.06986981047847826,-0.002344296657656431
14.659999999999732,2.658011555671692,-0.9929376244544983,4.255321025848389,-1.405466742526872,-0.23931645310856814,-0.18976429162888844,-0.17202639952683083,0.014200374051794876,-0.0021119206516940644,-0.09557360410690308,0.0692397803068161,0.009650795720517627,-0.09560689287752029,0.06986981047847826,-0.002344296657656431
14.669999999999732,2.658011555671692,-0.9929376244544983,4.255321025848389,-1.405466742526872,-0.23931645310856814,-0.18976429162888844,-0.17202639952683083,0.014200374051794876,-0.0021119206516940644,-0.09557360410690308,0.0692397803068161,0.009650795720517627,-0.09560689287752029,0.06986981047847826,-0.002344296657656431
14.679999999999731,2.6137786209583282,-1.0011186599731445,4.250543117523193,-1.3881522668718336,-0.19291995773883328,-0.18813843812930867,-0.17346672231450289,0.01532789114302436,-0.0021093984288990636,-0.08997087180614471,0.06923826038837433,0.01219204254448413,-0.0899699723245874,0.07030347900281038,5.868496658955602e-05
14.689999999999731,2.6137786209583282,-1.0011186599731445,4.250543117523193,-1.3881522668718336,-0.19291995773883328,-0.18813843812930867,-0.17346672231450289,0.01532789114302436,-0.0021093984288990636,-0.08997087180614471,0.06923826038837433,0.01219204254448413,-0.0899699723245874,0.07030347900281038,5.868496658955602e-05
14.699999999999731,2.6137786209583282,-1.0011186599731445,4.250543117523193,-1.3881522668718336,-0.19291995773883328,-0.18813843812930867,-0.17346672231450289,0.01532789114302436,-0.0021093984288990636,-0.08997087180614471,0.06923826038837433,0.01219204254448413,-0.0899699723245874,0.07030347900281038,5.868496658955602e-05
14.70999999999973,2.5755459666252136,-1.0070496797561646,4.246126174926758,-1.3723631056611907,-0.15057105659958656,-0.18973073257388245,-0.17710976993056332,0.01839223423904002,-0.0021447893165293065,-0.0810166448354721,0.06603890657424927,0.010700196959078303,-0.08103692033438274,0.06689107860381299,-0.0011024567111045714
14.71999999999973,2.5755459666252136,-1.0070496797561646,4.246126174926758,-1.3723631056611907,-0.15057105659958656,-0.18973073257388245,-0.17710976993056332,0.01839223423904002,-0.0021447893165293065,-0.0810166448354721,0.06603890657424927,0.010700196959078303,-0.08103692033438274,0.06689107860381299,-0.0011024567111045714
14.72999999999973,2.5755459666252136,-1.0070496797561646,4.246126174926758,-1.3723631056611907,-0.15057105659958656,-0.18973073257388245,-0.17710976993056332,0.01839223423904002,-0.0021447893165293065,-0.0810166448354721,0.06603890657424927,0.010700196959078303,-0.08103692033438274,0.06689107860381299,-0.0011024567111045714
14.73999999999973,2.5755459666252136,-1.0070496797561646,4.246126174926758,-1.3723631056611907,-0.15057105659958656,-0.18973073257388245,-0.17710976993056332,0.01839223423904002,-0.0021447893165293065,-0.0810166448354721,0.06603890657424927,0.010700196959078303,-0.08103692033438274,0.06689107860381299,-0.0011024567111045714
14.74999999999973,2.521565705537796,-1.0134129524230957,4.239553451538086,-1.3488445762361585,-0.09124074736425235,-0.1887526819261285,-0.1799831933497096,0.02126753872023837,-0.0022023633973499933,-0.06679430603981018,0.06987112015485764,0.012975494377315036,-0.0667888169997064,0.07106525376874002,0.00025811420811138093
14.75999999999973,2.521565705537796,-1.0134129524230957,4.239553451538086,-1.3488445762361585,-0.09124074736425235,-0.1887526819261285,-0.1799831933497096,0.02126753872023837,-0.0022023633973499933,-0.06679430603981018,0.06987112015485764,0.012975494377315036,-0.0667888169997064,0.07106525376874002,0.00025811420811138093
14.76999999999973,2.521565705537796,-1.0134129524230957,4.239553451538086,-1.3488445762361585,-0.09124074736425235,-0.1887526819261285,-0.1799831933497096,0.02126753872023837,-0.0022023633973499933,-0.06679430603981018,0.06987112015485764,0.012975494377315036,-0.0667888169997064,0.07106525376874002,0.00025811420811138093
14.77999999999973,2.478988766670227,-1.0167231559753418,4.234307289123535,-1.3292841453669686,-0.04372922373968516,-0.1863478891055827,-0.18125200168158423,0.022765460488771573,-0.002257321174993951,-0.062058720737695694,0.0752815455198288,0.011133221909403792,-0.0621183650775569,0.07605522970821023,-0.002620175073680455
14.78999999999973,2.478988766670227,-1.0167231559753418,4.234307289123535,-1.3292841453669686,-0.04372922373968516,-0.1863478891055827,-0.18125200168158423,0.022765460488771573,-0.002257321174993951,-0.062058720737695694,0.0752815455198288,0.011133221909403792,-0.0621183650775569,0.07605522970821023,-0.002620175073680455
14.799999999999729,2.478988766670227,-1.0167231559753418,4.234307289123535,-1.3292841453669686,-0.04372922373968516,-0.1863478891055827,-0.18125200168158423,0.022765460488771573,-0.002257321174993951,-0.062058720737695694,0.0752815455198288,0.011133221909403792,-0.0621183650775569,0.07605522970821023,-0.002620175073680455
14.809999999999729,2.443325161933899,-1.0196164846420288,4.22882604598999,-1.311126849279268,-0.002014898283792803,-0.18596675894606632,-0.18340945920072171,0.02552197211464432,-0.0023458405016128,-0.05497240275144577,0.0765371099114418,0.010851636528968802,-0.05505637377155897,0.07723255043855543,-0.0032905034327873374
14.819999999999729,2.443325161933899,-1.0196164846420288,4.22882604598999,-1.311126849279268,-0.002014898283792803,-0.18596675894606632,-0.18340945920072171,0.02552197211464432,-0.0023458405016128,-0.05497240275144577,0.0765371099114418,0.010851636528968802,-0.05505637377155897,0.07723255043855543,-0.0032905034327873374
14.829999999999728,2.443325161933899,-1.0196164846420288,4.22882604598999,-1.311126849279268,-0.002014898283792803,-0.18596675894606632,-0.18340945920072171,0.02552197211464432,-0.0023458405016128,-0.05497240275144577,0.0765371099114418,0.010851636528968802,-0.05505637377155897,0.07723255043855543,-0.0032905034327873374
14.839999999999728,2.392892360687256,-1.021373987197876,4.221197128295898,-1.284834092190106,0.057626174494440886,-0.18323798640720337,-0.18572377602870557,0.02889147904133565,-0.00243988782733245,-0.051408227533102036,0.07095953077077866,0.01198151893913745,-0.051446599382076685,0.0719517118372507,-0.0013283220189483967
14.849999999999728,2.392892360687256,-1.021373987197876,4.221197128295898,-1.284834092190106,0.057626174494440886,-0.18323798640720337,-0.18572377602870557,0.02889147904133565,-0.00243988782733245,-0.051408227533102036,0.07095953077077866,0.01198151893913745,-0.051446599382076685,0.0719517118372507,-0.0013283220189483967
14.859999999999728,2.392892360687256,-1.021373987197876,4.221197128295898,-1.284834092190106,0.057626174494440886,-0.18323798640720337,-0.18572377602870557,0.02889147904133565,-0.00243988782733245,-0.051408227533102036,0.07095953077077866,0.01198151893913745,-0.051446599382076685,0.0719517118372507,-0.0013283220189483967
14.869999999999727,2.392892360687256,-1.021373987197876,4.221197128295898,-1.284834092190106,0.057626174494440886,-0.18323798640720337,-0.18572377602870557,0.02889147904133565,-0.00243988782733245,-0.051408227533102036,0.07095953077077866,0.01198151893913745,-0.051446599382076685,0.0719517118372507,-0.0013283220189483967
14.879999999999727,2.353052496910095,-1.0208439826965332,4.215146064758301,-1.2644935991329747,0.10507610399682199,-0.17904168429888181,-0.18646186063220102,0.030032387794716977,-0.002424061163082713,-0.04582846164703369,0.06905784457921982,0.014636143110692492,-0.04578098789004096,0.07057411216994973,0.0015809896474384625
14.889999999999727,2.353052496910095,-1.0208439826965332,4.215146064758301,-1.2644935991329747,0.10507610399682199,-0.17904168429888181,-0.18646186063220102,0.030032387794716977,-0.002424061163082713,-0.04582846164703369,0.06905784457921982,0.014636143110692492,-0.04578098789004096,0.07057411216994973,0.0015809896474384625
14.899999999999727,2.353052496910095,-1.0208439826965332,4.215146064758301,-1.2644935991329747,0.10507610399682199,-0.17904168429888181,-0.18646186063220102,0.030032387794716977,-0.002424061163082713,-0.04582846164703369,0.06905784457921982,0.014636143110692492,-0.04578098789004096,0.07057411216994973,0.0015809896474384625
14.909999999999727,2.318770468235016,-1.0191514492034912,4.209739685058594,-1.2448689300745688,0.1466664653281914,-0.17760722265307763,-0.18823241767099827,0.033054848482505624,-0.002365237119890612,-0.03894324228167534,0.06684331595897675,0.01613453403115272,-0.03883274490184489,0.06868177031565692,0.003343458205558799
14.919999999999726,2.318770468235016,-1.0191514492034912,4.209739685058594,-1.2448689300745688,0.1466664653281914,-0.17760722265307763,-0.18823241767099827,0.033054848482505624,-0.002365237119890612,-0.03894324228167534,0.06684331595897675,0.01613453403115272,-0.03883274490184489,0.06868177031565692,0.003343458205558799
14.929999999999726,2.318770468235016,-1.0191514492034912,4.209739685058594,-1.2448689300745688,0.1466664653281914,-0.17760722265307763,-0.18823241767099827,0.033054848482505624,-0.002365237119890612,-0.03894324228167534,0.06684331595897675,0.01613453403115272,-0.03883274490184489,0.06868177031565692,0.003343458205558799
14.939999999999726,2.318770468235016,-1.0191514492034912,4.209739685058594,-1.2448689300745688,0.1466664653281914,-0.17760722265307763,-0.18823241767099827,0.033054848482505624,-0.002365237119890612,-0.03894324228167534,0.06684331595897675,0.01613453403115272,-0.03883274490184489,0.06868177031565692,0.003343458205558799
14.949999999999726,2.2704668045043945,-1.014480710029602,4.20192813873291,-1.2177607193548574,0.20611622049613787,-0.17160620704326854,-0.18954441432454913,0.03548649195527484,-0.0024169662264732225,-0.03645436465740204,0.06731349229812622,0.009619776159524909,-0.03656921691226106,0.06792039574828675,-0.0032371856860271666
14.959999999999726,2.2704668045043945,-1.014480710029602,4.20192813873291,-1.2177607193548574,0.20611622049613787,-0.17160620704326854,-0.18954441432454913,0.03548649195527484,-0.0024169662264732225,-0.03645436465740204,0.06731349229812622,0.009619776159524909,-0.03656921691226106,0.06792039574828675,-0.0032371856860271666
14.969999999999725,2.2704668045043945,-1.014480710029602,4.20192813873291,-1.2177607193548574,0.20611622049613787,-0.17160620704326854,-0.18954441432454913,0.03548649195527484,-0.0024169662264732225,-0.03645436465740204,0.06731349229812622,0.009619776159524909,-0.03656921691226106,0.06792039574828675,-0.0032371856860271666
14.979999999999725,2.232461154460907,-1.0088756084442139,4.195735931396484,-1.195530398348156,0.2534221369170308,-0.16650046942669428,-0.19031254370748818,0.03709940280700883,-0.0024441625547597045,-0.03149348869919777,0.0641791820526123,0.010083776898682109,-0.03157658462456336,0.06492794299556097,-0.0022403322929304783
14.989999999999725,2.232461154460907,-1.0088756084442139,4.195735931396484,-1.195530398348156,0.2534221369170308,-0.16650046942669428,-0.19031254370748818,0.03709940280700883,-0.0024441625547597045,-0.03149348869919777,0.0641791820526123,0.010083776898682109,-0.03157658462456336,0.06492794299556097,-0.0022403322929304783
14.999999999999725,2.232461154460907,-1.0088756084442139,4.195735931396484,-1.195530398348156,0.2534221369170308,-0.16650046942669428,-0.19031254370748818,0.03709940280700883,-0.0024441625547597045,-0.03149348869919777,0.0641791820526123,0.010083776898682109,-0.03157658462456336,0.06492794299556097,-0.0022403322929304783
15.009999999999724,2.199820816516876,-1.0027354955673218,4.190082550048828,-1.175255908756832,0.29510850169601277,-0.163790009875953,-0.19115608264679135,0.03944305454746422,-0.0024312421287910357,-0.017456550151109695,0.0650879517197609,0.011510038748383513,-0.01749861578501576,0.06608922929692365,-0.001066766853356153
15.019999999999724,2.199820816516876,-1.0027354955673218,4.190082550048828,-1.175255908756832,0.29510850169601277,-0.163790009875953,-0.19115608264679135,0.03944305454746422,-0.0024312421287910357,-0.017456550151109695,0.0650879517197609,0.011510038748383513,-0.01749861578501576,0.06608922929692365,-0.001066766853356153
15.029999999999724,2.199820816516876,-1.0027354955673218,4.190082550048828,-1.175255908756832,0.29510850169601277,-0.163790009875953,-0.19115608264679135,0.03944305454746422,-0.0024312421287910357,-0.017456550151109695,0.0650879517197609,0.011510038748383513,-0.01749861578501576,0.06608922929692365,-0.001066766853356153
15.039999999999724,2.199820816516876,-1.0027354955673218,4.190082550048828,-1.175255908756832,0.29510850169601277,-0.163790009875953,-0.19115608264679135,0.03944305454746422,-0.0024312421287910357,-0.017456550151109695,0.0650879517197609,0.011510038748383513,-0.01749861578501576,0.06608922929692365,-0.001066766853356153
15.049999999999724,2.1539559364318848,-0.9917809963226318,4.182003021240234,-1.1460949989672986,0.3534141058939099,-0.15980510757230926,-0.19159882488556507,0.04226418782124064,-0.0024392187214424574,-0.007460937835276127,0.07371943444013596,0.012325098738074294,-0.007542925692675343,0.0747174971612912,-0.001940467221569465
15.059999999999723,2.1539559364318848,-0.9917809963226318,4.182003021240234,-1.1460949989672986,0.3534141058939099,-0.15980510757230926,-0.19159882488556507,0.04226418782124064,-0.0024392187214424574,-0.007460937835276127,0.07371943444013596,0.012325098738074294,-0.007542925692675343,0.0747174971612912,-0.001940467221569465
15.069999999999723,2.1539559364318848,-0.9917809963226318,4.182003021240234,-1.1460949989672986,0.3534141058939099,-0.15980510757230926,-0.19159882488556507,0.04226418782124064,-0.0024392187214424574,-0.007460937835276127,0.07371943444013596,0.012325098738074294,-0.007542925692675343,0.0747174971612912,-0.001940467221569465
15.079999999999723,2.1179686784744263,-0.9812306761741638,4.1754021644592285,-1.1224946907520879,0.39976637495842804,-0.15545696765822084,-0.19158043838177075,0.04402243954570887,-0.0024656853622921004,0.0026923841796815395,0.07159082591533661,0.012179574929177752,0.002618602788873109,0.07260015888212851,-0.001676536512818746
15.089999999999723,2.1179686784744263,-0.9812306761741638,4.1754021644592285,-1.1224946907520879,0.39976637495842804,-0.15545696765822084,-0.19158043838177075,0.04402243954570887,-0.0024656853622921004,0.0026923841796815395,0.07159082591533661,0.012179574929177752,0.002618602788873109,0.07260015888212851,-0.001676536512818746
15.099999999999723,2.1179686784744263,-0.9812306761741638,4.1754021644592285,-1.1224946907520879,0.39976637495842804,-0.15545696765822084,-0.19158043838177075,0.04402243954570887,-0.0024656853622921004,0.0026923841796815395,0.07159082591533661,0.012179574929177752,0.002618602788873109,0.07260015888212851,-0.001676536512818746
15.109999999999722,2.0870975852012634,-0.9707720279693604,4.169450759887695,-1.1006596218117057,0.43996833896030285,-0.15259532798133663,-0.19115453651230302,0.04704614094820536,-0.002419950516382728,0.013287387788295746,0.07444030046463013,0.016523007303476323,0.013385266524059617,0.07622365824363626,0.0020812515031584876
15.119999999999722,2.0870975852012634,-0.9707720279693604,4.169450759887695,-1.1006596218117057,0.43996833896030285,-0.15259532798133663,-0.19115453651230302,0.04704614094820536,-0.002419950516382728,0.013287387788295746,0.07444030046463013,0.016523007303476323,0.013385266524059617,0.07622365824363626,0.0020812515031584876
15.129999999999722,2.0870975852012634,-0.9707720279693604,4.169450759887695,-1.1006596218117057,0.43996833896030285,-0.15259532798133663,-0.19115453651230302,0.04704614094820536,-0.002419950516382728,0.013287387788295746,0.07444030046463013,0.016523007303476323,0.013385266524059617,0.07622365824363626,0.0020812515031584876
15.139999999999722,2.0870975852012634,-0.9707720279693604,4.169450759887695,-1.1006596218117057,0.43996833896030285,-0.15259532798133663,-0.19115453651230302,0.04704614094820536,-0.002419950516382728,0.013287387788295746,0.07444030046463013,0.016523007303476323,0.013385266524059617,0.07622365824363626,0.0020812515031584876
15.149999999999721,2.0438788533210754,-0.9537900686264038,4.161024570465088,-1.0698257508787796,0.4958558547344045,-0.14777678131372685,-0.19042175830657532,0.04971798538909341,-0.002452885118674178,0.021514343097805977,0.0694487988948822,0.013264650478959075,0.021508376968461924,0.07070411758967217,-0.0001200488702510331
15.159999999999721,2.0438788533210754,-0.9537900686264038,4.161024570465088,-1.0698257508787796,0.4958558547344045,-0.14777678131372685,-0.19042175830657532,0.04971798538909341,-0.002452885118674178,0.021514343097805977,0.0694487988948822,0.013264650478959075,0.021508376968461924,0.07070411758967217,-0.0001200488702510331
15.169999999999721,2.0438788533210754,-0.9537900686264038,4.161024570465088,-1.0698257508787796,0.4958558547344045,-0.14777678131372685,-0.19042175830657532,0.04971798538909341,-0.002452885118674178,0.021514343097805977,0.0694487988948822,0.013264650478959075,0.021508376968461924,0.07070411758967217,-0.0001200488702510331
15.17999999999972,2.0101062059402466,-0.9385043978691101,4.154231071472168,-1.0442799989684217,0.5401624868147249,-0.14275034363221462,-0.18989305448553975,0.05111327808425145,-0.0024606224117109843,0.02859150618314743,0.07003100216388702,0.012218149378895751,0.02852908841724451,0.07107837779568185,-0.0012216972764075205
15.18999999999972,2.0101062059402466,-0.9385043978691101,4.154231071472168,-1.0442799989684217,0.5401624868147249,-0.14275034363221462,-0.18989305448553975,0.05111327808425145,-0.0024606224117109843,0.02859150618314743,0.07003100216388702,0.012218149378895751,0.02852908841724451,0.07107837779568185,-0.0012216972764075205
15.19999999999972,2.0101062059402466,-0.9385043978691101,4.154231071472168,-1.0442799989684217,0.5401624868147249,-0.14275034363221462,-0.18989305448553975,0.05111327808425145,-0.0024606224117109843,0.02859150618314743,0.07003100216388702,0.012218149378895751,0.02852908841724451,0.07107837779568185,-0.0012216972764075205
15.20999999999972,1.9816843271255493,-0.9252824187278748,4.147070407867432,-1.0215215014281753,0.578024971931165,-0.14142667667815134,-0.18850670641087586,0.05410872477006004,-0.002500185375900386,0.03706687316298485,0.07359282672405243,0.014923371374607078,0.03711390058114085,0.07508566606589714,0.0008695524363076497
15.21999999999972,1.9816843271255493,-0.9252824187278748,4.147070407867432,-1.0215215014281753,0.578024971931165,-0.14142667667815134,-0.18850670641087586,0.05410872477006004,-0.002500185375900386,0.03706687316298485,0.07359282672405243,0.014923371374607078,0.03711390058114085,0.07508566606589714,0.0008695524363076497
15.22999999999972,1.9816843271255493,-0.9252824187278748,4.147070407867432,-1.0215215014281753,0.578024971931165,-0.14142667667815134,-0.18850670641087586,0.05410872477006004,-0.002500185375900386,0.03706687316298485,0.07359282672405243,0.014923371374607078,0.03711390058114085,0.07508566606589714,0.0008695524363076497
15.23999999999972,1.9816843271255493,-0.9252824187278748,4.147070407867432,-1.0215215014281753,0.578024971931165,-0.14142667667815134,-0.18850670641087586,0.05410872477006004,-0.002500185375900386,0.03706687316298485,0.07359282672405243,0.014923371374607078,0.03711390058114085,0.07508566606589714,0.0008695524363076497
15.24999999999972,1.9420132637023926,-0.9042183756828308,4.13707160949707,-0.9870216650585406,0.6303222432575317,-0.13828453262434387,-0.1867432369180795,0.05711652539511804,-0.002505431844119843,0.04896235093474388,0.07183516025543213,0.015185512602329245,0.049052956401809664,0.07340557935712486,0.0015871895018000934
15.25999999999972,1.9420132637023926,-0.9042183756828308,4.13707160949707,-0.9870216650585406,0.6303222432575317,-0.13828453262434387,-0.1867432369180795,0.05711652539511804,-0.002505431844119843,0.04896235093474388,0.07183516025543213,0.015185512602329245,0.049052956401809664,0.07340557935712486,0.0015871895018000934
15.269999999999719,1.9420132637023926,-0.9042183756828308,4.13707160949707,-0.9870216650585406,0.6303222432575317,-0.13828453262434387,-0.1867432369180795,0.05711652539511804,-0.002505431844119843,0.04896235093474388,0.07183516025543213,0.015185512602329245,0.049052956401809664,0.07340557935712486,0.0015871895018000934
15.279999999999719,1.9111119508743286,-0.8856350183486938,4.129271030426025,-0.9600104348840346,0.6714733310999241,-0.13485297049432216,-0.18550430694206385,0.058818527484723854,-0.002508266737969483,0.05161513388156891,0.06991753727197647,0.012495845556259147,0.05157896073673705,0.07102274865556837,-0.0006153505086269831
15.289999999999718,1.9111119508743286,-0.8856350183486938,4.129271030426025,-0.9600104348840346,0.6714733310999241,-0.13485297049432216,-0.18550430694206385,0.058818527484723854,-0.002508266737969483,0.05161513388156891,0.06991753727197647,0.012495845556259147,0.05157896073673705,0.07102274865556837,-0.0006153505086269831
15.299999999999718,1.9111119508743286,-0.8856350183486938,4.129271030426025,-0.9600104348840346,0.6714733310999241,-0.13485297049432216,-0.18550430694206385,0.058818527484723854,-0.002508266737969483,0.05161513388156891,0.06991753727197647,0.012495845556259147,0.05157896073673705,0.07102274865556837,-0.0006153505086269831
15.309999999999718,1.8847930431365967,-0.8683134317398071,4.122077941894531,-0.9357651859252675,0.7068316014087398,-0.13211786706061707,-0.18360656174927092,0.061190436138679694,-0.002429733048809803,0.05273398384451866,0.06056956574320793,0.014046058990061276,0.05290255220243262,0.06211597214747324,0.00275653531424646
15.319999999999718,1.8847930431365967,-0.8683134317398071,4.122077941894531,-0.9357651859252675,0.7068316014087398,-0.13211786706061707,-0.18360656174927092,0.061190436138679694,-0.002429733048809803,0.05273398384451866,0.06056956574320793,0.014046058990061276,0.05290255220243262,0.06211597214747324,0.00275653531424646
15.329999999999718,1.8847930431365967,-0.8683134317398071,4.122077941894531,-0.9357651859252675,0.7068316014087398,-0.13211786706061707,-0.18360656174927092,0.061190436138679694,-0.002429733048809803,0.05273398384451866,0.06056956574320793,0.014046058990061276,0.05290255220243262,0.06211597214747324,0.00275653531424646
15.339999999999717,1.8847930431365967,-0.8683134317398071,4.122077941894531,-0.9357651859252675,0.7068316014087398,-0.13211786706061707,-0.18360656174927092,0.061190436138679694,-0.002429733048809803,0.05273398384451866,0.06056956574320793,0.014046058990061276,0.05290255220243262,0.06211597214747324,0.00275653531424646
15.349999999999717,1.848217248916626,-0.84159255027771,4.112152099609375,-0.9005546531904022,0.7561837591807584,-0.12676086421071187,-0.1811782381564924,0.06383190527204968,-0.0023450404127252173,0.05893820524215698,0.059489697217941284,0.013509073294699185,0.059102386246439854,0.06095015573933612,0.002573831213721077
15.359999999999717,1.848217248916626,-0.84159255027771,4.112152099609375,-0.9005546531904022,0.7561837591807584,-0.12676086421071187,-0.1811782381564924,0.06383190527204968,-0.0023450404127252173,0.05893820524215698,0.059489697217941284,0.013509073294699185,0.059102386246439854,0.06095015573933612,0.002573831213721077
15.369999999999717,1.848217248916626,-0.84159255027771,4.112152099609375,-0.9005546531904022,0.7561837591807584,-0.12676086421071187,-0.1811782381564924,0.06383190527204968,-0.0023450404127252173,0.05893820524215698,0.059489697217941284,0.013509073294699185,0.059102386246439854,0.06095015573933612,0.002573831213721077
15.379999999999717,1.8198697566986084,-0.8186134099960327,4.104132652282715,-0.8723611087311091,0.7940641330652949,-0.12149205108166619,-0.17988618904779766,0.06508191786028723,-0.0023104997514232875,0.06567361950874329,0.06110820919275284,0.012981027364730828,0.06579342438284731,0.06244470517707071,0.001842132119504798
15.389999999999716,1.8198697566986084,-0.8186134099960327,4.104132652282715,-0.8723611087311091,0.7940641330652949,-0.12149205108166619,-0.17988618904779766,0.06508191786028723,-0.0023104997514232875,0.06567361950874329,0.06110820919275284,0.012981027364730828,0.06579342438284731,0.06244470517707071,0.001842132119504798
15.399999999999716,1.8198697566986084,-0.8186134099960327,4.104132652282715,-0.8723611087311091,0.7940641330652949,-0.12149205108166619,-0.17988618904779766,0.06508191786028723,-0.0023104997514232875,0.06567361950874329,0.06110820919275284,0.012981027364730828,0.06579342438284731,0.06244470517707071,0.001842132119504798
15.409999999999716,1.7958040237426758,-0.7975261807441711,4.097050666809082,-0.8469072387308743,0.8266583455276247,-0.11984636498037295,-0.17688220820994513,0.06764839648328683,-0.0022275551979432377,0.07940217852592468,0.06213533133268356,0.012642354704439633,0.0795045978186123,0.06339040418883837,0.0015151497557836088
15.419999999999716,1.7958040237426758,-0.7975261807441711,4.097050666809082,-0.8469072387308743,0.8266583455276247,-0.11984636498037295,-0.17688220820994513,0.06764839648328683,-0.0022275551979432377,0.07940217852592468,0.06213533133268356,0.012642354704439633,0.0795045978186123,0.06339040418883837,0.0015151497557836088
15.429999999999715,1.7958040237426758,-0.7975261807441711,4.097050666809082,-0.8469072387308743,0.8266583455276247,-0.11984636498037295,-0.17688220820994513,0.06764839648328683,-0.0022275551979432377,0.07940217852592468,0.06213533133268356,0.012642354704439633,0.0795045978186123,0.06339040418883837,0.0015151497557836088
15.439999999999715,1.7958040237426758,-0.7975261807441711,4.097050666809082,-0.8469072387308743,0.8266583455276247,-0.11984636498037295,-0.17688220820994513,0.06764839648328683,-0.0022275551979432377,0.07940217852592468,0.06213533133268356,0.012642354704439633,0.0795045978186123,0.06339040418883837,0.0015151497557836088
15.449999999999715,1.7625290155410767,-0.7656840682029724,4.086900234222412,-0.8099484874947527,0.8711282111702652,-0.1172113965021655,-0.1733500547067925,0.07007184534353873,-0.0021592914518980067,0.09232397377490997,0.05785408243536949,0.013487757183611386,0.09255606412986353,0.05931340341554908,0.003314889059950925
15.459999999999715,1.7625290155410767,-0.7656840682029724,4.086900234222412,-0.8099484874947527,0.8711282111702652,-0.1172113965021655,-0.1733500547067925,0.07007184534353873,-0.0021592914518980067,0.09232397377490997,0.05785408243536949,0.013487757183611386,0.09255606412986353,0.05931340341554908,0.003314889059950925
15.469999999999715,1.7625290155410767,-0.7656840682029724,4.086900234222412,-0.8099484874947527,0.8711282111702652,-0.1172113965021655,-0.1733500547067925,0.07007184534353873,-0.0021592914518980067,0.09232397377490997,0.05785408243536949,0.013487757183611386,0.09255606412986353,0.05931340341554908,0.003314889059950925
15.479999999999714,1.7368652820587158,-0.7388024926185608,4.078892707824707,-0.7805402892209173,0.9054102066077884,-0.11440455575337119,-0.17143561135941532,0.07122296226362695,-0.002053910261801062,0.09494202584028244,0.05503717064857483,0.01604406908154487,0.09540003029545817,0.05696744519026936,0.006436012917043228
15.489999999999714,1.7368652820587158,-0.7388024926185608,4.078892707824707,-0.7805402892209173,0.9054102066077884,-0.11440455575337119,-0.17143561135941532,0.07122296226362695,-0.002053910261801062,0.09494202584028244,0.05503717064857483,0.01604406908154487,0.09540003029545817,0.05696744519026936,0.006436012917043228
15.499999999999714,1.7368652820587158,-0.7388024926185608,4.078892707824707,-0.7805402892209173,0.9054102066077884,-0.11440455575337119,-0.17143561135941532,0.07122296226362695,-0.002053910261801062,0.09494202584028244,0.05503717064857483,0.01604406908154487,0.09540003029545817,0.05696744519026936,0.006436012917043228
15.509999999999714,1.7151638269424438,-0.7143892049789429,4.071751117706299,-0.7549926543741636,0.9343925444264979,-0.11527421752869997,-0.1674582365090612,0.07357145172991504,-0.002047011810430698,0.10045194625854492,0.05840663984417915,0.009510112926363938,0.10042556423876046,0.059174738718535076,-0.0003589141456168855
15.519999999999714,1.7151638269424438,-0.7143892049789429,4.071751117706299,-0.7549926543741636,0.9343925444264979,-0.11527421752869997,-0.1674582365090612,0.07357145172991504,-0.002047011810430698,0.10045194625854492,0.05840663984417915,0.009510112926363938,0.10042556423876046,0.059174738718535076,-0.0003589141456168855
15.529999999999713,1.7151638269424438,-0.7143892049789429,4.071751117706299,-0.7549926543741636,0.9343925444264979,-0.11527421752869997,-0.1674582365090612,0.07357145172991504,-0.002047011810430698,0.10045194625854492,0.05840663984417915,0.009510112926363938,0.10042556423876046,0.059174738718535076,-0.0003589141456168855
15.539999999999713,1.7151638269424438,-0.7143892049789429,4.071751117706299,-0.7549926543741636,0.9343925444264979,-0.11527421752869997,-0.1674582365090612,0.07357145172991504,-0.002047011810430698,0.10045194625854492,0.05840663984417915,0.009510112926363938,0.10042556423876046,0.059174738718535076,-0.0003589141456168855
15.549999999999713,1.6853013038635254,-0.6779953837394714,4.061662197113037,-0.7176158247154585,0.9738504947167738,-0.11383142593546221,-0.16316627598849523,0.07590115073030809,-0.001970693530422858,0.1091664656996727,0.05403994023799896,0.013276929035782807,0.1094951540947095,0.05547892314500653,0.004334640501725875
15.559999999999713,1.6853013038635254,-0.6779953837394714,4.061662197113037,-0.7176158247154585,0.9738504947167738,-0.11383142593546221,-0.16316627598849523,0.07590115073030809,-0.001970693530422858,0.1091664656996727,0.05403994023799896,0.013276929035782807,0.1094951540947095,0.05547892314500653,0.004334640501725875
15.569999999999713,1.6853013038635254,-0.6779953837394714,4.061662197113037,-0.7176158247154585,0.9738504947167738,-0.11383142593546221,-0.16316627598849523,0.07590115073030809,-0.001970693530422858,0.1091664656996727,0.05403994023799896,0.013276929035782807,0.1094951540947095,0.05547892314500653,0.004334640501725875
15.579999999999712,1.657122254371643,-0.6403292417526245,4.05121374130249,-0.6805078759379518,1.0120333264143457,-0.11043244328694082,-0.16087539126831324,0.07703758395398892,-0.0019021485144697515,0.11529939621686935,0.0560242235660553,0.01249162852764129,0.11555846535602411,0.05730174586514601,0.003366221483653645
15.589999999999712,1.657122254371643,-0.6403292417526245,4.05121374130249,-0.6805078759379518,1.0120333264143457,-0.11043244328694082,-0.16087539126831324,0.07703758395398892,-0.0019021485144697515,0.11529939621686935,0.0560242235660553,0.01249162852764129,0.11555846535602411,0.05730174586514601,0.003366221483653645
15.599999999999712,1.657122254371643,-0.6403292417526245,4.05121374130249,-0.6805078759379518,1.0120333264143457,-0.11043244328694082,-0.16087539126831324,0.07703758395398892,-0.0019021485144697515,0.11529939621686935,0.0560242235660553,0.01249162852764129,0.11555846535602411,0.05730174586514601,0.003366221483653645
15.609999999999712,1.6439334154129028,-0.6214615106582642,4.045406341552734,-0.6610080768384496,1.0293912664821885,-0.11435614480829388,-0.15590793240940984,0.07950389047198186,-0.0018725461186792972,0.12482627481222153,0.060010865330696106,0.011332968249917023,0.12497583460988881,0.06104274121089901,0.0018831464852368913
15.619999999999711,1.6439334154129028,-0.6214615106582642,4.045406341552734,-0.6610080768384496,1.0293912664821885,-0.11435614480829388,-0.15590793240940984,0.07950389047198186,-0.0018725461186792972,0.12482627481222153,0.060010865330696106,0.011332968249917023,0.12497583460988881,0.06104274121089901,0.0018831464852368913
15.629999999999711,1.6439334154129028,-0.6214615106582642,4.045406341552734,-0.6610080768384496,1.0293912664821885,-0.11435614480829388,-0.15590793240940984,0.07950389047198186,-0.0018725461186792972,0.12482627481222153,0.060010865330696106,0.011332968249917023,0.12497583460988881,0.06104274121089901,0.0018831464852368913
15.639999999999711,1.6439334154129028,-0.6214615106582642,4.045406341552734,-0.6610080768384496,1.0293912664821885,-0.11435614480829388,-0.15590793240940984,0.07950389047198186,-0.0018725461186792972,0.12482627481222153,0.060010865330696106,0.011332968249917023,0.12497583460988881,0.06104274121089901,0.0018831464852368913
15.64999999999971,1.6185654401779175,-0.582465410232544,4.033977508544922,-0.6219076028083167,1.0632506217343347,-0.11482682588892287,-0.1505836481786169,0.08200646374342303,-0.0018343167996583093,0.1347932666540146,0.06032703071832657,0.011433602310717099,0.13497854479250745,0.06135956550531908,0.002261845723433064
15.65999999999971,1.6185654401779175,-0.582465410232544,4.033977508544922,-0.6219076028083167,1.0632506217343347,-0.11482682588892287,-0.1505836481786169,0.08200646374342303,-0.0018343167996583093,0.1347932666540146,0.06032703071832657,0.011433602310717099,0.13497854479250745,0.06135956550531908,0.002261845723433064
15.66999999999971,1.6185654401779175,-0.582465410232544,4.033977508544922,-0.6219076028083167,1.0632506217343347,-0.11482682588892287,-0.1505836481786169,0.08200646374342303,-0.0018343167996583093,0.1347932666540146,0.06032703071832657,0.011433602310717099,0.13497854479250745,0.06135956550531908,0.002261845723433064
15.67999999999971,1.5992460250854492,-0.5500553250312805,4.025049209594727,-0.5906981873837706,1.0887244196758432,-0.11348487321230073,-0.14776902406387565,0.08318193706280577,-0.0018046073328583116,0.13973531126976013,0.057900406420230865,0.011317254044115536,0.13995784862784738,0.05893566847491486,0.0026783963518552155
15.68999999999971,1.5992460250854492,-0.5500553250312805,4.025049209594727,-0.5906981873837706,1.0887244196758432,-0.11348487321230073,-0.14776902406387565,0.08318193706280577,-0.0018046073328583116,0.13973531126976013,0.057900406420230865,0.011317254044115536,0.13995784862784738,0.05893566847491486,0.0026783963518552155
15.69999999999971,1.5992460250854492,-0.5500553250312805,4.025049209594727,-0.5906981873837706,1.0887244196758432,-0.11348487321230073,-0.14776902406387565,0.08318193706280577,-0.0018046073328583116,0.13973531126976013,0.057900406420230865,0.011317254044115536,0.13995784862784738,0.05893566847491486,0.0026783963518552155
15.70999999999971,1.5831730365753174,-0.5210537314414978,4.017176151275635,-0.5628659152775888,1.1091071731245388,-0.11565097581550327,-0.1425204028156976,0.08534318703600342,-0.0017816574101206608,0.14796267449855804,0.05774393677711487,0.011363427154719823,0.14822329343831284,0.05877252261430294,0.0030574857322758124
15.71999999999971,1.5831730365753174,-0.5210537314414978,4.017176151275635,-0.5628659152775888,1.1091071731245388,-0.11565097581550327,-0.1425204028156976,0.08534318703600342,-0.0017816574101206608,0.14796267449855804,0.05774393677711487,0.011363427154719823,0.14822329343831284,0.05877252261430294,0.0030574857322758124
15.729999999999709,1.5831730365753174,-0.5210537314414978,4.017176151275635,-0.5628659152775888,1.1091071731245388,-0.11565097581550327,-0.1425204028156976,0.08534318703600342,-0.0017816574101206608,0.14796267449855804,0.05774393677711487,0.011363427154719823,0.14822329343831284,0.05877252261430294,0.0030574857322758124
15.739999999999709,1.5613590478897095,-0.47836634516716003,4.006166934967041,-0.5231049463664048,1.1361410204901858,-0.11598031049358845,-0.13665921336328182,0.08755007968322417,-0.0016670296894769575,0.14499373733997345,0.04784031957387924,0.008567840792238707,0.14516669429329418,0.04856152098150409,0.0019780462185404616
15.749999999999709,1.5613590478897095,-0.47836634516716003,4.006166934967041,-0.5231049463664048,1.1361410204901858,-0.11598031049358845,-0.13665921336328182,0.08755007968322417,-0.0016670296894769575,0.14499373733997345,0.04784031957387924,0.008567840792238707,0.14516669429329418,0.04856152098150409,0.0019780462185404616
15.759999999999708,1.5613590478897095,-0.47836634516716003,4.006166934967041,-0.5231049463664048,1.1361410204901858,-0.11598031049358845,-0.13665921336328182,0.08755007968322417,-0.0016670296894769575,0.14499373733997345,0.04784031957387924,0.008567840792238707,0.14516669429329418,0.04856152098150409,0.0019780462185404616
15.769999999999708,1.5613590478897095,-0.47836634516716003,4.006166934967041,-0.5231049463664048,1.1361410204901858,-0.11598031049358845,-0.13665921336328182,0.08755007968322417,-0.0016670296894769575,0.14499373733997345,0.04784031957387924,0.008567840792238707,0.14516669429329418,0.04856152098150409,0.0019780462185404616
15.779999999999708,1.5449435710906982,-0.44325849413871765,3.997650384902954,-0.49119233064311546,1.1563121835548742,-0.11566645813237582,-0.1329896626222396,0.08881568001575979,-0.0016330393500946035,0.15303635597229004,0.05365437641739845,0.010469552129507058,0.1533268941069424,0.05456884455570542,0.0032755528991753194
15.789999999999708,1.5449435710906982,-0.44325849413871765,3.997650384902954,-0.49119233064311546,1.1563121835548742,-0.11566645813237582,-0.1329896626222396,0.08881568001575979,-0.0016330393500946035,0.15303635597229004,0.05365437641739845,0.010469552129507058,0.1533268941069424,0.05456884455570542,0.0032755528991753194
15.799999999999708,1.5449435710906982,-0.44325849413871765,3.997650384902954,-0.49119233064311546,1.1563121835548742,-0.11566645813237582,-0.1329896626222396,0.08881568001575979,-0.0016330393500946035,0.15303635597229004,0.05365437641739845,0.010469552129507058,0.1533268941069424,0.05456884455570542,0.0032755528991753194
15.809999999999707,1.5314182043075562,-0.4120096266269684,3.9900686740875244,-0.46314120346708393,1.1721886487868327,-0.11921043828458586,-0.12727752917243357,0.09049678491884805,-0.001546734212781313,0.1616193950176239,0.04460487514734268,0.010416357778012747,0.16204319234475964,0.04556626442637726,0.004689407923133602
15.819999999999707,1.5314182043075562,-0.4120096266269684,3.9900686740875244,-0.46314120346708393,1.1721886487868327,-0.11921043828458586,-0.12727752917243357,0.09049678491884805,-0.001546734212781313,0.1616193950176239,0.04460487514734268,0.010416357778012747,0.16204319234475964,0.04556626442637726,0.004689407923133602
15.829999999999707,1.5314182043075562,-0.4120096266269684,3.9900686740875244,-0.46314120346708393,1.1721886487868327,-0.11921043828458586,-0.12727752917243357,0.09049678491884805,-0.001546734212781313,0.1616193950176239,0.04460487514734268,0.010416357778012747,0.16204319234475964,0.04556626442637726,0.004689407923133602
15.839999999999707,1.5314182043075562,-0.4120096266269684,3.9900686740875244,-0.46314120346708393,1.1721886487868327,-0.11921043828458586,-0.12727752917243357,0.09049678491884805,-0.001546734212781313,0.1616193950176239,0.04460487514734268,0.010416357778012747,0.16204319234475964,0.04556626442637726,0.004689407923133602
15.849999999999707,1.51333487033844,-0.36641111969947815,3.979567527770996,-0.4230672730160907,1.1924475101334506,-0.1230673311628567,-0.12010688741549552,0.09245209263936274,-0.0014408947534752963,0.1641572117805481,0.04678548872470856,0.007085386663675302,0.1642896649018536,0.04729739748331593,0.0014347106043318568
15.859999999999706,1.51333487033844,-0.36641111969947815,3.979567527770996,-0.4230672730160907,1.1924475101334506,-0.1230673311628567,-0.12010688741549552,0.09245209263936274,-0.0014408947534752963,0.1641572117805481,0.04678548872470856,0.007085386663675302,0.1642896649018536,0.04729739748331593,0.0014347106043318568
15.869999999999706,1.51333487033844,-0.36641111969947815,3.979567527770996,-0.4230672730160907,1.1924475101334506,-0.1230673311628567,-0.12010688741549552,0.09245209263936274,-0.0014408947534752963,0.1641572117805481,0.04678548872470856,0.007085386663675302,0.1642896649018536,0.04729739748331593,0.0014347106043318568
15.879999999999706,1.4967900514602661,-0.31987881660461426,3.9690866470336914,-0.3830503054236189,1.210387271456229,-0.12193098619394852,-0.11674093776853112,0.09341792627901704,-0.0013976506269550383,0.16828130185604095,0.04743817448616028,0.009148828685283656,0.1686149483071385,0.04818090565984633,0.003576746376719179
15.889999999999706,1.4967900514602661,-0.31987881660461426,3.9690866470336914,-0.3830503054236189,1.210387271456229,-0.12193098619394852,-0.11674093776853112,0.09341792627901704,-0.0013976506269550383,0.16828130185604095,0.04743817448616028,0.009148828685283656,0.1686149483071385,0.04818090565984633,0.003576746376719179
15.899999999999705,1.4967900514602661,-0.31987881660461426,3.9690866470336914,-0.3830503054236189,1.210387271456229,-0.12193098619394852,-0.11674093776853112,0.09341792627901704,-0.0013976506269550383,0.16828130185604095,0.04743817448616028,0.009148828685283656,0.1686149483071385,0.04818090565984633,0.003576746376719179
15.909999999999705,1.4891042709350586,-0.29631513357162476,3.963897466659546,-0.36238303623494567,1.2173354147998119,-0.12870752002536862,-0.1096501951894283,0.09526309803512584,-0.0012854264971899655,0.17958799004554749,0.047770410776138306,0.007882556878030295,0.1798371592344936,0.04834611557458299,0.002619550112167531
15.919999999999705,1.4891042709350586,-0.29631513357162476,3.963897466659546,-0.36238303623494567,1.2173354147998119,-0.12870752002536862,-0.1096501951894283,0.09526309803512584,-0.0012854264971899655,0.17958799004554749,0.047770410776138306,0.007882556878030295,0.1798371592344936,0.04834611557458299,0.002619550112167531
15.929999999999705,1.4891042709350586,-0.29631513357162476,3.963897466659546,-0.36238303623494567,1.2173354147998119,-0.12870752002536862,-0.1096501951894283,0.09526309803512584,-0.0012854264971899655,0.17958799004554749,0.047770410776138306,0.007882556878030295,0.1798371592344936,0.04834611557458299,0.002619550112167531
15.939999999999705,1.4891042709350586,-0.29631513357162476,3.963897466659546,-0.36238303623494567,1.2173354147998119,-0.12870752002536862,-0.1096501951894283,0.09526309803512584,-0.0012854264971899655,0.17958799004554749,0.047770410776138306,0.007882556878030295,0.1798371592344936,0.04834611557458299,0.002619550112167531
15.949999999999704,1.4748972654342651,-0.2487027645111084,3.9533605575561523,-0.3215328458546789,1.230323531557909,-0.13325018454017576,-0.10239191445543566,0.09719188512354145,-0.001285110948848236,0.1811068058013916,0.04899659752845764,0.005197998136281961,0.1811226669463437,0.049271282601791616,0.00016345134064110937
15.959999999999704,1.4748972654342651,-0.2487027645111084,3.9533605575561523,-0.3215328458546789,1.230323531557909,-0.13325018454017576,-0.10239191445543566,0.09719188512354145,-0.001285110948848236,0.1811068058013916,0.04899659752845764,0.005197998136281961,0.1811226669463437,0.049271282601791616,0.00016345134064110937
15.969999999999704,1.4748972654342651,-0.2487027645111084,3.9533605575561523,-0.3215328458546789,1.230323531557909,-0.13325018454017576,-0.10239191445543566,0.09719188512354145,-0.001285110948848236,0.1811068058013916,0.04899659752845764,0.005197998136281961,0.1811226669463437,0.049271282601791616,0.00016345134064110937
15.979999999999704,1.4646213054656982,-0.2101658433675766,3.9449198246002197,-0.2895395289358751,1.238679552294592,-0.13480775890604912,-0.09874523195932104,0.09809728888304875,-0.0012457816414634423,0.18200501799583435,0.04372326284646988,0.007551619783043856,0.18232037142547933,0.04425474673868743,0.0032198624457226393
15.989999999999704,1.4646213054656982,-0.2101658433675766,3.9449198246002197,-0.2895395289358751,1.238679552294592,-0.13480775890604912,-0.09874523195932104,0.09809728888304875,-0.0012457816414634423,0.18200501799583435,0.04372326284646988,0.007551619783043856,0.18232037142547933,0.04425474673868743,0.0032198624457226393
15.999999999999703,1.4646213054656982,-0.2101658433675766,3.9449198246002197,-0.2895395289358751,1.238679552294592,-0.13480775890604912,-0.09874523195932104,0.09809728888304875,-0.0012457816414634423,0.18200501799583435,0.04372326284646988,0.007551619783043856,0.18232037142547933,0.04425474673868743,0.0032198624457226393
16.009999999999703,1.4564861059188843,-0.1775340735912323,3.9365947246551514,-0.2604195565288125,1.243107089795561,-0.14258828616373942,-0.09113656731372075,0.0998839645510924,-0.001132466325195142,0.1928299367427826,0.045307330787181854,0.008047679439187045,0.19321986689571316,0.04585172549142169,0.003910330216043737
16.019999999999705,1.4564861059188843,-0.1775340735912323,3.9365947246551514,-0.2604195565288125,1.243107089795561,-0.14258828616373942,-0.09113656731372075,0.0998839645510924,-0.001132466325195142,0.1928299367427826,0.045307330787181854,0.008047679439187045,0.19321986689571316,0.04585172549142169,0.003910330216043737
16.029999999999706,1.4564861059188843,-0.1775340735912323,3.9365947246551514,-0.2604195565288125,1.243107089795561,-0.14258828616373942,-0.09113656731372075,0.0998839645510924,-0.001132466325195142,0.1928299367427826,0.045307330787181854,0.008047679439187045,0.19321986689571316,0.04585172549142169,0.003910330216043737
16.039999999999708,1.4564861059188843,-0.1775340735912323,3.9365947246551514,-0.2604195565288125,1.243107089795561,-0.14258828616373942,-0.09113656731372075,0.0998839645510924,-0.001132466325195142,0.1928299367427826,0.045307330787181854,0.008047679439187045,0.19321986689571316,0.04585172549142169,0.003910330216043737
16.04999999999971,1.446181058883667,-0.1302710920572281,3.925013303756714,-0.21911279677556797,1.2475465260892475,-0.14830122018254305,-0.08420013781351382,0.10155066784985496,-0.0010280220902767225,0.1919611096382141,0.0496228002011776,0.0056668114848434864,0.1921112533209182,0.04992358233818822,0.0014810543063444829
16.05999999999971,1.446181058883667,-0.1302710920572281,3.925013303756714,-0.21911279677556797,1.2475465260892475,-0.14830122018254305,-0.08420013781351382,0.10155066784985496,-0.0010280220902767225,0.1919611096382141,0.0496228002011776,0.0056668114848434864,0.1921112533209182,0.04992358233818822,0.0014810543063444829
16.069999999999713,1.446181058883667,-0.1302710920572281,3.925013303756714,-0.21911279677556797,1.2475465260892475,-0.14830122018254305,-0.08420013781351382,0.10155066784985496,-0.0010280220902767225,0.1919611096382141,0.0496228002011776,0.0056668114848434864,0.1921112533209182,0.04992358233818822,0.0014810543063444829
16.079999999999714,1.439103603363037,-0.09206482023000717,3.916046142578125,-0.18510814608148413,1.249220443386415,-0.14966491477475896,-0.0796045738726433,0.10264357049121307,-0.0009445434763743773,0.18988637626171112,0.04315778985619545,0.0074019194580614515,0.19029289280293957,0.04360972353803884,0.003967430600435184
16.089999999999716,1.439103603363037,-0.09206482023000717,3.916046142578125,-0.18510814608148413,1.249220443386415,-0.14966491477475896,-0.0796045738726433,0.10264357049121307,-0.0009445434763743773,0.18988637626171112,0.04315778985619545,0.0074019194580614515,0.19029289280293957,0.04360972353803884,0.003967430600435184
16.099999999999717,1.439103603363037,-0.09206482023000717,3.916046142578125,-0.18510814608148413,1.249220443386415,-0.14966491477475896,-0.0796045738726433,0.10264357049121307,-0.0009445434763743773,0.18988637626171112,0.04315778985619545,0.0074019194580614515,0.19029289280293957,0.04360972353803884,0.003967430600435184
16.10999999999972,1.4337918758392334,-0.058601923286914825,3.9081242084503174,-0.15568598654284493,1.2490983651643788,-0.15473761057855867,-0.0721830914676833,0.104469972752187,-0.0007769200887429957,0.18191304802894592,0.04182184487581253,0.008416512049734587,0.18247698091303236,0.042319940350315194,0.005407869538309213
16.11999999999972,1.4337918758392334,-0.058601923286914825,3.9081242084503174,-0.15568598654284493,1.2490983651643788,-0.15473761057855867,-0.0721830914676833,0.104469972752187,-0.0007769200887429957,0.18191304802894592,0.04182184487581253,0.008416512049734587,0.18247698091303236,0.042319940350315194,0.005407869538309213
16.129999999999722,1.4337918758392334,-0.058601923286914825,3.9081242084503174,-0.15568598654284493,1.2490983651643788,-0.15473761057855867,-0.0721830914676833,0.104469972752187,-0.0007769200887429957,0.18191304802894592,0.04182184487581253,0.008416512049734587,0.18247698091303236,0.042319940350315194,0.005407869538309213
16.139999999999723,1.4275933504104614,-0.010500602424144745,3.8972678184509277,-0.11428966299602877,1.2460022305978633,-0.15605982275146077,-0.06551659687991589,0.10587345356732816,-0.0005974569348670071,0.18542827665805817,0.03583201393485069,0.005707263946533199,0.18578418898892377,0.0361287913970801,0.003367965284302208
16.149999999999725,1.4275933504104614,-0.010500602424144745,3.8972678184509277,-0.11428966299602877,1.2460022305978633,-0.15605982275146077,-0.06551659687991589,0.10587345356732816,-0.0005974569348670071,0.18542827665805817,0.03583201393485069,0.005707263946533199,0.18578418898892377,0.0361287913970801,0.003367965284302208
16.159999999999727,1.4275933504104614,-0.010500602424144745,3.8972678184509277,-0.11428966299602877,1.2460022305978633,-0.15605982275146077,-0.06551659687991589,0.10587345356732816,-0.0005974569348670071,0.18542827665805817,0.03583201393485069,0.005707263946533199,0.18578418898892377,0.0361287913970801,0.003367965284302208
16.169999999999728,1.4275933504104614,-0.010500602424144745,3.8972678184509277,-0.11428966299602877,1.2460022305978633,-0.15605982275146077,-0.06551659687991589,0.10587345356732816,-0.0005974569348670071,0.18542827665805817,0.03583201393485069,0.005707263946533199,0.18578418898892377,0.0361287913970801,0.003367965284302208
16.17999999999973,1.4237937927246094,0.02805449813604355,3.8888497352600098,-0.08073273405828077,1.2413697665175456,-0.15693691744455135,-0.06101201795540416,0.10663327407233449,-0.000549828367798997,0.18806105852127075,0.03237420693039894,0.003666676115244623,0.1882415121131685,0.03253754221393851,0.0016954935214840974
16.18999999999973,1.4237937927246094,0.02805449813604355,3.8888497352600098,-0.08073273405828077,1.2413697665175456,-0.15693691744455135,-0.06101201795540416,0.10663327407233449,-0.000549828367798997,0.18806105852127075,0.03237420693039894,0.003666676115244623,0.1882415121131685,0.03253754221393851,0.0016954935214840974
16.199999999999733,1.4237937927246094,0.02805449813604355,3.8888497352600098,-0.08073273405828077,1.2413697665175456,-0.15693691744455135,-0.06101201795540416,0.10663327407233449,-0.000549828367798997,0.18806105852127075,0.03237420693039894,0.003666676115244623,0.1882415121131685,0.03253754221393851,0.0016954935214840974
16.209999999999734,1.4213495254516602,0.06165751814842224,3.881498336791992,-0.051528258564302265,1.2364035291593058,-0.1629377374372806,-0.05324023674036388,0.10791104680517533,-0.00046369300956533094,0.19228091835975647,0.029872672632336617,0.0023966571316122974,0.19236797215597978,0.029957883567385105,0.0008082859219951595
16.219999999999736,1.4213495254516602,0.06165751814842224,3.881498336791992,-0.051528258564302265,1.2364035291593058,-0.1629377374372806,-0.05324023674036388,0.10791104680517533,-0.00046369300956533094,0.19228091835975647,0.029872672632336617,0.0023966571316122974,0.19236797215597978,0.029957883567385105,0.0008082859219951595
16.229999999999738,1.4213495254516602,0.06165751814842224,3.881498336791992,-0.051528258564302265,1.2364035291593058,-0.1629377374372806,-0.05324023674036388,0.10791104680517533,-0.00046369300956533094,0.19228091835975647,0.029872672632336617,0.0023966571316122974,0.19236797215597978,0.029957883567385105,0.0008082859219951595
16.23999999999974,1.4213495254516602,0.06165751814842224,3.881498336791992,-0.051528258564302265,1.2364035291593058,-0.1629377374372806,-0.05324023674036388,0.10791104680517533,-0.00046369300956533094,0.19228091835975647,0.029872672632336617,0.0023966571316122974,0.19236797215597978,0.029957883567385105,0.0008082859219951595
16.24999999999974,1.419245719909668,0.1096540316939354,3.8711864948272705,-0.010690499045525135,1.2265916375291803,-0.1669434455687972,-0.04555770504847516,0.10909683998870161,-0.00040829735453738796,0.18905144929885864,0.0250202938914299,0.002173907821997997,0.18916450569467444,0.025093337511677815,0.0010383524958926004
16.259999999999742,1.419245719909668,0.1096540316939354,3.8711864948272705,-0.010690499045525135,1.2265916375291803,-0.1669434455687972,-0.04555770504847516,0.10909683998870161,-0.00040829735453738796,0.18905144929885864,0.0250202938914299,0.002173907821997997,0.18916450569467444,0.025093337511677815,0.0010383524958926004
16.269999999999744,1.419245719909668,0.1096540316939354,3.8711864948272705,-0.010690499045525135,1.2265916375291803,-0.1669434455687972,-0.04555770504847516,0.10909683998870161,-0.00040829735453738796,0.18905144929885864,0.0250202938914299,0.002173907821997997,0.18916450569467444,0.025093337511677815,0.0010383524958926004
16.279999999999745,1.4187192916870117,0.14790832996368408,3.863151788711548,0.022157539924312384,1.2167976502604287,-0.16777723842351977,-0.04169275178899063,0.10973123072463313,-0.0003451587069433291,0.19271047413349152,0.03228612616658211,0.0037300190888345203,0.1929728056433122,0.032413538687012015,0.0023954775837290217
16.289999999999747,1.4187192916870117,0.14790832996368408,3.863151788711548,0.022157539924312384,1.2167976502604287,-0.16777723842351977,-0.04169275178899063,0.10973123072463313,-0.0003451587069433291,0.19271047413349152,0.03228612616658211,0.0037300190888345203,0.1929728056433122,0.032413538687012015,0.0023954775837290217
16.29999999999975,1.4187192916870117,0.14790832996368408,3.863151788711548,0.022157539924312384,1.2167976502604287,-0.16777723842351977,-0.04169275178899063,0.10973123072463313,-0.0003451587069433291,0.19271047413349152,0.03228612616658211,0.0037300190888345203,0.1929728056433122,0.032413538687012015,0.0023954775837290217
16.30999999999975,1.419105052947998,0.18113179504871368,3.855940818786621,0.050986294568245535,1.2063712714181551,-0.17355094242191568,-0.0337670720164932,0.11108208065175308,-0.0002395953469873615,0.20041152834892273,0.033623311668634415,0.00346497073769569,0.20067117966888418,0.03372112426837552,0.0023422866314668253
16.31999999999975,1.419105052947998,0.18113179504871368,3.855940818786621,0.050986294568245535,1.2063712714181551,-0.17355094242191568,-0.0337670720164932,0.11108208065175308,-0.0002395953469873615,0.20041152834892273,0.033623311668634415,0.00346497073769569,0.20067117966888418,0.03372112426837552,0.0023422866314668253
16.329999999999753,1.419105052947998,0.18113179504871368,3.855940818786621,0.050986294568245535,1.2063712714181551,-0.17355094242191568,-0.0337670720164932,0.11108208065175308,-0.0002395953469873615,0.20041152834892273,0.033623311668634415,0.00346497073769569,0.20067117966888418,0.03372112426837552,0.0023422866314668253
16.339999999999755,1.419105052947998,0.18113179504871368,3.855940818786621,0.050986294568245535,1.2063712714181551,-0.17355094242191568,-0.0337670720164932,0.11108208065175308,-0.0002395953469873615,0.20041152834892273,0.033623311668634415,0.00346497073769569,0.20067117966888418,0.03372112426837552,0.0023422866314668253
16.349999999999756,1.4210532903671265,0.22825363278388977,3.8458611965179443,0.09247919435288696,1.1884817114922044,-0.17784744457067098,-0.025558404285025527,0.11241834735314819,-0.0002617920698370693,0.2040601372718811,0.030252767726778984,0.0008627267088741027,0.20407022061572497,0.030264934743692483,8.988402807876088e-05
16.359999999999758,1.4210532903671265,0.22825363278388977,3.8458611965179443,0.09247919435288696,1.1884817114922044,-0.17784744457067098,-0.025558404285025527,0.11241834735314819,-0.0002617920698370693,0.2040601372718811,0.030252767726778984,0.0008627267088741027,0.20407022061572497,0.030264934743692483,8.988402807876088e-05
16.36999999999976,1.4210532903671265,0.22825363278388977,3.8458611965179443,0.09247919435288696,1.1884817114922044,-0.17784744457067098,-0.025558404285025527,0.11241834735314819,-0.0002617920698370693,0.2040601372718811,0.030252767726778984,0.0008627267088741027,0.20407022061572497,0.030264934743692483,8.988402807876088e-05
16.37999999999976,1.4238160848617554,0.2655410170555115,3.837813138961792,0.12601283112716113,1.1728058866169404,-0.17851069683258766,-0.0214175413180734,0.11318099912317199,-0.00023655788246838385,0.20725560188293457,0.038492657244205475,0.002294676844030614,0.20742266879030943,0.03853297165644131,0.0014792600223914767
16.389999999999763,1.4238160848617554,0.2655410170555115,3.837813138961792,0.12601283112716113,1.1728058866169404,-0.17851069683258766,-0.0214175413180734,0.11318099912317199,-0.00023655788246838385,0.20725560188293457,0.038492657244205475,0.002294676844030614,0.20742266879030943,0.03853297165644131,0.0014792600223914767
16.399999999999764,1.4238160848617554,0.2655410170555115,3.837813138961792,0.12601283112716113,1.1728058866169404,-0.17851069683258766,-0.0214175413180734,0.11318099912317199,-0.00023655788246838385,0.20725560188293457,0.038492657244205475,0.002294676844030614,0.20742266879030943,0.03853297165644131,0.0014792600223914767
16.409999999999766,1.4274497032165527,0.29735317826271057,3.8288705348968506,0.1561524089076949,1.1564766778696005,-0.18398788375413105,-0.013279238529977136,0.11453785358884466,-0.00020389830924652278,0.20250779390335083,0.0331871435046196,-0.0007871082052588503,0.20236655464327272,0.03317376557702025,-0.0012358233257607329
16.419999999999767,1.4274497032165527,0.29735317826271057,3.8288705348968506,0.1561524089076949,1.1564766778696005,-0.18398788375413105,-0.013279238529977136,0.11453785358884466,-0.00020389830924652278,0.20250779390335083,0.0331871435046196,-0.0007871082052588503,0.20236655464327272,0.03317376557702025,-0.0012358233257607329
16.42999999999977,1.4274497032165527,0.29735317826271057,3.8288705348968506,0.1561524089076949,1.1564766778696005,-0.18398788375413105,-0.013279238529977136,0.11453785358884466,-0.00020389830924652278,0.20250779390335083,0.0331871435046196,-0.0007871082052588503,0.20236655464327272,0.03317376557702025,-0.0012358233257607329
16.43999999999977,1.4274497032165527,0.29735317826271057,3.8288705348968506,0.1561524089076949,1.1564766778696005,-0.18398788375413105,-0.013279238529977136,0.11453785358884466,-0.00020389830924652278,0.20250779390335083,0.0331871435046196,-0.0007871082052588503,0.20236655464327272,0.03317376557702025,-0.0012358233257607329
16.449999999999772,1.4339971542358398,0.3422674238681793,3.816843271255493,0.1981344545920695,1.1316520271826036,-0.18639168762553035,-0.006025449816320715,0.11556308437744729,-0.00017528821687307642,0.20085635781288147,0.02601376548409462,0.00175353302620351,0.20104170988556588,0.026023859018363724,0.0016074793680282845
16.459999999999773,1.4339971542358398,0.3422674238681793,3.816843271255493,0.1981344545920695,1.1316520271826036,-0.18639168762553035,-0.006025449816320715,0.11556308437744729,-0.00017528821687307642,0.20085635781288147,0.02601376548409462,0.00175353302620351,0.20104170988556588,0.026023859018363724,0.0016074793680282845
16.469999999999775,1.4339971542358398,0.3422674238681793,3.816843271255493,0.1981344545920695,1.1316520271826036,-0.18639168762553035,-0.006025449816320715,0.11556308437744729,-0.00017528821687307642,0.20085635781288147,0.02601376548409462,0.00175353302620351,0.20104170988556588,0.026023859018363724,0.0016074793680282845
16.479999999999777,1.4404017925262451,0.37763357162475586,3.8077714443206787,0.23172678656787635,1.110490255855898,-0.18431085808940847,-0.0012472551033020315,0.11607430864098818,-0.00018147524112549032,0.1971418410539627,0.01945502683520317,-0.00043636237387545645,0.19708813261994154,0.01945446744758808,-0.0004637479988425152
16.489999999999778,1.4404017925262451,0.37763357162475586,3.8077714443206787,0.23172678656787635,1.110490255855898,-0.18431085808940847,-0.0012472551033020315,0.11607430864098818,-0.00018147524112549032,0.1971418410539627,0.01945502683520317,-0.00043636237387545645,0.19708813261994154,0.01945446744758808,-0.0004637479988425152
16.49999999999978,1.4404017925262451,0.37763357162475586,3.8077714443206787,0.23172678656787635,1.110490255855898,-0.18431085808940847,-0.0012472551033020315,0.11607430864098818,-0.00018147524112549032,0.1971418410539627,0.01945502683520317,-0.00043636237387545645,0.19708813261994154,0.01945446744758808,-0.0004637479988425152
16.50999999999978,1.446903109550476,0.4080410599708557,3.7998154163360596,0.2608466751440455,1.0902767687747745,-0.18531644877714945,0.006542015786700295,0.11651873547464194,-7.675935319148298e-05,0.19236135482788086,0.01019449532032013,0.004679485224187373,0.19291687805748048,0.01016366412139645,0.004778478260438182
16.519999999999783,1.446903109550476,0.4080410599708557,3.7998154163360596,0.2608466751440455,1.0902767687747745,-0.18531644877714945,0.006542015786700295,0.11651873547464194,-7.675935319148298e-05,0.19236135482788086,0.01019449532032013,0.004679485224187373,0.19291687805748048,0.01016366412139645,0.004778478260438182
16.529999999999784,1.446903109550476,0.4080410599708557,3.7998154163360596,0.2608466751440455,1.0902767687747745,-0.18531644877714945,0.006542015786700295,0.11651873547464194,-7.675935319148298e-05,0.19236135482788086,0.01019449532032013,0.004679485224187373,0.19291687805748048,0.01016366412139645,0.004778478260438182
16.539999999999786,1.4575577974319458,0.4506583511829376,3.78900146484375,0.3019011656404433,1.0592607173380622,-0.18251371379491826,0.014141919866751741,0.11680067068364196,-2.996336396676577e-05,0.19136643409729004,0.008717500604689121,0.00040897668804973255,0.19142888127017305,0.008710845372988975,0.0005358649656406068
16.549999999999788,1.4575577974319458,0.4506583511829376,3.78900146484375,0.3019011656404433,1.0592607173380622,-0.18251371379491826,0.014141919866751741,0.11680067068364196,-2.996336396676577e-05,0.19136643409729004,0.008717500604689121,0.00040897668804973255,0.19142888127017305,0.008710845372988975,0.0005358649656406068
16.55999999999979,1.4575577974319458,0.4506583511829376,3.78900146484375,0.3019011656404433,1.0592607173380622,-0.18251371379491826,0.014141919866751741,0.11680067068364196,-2.996336396676577e-05,0.19136643409729004,0.008717500604689121,0.00040897668804973255,0.19142888127017305,0.008710845372988975,0.0005358649656406068
16.56999999999979,1.4575577974319458,0.4506583511829376,3.78900146484375,0.3019011656404433,1.0592607173380622,-0.18251371379491826,0.014141919866751741,0.11680067068364196,-2.996336396676577e-05,0.19136643409729004,0.008717500604689121,0.00040897668804973255,0.19142888127017305,0.008710845372988975,0.0005358649656406068
16.579999999999792,1.4672353267669678,0.48394834995269775,3.7808775901794434,0.334114428111271,1.0330674776853621,-0.17822754240959757,0.01798591686779496,0.11691189153098813,-3.288198013448465e-05,0.19234833121299744,0.0045144278556108475,-0.00023729729582555646,0.1923300015164564,0.004517965461253228,-0.00015713987024137724
16.589999999999794,1.4672353267669678,0.48394834995269775,3.7808775901794434,0.334114428111271,1.0330674776853621,-0.17822754240959757,0.01798591686779496,0.11691189153098813,-3.288198013448465e-05,0.19234833121299744,0.0045144278556108475,-0.00023729729582555646,0.1923300015164564,0.004517965461253228,-0.00015713987024137724
16.599999999999795,1.4672353267669678,0.48394834995269775,3.7808775901794434,0.334114428111271,1.0330674776853621,-0.17822754240959757,0.01798591686779496,0.11691189153098813,-3.288198013448465e-05,0.19234833121299744,0.0045144278556108475,-0.00023729729582555646,0.1923300015164564,0.004517965461253228,-0.00015713987024137724
16.609999999999797,1.4765583276748657,0.5123829245567322,3.773733139038086,0.3620958071680869,1.0082172153315179,-0.17909700599463735,0.025812877482304708,0.11712708485768347,-9.061825279593965e-05,0.195998877286911,0.004110367503017187,-0.003463700879365206,0.1956039374207076,0.00419839635850102,-0.0033796139286044495
16.6199999999998,1.4765583276748657,0.5123829245567322,3.773733139038086,0.3620958071680869,1.0082172153315179,-0.17909700599463735,0.025812877482304708,0.11712708485768347,-9.061825279593965e-05,0.195998877286911,0.004110367503017187,-0.003463700879365206,0.1956039374207076,0.00419839635850102,-0.0033796139286044495
16.6299999999998,1.4765583276748657,0.5123829245567322,3.773733139038086,0.3620958071680869,1.0082172153315179,-0.17909700599463735,0.025812877482304708,0.11712708485768347,-9.061825279593965e-05,0.195998877286911,0.004110367503017187,-0.003463700879365206,0.1956039374207076,0.00419839635850102,-0.0033796139286044495
16.6399999999998,1.4912124872207642,0.5519099235534668,3.764110565185547,0.402069682634513,0.9708943229783944,-0.17596505963823453,0.03269609452037972,0.11722975865611847,-6.04924957933134e-05,0.18876969814300537,0.006146641448140144,3.042201569768779e-06,0.18879372033835543,0.006143256804251344,0.00020538561262601414
16.649999999999803,1.4912124872207642,0.5519099235534668,3.764110565185547,0.402069682634513,0.9708943229783944,-0.17596505963823453,0.03269609452037972,0.11722975865611847,-6.04924957933134e-05,0.18876969814300537,0.006146641448140144,3.042201569768779e-06,0.18879372033835543,0.006143256804251344,0.00020538561262601414
16.659999999999805,1.4912124872207642,0.5519099235534668,3.764110565185547,0.402069682634513,0.9708943229783944,-0.17596505963823453,0.03269609452037972,0.11722975865611847,-6.04924957933134e-05,0.18876969814300537,0.006146641448140144,3.042201569768779e-06,0.18879372033835543,0.006143256804251344,0.00020538561262601414
16.669999999999806,1.4912124872207642,0.5519099235534668,3.764110565185547,0.402069682634513,0.9708943229783944,-0.17596505963823453,0.03269609452037972,0.11722975865611847,-6.04924957933134e-05,0.18876969814300537,0.006146641448140144,3.042201569768779e-06,0.18879372033835543,0.006143256804251344,0.00020538561262601414
16.679999999999808,1.504075527191162,0.582520067691803,3.7564327716827393,0.4338175474128376,0.9396434908636966,-0.17276413567258633,0.03716060366999013,0.11735794226717126,-9.281044715358266e-06,0.18564611673355103,0.005069288425147533,0.0031311206985265012,0.18603722468694167,0.004949461153172936,0.0033402697032595
16.68999999999981,1.504075527191162,0.582520067691803,3.7564327716827393,0.4338175474128376,0.9396434908636966,-0.17276413567258633,0.03716060366999013,0.11735794226717126,-9.281044715358266e-06,0.18564611673355103,0.005069288425147533,0.0031311206985265012,0.18603722468694167,0.004949461153172936,0.0033402697032595
16.69999999999981,1.504075527191162,0.582520067691803,3.7564327716827393,0.4338175474128376,0.9396434908636966,-0.17276413567258633,0.03716060366999013,0.11735794226717126,-9.281044715358266e-06,0.18564611673355103,0.005069288425147533,0.0031311206985265012,0.18603722468694167,0.004949461153172936,0.0033402697032595
16.709999999999813,1.5161513090133667,0.6085135340690613,3.7497410774230957,0.46087270852930523,0.9102201913480306,-0.17355630058168153,0.04457197115631407,0.117643578351195,4.9551907595783766e-05,0.18217340111732483,0.007376499939709902,0.0017171050421893588,0.18241498908428386,0.007292664434257199,0.0020583030101401128
16.719999999999814,1.5161513090133667,0.6085135340690613,3.7497410774230957,0.46087270852930523,0.9102201913480306,-0.17355630058168153,0.04457197115631407,0.117643578351195,4.9551907595783766e-05,0.18217340111732483,0.007376499939709902,0.0017171050421893588,0.18241498908428386,0.007292664434257199,0.0020583030101401128
16.729999999999816,1.5161513090133667,0.6085135340690613,3.7497410774230957,0.46087270852930523,0.9102201913480306,-0.17355630058168153,0.04457197115631407,0.117643578351195,4.9551907595783766e-05,0.18217340111732483,0.007376499939709902,0.0017171050421893588,0.18241498908428386,0.007292664434257199,0.0020583030101401128
16.739999999999817,1.5346927642822266,0.6442869305610657,3.7400665283203125,0.49934749210821694,0.8670199626760493,-0.17008613529086478,0.05098008648751741,0.11805240138307603,0.00010481972908656242,0.17479388415813446,0.009688002988696098,0.0007011556299403298,0.1749354884188622,0.009639686810987726,0.0012022940901073769
16.74999999999982,1.5346927642822266,0.6442869305610657,3.7400665283203125,0.49934749210821694,0.8670199626760493,-0.17008613529086478,0.05098008648751741,0.11805240138307603,0.00010481972908656242,0.17479388415813446,0.009688002988696098,0.0007011556299403298,0.1749354884188622,0.009639686810987726,0.0012022940901073769
16.75999999999982,1.5346927642822266,0.6442869305610657,3.7400665283203125,0.49934749210821694,0.8670199626760493,-0.17008613529086478,0.05098008648751741,0.11805240138307603,0.00010481972908656242,0.17479388415813446,0.009688002988696098,0.0007011556299403298,0.1749354884188622,0.009639686810987726,0.0012022940901073769
16.769999999999822,1.5346927642822266,0.6442869305610657,3.7400665283203125,0.49934749210821694,0.8670199626760493,-0.17008613529086478,0.05098008648751741,0.11805240138307603,0.00010481972908656242,0.17479388415813446,0.009688002988696098,0.0007011556299403298,0.1749354884188622,0.009639686810987726,0.0012022940901073769
16.779999999999824,1.5506315231323242,0.6716803908348083,3.732595443725586,0.529852989307191,0.8313542240504093,-0.16528668365757287,0.05514669113571581,0.11827853947179953,0.00013479368753313098,0.17172902822494507,0.01152029912918806,-0.0005331034772098079,0.17174123136860303,0.011532170039857676,0.00010341388643971782
16.789999999999825,1.5506315231323242,0.6716803908348083,3.732595443725586,0.529852989307191,0.8313542240504093,-0.16528668365757287,0.05514669113571581,0.11827853947179953,0.00013479368753313098,0.17172902822494507,0.01152029912918806,-0.0005331034772098079,0.17174123136860303,0.011532170039857676,0.00010341388643971782
16.799999999999827,1.5506315231323242,0.6716803908348083,3.732595443725586,0.529852989307191,0.8313542240504093,-0.16528668365757287,0.05514669113571581,0.11827853947179953,0.00013479368753313098,0.17172902822494507,0.01152029912918806,-0.0005331034772098079,0.17174123136860303,0.011532170039857676,0.00010341388643971782
16.809999999999828,1.5651285648345947,0.6953485012054443,3.7244579792022705,0.5568895903099423,0.7992496213824988,-0.1624297309174701,0.061155704056847456,0.1187113539146184,0.00013846583791784651,0.1628691405057907,0.008588165044784546,0.0003033548418898125,0.162967859171828,0.008553569777398951,0.0008335421013653637
16.81999999999983,1.5651285648345947,0.6953485012054443,3.7244579792022705,0.5568895903099423,0.7992496213824988,-0.1624297309174701,0.061155704056847456,0.1187113539146184,0.00013846583791784651,0.1628691405057907,0.008588165044784546,0.0003033548418898125,0.162967859171828,0.008553569777398951,0.0008335421013653637
16.82999999999983,1.5651285648345947,0.6953485012054443,3.7244579792022705,0.5568895903099423,0.7992496213824988,-0.1624297309174701,0.061155704056847456,0.1187113539146184,0.00013846583791784651,0.1628691405057907,0.008588165044784546,0.0003033548418898125,0.162967859171828,0.008553569777398951,0.0008335421013653637
16.839999999999833,1.5651285648345947,0.6953485012054443,3.7244579792022705,0.5568895903099423,0.7992496213824988,-0.1624297309174701,0.061155704056847456,0.1187113539146184,0.00013846583791784651,0.1628691405057907,0.008588165044784546,0.0003033548418898125,0.162967859171828,0.008553569777398951,0.0008335421013653637
16.849999999999834,1.5871978998184204,0.7274923920631409,3.7136688232421875,0.5947201629684806,0.7517379287339541,-0.15451394160798937,0.06760126312901076,0.11923538899329963,0.0001914893719498778,0.15931567549705505,0.01216098666191101,-0.0006934510893188432,0.15933120263704695,0.012180052281624961,0.0001305316567500129
16.859999999999836,1.5871978998184204,0.7274923920631409,3.7136688232421875,0.5947201629684806,0.7517379287339541,-0.15451394160798937,0.06760126312901076,0.11923538899329963,0.0001914893719498778,0.15931567549705505,0.01216098666191101,-0.0006934510893188432,0.15933120263704695,0.012180052281624961,0.0001305316567500129
16.869999999999838,1.5871978998184204,0.7274923920631409,3.7136688232421875,0.5947201629684806,0.7517379287339541,-0.15451394160798937,0.06760126312901076,0.11923538899329963,0.0001914893719498778,0.15931567549705505,0.01216098666191101,-0.0006934510893188432,0.15933120263704695,0.012180052281624961,0.0001305316567500129
16.87999999999984,1.6059942245483398,0.7517523169517517,3.705630302429199,0.624852181202839,0.7124808095302103,-0.14487635289853185,0.07138343676621244,0.11957057170490384,0.00013441937394309734,0.15781278908252716,0.013968078419566154,-0.00420521851629019,0.1574285375919612,0.01423243377304249,-0.003221266149957379
16.88999999999984,1.6059942245483398,0.7517523169517517,3.705630302429199,0.624852181202839,0.7124808095302103,-0.14487635289853185,0.07138343676621244,0.11957057170490384,0.00013441937394309734,0.15781278908252716,0.013968078419566154,-0.00420521851629019,0.1574285375919612,0.01423243377304249,-0.003221266149957379
16.899999999999842,1.6059942245483398,0.7517523169517517,3.705630302429199,0.624852181202839,0.7124808095302103,-0.14487635289853185,0.07138343676621244,0.11957057170490384,0.00013441937394309734,0.15781278908252716,0.013968078419566154,-0.00420521851629019,0.1574285375919612,0.01423243377304249,-0.003221266149957379
16.909999999999844,1.623239278793335,0.7719783782958984,3.6986308097839355,0.6507647660509059,0.6769235220505307,-0.1385339143128907,0.07762686418347993,0.11998620672432567,6.509057706701486e-05,0.1521303504705429,0.010911338031291962,-0.0027775825001299394,0.15189849663528243,0.011093877594823087,-0.0019369817475014411
16.919999999999845,1.623239278793335,0.7719783782958984,3.6986308097839355,0.6507647660509059,0.6769235220505307,-0.1385339143128907,0.07762686418347993,0.11998620672432567,6.509057706701486e-05,0.1521303504705429,0.010911338031291962,-0.0027775825001299394,0.15189849663528243,0.011093877594823087,-0.0019369817475014411
16.929999999999847,1.623239278793335,0.7719783782958984,3.6986308097839355,0.6507647660509059,0.6769235220505307,-0.1385339143128907,0.07762686418347993,0.11998620672432567,6.509057706701486e-05,0.1521303504705429,0.010911338031291962,-0.0027775825001299394,0.15189849663528243,0.011093877594823087,-0.0019369817475014411
16.93999999999985,1.6492093801498413,0.799049973487854,3.6893742084503174,0.6882721654495961,0.6249617204126932,-0.12760309466132969,0.0835980649623572,0.12029156531982368,4.2946398205517454e-05,0.146418035030365,0.005109022371470928,-0.0017941111000254757,0.14625349512241673,0.005240989795904125,-0.0013711468090476283
16.94999999999985,1.6492093801498413,0.799049973487854,3.6893742084503174,0.6882721654495961,0.6249617204126932,-0.12760309466132969,0.0835980649623572,0.12029156531982368,4.2946398205517454e-05,0.146418035030365,0.005109022371470928,-0.0017941111000254757,0.14625349512241673,0.005240989795904125,-0.0013711468090476283
16.95999999999985,1.6492093801498413,0.799049973487854,3.6893742084503174,0.6882721654495961,0.6249617204126932,-0.12760309466132969,0.0835980649623572,0.12029156531982368,4.2946398205517454e-05,0.146418035030365,0.005109022371470928,-0.0017941111000254757,0.14625349512241673,0.005240989795904125,-0.0013711468090476283
16.969999999999853,1.6492093801498413,0.799049973487854,3.6893742084503174,0.6882721654495961,0.6249617204126932,-0.12760309466132969,0.0835980649623572,0.12029156531982368,4.2946398205517454e-05,0.146418035030365,0.005109022371470928,-0.0017941111000254757,0.14625349512241673,0.005240989795904125,-0.0013711468090476283
16.979999999999855,1.6766953468322754,0.8239834308624268,3.6805062294006348,0.7239452750284242,0.5722519781519506,-0.11483390402501073,0.0864608133850579,0.12036929675352624,2.1086419061382063e-05,0.14283387362957,0.003331905696541071,-0.0015466439072042708,0.14268230057456846,0.00345301721252135,-0.0012622794727669133
16.989999999999856,1.6766953468322754,0.8239834308624268,3.6805062294006348,0.7239452750284242,0.5722519781519506,-0.11483390402501073,0.0864608133850579,0.12036929675352624,2.1086419061382063e-05,0.14283387362957,0.003331905696541071,-0.0015466439072042708,0.14268230057456846,0.00345301721252135,-0.0012622794727669133
16.999999999999858,1.6766953468322754,0.8239834308624268,3.6805062294006348,0.7239452750284242,0.5722519781519506,-0.11483390402501073,0.0864608133850579,0.12036929675352624,2.1086419061382063e-05,0.14283387362957,0.003331905696541071,-0.0015466439072042708,0.14268230057456846,0.00345301721252135,-0.0012622794727669133
17.00999999999986,1.6909806728363037,0.8356398344039917,3.6762914657592773,0.742393302471491,0.5448200792243535,-0.110698679104651,0.09132978352945686,0.12034596782946146,-3.0034289106541205e-05,0.13003882765769958,-0.002276921179145575,-0.002667492255568504,0.12969247868721778,-0.002024148779148079,-0.0028849028265761022
17.01999999999986,1.6909806728363037,0.8356398344039917,3.6762914657592773,0.742393302471491,0.5448200792243535,-0.110698679104651,0.09132978352945686,0.12034596782946146,-3.0034289106541205e-05,0.13003882765769958,-0.002276921179145575,-0.002667492255568504,0.12969247868721778,-0.002024148779148079,-0.0028849028265761022
17.029999999999863,1.6909806728363037,0.8356398344039917,3.6762914657592773,0.742393302471491,0.5448200792243535,-0.110698679104651,0.09132978352945686,0.12034596782946146,-3.0034289106541205e-05,0.13003882765769958,-0.002276921179145575,-0.002667492255568504,0.12969247868721778,-0.002024148779148079,-0.0028849028265761022
17.039999999999864,1.6909806728363037,0.8356398344039917,3.6762914657592773,0.742393302471491,0.5448200792243535,-0.110698679104651,0.09132978352945686,0.12034596782946146,-3.0034289106541205e-05,0.13003882765769958,-0.002276921179145575,-0.002667492255568504,0.12969247868721778,-0.002024148779148079,-0.0028849028265761022
17.049999999999866,1.7206782102584839,0.8572887778282166,3.6679179668426514,0.778488735966331,0.4896267432899745,-0.09941266466640934,0.09693025544325595,0.12021451511907544,1.1020420286141269e-05,0.12519729137420654,-0.002010255353525281,0.0017055439529940488,0.12537884783451259,-0.002165879151641336,0.0015139144661227997
17.059999999999867,1.7206782102584839,0.8572887778282166,3.6679179668426514,0.778488735966331,0.4896267432899745,-0.09941266466640934,0.09693025544325595,0.12021451511907544,1.1020420286141269e-05,0.12519729137420654,-0.002010255353525281,0.0017055439529940488,0.12537884783451259,-0.002165879151641336,0.0015139144661227997
17.06999999999987,1.7206782102584839,0.8572887778282166,3.6679179668426514,0.778488735966331,0.4896267432899745,-0.09941266466640934,0.09693025544325595,0.12021451511907544,1.1020420286141269e-05,0.12519729137420654,-0.002010255353525281,0.0017055439529940488,0.12537884783451259,-0.002165879151641336,0.0015139144661227997
17.07999999999987,1.7455252408981323,0.872930109500885,3.6617069244384766,0.80740640444276,0.4441511135723071,-0.0892646578548953,0.09894511478765242,0.12023915968030378,4.024004586714072e-05,0.12542232871055603,0.0008265938377007843,0.0012103678891435266,0.12557771809296178,0.0007029862305178204,0.001295455139887697
17.089999999999872,1.7455252408981323,0.872930109500885,3.6617069244384766,0.80740640444276,0.4441511135723071,-0.0892646578548953,0.09894511478765242,0.12023915968030378,4.024004586714072e-05,0.12542232871055603,0.0008265938377007843,0.0012103678891435266,0.12557771809296178,0.0007029862305178204,0.001295455139887697
17.099999999999874,1.7455252408981323,0.872930109500885,3.6617069244384766,0.80740640444276,0.4441511135723071,-0.0892646578548953,0.09894511478765242,0.12023915968030378,4.024004586714072e-05,0.12542232871055603,0.0008265938377007843,0.0012103678891435266,0.12557771809296178,0.0007029862305178204,0.001295455139887697
17.109999999999875,1.7680184841156006,0.885444164276123,3.6559200286865234,0.8321232257479755,0.40397488788821434,-0.08126726501063102,0.10416189324784722,0.12017247498524997,8.104978608688253e-05,0.11494175344705582,-0.002974301343783736,0.0020044865086674695,0.11514514881238311,-0.0031665945493204017,0.0016966093486464637
17.119999999999877,1.7680184841156006,0.885444164276123,3.6559200286865234,0.8321232257479755,0.40397488788821434,-0.08126726501063102,0.10416189324784722,0.12017247498524997,8.104978608688253e-05,0.11494175344705582,-0.002974301343783736,0.0020044865086674695,0.11514514881238311,-0.0031665945493204017,0.0016966093486464637
17.129999999999878,1.7680184841156006,0.885444164276123,3.6559200286865234,0.8321232257479755,0.40397488788821434,-0.08126726501063102,0.10416189324784722,0.12017247498524997,8.104978608688253e-05,0.11494175344705582,-0.002974301343783736,0.0020044865086674695,0.11514514881238311,-0.0031665945493204017,0.0016966093486464637
17.13999999999988,1.7680184841156006,0.885444164276123,3.6559200286865234,0.8321232257479755,0.40397488788821434,-0.08126726501063102,0.10416189324784722,0.12017247498524997,8.104978608688253e-05,0.11494175344705582,-0.002974301343783736,0.0020044865086674695,0.11514514881238311,-0.0031665945493204017,0.0016966093486464637
17.14999999999988,1.8013898134231567,0.9012880325317383,3.6483001708984375,0.867169268373931,0.346440445309969,-0.06793628534373904,0.10836647085914172,0.11990466350416645,0.00010079003580562427,0.10145808011293411,-0.008217282593250275,0.0008648434886708865,0.10145459025211762,-0.008262617531185183,-2.9175155701270708e-05
17.159999999999883,1.8013898134231567,0.9012880325317383,3.6483001708984375,0.867169268373931,0.346440445309969,-0.06793628534373904,0.10836647085914172,0.11990466350416645,0.00010079003580562427,0.10145808011293411,-0.008217282593250275,0.0008648434886708865,0.10145459025211762,-0.008262617531185183,-2.9175155701270708e-05
17.169999999999884,1.8013898134231567,0.9012880325317383,3.6483001708984375,0.867169268373931,0.346440445309969,-0.06793628534373904,0.10836647085914172,0.11990466350416645,0.00010079003580562427,0.10145808011293411,-0.008217282593250275,0.0008648434886708865,0.10145459025211762,-0.008262617531185183,-2.9175155701270708e-05
17.179999999999886,1.82912015914917,0.9122353196144104,3.6424248218536377,0.894464590477197,0.299991808258871,-0.05712780691156297,0.11023751135651189,0.11966167812990947,9.897133089093629e-05,0.09288759529590607,-0.012868617661297321,0.0016426198417320863,0.09291367645872842,-0.01297121689779602,0.00021847854469113465
17.189999999999888,1.82912015914917,0.9122353196144104,3.6424248218536377,0.894464590477197,0.299991808258871,-0.05712780691156297,0.11023751135651189,0.11966167812990947,9.897133089093629e-05,0.09288759529590607,-0.012868617661297321,0.0016426198417320863,0.09291367645872842,-0.01297121689779602,0.00021847854469113465
17.19999999999989,1.82912015914917,0.9122353196144104,3.6424248218536377,0.894464590477197,0.299991808258871,-0.05712780691156297,0.11023751135651189,0.11966167812990947,9.897133089093629e-05,0.09288759529590607,-0.012868617661297321,0.0016426198417320863,0.09291367645872842,-0.01297121689779602,0.00021847854469113465
17.20999999999989,1.8537051677703857,0.9201812148094177,3.636401653289795,0.9181804509142345,0.2578891893923002,-0.048482134122813714,0.11381975492858463,0.11918671374997873,7.827595387835406e-05,0.086079441010952,-0.010687597095966339,-0.00046855374239385,0.08587833079728471,-0.010565227632441021,-0.0016913558726552376
17.219999999999892,1.8537051677703857,0.9201812148094177,3.636401653289795,0.9181804509142345,0.2578891893923002,-0.048482134122813714,0.11381975492858463,0.11918671374997873,7.827595387835406e-05,0.086079441010952,-0.010687597095966339,-0.00046855374239385,0.08587833079728471,-0.010565227632441021,-0.0016913558726552376
17.229999999999894,1.8537051677703857,0.9201812148094177,3.636401653289795,0.9181804509142345,0.2578891893923002,-0.048482134122813714,0.11381975492858463,0.11918671374997873,7.827595387835406e-05,0.086079441010952,-0.010687597095966339,-0.00046855374239385,0.08587833079728471,-0.010565227632441021,-0.0016913558726552376
17.239999999999895,1.8537051677703857,0.9201812148094177,3.636401653289795,0.9181804509142345,0.2578891893923002,-0.048482134122813714,0.11381975492858463,0.11918671374997873,7.827595387835406e-05,0.086079441010952,-0.010687597095966339,-0.00046855374239385,0.08587833079728471,-0.010565227632441021,-0.0016913558726552376
17.249999999999897,1.890075922012329,0.9295191168785095,3.6283133029937744,0.9510194237793108,0.19870402659810768,-0.03522763295594031,0.1171468006006802,0.1187326751421828,-5.876928679910592e-06,0.07992279529571533,-0.013059260323643684,-0.0020700143650174124,0.07949546341711752,-0.012727812907173765,-0.0036075796327343043
17.2599999999999,1.890075922012329,0.9295191168785095,3.6283133029937744,0.9510194237793108,0.19870402659810768,-0.03522763295594031,0.1171468006006802,0.1187326751421828,-5.876928679910592e-06,0.07992279529571533,-0.013059260323643684,-0.0020700143650174124,0.07949546341711752,-0.012727812907173765,-0.0036075796327343043
17.2699999999999,1.890075922012329,0.9295191168785095,3.6283133029937744,0.9510194237793108,0.19870402659810768,-0.03522763295594031,0.1171468006006802,0.1187326751421828,-5.876928679910592e-06,0.07992279529571533,-0.013059260323643684,-0.0020700143650174124,0.07949546341711752,-0.012727812907173765,-0.0036075796327343043
17.2799999999999,1.9202207326889038,0.9352545738220215,3.622349977493286,0.9774529667177827,0.15043145893875687,-0.02230797783373925,0.11869340812451466,0.11847792503586373,-6.823994072567797e-05,0.07696424424648285,-0.013308531604707241,-0.0007367228972725554,0.07668957383286176,-0.013127656507273008,-0.002323758284337785
17.289999999999903,1.9202207326889038,0.9352545738220215,3.622349977493286,0.9774529667177827,0.15043145893875687,-0.02230797783373925,0.11869340812451466,0.11847792503586373,-6.823994072567797e-05,0.07696424424648285,-0.013308531604707241,-0.0007367228972725554,0.07668957383286176,-0.013127656507273008,-0.002323758284337785
17.299999999999905,1.9202207326889038,0.9352545738220215,3.622349977493286,0.9774529667177827,0.15043145893875687,-0.02230797783373925,0.11869340812451466,0.11847792503586373,-6.823994072567797e-05,0.07696424424648285,-0.013308531604707241,-0.0007367228972725554,0.07668957383286176,-0.013127656507273008,-0.002323758284337785
17.309999999999906,1.9472774267196655,0.9390144348144531,3.6170849800109863,0.99996113471101,0.1084740479515391,-0.010805355991199347,0.12100217538579598,0.11807555510126459,-0.0002045646797213986,0.05600377917289734,-0.010719088837504387,-0.0017510531470179545,0.05564408677082368,-0.01042934805088546,-0.003053380174101112
17.319999999999908,1.9472774267196655,0.9390144348144531,3.6170849800109863,0.99996113471101,0.1084740479515391,-0.010805355991199347,0.12100217538579598,0.11807555510126459,-0.0002045646797213986,0.05600377917289734,-0.010719088837504387,-0.0017510531470179545,0.05564408677082368,-0.01042934805088546,-0.003053380174101112
17.32999999999991,1.9472774267196655,0.9390144348144531,3.6170849800109863,0.99996113471101,0.1084740479515391,-0.010805355991199347,0.12100217538579598,0.11807555510126459,-0.0002045646797213986,0.05600377917289734,-0.010719088837504387,-0.0017510531470179545,0.05564408677082368,-0.01042934805088546,-0.003053380174101112
17.33999999999991,1.9472774267196655,0.9390144348144531,3.6170849800109863,0.99996113471101,0.1084740479515391,-0.010805355991199347,0.12100217538579598,0.11807555510126459,-0.0002045646797213986,0.05600377917289734,-0.010719088837504387,-0.0017510531470179545,0.05564408677082368,-0.01042934805088546,-0.003053380174101112
17.349999999999913,1.9871249198913574,0.9422750473022461,3.6099464893341064,1.0313096340884726,0.04789396922488468,0.005477370032269474,0.12293395335995276,0.11773746491475875,-0.00025823409278444395,0.04636547714471817,-0.006593229714781046,0.001877749105915428,0.04649027751937768,-0.006773729612883464,0.0010624415474268323
17.359999999999914,1.9871249198913574,0.9422750473022461,3.6099464893341064,1.0313096340884726,0.04789396922488468,0.005477370032269474,0.12293395335995276,0.11773746491475875,-0.00025823409278444395,0.04636547714471817,-0.006593229714781046,0.001877749105915428,0.04649027751937768,-0.006773729612883464,0.0010624415474268323
17.369999999999916,1.9871249198913574,0.9422750473022461,3.6099464893341064,1.0313096340884726,0.04789396922488468,0.005477370032269474,0.12293395335995276,0.11773746491475875,-0.00025823409278444395,0.04636547714471817,-0.006593229714781046,0.001877749105915428,0.04649027751937768,-0.006773729612883464,0.0010624415474268323
17.379999999999917,2.019984722137451,0.943090558052063,3.604684829711914,1.0563753414685249,-0.00031178511631676023,0.018808567275470298,0.12398053287676374,0.11743424597879257,-0.00026935410046732437,0.04287555068731308,-0.013653799891471863,0.0018111505778506416,0.042888383839912815,-0.013772969379552203,0.00010953105371863038
17.38999999999992,2.019984722137451,0.943090558052063,3.604684829711914,1.0563753414685249,-0.00031178511631676023,0.018808567275470298,0.12398053287676374,0.11743424597879257,-0.00026935410046732437,0.04287555068731308,-0.013653799891471863,0.0018111505778506416,0.042888383839912815,-0.013772969379552203,0.00010953105371863038
17.39999999999992,2.019984722137451,0.943090558052063,3.604684829711914,1.0563753414685249,-0.00031178511631676023,0.018808567275470298,0.12398053287676374,0.11743424597879257,-0.00026935410046732437,0.04287555068731308,-0.013653799891471863,0.0018111505778506416,0.042888383839912815,-0.013772969379552203,0.00010953105371863038
17.409999999999922,2.049379050731659,0.9425385594367981,3.5999903678894043,1.0774671036790535,-0.04272137262500578,0.029715626280398588,0.12530654310662787,0.1167761220137407,-0.0003243239309634607,0.030470596626400948,-0.017191778868436813,0.0006153071881271919,0.030290159251460037,-0.01713388545139057,-0.0015486738139110013
17.419999999999924,2.049379050731659,0.9425385594367981,3.5999903678894043,1.0774671036790535,-0.04272137262500578,0.029715626280398588,0.12530654310662787,0.1167761220137407,-0.0003243239309634607,0.030470596626400948,-0.017191778868436813,0.0006153071881271919,0.030290159251460037,-0.01713388545139057,-0.0015486738139110013
17.429999999999925,2.049379050731659,0.9425385594367981,3.5999903678894043,1.0774671036790535,-0.04272137262500578,0.029715626280398588,0.12530654310662787,0.1167761220137407,-0.0003243239309634607,0.030470596626400948,-0.017191778868436813,0.0006153071881271919,0.030290159251460037,-0.01713388545139057,-0.0015486738139110013
17.439999999999927,2.049379050731659,0.9425385594367981,3.5999903678894043,1.0774671036790535,-0.04272137262500578,0.029715626280398588,0.12530654310662787,0.1167761220137407,-0.0003243239309634607,0.030470596626400948,-0.017191778868436813,0.0006153071881271919,0.030290159251460037,-0.01713388545139057,-0.0015486738139110013
17.44999999999993,2.0924755930900574,0.9396696090698242,3.593834400177002,1.1071188532177871,-0.10258255097533105,0.04545507074239706,0.1262313121146198,0.11623306021217504,-0.00046889466496450753,0.01888028159737587,-0.014984660781919956,-1.9412702386032816e-05,0.018657764877332995,-0.014862989865796428,-0.0019187187240852098
17.45999999999993,2.0924755930900574,0.9396696090698242,3.593834400177002,1.1071188532177871,-0.10258255097533105,0.04545507074239706,0.1262313121146198,0.11623306021217504,-0.00046889466496450753,0.01888028159737587,-0.014984660781919956,-1.9412702386032816e-05,0.018657764877332995,-0.014862989865796428,-0.0019187187240852098
17.46999999999993,2.0924755930900574,0.9396696090698242,3.593834400177002,1.1071188532177871,-0.10258255097533105,0.04545507074239706,0.1262313121146198,0.11623306021217504,-0.00046889466496450753,0.01888028159737587,-0.014984660781919956,-1.9412702386032816e-05,0.018657764877332995,-0.014862989865796428,-0.0019187187240852098
17.479999999999933,2.127883553504944,0.9356052875518799,3.589142084121704,1.1310691555148282,-0.15065324949737846,0.057582547602141265,0.12653359445145304,0.11596689916643825,-0.0005007427557810658,0.01467342209070921,-0.012860859744250774,0.00026097355294041493,0.014514518131559757,-0.012790974904023998,-0.0013733288133167807
17.489999999999934,2.127883553504944,0.9356052875518799,3.589142084121704,1.1310691555148282,-0.15065324949737846,0.057582547602141265,0.12653359445145304,0.11596689916643825,-0.0005007427557810658,0.01467342209070921,-0.012860859744250774,0.00026097355294041493,0.014514518131559757,-0.012790974904023998,-0.0013733288133167807
17.499999999999936,2.127883553504944,0.9356052875518799,3.589142084121704,1.1310691555148282,-0.15065324949737846,0.057582547602141265,0.12653359445145304,0.11596689916643825,-0.0005007427557810658,0.01467342209070921,-0.012860859744250774,0.00026097355294041493,0.014514518131559757,-0.012790974904023998,-0.0013733288133167807
17.509999999999938,2.159486174583435,0.9307777881622314,3.5851101875305176,1.1519997679123852,-0.1920596747807012,0.06792742596707428,0.12683473463845535,0.1153753360779497,-0.0004884206693388149,0.005291456822305918,-0.014398490078747272,0.003391260281205179,0.005470238375694619,-0.01471180791327528,0.0015530079231563276
17.51999999999994,2.159486174583435,0.9307777881622314,3.5851101875305176,1.1519997679123852,-0.1920596747807012,0.06792742596707428,0.12683473463845535,0.1153753360779497,-0.0004884206693388149,0.005291456822305918,-0.014398490078747272,0.003391260281205179,0.005470238375694619,-0.01471180791327528,0.0015530079231563276
17.52999999999994,2.159486174583435,0.9307777881622314,3.5851101875305176,1.1519997679123852,-0.1920596747807012,0.06792742596707428,0.12683473463845535,0.1153753360779497,-0.0004884206693388149,0.005291456822305918,-0.014398490078747272,0.003391260281205179,0.005470238375694619,-0.01471180791327528,0.0015530079231563276
17.539999999999942,2.159486174583435,0.9307777881622314,3.5851101875305176,1.1519997679123852,-0.1920596747807012,0.06792742596707428,0.12683473463845535,0.1153753360779497,-0.0004884206693388149,0.005291456822305918,-0.014398490078747272,0.003391260281205179,0.005470238375694619,-0.01471180791327528,0.0015530079231563276
17.549999999999944,2.2057108879089355,0.9218327403068542,3.579324960708618,1.1810349850775441,-0.250351250470081,0.08202943800843093,0.12672303920611824,0.11449930946584883,-0.0006193872809945761,-0.003776883240789175,-0.0245193038135767,-0.0005298990290611952,-0.004193709257904471,-0.024255721877189915,-0.0036483904161193096
17.559999999999945,2.2057108879089355,0.9218327403068542,3.579324960708618,1.1810349850775441,-0.250351250470081,0.08202943800843093,0.12672303920611824,0.11449930946584883,-0.0006193872809945761,-0.003776883240789175,-0.0245193038135767,-0.0005298990290611952,-0.004193709257904471,-0.024255721877189915,-0.0036483904161193096
17.569999999999947,2.2057108879089355,0.9218327403068542,3.579324960708618,1.1810349850775441,-0.250351250470081,0.08202943800843093,0.12672303920611824,0.11449930946584883,-0.0006193872809945761,-0.003776883240789175,-0.0245193038135767,-0.0005298990290611952,-0.004193709257904471,-0.024255721877189915,-0.0036483904161193096
17.57999999999995,2.243565559387207,0.9129585027694702,3.5751543045043945,1.2031836970795746,-0.2971277761120003,0.09321133971162616,0.12661242368793263,0.11408217485277743,-0.0006777091928710284,-0.0071894461289048195,-0.02677125483751297,0.001534606912173334,-0.007402358275345507,-0.02675074187400516,-0.0018703595168844851
17.58999999999995,2.243565559387207,0.9129585027694702,3.5751543045043945,1.2031836970795746,-0.2971277761120003,0.09321133971162616,0.12661242368793263,0.11408217485277743,-0.0006777091928710284,-0.0071894461289048195,-0.02677125483751297,0.001534606912173334,-0.007402358275345507,-0.02675074187400516,-0.0018703595168844851
17.59999999999995,2.243565559387207,0.9129585027694702,3.5751543045043945,1.2031836970795746,-0.2971277761120003,0.09321133971162616,0.12661242368793263,0.11408217485277743,-0.0006777091928710284,-0.0071894461289048195,-0.02677125483751297,0.001534606912173334,-0.007402358275345507,-0.02675074187400516,-0.0018703595168844851
17.609999999999953,2.276906371116638,0.9039222002029419,3.5698418617248535,1.2224139550397073,-0.3376082419641484,0.10168314103071045,0.12601101307266407,0.11282498226180715,-0.0008353168163819876,-0.018870560452342033,-0.02903217077255249,-0.0007215788355097139,-0.019365091642446926,-0.02871129151664859,-0.004392484072425937
17.619999999999955,2.276906371116638,0.9039222002029419,3.5698418617248535,1.2224139550397073,-0.3376082419641484,0.10168314103071045,0.12601101307266407,0.11282498226180715,-0.0008353168163819876,-0.018870560452342033,-0.02903217077255249,-0.0007215788355097139,-0.019365091642446926,-0.02871129151664859,-0.004392484072425937
17.629999999999956,2.276906371116638,0.9039222002029419,3.5698418617248535,1.2224139550397073,-0.3376082419641484,0.10168314103071045,0.12601101307266407,0.11282498226180715,-0.0008353168163819876,-0.018870560452342033,-0.02903217077255249,-0.0007215788355097139,-0.019365091642446926,-0.02871129151664859,-0.004392484072425937
17.639999999999958,2.3255882263183594,0.8890361785888672,3.5631802082061768,1.2481857212365008,-0.39400737964640165,0.11444542392496411,0.12508319334002901,0.11157227858733273,-0.0009413187929149874,-0.024134529754519463,-0.03213803097605705,0.003046059049665932,-0.02424513235536719,-0.03226696394752948,-0.0009933686607704157
17.64999999999996,2.3255882263183594,0.8890361785888672,3.5631802082061768,1.2481857212365008,-0.39400737964640165,0.11444542392496411,0.12508319334002901,0.11157227858733273,-0.0009413187929149874,-0.024134529754519463,-0.03213803097605705,0.003046059049665932,-0.02424513235536719,-0.03226696394752948,-0.0009933686607704157
17.65999999999996,2.3255882263183594,0.8890361785888672,3.5631802082061768,1.2481857212365008,-0.39400737964640165,0.11444542392496411,0.12508319334002901,0.11157227858733273,-0.0009413187929149874,-0.024134529754519463,-0.03213803097605705,0.003046059049665932,-0.02424513235536719,-0.03226696394752948,-0.0009933686607704157
17.669999999999963,2.3255882263183594,0.8890361785888672,3.5631802082061768,1.2481857212365008,-0.39400737964640165,0.11444542392496411,0.12508319334002901,0.11157227858733273,-0.0009413187929149874,-0.024134529754519463,-0.03213803097605705,0.003046059049665932,-0.02424513235536719,-0.03226696394752948,-0.0009933686607704157
17.679999999999964,2.365370988845825,0.8754726052284241,3.5583882331848145,1.2684629859293686,-0.4383597367513676,0.12741839574563904,0.12450863339016077,0.11095995564572465,-0.0009804114369412508,-0.02928372286260128,-0.030186109244823456,0.0021523409523069898,-0.029463444864629363,-0.030219725956199088,-0.0016230298967159083
17.689999999999966,2.365370988845825,0.8754726052284241,3.5583882331848145,1.2684629859293686,-0.4383597367513676,0.12741839574563904,0.12450863339016077,0.11095995564572465,-0.0009804114369412508,-0.02928372286260128,-0.030186109244823456,0.0021523409523069898,-0.029463444864629363,-0.030219725956199088,-0.0016230298967159083
17.699999999999967,2.365370988845825,0.8754726052284241,3.5583882331848145,1.2684629859293686,-0.4383597367513676,0.12741839574563904,0.12450863339016077,0.11095995564572465,-0.0009804114369412508,-0.02928372286260128,-0.030186109244823456,0.0021523409523069898,-0.029463444864629363,-0.030219725956199088,-0.0016230298967159083
17.70999999999997,2.4007169604301453,0.8624432682991028,3.5542397499084473,1.2859528862502012,-0.4767159953465406,0.13804033883529632,0.12308046387598508,0.1099698004484055,-0.0010102854391996702,-0.03852066770195961,-0.025132905691862106,-0.00023445698025170405,-0.03888705299677738,-0.024913994930488174,-0.003338414800394264
17.71999999999997,2.4007169604301453,0.8624432682991028,3.5542397499084473,1.2859528862502012,-0.4767159953465406,0.13804033883529632,0.12308046387598508,0.1099698004484055,-0.0010102854391996702,-0.03852066770195961,-0.025132905691862106,-0.00023445698025170405,-0.03888705299677738,-0.024913994930488174,-0.003338414800394264
17.729999999999972,2.4007169604301453,0.8624432682991028,3.5542397499084473,1.2859528862502012,-0.4767159953465406,0.13804033883529632,0.12308046387598508,0.1099698004484055,-0.0010102854391996702,-0.03852066770195961,-0.025132905691862106,-0.00023445698025170405,-0.03888705299677738,-0.024913994930488174,-0.003338414800394264
17.739999999999974,2.4521864652633667,0.841919481754303,3.5492279529571533,1.3106551987041128,-0.5309307680006184,0.15237301230601696,0.12131048685268372,0.10900366376598669,-0.0009045325704827425,-0.0473664291203022,-0.024533983319997787,0.006937854923307898,-0.04693766054891688,-0.025193252469974524,0.003941324771536521
17.749999999999975,2.4521864652633667,0.841919481754303,3.5492279529571533,1.3106551987041128,-0.5309307680006184,0.15237301230601696,0.12131048685268372,0.10900366376598669,-0.0009045325704827425,-0.0473664291203022,-0.024533983319997787,0.006937854923307898,-0.04693766054891688,-0.025193252469974524,0.003941324771536521
17.759999999999977,2.4521864652633667,0.841919481754303,3.5492279529571533,1.3106551987041128,-0.5309307680006184,0.15237301230601696,0.12131048685268372,0.10900366376598669,-0.0009045325704827425,-0.0473664291203022,-0.024533983319997787,0.006937854923307898,-0.04693766054891688,-0.025193252469974524,0.003941324771536521
17.76999999999998,2.4521864652633667,0.841919481754303,3.5492279529571533,1.3106551987041128,-0.5309307680006184,0.15237301230601696,0.12131048685268372,0.10900366376598669,-0.0009045325704827425,-0.0473664291203022,-0.024533983319997787,0.006937854923307898,-0.04693766054891688,-0.025193252469974524,0.003941324771536521
17.77999999999998,2.4941588044166565,0.8239061832427979,3.54583477973938,1.3297948757482825,-0.5727672744964329,0.16331004125694526,0.12030141686497639,0.10848018775282572,-0.0008752044328896628,-0.052390433847904205,-0.026328755542635918,0.005074003245681528,-0.052185951006108414,-0.02674740315127215,0.0018886808245369559
17.78999999999998,2.4941588044166565,0.8239061832427979,3.54583477973938,1.3297948757482825,-0.5727672744964329,0.16331004125694526,0.12030141686497639,0.10848018775282572,-0.0008752044328896628,-0.052390433847904205,-0.026328755542635918,0.005074003245681528,-0.052185951006108414,-0.02674740315127215,0.0018886808245369559
17.799999999999983,2.4941588044166565,0.8239061832427979,3.54583477973938,1.3297948757482825,-0.5727672744964329,0.16331004125694526,0.12030141686497639,0.10848018775282572,-0.0008752044328896628,-0.052390433847904205,-0.026328755542635918,0.005074003245681528,-0.052185951006108414,-0.02674740315127215,0.0018886808245369559
17.809999999999985,2.531373143196106,0.8070321679115295,3.5428645610809326,1.3463715267175342,-0.6095132669634745,0.17019360194088048,0.11812986479719016,0.10731285566986558,-0.0009145635775254183,-0.06287510693073273,-0.03428836539387703,0.001975568709895019,-0.06309909934505309,-0.03428223341801298,-0.002091295671608116
17.819999999999986,2.531373143196106,0.8070321679115295,3.5428645610809326,1.3463715267175342,-0.6095132669634745,0.17019360194088048,0.11812986479719016,0.10731285566986558,-0.0009145635775254183,-0.06287510693073273,-0.03428836539387703,0.001975568709895019,-0.06309909934505309,-0.03428223341801298,-0.002091295671608116
17.829999999999988,2.531373143196106,0.8070321679115295,3.5428645610809326,1.3463715267175342,-0.6095132669634745,0.17019360194088048,0.11812986479719016,0.10731285566986558,-0.0009145635775254183,-0.06287510693073273,-0.03428836539387703,0.001975568709895019,-0.06309909934505309,-0.03428223341801298,-0.002091295671608116
17.83999999999999,2.531373143196106,0.8070321679115295,3.5428645610809326,1.3463715267175342,-0.6095132669634745,0.17019360194088048,0.11812986479719016,0.10731285566986558,-0.0009145635775254183,-0.06287510693073273,-0.03428836539387703,0.001975568709895019,-0.06309909934505309,-0.03428223341801298,-0.002091295671608116
17.84999999999999,2.5854110419750214,0.7811203002929688,3.538996934890747,1.369053437694735,-0.6597136005634263,0.1797351804258298,0.11536593351343948,0.10586826452340158,-0.0008887606373683528,-0.07163824141025543,-0.039454590529203415,0.004506367258727556,-0.07164517135845448,-0.03971105396359037,-6.558065747273007e-05
17.859999999999992,2.5854110419750214,0.7811203002929688,3.538996934890747,1.369053437694735,-0.6597136005634263,0.1797351804258298,0.11536593351343948,0.10586826452340158,-0.0008887606373683528,-0.07163824141025543,-0.039454590529203415,0.004506367258727556,-0.07164517135845448,-0.03971105396359037,-6.558065747273007e-05
17.869999999999994,2.5854110419750214,0.7811203002929688,3.538996934890747,1.369053437694735,-0.6597136005634263,0.1797351804258298,0.11536593351343948,0.10586826452340158,-0.0008887606373683528,-0.07163824141025543,-0.039454590529203415,0.004506367258727556,-0.07164517135845448,-0.03971105396359037,-6.558065747273007e-05
17.879999999999995,2.629344880580902,0.7589436769485474,3.5361833572387695,1.386420287797766,-0.6986306826050291,0.18724056274775963,0.11353737423547838,0.1049147547891507,-0.0009156438665488653,-0.07556392252445221,-0.03874996677041054,0.003772601485252385,-0.07563150616923275,-0.03892788877753908,-0.0006453600135097918
17.889999999999997,2.629344880580902,0.7589436769485474,3.5361833572387695,1.386420287797766,-0.6986306826050291,0.18724056274775963,0.11353737423547838,0.1049147547891507,-0.0009156438665488653,-0.07556392252445221,-0.03874996677041054,0.003772601485252385,-0.07563150616923275,-0.03892788877753908,-0.0006453600135097918
17.9,2.629344880580902,0.7589436769485474,3.5361833572387695,1.386420287797766,-0.6986306826050291,0.18724056274775963,0.11353737423547838,0.1049147547891507,-0.0009156438665488653,-0.07556392252445221,-0.03874996677041054,0.003772601485252385,-0.07563150616923275,-0.03892788877753908,-0.0006453600135097918
17.91,2.6682373881340027,0.7385193109512329,3.533719301223755,1.4013847761500198,-0.7324869734715505,0.19150044921836437,0.11026688563125926,0.10326890946757626,-0.000986077678097478,-0.08247265219688416,-0.03961559385061264,0.0015165691729635048,-0.08276823515620763,-0.039541887697272335,-0.0028673585083183626
17.92,2.6682373881340027,0.7385193109512329,3.533719301223755,1.4013847761500198,-0.7324869734715505,0.19150044921836437,0.11026688563125926,0.10326890946757626,-0.000986077678097478,-0.08247265219688416,-0.03961559385061264,0.0015165691729635048,-0.08276823515620763,-0.039541887697272335,-0.0028673585083183626
17.930000000000003,2.6682373881340027,0.7385193109512329,3.533719301223755,1.4013847761500198,-0.7324869734715505,0.19150044921836437,0.11026688563125926,0.10326890946757626,-0.000986077678097478,-0.08247265219688416,-0.03961559385061264,0.0015165691729635048,-0.08276823515620763,-0.039541887697272335,-0.0028673585083183626
17.940000000000005,2.724575459957123,0.7077059745788574,3.53063702583313,1.4218266151074208,-0.7780522163241477,0.19895835977650145,0.10673757604276315,0.1017724498678317,-0.0009496433665937859,-0.08866650611162186,-0.03741338849067688,0.006445397622883324,-0.08841906873823033,-0.0378871276090328,0.002435482634304429
17.950000000000006,2.724575459957123,0.7077059745788574,3.53063702583313,1.4218266151074208,-0.7780522163241477,0.19895835977650145,0.10673757604276315,0.1017724498678317,-0.0009496433665937859,-0.08866650611162186,-0.03741338849067688,0.006445397622883324,-0.08841906873823033,-0.0378871276090328,0.002435482634304429
17.960000000000008,2.724575459957123,0.7077059745788574,3.53063702583313,1.4218266151074208,-0.7780522163241477,0.19895835977650145,0.10673757604276315,0.1017724498678317,-0.0009496433665937859,-0.08866650611162186,-0.03741338849067688,0.006445397622883324,-0.08841906873823033,-0.0378871276090328,0.002435482634304429
17.97000000000001,2.724575459957123,0.7077059745788574,3.53063702583313,1.4218266151074208,-0.7780522163241477,0.19895835977650145,0.10673757604276315,0.1017724498678317,-0.0009496433665937859,-0.08866650611162186,-0.03741338849067688,0.006445397622883324,-0.08841906873823033,-0.0378871276090328,0.002435482634304429
17.98000000000001,2.7702375054359436,0.6817545890808105,3.528562068939209,1.4369119850597936,-0.8132585334009195,0.205819361805247,0.10481924429908351,0.10091658136976953,-0.0009548271068107343,-0.09652339667081833,-0.043935224413871765,0.004265276715159421,-0.09655934031348991,-0.044140350381546,-0.0003567770928107692
17.990000000000013,2.7702375054359436,0.6817545890808105,3.528562068939209,1.4369119850597936,-0.8132585334009195,0.205819361805247,0.10481924429908351,0.10091658136976953,-0.0009548271068107343,-0.09652339667081833,-0.043935224413871765,0.004265276715159421,-0.09655934031348991,-0.044140350381546,-0.0003567770928107692
18.000000000000014,2.7702375054359436,0.6817545890808105,3.528562068939209,1.4369119850597936,-0.8132585334009195,0.205819361805247,0.10481924429908351,0.10091658136976953,-0.0009548271068107343,-0.09652339667081833,-0.043935224413871765,0.004265276715159421,-0.09655934031348991,-0.044140350381546,-0.0003567770928107692
18.010000000000016,2.8284960836172104,0.6476502418518066,3.5234732627868652,1.4562251895124334,-0.8562565014411762,0.2111393621841471,0.10069375988596124,0.09918734752087204,-0.000984457094055966,-0.10638026148080826,-0.043567296117544174,0.003471618751063948,-0.10647236273245757,-0.04369559310085982,-0.0009300827657606674
18.020000000000017,2.8284960836172104,0.6476502418518066,3.5234732627868652,1.4562251895124334,-0.8562565014411762,0.2111393621841471,0.10069375988596124,0.09918734752087204,-0.000984457094055966,-0.10638026148080826,-0.043567296117544174,0.003471618751063948,-0.10647236273245757,-0.04369559310085982,-0.0009300827657606674
18.03000000000002,2.8284960836172104,0.6476502418518066,3.5234732627868652,1.4562251895124334,-0.8562565014411762,0.2111393621841471,0.10069375988596124,0.09918734752087204,-0.000984457094055966,-0.10638026148080826,-0.043567296117544174,0.003471618751063948,-0.10647236273245757,-0.04369559310085982,-0.0009300827657606674
18.04000000000002,2.8284960836172104,0.6476502418518066,3.5234732627868652,1.4562251895124334,-0.8562565014411762,0.2111393621841471,0.10069375988596124,0.09918734752087204,-0.000984457094055966,-0.10638026148080826,-0.043567296117544174,0.003471618751063948,-0.10647236273245757,-0.04369559310085982,-0.0009300827657606674
18.050000000000022,2.869719550013542,0.6227806210517883,3.5201189517974854,1.4690184231279233,-0.885163765912675,0.212952024695422,0.09635759655616719,0.09751741770177784,-0.0009979105963399705,-0.11125993728637695,-0.04063357040286064,0.004262916743755346,-0.11122727801284138,-0.04085520836447787,0.00033543847672379496
18.060000000000024,2.869719550013542,0.6227806210517883,3.5201189517974854,1.4690184231279233,-0.885163765912675,0.212952024695422,0.09635759655616719,0.09751741770177784,-0.0009979105963399705,-0.11125993728637695,-0.04063357040286064,0.004262916743755346,-0.11122727801284138,-0.04085520836447787,0.00033543847672379496
18.070000000000025,2.869719550013542,0.6227806210517883,3.5201189517974854,1.4690184231279233,-0.885163765912675,0.212952024695422,0.09635759655616719,0.09751741770177784,-0.0009979105963399705,-0.11125993728637695,-0.04063357040286064,0.004262916743755346,-0.11122727801284138,-0.04085520836447787,0.00033543847672379496
18.080000000000027,2.9172439575195312,0.5933995246887207,3.5171377658843994,1.4832783471551756,-0.9161805031163691,0.22023866326017622,0.09403131306469761,0.09662080459800305,-0.0010295055040267793,-0.11722292006015778,-0.04588235914707184,0.0022210096940398273,-0.11742614983829232,-0.04588820205691411,-0.002106651202370626
18.09000000000003,2.9172439575195312,0.5933995246887207,3.5171377658843994,1.4832783471551756,-0.9161805031163691,0.22023866326017622,0.09403131306469761,0.09662080459800305,-0.0010295055040267793,-0.11722292006015778,-0.04588235914707184,0.0022210096940398273,-0.11742614983829232,-0.04588820205691411,-0.002106651202370626
18.10000000000003,2.9172439575195312,0.5933995246887207,3.5171377658843994,1.4832783471551756,-0.9161805031163691,0.22023866326017622,0.09403131306469761,0.09662080459800305,-0.0010295055040267793,-0.11722292006015778,-0.04588235914707184,0.0022210096940398273,-0.11742614983829232,-0.04588820205691411,-0.002106651202370626
18.11000000000003,2.9592209570109844,0.5668964982032776,3.5146422386169434,1.495385462026387,-0.9427759973816241,0.22326701332815932,0.0895710714781111,0.09496393318243597,-0.0010755296355073579,-0.12966974079608917,-0.04899215325713158,0.002194856060668832,-0.12987894473842151,-0.048992085997862506,-0.002206297750725023
18.120000000000033,2.9592209570109844,0.5668964982032776,3.5146422386169434,1.495385462026387,-0.9427759973816241,0.22326701332815932,0.0895710714781111,0.09496393318243597,-0.0010755296355073579,-0.12966974079608917,-0.04899215325713158,0.002194856060668832,-0.12987894473842151,-0.048992085997862506,-0.002206297750725023
18.130000000000035,2.9592209570109844,0.5668964982032776,3.5146422386169434,1.495385462026387,-0.9427759973816241,0.22326701332815932,0.0895710714781111,0.09496393318243597,-0.0010755296355073579,-0.12966974079608917,-0.04899215325713158,0.002194856060668832,-0.12987894473842151,-0.048992085997862506,-0.002206297750725023
18.140000000000036,2.9592209570109844,0.5668964982032776,3.5146422386169434,1.495385462026387,-0.9427759973816241,0.22326701332815932,0.0895710714781111,0.09496393318243597,-0.0010755296355073579,-0.12966974079608917,-0.04899215325713158,0.002194856060668832,-0.12987894473842151,-0.048992085997862506,-0.002206297750725023
18.150000000000038,3.0197507180273533,0.5277937650680542,3.5118627548217773,1.5120189886477557,-0.9784599050599582,0.2271374248779378,0.08372258669307342,0.09263738706733395,-0.001118312085729058,-0.13666555285453796,-0.05525853857398033,0.0038046122062951396,-0.1367426346339047,-0.05538314507852897,-0.0008332719746180815
18.16000000000004,3.0197507180273533,0.5277937650680542,3.5118627548217773,1.5120189886477557,-0.9784599050599582,0.2271374248779378,0.08372258669307342,0.09263738706733395,-0.001118312085729058,-0.13666555285453796,-0.05525853857398033,0.0038046122062951396,-0.1367426346339047,-0.05538314507852897,-0.0008332719746180815
18.17000000000004,3.0197507180273533,0.5277937650680542,3.5118627548217773,1.5120189886477557,-0.9784599050599582,0.2271374248779378,0.08372258669307342,0.09263738706733395,-0.001118312085729058,-0.13666555285453796,-0.05525853857398033,0.0038046122062951396,-0.1367426346339047,-0.05538314507852897,-0.0008332719746180815
18.180000000000042,3.068626657128334,0.49554139375686646,3.510063648223877,1.5244503223847186,-1.0040844641977846,0.2330095082831746,0.08152560962348289,0.09171566178555399,-0.0011154413360120533,-0.13622531294822693,-0.05546005815267563,0.00406281556934119,-0.13626827263973437,-0.055606711381249604,-0.0004690581479338988
18.190000000000044,3.068626657128334,0.49554139375686646,3.510063648223877,1.5244503223847186,-1.0040844641977846,0.2330095082831746,0.08152560962348289,0.09171566178555399,-0.0011154413360120533,-0.13622531294822693,-0.05546005815267563,0.00406281556934119,-0.13626827263973437,-0.055606711381249604,-0.0004690581479338988
18.200000000000045,3.068626657128334,0.49554139375686646,3.510063648223877,1.5244503223847186,-1.0040844641977846,0.2330095082831746,0.08152560962348289,0.09171566178555399,-0.0011154413360120533,-0.13622531294822693,-0.05546005815267563,0.00406281556934119,-0.13626827263973437,-0.055606711381249604,-0.0004690581479338988
18.210000000000047,3.111705146729946,0.4666532278060913,3.508608102798462,1.5348700890709852,-1.0268345869132043,0.23024522048658128,0.07516378978933118,0.08905682433059388,-0.0011673375393081264,-0.14837196469306946,-0.06612242758274078,0.004165847785770901,-0.1484444034862727,-0.06624855918153726,-0.0008144758794015758
18.22000000000005,3.111705146729946,0.4666532278060913,3.508608102798462,1.5348700890709852,-1.0268345869132043,0.23024522048658128,0.07516378978933118,0.08905682433059388,-0.0011673375393081264,-0.14837196469306946,-0.06612242758274078,0.004165847785770901,-0.1484444034862727,-0.06624855918153726,-0.0008144758794015758
18.23000000000005,3.111705146729946,0.4666532278060913,3.508608102798462,1.5348700890709852,-1.0268345869132043,0.23024522048658128,0.07516378978933118,0.08905682433059388,-0.0011673375393081264,-0.14837196469306946,-0.06612242758274078,0.004165847785770901,-0.1484444034862727,-0.06624855918153726,-0.0008144758794015758
18.24000000000005,3.1737058609724045,0.4243779182434082,3.507016658782959,1.5483409978509668,-1.0557213068673923,0.22970985756995635,0.06908493927918599,0.08647179151120439,-0.0011422473731519944,-0.15315033495426178,-0.06426719576120377,0.004384572152048357,-0.1531557313925829,-0.06441655880859641,-6.248476287011863e-05
18.250000000000053,3.1737058609724045,0.4243779182434082,3.507016658782959,1.5483409978509668,-1.0557213068673923,0.22970985756995635,0.06908493927918599,0.08647179151120439,-0.0011422473731519944,-0.15315033495426178,-0.06426719576120377,0.004384572152048357,-0.1531557313925829,-0.06441655880859641,-6.248476287011863e-05
18.260000000000055,3.1737058609724045,0.4243779182434082,3.507016658782959,1.5483409978509668,-1.0557213068673923,0.22970985756995635,0.06908493927918599,0.08647179151120439,-0.0011422473731519944,-0.15315033495426178,-0.06426719576120377,0.004384572152048357,-0.1531557313925829,-0.06441655880859641,-6.248476287011863e-05
18.270000000000056,3.1737058609724045,0.4243779182434082,3.507016658782959,1.5483409978509668,-1.0557213068673923,0.22970985756995635,0.06908493927918599,0.08647179151120439,-0.0011422473731519944,-0.15315033495426178,-0.06426719576120377,0.004384572152048357,-0.1531557313925829,-0.06441655880859641,-6.248476287011863e-05
18.280000000000058,3.2236722856760025,0.38980019092559814,3.5062694549560547,1.5582094860623237,-1.0764047090029136,0.23168895587336494,0.06605792191127649,0.08517851638504813,-0.0011647328137575933,-0.15151119232177734,-0.06545388698577881,0.003296504262834795,-0.1515992490880363,-0.06552873189728718,-0.0010350419457848222
18.29000000000006,3.2236722856760025,0.38980019092559814,3.5062694549560547,1.5582094860623237,-1.0764047090029136,0.23168895587336494,0.06605792191127649,0.08517851638504813,-0.0011647328137575933,-0.15151119232177734,-0.06545388698577881,0.003296504262834795,-0.1515992490880363,-0.06552873189728718,-0.0010350419457848222
18.30000000000006,3.2236722856760025,0.38980019092559814,3.5062694549560547,1.5582094860623237,-1.0764047090029136,0.23168895587336494,0.06605792191127649,0.08517851638504813,-0.0011647328137575933,-0.15151119232177734,-0.06545388698577881,0.003296504262834795,-0.1515992490880363,-0.06552873189728718,-0.0010350419457848222
18.310000000000063,3.267633408308029,0.3590336740016937,3.5054585933685303,1.566349859712823,-1.0939852047394363,0.22718596825989454,0.06001413063968408,0.08262251375306326,-0.0011871063579304742,-0.15112611651420593,-0.06229715049266815,0.004772108513861902,-0.1510410652910173,-0.06247121852318776,0.001030567374268132
18.320000000000064,3.267633408308029,0.3590336740016937,3.5054585933685303,1.566349859712823,-1.0939852047394363,0.22718596825989454,0.06001413063968408,0.08262251375306326,-0.0011871063579304742,-0.15112611651420593,-0.06229715049266815,0.004772108513861902,-0.1510410652910173,-0.06247121852318776,0.001030567374268132
18.330000000000066,3.267633408308029,0.3590336740016937,3.5054585933685303,1.566349859712823,-1.0939852047394363,0.22718596825989454,0.06001413063968408,0.08262251375306326,-0.0011871063579304742,-0.15112611651420593,-0.06229715049266815,0.004772108513861902,-0.1510410652910173,-0.06247121852318776,0.001030567374268132
18.340000000000067,3.267633408308029,0.3590336740016937,3.5054585933685303,1.566349859712823,-1.0939852047394363,0.22718596825989454,0.06001413063968408,0.08262251375306326,-0.0011871063579304742,-0.15112611651420593,-0.06229715049266815,0.004772108513861902,-0.1510410652910173,-0.06247121852318776,0.001030567374268132
18.35000000000007,3.330777257680893,0.31433698534965515,3.504951000213623,1.5762425504502902,-1.1159113040615547,0.2250211249465957,0.0536944144772085,0.08039690214336445,-0.0011644342961355557,-0.1591539829969406,-0.054473258554935455,0.004444470163434751,-0.1590319540063898,-0.05463328032998225,0.0015194683565706948
18.36000000000007,3.330777257680893,0.31433698534965515,3.504951000213623,1.5762425504502902,-1.1159113040615547,0.2250211249465957,0.0536944144772085,0.08039690214336445,-0.0011644342961355557,-0.1591539829969406,-0.054473258554935455,0.004444470163434751,-0.1590319540063898,-0.05463328032998225,0.0015194683565706948
18.370000000000072,3.330777257680893,0.31433698534965515,3.504951000213623,1.5762425504502902,-1.1159113040615547,0.2250211249465957,0.0536944144772085,0.08039690214336445,-0.0011644342961355557,-0.1591539829969406,-0.054473258554935455,0.004444470163434751,-0.1590319540063898,-0.05463328032998225,0.0015194683565706948
18.380000000000074,3.381609171628952,0.2780090570449829,3.5048019886016846,1.5838419528250718,-1.1317319731926787,0.2254411931007774,0.05043123754793253,0.07930028259073892,-0.0010910239834927382,-0.1638995110988617,-0.05385435372591019,0.0059471307322383,-0.16364324781146286,-0.05408567813549982,0.0032349452356069228
18.390000000000075,3.381609171628952,0.2780090570449829,3.5048019886016846,1.5838419528250718,-1.1317319731926787,0.2254411931007774,0.05043123754793253,0.07930028259073892,-0.0010910239834927382,-0.1638995110988617,-0.05385435372591019,0.0059471307322383,-0.16364324781146286,-0.05408567813549982,0.0032349452356069228
18.400000000000077,3.381609171628952,0.2780090570449829,3.5048019886016846,1.5838419528250718,-1.1317319731926787,0.2254411931007774,0.05043123754793253,0.07930028259073892,-0.0010910239834927382,-0.1638995110988617,-0.05385435372591019,0.0059471307322383,-0.16364324781146286,-0.05408567813549982,0.0032349452356069228
18.41000000000008,3.427123576402664,0.24570567905902863,3.5041816234588623,1.5900993615927002,-1.1445305841017592,0.22071362458932128,0.04439260192719127,0.07730637743364852,-0.0010068215830054152,-0.16961348056793213,-0.055640432983636856,0.0025792119558900664,-0.16960515674821935,-0.05570007692615736,0.0001077804533211709
18.42000000000008,3.427123576402664,0.24570567905902863,3.5041816234588623,1.5900993615927002,-1.1445305841017592,0.22071362458932128,0.04439260192719127,0.07730637743364852,-0.0010068215830054152,-0.16961348056793213,-0.055640432983636856,0.0025792119558900664,-0.16960515674821935,-0.05570007692615736,0.0001077804533211709
18.43000000000008,3.427123576402664,0.24570567905902863,3.5041816234588623,1.5900993615927002,-1.1445305841017592,0.22071362458932128,0.04439260192719127,0.07730637743364852,-0.0010068215830054152,-0.16961348056793213,-0.055640432983636856,0.0025792119558900664,-0.16960515674821935,-0.05570007692615736,0.0001077804533211709
18.440000000000083,3.427123576402664,0.24570567905902863,3.5041816234588623,1.5900993615927002,-1.1445305841017592,0.22071362458932128,0.04439260192719127,0.07730637743364852,-0.0010068215830054152,-0.16961348056793213,-0.055640432983636856,0.0025792119558900664,-0.16960515674821935,-0.05570007692615736,0.0001077804533211709
18.450000000000085,3.4922567307949066,0.19907495379447937,3.503757953643799,1.5990325282621312,-1.1609462719683596,0.21714209133320903,0.03747818520124628,0.07507605581345395,-0.000952594236549547,-0.17567618191242218,-0.05395301431417465,0.0050559439696371625,-0.17544821249350004,-0.05410457040780072,0.0030393673770941895
18.460000000000086,3.4922567307949066,0.19907495379447937,3.503757953643799,1.5990325282621312,-1.1609462719683596,0.21714209133320903,0.03747818520124628,0.07507605581345395,-0.000952594236549547,-0.17567618191242218,-0.05395301431417465,0.0050559439696371625,-0.17544821249350004,-0.05410457040780072,0.0030393673770941895
18.470000000000088,3.4922567307949066,0.19907495379447937,3.503757953643799,1.5990325282621312,-1.1609462719683596,0.21714209133320903,0.03747818520124628,0.07507605581345395,-0.000952594236549547,-0.17567618191242218,-0.05395301431417465,0.0050559439696371625,-0.17544821249350004,-0.05410457040780072,0.0030393673770941895
18.48000000000009,3.544477641582489,0.16140994429588318,3.5039048194885254,1.6054300231127898,-1.1707775333122739,0.21638220802107822,0.03322744657714987,0.07373881889197252,-0.0009823640207560237,-0.17640750110149384,-0.05686945095658302,-0.0006141624762676587,-0.17659241218520258,-0.056817656814726454,-0.0025099230751767848
18.49000000000009,3.544477641582489,0.16140994429588318,3.5039048194885254,1.6054300231127898,-1.1707775333122739,0.21638220802107822,0.03322744657714987,0.07373881889197252,-0.0009823640207560237,-0.17640750110149384,-0.05686945095658302,-0.0006141624762676587,-0.17659241218520258,-0.056817656814726454,-0.0025099230751767848
18.500000000000092,3.544477641582489,0.16140994429588318,3.5039048194885254,1.6054300231127898,-1.1707775333122739,0.21638220802107822,0.03322744657714987,0.07373881889197252,-0.0009823640207560237,-0.17640750110149384,-0.05686945095658302,-0.0006141624762676587,-0.17659241218520258,-0.056817656814726454,-0.0025099230751767848
18.510000000000094,3.6099733710289,0.1139676570892334,3.504093647003174,1.611388700778782,-1.1816423911163243,0.21109988880324648,0.02584576429900269,0.07136521767258702,-0.0009712385165911909,-0.1896219104528427,-0.06094923987984657,0.0027996238786727264,-0.18953444053079438,-0.06100123422249646,0.0012267070198322071
18.520000000000095,3.6099733710289,0.1139676570892334,3.504093647003174,1.611388700778782,-1.1816423911163243,0.21109988880324648,0.02584576429900269,0.07136521767258702,-0.0009712385165911909,-0.1896219104528427,-0.06094923987984657,0.0027996238786727264,-0.18953444053079438,-0.06100123422249646,0.0012267070198322071
18.530000000000097,3.6099733710289,0.1139676570892334,3.504093647003174,1.611388700778782,-1.1816423911163243,0.21109988880324648,0.02584576429900269,0.07136521767258702,-0.0009712385165911909,-0.1896219104528427,-0.06094923987984657,0.0027996238786727264,-0.18953444053079438,-0.06100123422249646,0.0012267070198322071
18.5400000000001,3.6099733710289,0.1139676570892334,3.504093647003174,1.611388700778782,-1.1816423911163243,0.21109988880324648,0.02584576429900269,0.07136521767258702,-0.0009712385165911909,-0.1896219104528427,-0.06094923987984657,0.0027996238786727264,-0.18953444053079438,-0.06100123422249646,0.0012267070198322071
18.5500000000001,3.655943214893341,0.08060163259506226,3.504218339920044,1.615339922370304,-1.1876389365490982,0.20444379016309974,0.019040573125073294,0.0689596772917061,-0.0008612086660865082,-0.19258415699005127,-0.0695604681968689,0.0036187905352562753,-0.1924257299746254,-0.06961675891507425,0.0022992081213579945
18.5600000000001,3.655943214893341,0.08060163259506226,3.504218339920044,1.615339922370304,-1.1876389365490982,0.20444379016309974,0.019040573125073294,0.0689596772917061,-0.0008612086660865082,-0.19258415699005127,-0.0695604681968689,0.0036187905352562753,-0.1924257299746254,-0.06961675891507425,0.0022992081213579945
18.570000000000103,3.655943214893341,0.08060163259506226,3.504218339920044,1.615339922370304,-1.1876389365490982,0.20444379016309974,0.019040573125073294,0.0689596772917061,-0.0008612086660865082,-0.19258415699005127,-0.0695604681968689,0.0036187905352562753,-0.1924257299746254,-0.06961675891507425,0.0022992081213579945
18.580000000000105,3.7084603309631348,0.04237275570631027,3.5049140453338623,1.618780838939185,-1.1914840902808512,0.20274953653471636,0.014432245867059611,0.06728237647505397,-0.000805000765375758,-0.19205783307552338,-0.07031697779893875,0.0036631640978157607,-0.19187940095933015,-0.0703625206238448,0.0026539908558766887
18.590000000000106,3.7084603309631348,0.04237275570631027,3.5049140453338623,1.618780838939185,-1.1914840902808512,0.20274953653471636,0.014432245867059611,0.06728237647505397,-0.000805000765375758,-0.19205783307552338,-0.07031697779893875,0.0036631640978157607,-0.19187940095933015,-0.0703625206238448,0.0026539908558766887
18.600000000000108,3.7084603309631348,0.04237275570631027,3.5049140453338623,1.618780838939185,-1.1914840902808512,0.20274953653471636,0.014432245867059611,0.06728237647505397,-0.000805000765375758,-0.19205783307552338,-0.07031697779893875,0.0036631640978157607,-0.19187940095933015,-0.0703625206238448,0.0026539908558766887
18.61000000000011,3.774222254753113,-0.005495454650372267,3.50602388381958,1.6221260385895393,-1.194652859537987,0.19739358830151854,0.006614025988076818,0.06454995469558937,-0.000695116030169549,-0.19671769440174103,-0.0679149255156517,0.001903998199850329,-0.19662365850237104,-0.06792603304208124,0.001457804807925448
18.62000000000011,3.774222254753113,-0.005495454650372267,3.50602388381958,1.6221260385895393,-1.194652859537987,0.19739358830151854,0.006614025988076818,0.06454995469558937,-0.000695116030169549,-0.19671769440174103,-0.0679149255156517,0.001903998199850329,-0.19662365850237104,-0.06792603304208124,0.001457804807925448
18.630000000000113,3.774222254753113,-0.005495454650372267,3.50602388381958,1.6221260385895393,-1.194652859537987,0.19739358830151854,0.006614025988076818,0.06454995469558937,-0.000695116030169549,-0.19671769440174103,-0.0679149255156517,0.001903998199850329,-0.19662365850237104,-0.06792603304208124,0.001457804807925448
18.640000000000114,3.774222254753113,-0.005495454650372267,3.50602388381958,1.6221260385895393,-1.194652859537987,0.19739358830151854,0.006614025988076818,0.06454995469558937,-0.000695116030169549,-0.19671769440174103,-0.0679149255156517,0.001903998199850329,-0.19662365850237104,-0.06792603304208124,0.001457804807925448
18.650000000000116,3.820339620113373,-0.03898265212774277,3.5069193840026855,1.6246415185779206,-1.195379778818112,0.1906046247397488,-0.00043794373235062556,0.062244231777008385,-0.0005985784833343737,-0.19538915157318115,-0.06802761554718018,0.0042347894050181,-0.195123362647137,-0.06802575442409332,0.004272855851296547
18.660000000000117,3.820339620113373,-0.03898265212774277,3.5069193840026855,1.6246415185779206,-1.195379778818112,0.1906046247397488,-0.00043794373235062556,0.062244231777008385,-0.0005985784833343737,-0.19538915157318115,-0.06802761554718018,0.0042347894050181,-0.195123362647137,-0.06802575442409332,0.004272855851296547
18.67000000000012,3.820339620113373,-0.03898265212774277,3.5069193840026855,1.6246415185779206,-1.195379778818112,0.1906046247397488,-0.00043794373235062556,0.062244231777008385,-0.0005985784833343737,-0.19538915157318115,-0.06802761554718018,0.0042347894050181,-0.195123362647137,-0.06802575442409332,0.004272855851296547
18.68000000000012,3.873016357421875,-0.07720394432544708,3.508175849914551,1.6267367041057486,-1.1931096839540074,0.18716976983616887,-0.0050579622011873385,0.060607976708045075,-0.0005611565386339087,-0.19210252165794373,-0.06898773461580276,0.0015512584941461767,-0.1919872147037486,-0.06897900598833764,0.001903669848124452
18.690000000000122,3.873016357421875,-0.07720394432544708,3.508175849914551,1.6267367041057486,-1.1931096839540074,0.18716976983616887,-0.0050579622011873385,0.060607976708045075,-0.0005611565386339087,-0.19210252165794373,-0.06898773461580276,0.0015512584941461767,-0.1919872147037486,-0.06897900598833764,0.001903669848124452
18.700000000000124,3.873016357421875,-0.07720394432544708,3.508175849914551,1.6267367041057486,-1.1931096839540074,0.18716976983616887,-0.0050579622011873385,0.060607976708045075,-0.0005611565386339087,-0.19210252165794373,-0.06898773461580276,0.0015512584941461767,-0.1919872147037486,-0.06897900598833764,0.001903669848124452
18.710000000000125,3.919184625148773,-0.11054862290620804,3.5093724727630615,1.6282097841366567,-1.190503964765906,0.17773209142566204,-0.012843607032362933,0.0578548298008729,-0.0004741029409575167,-0.1941007822751999,-0.06920301169157028,0.003193104406818756,-0.19386437627514214,-0.0691562941157639,0.004088473420151291
18.720000000000127,3.919184625148773,-0.11054862290620804,3.5093724727630615,1.6282097841366567,-1.190503964765906,0.17773209142566204,-0.012843607032362933,0.0578548298008729,-0.0004741029409575167,-0.1941007822751999,-0.06920301169157028,0.003193104406818756,-0.19386437627514214,-0.0691562941157639,0.004088473420151291
18.73000000000013,3.919184625148773,-0.11054862290620804,3.5093724727630615,1.6282097841366567,-1.190503964765906,0.17773209142566204,-0.012843607032362933,0.0578548298008729,-0.0004741029409575167,-0.1941007822751999,-0.06920301169157028,0.003193104406818756,-0.19386437627514214,-0.0691562941157639,0.004088473420151291
18.74000000000013,3.985050916671753,-0.1579262763261795,3.5114588737487793,1.627992190653749,-1.182883490758484,0.17204923101545744,-0.020008836526947016,0.05530894460936923,-0.0004452134549067568,-0.2009146362543106,-0.07516531646251678,-0.00285064964555203,-0.20098916966187133,-0.07520730499118763,-0.0013482705601288608
18.75000000000013,3.985050916671753,-0.1579262763261795,3.5114588737487793,1.627992190653749,-1.182883490758484,0.17204923101545744,-0.020008836526947016,0.05530894460936923,-0.0004452134549067568,-0.2009146362543106,-0.07516531646251678,-0.00285064964555203,-0.20098916966187133,-0.07520730499118763,-0.0013482705601288608
18.760000000000133,3.985050916671753,-0.1579262763261795,3.5114588737487793,1.627992190653749,-1.182883490758484,0.17204923101545744,-0.020008836526947016,0.05530894460936923,-0.0004452134549067568,-0.2009146362543106,-0.07516531646251678,-0.00285064964555203,-0.20098916966187133,-0.07520730499118763,-0.0013482705601288608
18.770000000000135,3.985050916671753,-0.1579262763261795,3.5114588737487793,1.627992190653749,-1.182883490758484,0.17204923101545744,-0.020008836526947016,0.05530894460936923,-0.0004452134549067568,-0.2009146362543106,-0.07516531646251678,-0.00285064964555203,-0.20098916966187133,-0.07520730499118763,-0.0013482705601288608
18.780000000000136,4.037661910057068,-0.1955123096704483,3.513641119003296,1.6277672074534486,-1.1740651818206376,0.17015377411799687,-0.024813824199046663,0.05364939735304319,-0.0004443652489069922,-0.2008410096168518,-0.06843706965446472,-0.0003445324837230062,-0.2007683208594062,-0.06842454978952646,0.0013555350524684772
18.790000000000138,4.037661910057068,-0.1955123096704483,3.513641119003296,1.6277672074534486,-1.1740651818206376,0.17015377411799687,-0.024813824199046663,0.05364939735304319,-0.0004443652489069922,-0.2008410096168518,-0.06843706965446472,-0.0003445324837230062,-0.2007683208594062,-0.06842454978952646,0.0013555350524684772
18.80000000000014,4.037661910057068,-0.1955123096704483,3.513641119003296,1.6277672074534486,-1.1740651818206376,0.17015377411799687,-0.024813824199046663,0.05364939735304319,-0.0004443652489069922,-0.2008410096168518,-0.06843706965446472,-0.0003445324837230062,-0.2007683208594062,-0.06842454978952646,0.0013555350524684772
18.81000000000014,4.08434534072876,-0.228810116648674,3.513695478439331,1.6267120401356465,-1.1654781960017124,0.1610762765534891,-0.03276763937127781,0.05088919020275389,-0.00027876998680291575,-0.1956213116645813,-0.06812243163585663,0.002662821672856816,-0.1953720852932834,-0.06799862399440317,0.004899546907146134
18.820000000000142,4.08434534072876,-0.228810116648674,3.513695478439331,1.6267120401356465,-1.1654781960017124,0.1610762765534891,-0.03276763937127781,0.05088919020275389,-0.00027876998680291575,-0.1956213116645813,-0.06812243163585663,0.002662821672856816,-0.1953720852932834,-0.06799862399440317,0.004899546907146134
18.830000000000144,4.08434534072876,-0.228810116648674,3.513695478439331,1.6267120401356465,-1.1654781960017124,0.1610762765534891,-0.03276763937127781,0.05088919020275389,-0.00027876998680291575,-0.1956213116645813,-0.06812243163585663,0.002662821672856816,-0.1953720852932834,-0.06799862399440317,0.004899546907146134
18.840000000000146,4.08434534072876,-0.228810116648674,3.513695478439331,1.6267120401356465,-1.1654781960017124,0.1610762765534891,-0.03276763937127781,0.05088919020275389,-0.00027876998680291575,-0.1956213116645813,-0.06812243163585663,0.002662821672856816,-0.1953720852932834,-0.06799862399440317,0.004899546907146134
18.850000000000147,4.150751709938049,-0.27569282054901123,3.5148048400878906,1.624641054354131,-1.1500071529950737,0.1550009586520281,-0.04057885462086727,0.04817005863183074,-0.00010867300897956338,-0.19246762990951538,-0.0692983940243721,0.001191658317111441,-0.19227470625689133,-0.0691930041201695,0.0040066025837138435
18.86000000000015,4.150751709938049,-0.27569282054901123,3.5148048400878906,1.624641054354131,-1.1500071529950737,0.1550009586520281,-0.04057885462086727,0.04817005863183074,-0.00010867300897956338,-0.19246762990951538,-0.0692983940243721,0.001191658317111441,-0.19227470625689133,-0.0691930041201695,0.0040066025837138435
18.87000000000015,4.150751709938049,-0.27569282054901123,3.5148048400878906,1.624641054354131,-1.1500071529950737,0.1550009586520281,-0.04057885462086727,0.04817005863183074,-0.00010867300897956338,-0.19246762990951538,-0.0692983940243721,0.001191658317111441,-0.19227470625689133,-0.0691930041201695,0.0040066025837138435
18.88000000000015,4.203641891479492,-0.31256818771362305,3.516195774078369,1.6221668529433233,-1.1352843504861991,0.15711012608373667,-0.043640377745937584,0.047139849631456746,-6.784759303511588e-05,-0.19047468900680542,-0.06429368257522583,0.0012948206858709533,-0.19028134319166978,-0.06417598066260617,0.004103055969577723
18.890000000000153,4.203641891479492,-0.31256818771362305,3.516195774078369,1.6221668529433233,-1.1352843504861991,0.15711012608373667,-0.043640377745937584,0.047139849631456746,-6.784759303511588e-05,-0.19047468900680542,-0.06429368257522583,0.0012948206858709533,-0.19028134319166978,-0.06417598066260617,0.004103055969577723
18.900000000000155,4.203641891479492,-0.31256818771362305,3.516195774078369,1.6221668529433233,-1.1352843504861991,0.15711012608373667,-0.043640377745937584,0.047139849631456746,-6.784759303511588e-05,-0.19047468900680542,-0.06429368257522583,0.0012948206858709533,-0.19028134319166978,-0.06417598066260617,0.004103055969577723
18.910000000000156,4.2498719692230225,-0.34440678358078003,3.5174412727355957,1.61898629574012,-1.1216583231165373,0.1504249521467048,-0.05184880294886678,0.04416859453696904,8.80232167933108e-05,-0.18545904755592346,-0.06526007503271103,-0.0011478973319753924,-0.18536023175485994,-0.06523186584520495,0.002237968828101371
18.920000000000158,4.2498719692230225,-0.34440678358078003,3.5174412727355957,1.61898629574012,-1.1216583231165373,0.1504249521467048,-0.05184880294886678,0.04416859453696904,8.80232167933108e-05,-0.18545904755592346,-0.06526007503271103,-0.0011478973319753924,-0.18536023175485994,-0.06523186584520495,0.002237968828101371
18.93000000000016,4.2498719692230225,-0.34440678358078003,3.5174412727355957,1.61898629574012,-1.1216583231165373,0.1504249521467048,-0.05184880294886678,0.04416859453696904,8.80232167933108e-05,-0.18545904755592346,-0.06526007503271103,-0.0011478973319753924,-0.18536023175485994,-0.06523186584520495,0.002237968828101371
18.94000000000016,4.31561803817749,-0.38897404074668884,3.519911766052246,1.6142945933875872,-1.0994225407547957,0.14804116665016637,-0.05929319994560084,0.04133685950107587,0.0001578791063564092,-0.18701815605163574,-0.07029695808887482,-0.0022253270726650867,-0.18693774009221586,-0.07030529282053728,0.001945935578172467
18.950000000000163,4.31561803817749,-0.38897404074668884,3.519911766052246,1.6142945933875872,-1.0994225407547957,0.14804116665016637,-0.05929319994560084,0.04133685950107587,0.0001578791063564092,-0.18701815605163574,-0.07029695808887482,-0.0022253270726650867,-0.18693774009221586,-0.07030529282053728,0.001945935578172467
18.960000000000164,4.31561803817749,-0.38897404074668884,3.519911766052246,1.6142945933875872,-1.0994225407547957,0.14804116665016637,-0.05929319994560084,0.04133685950107587,0.0001578791063564092,-0.18701815605163574,-0.07029695808887482,-0.0022253270726650867,-0.18693774009221586,-0.07030529282053728,0.001945935578172467
18.970000000000166,4.31561803817749,-0.38897404074668884,3.519911766052246,1.6142945933875872,-1.0994225407547957,0.14804116665016637,-0.05929319994560084,0.04133685950107587,0.0001578791063564092,-0.18701815605163574,-0.07029695808887482,-0.0022253270726650867,-0.18693774009221586,-0.07030529282053728,0.001945935578172467
18.980000000000167,4.367964506149292,-0.4238429069519043,3.5224146842956543,1.6098021692074533,-1.0798453217217934,0.1499092663583344,-0.06304805125920188,0.03984415404527009,0.0001789617917619604,-0.18831202387809753,-0.07583968341350555,-0.0031510370317846446,-0.18824689997276417,-0.07588753496653959,0.0016348983031686745
18.99000000000017,4.367964506149292,-0.4238429069519043,3.5224146842956543,1.6098021692074533,-1.0798453217217934,0.1499092663583344,-0.06304805125920188,0.03984415404527009,0.0001789617917619604,-0.18831202387809753,-0.07583968341350555,-0.0031510370317846446,-0.18824689997276417,-0.07588753496653959,0.0016348983031686745
19.00000000000017,4.367964506149292,-0.4238429069519043,3.5224146842956543,1.6098021692074533,-1.0798453217217934,0.1499092663583344,-0.06304805125920188,0.03984415404527009,0.0001789617917619604,-0.18831202387809753,-0.07583968341350555,-0.0031510370317846446,-0.18824689997276417,-0.07588753496653959,0.0016348983031686745
19.010000000000172,4.413667798042297,-0.45381787419319153,3.524585485458374,1.605489234767364,-1.0621002404398603,0.14398690705754363,-0.07047183037126765,0.0370521113548751,0.00018785420230946459,-0.1844225525856018,-0.07035255432128906,-0.004135866183787576,-0.18439185308502617,-0.07046915227894571,0.0008287389011152155
19.020000000000174,4.413667798042297,-0.45381787419319153,3.524585485458374,1.605489234767364,-1.0621002404398603,0.14398690705754363,-0.07047183037126765,0.0370521113548751,0.00018785420230946459,-0.1844225525856018,-0.07035255432128906,-0.004135866183787576,-0.18439185308502617,-0.07046915227894571,0.0008287389011152155
19.030000000000175,4.413667798042297,-0.45381787419319153,3.524585485458374,1.605489234767364,-1.0621002404398603,0.14398690705754363,-0.07047183037126765,0.0370521113548751,0.00018785420230946459,-0.1844225525856018,-0.07035255432128906,-0.004135866183787576,-0.18439185308502617,-0.07046915227894571,0.0008287389011152155
19.040000000000177,4.478607773780823,-0.49554967880249023,3.52813982963562,1.5979713030208529,-1.0335315358445405,0.14151686254517412,-0.07786376007349972,0.03430126435901977,0.0002548310645844566,-0.18720826506614685,-0.06847424805164337,-0.003236717078834764,-0.18713622589190676,-0.06851854964007098,0.0021006019494801765
19.05000000000018,4.478607773780823,-0.49554967880249023,3.52813982963562,1.5979713030208529,-1.0335315358445405,0.14151686254517412,-0.07786376007349972,0.03430126435901977,0.0002548310645844566,-0.18720826506614685,-0.06847424805164337,-0.003236717078834764,-0.18713622589190676,-0.06851854964007098,0.0021006019494801765
19.06000000000018,4.478607773780823,-0.49554967880249023,3.52813982963562,1.5979713030208529,-1.0335315358445405,0.14151686254517412,-0.07786376007349972,0.03430126435901977,0.0002548310645844566,-0.18720826506614685,-0.06847424805164337,-0.003236717078834764,-0.18713622589190676,-0.06851854964007098,0.0021006019494801765
19.07000000000018,4.478607773780823,-0.49554967880249023,3.52813982963562,1.5979713030208529,-1.0335315358445405,0.14151686254517412,-0.07786376007349972,0.03430126435901977,0.0002548310645844566,-0.18720826506614685,-0.06847424805164337,-0.003236717078834764,-0.18713622589190676,-0.06851854964007098,0.0021006019494801765
19.080000000000183,4.5302417278289795,-0.5279889106750488,3.531522274017334,1.5908844309520616,-1.008119635586115,0.14444044030005926,-0.08083855298157183,0.03315593509297583,0.00031603279898177093,-0.1858590990304947,-0.07156147062778473,-0.0014418356586247596,-0.18571509976584646,-0.07144420442407678,0.004343887484353627
19.090000000000185,4.5302417278289795,-0.5279889106750488,3.531522274017334,1.5908844309520616,-1.008119635586115,0.14444044030005926,-0.08083855298157183,0.03315593509297583,0.00031603279898177093,-0.1858590990304947,-0.07156147062778473,-0.0014418356586247596,-0.18571509976584646,-0.07144420442407678,0.004343887484353627
19.100000000000186,4.5302417278289795,-0.5279889106750488,3.531522274017334,1.5908844309520616,-1.008119635586115,0.14444044030005926,-0.08083855298157183,0.03315593509297583,0.00031603279898177093,-0.1858590990304947,-0.07156147062778473,-0.0014418356586247596,-0.18571509976584646,-0.07144420442407678,0.004343887484353627
19.110000000000188,4.575214385986328,-0.5556874871253967,3.5343856811523438,1.584374262217736,-0.9852435140243045,0.13794001677090328,-0.0891812281291093,0.030080849867556016,0.0004344562291674845,-0.18833956122398376,-0.07031559944152832,-0.003061853349208823,-0.1882428871955261,-0.07030886252141774,0.003214291145132328
19.12000000000019,4.575214385986328,-0.5556874871253967,3.5343856811523438,1.584374262217736,-0.9852435140243045,0.13794001677090328,-0.0891812281291093,0.030080849867556016,0.0004344562291674845,-0.18833956122398376,-0.07031559944152832,-0.003061853349208823,-0.1882428871955261,-0.07030886252141774,0.003214291145132328
19.13000000000019,4.575214385986328,-0.5556874871253967,3.5343856811523438,1.584374262217736,-0.9852435140243045,0.13794001677090328,-0.0891812281291093,0.030080849867556016,0.0004344562291674845,-0.18833956122398376,-0.07031559944152832,-0.003061853349208823,-0.1882428871955261,-0.07030886252141774,0.003214291145132328
19.140000000000192,4.6390334367752075,-0.5939562916755676,3.53913950920105,1.5746871358808392,-0.9494584515074569,0.13810127865204141,-0.09583996834150663,0.027682546440434903,0.0005337640939996849,-0.1840227246284485,-0.06759366393089294,-0.003958798479288808,-0.1839527354919008,-0.06766229800594349,0.002528599619601326
19.150000000000194,4.6390334367752075,-0.5939562916755676,3.53913950920105,1.5746871358808392,-0.9494584515074569,0.13810127865204141,-0.09583996834150663,0.027682546440434903,0.0005337640939996849,-0.1840227246284485,-0.06759366393089294,-0.003958798479288808,-0.1839527354919008,-0.06766229800594349,0.002528599619601326
19.160000000000196,4.6390334367752075,-0.5939562916755676,3.53913950920105,1.5746871358808392,-0.9494584515074569,0.13810127865204141,-0.09583996834150663,0.027682546440434903,0.0005337640939996849,-0.1840227246284485,-0.06759366393089294,-0.003958798479288808,-0.1839527354919008,-0.06766229800594349,0.002528599619601326
19.170000000000197,4.6390334367752075,-0.5939562916755676,3.53913950920105,1.5746871358808392,-0.9494584515074569,0.13810127865204141,-0.09583996834150663,0.027682546440434903,0.0005337640939996849,-0.1840227246284485,-0.06759366393089294,-0.003958798479288808,-0.1839527354919008,-0.06766229800594349,0.002528599619601326
19.1800000000002,4.689738512039185,-0.6234077215194702,3.543229818344116,1.5656290340003356,-0.9193316920918045,0.13960223410935857,-0.1000522680700127,0.026035748873448547,0.0006415171486144055,-0.17293107509613037,-0.06858862191438675,-0.0019688825123011983,-0.17280368027168386,-0.06844226916346345,0.004893626023640848
19.1900000000002,4.689738512039185,-0.6234077215194702,3.543229818344116,1.5656290340003356,-0.9193316920918045,0.13960223410935857,-0.1000522680700127,0.026035748873448547,0.0006415171486144055,-0.17293107509613037,-0.06858862191438675,-0.0019688825123011983,-0.17280368027168386,-0.06844226916346345,0.004893626023640848
19.200000000000202,4.689738512039185,-0.6234077215194702,3.543229818344116,1.5656290340003356,-0.9193316920918045,0.13960223410935857,-0.1000522680700127,0.026035748873448547,0.0006415171486144055,-0.17293107509613037,-0.06858862191438675,-0.0019688825123011983,-0.17280368027168386,-0.06844226916346345,0.004893626023640848
19.210000000000203,4.735241055488586,-0.6476841568946838,3.5464677810668945,1.5582551840449106,-0.8918166427837395,0.13673608042770247,-0.10668930832002366,0.023477324613722855,0.0007175607585822427,-0.16209676861763,-0.06343293190002441,-0.005474471952766172,-0.16206597386938484,-0.06365521831797195,0.001311800976750741
19.220000000000205,4.735241055488586,-0.6476841568946838,3.5464677810668945,1.5582551840449106,-0.8918166427837395,0.13673608042770247,-0.10668930832002366,0.023477324613722855,0.0007175607585822427,-0.16209676861763,-0.06343293190002441,-0.005474471952766172,-0.16206597386938484,-0.06365521831797195,0.001311800976750741
19.230000000000206,4.735241055488586,-0.6476841568946838,3.5464677810668945,1.5582551840449106,-0.8918166427837395,0.13673608042770247,-0.10668930832002366,0.023477324613722855,0.0007175607585822427,-0.16209676861763,-0.06343293190002441,-0.005474471952766172,-0.16206597386938484,-0.06365521831797195,0.001311800976750741
19.240000000000208,4.735241055488586,-0.6476841568946838,3.5464677810668945,1.5582551840449106,-0.8918166427837395,0.13673608042770247,-0.10668930832002366,0.023477324613722855,0.0007175607585822427,-0.16209676861763,-0.06343293190002441,-0.005474471952766172,-0.16206597386938484,-0.06365521831797195,0.001311800976750741
19.25000000000021,4.799482703208923,-0.6810490489006042,3.551666736602783,1.546743026303589,-0.8506222903287971,0.13797043959481087,-0.11318008258891082,0.020926012783998364,0.0008665581531603128,-0.15965963900089264,-0.06612743437290192,-0.0018322709947824398,-0.15954143597950488,-0.06591128309663455,0.005649028788237116
19.26000000000021,4.799482703208923,-0.6810490489006042,3.551666736602783,1.546743026303589,-0.8506222903287971,0.13797043959481087,-0.11318008258891082,0.020926012783998364,0.0008665581531603128,-0.15965963900089264,-0.06612743437290192,-0.0018322709947824398,-0.15954143597950488,-0.06591128309663455,0.005649028788237116
19.270000000000213,4.799482703208923,-0.6810490489006042,3.551666736602783,1.546743026303589,-0.8506222903287971,0.13797043959481087,-0.11318008258891082,0.020926012783998364,0.0008665581531603128,-0.15965963900089264,-0.06612743437290192,-0.0018322709947824398,-0.15954143597950488,-0.06591128309663455,0.005649028788237116
19.280000000000214,4.850291132926941,-0.7065617442131042,3.5563535690307617,1.537078229502647,-0.8159162151095312,0.14228801768590899,-0.11634801111795585,0.01954285567815169,0.0009575237669814881,-0.15800386667251587,-0.0704580545425415,-0.003622453194111577,-0.1579143253583073,-0.07040221684912522,0.0045820843989367735
19.290000000000216,4.850291132926941,-0.7065617442131042,3.5563535690307617,1.537078229502647,-0.8159162151095312,0.14228801768590899,-0.11634801111795585,0.01954285567815169,0.0009575237669814881,-0.15800386667251587,-0.0704580545425415,-0.003622453194111577,-0.1579143253583073,-0.07040221684912522,0.0045820843989367735
19.300000000000217,4.850291132926941,-0.7065617442131042,3.5563535690307617,1.537078229502647,-0.8159162151095312,0.14228801768590899,-0.11634801111795585,0.01954285567815169,0.0009575237669814881,-0.15800386667251587,-0.0704580545425415,-0.003622453194111577,-0.1579143253583073,-0.07040221684912522,0.0045820843989367735
19.31000000000022,4.894524097442627,-0.7279120683670044,3.5603528022766113,1.528025595743569,-0.7848638400160144,0.14125274148097694,-0.12241092796297284,0.016623404684083295,0.0011565620486440455,-0.14932772517204285,-0.07338419556617737,-0.004717115778475991,-0.14925659053214538,-0.07341105693988631,0.0042793830476220394
19.32000000000022,4.894524097442627,-0.7279120683670044,3.5603528022766113,1.528025595743569,-0.7848638400160144,0.14125274148097694,-0.12241092796297284,0.016623404684083295,0.0011565620486440455,-0.14932772517204285,-0.07338419556617737,-0.004717115778475991,-0.14925659053214538,-0.07341105693988631,0.0042793830476220394
19.330000000000222,4.894524097442627,-0.7279120683670044,3.5603528022766113,1.528025595743569,-0.7848638400160144,0.14125274148097694,-0.12241092796297284,0.016623404684083295,0.0011565620486440455,-0.14932772517204285,-0.07338419556617737,-0.004717115778475991,-0.14925659053214538,-0.07341105693988631,0.0042793830476220394
19.340000000000224,4.894524097442627,-0.7279120683670044,3.5603528022766113,1.528025595743569,-0.7848638400160144,0.14125274148097694,-0.12241092796297284,0.016623404684083295,0.0011565620486440455,-0.14932772517204285,-0.07338419556617737,-0.004717115778475991,-0.14925659053214538,-0.07341105693988631,0.0042793830476220394
19.350000000000225,4.956950902938843,-0.7569196224212646,3.566659688949585,1.5141418749994067,-0.7387683888505185,0.14503924583523667,-0.1280374079429313,0.013328001692423857,0.0013555307072238279,-0.1353158950805664,-0.08418003469705582,-0.00715552270412444,-0.13526722075881029,-0.08440464424628025,0.0036521426060911423
19.360000000000227,4.956950902938843,-0.7569196224212646,3.566659688949585,1.5141418749994067,-0.7387683888505185,0.14503924583523667,-0.1280374079429313,0.013328001692423857,0.0013555307072238279,-0.1353158950805664,-0.08418003469705582,-0.00715552270412444,-0.13526722075881029,-0.08440464424628025,0.0036521426060911423
19.37000000000023,4.956950902938843,-0.7569196224212646,3.566659688949585,1.5141418749994067,-0.7387683888505185,0.14503924583523667,-0.1280374079429313,0.013328001692423857,0.0013555307072238279,-0.1353158950805664,-0.08418003469705582,-0.00715552270412444,-0.13526722075881029,-0.08440464424628025,0.0036521426060911423
19.38000000000023,5.006265163421631,-0.7787923216819763,3.5720741748809814,1.5018664646274966,-0.7012003572837149,0.1513962644382529,-0.13072875739491746,0.011641960307546158,0.001474510576452725,-0.13466468453407288,-0.08595536649227142,-0.00579858198761939,-0.13460116597297672,-0.08597780708729649,0.00545612545265151
19.39000000000023,5.006265163421631,-0.7787923216819763,3.5720741748809814,1.5018664646274966,-0.7012003572837149,0.1513962644382529,-0.13072875739491746,0.011641960307546158,0.001474510576452725,-0.13466468453407288,-0.08595536649227142,-0.00579858198761939,-0.13460116597297672,-0.08597780708729649,0.00545612545265151
19.400000000000233,5.006265163421631,-0.7787923216819763,3.5720741748809814,1.5018664646274966,-0.7012003572837149,0.1513962644382529,-0.13072875739491746,0.011641960307546158,0.001474510576452725,-0.13466468453407288,-0.08595536649227142,-0.00579858198761939,-0.13460116597297672,-0.08597780708729649,0.00545612545265151
19.410000000000235,5.049088001251221,-0.7968867421150208,3.576853036880493,1.4903859184669854,-0.6676039727248333,0.1518666810167136,-0.13588978683115183,0.008264562667392655,0.001657047741904089,-0.12788133323192596,-0.0831414982676506,-0.006371315568685521,-0.12784041642410862,-0.0832381664848111,0.004950930286072914
19.420000000000236,5.049088001251221,-0.7968867421150208,3.576853036880493,1.4903859184669854,-0.6676039727248333,0.1518666810167136,-0.13588978683115183,0.008264562667392655,0.001657047741904089,-0.12788133323192596,-0.0831414982676506,-0.006371315568685521,-0.12784041642410862,-0.0832381664848111,0.004950930286072914
19.430000000000238,5.049088001251221,-0.7968867421150208,3.576853036880493,1.4903859184669854,-0.6676039727248333,0.1518666810167136,-0.13588978683115183,0.008264562667392655,0.001657047741904089,-0.12788133323192596,-0.0831414982676506,-0.006371315568685521,-0.12784041642410862,-0.0832381664848111,0.004950930286072914
19.44000000000024,5.109480142593384,-0.8210568428039551,3.5841195583343506,1.4730080306392397,-0.617375868153748,0.15555235776226056,-0.14092131032659563,0.005060829632254582,0.0017266787745525475,-0.12609240412712097,-0.07639854401350021,-0.008618378080427638,-0.12608128214982675,-0.07685170359812821,0.0021976682833742124
19.45000000000024,5.109480142593384,-0.8210568428039551,3.5841195583343506,1.4730080306392397,-0.617375868153748,0.15555235776226056,-0.14092131032659563,0.005060829632254582,0.0017266787745525475,-0.12609240412712097,-0.07639854401350021,-0.008618378080427638,-0.12608128214982675,-0.07685170359812821,0.0021976682833742124
19.460000000000242,5.109480142593384,-0.8210568428039551,3.5841195583343506,1.4730080306392397,-0.617375868153748,0.15555235776226056,-0.14092131032659563,0.005060829632254582,0.0017266787745525475,-0.12609240412712097,-0.07639854401350021,-0.008618378080427638,-0.12608128214982675,-0.07685170359812821,0.0021976682833742124
19.470000000000244,5.109480142593384,-0.8210568428039551,3.5841195583343506,1.4730080306392397,-0.617375868153748,0.15555235776226056,-0.14092131032659563,0.005060829632254582,0.0017266787745525475,-0.12609240412712097,-0.07639854401350021,-0.008618378080427638,-0.12608128214982675,-0.07685170359812821,0.0021976682833742124
19.480000000000246,5.157108783721924,-0.8389236927032471,3.5902559757232666,1.4587870280806956,-0.576688955720352,0.16162290565072351,-0.14343090691964613,0.003507537865177888,0.0017733307067213503,-0.12600934505462646,-0.07736866921186447,-0.007890291512012473,-0.12599794628404076,-0.07770203736364524,0.003249799259968008
19.490000000000247,5.157108783721924,-0.8389236927032471,3.5902559757232666,1.4587870280806956,-0.576688955720352,0.16162290565072351,-0.14343090691964613,0.003507537865177888,0.0017733307067213503,-0.12600934505462646,-0.07736866921186447,-0.007890291512012473,-0.12599794628404076,-0.07770203736364524,0.003249799259968008
19.50000000000025,5.157108783721924,-0.8389236927032471,3.5902559757232666,1.4587870280806956,-0.576688955720352,0.16162290565072351,-0.14343090691964613,0.003507537865177888,0.0017733307067213503,-0.12600934505462646,-0.07736866921186447,-0.007890291512012473,-0.12599794628404076,-0.07770203736364524,0.003249799259968008
19.51000000000025,5.198394775390625,-0.8534292578697205,3.5957164764404297,1.4460787508999695,-0.5410806419642715,0.16378838304454996,-0.14831649717160822,0.0005313394013350898,0.0018730102844997812,-0.1197519451379776,-0.0743095874786377,-0.007968681864440432,-0.11975029810316067,-0.07467132014842655,0.00309977933180456
19.520000000000252,5.198394775390625,-0.8534292578697205,3.5957164764404297,1.4460787508999695,-0.5410806419642715,0.16378838304454996,-0.14831649717160822,0.0005313394013350898,0.0018730102844997812,-0.1197519451379776,-0.0743095874786377,-0.007968681864440432,-0.11975029810316067,-0.07467132014842655,0.00309977933180456
19.530000000000253,5.198394775390625,-0.8534292578697205,3.5957164764404297,1.4460787508999695,-0.5410806419642715,0.16378838304454996,-0.14831649717160822,0.0005313394013350898,0.0018730102844997812,-0.1197519451379776,-0.0743095874786377,-0.007968681864440432,-0.11975029810316067,-0.07467132014842655,0.00309977933180456
19.540000000000255,5.198394775390625,-0.8534292578697205,3.5957164764404297,1.4460787508999695,-0.5410806419642715,0.16378838304454996,-0.14831649717160822,0.0005313394013350898,0.0018730102844997812,-0.1197519451379776,-0.0743095874786377,-0.007968681864440432,-0.11975029810316067,-0.07467132014842655,0.00309977933180456
19.550000000000257,5.256539344787598,-0.8723927736282349,3.6040456295013428,1.426777317051315,-0.4885803009660791,0.17144096200091014,-0.15293840238483358,-0.002236538055921419,0.001926596902485618,-0.11688073724508286,-0.06820710003376007,-0.010977539233863345,-0.11687971170268686,-0.06908331639635734,-0.0004585404877255521
19.560000000000258,5.256539344787598,-0.8723927736282349,3.6040456295013428,1.426777317051315,-0.4885803009660791,0.17144096200091014,-0.15293840238483358,-0.002236538055921419,0.001926596902485618,-0.11688073724508286,-0.06820710003376007,-0.010977539233863345,-0.11687971170268686,-0.06908331639635734,-0.0004585404877255521
19.57000000000026,5.256539344787598,-0.8723927736282349,3.6040456295013428,1.426777317051315,-0.4885803009660791,0.17144096200091014,-0.15293840238483358,-0.002236538055921419,0.001926596902485618,-0.11688073724508286,-0.06820710003376007,-0.010977539233863345,-0.11687971170268686,-0.06908331639635734,-0.0004585404877255521
19.58000000000026,5.302398681640625,-0.8860212564468384,3.611105442047119,1.410084489634874,-0.4454254850270242,0.1794961495355769,-0.1551622901883194,-0.0035998953814770354,0.001973937344141336,-0.10922757536172867,-0.06865648180246353,-0.008137039840221396,-0.10923683043688888,-0.06908917637679902,0.002570934477058294
19.590000000000263,5.302398681640625,-0.8860212564468384,3.611105442047119,1.410084489634874,-0.4454254850270242,0.1794961495355769,-0.1551622901883194,-0.0035998953814770354,0.001973937344141336,-0.10922757536172867,-0.06865648180246353,-0.008137039840221396,-0.10923683043688888,-0.06908917637679902,0.002570934477058294
19.600000000000264,5.302398681640625,-0.8860212564468384,3.611105442047119,1.410084489634874,-0.4454254850270242,0.1794961495355769,-0.1551622901883194,-0.0035998953814770354,0.001973937344141336,-0.10922757536172867,-0.06865648180246353,-0.008137039840221396,-0.10923683043688888,-0.06908917637679902,0.002570934477058294
19.610000000000266,5.3431313037872314,-0.8969886302947998,3.6149492263793945,1.3965717083564835,-0.40677726910556455,0.18319786815529984,-0.15947409061847975,-0.006188648648818965,0.001981128338922793,-0.10528450459241867,-0.06647473573684692,-0.011416244320571414,-0.10528007803207287,-0.067444121510032,-0.0007152754749661143
19.620000000000267,5.3431313037872314,-0.8969886302947998,3.6149492263793945,1.3965717083564835,-0.40677726910556455,0.18319786815529984,-0.15947409061847975,-0.006188648648818965,0.001981128338922793,-0.10528450459241867,-0.06647473573684692,-0.011416244320571414,-0.10528007803207287,-0.067444121510032,-0.0007152754749661143
19.63000000000027,5.3431313037872314,-0.8969886302947998,3.6149492263793945,1.3965717083564835,-0.40677726910556455,0.18319786815529984,-0.15947409061847975,-0.006188648648818965,0.001981128338922793,-0.10528450459241867,-0.06647473573684692,-0.011416244320571414,-0.10528007803207287,-0.067444121510032,-0.0007152754749661143
19.64000000000027,5.3431313037872314,-0.8969886302947998,3.6149492263793945,1.3965717083564835,-0.40677726910556455,0.18319786815529984,-0.15947409061847975,-0.006188648648818965,0.001981128338922793,-0.10528450459241867,-0.06647473573684692,-0.011416244320571414,-0.10528007803207287,-0.067444121510032,-0.0007152754749661143
19.650000000000272,5.400254726409912,-0.9107013940811157,3.621387243270874,1.3754371531774539,-0.3512687514146363,0.19036839042892564,-0.16341027809326283,-0.008863594752915952,0.001941188557343522,-0.0972900390625,-0.06666126847267151,-0.010935219004750243,-0.0972905281585297,-0.06755220710205379,5.518104646787511e-05
19.660000000000274,5.400254726409912,-0.9107013940811157,3.621387243270874,1.3754371531774539,-0.3512687514146363,0.19036839042892564,-0.16341027809326283,-0.008863594752915952,0.001941188557343522,-0.0972900390625,-0.06666126847267151,-0.010935219004750243,-0.0972905281585297,-0.06755220710205379,5.518104646787511e-05
19.670000000000275,5.400254726409912,-0.9107013940811157,3.621387243270874,1.3754371531774539,-0.3512687514146363,0.19036839042892564,-0.16341027809326283,-0.008863594752915952,0.001941188557343522,-0.0972900390625,-0.06666126847267151,-0.010935219004750243,-0.0972905281585297,-0.06755220710205379,5.518104646787511e-05
19.680000000000277,5.445096969604492,-0.9200024008750916,3.627227306365967,1.3578904160699907,-0.3059500073177085,0.20067405085577916,-0.16484998478592341,-0.009990179952060358,0.001979098852915025,-0.08985624462366104,-0.06969102472066879,-0.009180581197142592,-0.0898800268433433,-0.07025279574763545,0.0023805992878230525
19.69000000000028,5.445096969604492,-0.9200024008750916,3.627227306365967,1.3578904160699907,-0.3059500073177085,0.20067405085577916,-0.16484998478592341,-0.009990179952060358,0.001979098852915025,-0.08985624462366104,-0.06969102472066879,-0.009180581197142592,-0.0898800268433433,-0.07025279574763545,0.0023805992878230525
19.70000000000028,5.445096969604492,-0.9200024008750916,3.627227306365967,1.3578904160699907,-0.3059500073177085,0.20067405085577916,-0.16484998478592341,-0.009990179952060358,0.001979098852915025,-0.08985624462366104,-0.06969102472066879,-0.009180581197142592,-0.0898800268433433,-0.07025279574763545,0.0023805992878230525
19.71000000000028,5.483892917633057,-0.9269156455993652,3.6324212551116943,1.3425496760656812,-0.26591274941036863,0.20807687297280908,-0.16833180764186334,-0.01285356440670595,0.00203863868261118,-0.08129546046257019,-0.07205609977245331,-0.010248238220810882,-0.08132076727099398,-0.07275460079472479,0.001968909516208753
19.720000000000283,5.483892917633057,-0.9269156455993652,3.6324212551116943,1.3425496760656812,-0.26591274941036863,0.20807687297280908,-0.16833180764186334,-0.01285356440670595,0.00203863868261118,-0.08129546046257019,-0.07205609977245331,-0.010248238220810882,-0.08132076727099398,-0.07275460079472479,0.001968909516208753
19.730000000000285,5.483892917633057,-0.9269156455993652,3.6324212551116943,1.3425496760656812,-0.26591274941036863,0.20807687297280908,-0.16833180764186334,-0.01285356440670595,0.00203863868261118,-0.08129546046257019,-0.07205609977245331,-0.010248238220810882,-0.08132076727099398,-0.07275460079472479,0.001968909516208753
19.740000000000286,5.538247346878052,-0.9347567558288574,3.640247106552124,1.3192009850909086,-0.2086349490785072,0.2212822172891615,-0.1716072689729104,-0.016141400138221487,0.002119016964965092,-0.06961490213871002,-0.07378523796796799,-0.011174827814102164,-0.06964055853546974,-0.07460973205884779,0.001589546797716214
19.750000000000288,5.538247346878052,-0.9347567558288574,3.640247106552124,1.3192009850909086,-0.2086349490785072,0.2212822172891615,-0.1716072689729104,-0.016141400138221487,0.002119016964965092,-0.06961490213871002,-0.07378523796796799,-0.011174827814102164,-0.06964055853546974,-0.07460973205884779,0.001589546797716214
19.76000000000029,5.538247346878052,-0.9347567558288574,3.640247106552124,1.3192009850909086,-0.2086349490785072,0.2212822172891615,-0.1716072689729104,-0.016141400138221487,0.002119016964965092,-0.06961490213871002,-0.07378523796796799,-0.011174827814102164,-0.06964055853546974,-0.07460973205884779,0.001589546797716214
19.77000000000029,5.538247346878052,-0.9347567558288574,3.640247106552124,1.3192009850909086,-0.2086349490785072,0.2212822172891615,-0.1716072689729104,-0.016141400138221487,0.002119016964965092,-0.06961490213871002,-0.07378523796796799,-0.011174827814102164,-0.06964055853546974,-0.07460973205884779,0.001589546797716214
19.780000000000292,5.580876111984253,-0.9392964243888855,3.647050380706787,1.299776762552197,-0.16246276642262758,0.23329434753566136,-0.17284957221143485,-0.017604072465899092,0.00213109382687819,-0.06089393049478531,-0.0719618871808052,-0.012680532410740844,-0.06089190864153586,-0.07307048597561387,-0.0001148573824039324
19.790000000000294,5.580876111984253,-0.9392964243888855,3.647050380706787,1.299776762552197,-0.16246276642262758,0.23329434753566136,-0.17284957221143485,-0.017604072465899092,0.00213109382687819,-0.06089393049478531,-0.0719618871808052,-0.012680532410740844,-0.06089190864153586,-0.07307048597561387,-0.0001148573824039324
19.800000000000296,5.580876111984253,-0.9392964243888855,3.647050380706787,1.299776762552197,-0.16246276642262758,0.23329434753566136,-0.17284957221143485,-0.017604072465899092,0.00213109382687819,-0.06089393049478531,-0.0719618871808052,-0.012680532410740844,-0.06089190864153586,-0.07307048597561387,-0.0001148573824039324
19.810000000000297,5.617687225341797,-0.9420367479324341,3.6528797149658203,1.28279030533481,-0.12226389022923136,0.240357302436008,-0.17512223732682478,-0.02060058546249128,0.002193867911234505,-0.054897457361221313,-0.0735786110162735,-0.013713687658309928,-0.0548833553222637,-0.0748425598055431,-0.0006845939635833349
19.8200000000003,5.617687225341797,-0.9420367479324341,3.6528797149658203,1.28279030533481,-0.12226389022923136,0.240357302436008,-0.17512223732682478,-0.02060058546249128,0.002193867911234505,-0.054897457361221313,-0.0735786110162735,-0.013713687658309928,-0.0548833553222637,-0.0748425598055431,-0.0006845939635833349
19.8300000000003,5.617687225341797,-0.9420367479324341,3.6528797149658203,1.28279030533481,-0.12226389022923136,0.240357302436008,-0.17512223732682478,-0.02060058546249128,0.002193867911234505,-0.054897457361221313,-0.0735786110162735,-0.013713687658309928,-0.0548833553222637,-0.0748425598055431,-0.0006845939635833349
19.840000000000302,5.66919207572937,-0.943907618522644,3.661771774291992,1.257500125645973,-0.06408794977386602,0.25170640613156675,-0.17699951899345961,-0.023426544144708582,0.0022248400249154144,-0.04451896995306015,-0.06718659400939941,-0.011607794091105452,-0.04452842568268078,-0.06818076296240712,0.0004036700635974421
19.850000000000303,5.66919207572937,-0.943907618522644,3.661771774291992,1.257500125645973,-0.06408794977386602,0.25170640613156675,-0.17699951899345961,-0.023426544144708582,0.0022248400249154144,-0.04451896995306015,-0.06718659400939941,-0.011607794091105452,-0.04452842568268078,-0.06818076296240712,0.0004036700635974421
19.860000000000305,5.66919207572937,-0.943907618522644,3.661771774291992,1.257500125645973,-0.06408794977386602,0.25170640613156675,-0.17699951899345961,-0.023426544144708582,0.0022248400249154144,-0.04451896995306015,-0.06718659400939941,-0.011607794091105452,-0.04452842568268078,-0.06818076296240712,0.0004036700635974421
19.870000000000307,5.66919207572937,-0.943907618522644,3.661771774291992,1.257500125645973,-0.06408794977386602,0.25170640613156675,-0.17699951899345961,-0.023426544144708582,0.0022248400249154144,-0.04451896995306015,-0.06718659400939941,-0.011607794091105452,-0.04452842568268078,-0.06818076296240712,0.0004036700635974421
19.880000000000308,5.7095255851745605,-0.943687915802002,3.6691582202911377,1.2367269842495217,-0.017659172336288005,0.26183715100258553,-0.1778240175314239,-0.024783317756339525,0.0022499270011041564,-0.04039206728339195,-0.06718125939369202,-0.010422907769680015,-0.040432349221075366,-0.06796556400376276,0.001625531415482399
19.89000000000031,5.7095255851745605,-0.943687915802002,3.6691582202911377,1.2367269842495217,-0.017659172336288005,0.26183715100258553,-0.1778240175314239,-0.024783317756339525,0.0022499270011041564,-0.04039206728339195,-0.06718125939369202,-0.010422907769680015,-0.040432349221075366,-0.06796556400376276,0.001625531415482399
19.90000000000031,5.7095255851745605,-0.943687915802002,3.6691582202911377,1.2367269842495217,-0.017659172336288005,0.26183715100258553,-0.1778240175314239,-0.024783317756339525,0.0022499270011041564,-0.04039206728339195,-0.06718125939369202,-0.010422907769680015,-0.040432349221075366,-0.06796556400376276,0.001625531415482399
19.910000000000313,5.74426007270813,-0.9422516822814941,3.675563335418701,1.217886192404789,0.022785261975449438,0.26870649316588574,-0.17930127716070948,-0.027556569043365193,0.002274458281059254,-0.03557882457971573,-0.06893312931060791,-0.011339784599840632,-0.03561012815187232,-0.06985039187765246,0.0011361187331374526
19.920000000000314,5.74426007270813,-0.9422516822814941,3.675563335418701,1.217886192404789,0.022785261975449438,0.26870649316588574,-0.17930127716070948,-0.027556569043365193,0.002274458281059254,-0.03557882457971573,-0.06893312931060791,-0.011339784599840632,-0.03561012815187232,-0.06985039187765246,0.0011361187331374526
19.930000000000316,5.74426007270813,-0.9422516822814941,3.675563335418701,1.217886192404789,0.022785261975449438,0.26870649316588574,-0.17930127716070948,-0.027556569043365193,0.002274458281059254,-0.03557882457971573,-0.06893312931060791,-0.011339784599840632,-0.03561012815187232,-0.06985039187765246,0.0011361187331374526
19.940000000000317,5.74426007270813,-0.9422516822814941,3.675563335418701,1.217886192404789,0.022785261975449438,0.26870649316588574,-0.17930127716070948,-0.027556569043365193,0.002274458281059254,-0.03557882457971573,-0.06893312931060791,-0.011339784599840632,-0.03561012815187232,-0.06985039187765246,0.0011361187331374526
19.95000000000032,5.792750835418701,-0.9381495714187622,3.685231924057007,1.190317825499349,0.07956001526341719,0.2813731576107176,-0.18047354988281603,-0.03000656860457248,0.002242345767345703,-0.031204095110297203,-0.061091311275959015,-0.013289585709571831,-0.031140818239018712,-0.062484535456410334,-0.0021090838075361615
19.96000000000032,5.792750835418701,-0.9381495714187622,3.685231924057007,1.190317825499349,0.07956001526341719,0.2813731576107176,-0.18047354988281603,-0.03000656860457248,0.002242345767345703,-0.031204095110297203,-0.061091311275959015,-0.013289585709571831,-0.031140818239018712,-0.062484535456410334,-0.0021090838075361615
19.970000000000322,5.792750835418701,-0.9381495714187622,3.685231924057007,1.190317825499349,0.07956001526341719,0.2813731576107176,-0.18047354988281603,-0.03000656860457248,0.002242345767345703,-0.031204095110297203,-0.061091311275959015,-0.013289585709571831,-0.031140818239018712,-0.062484535456410334,-0.0021090838075361615
19.980000000000324,5.830630540847778,-0.9331785440444946,3.693195343017578,1.1677236333791756,0.12510758322111165,0.292023342801226,-0.18112311813253673,-0.03155946229976377,0.0022387159918507283,-0.026228489354252815,-0.06306380778551102,-0.01130157429724931,-0.026236169062060104,-0.06406801275619178,0.00024338129444493147
19.990000000000325,5.830630540847778,-0.9331785440444946,3.693195343017578,1.1677236333791756,0.12510758322111165,0.292023342801226,-0.18112311813253673,-0.03155946229976377,0.0022387159918507283,-0.026228489354252815,-0.06306380778551102,-0.01130157429724931,-0.026236169062060104,-0.06406801275619178,0.00024338129444493147
20.000000000000327,5.830630540847778,-0.9331785440444946,3.693195343017578,1.1677236333791756,0.12510758322111165,0.292023342801226,-0.18112311813253673,-0.03155946229976377,0.0022387159918507283,-0.026228489354252815,-0.06306380778551102,-0.01130157429724931,-0.026236169062060104,-0.06406801275619178,0.00024338129444493147
20.01000000000033,5.8645179271698,-0.9285632967948914,3.697364568710327,1.1492745783959173,0.16434985290909543,0.2982748115838672,-0.18206347645299503,-0.03404715345758075,0.0023030080458703137,-0.021191492676734924,-0.06037820503115654,-0.009195812046527856,-0.02125580577386797,-0.061045272194842966,0.0018893069659109319
20.02000000000033,5.8645179271698,-0.9285632967948914,3.697364568710327,1.1492745783959173,0.16434985290909543,0.2982748115838672,-0.18206347645299503,-0.03404715345758075,0.0023030080458703137,-0.021191492676734924,-0.06037820503115654,-0.009195812046527856,-0.02125580577386797,-0.061045272194842966,0.0018893069659109319
20.03000000000033,5.8645179271698,-0.9285632967948914,3.697364568710327,1.1492745783959173,0.16434985290909543,0.2982748115838672,-0.18206347645299503,-0.03404715345758075,0.0023030080458703137,-0.021191492676734924,-0.06037820503115654,-0.009195812046527856,-0.02125580577386797,-0.061045272194842966,0.0018893069659109319
20.040000000000333,5.8645179271698,-0.9285632967948914,3.697364568710327,1.1492745783959173,0.16434985290909543,0.2982748115838672,-0.18206347645299503,-0.03404715345758075,0.0023030080458703137,-0.021191492676734924,-0.06037820503115654,-0.009195812046527856,-0.02125580577386797,-0.061045272194842966,0.0018893069659109319
20.050000000000335,5.911563396453857,-0.9198000431060791,3.704131841659546,1.1214782053833074,0.2208044360940681,0.30911273217339935,-0.1827033056105903,-0.0362647062747094,0.0023392017715729747,-0.015122395008802414,-0.06288449466228485,-0.01061159931123256,-0.015158327734060636,-0.06376585916066119,0.0009910628317865745
20.060000000000336,5.911563396453857,-0.9198000431060791,3.704131841659546,1.1214782053833074,0.2208044360940681,0.30911273217339935,-0.1827033056105903,-0.0362647062747094,0.0023392017715729747,-0.015122395008802414,-0.06288449466228485,-0.01061159931123256,-0.015158327734060636,-0.06376585916066119,0.0009910628317865745
20.070000000000338,5.911563396453857,-0.9198000431060791,3.704131841659546,1.1214782053833074,0.2208044360940681,0.30911273217339935,-0.1827033056105903,-0.0362647062747094,0.0023392017715729747,-0.015122395008802414,-0.06288449466228485,-0.01061159931123256,-0.015158327734060636,-0.06376585916066119,0.0009910628317865745
20.08000000000034,5.948094367980957,-0.9109790921211243,3.7103803157806396,1.0975744016659983,0.2649653961194388,0.32070354282476177,-0.1830428298396799,-0.03783306827172296,0.002378293018723623,-0.014653393067419529,-0.06563214212656021,-0.010621877387166015,-0.014710248803904548,-0.06646913637353397,0.0015031638900346244
20.09000000000034,5.948094367980957,-0.9109790921211243,3.7103803157806396,1.0975744016659983,0.2649653961194388,0.32070354282476177,-0.1830428298396799,-0.03783306827172296,0.002378293018723623,-0.014653393067419529,-0.06563214212656021,-0.010621877387166015,-0.014710248803904548,-0.06646913637353397,0.0015031638900346244
20.100000000000342,5.948094367980957,-0.9109790921211243,3.7103803157806396,1.0975744016659983,0.2649653961194388,0.32070354282476177,-0.1830428298396799,-0.03783306827172296,0.002378293018723623,-0.014653393067419529,-0.06563214212656021,-0.010621877387166015,-0.014710248803904548,-0.06646913637353397,0.0015031638900346244
20.110000000000344,5.979467391967773,-0.902081310749054,3.71567964553833,1.077074819571784,0.3042743541385592,0.33045514561214645,-0.1833348078493072,-0.040752101344255894,0.002446428340820417,-0.003674146719276905,-0.07731460779905319,-0.013832414522767058,-0.003694313377975815,-0.07854068788547017,0.000494998810458927
20.120000000000346,5.979467391967773,-0.902081310749054,3.71567964553833,1.077074819571784,0.3042743541385592,0.33045514561214645,-0.1833348078493072,-0.040752101344255894,0.002446428340820417,-0.003674146719276905,-0.07731460779905319,-0.013832414522767058,-0.003694313377975815,-0.07854068788547017,0.000494998810458927
20.130000000000347,5.979467391967773,-0.902081310749054,3.71567964553833,1.077074819571784,0.3042743541385592,0.33045514561214645,-0.1833348078493072,-0.040752101344255894,0.002446428340820417,-0.003674146719276905,-0.07731460779905319,-0.013832414522767058,-0.003694313377975815,-0.07854068788547017,0.000494998810458927
20.14000000000035,6.022946357727051,-0.8872463703155518,3.724334716796875,1.0471052321210026,0.3598100420173368,0.3464658558737645,-0.18325352075507878,-0.043981504789837415,0.002486981371932829,0.005657578352838755,-0.08224935829639435,-0.01247315201908349,0.005537697008388065,-0.08314515308507975,0.0027266007142999894
20.15000000000035,6.022946357727051,-0.8872463703155518,3.724334716796875,1.0471052321210026,0.3598100420173368,0.3464658558737645,-0.18325352075507878,-0.043981504789837415,0.002486981371932829,0.005657578352838755,-0.08224935829639435,-0.01247315201908349,0.005537697008388065,-0.08314515308507975,0.0027266007142999894
20.160000000000352,6.022946357727051,-0.8872463703155518,3.724334716796875,1.0471052321210026,0.3598100420173368,0.3464658558737645,-0.18325352075507878,-0.043981504789837415,0.002486981371932829,0.005657578352838755,-0.08224935829639435,-0.01247315201908349,0.005537697008388065,-0.08314515308507975,0.0027266007142999894
20.170000000000353,6.022946357727051,-0.8872463703155518,3.724334716796875,1.0471052321210026,0.3598100420173368,0.3464658558737645,-0.18325352075507878,-0.043981504789837415,0.002486981371932829,0.005657578352838755,-0.08224935829639435,-0.01247315201908349,0.005537697008388065,-0.08314515308507975,0.0027266007142999894
20.180000000000355,6.056616306304932,-0.8736401796340942,3.7319846153259277,1.021535219182044,0.40338718779854293,0.359739075563369,-0.18302912859449647,-0.04548108770665053,0.0025208714397088683,0.009407665580511093,-0.07544824481010437,-0.013553008437156669,0.009389204631606451,-0.07665479209964403,0.0004060438277648885
20.190000000000357,6.056616306304932,-0.8736401796340942,3.7319846153259277,1.021535219182044,0.40338718779854293,0.359739075563369,-0.18302912859449647,-0.04548108770665053,0.0025208714397088683,0.009407665580511093,-0.07544824481010437,-0.013553008437156669,0.009389204631606451,-0.07665479209964403,0.0004060438277648885
20.200000000000358,6.056616306304932,-0.8736401796340942,3.7319846153259277,1.021535219182044,0.40338718779854293,0.359739075563369,-0.18302912859449647,-0.04548108770665053,0.0025208714397088683,0.009407665580511093,-0.07544824481010437,-0.013553008437156669,0.009389204631606451,-0.07665479209964403,0.0004060438277648885
20.21000000000036,6.085418462753296,-0.8605570197105408,3.738593816757202,0.9991596309607964,0.44192466156375887,0.3678481925424583,-0.18194972236573723,-0.04829196581890138,0.002567117218317329,0.03209700435400009,-0.0694863498210907,-0.011761108413338653,0.03204836487242545,-0.07046746494188637,0.001007587729420581
20.22000000000036,6.085418462753296,-0.8605570197105408,3.738593816757202,0.9991596309607964,0.44192466156375887,0.3678481925424583,-0.18194972236573723,-0.04829196581890138,0.002567117218317329,0.03209700435400009,-0.0694863498210907,-0.011761108413338653,0.03204836487242545,-0.07046746494188637,0.001007587729420581
20.230000000000363,6.085418462753296,-0.8605570197105408,3.738593816757202,0.9991596309607964,0.44192466156375887,0.3678481925424583,-0.18194972236573723,-0.04829196581890138,0.002567117218317329,0.03209700435400009,-0.0694863498210907,-0.011761108413338653,0.03204836487242545,-0.07046746494188637,0.001007587729420581
20.240000000000364,6.085418462753296,-0.8605570197105408,3.738593816757202,0.9991596309607964,0.44192466156375887,0.3678481925424583,-0.18194972236573723,-0.04829196581890138,0.002567117218317329,0.03209700435400009,-0.0694863498210907,-0.011761108413338653,0.03204836487242545,-0.07046746494188637,0.001007587729420581
20.250000000000366,6.125190734863281,-0.8398840427398682,3.7484631538391113,0.9664823453907895,0.49605281353413894,0.3782029268537463,-0.18028352332067119,-0.050943483477526925,0.002567048023849404,0.04719485342502594,-0.0641326829791069,-0.013114187866449347,0.04726634360126951,-0.06544476327115267,-0.0014039304552729299
20.260000000000367,6.125190734863281,-0.8398840427398682,3.7484631538391113,0.9664823453907895,0.49605281353413894,0.3782029268537463,-0.18028352332067119,-0.050943483477526925,0.002567048023849404,0.04719485342502594,-0.0641326829791069,-0.013114187866449347,0.04726634360126951,-0.06544476327115267,-0.0014039304552729299
20.27000000000037,6.125190734863281,-0.8398840427398682,3.7484631538391113,0.9664823453907895,0.49605281353413894,0.3782029268537463,-0.18028352332067119,-0.050943483477526925,0.002567048023849404,0.04719485342502594,-0.0641326829791069,-0.013114187866449347,0.04726634360126951,-0.06544476327115267,-0.0014039304552729299
20.28000000000037,6.155876398086548,-0.8217312097549438,3.756802558898926,0.9399085268747088,0.537672507355705,0.38565651780727694,-0.17928138208804859,-0.05222023942111817,0.002537334449615552,0.050242673605680466,-0.06246079504489899,-0.01223467290401458,0.050289736036716826,-0.06364139690409355,-0.0009016394385519535
20.290000000000372,6.155876398086548,-0.8217312097549438,3.756802558898926,0.9399085268747088,0.537672507355705,0.38565651780727694,-0.17928138208804859,-0.05222023942111817,0.002537334449615552,0.050242673605680466,-0.06246079504489899,-0.01223467290401458,0.050289736036716826,-0.06364139690409355,-0.0009016394385519535
20.300000000000374,6.155876398086548,-0.8217312097549438,3.756802558898926,0.9399085268747088,0.537672507355705,0.38565651780727694,-0.17928138208804859,-0.05222023942111817,0.002537334449615552,0.050242673605680466,-0.06246079504489899,-0.01223467290401458,0.050289736036716826,-0.06364139690409355,-0.0009016394385519535
20.310000000000375,6.182021856307983,-0.8047611713409424,3.763911247253418,0.916197040405129,0.5744078119979051,0.38935987788574167,-0.17695372550497404,-0.054603087828967826,0.002478390843405919,0.06024083495140076,-0.057935114949941635,-0.013976121321320527,0.06043538590467184,-0.05949066942434227,-0.003564773901423122
20.320000000000377,6.182021856307983,-0.8047611713409424,3.763911247253418,0.916197040405129,0.5744078119979051,0.38935987788574167,-0.17695372550497404,-0.054603087828967826,0.002478390843405919,0.06024083495140076,-0.057935114949941635,-0.013976121321320527,0.06043538590467184,-0.05949066942434227,-0.003564773901423122
20.33000000000038,6.182021856307983,-0.8047611713409424,3.763911247253418,0.916197040405129,0.5744078119979051,0.38935987788574167,-0.17695372550497404,-0.054603087828967826,0.002478390843405919,0.06024083495140076,-0.057935114949941635,-0.013976121321320527,0.06043538590467184,-0.05949066942434227,-0.003564773901423122
20.34000000000038,6.218039512634277,-0.778718888759613,3.7745416164398193,0.8822956154786891,0.6250326468363839,0.398288267802058,-0.1744180090019445,-0.05689626490978846,0.002363539605110386,0.06551546603441238,-0.05519413203001022,-0.012903654947876923,0.06569373024747421,-0.05659594602413127,-0.0031348354539509206
20.35000000000038,6.218039512634277,-0.778718888759613,3.7745416164398193,0.8822956154786891,0.6250326468363839,0.398288267802058,-0.1744180090019445,-0.05689626490978846,0.002363539605110386,0.06551546603441238,-0.05519413203001022,-0.012903654947876923,0.06569373024747421,-0.05659594602413127,-0.0031348354539509206
20.360000000000383,6.218039512634277,-0.778718888759613,3.7745416164398193,0.8822956154786891,0.6250326468363839,0.398288267802058,-0.1744180090019445,-0.05689626490978846,0.002363539605110386,0.06551546603441238,-0.05519413203001022,-0.012903654947876923,0.06569373024747421,-0.05659594602413127,-0.0031348354539509206
20.370000000000385,6.218039512634277,-0.778718888759613,3.7745416164398193,0.8822956154786891,0.6250326468363839,0.398288267802058,-0.1744180090019445,-0.05689626490978846,0.002363539605110386,0.06551546603441238,-0.05519413203001022,-0.012903654947876923,0.06569373024747421,-0.05659594602413127,-0.0031348354539509206
20.380000000000386,6.245723485946655,-0.7564111351966858,3.783257484436035,0.8542047901299055,0.6637151529355894,0.40733634049762557,-0.17302923113630514,-0.058080179223787984,0.0023053891475629078,0.06908655166625977,-0.05831054970622063,-0.013477771542966359,0.06927478970860747,-0.05976027146819682,-0.003242825991944105
20.390000000000388,6.245723485946655,-0.7564111351966858,3.783257484436035,0.8542047901299055,0.6637151529355894,0.40733634049762557,-0.17302923113630514,-0.058080179223787984,0.0023053891475629078,0.06908655166625977,-0.05831054970622063,-0.013477771542966359,0.06927478970860747,-0.05976027146819682,-0.003242825991944105
20.40000000000039,6.245723485946655,-0.7564111351966858,3.783257484436035,0.8542047901299055,0.6637151529355894,0.40733634049762557,-0.17302923113630514,-0.058080179223787984,0.0023053891475629078,0.06908655166625977,-0.05831054970622063,-0.013477771542966359,0.06927478970860747,-0.05976027146819682,-0.003242825991944105
20.41000000000039,6.268651485443115,-0.7363455295562744,3.7893431186676025,0.8295843778495656,0.6977887695569019,0.41099332477160533,-0.17007194273378953,-0.06025952213299766,0.0022113066432400035,0.07479932904243469,-0.05026599392294884,-0.010181969031691544,0.0748914801942022,-0.05126411735996637,-0.0015301639005747365
20.420000000000393,6.268651485443115,-0.7363455295562744,3.7893431186676025,0.8295843778495656,0.6977887695569019,0.41099332477160533,-0.17007194273378953,-0.06025952213299766,0.0022113066432400035,0.07479932904243469,-0.05026599392294884,-0.010181969031691544,0.0748914801942022,-0.05126411735996637,-0.0015301639005747365
20.430000000000394,6.268651485443115,-0.7363455295562744,3.7893431186676025,0.8295843778495656,0.6977887695569019,0.41099332477160533,-0.17007194273378953,-0.06025952213299766,0.0022113066432400035,0.07479932904243469,-0.05026599392294884,-0.010181969031691544,0.0748914801942022,-0.05126411735996637,-0.0015301639005747365
20.440000000000396,6.300153017044067,-0.7059367299079895,3.798720598220825,0.7930837130635192,0.743418433801751,0.41929265188499454,-0.16707601611668874,-0.06217221804356677,0.002155030067047293,0.08851345628499985,-0.05475188419222832,-0.011470901779830449,0.08865078176579534,-0.055897085940882975,-0.0022102153394899524
20.450000000000397,6.300153017044067,-0.7059367299079895,3.798720598220825,0.7930837130635192,0.743418433801751,0.41929265188499454,-0.16707601611668874,-0.06217221804356677,0.002155030067047293,0.08851345628499985,-0.05475188419222832,-0.011470901779830449,0.08865078176579534,-0.055897085940882975,-0.0022102153394899524
20.4600000000004,6.300153017044067,-0.7059367299079895,3.798720598220825,0.7930837130635192,0.743418433801751,0.41929265188499454,-0.16707601611668874,-0.06217221804356677,0.002155030067047293,0.08851345628499985,-0.05475188419222832,-0.011470901779830449,0.08865078176579534,-0.055897085940882975,-0.0022102153394899524
20.4700000000004,6.300153017044067,-0.7059367299079895,3.798720598220825,0.7930837130635192,0.743418433801751,0.41929265188499454,-0.16707601611668874,-0.06217221804356677,0.002155030067047293,0.08851345628499985,-0.05475188419222832,-0.011470901779830449,0.08865078176579534,-0.055897085940882975,-0.0022102153394899524
20.480000000000402,6.32427453994751,-0.6802120804786682,3.806825637817383,0.7638949452260643,0.7788485862589715,0.42604549102369677,-0.16479833455693904,-0.0634423316548069,0.00209873014526697,0.09560313075780869,-0.05131787806749344,-0.010815537534654134,0.09574607610668459,-0.052396921426116856,-0.0022546662617198786
20.490000000000403,6.32427453994751,-0.6802120804786682,3.806825637817383,0.7638949452260643,0.7788485862589715,0.42604549102369677,-0.16479833455693904,-0.0634423316548069,0.00209873014526697,0.09560313075780869,-0.05131787806749344,-0.010815537534654134,0.09574607610668459,-0.052396921426116856,-0.0022546662617198786
20.500000000000405,6.32427453994751,-0.6802120804786682,3.806825637817383,0.7638949452260643,0.7788485862589715,0.42604549102369677,-0.16479833455693904,-0.0634423316548069,0.00209873014526697,0.09560313075780869,-0.05131787806749344,-0.010815537534654134,0.09574607610668459,-0.052396921426116856,-0.0022546662617198786
20.510000000000407,6.353058576583862,-0.6464610695838928,3.8170223236083984,0.7270745158533225,0.8219282521493269,0.4327652459304684,-0.1608138614101774,-0.06526871260445476,0.001965879453498723,0.10260176658630371,-0.04186833277344704,-0.012818651273846621,0.10299061754161914,-0.04338066117135242,-0.005961925117808357
20.520000000000408,6.353058576583862,-0.6464610695838928,3.8170223236083984,0.7270745158533225,0.8219282521493269,0.4327652459304684,-0.1608138614101774,-0.06526871260445476,0.001965879453498723,0.10260176658630371,-0.04186833277344704,-0.012818651273846621,0.10299061754161914,-0.04338066117135242,-0.005961925117808357
20.53000000000041,6.353058576583862,-0.6464610695838928,3.8170223236083984,0.7270745158533225,0.8219282521493269,0.4327652459304684,-0.1608138614101774,-0.06526871260445476,0.001965879453498723,0.10260176658630371,-0.04186833277344704,-0.012818651273846621,0.10299061754161914,-0.04338066117135242,-0.005961925117808357
20.54000000000041,6.353058576583862,-0.6464610695838928,3.8170223236083984,0.7270745158533225,0.8219282521493269,0.4327652459304684,-0.1608138614101774,-0.06526871260445476,0.001965879453498723,0.10260176658630371,-0.04186833277344704,-0.012818651273846621,0.10299061754161914,-0.04338066117135242,-0.005961925117808357
20.550000000000413,6.372314214706421,-0.621825635433197,3.8242907524108887,0.7012545660626098,0.8509752535005206,0.43561506094226615,-0.1565981352447456,-0.06685130684208737,0.0018751681583805662,0.10602058470249176,-0.03792271390557289,-0.0069691082462668376,0.1060854902332979,-0.038545568770447465,-0.0009716175187542217
20.560000000000414,6.372314214706421,-0.621825635433197,3.8242907524108887,0.7012545660626098,0.8509752535005206,0.43561506094226615,-0.1565981352447456,-0.06685130684208737,0.0018751681583805662,0.10602058470249176,-0.03792271390557289,-0.0069691082462668376,0.1060854902332979,-0.038545568770447465,-0.0009716175187542217
20.570000000000416,6.372314214706421,-0.621825635433197,3.8242907524108887,0.7012545660626098,0.8509752535005206,0.43561506094226615,-0.1565981352447456,-0.06685130684208737,0.0018751681583805662,0.10602058470249176,-0.03792271390557289,-0.0069691082462668376,0.1060854902332979,-0.038545568770447465,-0.0009716175187542217
20.580000000000418,6.393438100814819,-0.592622697353363,3.8330466747283936,0.6714121132026157,0.8819518889875005,0.4411366944202274,-0.15436524016120884,-0.0676081867142643,0.0018396991845884853,0.1116212010383606,-0.03779599070549011,-0.008285542950034136,0.1117820682831934,-0.03862049730924516,-0.0023812184367256765
20.59000000000042,6.393438100814819,-0.592622697353363,3.8330466747283936,0.6714121132026157,0.8819518889875005,0.4411366944202274,-0.15436524016120884,-0.0676081867142643,0.0018396991845884853,0.1116212010383606,-0.03779599070549011,-0.008285542950034136,0.1117820682831934,-0.03862049730924516,-0.0023812184367256765
20.60000000000042,6.393438100814819,-0.592622697353363,3.8330466747283936,0.6714121132026157,0.8819518889875005,0.4411366944202274,-0.15436524016120884,-0.0676081867142643,0.0018396991845884853,0.1116212010383606,-0.03779599070549011,-0.008285542950034136,0.1117820682831934,-0.03862049730924516,-0.0023812184367256765
20.610000000000422,6.4111151695251465,-0.5662968158721924,3.840611696243286,0.6452254232549433,0.9090633220053276,0.44297804390916484,-0.14982253214178073,-0.06901334502091643,0.0017843393402876986,0.11499789357185364,-0.03469370678067207,-0.005667389836162324,0.1150273003849622,-0.0351509830582311,-0.00042644171805178617
20.620000000000424,6.4111151695251465,-0.5662968158721924,3.840611696243286,0.6452254232549433,0.9090633220053276,0.44297804390916484,-0.14982253214178073,-0.06901334502091643,0.0017843393402876986,0.11499789357185364,-0.03469370678067207,-0.005667389836162324,0.1150273003849622,-0.0351509830582311,-0.00042644171805178617
20.630000000000425,6.4111151695251465,-0.5662968158721924,3.840611696243286,0.6452254232549433,0.9090633220053276,0.44297804390916484,-0.14982253214178073,-0.06901334502091643,0.0017843393402876986,0.11499789357185364,-0.03469370678067207,-0.005667389836162324,0.1150273003849622,-0.0351509830582311,-0.00042644171805178617
20.640000000000427,6.4111151695251465,-0.5662968158721924,3.840611696243286,0.6452254232549433,0.9090633220053276,0.44297804390916484,-0.14982253214178073,-0.06901334502091643,0.0017843393402876986,0.11499789357185364,-0.03469370678067207,-0.005667389836162324,0.1150273003849622,-0.0351509830582311,-0.00042644171805178617
20.65000000000043,6.435075044631958,-0.5274072289466858,3.8518428802490234,0.6077526321523617,0.9449375652914968,0.4457360927670221,-0.1448969739045658,-0.07051785804951177,0.0017121544746946582,0.1271318942308426,-0.03716356307268143,-0.008235576562583441,0.12732848616900083,-0.037963257069561544,-0.002790143837847386
20.66000000000043,6.435075044631958,-0.5274072289466858,3.8518428802490234,0.6077526321523617,0.9449375652914968,0.4457360927670221,-0.1448969739045658,-0.07051785804951177,0.0017121544746946582,0.1271318942308426,-0.03716356307268143,-0.008235576562583441,0.12732848616900083,-0.037963257069561544,-0.002790143837847386
20.67000000000043,6.435075044631958,-0.5274072289466858,3.8518428802490234,0.6077526321523617,0.9449375652914968,0.4457360927670221,-0.1448969739045658,-0.07051785804951177,0.0017121544746946582,0.1271318942308426,-0.03716356307268143,-0.008235576562583441,0.12732848616900083,-0.037963257069561544,-0.002790143837847386
20.680000000000433,6.453166961669922,-0.49527615308761597,3.861096143722534,0.5782351195208001,0.9722740064516704,0.44838378761652287,-0.14224598800767216,-0.07130884955151902,0.0016634462277239144,0.1341324746608734,-0.037626273930072784,-0.008806661702692503,0.13437416220652873,-0.0384947438477854,-0.0033921805921351177
20.690000000000435,6.453166961669922,-0.49527615308761597,3.861096143722534,0.5782351195208001,0.9722740064516704,0.44838378761652287,-0.14224598800767216,-0.07130884955151902,0.0016634462277239144,0.1341324746608734,-0.037626273930072784,-0.008806661702692503,0.13437416220652873,-0.0384947438477854,-0.0033921805921351177
20.700000000000436,6.453166961669922,-0.49527615308761597,3.861096143722534,0.5782351195208001,0.9722740064516704,0.44838378761652287,-0.14224598800767216,-0.07130884955151902,0.0016634462277239144,0.1341324746608734,-0.037626273930072784,-0.008806661702692503,0.13437416220652873,-0.0384947438477854,-0.0033921805921351177
20.710000000000438,6.468189239501953,-0.4664992392063141,3.8690967559814453,0.5518982688175132,0.9954317625000092,0.44743247921200013,-0.1372466188543948,-0.07268709765478988,0.0016539304907423628,0.1379789113998413,-0.03558290749788284,-0.008882198482751841,0.13826510191765246,-0.03646353029414954,-0.003940763807945026
20.72000000000044,6.468189239501953,-0.4664992392063141,3.8690967559814453,0.5518982688175132,0.9954317625000092,0.44743247921200013,-0.1372466188543948,-0.07268709765478988,0.0016539304907423628,0.1379789113998413,-0.03558290749788284,-0.008882198482751841,0.13826510191765246,-0.03646353029414954,-0.003940763807945026
20.73000000000044,6.468189239501953,-0.4664992392063141,3.8690967559814453,0.5518982688175132,0.9954317625000092,0.44743247921200013,-0.1372466188543948,-0.07268709765478988,0.0016539304907423628,0.1379789113998413,-0.03558290749788284,-0.008882198482751841,0.13826510191765246,-0.03646353029414954,-0.003940763807945026
20.740000000000443,6.468189239501953,-0.4664992392063141,3.8690967559814453,0.5518982688175132,0.9954317625000092,0.44743247921200013,-0.1372466188543948,-0.07268709765478988,0.0016539304907423628,0.1379789113998413,-0.03558290749788284,-0.008882198482751841,0.13826510191765246,-0.03646353029414954,-0.003940763807945026
20.750000000000444,6.4883692264556885,-0.4243263602256775,3.880790948867798,0.5144541274974432,1.0264552437246606,0.4455035687967641,-0.1308441617847371,-0.07451628780988231,0.001618977334768262,0.14786311984062195,-0.042515844106674194,-0.008408438414335246,0.14807136664022846,-0.04324948177659299,-0.0027972360387332655
20.760000000000446,6.4883692264556885,-0.4243263602256775,3.880790948867798,0.5144541274974432,1.0264552437246606,0.4455035687967641,-0.1308441617847371,-0.07451628780988231,0.001618977334768262,0.14786311984062195,-0.042515844106674194,-0.008408438414335246,0.14807136664022846,-0.04324948177659299,-0.0027972360387332655
20.770000000000447,6.4883692264556885,-0.4243263602256775,3.880790948867798,0.5144541274974432,1.0264552437246606,0.4455035687967641,-0.1308441617847371,-0.07451628780988231,0.001618977334768262,0.14786311984062195,-0.042515844106674194,-0.008408438414335246,0.14807136664022846,-0.04324948177659299,-0.0027972360387332655
20.78000000000045,6.503423452377319,-0.38971635699272156,3.8904521465301514,0.483768525898763,1.0479050746836431,0.44698048024973036,-0.12845975216845174,-0.07520852199177176,0.0016479736705360994,0.14981605112552643,-0.04300753027200699,-0.005580330267548556,0.14981791952549636,-0.04336804274056366,-2.4866364369676296e-05
20.79000000000045,6.503423452377319,-0.38971635699272156,3.8904521465301514,0.483768525898763,1.0479050746836431,0.44698048024973036,-0.12845975216845174,-0.07520852199177176,0.0016479736705360994,0.14981605112552643,-0.04300753027200699,-0.005580330267548556,0.14981791952549636,-0.04336804274056366,-2.4866364369676296e-05
20.800000000000452,6.503423452377319,-0.38971635699272156,3.8904521465301514,0.483768525898763,1.0479050746836431,0.44698048024973036,-0.12845975216845174,-0.07520852199177176,0.0016479736705360994,0.14981605112552643,-0.04300753027200699,-0.005580330267548556,0.14981791952549636,-0.04336804274056366,-2.4866364369676296e-05
20.810000000000453,6.5154736042022705,-0.361072301864624,3.8983943462371826,0.4566393396363284,1.0662314571490052,0.4417157930810971,-0.12163808824449368,-0.07717429003294102,0.0016037265512088927,0.15714935958385468,-0.04235144704580307,-0.005719101056456561,0.15719096112007727,-0.042732467184784025,-0.000539594993116385
20.820000000000455,6.5154736042022705,-0.361072301864624,3.8983943462371826,0.4566393396363284,1.0662314571490052,0.4417157930810971,-0.12163808824449368,-0.07717429003294102,0.0016037265512088927,0.15714935958385468,-0.04235144704580307,-0.005719101056456561,0.15719096112007727,-0.042732467184784025,-0.000539594993116385
20.830000000000457,6.5154736042022705,-0.361072301864624,3.8983943462371826,0.4566393396363284,1.0662314571490052,0.4417157930810971,-0.12163808824449368,-0.07717429003294102,0.0016037265512088927,0.15714935958385468,-0.04235144704580307,-0.005719101056456561,0.15719096112007727,-0.042732467184784025,-0.000539594993116385
20.840000000000458,6.531421422958374,-0.318886935710907,3.910155773162842,0.4182644568395236,1.0883749345433789,0.43817666640647035,-0.11518558910502466,-0.0788927948920059,0.0015645834560157322,0.16172564029693604,-0.04257264733314514,-0.0069148214533925004,0.16188186311017078,-0.04308526615893423,-0.001982246772180247
20.85000000000046,6.531421422958374,-0.318886935710907,3.910155773162842,0.4182644568395236,1.0883749345433789,0.43817666640647035,-0.11518558910502466,-0.0788927948920059,0.0015645834560157322,0.16172564029693604,-0.04257264733314514,-0.0069148214533925004,0.16188186311017078,-0.04308526615893423,-0.001982246772180247
20.86000000000046,6.531421422958374,-0.318886935710907,3.910155773162842,0.4182644568395236,1.0883749345433789,0.43817666640647035,-0.11518558910502466,-0.0788927948920059,0.0015645834560157322,0.16172564029693604,-0.04257264733314514,-0.0069148214533925004,0.16188186311017078,-0.04308526615893423,-0.001982246772180247
20.870000000000463,6.531421422958374,-0.318886935710907,3.910155773162842,0.4182644568395236,1.0883749345433789,0.43817666640647035,-0.11518558910502466,-0.0788927948920059,0.0015645834560157322,0.16172564029693604,-0.04257264733314514,-0.0069148214533925004,0.16188186311017078,-0.04308526615893423,-0.001982246772180247
20.880000000000464,6.543084383010864,-0.2842487692832947,3.919631004333496,0.38693193697141576,1.103794571428976,0.43816451139333273,-0.11200388767216254,-0.07971898020745107,0.0015457130750913882,0.15735109150409698,-0.039910633116960526,-0.006833993364125485,0.15753726050174077,-0.040424392292675394,-0.0023377912141819782
20.890000000000466,6.543084383010864,-0.2842487692832947,3.919631004333496,0.38693193697141576,1.103794571428976,0.43816451139333273,-0.11200388767216254,-0.07971898020745107,0.0015457130750913882,0.15735109150409698,-0.039910633116960526,-0.006833993364125485,0.15753726050174077,-0.040424392292675394,-0.0023377912141819782
20.900000000000468,6.543084383010864,-0.2842487692832947,3.919631004333496,0.38693193697141576,1.103794571428976,0.43816451139333273,-0.11200388767216254,-0.07971898020745107,0.0015457130750913882,0.15735109150409698,-0.039910633116960526,-0.006833993364125485,0.15753726050174077,-0.040424392292675394,-0.0023377912141819782
20.91000000000047,6.552449464797974,-0.253627747297287,3.9279022216796875,0.3603676359834446,1.117736643885511,0.4343956144570585,-0.10594065508934068,-0.08137823556095768,0.0015190896559565234,0.14836223423480988,-0.03834155201911926,-0.005374707281589504,0.14846746399427876,-0.03869492696957749,-0.0012945229696461336
20.92000000000047,6.552449464797974,-0.253627747297287,3.9279022216796875,0.3603676359834446,1.117736643885511,0.4343956144570585,-0.10594065508934068,-0.08137823556095768,0.0015190896559565234,0.14836223423480988,-0.03834155201911926,-0.005374707281589504,0.14846746399427876,-0.03869492696957749,-0.0012945229696461336
20.930000000000472,6.552449464797974,-0.253627747297287,3.9279022216796875,0.3603676359834446,1.117736643885511,0.4343956144570585,-0.10594065508934068,-0.08137823556095768,0.0015190896559565234,0.14836223423480988,-0.03834155201911926,-0.005374707281589504,0.14846746399427876,-0.03869492696957749,-0.0012945229696461336
20.940000000000474,6.552449464797974,-0.253627747297287,3.9279022216796875,0.3603676359834446,1.117736643885511,0.4343956144570585,-0.10594065508934068,-0.08137823556095768,0.0015190896559565234,0.14836223423480988,-0.03834155201911926,-0.005374707281589504,0.14846746399427876,-0.03869492696957749,-0.0012945229696461336
20.950000000000475,6.564537525177002,-0.20899149775505066,3.9397811889648438,0.32138654197067756,1.133376277702189,0.43178497566728086,-0.10055990931200486,-0.08271204912063589,0.0014166620867515044,0.1510000228881836,-0.03275329992175102,-0.010099170729517933,0.15156043741138844,-0.03360169483870524,-0.006783220001774678
20.960000000000477,6.564537525177002,-0.20899149775505066,3.9397811889648438,0.32138654197067756,1.133376277702189,0.43178497566728086,-0.10055990931200486,-0.08271204912063589,0.0014166620867515044,0.1510000228881836,-0.03275329992175102,-0.010099170729517933,0.15156043741138844,-0.03360169483870524,-0.006783220001774678
20.97000000000048,6.564537525177002,-0.20899149775505066,3.9397811889648438,0.32138654197067756,1.133376277702189,0.43178497566728086,-0.10055990931200486,-0.08271204912063589,0.0014166620867515044,0.1510000228881836,-0.03275329992175102,-0.010099170729517933,0.15156043741138844,-0.03360169483870524,-0.006783220001774678
20.98000000000048,6.573087453842163,-0.17266196012496948,3.9494636058807373,0.2896893945225297,1.1444653694107143,0.4300587742519484,-0.09679811802650386,-0.08354300320608335,0.0013169426799253317,0.15656182169914246,-0.033294495195150375,-0.008611352182924744,0.15701008965823077,-0.0339708958768854,-0.005371961857944399
20.99000000000048,6.573087453842163,-0.17266196012496948,3.9494636058807373,0.2896893945225297,1.1444653694107143,0.4300587742519484,-0.09679811802650386,-0.08354300320608335,0.0013169426799253317,0.15656182169914246,-0.033294495195150375,-0.008611352182924744,0.15701008965823077,-0.0339708958768854,-0.005371961857944399
21.000000000000483,6.573087453842163,-0.17266196012496948,3.9494636058807373,0.2896893945225297,1.1444653694107143,0.4300587742519484,-0.09679811802650386,-0.08354300320608335,0.0013169426799253317,0.15656182169914246,-0.033294495195150375,-0.008611352182924744,0.15701008965823077,-0.0339708958768854,-0.005371961857944399
21.010000000000485,6.579721689224243,-0.14070381224155426,3.957832098007202,0.2626350082838984,1.1544453078013432,0.4237410127798085,-0.09044290208646023,-0.08500322635772344,0.001262521263874067,0.15751415491104126,-0.03660884499549866,-0.0037479130551218943,0.15755046198731562,-0.036797728541835176,-0.00042764066504064546
21.020000000000486,6.579721689224243,-0.14070381224155426,3.957832098007202,0.2626350082838984,1.1544453078013432,0.4237410127798085,-0.09044290208646023,-0.08500322635772344,0.001262521263874067,0.15751415491104126,-0.03660884499549866,-0.0037479130551218943,0.15755046198731562,-0.036797728541835176,-0.00042764066504064546
21.030000000000488,6.579721689224243,-0.14070381224155426,3.957832098007202,0.2626350082838984,1.1544453078013432,0.4237410127798085,-0.09044290208646023,-0.08500322635772344,0.001262521263874067,0.15751415491104126,-0.03660884499549866,-0.0037479130551218943,0.15755046198731562,-0.036797728541835176,-0.00042764066504064546
21.04000000000049,6.579721689224243,-0.14070381224155426,3.957832098007202,0.2626350082838984,1.1544453078013432,0.4237410127798085,-0.09044290208646023,-0.08500322635772344,0.001262521263874067,0.15751415491104126,-0.03660884499549866,-0.0037479130551218943,0.15755046198731562,-0.036797728541835176,-0.00042764066504064546
21.05000000000049,6.587926149368286,-0.09448260068893433,3.969998836517334,0.22382037460490622,1.1637355262063505,0.4181206119453278,-0.0843687201815053,-0.08640477975255918,0.0012376266163896755,0.17466382682323456,-0.037924572825431824,-0.0034224640112370205,0.1746824014887189,-0.038078084254524094,-0.00021524038481887054
21.060000000000493,6.587926149368286,-0.09448260068893433,3.969998836517334,0.22382037460490622,1.1637355262063505,0.4181206119453278,-0.0843687201815053,-0.08640477975255918,0.0012376266163896755,0.17466382682323456,-0.037924572825431824,-0.0034224640112370205,0.1746824014887189,-0.038078084254524094,-0.00021524038481887054
21.070000000000494,6.587926149368286,-0.09448260068893433,3.969998836517334,0.22382037460490622,1.1637355262063505,0.4181206119453278,-0.0843687201815053,-0.08640477975255918,0.0012376266163896755,0.17466382682323456,-0.037924572825431824,-0.0034224640112370205,0.1746824014887189,-0.038078084254524094,-0.00021524038481887054
21.080000000000496,6.593364000320435,-0.05712668597698212,3.9797067642211914,0.19217380068681583,1.169189639668425,0.41380039338860264,-0.08007406163762372,-0.0872807829584534,0.0012198931581034922,0.17853836715221405,-0.03545665368437767,-0.004477156326174732,0.1786807071529292,-0.03570116404292097,-0.0016329010745140882
21.090000000000497,6.593364000320435,-0.05712668597698212,3.9797067642211914,0.19217380068681583,1.169189639668425,0.41380039338860264,-0.08007406163762372,-0.0872807829584534,0.0012198931581034922,0.17853836715221405,-0.03545665368437767,-0.004477156326174732,0.1786807071529292,-0.03570116404292097,-0.0016329010745140882
21.1000000000005,6.593364000320435,-0.05712668597698212,3.9797067642211914,0.19217380068681583,1.169189639668425,0.41380039338860264,-0.08007406163762372,-0.0872807829584534,0.0012198931581034922,0.17853836715221405,-0.03545665368437767,-0.004477156326174732,0.1786807071529292,-0.03570116404292097,-0.0016329010745140882
21.1100000000005,6.597277641296387,-0.024392852559685707,3.988054037094116,0.1650048133897367,1.1736470289705667,0.4061968610464958,-0.07354489252904635,-0.08860989480588514,0.0011883175856161235,0.18104690313339233,-0.03818837180733681,-0.005715651903301473,0.18130402879012456,-0.03850511890539655,-0.002905572174242682
21.120000000000502,6.597277641296387,-0.024392852559685707,3.988054037094116,0.1650048133897367,1.1736470289705667,0.4061968610464958,-0.07354489252904635,-0.08860989480588514,0.0011883175856161235,0.18104690313339233,-0.03818837180733681,-0.005715651903301473,0.18130402879012456,-0.03850511890539655,-0.002905572174242682
21.130000000000503,6.597277641296387,-0.024392852559685707,3.988054037094116,0.1650048133897367,1.1736470289705667,0.4061968610464958,-0.07354489252904635,-0.08860989480588514,0.0011883175856161235,0.18104690313339233,-0.03818837180733681,-0.005715651903301473,0.18130402879012456,-0.03850511890539655,-0.002905572174242682
21.140000000000505,6.597277641296387,-0.024392852559685707,3.988054037094116,0.1650048133897367,1.1736470289705667,0.4061968610464958,-0.07354489252904635,-0.08860989480588514,0.0011883175856161235,0.18104690313339233,-0.03818837180733681,-0.005715651903301473,0.18130402879012456,-0.03850511890539655,-0.002905572174242682
21.150000000000507,6.601565361022949,0.02258322387933731,4.00015115737915,0.12555816861415908,1.177051818019417,0.39844736986915985,-0.06541262774867167,-0.0901755127727623,0.0011194186660079596,0.18940123915672302,-0.03273061290383339,-0.004008773714303966,0.18956948786383904,-0.03292265126231423,-0.0018683225740125141
21.160000000000508,6.601565361022949,0.02258322387933731,4.00015115737915,0.12555816861415908,1.177051818019417,0.39844736986915985,-0.06541262774867167,-0.0901755127727623,0.0011194186660079596,0.18940123915672302,-0.03273061290383339,-0.004008773714303966,0.18956948786383904,-0.03292265126231423,-0.0018683225740125141
21.17000000000051,6.601565361022949,0.02258322387933731,4.00015115737915,0.12555816861415908,1.177051818019417,0.39844736986915985,-0.06541262774867167,-0.0901755127727623,0.0011194186660079596,0.18940123915672302,-0.03273061290383339,-0.004008773714303966,0.18956948786383904,-0.03292265126231423,-0.0018683225740125141
21.18000000000051,6.6038713455200195,0.060271404683589935,4.009897232055664,0.09396220161103212,1.1767959728480175,0.39565725290693876,-0.061549938461142685,-0.09091344895136791,0.0011428148006442582,0.19336867332458496,-0.03683707118034363,-0.0008992523653432681,0.19324392907163612,-0.036822630506385595,0.0013740129843358424
21.190000000000513,6.6038713455200195,0.060271404683589935,4.009897232055664,0.09396220161103212,1.1767959728480175,0.39565725290693876,-0.061549938461142685,-0.09091344895136791,0.0011428148006442582,0.19336867332458496,-0.03683707118034363,-0.0008992523653432681,0.19324392907163612,-0.036822630506385595,0.0013740129843358424
21.200000000000514,6.6038713455200195,0.060271404683589935,4.009897232055664,0.09396220161103212,1.1767959728480175,0.39565725290693876,-0.061549938461142685,-0.09091344895136791,0.0011428148006442582,0.19336867332458496,-0.03683707118034363,-0.0008992523653432681,0.19324392907163612,-0.036822630506385595,0.0013740129843358424
21.210000000000516,6.6061482429504395,0.09065084159374237,4.016993522644043,0.06737677594492456,1.1756403028476479,0.38650463964050963,-0.053722229788235674,-0.0924260784811448,0.0011222502732522112,0.19362346827983856,-0.03756364434957504,-0.0015077437274157955,0.19357606062700972,-0.03759041198075506,0.0005136560829740194
21.220000000000518,6.6061482429504395,0.09065084159374237,4.016993522644043,0.06737677594492456,1.1756403028476479,0.38650463964050963,-0.053722229788235674,-0.0924260784811448,0.0011222502732522112,0.19362346827983856,-0.03756364434957504,-0.0015077437274157955,0.19357606062700972,-0.03759041198075506,0.0005136560829740194
21.23000000000052,6.6061482429504395,0.09065084159374237,4.016993522644043,0.06737677594492456,1.1756403028476479,0.38650463964050963,-0.053722229788235674,-0.0924260784811448,0.0011222502732522112,0.19362346827983856,-0.03756364434957504,-0.0015077437274157955,0.19357606062700972,-0.03759041198075506,0.0005136560829740194
21.24000000000052,6.6061482429504395,0.09065084159374237,4.016993522644043,0.06737677594492456,1.1756403028476479,0.38650463964050963,-0.053722229788235674,-0.0924260784811448,0.0011222502732522112,0.19362346827983856,-0.03756364434957504,-0.0015077437274157955,0.19357606062700972,-0.03759041198075506,0.0005136560829740194
21.250000000000522,6.607845783233643,0.13454650342464447,4.027626991271973,0.028297311682286424,1.1706120350521103,0.377122362752113,-0.04577075649751822,-0.09367172842950242,0.0010612622801867934,0.2032170593738556,-0.033624790608882904,-0.0037968391552567443,0.20342884972203285,-0.03376329895381778,-0.002264294585255945
21.260000000000524,6.607845783233643,0.13454650342464447,4.027626991271973,0.028297311682286424,1.1706120350521103,0.377122362752113,-0.04577075649751822,-0.09367172842950242,0.0010612622801867934,0.2032170593738556,-0.033624790608882904,-0.0037968391552567443,0.20342884972203285,-0.03376329895381778,-0.002264294585255945
21.270000000000525,6.607845783233643,0.13454650342464447,4.027626991271973,0.028297311682286424,1.1706120350521103,0.377122362752113,-0.04577075649751822,-0.09367172842950242,0.0010612622801867934,0.2032170593738556,-0.033624790608882904,-0.0037968391552567443,0.20342884972203285,-0.03376329895381778,-0.002264294585255945
21.280000000000527,6.607910871505737,0.16987235844135284,4.036408424377441,-0.003294831437544818,1.1634074861891637,0.374286278123348,-0.04260744885950259,-0.09425677403127344,0.0010048678475780438,0.19527468085289001,-0.03641069307923317,-0.0065394500270485835,0.19574572211280664,-0.03665619317578605,-0.005004833553114901
21.29000000000053,6.607910871505737,0.16987235844135284,4.036408424377441,-0.003294831437544818,1.1634074861891637,0.374286278123348,-0.04260744885950259,-0.09425677403127344,0.0010048678475780438,0.19527468085289001,-0.03641069307923317,-0.0065394500270485835,0.19574572211280664,-0.03665619317578605,-0.005004833553114901
21.30000000000053,6.607910871505737,0.16987235844135284,4.036408424377441,-0.003294831437544818,1.1634074861891637,0.374286278123348,-0.04260744885950259,-0.09425677403127344,0.0010048678475780438,0.19527468085289001,-0.03641069307923317,-0.0065394500270485835,0.19574572211280664,-0.03665619317578605,-0.005004833553114901
21.31000000000053,6.607155799865723,0.20040744543075562,4.043802738189697,-0.030461327014410185,1.1564729185057945,0.36580529134589507,-0.03414432847938496,-0.09611412680569698,0.0008356564251915682,0.18729735910892487,-0.04535199701786041,-0.004099244251847262,0.18754307674942905,-0.045465501857260865,-0.00256045991388011
21.320000000000533,6.607155799865723,0.20040744543075562,4.043802738189697,-0.030461327014410185,1.1564729185057945,0.36580529134589507,-0.03414432847938496,-0.09611412680569698,0.0008356564251915682,0.18729735910892487,-0.04535199701786041,-0.004099244251847262,0.18754307674942905,-0.045465501857260865,-0.00256045991388011
21.330000000000535,6.607155799865723,0.20040744543075562,4.043802738189697,-0.030461327014410185,1.1564729185057945,0.36580529134589507,-0.03414432847938496,-0.09611412680569698,0.0008356564251915682,0.18729735910892487,-0.04535199701786041,-0.004099244251847262,0.18754307674942905,-0.045465501857260865,-0.00256045991388011
21.340000000000536,6.607155799865723,0.20040744543075562,4.043802738189697,-0.030461327014410185,1.1564729185057945,0.36580529134589507,-0.03414432847938496,-0.09611412680569698,0.0008356564251915682,0.18729735910892487,-0.04535199701786041,-0.004099244251847262,0.18754307674942905,-0.045465501857260865,-0.00256045991388011
21.350000000000538,6.604558944702148,0.24406059086322784,4.054772853851318,-0.07061371869786756,1.143122308538091,0.3604572056441544,-0.02693987985556804,-0.09777466053684912,0.0006846259056991716,0.17461413145065308,-0.041552960872650146,-0.005317092407494778,0.17502569322311098,-0.04168110761064433,-0.00421600289329475
21.36000000000054,6.604558944702148,0.24406059086322784,4.054772853851318,-0.07061371869786756,1.143122308538091,0.3604572056441544,-0.02693987985556804,-0.09777466053684912,0.0006846259056991716,0.17461413145065308,-0.041552960872650146,-0.005317092407494778,0.17502569322311098,-0.04168110761064433,-0.00421600289329475
21.37000000000054,6.604558944702148,0.24406059086322784,4.054772853851318,-0.07061371869786756,1.143122308538091,0.3604572056441544,-0.02693987985556804,-0.09777466053684912,0.0006846259056991716,0.17461413145065308,-0.041552960872650146,-0.005317092407494778,0.17502569322311098,-0.04168110761064433,-0.00421600289329475
21.380000000000543,6.601219177246094,0.2788412570953369,4.063507080078125,-0.10236092106215466,1.1292754136423095,0.35960419889197587,-0.02412804072668896,-0.09841444948938614,0.0006139351821385174,0.17324121296405792,-0.04087067395448685,-0.004694497678428883,0.17360722736870537,-0.04097203588917768,-0.0037251227613449454
21.390000000000544,6.601219177246094,0.2788412570953369,4.063507080078125,-0.10236092106215466,1.1292754136423095,0.35960419889197587,-0.02412804072668896,-0.09841444948938614,0.0006139351821385174,0.17324121296405792,-0.04087067395448685,-0.004694497678428883,0.17360722736870537,-0.04097203588917768,-0.0037251227613449454
21.400000000000546,6.601219177246094,0.2788412570953369,4.063507080078125,-0.10236092106215466,1.1292754136423095,0.35960419889197587,-0.02412804072668896,-0.09841444948938614,0.0006139351821385174,0.17324121296405792,-0.04087067395448685,-0.004694497678428883,0.17360722736870537,-0.04097203588917768,-0.0037251227613449454
21.410000000000547,6.597436428070068,0.3088076114654541,4.071111679077148,-0.13009422618620733,1.117937564245833,0.3524937381549188,-0.016487153021885345,-0.10014445556357919,0.0005032500308973608,0.17027713358402252,-0.0364706851541996,-0.001910059712827201,0.17040861540148006,-0.03649721844241981,-0.0013151186858738697
21.42000000000055,6.597436428070068,0.3088076114654541,4.071111679077148,-0.13009422618620733,1.117937564245833,0.3524937381549188,-0.016487153021885345,-0.10014445556357919,0.0005032500308973608,0.17027713358402252,-0.0364706851541996,-0.001910059712827201,0.17040861540148006,-0.03649721844241981,-0.0013151186858738697
21.43000000000055,6.597436428070068,0.3088076114654541,4.071111679077148,-0.13009422618620733,1.117937564245833,0.3524937381549188,-0.016487153021885345,-0.10014445556357919,0.0005032500308973608,0.17027713358402252,-0.0364706851541996,-0.001910059712827201,0.17040861540148006,-0.03649721844241981,-0.0013151186858738697
21.440000000000552,6.597436428070068,0.3088076114654541,4.071111679077148,-0.13009422618620733,1.117937564245833,0.3524937381549188,-0.016487153021885345,-0.10014445556357919,0.0005032500308973608,0.17027713358402252,-0.0364706851541996,-0.001910059712827201,0.17040861540148006,-0.03649721844241981,-0.0013151186858738697
21.450000000000554,6.590553522109985,0.35129785537719727,4.0819411277771,-0.17057117231074054,1.0988275404873888,0.34530335418665625,-0.009527662177585813,-0.10150509378943866,0.0004944383970496198,0.17367686331272125,-0.03244563937187195,-0.0005558684933930595,0.17370199269407088,-0.03244946278180329,-0.0002479933258865029
21.460000000000555,6.590553522109985,0.35129785537719727,4.0819411277771,-0.17057117231074054,1.0988275404873888,0.34530335418665625,-0.009527662177585813,-0.10150509378943866,0.0004944383970496198,0.17367686331272125,-0.03244563937187195,-0.0005558684933930595,0.17370199269407088,-0.03244946278180329,-0.0002479933258865029
21.470000000000557,6.590553522109985,0.35129785537719727,4.0819411277771,-0.17057117231074054,1.0988275404873888,0.34530335418665625,-0.009527662177585813,-0.10150509378943866,0.0004944383970496198,0.17367686331272125,-0.03244563937187195,-0.0005558684933930595,0.17370199269407088,-0.03244946278180329,-0.0002479933258865029
21.480000000000558,6.583801746368408,0.3848813474178314,4.090713024139404,-0.202752113216351,1.0808599375117438,0.34202252432237945,-0.0060058970041688845,-0.10212595184569609,0.00045693279554038645,0.17440220713615417,-0.03120005875825882,-0.0027219424955546817,0.17466195004483118,-0.031215843662429472,-0.0025477849770494947
21.49000000000056,6.583801746368408,0.3848813474178314,4.090713024139404,-0.202752113216351,1.0808599375117438,0.34202252432237945,-0.0060058970041688845,-0.10212595184569609,0.00045693279554038645,0.17440220713615417,-0.03120005875825882,-0.0027219424955546817,0.17466195004483118,-0.031215843662429472,-0.0025477849770494947
21.50000000000056,6.583801746368408,0.3848813474178314,4.090713024139404,-0.202752113216351,1.0808599375117438,0.34202252432237945,-0.0060058970041688845,-0.10212595184569609,0.00045693279554038645,0.17440220713615417,-0.03120005875825882,-0.0027219424955546817,0.17466195004483118,-0.031215843662429472,-0.0025477849770494947
21.510000000000563,6.577046871185303,0.4137210249900818,4.098259449005127,-0.2306686048308214,1.0657376636785383,0.33637110320209873,0.0005474567787186818,-0.10308079830287754,0.0003961511339950947,0.18507766723632812,-0.024879923090338707,-0.0013490510173141926,0.18521863213738293,-0.024879180814883925,-0.0013699433244212785
21.520000000000564,6.577046871185303,0.4137210249900818,4.098259449005127,-0.2306686048308214,1.0657376636785383,0.33637110320209873,0.0005474567787186818,-0.10308079830287754,0.0003961511339950947,0.18507766723632812,-0.024879923090338707,-0.0013490510173141926,0.18521863213738293,-0.024879180814883925,-0.0013699433244212785
21.530000000000566,6.577046871185303,0.4137210249900818,4.098259449005127,-0.2306686048308214,1.0657376636785383,0.33637110320209873,0.0005474567787186818,-0.10308079830287754,0.0003961511339950947,0.18507766723632812,-0.024879923090338707,-0.0013490510173141926,0.18521863213738293,-0.024879180814883925,-0.0013699433244212785
21.540000000000568,6.565958738327026,0.45431631803512573,4.109123706817627,-0.2712438826047829,1.0407531130957364,0.32956464797692075,0.008697804810080227,-0.10409692890994475,0.0004640665550373807,0.18550309538841248,-0.02235390618443489,0.0013470957055687933,0.1853826761928361,-0.022364777260825985,0.0011588905896514803
21.55000000000057,6.565958738327026,0.45431631803512573,4.109123706817627,-0.2712438826047829,1.0407531130957364,0.32956464797692075,0.008697804810080227,-0.10409692890994475,0.0004640665550373807,0.18550309538841248,-0.02235390618443489,0.0013470957055687933,0.1853826761928361,-0.022364777260825985,0.0011588905896514803
21.56000000000057,6.565958738327026,0.45431631803512573,4.109123706817627,-0.2712438826047829,1.0407531130957364,0.32956464797692075,0.008697804810080227,-0.10409692890994475,0.0004640665550373807,0.18550309538841248,-0.02235390618443489,0.0013470957055687933,0.1853826761928361,-0.022364777260825985,0.0011588905896514803
21.570000000000572,6.565958738327026,0.45431631803512573,4.109123706817627,-0.2712438826047829,1.0407531130957364,0.32956464797692075,0.008697804810080227,-0.10409692890994475,0.0004640665550373807,0.18550309538841248,-0.02235390618443489,0.0013470957055687933,0.1853826761928361,-0.022364777260825985,0.0011588905896514803
21.580000000000574,6.555859804153442,0.4861518144607544,4.11790132522583,-0.30319122491193784,1.0183321315213822,0.32731115167636127,0.012485685458293013,-0.10456547530244024,0.0004561042432881919,0.18943139910697937,-0.023686235770583153,-0.00024243777443188884,0.18948787701842587,-0.02368136262004391,-0.0005411055965271177
21.590000000000575,6.555859804153442,0.4861518144607544,4.11790132522583,-0.30319122491193784,1.0183321315213822,0.32731115167636127,0.012485685458293013,-0.10456547530244024,0.0004561042432881919,0.18943139910697937,-0.023686235770583153,-0.00024243777443188884,0.18948787701842587,-0.02368136262004391,-0.0005411055965271177
21.600000000000577,6.555859804153442,0.4861518144607544,4.11790132522583,-0.30319122491193784,1.0183321315213822,0.32731115167636127,0.012485685458293013,-0.10456547530244024,0.0004561042432881919,0.18943139910697937,-0.023686235770583153,-0.00024243777443188884,0.18948787701842587,-0.02368136262004391,-0.0005411055965271177
21.61000000000058,6.547414541244507,0.5125284194946289,4.123322010040283,-0.33056542151133933,0.9982188979707077,0.3200515706904944,0.02016985122375771,-0.1052397768647265,0.0004999975664958573,0.19326844811439514,-0.014015812426805496,2.495705848559909e-05,0.1932956716881161,-0.014013464892766602,-0.0002591595267933066
21.62000000000058,6.547414541244507,0.5125284194946289,4.123322010040283,-0.33056542151133933,0.9982188979707077,0.3200515706904944,0.02016985122375771,-0.1052397768647265,0.0004999975664958573,0.19326844811439514,-0.014015812426805496,2.495705848559909e-05,0.1932956716881161,-0.014013464892766602,-0.0002591595267933066
21.63000000000058,6.547414541244507,0.5125284194946289,4.123322010040283,-0.33056542151133933,0.9982188979707077,0.3200515706904944,0.02016985122375771,-0.1052397768647265,0.0004999975664958573,0.19326844811439514,-0.014015812426805496,2.495705848559909e-05,0.1932956716881161,-0.014013464892766602,-0.0002591595267933066
21.640000000000583,6.547414541244507,0.5125284194946289,4.123322010040283,-0.33056542151133933,0.9982188979707077,0.3200515706904944,0.02016985122375771,-0.1052397768647265,0.0004999975664958573,0.19326844811439514,-0.014015812426805496,2.495705848559909e-05,0.1932956716881161,-0.014013464892766602,-0.0002591595267933066
21.650000000000585,6.533672571182251,0.5494751334190369,4.13165807723999,-0.3695659736860838,0.9658663233958327,0.3140336207557595,0.027863093207205692,-0.10575673237255448,0.00042234272681621526,0.19022992253303528,-0.013205396942794323,-0.0022453987039625627,0.19050723847709847,-0.013137715598057445,-0.0026271004461018
21.660000000000586,6.533672571182251,0.5494751334190369,4.13165807723999,-0.3695659736860838,0.9658663233958327,0.3140336207557595,0.027863093207205692,-0.10575673237255448,0.00042234272681621526,0.19022992253303528,-0.013205396942794323,-0.0022453987039625627,0.19050723847709847,-0.013137715598057445,-0.0026271004461018
21.670000000000588,6.533672571182251,0.5494751334190369,4.13165807723999,-0.3695659736860838,0.9658663233958327,0.3140336207557595,0.027863093207205692,-0.10575673237255448,0.00042234272681621526,0.19022992253303528,-0.013205396942794323,-0.0022453987039625627,0.19050723847709847,-0.013137715598057445,-0.0026271004461018
21.68000000000059,6.521324872970581,0.57827228307724,4.138617038726807,-0.4006781407383154,0.9377256749591029,0.31352345831582484,0.031665319554109124,-0.10603304139424098,0.0003755347178241701,0.189559206366539,-0.014468749985098839,-0.0019228770397603494,0.18981251440887537,-0.014400618396890181,-0.0023934362311947297
21.69000000000059,6.521324872970581,0.57827228307724,4.138617038726807,-0.4006781407383154,0.9377256749591029,0.31352345831582484,0.031665319554109124,-0.10603304139424098,0.0003755347178241701,0.189559206366539,-0.014468749985098839,-0.0019228770397603494,0.18981251440887537,-0.014400618396890181,-0.0023934362311947297
21.700000000000593,6.521324872970581,0.57827228307724,4.138617038726807,-0.4006781407383154,0.9377256749591029,0.31352345831582484,0.031665319554109124,-0.10603304139424098,0.0003755347178241701,0.189559206366539,-0.014468749985098839,-0.0019228770397603494,0.18981251440887537,-0.014400618396890181,-0.0023934362311947297
21.710000000000594,6.50972580909729,0.6026292443275452,4.144632339477539,-0.4282200074807286,0.9124284979889008,0.31129221331183543,0.03828969728476594,-0.1067389341930186,0.00026691151936942344,0.1815187931060791,-0.022604234516620636,-0.003070866689085958,0.18194029683640262,-0.022470112669761098,-0.003956430500772155
21.720000000000596,6.50972580909729,0.6026292443275452,4.144632339477539,-0.4282200074807286,0.9124284979889008,0.31129221331183543,0.03828969728476594,-0.1067389341930186,0.00026691151936942344,0.1815187931060791,-0.022604234516620636,-0.003070866689085958,0.18194029683640262,-0.022470112669761098,-0.003956430500772155
21.730000000000597,6.50972580909729,0.6026292443275452,4.144632339477539,-0.4282200074807286,0.9124284979889008,0.31129221331183543,0.03828969728476594,-0.1067389341930186,0.00026691151936942344,0.1815187931060791,-0.022604234516620636,-0.003070866689085958,0.18194029683640262,-0.022470112669761098,-0.003956430500772155
21.7400000000006,6.50972580909729,0.6026292443275452,4.144632339477539,-0.4282200074807286,0.9124284979889008,0.31129221331183543,0.03828969728476594,-0.1067389341930186,0.00026691151936942344,0.1815187931060791,-0.022604234516620636,-0.003070866689085958,0.18194029683640262,-0.022470112669761098,-0.003956430500772155
21.7500000000006,6.491569757461548,0.6363805532455444,4.153314113616943,-0.46703132729942826,0.8745862729870933,0.3117400568097548,0.04536514240127999,-0.10768263211464392,0.0002670079328421571,0.17484283447265625,-0.0223032608628273,0.0008816386107355383,0.17485696454626043,-0.02232029673008575,-0.0001314735531100074
21.760000000000602,6.491569757461548,0.6363805532455444,4.153314113616943,-0.46703132729942826,0.8745862729870933,0.3117400568097548,0.04536514240127999,-0.10768263211464392,0.0002670079328421571,0.17484283447265625,-0.0223032608628273,0.0008816386107355383,0.17485696454626043,-0.02232029673008575,-0.0001314735531100074
21.770000000000604,6.491569757461548,0.6363805532455444,4.153314113616943,-0.46703132729942826,0.8745862729870933,0.3117400568097548,0.04536514240127999,-0.10768263211464392,0.0002670079328421571,0.17484283447265625,-0.0223032608628273,0.0008816386107355383,0.17485696454626043,-0.02232029673008575,-0.0001314735531100074
21.780000000000605,6.475759983062744,0.6623653173446655,4.160715579986572,-0.49832490328262063,0.8410701627949372,0.3125998451125962,0.049465129244429154,-0.1082882538456206,0.00017403450671173065,0.16937553882598877,-0.025527283549308777,-0.002483564428985116,0.16978242334164542,-0.02537326010707161,-0.0037647741270493795
21.790000000000607,6.475759983062744,0.6623653173446655,4.160715579986572,-0.49832490328262063,0.8410701627949372,0.3125998451125962,0.049465129244429154,-0.1082882538456206,0.00017403450671173065,0.16937553882598877,-0.025527283549308777,-0.002483564428985116,0.16978242334164542,-0.02537326010707161,-0.0037647741270493795
21.80000000000061,6.475759983062744,0.6623653173446655,4.160715579986572,-0.49832490328262063,0.8410701627949372,0.3125998451125962,0.049465129244429154,-0.1082882538456206,0.00017403450671173065,0.16937553882598877,-0.025527283549308777,-0.002483564428985116,0.16978242334164542,-0.02537326010707161,-0.0037647741270493795
21.81000000000061,6.461133241653442,0.6841399073600769,4.1667046546936035,-0.5256717198005442,0.8125703731547113,0.3104505405230791,0.05613728769321853,-0.10902865048753206,1.4947769064292216e-06,0.16336339712142944,-0.01461844053119421,-0.0020472956821322424,0.1636769289521091,-0.014480543067582183,-0.002881388181222016
21.82000000000061,6.461133241653442,0.6841399073600769,4.1667046546936035,-0.5256717198005442,0.8125703731547113,0.3104505405230791,0.05613728769321853,-0.10902865048753206,1.4947769064292216e-06,0.16336339712142944,-0.01461844053119421,-0.0020472956821322424,0.1636769289521091,-0.014480543067582183,-0.002881388181222016
21.830000000000613,6.461133241653442,0.6841399073600769,4.1667046546936035,-0.5256717198005442,0.8125703731547113,0.3104505405230791,0.05613728769321853,-0.10902865048753206,1.4947769064292216e-06,0.16336339712142944,-0.01461844053119421,-0.0020472956821322424,0.1636769289521091,-0.014480543067582183,-0.002881388181222016
21.840000000000614,6.438739538192749,0.7139449119567871,4.17576789855957,-0.5642942407279856,0.7685913214717501,0.3093162540963844,0.0617757888166123,-0.10940703767828533,-4.4645770764772224e-06,0.15358735620975494,-0.010955914855003357,-0.00023419118952005966,0.15368732942738947,-0.010920558112528912,-0.0009155986994612795
21.850000000000616,6.438739538192749,0.7139449119567871,4.17576789855957,-0.5642942407279856,0.7685913214717501,0.3093162540963844,0.0617757888166123,-0.10940703767828533,-4.4645770764772224e-06,0.15358735620975494,-0.010955914855003357,-0.00023419118952005966,0.15368732942738947,-0.010920558112528912,-0.0009155986994612795
21.860000000000618,6.438739538192749,0.7139449119567871,4.17576789855957,-0.5642942407279856,0.7685913214717501,0.3093162540963844,0.0617757888166123,-0.10940703767828533,-4.4645770764772224e-06,0.15358735620975494,-0.010955914855003357,-0.00023419118952005966,0.15368732942738947,-0.010920558112528912,-0.0009155986994612795
21.87000000000062,6.438739538192749,0.7139449119567871,4.17576789855957,-0.5642942407279856,0.7685913214717501,0.3093162540963844,0.0617757888166123,-0.10940703767828533,-4.4645770764772224e-06,0.15358735620975494,-0.010955914855003357,-0.00023419118952005966,0.15368732942738947,-0.010920558112528912,-0.0009155986994612795
21.88000000000062,6.4196083545684814,0.7365977764129639,4.183135509490967,-0.595301148730137,0.7317084708537013,0.30952724057371217,0.0653909068790504,-0.10955018278160654,-3.902407514712649e-05,0.15096762776374817,-0.005126104690134525,-0.0009235882316716009,0.15110583925322144,-0.00505479781749978,-0.0012641542453052657
21.890000000000622,6.4196083545684814,0.7365977764129639,4.183135509490967,-0.595301148730137,0.7317084708537013,0.30952724057371217,0.0653909068790504,-0.10955018278160654,-3.902407514712649e-05,0.15096762776374817,-0.005126104690134525,-0.0009235882316716009,0.15110583925322144,-0.00505479781749978,-0.0012641542453052657
21.900000000000624,6.4196083545684814,0.7365977764129639,4.183135509490967,-0.595301148730137,0.7317084708537013,0.30952724057371217,0.0653909068790504,-0.10955018278160654,-3.902407514712649e-05,0.15096762776374817,-0.005126104690134525,-0.0009235882316716009,0.15110583925322144,-0.00505479781749978,-0.0012641542453052657
21.910000000000625,6.40208101272583,0.7553930878639221,4.189401149749756,-0.6217784523375569,0.6999636595462508,0.30871305289640805,0.07079694635783032,-0.10971410929239676,3.9825962536657176e-06,0.1502545177936554,-0.00708116265013814,0.002523641102015973,0.15003239685915754,-0.007241940801707168,0.002028610367617924
21.920000000000627,6.40208101272583,0.7553930878639221,4.189401149749756,-0.6217784523375569,0.6999636595462508,0.30871305289640805,0.07079694635783032,-0.10971410929239676,3.9825962536657176e-06,0.1502545177936554,-0.00708116265013814,0.002523641102015973,0.15003239685915754,-0.007241940801707168,0.002028610367617924
21.93000000000063,6.40208101272583,0.7553930878639221,4.189401149749756,-0.6217784523375569,0.6999636595462508,0.30871305289640805,0.07079694635783032,-0.10971410929239676,3.9825962536657176e-06,0.1502545177936554,-0.00708116265013814,0.002523641102015973,0.15003239685915754,-0.007241940801707168,0.002028610367617924
21.94000000000063,6.40208101272583,0.7553930878639221,4.189401149749756,-0.6217784523375569,0.6999636595462508,0.30871305289640805,0.07079694635783032,-0.10971410929239676,3.9825962536657176e-06,0.1502545177936554,-0.00708116265013814,0.002523641102015973,0.15003239685915754,-0.007241940801707168,0.002028610367617924
21.95000000000063,6.375621318817139,0.7807384133338928,4.19863224029541,-0.6596134643924982,0.6530873859991155,0.3086687675713293,0.076831683529923,-0.10990953381641298,6.771923137338895e-05,0.147230327129364,-0.004686172120273113,0.003016840666532517,0.1469380816576831,-0.0049039084026848735,0.002664324781603036
21.960000000000633,6.375621318817139,0.7807384133338928,4.19863224029541,-0.6596134643924982,0.6530873859991155,0.3086687675713293,0.076831683529923,-0.10990953381641298,6.771923137338895e-05,0.147230327129364,-0.004686172120273113,0.003016840666532517,0.1469380816576831,-0.0049039084026848735,0.002664324781603036
21.970000000000635,6.375621318817139,0.7807384133338928,4.19863224029541,-0.6596134643924982,0.6530873859991155,0.3086687675713293,0.076831683529923,-0.10990953381641298,6.771923137338895e-05,0.147230327129364,-0.004686172120273113,0.003016840666532517,0.1469380816576831,-0.0049039084026848735,0.002664324781603036
21.980000000000636,6.353312015533447,0.7997024655342102,4.206169605255127,-0.6889474736673595,0.613645172739702,0.3090846232052877,0.08031311427133968,-0.10990637691050897,9.17775744434061e-05,0.1443886160850525,0.001734560588374734,0.00013353356916923054,0.14435857175171357,0.0017182564951658164,0.00027391408803535564
21.990000000000638,6.353312015533447,0.7997024655342102,4.206169605255127,-0.6889474736673595,0.613645172739702,0.3090846232052877,0.08031311427133968,-0.10990637691050897,9.17775744434061e-05,0.1443886160850525,0.001734560588374734,0.00013353356916923054,0.14435857175171357,0.0017182564951658164,0.00027391408803535564
22.00000000000064,6.353312015533447,0.7997024655342102,4.206169605255127,-0.6889474736673595,0.613645172739702,0.3090846232052877,0.08031311427133968,-0.10990637691050897,9.17775744434061e-05,0.1443886160850525,0.001734560588374734,0.00013353356916923054,0.14435857175171357,0.0017182564951658164,0.00027391408803535564
22.01000000000064,6.335506439208984,0.814497709274292,4.2108540534973145,-0.7136202138018769,0.5786846085187495,0.3075554277538782,0.08605690664594542,-0.10983790603777938,0.00012689677264073778,0.14332522451877594,0.00513256061822176,-0.0008412564639002091,0.14336900593372362,0.005185873612246493,-0.00039940283909249143
22.020000000000643,6.335506439208984,0.814497709274292,4.2108540534973145,-0.7136202138018769,0.5786846085187495,0.3075554277538782,0.08605690664594542,-0.10983790603777938,0.00012689677264073778,0.14332522451877594,0.00513256061822176,-0.0008412564639002091,0.14336900593372362,0.005185873612246493,-0.00039940283909249143
22.030000000000644,6.335506439208984,0.814497709274292,4.2108540534973145,-0.7136202138018769,0.5786846085187495,0.3075554277538782,0.08605690664594542,-0.10983790603777938,0.00012689677264073778,0.14332522451877594,0.00513256061822176,-0.0008412564639002091,0.14336900593372362,0.005185873612246493,-0.00039940283909249143
22.040000000000646,6.335506439208984,0.814497709274292,4.2108540534973145,-0.7136202138018769,0.5786846085187495,0.3075554277538782,0.08605690664594542,-0.10983790603777938,0.00012689677264073778,0.14332522451877594,0.00513256061822176,-0.0008412564639002091,0.14336900593372362,0.005185873612246493,-0.00039940283909249143
22.050000000000647,6.308215141296387,0.8341084718704224,4.218019008636475,-0.7485205719930277,0.5259394193538791,0.307879816499236,0.09161924169602823,-0.10989275041615375,0.00013609678739587053,0.13486866652965546,-0.005152186844497919,-0.0007555004558525973,0.13500368747419483,-0.005061456436057797,-0.0012311375312142462
22.06000000000065,6.308215141296387,0.8341084718704224,4.218019008636475,-0.7485205719930277,0.5259394193538791,0.307879816499236,0.09161924169602823,-0.10989275041615375,0.00013609678739587053,0.13486866652965546,-0.005152186844497919,-0.0007555004558525973,0.13500368747419483,-0.005061456436057797,-0.0012311375312142462
22.07000000000065,6.308215141296387,0.8341084718704224,4.218019008636475,-0.7485205719930277,0.5259394193538791,0.307879816499236,0.09161924169602823,-0.10989275041615375,0.00013609678739587053,0.13486866652965546,-0.005152186844497919,-0.0007555004558525973,0.13500368747419483,-0.005061456436057797,-0.0012311375312142462
22.080000000000652,6.28493857383728,0.8483748435974121,4.224056720733643,-0.7772922143999698,0.4818651152634073,0.31097215743163154,0.09424067624525846,-0.10998103469105139,0.00014985447946443456,0.13178524374961853,-0.005860469304025173,0.0013994710752740509,0.131692288417302,-0.005966156216899443,0.0008469004919754148
22.090000000000654,6.28493857383728,0.8483748435974121,4.224056720733643,-0.7772922143999698,0.4818651152634073,0.31097215743163154,0.09424067624525846,-0.10998103469105139,0.00014985447946443456,0.13178524374961853,-0.005860469304025173,0.0013994710752740509,0.131692288417302,-0.005966156216899443,0.0008469004919754148
22.100000000000655,6.28493857383728,0.8483748435974121,4.224056720733643,-0.7772922143999698,0.4818651152634073,0.31097215743163154,0.09424067624525846,-0.10998103469105139,0.00014985447946443456,0.13178524374961853,-0.005860469304025173,0.0013994710752740509,0.131692288417302,-0.005966156216899443,0.0008469004919754148
22.110000000000657,6.263912200927734,0.8596461415290833,4.2290472984313965,-0.8019805165713902,0.4439594027991429,0.3137169534963655,0.09916563138332216,-0.1106464007050789,0.00015687957651053447,0.11679971218109131,-0.01932040974497795,0.0016104800160974288,0.11683417701871227,-0.019384933474090798,-0.0003121227742321343
22.12000000000066,6.263912200927734,0.8596461415290833,4.2290472984313965,-0.8019805165713902,0.4439594027991429,0.3137169534963655,0.09916563138332216,-0.1106464007050789,0.00015687957651053447,0.11679971218109131,-0.01932040974497795,0.0016104800160974288,0.11683417701871227,-0.019384933474090798,-0.0003121227742321343
22.13000000000066,6.263912200927734,0.8596461415290833,4.2290472984313965,-0.8019805165713902,0.4439594027991429,0.3137169534963655,0.09916563138332216,-0.1106464007050789,0.00015687957651053447,0.11679971218109131,-0.01932040974497795,0.0016104800160974288,0.11683417701871227,-0.019384933474090798,-0.0003121227742321343
22.14000000000066,6.263912200927734,0.8596461415290833,4.2290472984313965,-0.8019805165713902,0.4439594027991429,0.3137169534963655,0.09916563138332216,-0.1106464007050789,0.00015687957651053447,0.11679971218109131,-0.01932040974497795,0.0016104800160974288,0.11683417701871227,-0.019384933474090798,-0.0003121227742321343
22.150000000000663,6.232213497161865,0.8739835023880005,4.236613750457764,-0.836596864594408,0.3872101737985318,0.31964882033309483,0.10330256961653786,-0.11141703651974674,6.715878414054038e-05,0.09521803259849548,-0.019828740507364273,0.0008675337885506475,0.09535025390107886,-0.01981249330468236,-0.0011891831261161088
22.160000000000664,6.232213497161865,0.8739835023880005,4.236613750457764,-0.836596864594408,0.3872101737985318,0.31964882033309483,0.10330256961653786,-0.11141703651974674,6.715878414054038e-05,0.09521803259849548,-0.019828740507364273,0.0008675337885506475,0.09535025390107886,-0.01981249330468236,-0.0011891831261161088
22.170000000000666,6.232213497161865,0.8739835023880005,4.236613750457764,-0.836596864594408,0.3872101737985318,0.31964882033309483,0.10330256961653786,-0.11141703651974674,6.715878414054038e-05,0.09521803259849548,-0.019828740507364273,0.0008675337885506475,0.09535025390107886,-0.01981249330468236,-0.0011891831261161088
22.180000000000668,6.2055442333221436,0.88388991355896,4.2427873611450195,-0.864349775641689,0.3409934762964726,0.324949395338885,0.10505421084990664,-0.11171118220260447,0.00010052307253431197,0.08598087728023529,-0.014296427369117737,0.0033983311150223034,0.08576993099480648,-0.014573962117950891,0.001892251676615957
22.19000000000067,6.2055442333221436,0.88388991355896,4.2427873611450195,-0.864349775641689,0.3409934762964726,0.324949395338885,0.10505421084990664,-0.11171118220260447,0.00010052307253431197,0.08598087728023529,-0.014296427369117737,0.0033983311150223034,0.08576993099480648,-0.014573962117950891,0.001892251676615957
22.20000000000067,6.2055442333221436,0.88388991355896,4.2427873611450195,-0.864349775641689,0.3409934762964726,0.324949395338885,0.10505421084990664,-0.11171118220260447,0.00010052307253431197,0.08598087728023529,-0.014296427369117737,0.0033983311150223034,0.08576993099480648,-0.014573962117950891,0.001892251676615957
22.210000000000672,6.181520700454712,0.891295850276947,4.248080730438232,-0.8889095307554121,0.30109002344037505,0.32877964638038715,0.10825045623434196,-0.1122146808512508,7.225519218439719e-05,0.076384037733078,-0.011045556515455246,-0.0002655649150256054,0.07654826517899123,-0.01095221146988445,-0.0014665872061118683
22.220000000000674,6.181520700454712,0.891295850276947,4.248080730438232,-0.8889095307554121,0.30109002344037505,0.32877964638038715,0.10825045623434196,-0.1122146808512508,7.225519218439719e-05,0.076384037733078,-0.011045556515455246,-0.0002655649150256054,0.07654826517899123,-0.01095221146988445,-0.0014665872061118683
22.230000000000675,6.181520700454712,0.891295850276947,4.248080730438232,-0.8889095307554121,0.30109002344037505,0.32877964638038715,0.10825045623434196,-0.1122146808512508,7.225519218439719e-05,0.076384037733078,-0.011045556515455246,-0.0002655649150256054,0.07654826517899123,-0.01095221146988445,-0.0014665872061118683
22.240000000000677,6.145640850067139,0.9000412821769714,4.255756855010986,-0.9241786517450724,0.24394111349409048,0.3339068539140953,0.11111381704048522,-0.11246442939138974,8.018451837872543e-05,0.06739456206560135,-0.0038536842912435527,0.0018337822984904055,0.06723699166846081,-0.004033258956549797,0.0014040266216492985
22.25000000000068,6.145640850067139,0.9000412821769714,4.255756855010986,-0.9241786517450724,0.24394111349409048,0.3339068539140953,0.11111381704048522,-0.11246442939138974,8.018451837872543e-05,0.06739456206560135,-0.0038536842912435527,0.0018337822984904055,0.06723699166846081,-0.004033258956549797,0.0014040266216492985
22.26000000000068,6.145640850067139,0.9000412821769714,4.255756855010986,-0.9241786517450724,0.24394111349409048,0.3339068539140953,0.11111381704048522,-0.11246442939138974,8.018451837872543e-05,0.06739456206560135,-0.0038536842912435527,0.0018337822984904055,0.06723699166846081,-0.004033258956549797,0.0014040266216492985
22.27000000000068,6.145640850067139,0.9000412821769714,4.255756855010986,-0.9241786517450724,0.24394111349409048,0.3339068539140953,0.11111381704048522,-0.11246442939138974,8.018451837872543e-05,0.06739456206560135,-0.0038536842912435527,0.0018337822984904055,0.06723699166846081,-0.004033258956549797,0.0014040266216492985
22.280000000000683,6.115684986114502,0.9054418206214905,4.262047290802002,-0.952272184383212,0.1972269126917299,0.3366474485215292,0.1124270129907774,-0.11246077246244067,7.191946045171412e-05,0.06404221802949905,0.0010899564949795604,-0.00018713153258431716,0.06404940847099132,0.0011040696599031463,-6.407230264075018e-05
22.290000000000685,6.115684986114502,0.9054418206214905,4.262047290802002,-0.952272184383212,0.1972269126917299,0.3366474485215292,0.1124270129907774,-0.11246077246244067,7.191946045171412e-05,0.06404221802949905,0.0010899564949795604,-0.00018713153258431716,0.06404940847099132,0.0011040696599031463,-6.407230264075018e-05
22.300000000000686,6.115684986114502,0.9054418206214905,4.262047290802002,-0.952272184383212,0.1972269126917299,0.3366474485215292,0.1124270129907774,-0.11246077246244067,7.191946045171412e-05,0.06404221802949905,0.0010899564949795604,-0.00018713153258431716,0.06404940847099132,0.0011040696599031463,-6.407230264075018e-05
22.310000000000688,6.088780164718628,0.9089202284812927,4.267073154449463,-0.9768919782041255,0.15645502404626138,0.33806315280891047,0.11513069178155783,-0.11226041395526054,0.00010785226955557886,0.06845749914646149,0.00645051384344697,0.0021705606486648312,0.0681308846731025,0.006158463573728439,0.0029155558302493187
22.32000000000069,6.088780164718628,0.9089202284812927,4.267073154449463,-0.9768919782041255,0.15645502404626138,0.33806315280891047,0.11513069178155783,-0.11226041395526054,0.00010785226955557886,0.06845749914646149,0.00645051384344697,0.0021705606486648312,0.0681308846731025,0.006158463573728439,0.0029155558302493187
22.33000000000069,6.088780164718628,0.9089202284812927,4.267073154449463,-0.9768919782041255,0.15645502404626138,0.33806315280891047,0.11513069178155783,-0.11226041395526054,0.00010785226955557886,0.06845749914646149,0.00645051384344697,0.0021705606486648312,0.0681308846731025,0.006158463573728439,0.0029155558302493187
22.340000000000693,6.088780164718628,0.9089202284812927,4.267073154449463,-0.9768919782041255,0.15645502404626138,0.33806315280891047,0.11513069178155783,-0.11226041395526054,0.00010785226955557886,0.06845749914646149,0.00645051384344697,0.0021705606486648312,0.0681308846731025,0.006158463573728439,0.0029155558302493187
22.350000000000694,6.048962116241455,0.9119812846183777,4.2743120193481445,-1.0103929352060774,0.09802168576920128,0.341101377349882,0.11763309864980721,-0.11185165166111248,0.00019386667776316832,0.061623647809028625,0.013691038824617863,0.0015419455012306554,0.06127117534091522,0.013415457016781391,0.003157829934880589
22.360000000000696,6.048962116241455,0.9119812846183777,4.2743120193481445,-1.0103929352060774,0.09802168576920128,0.341101377349882,0.11763309864980721,-0.11185165166111248,0.00019386667776316832,0.061623647809028625,0.013691038824617863,0.0015419455012306554,0.06127117534091522,0.013415457016781391,0.003157829934880589
22.370000000000697,6.048962116241455,0.9119812846183777,4.2743120193481445,-1.0103929352060774,0.09802168576920128,0.341101377349882,0.11763309864980721,-0.11185165166111248,0.00019386667776316832,0.061623647809028625,0.013691038824617863,0.0015419455012306554,0.06127117534091522,0.013415457016781391,0.003157829934880589
22.3800000000007,6.015997886657715,0.9128066301345825,4.2800726890563965,-1.0379542994024578,0.050937651293928084,0.3444214840631754,0.1187383061285245,-0.11150502570996877,0.00023607376727081546,0.05399790033698082,0.018453456461429596,-0.0011490131728351138,0.05388088505545422,0.018459635082855048,0.0010515948978404364
22.3900000000007,6.015997886657715,0.9128066301345825,4.2800726890563965,-1.0379542994024578,0.050937651293928084,0.3444214840631754,0.1187383061285245,-0.11150502570996877,0.00023607376727081546,0.05399790033698082,0.018453456461429596,-0.0011490131728351138,0.05388088505545422,0.018459635082855048,0.0010515948978404364
22.400000000000702,6.015997886657715,0.9128066301345825,4.2800726890563965,-1.0379542994024578,0.050937651293928084,0.3444214840631754,0.1187383061285245,-0.11150502570996877,0.00023607376727081546,0.05399790033698082,0.018453456461429596,-0.0011490131728351138,0.05388088505545422,0.018459635082855048,0.0010515948978404364
22.410000000000704,5.988057851791382,0.912076473236084,4.283136367797852,-1.0608400925068362,0.00987312528915937,0.34607178628973284,0.12078288662673817,-0.11065008897986378,0.0003142336842174867,0.04946821555495262,0.02135637030005455,-0.0008891430916264679,0.04928038870724475,0.02130791316639907,0.0017009536291022072
22.420000000000705,5.988057851791382,0.912076473236084,4.283136367797852,-1.0608400925068362,0.00987312528915937,0.34607178628973284,0.12078288662673817,-0.11065008897986378,0.0003142336842174867,0.04946821555495262,0.02135637030005455,-0.0008891430916264679,0.04928038870724475,0.02130791316639907,0.0017009536291022072
22.430000000000707,5.988057851791382,0.912076473236084,4.283136367797852,-1.0608400925068362,0.00987312528915937,0.34607178628973284,0.12078288662673817,-0.11065008897986378,0.0003142336842174867,0.04946821555495262,0.02135637030005455,-0.0008891430916264679,0.04928038870724475,0.02130791316639907,0.0017009536291022072
22.44000000000071,5.988057851791382,0.912076473236084,4.283136367797852,-1.0608400925068362,0.00987312528915937,0.34607178628973284,0.12078288662673817,-0.11065008897986378,0.0003142336842174867,0.04946821555495262,0.02135637030005455,-0.0008891430916264679,0.04928038870724475,0.02130791316639907,0.0017009536291022072
22.45000000000071,5.946516275405884,0.9091113805770874,4.287956237792969,-1.0926422174635568,-0.04957056113529999,0.34909782595754424,0.1223601904054569,-0.10969874487927564,0.0003412380031183381,0.042739856988191605,0.02574000507593155,-0.0009648321429267557,0.042499300418332775,0.02566531815572144,0.0021972878286433167
22.46000000000071,5.946516275405884,0.9091113805770874,4.287956237792969,-1.0926422174635568,-0.04957056113529999,0.34909782595754424,0.1223601904054569,-0.10969874487927564,0.0003412380031183381,0.042739856988191605,0.02574000507593155,-0.0009648321429267557,0.042499300418332775,0.02566531815572144,0.0021972878286433167
22.470000000000713,5.946516275405884,0.9091113805770874,4.287956237792969,-1.0926422174635568,-0.04957056113529999,0.34909782595754424,0.1223601904054569,-0.10969874487927564,0.0003412380031183381,0.042739856988191605,0.02574000507593155,-0.0009648321429267557,0.042499300418332775,0.02566531815572144,0.0021972878286433167
22.480000000000715,5.912026405334473,0.9051021933555603,4.292086124420166,-1.1181468919517907,-0.09679495148670793,0.35346102792833306,0.12329164076609068,-0.10907340890102789,0.00042452860600859213,0.03796949237585068,0.02702321857213974,0.001147805945947763,0.03748082422991925,0.026676934327397317,0.004489072502841732
22.490000000000716,5.912026405334473,0.9051021933555603,4.292086124420166,-1.1181468919517907,-0.09679495148670793,0.35346102792833306,0.12329164076609068,-0.10907340890102789,0.00042452860600859213,0.03796949237585068,0.02702321857213974,0.001147805945947763,0.03748082422991925,0.026676934327397317,0.004489072502841732
22.500000000000718,5.912026405334473,0.9051021933555603,4.292086124420166,-1.1181468919517907,-0.09679495148670793,0.35346102792833306,0.12329164076609068,-0.10907340890102789,0.00042452860600859213,0.03796949237585068,0.02702321857213974,0.001147805945947763,0.03748082422991925,0.026676934327397317,0.004489072502841732
22.51000000000072,5.881256103515625,0.9003454446792603,4.29545259475708,-1.1398171429285153,-0.13808751170736827,0.35751112112393096,0.1243751870732113,-0.10814242677482178,0.000495666943520728,0.018916282802820206,0.01967049017548561,0.0006038596038706577,0.018586305946519756,0.019443631290085802,0.0030572728281841217
22.52000000000072,5.881256103515625,0.9003454446792603,4.29545259475708,-1.1398171429285153,-0.13808751170736827,0.35751112112393096,0.1243751870732113,-0.10814242677482178,0.000495666943520728,0.018916282802820206,0.01967049017548561,0.0006038596038706577,0.018586305946519756,0.019443631290085802,0.0030572728281841217
22.530000000000722,5.881256103515625,0.9003454446792603,4.29545259475708,-1.1398171429285153,-0.13808751170736827,0.35751112112393096,0.1243751870732113,-0.10814242677482178,0.000495666943520728,0.018916282802820206,0.01967049017548561,0.0006038596038706577,0.018586305946519756,0.019443631290085802,0.0030572728281841217
22.540000000000724,5.881256103515625,0.9003454446792603,4.29545259475708,-1.1398171429285153,-0.13808751170736827,0.35751112112393096,0.1243751870732113,-0.10814242677482178,0.000495666943520728,0.018916282802820206,0.01967049017548561,0.0006038596038706577,0.018586305946519756,0.019443631290085802,0.0030572728281841217
22.550000000000725,5.835862874984741,0.8915777802467346,4.300540924072266,-1.170385305596131,-0.19665735086178174,0.3628748239307398,0.124836180834812,-0.10736971916356776,0.0006236315059042125,0.009247837588191032,0.018898703157901764,0.0006657162448391296,0.008923013157288086,0.018668745136480692,0.0030311095508359174
22.560000000000727,5.835862874984741,0.8915777802467346,4.300540924072266,-1.170385305596131,-0.19665735086178174,0.3628748239307398,0.124836180834812,-0.10736971916356776,0.0006236315059042125,0.009247837588191032,0.018898703157901764,0.0006657162448391296,0.008923013157288086,0.018668745136480692,0.0030311095508359174
22.57000000000073,5.835862874984741,0.8915777802467346,4.300540924072266,-1.170385305596131,-0.19665735086178174,0.3628748239307398,0.124836180834812,-0.10736971916356776,0.0006236315059042125,0.009247837588191032,0.018898703157901764,0.0006657162448391296,0.008923013157288086,0.018668745136480692,0.0030311095508359174
22.58000000000073,5.798447608947754,0.8829315900802612,4.304939270019531,-1.194078926167228,-0.243440731426405,0.3658382866399007,0.1249906757012003,-0.1069457356424268,0.0006359363766868586,0.0074915578588843346,0.020532894879579544,-0.0026658819988369968,0.007500719752853492,0.020705057733573288,-8.5832145988417e-05
22.59000000000073,5.798447608947754,0.8829315900802612,4.304939270019531,-1.194078926167228,-0.243440731426405,0.3658382866399007,0.1249906757012003,-0.1069457356424268,0.0006359363766868586,0.0074915578588843346,0.020532894879579544,-0.0026658819988369968,0.007500719752853492,0.020705057733573288,-8.5832145988417e-05
22.600000000000733,5.798447608947754,0.8829315900802612,4.304939270019531,-1.194078926167228,-0.243440731426405,0.3658382866399007,0.1249906757012003,-0.1069457356424268,0.0006359363766868586,0.0074915578588843346,0.020532894879579544,-0.0026658819988369968,0.007500719752853492,0.020705057733573288,-8.5832145988417e-05
22.610000000000735,5.765156269073486,0.8741581439971924,4.308359146118164,-1.2153120997486646,-0.2842613304350748,0.3679233223676287,0.12480746264082287,-0.1060029927234098,0.0006564206415095369,-0.01077228132635355,0.022493524476885796,-0.0006487828213721541,-0.0110017199106564,0.022399324930330946,0.002168512686379604
22.620000000000736,5.765156269073486,0.8741581439971924,4.308359146118164,-1.2153120997486646,-0.2842613304350748,0.3679233223676287,0.12480746264082287,-0.1060029927234098,0.0006564206415095369,-0.01077228132635355,0.022493524476885796,-0.0006487828213721541,-0.0110017199106564,0.022399324930330946,0.002168512686379604
22.630000000000738,5.765156269073486,0.8741581439971924,4.308359146118164,-1.2153120997486646,-0.2842613304350748,0.3679233223676287,0.12480746264082287,-0.1060029927234098,0.0006564206415095369,-0.01077228132635355,0.022493524476885796,-0.0006487828213721541,-0.0110017199106564,0.022399324930330946,0.002168512686379604
22.64000000000074,5.765156269073486,0.8741581439971924,4.308359146118164,-1.2153120997486646,-0.2842613304350748,0.3679233223676287,0.12480746264082287,-0.1060029927234098,0.0006564206415095369,-0.01077228132635355,0.022493524476885796,-0.0006487828213721541,-0.0110017199106564,0.022399324930330946,0.002168512686379604
22.65000000000074,5.716317892074585,0.8597181439399719,4.313612937927246,-1.244372181448174,-0.3417939562426292,0.36968839452316027,0.12419989709421471,-0.10501640351743967,0.0006509320026252765,-0.01953190378844738,0.025791110470891,-0.0025413415860384733,-0.019602868027748365,0.025907267697527703,0.0006769879988069943
22.660000000000743,5.716317892074585,0.8597181439399719,4.313612937927246,-1.244372181448174,-0.3417939562426292,0.36968839452316027,0.12419989709421471,-0.10501640351743967,0.0006509320026252765,-0.01953190378844738,0.025791110470891,-0.0025413415860384733,-0.019602868027748365,0.025907267697527703,0.0006769879988069943
22.670000000000744,5.716317892074585,0.8597181439399719,4.313612937927246,-1.244372181448174,-0.3417939562426292,0.36968839452316027,0.12419989709421471,-0.10501640351743967,0.0006509320026252765,-0.01953190378844738,0.025791110470891,-0.0025413415860384733,-0.019602868027748365,0.025907267697527703,0.0006769879988069943
22.680000000000746,5.676250457763672,0.8465770483016968,4.317774295806885,-1.2669597799280259,-0.3870924537956259,0.37096883474865877,0.12381084219005259,-0.10441434168363627,0.0006981920253970899,-0.020600315183401108,0.029589375481009483,-0.0019786646589636837,-0.020777483911847902,0.029607230156631772,0.001699872465619249
22.690000000000747,5.676250457763672,0.8465770483016968,4.317774295806885,-1.2669597799280259,-0.3870924537956259,0.37096883474865877,0.12381084219005259,-0.10441434168363627,0.0006981920253970899,-0.020600315183401108,0.029589375481009483,-0.0019786646589636837,-0.020777483911847902,0.029607230156631772,0.001699872465619249
22.70000000000075,5.676250457763672,0.8465770483016968,4.317774295806885,-1.2669597799280259,-0.3870924537956259,0.37096883474865877,0.12381084219005259,-0.10441434168363627,0.0006981920253970899,-0.020600315183401108,0.029589375481009483,-0.0019786646589636837,-0.020777483911847902,0.029607230156631772,0.001699872465619249
22.71000000000075,5.640642166137695,0.8339331746101379,4.3212409019470215,-1.2865065229168204,-0.42613490254621955,0.3706860430656822,0.1227382856682359,-0.10288799386402699,0.0008122849188401956,-0.028818534687161446,0.03987805172801018,-0.0036512003280222464,-0.028948483345448753,0.04002507117722243,0.0012652420200395698
22.720000000000752,5.640642166137695,0.8339331746101379,4.3212409019470215,-1.2865065229168204,-0.42613490254621955,0.3706860430656822,0.1227382856682359,-0.10288799386402699,0.0008122849188401956,-0.028818534687161446,0.03987805172801018,-0.0036512003280222464,-0.028948483345448753,0.04002507117722243,0.0012652420200395698
22.730000000000754,5.640642166137695,0.8339331746101379,4.3212409019470215,-1.2865065229168204,-0.42613490254621955,0.3706860430656822,0.1227382856682359,-0.10288799386402699,0.0008122849188401956,-0.028818534687161446,0.03987805172801018,-0.0036512003280222464,-0.028948483345448753,0.04002507117722243,0.0012652420200395698
22.740000000000755,5.640642166137695,0.8339331746101379,4.3212409019470215,-1.2865065229168204,-0.42613490254621955,0.3706860430656822,0.1227382856682359,-0.10288799386402699,0.0008122849188401956,-0.028818534687161446,0.03987805172801018,-0.0036512003280222464,-0.028948483345448753,0.04002507117722243,0.0012652420200395698
22.750000000000757,5.588670015335083,0.8140493631362915,4.326288223266602,-1.3134857586744586,-0.4809302569020405,0.37095395352413146,0.12128308216119031,-0.10144533508041331,0.0008697971053072212,-0.04097473621368408,0.03798229619860649,-0.004273681435734038,-0.04101067351316773,0.03822034199943387,0.0003548611962737956
22.76000000000076,5.588670015335083,0.8140493631362915,4.326288223266602,-1.3134857586744586,-0.4809302569020405,0.37095395352413146,0.12128308216119031,-0.10144533508041331,0.0008697971053072212,-0.04097473621368408,0.03798229619860649,-0.004273681435734038,-0.04101067351316773,0.03822034199943387,0.0003548611962737956
22.77000000000076,5.588670015335083,0.8140493631362915,4.326288223266602,-1.3134857586744586,-0.4809302569020405,0.37095395352413146,0.12128308216119031,-0.10144533508041331,0.0008697971053072212,-0.04097473621368408,0.03798229619860649,-0.004273681435734038,-0.04101067351316773,0.03822034199943387,0.0003548611962737956
22.78000000000076,5.5462305545806885,0.7966151833534241,4.330418586730957,-1.3342156713320332,-0.5237978417678923,0.3709614972386923,0.12059833839710081,-0.10083528169473358,0.0009258828128780738,-0.04303715378046036,0.03852948173880577,-0.0012121374020353007,-0.04338439845939941,0.038395463223151016,0.003449525023693631
22.790000000000763,5.5462305545806885,0.7966151833534241,4.330418586730957,-1.3342156713320332,-0.5237978417678923,0.3709614972386923,0.12059833839710081,-0.10083528169473358,0.0009258828128780738,-0.04303715378046036,0.03852948173880577,-0.0012121374020353007,-0.04338439845939941,0.038395463223151016,0.003449525023693631
22.800000000000765,5.5462305545806885,0.7966151833534241,4.330418586730957,-1.3342156713320332,-0.5237978417678923,0.3709614972386923,0.12059833839710081,-0.10083528169473358,0.0009258828128780738,-0.04303715378046036,0.03852948173880577,-0.0012121374020353007,-0.04338439845939941,0.038395463223151016,0.003449525023693631
22.810000000000766,5.510382652282715,0.7796356678009033,4.331280708312988,-1.3519152742901135,-0.5613198351366395,0.36722384130344654,0.1185663179822706,-0.09912451229342248,0.001019858940414145,-0.054463036358356476,0.04441917687654495,-0.0043613207526505045,-0.05455488742710765,0.0446232157233809,0.0009281423493884811
22.820000000000768,5.510382652282715,0.7796356678009033,4.331280708312988,-1.3519152742901135,-0.5613198351366395,0.36722384130344654,0.1185663179822706,-0.09912451229342248,0.001019858940414145,-0.054463036358356476,0.04441917687654495,-0.0043613207526505045,-0.05455488742710765,0.0446232157233809,0.0009281423493884811
22.83000000000077,5.510382652282715,0.7796356678009033,4.331280708312988,-1.3519152742901135,-0.5613198351366395,0.36722384130344654,0.1185663179822706,-0.09912451229342248,0.001019858940414145,-0.054463036358356476,0.04441917687654495,-0.0043613207526505045,-0.05455488742710765,0.0446232157233809,0.0009281423493884811
22.84000000000077,5.457792043685913,0.7537789344787598,4.333089351654053,-1.3755502361162801,-0.6140244377940872,0.36203795622627166,0.11598841856266721,-0.09713876556712799,0.0010395382258348387,-0.061561256647109985,0.04188142344355583,-0.0057782651856541686,-0.06147428023474033,0.04226872727863195,-0.0008967928161588932
22.850000000000772,5.457792043685913,0.7537789344787598,4.333089351654053,-1.3755502361162801,-0.6140244377940872,0.36203795622627166,0.11598841856266721,-0.09713876556712799,0.0010395382258348387,-0.061561256647109985,0.04188142344355583,-0.0057782651856541686,-0.06147428023474033,0.04226872727863195,-0.0008967928161588932
22.860000000000774,5.457792043685913,0.7537789344787598,4.333089351654053,-1.3755502361162801,-0.6140244377940872,0.36203795622627166,0.11598841856266721,-0.09713876556712799,0.0010395382258348387,-0.061561256647109985,0.04188142344355583,-0.0057782651856541686,-0.06147428023474033,0.04226872727863195,-0.0008967928161588932
22.870000000000775,5.457792043685913,0.7537789344787598,4.333089351654053,-1.3755502361162801,-0.6140244377940872,0.36203795622627166,0.11598841856266721,-0.09713876556712799,0.0010395382258348387,-0.061561256647109985,0.04188142344355583,-0.0057782651856541686,-0.06147428023474033,0.04226872727863195,-0.0008967928161588932
22.880000000000777,5.414697170257568,0.7317346930503845,4.334773063659668,-1.3941830840320575,-0.6542272823022419,0.3615016300848438,0.11470099954659818,-0.09633539577646515,0.001029498341621347,-0.0643719732761383,0.03880298137664795,-0.0057931817136704965,-0.06424498323816728,0.03921103656048673,-0.0013202486152274033
22.89000000000078,5.414697170257568,0.7317346930503845,4.334773063659668,-1.3941830840320575,-0.6542272823022419,0.3615016300848438,0.11470099954659818,-0.09633539577646515,0.001029498341621347,-0.0643719732761383,0.03880298137664795,-0.0057931817136704965,-0.06424498323816728,0.03921103656048673,-0.0013202486152274033
22.90000000000078,5.414697170257568,0.7317346930503845,4.334773063659668,-1.3941830840320575,-0.6542272823022419,0.3615016300848438,0.11470099954659818,-0.09633539577646515,0.001029498341621347,-0.0643719732761383,0.03880298137664795,-0.0057931817136704965,-0.06424498323816728,0.03921103656048673,-0.0013202486152274033
22.91000000000078,5.3765740394592285,0.7114031314849854,4.335992813110352,-1.4101775870360895,-0.6893902055233815,0.36044841767339053,0.11203455297339779,-0.09507351438965433,0.0010727337854643155,-0.0781032145023346,0.03364479914307594,-0.0029709476511925502,-0.07818037850814369,0.03376602242959013,0.0008128486281337347
22.920000000000783,5.3765740394592285,0.7114031314849854,4.335992813110352,-1.4101775870360895,-0.6893902055233815,0.36044841767339053,0.11203455297339779,-0.09507351438965433,0.0010727337854643155,-0.0781032145023346,0.03364479914307594,-0.0029709476511925502,-0.07818037850814369,0.03376602242959013,0.0008128486281337347
22.930000000000785,5.3765740394592285,0.7114031314849854,4.335992813110352,-1.4101775870360895,-0.6893902055233815,0.36044841767339053,0.11203455297339779,-0.09507351438965433,0.0010727337854643155,-0.0781032145023346,0.03364479914307594,-0.0029709476511925502,-0.07818037850814369,0.03376602242959013,0.0008128486281337347
22.940000000000786,5.3765740394592285,0.7114031314849854,4.335992813110352,-1.4101775870360895,-0.6893902055233815,0.36044841767339053,0.11203455297339779,-0.09507351438965433,0.0010727337854643155,-0.0781032145023346,0.03364479914307594,-0.0029709476511925502,-0.07818037850814369,0.03376602242959013,0.0008128486281337347
22.950000000000788,5.320935964584351,0.6808544397354126,4.338327407836914,-1.432341267767213,-0.7379885077979992,0.36004546177139773,0.1081934792848523,-0.09365343023463982,0.0010716504647334988,-0.08939661830663681,0.029036493971943855,-0.0016039727488532697,-0.08954134662404745,0.02903991259329785,0.0015476219245271622
22.96000000000079,5.320935964584351,0.6808544397354126,4.338327407836914,-1.432341267767213,-0.7379885077979992,0.36004546177139773,0.1081934792848523,-0.09365343023463982,0.0010716504647334988,-0.08939661830663681,0.029036493971943855,-0.0016039727488532697,-0.08954134662404745,0.02903991259329785,0.0015476219245271622
22.97000000000079,5.320935964584351,0.6808544397354126,4.338327407836914,-1.432341267767213,-0.7379885077979992,0.36004546177139773,0.1081934792848523,-0.09365343023463982,0.0010716504647334988,-0.08939661830663681,0.029036493971943855,-0.0016039727488532697,-0.08954134662404745,0.02903991259329785,0.0015476219245271622
22.980000000000793,5.275540590286255,0.6551703810691833,4.340488910675049,-1.4495128694754271,-0.7749175907667468,0.35945229303003745,0.10626735782046963,-0.09306814896716668,0.0010699261454392005,-0.09734661877155304,0.028048601001501083,-0.003534892806783322,-0.0972962249208384,0.028265314155348668,-0.0005422550474561721
22.990000000000794,5.275540590286255,0.6551703810691833,4.340488910675049,-1.4495128694754271,-0.7749175907667468,0.35945229303003745,0.10626735782046963,-0.09306814896716668,0.0010699261454392005,-0.09734661877155304,0.028048601001501083,-0.003534892806783322,-0.0972962249208384,0.028265314155348668,-0.0005422550474561721
23.000000000000796,5.275540590286255,0.6551703810691833,4.340488910675049,-1.4495128694754271,-0.7749175907667468,0.35945229303003745,0.10626735782046963,-0.09306814896716668,0.0010699261454392005,-0.09734661877155304,0.028048601001501083,-0.003534892806783322,-0.0972962249208384,0.028265314155348668,-0.0005422550474561721
23.010000000000797,5.235433101654053,0.6317699551582336,4.34221887588501,-1.4638406055626523,-0.806847039886276,0.35463412820629003,0.10242423234768869,-0.09166068319117561,0.001108037447584169,-0.1136980652809143,0.04183993488550186,-0.0014351622667163663,-0.11396005926029854,0.041767399603336766,0.0028623090635462164
23.0200000000008,5.235433101654053,0.6317699551582336,4.34221887588501,-1.4638406055626523,-0.806847039886276,0.35463412820629003,0.10242423234768869,-0.09166068319117561,0.001108037447584169,-0.1136980652809143,0.04183993488550186,-0.0014351622667163663,-0.11396005926029854,0.041767399603336766,0.0028623090635462164
23.0300000000008,5.235433101654053,0.6317699551582336,4.34221887588501,-1.4638406055626523,-0.806847039886276,0.35463412820629003,0.10242423234768869,-0.09166068319117561,0.001108037447584169,-0.1136980652809143,0.04183993488550186,-0.0014351622667163663,-0.11396005926029854,0.041767399603336766,0.0028623090635462164
23.040000000000802,5.235433101654053,0.6317699551582336,4.34221887588501,-1.4638406055626523,-0.806847039886276,0.35463412820629003,0.10242423234768869,-0.09166068319117561,0.001108037447584169,-0.1136980652809143,0.04183993488550186,-0.0014351622667163663,-0.11396005926029854,0.041767399603336766,0.0028623090635462164
23.050000000000804,5.177186489105225,0.5970152616500854,4.344801902770996,-1.484177864149138,-0.8496458701473023,0.3461027537262634,0.09772135021179036,-0.0899321259408333,0.001101052857501415,-0.12111683189868927,0.04333807900547981,-0.0044505945406854205,-0.12109870280397717,0.04356554218072686,-0.00020185840129215447
23.060000000000805,5.177186489105225,0.5970152616500854,4.344801902770996,-1.484177864149138,-0.8496458701473023,0.3461027537262634,0.09772135021179036,-0.0899321259408333,0.001101052857501415,-0.12111683189868927,0.04333807900547981,-0.0044505945406854205,-0.12109870280397717,0.04356554218072686,-0.00020185840129215447
23.070000000000807,5.177186489105225,0.5970152616500854,4.344801902770996,-1.484177864149138,-0.8496458701473023,0.3461027537262634,0.09772135021179036,-0.0899321259408333,0.001101052857501415,-0.12111683189868927,0.04333807900547981,-0.0044505945406854205,-0.12109870280397717,0.04356554218072686,-0.00020185840129215447
23.08000000000081,5.129842042922974,0.5681414008140564,4.347027778625488,-1.500166553367757,-0.8822645576523713,0.3399536978334061,0.0947902262748471,-0.0888504053748471,0.0011014242557406489,-0.12252318114042282,0.04515950754284859,-0.003415495157241827,-0.12260105120223169,0.04528004704193508,0.000877571825216011
23.09000000000081,5.129842042922974,0.5681414008140564,4.347027778625488,-1.500166553367757,-0.8822645576523713,0.3399536978334061,0.0947902262748471,-0.0888504053748471,0.0011014242557406489,-0.12252318114042282,0.04515950754284859,-0.003415495157241827,-0.12260105120223169,0.04528004704193508,0.000877571825216011
23.10000000000081,5.129842042922974,0.5681414008140564,4.347027778625488,-1.500166553367757,-0.8822645576523713,0.3399536978334061,0.0947902262748471,-0.0888504053748471,0.0011014242557406489,-0.12252318114042282,0.04515950754284859,-0.003415495157241827,-0.12260105120223169,0.04528004704193508,0.000877571825216011
23.110000000000813,5.088042736053467,0.5420939326286316,4.348630905151367,-1.513474199019266,-0.9102169547367458,0.33079576517123277,0.08975601973709674,-0.08700833766607587,0.0010395051182954898,-0.1278637945652008,0.0469047874212265,-0.007282258011400706,-0.12759786888332458,0.04736872761822295,-0.0030601838300893416
23.120000000000815,5.088042736053467,0.5420939326286316,4.348630905151367,-1.513474199019266,-0.9102169547367458,0.33079576517123277,0.08975601973709674,-0.08700833766607587,0.0010395051182954898,-0.1278637945652008,0.0469047874212265,-0.007282258011400706,-0.12759786888332458,0.04736872761822295,-0.0030601838300893416
23.130000000000816,5.088042736053467,0.5420939326286316,4.348630905151367,-1.513474199019266,-0.9102169547367458,0.33079576517123277,0.08975601973709674,-0.08700833766607587,0.0010395051182954898,-0.1278637945652008,0.0469047874212265,-0.007282258011400706,-0.12759786888332458,0.04736872761822295,-0.0030601838300893416
23.140000000000818,5.027565002441406,0.5036998987197876,4.351114749908447,-1.5308350674022035,-0.9475709769924948,0.3207233540904584,0.08524562108723434,-0.08526913203921505,0.0010272207431555353,-0.12995529174804688,0.05247124657034874,-0.004384425934404141,-0.12996375591603213,0.05265401315926096,9.938454167029985e-05
23.15000000000082,5.027565002441406,0.5036998987197876,4.351114749908447,-1.5308350674022035,-0.9475709769924948,0.3207233540904584,0.08524562108723434,-0.08526913203921505,0.0010272207431555353,-0.12995529174804688,0.05247124657034874,-0.004384425934404141,-0.12996375591603213,0.05265401315926096,9.938454167029985e-05
23.16000000000082,5.027565002441406,0.5036998987197876,4.351114749908447,-1.5308350674022035,-0.9475709769924948,0.3207233540904584,0.08524562108723434,-0.08526913203921505,0.0010272207431555353,-0.12995529174804688,0.05247124657034874,-0.004384425934404141,-0.12996375591603213,0.05265401315926096,9.938454167029985e-05
23.170000000000822,5.027565002441406,0.5036998987197876,4.351114749908447,-1.5308350674022035,-0.9475709769924948,0.3207233540904584,0.08524562108723434,-0.08526913203921505,0.0010272207431555353,-0.12995529174804688,0.05247124657034874,-0.004384425934404141,-0.12996375591603213,0.05265401315926096,9.938454167029985e-05
23.180000000000824,4.9785706996917725,0.47204485535621643,4.352734565734863,-1.5440824146077843,-0.9749319230357226,0.3129140255344617,0.08205084483899064,-0.08396887613860883,0.0010380214049776288,-0.1359683871269226,0.05419778451323509,-0.004715269431471832,-0.13594672091338206,0.05440190572853222,-0.0002583301824020268
23.190000000000826,4.9785706996917725,0.47204485535621643,4.352734565734863,-1.5440824146077843,-0.9749319230357226,0.3129140255344617,0.08205084483899064,-0.08396887613860883,0.0010380214049776288,-0.1359683871269226,0.05419778451323509,-0.004715269431471832,-0.13594672091338206,0.05440190572853222,-0.0002583301824020268
23.200000000000827,4.9785706996917725,0.47204485535621643,4.352734565734863,-1.5440824146077843,-0.9749319230357226,0.3129140255344617,0.08205084483899064,-0.08396887613860883,0.0010380214049776288,-0.1359683871269226,0.05419778451323509,-0.004715269431471832,-0.13594672091338206,0.05440190572853222,-0.0002583301824020268
23.21000000000083,4.9379212856292725,0.4429005980491638,4.352321147918701,-1.5542438818016284,-0.999412555496911,0.3000187908918319,0.07647122332952117,-0.08161047595278267,0.0010624789489309086,-0.14100641012191772,0.058589499443769455,-0.005210544914007194,-0.1409475793305285,0.05881634017241958,-0.0007216738574905466
23.22000000000083,4.9379212856292725,0.4429005980491638,4.352321147918701,-1.5542438818016284,-0.999412555496911,0.3000187908918319,0.07647122332952117,-0.08161047595278267,0.0010624789489309086,-0.14100641012191772,0.058589499443769455,-0.005210544914007194,-0.1409475793305285,0.05881634017241958,-0.0007216738574905466
23.23000000000083,4.9379212856292725,0.4429005980491638,4.352321147918701,-1.5542438818016284,-0.999412555496911,0.3000187908918319,0.07647122332952117,-0.08161047595278267,0.0010624789489309086,-0.14100641012191772,0.058589499443769455,-0.005210544914007194,-0.1409475793305285,0.05881634017241958,-0.0007216738574905466
23.240000000000833,4.9379212856292725,0.4429005980491638,4.352321147918701,-1.5542438818016284,-0.999412555496911,0.3000187908918319,0.07647122332952117,-0.08161047595278267,0.0010624789489309086,-0.14100641012191772,0.058589499443769455,-0.005210544914007194,-0.1409475793305285,0.05881634017241958,-0.0007216738574905466
23.250000000000835,4.878667235374451,0.40046799182891846,4.352108955383301,-1.5681738002512162,-1.0301542602834501,0.28608471809053626,0.07076306250965758,-0.07928665600365707,0.001058519094162172,-0.14792108535766602,0.0568590983748436,-0.003750392235815532,-0.1479432655646037,0.05698196714125426,0.00028004034924775334
23.260000000000836,4.878667235374451,0.40046799182891846,4.352108955383301,-1.5681738002512162,-1.0301542602834501,0.28608471809053626,0.07076306250965758,-0.07928665600365707,0.001058519094162172,-0.14792108535766602,0.0568590983748436,-0.003750392235815532,-0.1479432655646037,0.05698196714125426,0.00028004034924775334
23.270000000000838,4.878667235374451,0.40046799182891846,4.352108955383301,-1.5681738002512162,-1.0301542602834501,0.28608471809053626,0.07076306250965758,-0.07928665600365707,0.001058519094162172,-0.14792108535766602,0.0568590983748436,-0.003750392235815532,-0.1479432655646037,0.05698196714125426,0.00028004034924775334
23.28000000000084,4.830423831939697,0.3658747673034668,4.35225248336792,-1.5782866752321223,-1.0526437037801255,0.27882141734725346,0.06767913789461566,-0.07824857727915187,0.0010611801605326086,-0.1562371402978897,0.04966571554541588,-0.0033577235881239237,-0.15623782486566634,0.049779087296837096,8.757563178066406e-06
23.29000000000084,4.830423831939697,0.3658747673034668,4.35225248336792,-1.5782866752321223,-1.0526437037801255,0.27882141734725346,0.06767913789461566,-0.07824857727915187,0.0010611801605326086,-0.1562371402978897,0.04966571554541588,-0.0033577235881239237,-0.15623782486566634,0.049779087296837096,8.757563178066406e-06
23.300000000000843,4.830423831939697,0.3658747673034668,4.35225248336792,-1.5782866752321223,-1.0526437037801255,0.27882141734725346,0.06767913789461566,-0.07824857727915187,0.0010611801605326086,-0.1562371402978897,0.04966571554541588,-0.0033577235881239237,-0.15623782486566634,0.049779087296837096,8.757563178066406e-06
23.310000000000844,4.788050174713135,0.33506712317466736,4.352189540863037,-1.5868739798497669,-1.0721371891987874,0.26752553220717856,0.061233539452737074,-0.07658378680827271,0.0009986245401981475,-0.16063785552978516,0.03687893599271774,-0.005896634422242646,-0.1603594062844873,0.037170664149806604,-0.0036394337621446873
23.320000000000846,4.788050174713135,0.33506712317466736,4.352189540863037,-1.5868739798497669,-1.0721371891987874,0.26752553220717856,0.061233539452737074,-0.07658378680827271,0.0009986245401981475,-0.16063785552978516,0.03687893599271774,-0.005896634422242646,-0.1603594062844873,0.037170664149806604,-0.0036394337621446873
23.330000000000847,4.788050174713135,0.33506712317466736,4.352189540863037,-1.5868739798497669,-1.0721371891987874,0.26752553220717856,0.061233539452737074,-0.07658378680827271,0.0009986245401981475,-0.16063785552978516,0.03687893599271774,-0.005896634422242646,-0.1603594062844873,0.037170664149806604,-0.0036394337621446873
23.34000000000085,4.72660493850708,0.2904128134250641,4.352498531341553,-1.5985955440204995,-1.0965044757560083,0.25611420325700646,0.05461858030102944,-0.07513259953956697,0.0008869212740412238,-0.16862155497074127,0.03535429388284683,-0.006496332120150332,-0.16827855988922766,0.03565621676316709,-0.004569494363054055
23.35000000000085,4.72660493850708,0.2904128134250641,4.352498531341553,-1.5985955440204995,-1.0965044757560083,0.25611420325700646,0.05461858030102944,-0.07513259953956697,0.0008869212740412238,-0.16862155497074127,0.03535429388284683,-0.006496332120150332,-0.16827855988922766,0.03565621676316709,-0.004569494363054055
23.360000000000852,4.72660493850708,0.2904128134250641,4.352498531341553,-1.5985955440204995,-1.0965044757560083,0.25611420325700646,0.05461858030102944,-0.07513259953956697,0.0008869212740412238,-0.16862155497074127,0.03535429388284683,-0.006496332120150332,-0.16827855988922766,0.03565621676316709,-0.004569494363054055
23.370000000000854,4.72660493850708,0.2904128134250641,4.352498531341553,-1.5985955440204995,-1.0965044757560083,0.25611420325700646,0.05461858030102944,-0.07513259953956697,0.0008869212740412238,-0.16862155497074127,0.03535429388284683,-0.006496332120150332,-0.16827855988922766,0.03565621676316709,-0.004569494363054055
23.380000000000855,4.676774978637695,0.2541639804840088,4.352980613708496,-1.6072512175437603,-1.1133536505353963,0.24893796395381915,0.05113929159879001,-0.07444079899260193,0.0007900308897334686,-0.17528821527957916,0.034369975328445435,-0.007592790760099892,-0.17485372222919204,0.034713163194423885,-0.005842153785440443
23.390000000000857,4.676774978637695,0.2541639804840088,4.352980613708496,-1.6072512175437603,-1.1133536505353963,0.24893796395381915,0.05113929159879001,-0.07444079899260193,0.0007900308897334686,-0.17528821527957916,0.034369975328445435,-0.007592790760099892,-0.17485372222919204,0.034713163194423885,-0.005842153785440443
23.40000000000086,4.676774978637695,0.2541639804840088,4.352980613708496,-1.6072512175437603,-1.1133536505353963,0.24893796395381915,0.05113929159879001,-0.07444079899260193,0.0007900308897334686,-0.17528821527957916,0.034369975328445435,-0.007592790760099892,-0.17485372222919204,0.034713163194423885,-0.005842153785440443
23.41000000000086,4.633014798164368,0.2220696210861206,4.353172779083252,-1.614628382412552,-1.1276799940285667,0.2350490960507347,0.04395486995441524,-0.0728805885663543,0.0006618811813744529,-0.18272946774959564,0.038211360573768616,-0.00482830405235291,-0.1824998803801956,0.038386612902618605,-0.003152975918910471
23.42000000000086,4.633014798164368,0.2220696210861206,4.353172779083252,-1.614628382412552,-1.1276799940285667,0.2350490960507347,0.04395486995441524,-0.0728805885663543,0.0006618811813744529,-0.18272946774959564,0.038211360573768616,-0.00482830405235291,-0.1824998803801956,0.038386612902618605,-0.003152975918910471
23.430000000000863,4.633014798164368,0.2220696210861206,4.353172779083252,-1.614628382412552,-1.1276799940285667,0.2350490960507347,0.04395486995441524,-0.0728805885663543,0.0006618811813744529,-0.18272946774959564,0.038211360573768616,-0.00482830405235291,-0.1824998803801956,0.038386612902618605,-0.003152975918910471
23.440000000000865,4.633014798164368,0.2220696210861206,4.353172779083252,-1.614628382412552,-1.1276799940285667,0.2350490960507347,0.04395486995441524,-0.0728805885663543,0.0006618811813744529,-0.18272946774959564,0.038211360573768616,-0.00482830405235291,-0.1824998803801956,0.038386612902618605,-0.003152975918910471
23.450000000000866,4.56974196434021,0.17579448223114014,4.353625774383545,-1.6253495303242393,-1.143501096691111,0.21854473350311832,0.03729319023777385,-0.07140683573278185,0.0006605028351645084,-0.18609987199306488,0.040206849575042725,-0.0021978383883833933,-0.18605000120890108,0.040260838740602906,-0.0006989973747069246
23.460000000000868,4.56974196434021,0.17579448223114014,4.353625774383545,-1.6253495303242393,-1.143501096691111,0.21854473350311832,0.03729319023777385,-0.07140683573278185,0.0006605028351645084,-0.18609987199306488,0.040206849575042725,-0.0021978383883833933,-0.18605000120890108,0.040260838740602906,-0.0006989973747069246
23.47000000000087,4.56974196434021,0.17579448223114014,4.353625774383545,-1.6253495303242393,-1.143501096691111,0.21854473350311832,0.03729319023777385,-0.07140683573278185,0.0006605028351645084,-0.18609987199306488,0.040206849575042725,-0.0021978383883833933,-0.18605000120890108,0.040260838740602906,-0.0006989973747069246
23.48000000000087,4.518595457077026,0.1384565681219101,4.353961944580078,-1.6336722501551642,-1.1534510044776893,0.2055814576833216,0.03277649503725566,-0.07025876441440934,0.0006703705947227532,-0.18976175785064697,0.0488901250064373,-0.0007470095297321737,-0.18982196696047304,0.04888834603077189,0.0008576677066283585
23.490000000000872,4.518595457077026,0.1384565681219101,4.353961944580078,-1.6336722501551642,-1.1534510044776893,0.2055814576833216,0.03277649503725566,-0.07025876441440934,0.0006703705947227532,-0.18976175785064697,0.0488901250064373,-0.0007470095297321737,-0.18982196696047304,0.04888834603077189,0.0008576677066283585
23.500000000000874,4.518595457077026,0.1384565681219101,4.353961944580078,-1.6336722501551642,-1.1534510044776893,0.2055814576833216,0.03277649503725566,-0.07025876441440934,0.0006703705947227532,-0.18976175785064697,0.0488901250064373,-0.0007470095297321737,-0.18982196696047304,0.04888834603077189,0.0008576677066283585
23.510000000000876,4.473689079284668,0.10556621849536896,4.35406494140625,-1.6404201647370602,-1.1614612029526281,0.18813618912993366,0.02520463757710687,-0.06811868841684003,0.0007252491077295065,-0.19008132815361023,0.05696626752614975,-0.0004045013920404087,-0.19015168708010038,0.05695836812824766,0.0010336865011140012
23.520000000000877,4.473689079284668,0.10556621849536896,4.35406494140625,-1.6404201647370602,-1.1614612029526281,0.18813618912993366,0.02520463757710687,-0.06811868841684003,0.0007252491077295065,-0.19008132815361023,0.05696626752614975,-0.0004045013920404087,-0.19015168708010038,0.05695836812824766,0.0010336865011140012
23.53000000000088,4.473689079284668,0.10556621849536896,4.35406494140625,-1.6404201647370602,-1.1614612029526281,0.18813618912993366,0.02520463757710687,-0.06811868841684003,0.0007252491077295065,-0.19008132815361023,0.05696626752614975,-0.0004045013920404087,-0.19015168708010038,0.05695836812824766,0.0010336865011140012
23.54000000000088,4.473689079284668,0.10556621849536896,4.35406494140625,-1.6404201647370602,-1.1614612029526281,0.18813618912993366,0.02520463757710687,-0.06811868841684003,0.0007252491077295065,-0.19008132815361023,0.05696626752614975,-0.0004045013920404087,-0.19015168708010038,0.05695836812824766,0.0010336865011140012
23.550000000000882,4.408965349197388,0.05841697379946709,4.353850364685059,-1.6492093919449278,-1.1698772350063735,0.1676116959140372,0.017878177108453994,-0.0656002253730006,0.0006996742338519649,-0.18101587891578674,0.06634911894798279,-0.0022391038946807467,-0.18094672837447048,0.0663785446354634,-0.0010548769122041238
23.560000000000883,4.408965349197388,0.05841697379946709,4.353850364685059,-1.6492093919449278,-1.1698772350063735,0.1676116959140372,0.017878177108453994,-0.0656002253730006,0.0006996742338519649,-0.18101587891578674,0.06634911894798279,-0.0022391038946807467,-0.18094672837447048,0.0663785446354634,-0.0010548769122041238
23.570000000000885,4.408965349197388,0.05841697379946709,4.353850364685059,-1.6492093919449278,-1.1698772350063735,0.1676116959140372,0.017878177108453994,-0.0656002253730006,0.0006996742338519649,-0.18101587891578674,0.06634911894798279,-0.0022391038946807467,-0.18094672837447048,0.0663785446354634,-0.0010548769122041238
23.580000000000886,4.35676646232605,0.02060161903500557,4.353600025177002,-1.6551990240896106,-1.17399017205189,0.15569411018140838,0.014191311038456542,-0.0642018686516165,0.000651234404142633,-0.18512862920761108,0.06967414170503616,-0.003872716100886473,-0.184943242434546,0.06972208294385152,-0.002889545043401162
23.590000000000888,4.35676646232605,0.02060161903500557,4.353600025177002,-1.6551990240896106,-1.17399017205189,0.15569411018140838,0.014191311038456542,-0.0642018686516165,0.000651234404142633,-0.18512862920761108,0.06967414170503616,-0.003872716100886473,-0.184943242434546,0.06972208294385152,-0.002889545043401162
23.60000000000089,4.35676646232605,0.02060161903500557,4.353600025177002,-1.6551990240896106,-1.17399017205189,0.15569411018140838,0.014191311038456542,-0.0642018686516165,0.000651234404142633,-0.18512862920761108,0.06967414170503616,-0.003872716100886473,-0.184943242434546,0.06972208294385152,-0.002889545043401162
23.61000000000089,4.3136550188064575,-0.013058650307357311,4.352156639099121,-1.659106622447349,-1.1770187540251213,0.13780904686545048,0.006668014589212836,-0.06124558949794723,0.0005587934920327692,-0.19161903858184814,0.07745575159788132,-0.002631030278280387,-0.1914893726442866,0.0774715732875119,-0.002118471508176761
23.620000000000893,4.3136550188064575,-0.013058650307357311,4.352156639099121,-1.659106622447349,-1.1770187540251213,0.13780904686545048,0.006668014589212836,-0.06124558949794723,0.0005587934920327692,-0.19161903858184814,0.07745575159788132,-0.002631030278280387,-0.1914893726442866,0.0774715732875119,-0.002118471508176761
23.630000000000894,4.3136550188064575,-0.013058650307357311,4.352156639099121,-1.659106622447349,-1.1770187540251213,0.13780904686545048,0.006668014589212836,-0.06124558949794723,0.0005587934920327692,-0.19161903858184814,0.07745575159788132,-0.002631030278280387,-0.1914893726442866,0.0774715732875119,-0.002118471508176761
23.640000000000896,4.3136550188064575,-0.013058650307357311,4.352156639099121,-1.659106622447349,-1.1770187540251213,0.13780904686545048,0.006668014589212836,-0.06124558949794723,0.0005587934920327692,-0.19161903858184814,0.07745575159788132,-0.002631030278280387,-0.1914893726442866,0.0774715732875119,-0.002118471508176761
23.650000000000897,4.251089811325073,-0.06098458170890808,4.350252628326416,-1.6632829286956072,-1.1775724571304083,0.11833796001009543,-0.00015890446211485384,-0.05837809088680523,0.0004359855558757353,-0.19209422171115875,0.07897448539733887,-0.0027312175370752907,-0.19193386362939704,0.07897405039760937,-0.002748448929771002
23.6600000000009,4.251089811325073,-0.06098458170890808,4.350252628326416,-1.6632829286956072,-1.1775724571304083,0.11833796001009543,-0.00015890446211485384,-0.05837809088680523,0.0004359855558757353,-0.19209422171115875,0.07897448539733887,-0.0027312175370752907,-0.19193386362939704,0.07897405039760937,-0.002748448929771002
23.6700000000009,4.251089811325073,-0.06098458170890808,4.350252628326416,-1.6632829286956072,-1.1775724571304083,0.11833796001009543,-0.00015890446211485384,-0.05837809088680523,0.0004359855558757353,-0.19209422171115875,0.07897448539733887,-0.0027312175370752907,-0.19193386362939704,0.07897405039760937,-0.002748448929771002
23.680000000000902,4.200420260429382,-0.09915202856063843,4.3488006591796875,-1.6654273302330085,-1.1757168059950673,0.10477094621825872,-0.004849341711816699,-0.05658708164652721,0.00038643027426545805,-0.19642594456672668,0.07259476184844971,-0.002209803322330126,-0.19628082412886724,0.07258319222731126,-0.002565919833350062
23.690000000000904,4.200420260429382,-0.09915202856063843,4.3488006591796875,-1.6654273302330085,-1.1757168059950673,0.10477094621825872,-0.004849341711816699,-0.05658708164652721,0.00038643027426545805,-0.19642594456672668,0.07259476184844971,-0.002209803322330126,-0.19628082412886724,0.07258319222731126,-0.002565919833350062
23.700000000000905,4.200420260429382,-0.09915202856063843,4.3488006591796875,-1.6654273302330085,-1.1757168059950673,0.10477094621825872,-0.004849341711816699,-0.05658708164652721,0.00038643027426545805,-0.19642594456672668,0.07259476184844971,-0.002209803322330126,-0.19628082412886724,0.07258319222731126,-0.002565919833350062
23.710000000000907,4.156132221221924,-0.13245587050914764,4.3472819328308105,-1.6669534799685048,-1.1729767381732938,0.08650299351546911,-0.012844113091416216,-0.053906806757945916,0.00029087895701754567,-0.20022714138031006,0.06306485086679459,-0.00011868128785864291,-0.20017703166678294,0.0630581246809787,-0.0009300122583416298
23.72000000000091,4.156132221221924,-0.13245587050914764,4.3472819328308105,-1.6669534799685048,-1.1729767381732938,0.08650299351546911,-0.012844113091416216,-0.053906806757945916,0.00029087895701754567,-0.20022714138031006,0.06306485086679459,-0.00011868128785864291,-0.20017703166678294,0.0630581246809787,-0.0009300122583416298
23.73000000000091,4.156132221221924,-0.13245587050914764,4.3472819328308105,-1.6669534799685048,-1.1729767381732938,0.08650299351546911,-0.012844113091416216,-0.053906806757945916,0.00029087895701754567,-0.20022714138031006,0.06306485086679459,-0.00011868128785864291,-0.20017703166678294,0.0630581246809787,-0.0009300122583416298
23.74000000000091,4.092220187187195,-0.17969176173210144,4.345216751098633,-1.6684375751993272,-1.1651517576701391,0.06929658403892228,-0.02017399987903618,-0.05187234160725645,0.0002319395751028979,-0.20575764775276184,0.05178821086883545,-0.00203169020824135,-0.20559794613705967,0.051736688039434826,-0.003080124252930307
23.750000000000913,4.092220187187195,-0.17969176173210144,4.345216751098633,-1.6684375751993272,-1.1651517576701391,0.06929658403892228,-0.02017399987903618,-0.05187234160725645,0.0002319395751028979,-0.20575764775276184,0.05178821086883545,-0.00203169020824135,-0.20559794613705967,0.051736688039434826,-0.003080124252930307
23.760000000000915,4.092220187187195,-0.17969176173210144,4.345216751098633,-1.6684375751993272,-1.1651517576701391,0.06929658403892228,-0.02017399987903618,-0.05187234160725645,0.0002319395751028979,-0.20575764775276184,0.05178821086883545,-0.00203169020824135,-0.20559794613705967,0.051736688039434826,-0.003080124252930307
23.770000000000916,4.092220187187195,-0.17969176173210144,4.345216751098633,-1.6684375751993272,-1.1651517576701391,0.06929658403892228,-0.02017399987903618,-0.05187234160725645,0.0002319395751028979,-0.20575764775276184,0.05178821086883545,-0.00203169020824135,-0.20559794613705967,0.051736688039434826,-0.003080124252930307
23.780000000000918,4.040695428848267,-0.21715708076953888,4.343783855438232,-1.6691767388287442,-1.1573811536966176,0.057810286023502785,-0.025094521943276653,-0.05069905924967349,0.00022099143741099566,-0.20477060973644257,0.0469784289598465,0.0011048240121453942,-0.20476683949799723,0.04699135987546479,-7.439692476331509e-05
23.79000000000092,4.040695428848267,-0.21715708076953888,4.343783855438232,-1.6691767388287442,-1.1573811536966176,0.057810286023502785,-0.025094521943276653,-0.05069905924967349,0.00022099143741099566,-0.20477060973644257,0.0469784289598465,0.0011048240121453942,-0.20476683949799723,0.04699135987546479,-7.439692476331509e-05
23.80000000000092,4.040695428848267,-0.21715708076953888,4.343783855438232,-1.6691767388287442,-1.1573811536966176,0.057810286023502785,-0.025094521943276653,-0.05069905924967349,0.00022099143741099566,-0.20477060973644257,0.0469784289598465,0.0011048240121453942,-0.20476683949799723,0.04699135987546479,-7.439692476331509e-05
23.810000000000922,3.995660960674286,-0.2497081756591797,4.3422980308532715,-1.6693940358570192,-1.1488236746969251,0.04179682604079316,-0.03328726503435896,-0.04880972536387134,0.00014395107970492383,-0.20239131152629852,0.04885394871234894,-0.0026415050961077274,-0.20218292588285927,0.04873897285455907,-0.004271042451267571
23.820000000000924,3.995660960674286,-0.2497081756591797,4.3422980308532715,-1.6693940358570192,-1.1488236746969251,0.04179682604079316,-0.03328726503435896,-0.04880972536387134,0.00014395107970492383,-0.20239131152629852,0.04885394871234894,-0.0026415050961077274,-0.20218292588285927,0.04873897285455907,-0.004271042451267571
23.830000000000926,3.995660960674286,-0.2497081756591797,4.3422980308532715,-1.6693940358570192,-1.1488236746969251,0.04179682604079316,-0.03328726503435896,-0.04880972536387134,0.00014395107970492383,-0.20239131152629852,0.04885394871234894,-0.0026415050961077274,-0.20218292588285927,0.04873897285455907,-0.004271042451267571
23.840000000000927,3.995660960674286,-0.2497081756591797,4.3422980308532715,-1.6693940358570192,-1.1488236746969251,0.04179682604079316,-0.03328726503435896,-0.04880972536387134,0.00014395107970492383,-0.20239131152629852,0.04885394871234894,-0.0026415050961077274,-0.20218292588285927,0.04873897285455907,-0.004271042451267571
23.85000000000093,3.9309151768684387,-0.29561346769332886,4.34041166305542,-1.6692854710539213,-1.1327116219513105,0.0237894508919553,-0.041476530491472846,-0.046689895843913184,1.3827900971267597e-05,-0.20357172191143036,0.05241547152400017,0.00028420682065188245,-0.20348344063849486,0.05238217728485115,-0.001891487531482501
23.86000000000093,3.9309151768684387,-0.29561346769332886,4.34041166305542,-1.6692854710539213,-1.1327116219513105,0.0237894508919553,-0.041476530491472846,-0.046689895843913184,1.3827900971267597e-05,-0.20357172191143036,0.05241547152400017,0.00028420682065188245,-0.20348344063849486,0.05238217728485115,-0.001891487531482501
23.870000000000932,3.9309151768684387,-0.29561346769332886,4.34041166305542,-1.6692854710539213,-1.1327116219513105,0.0237894508919553,-0.041476530491472846,-0.046689895843913184,1.3827900971267597e-05,-0.20357172191143036,0.05241547152400017,0.00028420682065188245,-0.20348344063849486,0.05238217728485115,-0.001891487531482501
23.880000000000933,3.87886506319046,-0.3317990005016327,4.338725566864014,-1.6682944347432525,-1.1182779611911735,0.012326670311516146,-0.04549116819249081,-0.045597780689728334,-3.079530901641896e-05,-0.2000419795513153,0.05529170110821724,-8.293840801344e-05,-0.19992346769232802,0.055230727704572324,-0.0025999716352421097
23.890000000000935,3.87886506319046,-0.3317990005016327,4.338725566864014,-1.6682944347432525,-1.1182779611911735,0.012326670311516146,-0.04549116819249081,-0.045597780689728334,-3.079530901641896e-05,-0.2000419795513153,0.05529170110821724,-8.293840801344e-05,-0.19992346769232802,0.055230727704572324,-0.0025999716352421097
23.900000000000936,3.87886506319046,-0.3317990005016327,4.338725566864014,-1.6682944347432525,-1.1182779611911735,0.012326670311516146,-0.04549116819249081,-0.045597780689728334,-3.079530901641896e-05,-0.2000419795513153,0.05529170110821724,-8.293840801344e-05,-0.19992346769232802,0.055230727704572324,-0.0025999716352421097
23.910000000000938,3.8334017395973206,-0.36307454109191895,4.337093830108643,-1.6670657835049305,-1.1040068910071978,-0.004127658456521747,-0.05267943823145399,-0.04339300274336992,-6.581929017206563e-05,-0.19921442866325378,0.06315430998802185,0.001289094099774949,-0.1991259343027049,0.06313457710396314,-0.0020400095139028332
23.92000000000094,3.8334017395973206,-0.36307454109191895,4.337093830108643,-1.6670657835049305,-1.1040068910071978,-0.004127658456521747,-0.05267943823145399,-0.04339300274336992,-6.581929017206563e-05,-0.19921442866325378,0.06315430998802185,0.001289094099774949,-0.1991259343027049,0.06313457710396314,-0.0020400095139028332
23.93000000000094,3.8334017395973206,-0.36307454109191895,4.337093830108643,-1.6670657835049305,-1.1040068910071978,-0.004127658456521747,-0.05267943823145399,-0.04339300274336992,-6.581929017206563e-05,-0.19921442866325378,0.06315430998802185,0.001289094099774949,-0.1991259343027049,0.06313457710396314,-0.0020400095139028332
23.940000000000943,3.76819509267807,-0.4069826304912567,4.334756374359131,-1.6645553048187223,-1.0814145529598067,-0.025120845640139063,-0.06147075268997289,-0.040354453455944184,-0.0002804806936737133,-0.19844524562358856,0.07114110887050629,-0.0003997961175628094,-0.19825267515595857,0.07098218209714323,-0.004773271035029364
23.950000000000944,3.76819509267807,-0.4069826304912567,4.334756374359131,-1.6645553048187223,-1.0814145529598067,-0.025120845640139063,-0.06147075268997289,-0.040354453455944184,-0.0002804806936737133,-0.19844524562358856,0.07114110887050629,-0.0003997961175628094,-0.19825267515595857,0.07098218209714323,-0.004773271035029364
23.960000000000946,3.76819509267807,-0.4069826304912567,4.334756374359131,-1.6645553048187223,-1.0814145529598067,-0.025120845640139063,-0.06147075268997289,-0.040354453455944184,-0.0002804806936737133,-0.19844524562358856,0.07114110887050629,-0.0003997961175628094,-0.19825267515595857,0.07098218209714323,-0.004773271035029364
23.970000000000947,3.76819509267807,-0.4069826304912567,4.334756374359131,-1.6645553048187223,-1.0814145529598067,-0.025120845640139063,-0.06147075268997289,-0.040354453455944184,-0.0002804806936737133,-0.19844524562358856,0.07114110887050629,-0.0003997961175628094,-0.19825267515595857,0.07098218209714323,-0.004773271035029364
23.98000000000095,3.7159308791160583,-0.4413773715496063,4.332897186279297,-1.661859325704327,-1.0610367673343013,-0.03649410087986595,-0.06540159614848662,-0.03883063698934667,-0.00035510948592577227,-0.19641448557376862,0.07627885043621063,0.0007949505234137084,-0.1962516275499687,0.07616772616767221,-0.004195114228109032
23.99000000000095,3.7159308791160583,-0.4413773715496063,4.332897186279297,-1.661859325704327,-1.0610367673343013,-0.03649410087986595,-0.06540159614848662,-0.03883063698934667,-0.00035510948592577227,-0.19641448557376862,0.07627885043621063,0.0007949505234137084,-0.1962516275499687,0.07616772616767221,-0.004195114228109032
24.000000000000952,3.7159308791160583,-0.4413773715496063,4.332897186279297,-1.661859325704327,-1.0610367673343013,-0.03649410087986595,-0.06540159614848662,-0.03883063698934667,-0.00035510948592577227,-0.19641448557376862,0.07627885043621063,0.0007949505234137084,-0.1962516275499687,0.07616772616767221,-0.004195114228109032
24.010000000000954,3.672059416770935,-0.4707338213920593,4.33054256439209,-1.6578085563800196,-1.041262054344371,-0.05348382416018089,-0.07333578465087319,-0.03579160300277881,-0.0005626157673527095,-0.19768643379211426,0.07662191987037659,0.0002147690101992245,-0.1974930800902102,0.07643170673397616,-0.005403362077045748
24.020000000000955,3.672059416770935,-0.4707338213920593,4.33054256439209,-1.6578085563800196,-1.041262054344371,-0.05348382416018089,-0.07333578465087319,-0.03579160300277881,-0.0005626157673527095,-0.19768643379211426,0.07662191987037659,0.0002147690101992245,-0.1974930800902102,0.07643170673397616,-0.005403362077045748
24.030000000000957,3.672059416770935,-0.4707338213920593,4.33054256439209,-1.6578085563800196,-1.041262054344371,-0.05348382416018089,-0.07333578465087319,-0.03579160300277881,-0.0005626157673527095,-0.19768643379211426,0.07662191987037659,0.0002147690101992245,-0.1974930800902102,0.07643170673397616,-0.005403362077045748
24.04000000000096,3.672059416770935,-0.4707338213920593,4.33054256439209,-1.6578085563800196,-1.041262054344371,-0.05348382416018089,-0.07333578465087319,-0.03579160300277881,-0.0005626157673527095,-0.19768643379211426,0.07662191987037659,0.0002147690101992245,-0.1974930800902102,0.07643170673397616,-0.005403362077045748
24.05000000000096,3.608952522277832,-0.5116710066795349,4.327273845672607,-1.6511976026926385,-1.00991206595849,-0.0704492604702838,-0.08118010610434873,-0.03262011198203137,-0.0007808349514793172,-0.19268019497394562,0.08151507377624512,0.0016895325388759275,-0.19251944580255853,0.08138362637525022,-0.004928790039794851
24.06000000000096,3.608952522277832,-0.5116710066795349,4.327273845672607,-1.6511976026926385,-1.00991206595849,-0.0704492604702838,-0.08118010610434873,-0.03262011198203137,-0.0007808349514793172,-0.19268019497394562,0.08151507377624512,0.0016895325388759275,-0.19251944580255853,0.08138362637525022,-0.004928790039794851
24.070000000000963,3.608952522277832,-0.5116710066795349,4.327273845672607,-1.6511976026926385,-1.00991206595849,-0.0704492604702838,-0.08118010610434873,-0.03262011198203137,-0.0007808349514793172,-0.19268019497394562,0.08151507377624512,0.0016895325388759275,-0.19251944580255853,0.08138362637525022,-0.004928790039794851
24.080000000000965,3.5582578778266907,-0.5435329675674438,4.324660778045654,-1.6454921111347351,-0.9835389277178441,-0.07975386753455246,-0.08502611932255147,-0.03101854285044543,-0.0008406204824123346,-0.19199970364570618,0.07923849672079086,0.0036231148988008404,-0.191902919542792,0.07925993257074178,-0.003120701873735729
24.090000000000966,3.5582578778266907,-0.5435329675674438,4.324660778045654,-1.6454921111347351,-0.9835389277178441,-0.07975386753455246,-0.08502611932255147,-0.03101854285044543,-0.0008406204824123346,-0.19199970364570618,0.07923849672079086,0.0036231148988008404,-0.191902919542792,0.07925993257074178,-0.003120701873735729
24.100000000000968,3.5582578778266907,-0.5435329675674438,4.324660778045654,-1.6454921111347351,-0.9835389277178441,-0.07975386753455246,-0.08502611932255147,-0.03101854285044543,-0.0008406204824123346,-0.19199970364570618,0.07923849672079086,0.0036231148988008404,-0.191902919542792,0.07925993257074178,-0.003120701873735729
24.11000000000097,3.514127790927887,-0.5706954002380371,4.322207450866699,-1.639468678212848,-0.9587917762696563,-0.09282337047802257,-0.09179247759708262,-0.028251593956615785,-0.0009828580153500334,-0.18557888269424438,0.07310546934604645,0.0017870248993858606,-0.1854398023374645,0.07296150253787101,-0.004923575637546756
24.12000000000097,3.514127790927887,-0.5706954002380371,4.322207450866699,-1.639468678212848,-0.9587917762696563,-0.09282337047802257,-0.09179247759708262,-0.028251593956615785,-0.0009828580153500334,-0.18557888269424438,0.07310546934604645,0.0017870248993858606,-0.1854398023374645,0.07296150253787101,-0.004923575637546756
24.130000000000972,3.514127790927887,-0.5706954002380371,4.322207450866699,-1.639468678212848,-0.9587917762696563,-0.09282337047802257,-0.09179247759708262,-0.028251593956615785,-0.0009828580153500334,-0.18557888269424438,0.07310546934604645,0.0017870248993858606,-0.1854398023374645,0.07296150253787101,-0.004923575637546756
24.140000000000974,3.4508891999721527,-0.6083217263221741,4.318721771240234,-1.6309643407323438,-0.9213328274589813,-0.10771974396979385,-0.09969072919530757,-0.02522788377693132,-0.001087441466154809,-0.17497682571411133,0.06811699271202087,0.00392004568129777,-0.17490418407379807,0.06816893661976871,-0.002879724155336622
24.150000000000976,3.4508891999721527,-0.6083217263221741,4.318721771240234,-1.6309643407323438,-0.9213328274589813,-0.10771974396979385,-0.09969072919530757,-0.02522788377693132,-0.001087441466154809,-0.17497682571411133,0.06811699271202087,0.00392004568129777,-0.17490418407379807,0.06816893661976871,-0.002879724155336622
24.160000000000977,3.4508891999721527,-0.6083217263221741,4.318721771240234,-1.6309643407323438,-0.9213328274589813,-0.10771974396979385,-0.09969072919530757,-0.02522788377693132,-0.001087441466154809,-0.17497682571411133,0.06811699271202087,0.00392004568129777,-0.17490418407379807,0.06816893661976871,-0.002879724155336622
24.17000000000098,3.4508891999721527,-0.6083217263221741,4.318721771240234,-1.6309643407323438,-0.9213328274589813,-0.10771974396979385,-0.09969072919530757,-0.02522788377693132,-0.001087441466154809,-0.17497682571411133,0.06811699271202087,0.00392004568129777,-0.17490418407379807,0.06816893661976871,-0.002879724155336622
24.18000000000098,3.400242269039154,-0.6373868584632874,4.315781593322754,-1.6237237676602363,-0.890575993862945,-0.11432177383745457,-0.10312580230359969,-0.023972879953164328,-0.001133273560763787,-0.17101739346981049,0.06223258003592491,0.003807258326560251,-0.17095458725850857,0.06229388462050304,-0.002620136904933371
24.190000000000982,3.400242269039154,-0.6373868584632874,4.315781593322754,-1.6237237676602363,-0.890575993862945,-0.11432177383745457,-0.10312580230359969,-0.023972879953164328,-0.001133273560763787,-0.17101739346981049,0.06223258003592491,0.003807258326560251,-0.17095458725850857,0.06229388462050304,-0.002620136904933371
24.200000000000983,3.400242269039154,-0.6373868584632874,4.315781593322754,-1.6237237676602363,-0.890575993862945,-0.11432177383745457,-0.10312580230359969,-0.023972879953164328,-0.001133273560763787,-0.17101739346981049,0.06223258003592491,0.003807258326560251,-0.17095458725850857,0.06229388462050304,-0.002620136904933371
24.210000000000985,3.3561697900295258,-0.6620036959648132,4.313084125518799,-1.6167048718391235,-0.8612109170011298,-0.12603840826883494,-0.1098243518298374,-0.0213564003126675,-0.0011748580475132839,-0.16792620718479156,0.06313047558069229,0.005613771732896559,-0.16789759842089058,0.06336542773023816,-0.0013396891948468063
24.220000000000987,3.3561697900295258,-0.6620036959648132,4.313084125518799,-1.6167048718391235,-0.8612109170011298,-0.12603840826883494,-0.1098243518298374,-0.0213564003126675,-0.0011748580475132839,-0.16792620718479156,0.06313047558069229,0.005613771732896559,-0.16789759842089058,0.06336542773023816,-0.0013396891948468063
24.230000000000988,3.3561697900295258,-0.6620036959648132,4.313084125518799,-1.6167048718391235,-0.8612109170011298,-0.12603840826883494,-0.1098243518298374,-0.0213564003126675,-0.0011748580475132839,-0.16792620718479156,0.06313047558069229,0.005613771732896559,-0.16789759842089058,0.06336542773023816,-0.0013396891948468063
24.24000000000099,3.293226957321167,-0.6957709789276123,4.309032440185547,-1.6061977795841444,-0.8176933139245695,-0.13820688889862726,-0.11653847303501338,-0.018594451923332905,-0.0012701374459977467,-0.16933752596378326,0.0741327702999115,0.004570393823087207,-0.16926164470408603,0.07416135512565655,-0.004081090041812509
24.25000000000099,3.293226957321167,-0.6957709789276123,4.309032440185547,-1.6061977795841444,-0.8176933139245695,-0.13820688889862726,-0.11653847303501338,-0.018594451923332905,-0.0012701374459977467,-0.16933752596378326,0.0741327702999115,0.004570393823087207,-0.16926164470408603,0.07416135512565655,-0.004081090041812509
24.260000000000993,3.293226957321167,-0.6957709789276123,4.309032440185547,-1.6061977795841444,-0.8176933139245695,-0.13820688889862726,-0.11653847303501338,-0.018594451923332905,-0.0012701374459977467,-0.16933752596378326,0.0741327702999115,0.004570393823087207,-0.16926164470408603,0.07416135512565655,-0.004081090041812509
24.270000000000994,3.293226957321167,-0.6957709789276123,4.309032440185547,-1.6061977795841444,-0.8176933139245695,-0.13820688889862726,-0.11653847303501338,-0.018594451923332905,-0.0012701374459977467,-0.16933752596378326,0.0741327702999115,0.004570393823087207,-0.16926164470408603,0.07416135512565655,-0.004081090041812509
24.280000000000996,3.2429450154304504,-0.7215784788131714,4.305813789367676,-1.5979363730805825,-0.7823643855110669,-0.14343859008415433,-0.11922292341604919,-0.017391364389000092,-0.0013002693445006445,-0.1673283874988556,0.07543440163135529,0.007357640657573929,-0.1672993965138488,0.0757740428988298,-0.0016670599179731767
24.290000000000997,3.2429450154304504,-0.7215784788131714,4.305813789367676,-1.5979363730805825,-0.7823643855110669,-0.14343859008415433,-0.11922292341604919,-0.017391364389000092,-0.0013002693445006445,-0.1673283874988556,0.07543440163135529,0.007357640657573929,-0.1672993965138488,0.0757740428988298,-0.0016670599179731767
24.300000000001,3.2429450154304504,-0.7215784788131714,4.305813789367676,-1.5979363730805825,-0.7823643855110669,-0.14343859008415433,-0.11922292341604919,-0.017391364389000092,-0.0013002693445006445,-0.1673283874988556,0.07543440163135529,0.007357640657573929,-0.1672993965138488,0.0757740428988298,-0.0016670599179731767
24.310000000001,3.1992059648036957,-0.7432224750518799,4.30266809463501,-1.588999468053123,-0.748612343532165,-0.15498993854524468,-0.12639480565750794,-0.013893513882995902,-0.001426151129851823,-0.1599796712398529,0.0777745172381401,0.007382240146398535,-0.15994520211648244,0.078084689131477,-0.0024810305451388845
24.320000000001002,3.1992059648036957,-0.7432224750518799,4.30266809463501,-1.588999468053123,-0.748612343532165,-0.15498993854524468,-0.12639480565750794,-0.013893513882995902,-0.001426151129851823,-0.1599796712398529,0.0777745172381401,0.007382240146398535,-0.15994520211648244,0.078084689131477,-0.0024810305451388845
24.330000000001004,3.1992059648036957,-0.7432224750518799,4.30266809463501,-1.588999468053123,-0.748612343532165,-0.15498993854524468,-0.12639480565750794,-0.013893513882995902,-0.001426151129851823,-0.1599796712398529,0.0777745172381401,0.007382240146398535,-0.15994520211648244,0.078084689131477,-0.0024810305451388845
24.340000000001005,3.1992059648036957,-0.7432224750518799,4.30266809463501,-1.588999468053123,-0.748612343532165,-0.15498993854524468,-0.12639480565750794,-0.013893513882995902,-0.001426151129851823,-0.1599796712398529,0.0777745172381401,0.007382240146398535,-0.15994520211648244,0.078084689131477,-0.0024810305451388845
24.350000000001007,3.136889025568962,-0.7725720405578613,4.298232555389404,-1.575749001595603,-0.6998726547562617,-0.16532480557606977,-0.13256675619909133,-0.010447563568199595,-0.001591080750021351,-0.1525736302137375,0.08510974049568176,0.005211919080466022,-0.15251006999007882,0.08505188340868156,-0.006083847161269372
24.36000000000101,3.136889025568962,-0.7725720405578613,4.298232555389404,-1.575749001595603,-0.6998726547562617,-0.16532480557606977,-0.13256675619909133,-0.010447563568199595,-0.001591080750021351,-0.1525736302137375,0.08510974049568176,0.005211919080466022,-0.15251006999007882,0.08505188340868156,-0.006083847161269372
24.37000000000101,3.136889025568962,-0.7725720405578613,4.298232555389404,-1.575749001595603,-0.6998726547562617,-0.16532480557606977,-0.13256675619909133,-0.010447563568199595,-0.001591080750021351,-0.1525736302137375,0.08510974049568176,0.005211919080466022,-0.15251006999007882,0.08505188340868156,-0.006083847161269372
24.38000000000101,3.0872702300548553,-0.794701874256134,4.294382572174072,-1.564482016718345,-0.660451654725089,-0.16900636640535122,-0.13496298695797146,-0.009066105567819746,-0.0016552365941922588,-0.14974181354045868,0.08640842139720917,0.0076130763627588645,-0.14970479814000126,0.08664701727846753,-0.004082889534103308
24.390000000001013,3.0872702300548553,-0.794701874256134,4.294382572174072,-1.564482016718345,-0.660451654725089,-0.16900636640535122,-0.13496298695797146,-0.009066105567819746,-0.0016552365941922588,-0.14974181354045868,0.08640842139720917,0.0076130763627588645,-0.14970479814000126,0.08664701727846753,-0.004082889534103308
24.400000000001015,3.0872702300548553,-0.794701874256134,4.294382572174072,-1.564482016718345,-0.660451654725089,-0.16900636640535122,-0.13496298695797146,-0.009066105567819746,-0.0016552365941922588,-0.14974181354045868,0.08640842139720917,0.0076130763627588645,-0.14970479814000126,0.08664701727846753,-0.004082889534103308
24.410000000001016,3.0454901345074177,-0.8132849931716919,4.290340423583984,-1.5531237023748345,-0.6237911505395252,-0.17828001813110836,-0.14134334637112578,-0.005105904982083695,-0.0018752309479934837,-0.14025646448135376,0.0906621664762497,0.007460992317646731,-0.140228967514143,0.09080910524428533,-0.005385350252927972
24.420000000001018,3.0454901345074177,-0.8132849931716919,4.290340423583984,-1.5531237023748345,-0.6237911505395252,-0.17828001813110836,-0.14134334637112578,-0.005105904982083695,-0.0018752309479934837,-0.14025646448135376,0.0906621664762497,0.007460992317646731,-0.140228967514143,0.09080910524428533,-0.005385350252927972
24.43000000000102,3.0454901345074177,-0.8132849931716919,4.290340423583984,-1.5531237023748345,-0.6237911505395252,-0.17828001813110836,-0.14134334637112578,-0.005105904982083695,-0.0018752309479934837,-0.14025646448135376,0.0906621664762497,0.007460992317646731,-0.140228967514143,0.09080910524428533,-0.005385350252927972
24.44000000000102,3.0454901345074177,-0.8132849931716919,4.290340423583984,-1.5531237023748345,-0.6237911505395252,-0.17828001813110836,-0.14134334637112578,-0.005105904982083695,-0.0018752309479934837,-0.14025646448135376,0.0906621664762497,0.007460992317646731,-0.140228967514143,0.09080910524428533,-0.005385350252927972
24.450000000001022,2.9858673634007573,-0.8380865454673767,4.284660816192627,-1.5368318123597875,-0.5715271277249088,-0.1839954589646219,-0.14628633622943518,-0.0019473904660235527,-0.001982217804363697,-0.13325396180152893,0.08377852290868759,0.008891173638403405,-0.13324730993623002,0.08417972628983086,-0.003415786212016408
24.460000000001024,2.9858673634007573,-0.8380865454673767,4.284660816192627,-1.5368318123597875,-0.5715271277249088,-0.1839954589646219,-0.14628633622943518,-0.0019473904660235527,-0.001982217804363697,-0.13325396180152893,0.08377852290868759,0.008891173638403405,-0.13324730993623002,0.08417972628983086,-0.003415786212016408
24.470000000001026,2.9858673634007573,-0.8380865454673767,4.284660816192627,-1.5368318123597875,-0.5715271277249088,-0.1839954589646219,-0.14628633622943518,-0.0019473904660235527,-0.001982217804363697,-0.13325396180152893,0.08377852290868759,0.008891173638403405,-0.13324730993623002,0.08417972628983086,-0.003415786212016408
24.480000000001027,2.9383433498442173,-0.8564183712005615,4.2802276611328125,-1.522522868828446,-0.528740802884347,-0.18585521986796824,-0.14932426858327902,0.00012704907036561642,-0.0020731993521342466,-0.12550532817840576,0.08592332899570465,0.010538208298385133,-0.12550562825210215,0.0865349285464206,-0.0023618724352042356
24.49000000000103,2.9383433498442173,-0.8564183712005615,4.2802276611328125,-1.522522868828446,-0.528740802884347,-0.18585521986796824,-0.14932426858327902,0.00012704907036561642,-0.0020731993521342466,-0.12550532817840576,0.08592332899570465,0.010538208298385133,-0.12550562825210215,0.0865349285464206,-0.0023618724352042356
24.50000000000103,2.9383433498442173,-0.8564183712005615,4.2802276611328125,-1.522522868828446,-0.528740802884347,-0.18585521986796824,-0.14932426858327902,0.00012704907036561642,-0.0020731993521342466,-0.12550532817840576,0.08592332899570465,0.010538208298385133,-0.12550562825210215,0.0865349285464206,-0.0023618724352042356
24.510000000001032,2.8971769213676453,-0.8713518381118774,4.276243209838867,-1.5084824386166185,-0.4899112361770908,-0.19056351549639006,-0.1543527079045022,0.003484790096794933,-0.002212503565576188,-0.12354088574647903,0.08379557728767395,0.009927748702466477,-0.12355159474727843,0.08432565024936008,-0.0030730753292357187
24.520000000001033,2.8971769213676453,-0.8713518381118774,4.276243209838867,-1.5084824386166185,-0.4899112361770908,-0.19056351549639006,-0.1543527079045022,0.003484790096794933,-0.002212503565576188,-0.12354088574647903,0.08379557728767395,0.009927748702466477,-0.12355159474727843,0.08432565024936008,-0.0030730753292357187
24.530000000001035,2.8971769213676453,-0.8713518381118774,4.276243209838867,-1.5084824386166185,-0.4899112361770908,-0.19056351549639006,-0.1543527079045022,0.003484790096794933,-0.002212503565576188,-0.12354088574647903,0.08379557728767395,0.009927748702466477,-0.12355159474727843,0.08432565024936008,-0.0030730753292357187
24.540000000001037,2.8971769213676453,-0.8713518381118774,4.276243209838867,-1.5084824386166185,-0.4899112361770908,-0.19056351549639006,-0.1543527079045022,0.003484790096794933,-0.002212503565576188,-0.12354088574647903,0.08379557728767395,0.009927748702466477,-0.12355159474727843,0.08432565024936008,-0.0030730753292357187
24.550000000001038,2.8386886715888977,-0.8907904028892517,4.2706427574157715,-1.4894461965373293,-0.4337703211492544,-0.19380049264251187,-0.15936577660576978,0.006537846577358575,-0.0023190141893966753,-0.12434308975934982,0.07352297753095627,0.009268043562769881,-0.12435954517876194,0.0740620686325623,-0.002516965860984134
24.56000000000104,2.8386886715888977,-0.8907904028892517,4.2706427574157715,-1.4894461965373293,-0.4337703211492544,-0.19380049264251187,-0.15936577660576978,0.006537846577358575,-0.0023190141893966753,-0.12434308975934982,0.07352297753095627,0.009268043562769881,-0.12435954517876194,0.0740620686325623,-0.002516965860984134
24.57000000000104,2.8386886715888977,-0.8907904028892517,4.2706427574157715,-1.4894461965373293,-0.4337703211492544,-0.19380049264251187,-0.15936577660576978,0.006537846577358575,-0.0023190141893966753,-0.12434308975934982,0.07352297753095627,0.009268043562769881,-0.12435954517876194,0.0740620686325623,-0.002516965860984134
24.580000000001043,2.792229041457176,-0.9047369956970215,4.266140937805176,-1.474174306219851,-0.38831556639118225,-0.19465065719424252,-0.16174310893265448,0.008048825077362248,-0.0023264259648028644,-0.11810284852981567,0.07349078357219696,0.011264052242040625,-0.11810862637119286,0.07434553690689308,-0.0007178567936319926
24.590000000001044,2.792229041457176,-0.9047369956970215,4.266140937805176,-1.474174306219851,-0.38831556639118225,-0.19465065719424252,-0.16174310893265448,0.008048825077362248,-0.0023264259648028644,-0.11810284852981567,0.07349078357219696,0.011264052242040625,-0.11810862637119286,0.07434553690689308,-0.0007178567936319926
24.600000000001046,2.792229041457176,-0.9047369956970215,4.266140937805176,-1.474174306219851,-0.38831556639118225,-0.19465065719424252,-0.16174310893265448,0.008048825077362248,-0.0023264259648028644,-0.11810284852981567,0.07349078357219696,0.011264052242040625,-0.11810862637119286,0.07434553690689308,-0.0007178567936319926
24.610000000001047,2.73474583029747,-0.9201370477676392,4.260206699371338,-1.4536596082744841,-0.3309217457535852,-0.1967970903228395,-0.1661159399934025,0.010833345958712066,-0.002350423620321436,-0.1043611690402031,0.0689990371465683,0.012244422920048228,-0.10435394645820026,0.07007387934804969,0.0006667121411681221
24.62000000000105,2.73474583029747,-0.9201370477676392,4.260206699371338,-1.4536596082744841,-0.3309217457535852,-0.1967970903228395,-0.1661159399934025,0.010833345958712066,-0.002350423620321436,-0.1043611690402031,0.0689990371465683,0.012244422920048228,-0.10435394645820026,0.07007387934804969,0.0006667121411681221
24.63000000000105,2.73474583029747,-0.9201370477676392,4.260206699371338,-1.4536596082744841,-0.3309217457535852,-0.1967970903228395,-0.1661159399934025,0.010833345958712066,-0.002350423620321436,-0.1043611690402031,0.0689990371465683,0.012244422920048228,-0.10435394645820026,0.07007387934804969,0.0006667121411681221
24.640000000001052,2.73474583029747,-0.9201370477676392,4.260206699371338,-1.4536596082744841,-0.3309217457535852,-0.1967970903228395,-0.1661159399934025,0.010833345958712066,-0.002350423620321436,-0.1043611690402031,0.0689990371465683,0.012244422920048228,-0.10435394645820026,0.07007387934804969,0.0006667121411681221
24.650000000001054,2.694937616586685,-0.9295604228973389,4.255960941314697,-1.4385596120551907,-0.2900260702334886,-0.19912594595513625,-0.16969973621751389,0.013494799396525859,-0.002429917505627201,-0.09776817262172699,0.07661853730678558,0.009794746525585643,-0.09781251624605596,0.0771721515375364,-0.0032860785073250023
24.660000000001055,2.694937616586685,-0.9295604228973389,4.255960941314697,-1.4385596120551907,-0.2900260702334886,-0.19912594595513625,-0.16969973621751389,0.013494799396525859,-0.002429917505627201,-0.09776817262172699,0.07661853730678558,0.009794746525585643,-0.09781251624605596,0.0771721515375364,-0.0032860785073250023
24.670000000001057,2.694937616586685,-0.9295604228973389,4.255960941314697,-1.4385596120551907,-0.2900260702334886,-0.19912594595513625,-0.16969973621751389,0.013494799396525859,-0.002429917505627201,-0.09776817262172699,0.07661853730678558,0.009794746525585643,-0.09781251624605596,0.0771721515375364,-0.0032860785073250023
24.68000000000106,2.649731069803238,-0.938975989818573,4.251123428344727,-1.4210915699027318,-0.2433427888929853,-0.19865174506313663,-0.1719969618167808,0.015352852324740667,-0.0025057671321829737,-0.09458637237548828,0.07699085772037506,0.009973558597266665,-0.0946378177050598,0.07756183026674307,-0.003350996255894762
24.69000000000106,2.649731069803238,-0.938975989818573,4.251123428344727,-1.4210915699027318,-0.2433427888929853,-0.19865174506313663,-0.1719969618167808,0.015352852324740667,-0.0025057671321829737,-0.09458637237548828,0.07699085772037506,0.009973558597266665,-0.0946378177050598,0.07756183026674307,-0.003350996255894762
24.70000000000106,2.649731069803238,-0.938975989818573,4.251123428344727,-1.4210915699027318,-0.2433427888929853,-0.19865174506313663,-0.1719969618167808,0.015352852324740667,-0.0025057671321829737,-0.09458637237548828,0.07699085772037506,0.009973558597266665,-0.0946378177050598,0.07756183026674307,-0.003350996255894762
24.710000000001063,2.610610991716385,-0.9460087418556213,4.246781349182129,-1.4053064970519764,-0.20144092196874686,-0.2005784217344323,-0.17571393827205642,0.018645512993779468,-0.002535701358433003,-0.09243571758270264,0.0819140300154686,0.014358075335621823,-0.09243912067936617,0.08316266792558485,-0.00018252615826069886
24.720000000001065,2.610610991716385,-0.9460087418556213,4.246781349182129,-1.4053064970519764,-0.20144092196874686,-0.2005784217344323,-0.17571393827205642,0.018645512993779468,-0.002535701358433003,-0.09243571758270264,0.0819140300154686,0.014358075335621823,-0.09243912067936617,0.08316266792558485,-0.00018252615826069886
24.730000000001066,2.610610991716385,-0.9460087418556213,4.246781349182129,-1.4053064970519764,-0.20144092196874686,-0.2005784217344323,-0.17571393827205642,0.018645512993779468,-0.002535701358433003,-0.09243571758270264,0.0819140300154686,0.014358075335621823,-0.09243912067936617,0.08316266792558485,-0.00018252615826069886
24.740000000001068,2.610610991716385,-0.9460087418556213,4.246781349182129,-1.4053064970519764,-0.20144092196874686,-0.2005784217344323,-0.17571393827205642,0.018645512993779468,-0.002535701358433003,-0.09243571758270264,0.0819140300154686,0.014358075335621823,-0.09243912067936617,0.08316266792558485,-0.00018252615826069886
24.75000000000107,2.5552959740161896,-0.9540651440620422,4.240375518798828,-1.3822055279805476,-0.1414460004107746,-0.19915295952651704,-0.17912177971888554,0.021860561194423252,-0.0026280958837103813,-0.08252742141485214,0.08093883842229843,0.010732444003224362,-0.08261181172174524,0.08155601173886531,-0.0038606981761385773
24.76000000000107,2.5552959740161896,-0.9540651440620422,4.240375518798828,-1.3822055279805476,-0.1414460004107746,-0.19915295952651704,-0.17912177971888554,0.021860561194423252,-0.0026280958837103813,-0.08252742141485214,0.08093883842229843,0.010732444003224362,-0.08261181172174524,0.08155601173886531,-0.0038606981761385773
24.770000000001072,2.5552959740161896,-0.9540651440620422,4.240375518798828,-1.3822055279805476,-0.1414460004107746,-0.19915295952651704,-0.17912177971888554,0.021860561194423252,-0.0026280958837103813,-0.08252742141485214,0.08093883842229843,0.010732444003224362,-0.08261181172174524,0.08155601173886531,-0.0038606981761385773
24.780000000001074,2.5115926861763,-0.9588095545768738,4.2352752685546875,-1.3630457150192992,-0.09318537118296501,-0.1961960418385448,-0.18072630781627233,0.023532692530787803,-0.002693841980230099,-0.07996087521314621,0.08326935023069382,0.01205061376094817,-0.0800341418709572,0.0840792025767525,-0.003113686226655482
24.790000000001076,2.5115926861763,-0.9588095545768738,4.2352752685546875,-1.3630457150192992,-0.09318537118296501,-0.1961960418385448,-0.18072630781627233,0.023532692530787803,-0.002693841980230099,-0.07996087521314621,0.08326935023069382,0.01205061376094817,-0.0800341418709572,0.0840792025767525,-0.003113686226655482
24.800000000001077,2.5115926861763,-0.9588095545768738,4.2352752685546875,-1.3630457150192992,-0.09318537118296501,-0.1961960418385448,-0.18072630781627233,0.023532692530787803,-0.002693841980230099,-0.07996087521314621,0.08326935023069382,0.01205061376094817,-0.0800341418709572,0.0840792025767525,-0.003113686226655482
24.81000000000108,2.4750311970710754,-0.9625262022018433,4.23011589050293,-1.3448155056883655,-0.05064741819848262,-0.1970702613466269,-0.18355034837951295,0.027000728113129153,-0.002806233094986334,-0.06735455244779587,0.08563822507858276,0.012084223330020894,-0.06745581844481534,0.08640529323385657,-0.003750947090167633
24.82000000000108,2.4750311970710754,-0.9625262022018433,4.23011589050293,-1.3448155056883655,-0.05064741819848262,-0.1970702613466269,-0.18355034837951295,0.027000728113129153,-0.002806233094986334,-0.06735455244779587,0.08563822507858276,0.012084223330020894,-0.06745581844481534,0.08640529323385657,-0.003750947090167633
24.830000000001082,2.4750311970710754,-0.9625262022018433,4.23011589050293,-1.3448155056883655,-0.05064741819848262,-0.1970702613466269,-0.18355034837951295,0.027000728113129153,-0.002806233094986334,-0.06735455244779587,0.08563822507858276,0.012084223330020894,-0.06745581844481534,0.08640529323385657,-0.003750947090167633
24.840000000001083,2.4232871532440186,-0.9656162261962891,4.2228546142578125,-1.3180053860003242,0.010001890505831158,-0.19563933162578154,-0.18592064150016124,0.030437242746111395,-0.0029165091212806226,-0.05872926861047745,0.08426161110401154,0.012836688198149194,-0.058819403126861174,0.08518236701134942,-0.0029617805987270586
24.850000000001085,2.4232871532440186,-0.9656162261962891,4.2228546142578125,-1.3180053860003242,0.010001890505831158,-0.19563933162578154,-0.18592064150016124,0.030437242746111395,-0.0029165091212806226,-0.05872926861047745,0.08426161110401154,0.012836688198149194,-0.058819403126861174,0.08518236701134942,-0.0029617805987270586
24.860000000001087,2.4232871532440186,-0.9656162261962891,4.2228546142578125,-1.3180053860003242,0.010001890505831158,-0.19563933162578154,-0.18592064150016124,0.030437242746111395,-0.0029165091212806226,-0.05872926861047745,0.08426161110401154,0.012836688198149194,-0.058819403126861174,0.08518236701134942,-0.0029617805987270586
24.870000000001088,2.4232871532440186,-0.9656162261962891,4.2228546142578125,-1.3180053860003242,0.010001890505831158,-0.19563933162578154,-0.18592064150016124,0.030437242746111395,-0.0029165091212806226,-0.05872926861047745,0.08426161110401154,0.012836688198149194,-0.058819403126861174,0.08518236701134942,-0.0029617805987270586
24.88000000000109,2.3824036717414856,-0.9662206172943115,4.216959476470947,-1.2967851109541955,0.05894494921486479,-0.1919699339449697,-0.18692667949935232,0.032111978603569895,-0.002928947247571082,-0.051411379128694534,0.08127835392951965,0.015768995508551587,-0.05139886621247103,0.08279299669869147,0.00038973204194329633
24.89000000000109,2.3824036717414856,-0.9662206172943115,4.216959476470947,-1.2967851109541955,0.05894494921486479,-0.1919699339449697,-0.18692667949935232,0.032111978603569895,-0.002928947247571082,-0.051411379128694534,0.08127835392951965,0.015768995508551587,-0.05139886621247103,0.08279299669869147,0.00038973204194329633
24.900000000001093,2.3824036717414856,-0.9662206172943115,4.216959476470947,-1.2967851109541955,0.05894494921486479,-0.1919699339449697,-0.18692667949935232,0.032111978603569895,-0.002928947247571082,-0.051411379128694534,0.08127835392951965,0.015768995508551587,-0.05139886621247103,0.08279299669869147,0.00038973204194329633
24.910000000001094,2.347215235233307,-0.9655089378356934,4.211638927459717,-1.2769913238884847,0.10138743622866939,-0.19074406095865548,-0.1886069282934002,0.035307718913739294,-0.002977531143416075,-0.03854846954345703,0.07577194273471832,0.014300500974059096,-0.0385541082013229,0.07710944268291055,-0.00015973361542024925
24.920000000001096,2.347215235233307,-0.9655089378356934,4.211638927459717,-1.2769913238884847,0.10138743622866939,-0.19074406095865548,-0.1886069282934002,0.035307718913739294,-0.002977531143416075,-0.03854846954345703,0.07577194273471832,0.014300500974059096,-0.0385541082013229,0.07710944268291055,-0.00015973361542024925
24.930000000001098,2.347215235233307,-0.9655089378356934,4.211638927459717,-1.2769913238884847,0.10138743622866939,-0.19074406095865548,-0.1886069282934002,0.035307718913739294,-0.002977531143416075,-0.03854846954345703,0.07577194273471832,0.014300500974059096,-0.0385541082013229,0.07710944268291055,-0.00015973361542024925
24.9400000000011,2.347215235233307,-0.9655089378356934,4.211638927459717,-1.2769913238884847,0.10138743622866939,-0.19074406095865548,-0.1886069282934002,0.035307718913739294,-0.002977531143416075,-0.03854846954345703,0.07577194273471832,0.014300500974059096,-0.0385541082013229,0.07710944268291055,-0.00015973361542024925
24.9500000000011,2.297645926475525,-0.9623466730117798,4.204070568084717,-1.2473124911047,0.1615113711740986,-0.18615581379533938,-0.19004055664492747,0.03822055204723721,-0.002902175200910056,-0.03342771902680397,0.06668170541524887,0.01737499609589576,-0.033256939138349484,0.06876332087200131,0.004469361793692042
24.960000000001102,2.297645926475525,-0.9623466730117798,4.204070568084717,-1.2473124911047,0.1615113711740986,-0.18615581379533938,-0.19004055664492747,0.03822055204723721,-0.002902175200910056,-0.03342771902680397,0.06668170541524887,0.01737499609589576,-0.033256939138349484,0.06876332087200131,0.004469361793692042
24.970000000001104,2.297645926475525,-0.9623466730117798,4.204070568084717,-1.2473124911047,0.1615113711740986,-0.18615581379533938,-0.19004055664492747,0.03822055204723721,-0.002902175200910056,-0.03342771902680397,0.06668170541524887,0.01737499609589576,-0.033256939138349484,0.06876332087200131,0.004469361793692042
24.980000000001105,2.258649528026581,-0.9580228924751282,4.198014259338379,-1.2242880545308434,0.2086398590639787,-0.18161666324185882,-0.19067209753578707,0.03965576472751847,-0.002908483984119012,-0.031513672322034836,0.07036639004945755,0.011127786710858336,-0.031609278517644473,0.07120007110904009,-0.0024115348405171003
24.990000000001107,2.258649528026581,-0.9580228924751282,4.198014259338379,-1.2242880545308434,0.2086398590639787,-0.18161666324185882,-0.19067209753578707,0.03965576472751847,-0.002908483984119012,-0.031513672322034836,0.07036639004945755,0.011127786710858336,-0.031609278517644473,0.07120007110904009,-0.0024115348405171003
25.00000000000111,2.258649528026581,-0.9580228924751282,4.198014259338379,-1.2242880545308434,0.2086398590639787,-0.18161666324185882,-0.19067209753578707,0.03965576472751847,-0.002908483984119012,-0.031513672322034836,0.07036639004945755,0.011127786710858336,-0.031609278517644473,0.07120007110904009,-0.0024115348405171003
25.01000000000111,2.2251461148262024,-0.9530084729194641,4.192585468292236,-1.2029765405113202,0.2504323320580996,-0.17831473781964335,-0.19153908797283295,0.04225367710539619,-0.0028343539287729513,-0.019732853397727013,0.06896303594112396,0.018012417480349534,-0.019540293729204128,0.07113089266741882,0.004558585006912019
25.02000000000111,2.2251461148262024,-0.9530084729194641,4.192585468292236,-1.2029765405113202,0.2504323320580996,-0.17831473781964335,-0.19153908797283295,0.04225367710539619,-0.0028343539287729513,-0.019732853397727013,0.06896303594112396,0.018012417480349534,-0.019540293729204128,0.07113089266741882,0.004558585006912019
25.030000000001113,2.2251461148262024,-0.9530084729194641,4.192585468292236,-1.2029765405113202,0.2504323320580996,-0.17831473781964335,-0.19153908797283295,0.04225367710539619,-0.0028343539287729513,-0.019732853397727013,0.06896303594112396,0.018012417480349534,-0.019540293729204128,0.07113089266741882,0.004558585006912019
25.040000000001115,2.2251461148262024,-0.9530084729194641,4.192585468292236,-1.2029765405113202,0.2504323320580996,-0.17831473781964335,-0.19153908797283295,0.04225367710539619,-0.0028343539287729513,-0.019732853397727013,0.06896303594112396,0.018012417480349534,-0.019540293729204128,0.07113089266741882,0.004558585006912019
25.050000000001116,2.1781144738197327,-0.943767786026001,4.184764862060547,-1.172250907483261,0.3094571298910697,-0.17315992239879724,-0.19212017808873447,0.04494541531939613,-0.0028298564471503094,-0.011073809117078781,0.06286217272281647,0.01211053412407636,-0.011078990965798886,0.06401800154523767,-0.00011533086808296697
25.060000000001118,2.1781144738197327,-0.943767786026001,4.184764862060547,-1.172250907483261,0.3094571298910697,-0.17315992239879724,-0.19212017808873447,0.04494541531939613,-0.0028298564471503094,-0.011073809117078781,0.06286217272281647,0.01211053412407636,-0.011078990965798886,0.06401800154523767,-0.00011533086808296697
25.07000000000112,2.1781144738197327,-0.943767786026001,4.184764862060547,-1.172250907483261,0.3094571298910697,-0.17315992239879724,-0.19212017808873447,0.04494541531939613,-0.0028298564471503094,-0.011073809117078781,0.06286217272281647,0.01211053412407636,-0.011078990965798886,0.06401800154523767,-0.00011533086808296697
25.08000000000112,2.1412338614463806,-0.9346386194229126,4.178489685058594,-1.1474508503428298,0.3555593925414163,-0.16834054169915613,-0.19234295446238206,0.04648248431051459,-0.00282617624826652,-0.008229977451264858,0.06377856433391571,0.012899151071906081,-0.008208141852094048,0.06506821812884618,0.00046992893246321026
25.090000000001123,2.1412338614463806,-0.9346386194229126,4.178489685058594,-1.1474508503428298,0.3555593925414163,-0.16834054169915613,-0.19234295446238206,0.04648248431051459,-0.00282617624826652,-0.008229977451264858,0.06377856433391571,0.012899151071906081,-0.008208141852094048,0.06506821812884618,0.00046992893246321026
25.100000000001124,2.1412338614463806,-0.9346386194229126,4.178489685058594,-1.1474508503428298,0.3555593925414163,-0.16834054169915613,-0.19234295446238206,0.04648248431051459,-0.00282617624826652,-0.008229977451264858,0.06377856433391571,0.012899151071906081,-0.008208141852094048,0.06506821812884618,0.00046992893246321026
25.110000000001126,2.096185326576233,-0.9211147427558899,4.17047643661499,-1.116295685524229,0.41336638073305276,-0.16293874093264887,-0.19244146406669135,0.049099540486665115,-0.0027168253957330123,0.0025893182028084993,0.06475276499986649,0.015295105054974547,0.002718475983552823,0.06648272142257157,0.002631586546498745
25.120000000001127,2.096185326576233,-0.9211147427558899,4.17047643661499,-1.116295685524229,0.41336638073305276,-0.16293874093264887,-0.19244146406669135,0.049099540486665115,-0.0027168253957330123,0.0025893182028084993,0.06475276499986649,0.015295105054974547,0.002718475983552823,0.06648272142257157,0.002631586546498745
25.13000000000113,2.096185326576233,-0.9211147427558899,4.17047643661499,-1.116295685524229,0.41336638073305276,-0.16293874093264887,-0.19244146406669135,0.049099540486665115,-0.0027168253957330123,0.0025893182028084993,0.06475276499986649,0.015295105054974547,0.002718475983552823,0.06648272142257157,0.002631586546498745
25.14000000000113,2.065333843231201,-0.9102737903594971,4.164675712585449,-1.0935668038879875,0.4538443712079546,-0.16039618455123103,-0.1920699442132949,0.05156634409342805,-0.002657605543384064,0.015187138691544533,0.06786710023880005,0.015312461182475081,0.015294267470024056,0.06954211982199267,0.0020784151478791283
25.150000000001132,2.065333843231201,-0.9102737903594971,4.164675712585449,-1.0935668038879875,0.4538443712079546,-0.16039618455123103,-0.1920699442132949,0.05156634409342805,-0.002657605543384064,0.015187138691544533,0.06786710023880005,0.015312461182475081,0.015294267470024056,0.06954211982199267,0.0020784151478791283
25.160000000001133,2.065333843231201,-0.9102737903594971,4.164675712585449,-1.0935668038879875,0.4538443712079546,-0.16039618455123103,-0.1920699442132949,0.05156634409342805,-0.002657605543384064,0.015187138691544533,0.06786710023880005,0.015312461182475081,0.015294267470024056,0.06954211982199267,0.0020784151478791283
25.170000000001135,2.065333843231201,-0.9102737903594971,4.164675712585449,-1.0935668038879875,0.4538443712079546,-0.16039618455123103,-0.1920699442132949,0.05156634409342805,-0.002657605543384064,0.015187138691544533,0.06786710023880005,0.015312461182475081,0.015294267470024056,0.06954211982199267,0.0020784151478791283
25.180000000001137,2.0307148694992065,-0.896486759185791,4.157847881317139,-1.0674516925003217,0.4989341470576981,-0.1559566360031941,-0.19168938126688176,0.053221768981005016,-0.002642272227757629,0.01671873778104782,0.06712459027767181,0.014275110326707354,0.016784008228555344,0.06861478128520036,0.001226965443855946
25.190000000001138,2.0307148694992065,-0.896486759185791,4.157847881317139,-1.0674516925003217,0.4989341470576981,-0.1559566360031941,-0.19168938126688176,0.053221768981005016,-0.002642272227757629,0.01671873778104782,0.06712459027767181,0.014275110326707354,0.016784008228555344,0.06861478128520036,0.001226965443855946
25.20000000000114,2.0307148694992065,-0.896486759185791,4.157847881317139,-1.0674516925003217,0.4989341470576981,-0.1559566360031941,-0.19168938126688176,0.053221768981005016,-0.002642272227757629,0.01671873778104782,0.06712459027767181,0.014275110326707354,0.016784008228555344,0.06861478128520036,0.001226965443855946
25.21000000000114,2.0020751953125,-0.8838440179824829,4.1511311531066895,-1.043761213009413,0.5373505140006734,-0.15472729745870242,-0.19054195528876144,0.05613031950291456,-0.0026174611087521893,0.03606951981782913,0.0735059529542923,0.015462687239050856,0.03614040089849918,0.07510411782185103,0.0012634582305939383
25.220000000001143,2.0020751953125,-0.8838440179824829,4.1511311531066895,-1.043761213009413,0.5373505140006734,-0.15472729745870242,-0.19054195528876144,0.05613031950291456,-0.0026174611087521893,0.03606951981782913,0.0735059529542923,0.015462687239050856,0.03614040089849918,0.07510411782185103,0.0012634582305939383
25.230000000001144,2.0020751953125,-0.8838440179824829,4.1511311531066895,-1.043761213009413,0.5373505140006734,-0.15472729745870242,-0.19054195528876144,0.05613031950291456,-0.0026174611087521893,0.03606951981782913,0.0735059529542923,0.015462687239050856,0.03614040089849918,0.07510411782185103,0.0012634582305939383
25.240000000001146,1.9619498252868652,-0.8637475967407227,4.141532897949219,-1.0098277087593688,0.5913515029255328,-0.15104588314495968,-0.18875687584056824,0.05913503076192601,-0.0026299071695613206,0.04762517288327217,0.07117272913455963,0.01318150106817483,0.04760105707417317,0.07238192745509053,-0.0004080469702711547
25.250000000001148,1.9619498252868652,-0.8637475967407227,4.141532897949219,-1.0098277087593688,0.5913515029255328,-0.15104588314495968,-0.18875687584056824,0.05913503076192601,-0.0026299071695613206,0.04762517288327217,0.07117272913455963,0.01318150106817483,0.04760105707417317,0.07238192745509053,-0.0004080469702711547
25.26000000000115,1.9619498252868652,-0.8637475967407227,4.141532897949219,-1.0098277087593688,0.5913515029255328,-0.15104588314495968,-0.18875687584056824,0.05913503076192601,-0.0026299071695613206,0.04762517288327217,0.07117272913455963,0.01318150106817483,0.04760105707417317,0.07238192745509053,-0.0004080469702711547
25.27000000000115,1.9619498252868652,-0.8637475967407227,4.141532897949219,-1.0098277087593688,0.5913515029255328,-0.15104588314495968,-0.18875687584056824,0.05913503076192601,-0.0026299071695613206,0.04762517288327217,0.07117272913455963,0.01318150106817483,0.04760105707417317,0.07238192745509053,-0.0004080469702711547
25.280000000001152,1.930593729019165,-0.8459895253181458,4.13395357131958,-0.9822268854868498,0.633406081375231,-0.14639405532961855,-0.18780465204912875,0.060594639802079416,-0.002623356938892837,0.04704540595412254,0.07105433940887451,0.014571686275303355,0.04710907401903489,0.0725255256884613,0.0010513643384827888
25.290000000001154,1.930593729019165,-0.8459895253181458,4.13395357131958,-0.9822268854868498,0.633406081375231,-0.14639405532961855,-0.18780465204912875,0.060594639802079416,-0.002623356938892837,0.04704540595412254,0.07105433940887451,0.014571686275303355,0.04710907401903489,0.0725255256884613,0.0010513643384827888
25.300000000001155,1.930593729019165,-0.8459895253181458,4.13395357131958,-0.9822268854868498,0.633406081375231,-0.14639405532961855,-0.18780465204912875,0.060594639802079416,-0.002623356938892837,0.04704540595412254,0.07105433940887451,0.014571686275303355,0.04710907401903489,0.0725255256884613,0.0010513643384827888
25.310000000001157,1.9039013385772705,-0.8293511867523193,4.1271772384643555,-0.9566544536967857,0.6696494071298208,-0.1436188498817449,-0.18591462732045444,0.0632779675912537,-0.002646033856808132,0.05003559589385986,0.0653734803199768,0.013512227684259406,0.05011133869937513,0.06674461233031366,0.0011977846160261285
25.32000000000116,1.9039013385772705,-0.8293511867523193,4.1271772384643555,-0.9566544536967857,0.6696494071298208,-0.1436188498817449,-0.18591462732045444,0.0632779675912537,-0.002646033856808132,0.05003559589385986,0.0653734803199768,0.013512227684259406,0.05011133869937513,0.06674461233031366,0.0011977846160261285
25.33000000000116,1.9039013385772705,-0.8293511867523193,4.1271772384643555,-0.9566544536967857,0.6696494071298208,-0.1436188498817449,-0.18591462732045444,0.0632779675912537,-0.002646033856808132,0.05003559589385986,0.0653734803199768,0.013512227684259406,0.05011133869937513,0.06674461233031366,0.0011977846160261285
25.34000000000116,1.9039013385772705,-0.8293511867523193,4.1271772384643555,-0.9566544536967857,0.6696494071298208,-0.1436188498817449,-0.18591462732045444,0.0632779675912537,-0.002646033856808132,0.05003559589385986,0.0653734803199768,0.013512227684259406,0.05011133869937513,0.06674461233031366,0.0011977846160261285
25.350000000001163,1.8667274713516235,-0.8036558032035828,4.1176605224609375,-0.9208335832801352,0.7196785208999543,-0.13868838247550627,-0.18346382286703605,0.06595953266245826,-0.002627364294360276,0.06554689258337021,0.06335586309432983,0.015819601714611047,0.06581082991781638,0.06517867422876489,0.00400440701395899
25.360000000001165,1.8667274713516235,-0.8036558032035828,4.1176605224609375,-0.9208335832801352,0.7196785208999543,-0.13868838247550627,-0.18346382286703605,0.06595953266245826,-0.002627364294360276,0.06554689258337021,0.06335586309432983,0.015819601714611047,0.06581082991781638,0.06517867422876489,0.00400440701395899
25.370000000001166,1.8667274713516235,-0.8036558032035828,4.1176605224609375,-0.9208335832801352,0.7196785208999543,-0.13868838247550627,-0.18346382286703605,0.06595953266245826,-0.002627364294360276,0.06554689258337021,0.06335586309432983,0.015819601714611047,0.06581082991781638,0.06517867422876489,0.00400440701395899
25.380000000001168,1.8378666639328003,-0.7815722227096558,4.109863758087158,-0.8917766426065168,0.7585593415926772,-0.13367534452113242,-0.18206160755201606,0.06719530501428324,-0.002638914301614004,0.07052654772996902,0.060617584735155106,0.010118306614458554,0.07045762311082227,0.06144772363484185,-0.0010265079479126389
25.39000000000117,1.8378666639328003,-0.7815722227096558,4.109863758087158,-0.8917766426065168,0.7585593415926772,-0.13367534452113242,-0.18206160755201606,0.06719530501428324,-0.002638914301614004,0.07052654772996902,0.060617584735155106,0.010118306614458554,0.07045762311082227,0.06144772363484185,-0.0010265079479126389
25.40000000000117,1.8378666639328003,-0.7815722227096558,4.109863758087158,-0.8917766426065168,0.7585593415926772,-0.13367534452113242,-0.18206160755201606,0.06719530501428324,-0.002638914301614004,0.07052654772996902,0.060617584735155106,0.010118306614458554,0.07045762311082227,0.06144772363484185,-0.0010265079479126389
25.410000000001173,1.8133667707443237,-0.7612490057945251,4.10283088684082,-0.8662348803752237,0.7918539828716677,-0.13194604103429847,-0.17907384021263006,0.06958383163013715,-0.0024980427585263292,0.0777052566409111,0.05889853462576866,0.013062776066362851,0.07786994797206488,0.06028341238776892,0.002368715631636035
25.420000000001174,1.8133667707443237,-0.7612490057945251,4.10283088684082,-0.8662348803752237,0.7918539828716677,-0.13194604103429847,-0.17907384021263006,0.06958383163013715,-0.0024980427585263292,0.0777052566409111,0.05889853462576866,0.013062776066362851,0.07786994797206488,0.06028341238776892,0.002368715631636035
25.430000000001176,1.8133667707443237,-0.7612490057945251,4.10283088684082,-0.8662348803752237,0.7918539828716677,-0.13194604103429847,-0.17907384021263006,0.06958383163013715,-0.0024980427585263292,0.0777052566409111,0.05889853462576866,0.013062776066362851,0.07786994797206488,0.06028341238776892,0.002368715631636035
25.440000000001177,1.779423475265503,-0.730491578578949,4.092863082885742,-0.8296871053845777,0.8378245482668447,-0.12970640437777364,-0.17556046365908554,0.0718298928589813,-0.0023553604202711615,0.09135165065526962,0.053833890706300735,0.014015932567417615,0.09166809308952813,0.055454422338769696,0.00440923272235556
25.45000000000118,1.779423475265503,-0.730491578578949,4.092863082885742,-0.8296871053845777,0.8378245482668447,-0.12970640437777364,-0.17556046365908554,0.0718298928589813,-0.0023553604202711615,0.09135165065526962,0.053833890706300735,0.014015932567417615,0.09166809308952813,0.055454422338769696,0.00440923272235556
25.46000000000118,1.779423475265503,-0.730491578578949,4.092863082885742,-0.8296871053845777,0.8378245482668447,-0.12970640437777364,-0.17556046365908554,0.0718298928589813,-0.0023553604202711615,0.09135165065526962,0.053833890706300735,0.014015932567417615,0.09166809308952813,0.055454422338769696,0.00440923272235556
25.470000000001182,1.779423475265503,-0.730491578578949,4.092863082885742,-0.8296871053845777,0.8378245482668447,-0.12970640437777364,-0.17556046365908554,0.0718298928589813,-0.0023553604202711615,0.09135165065526962,0.053833890706300735,0.014015932567417615,0.09166809308952813,0.055454422338769696,0.00440923272235556
25.480000000001183,1.753200888633728,-0.7045190334320068,4.084909439086914,-0.8001282688426576,0.8739631463790094,-0.12674070752556216,-0.1736428764336893,0.07290799676123186,-0.0023170719638162807,0.09570952504873276,0.05298113450407982,0.012608952820301049,0.09594804375145843,0.05436286859993894,0.003274402742684151
25.490000000001185,1.753200888633728,-0.7045190334320068,4.084909439086914,-0.8001282688426576,0.8739631463790094,-0.12674070752556216,-0.1736428764336893,0.07290799676123186,-0.0023170719638162807,0.09570952504873276,0.05298113450407982,0.012608952820301049,0.09594804375145843,0.05436286859993894,0.003274402742684151
25.500000000001187,1.753200888633728,-0.7045190334320068,4.084909439086914,-0.8001282688426576,0.8739631463790094,-0.12674070752556216,-0.1736428764336893,0.07290799676123186,-0.0023170719638162807,0.09570952504873276,0.05298113450407982,0.012608952820301049,0.09594804375145843,0.05436286859993894,0.003274402742684151
25.510000000001188,1.7310110330581665,-0.6808823347091675,4.077766418457031,-0.773751094642318,0.90373741406802,-0.12641209269352235,-0.16999957137735555,0.07506429659264306,-0.002226285640281494,0.10557085275650024,0.06178883835673332,0.013190318830311291,0.10576237311375476,0.06312970588255351,0.0025538150969315197
25.52000000000119,1.7310110330581665,-0.6808823347091675,4.077766418457031,-0.773751094642318,0.90373741406802,-0.12641209269352235,-0.16999957137735555,0.07506429659264306,-0.002226285640281494,0.10557085275650024,0.06178883835673332,0.013190318830311291,0.10576237311375476,0.06312970588255351,0.0025538150969315197
25.53000000000119,1.7310110330581665,-0.6808823347091675,4.077766418457031,-0.773751094642318,0.90373741406802,-0.12641209269352235,-0.16999957137735555,0.07506429659264306,-0.002226285640281494,0.10557085275650024,0.06178883835673332,0.013190318830311291,0.10576237311375476,0.06312970588255351,0.0025538150969315197
25.540000000001193,1.700457215309143,-0.6456095576286316,4.067516326904297,-0.7357492668628632,0.9443012255520823,-0.12496653768176129,-0.16549647425755903,0.07764253307574405,-0.00215002307123683,0.11879868805408478,0.06469988077878952,0.011578717269003383,0.11885794929944025,0.06572336756611809,0.000764024900923788
25.550000000001194,1.700457215309143,-0.6456095576286316,4.067516326904297,-0.7357492668628632,0.9443012255520823,-0.12496653768176129,-0.16549647425755903,0.07764253307574405,-0.00215002307123683,0.11879868805408478,0.06469988077878952,0.011578717269003383,0.11885794929944025,0.06572336756611809,0.000764024900923788
25.560000000001196,1.700457215309143,-0.6456095576286316,4.067516326904297,-0.7357492668628632,0.9443012255520823,-0.12496653768176129,-0.16549647425755903,0.07764253307574405,-0.00215002307123683,0.11879868805408478,0.06469988077878952,0.011578717269003383,0.11885794929944025,0.06572336756611809,0.000764024900923788
25.570000000001198,1.700457215309143,-0.6456095576286316,4.067516326904297,-0.7357492668628632,0.9443012255520823,-0.12496653768176129,-0.16549647425755903,0.07764253307574405,-0.00215002307123683,0.11879868805408478,0.06469988077878952,0.011578717269003383,0.11885794929944025,0.06572336756611809,0.000764024900923788
25.5800000000012,1.6770137548446655,-0.6161788105964661,4.059476375579834,-0.7048747882875019,0.9752373765388809,-0.12318411818611069,-0.1625423871446114,0.07923291629530115,-0.002123667664814681,0.12356828153133392,0.06469518691301346,0.014103867113590232,0.12384208927197587,0.06612483755163451,0.003459350620613734
25.5900000000012,1.6770137548446655,-0.6161788105964661,4.059476375579834,-0.7048747882875019,0.9752373765388809,-0.12318411818611069,-0.1625423871446114,0.07923291629530115,-0.002123667664814681,0.12356828153133392,0.06469518691301346,0.014103867113590232,0.12384208927197587,0.06612483755163451,0.003459350620613734
25.600000000001202,1.6770137548446655,-0.6161788105964661,4.059476375579834,-0.7048747882875019,0.9752373765388809,-0.12318411818611069,-0.1625423871446114,0.07923291629530115,-0.002123667664814681,0.12356828153133392,0.06469518691301346,0.014103867113590232,0.12384208927197587,0.06612483755163451,0.003459350620613734
25.610000000001204,1.6579543352127075,-0.590036153793335,4.051608085632324,-0.6771543691307922,1.0004198039144954,-0.12514687493561194,-0.1578445982193104,0.08145453612937861,-0.0020994973595552455,0.1337023377418518,0.05917450785636902,0.011076974682509892,0.13383602601888914,0.06018006241797986,0.0016430788428768224
25.620000000001205,1.6579543352127075,-0.590036153793335,4.051608085632324,-0.6771543691307922,1.0004198039144954,-0.12514687493561194,-0.1578445982193104,0.08145453612937861,-0.0020994973595552455,0.1337023377418518,0.05917450785636902,0.011076974682509892,0.13383602601888914,0.06018006241797986,0.0016430788428768224
25.630000000001207,1.6579543352127075,-0.590036153793335,4.051608085632324,-0.6771543691307922,1.0004198039144954,-0.12514687493561194,-0.1578445982193104,0.08145453612937861,-0.0020994973595552455,0.1337023377418518,0.05917450785636902,0.011076974682509892,0.13383602601888914,0.06018006241797986,0.0016430788428768224
25.64000000000121,1.6579543352127075,-0.590036153793335,4.051608085632324,-0.6771543691307922,1.0004198039144954,-0.12514687493561194,-0.1578445982193104,0.08145453612937861,-0.0020994973595552455,0.1337023377418518,0.05917450785636902,0.011076974682509892,0.13383602601888914,0.06018006241797986,0.0016430788428768224
25.65000000000121,1.6318331956863403,-0.5512855648994446,4.04072380065918,-0.637587370448895,1.0347832368043515,-0.12541086000288873,-0.15243753509351468,0.08384395879478582,-0.002086357771499757,0.13825568556785583,0.06061656028032303,0.01066943630576133,0.13836840283454635,0.061533774351367546,0.001345945971398585
25.66000000000121,1.6318331956863403,-0.5512855648994446,4.04072380065918,-0.637587370448895,1.0347832368043515,-0.12541086000288873,-0.15243753509351468,0.08384395879478582,-0.002086357771499757,0.13825568556785583,0.06061656028032303,0.01066943630576133,0.13836840283454635,0.061533774351367546,0.001345945971398585
25.670000000001213,1.6318331956863403,-0.5512855648994446,4.04072380065918,-0.637587370448895,1.0347832368043515,-0.12541086000288873,-0.15243753509351468,0.08384395879478582,-0.002086357771499757,0.13825568556785583,0.06061656028032303,0.01066943630576133,0.13836840283454635,0.061533774351367546,0.001345945971398585
25.680000000001215,1.6119310855865479,-0.5191759467124939,4.032165050506592,-0.6053754397483916,1.0606911050601606,-0.12400760710386954,-0.1491023987855178,0.08520706268497265,-0.001983097282932962,0.13900093734264374,0.05399996042251587,0.0142258983105421,0.1395173782655937,0.05551408591790834,0.006068351036414448
25.690000000001216,1.6119310855865479,-0.5191759467124939,4.032165050506592,-0.6053754397483916,1.0606911050601606,-0.12400760710386954,-0.1491023987855178,0.08520706268497265,-0.001983097282932962,0.13900093734264374,0.05399996042251587,0.0142258983105421,0.1395173782655937,0.05551408591790834,0.006068351036414448
25.700000000001218,1.6119310855865479,-0.5191759467124939,4.032165050506592,-0.6053754397483916,1.0606911050601606,-0.12400760710386954,-0.1491023987855178,0.08520706268497265,-0.001983097282932962,0.13900093734264374,0.05399996042251587,0.0142258983105421,0.1395173782655937,0.05551408591790834,0.006068351036414448
25.71000000000122,1.588409185409546,-0.47781360149383545,4.021544456481934,-0.5653948999829392,1.0914601801623849,-0.12333770222242163,-0.14406093810280604,0.08719155515263848,-0.0018914809103635333,0.14154738187789917,0.05258440226316452,0.0105210393667221,0.14179763451679334,0.05355012233622016,0.0028737875512195718
25.72000000000122,1.588409185409546,-0.47781360149383545,4.021544456481934,-0.5653948999829392,1.0914601801623849,-0.12333770222242163,-0.14406093810280604,0.08719155515263848,-0.0018914809103635333,0.14154738187789917,0.05258440226316452,0.0105210393667221,0.14179763451679334,0.05355012233622016,0.0028737875512195718
25.730000000001223,1.588409185409546,-0.47781360149383545,4.021544456481934,-0.5653948999829392,1.0914601801623849,-0.12333770222242163,-0.14406093810280604,0.08719155515263848,-0.0018914809103635333,0.14154738187789917,0.05258440226316452,0.0105210393667221,0.14179763451679334,0.05355012233622016,0.0028737875512195718
25.740000000001224,1.588409185409546,-0.47781360149383545,4.021544456481934,-0.5653948999829392,1.0914601801623849,-0.12333770222242163,-0.14406093810280604,0.08719155515263848,-0.0018914809103635333,0.14154738187789917,0.05258440226316452,0.0105210393667221,0.14179763451679334,0.05355012233622016,0.0028737875512195718
25.750000000001226,1.5728422403335571,-0.4481356143951416,4.0139055252075195,-0.537265911242828,1.110189058425609,-0.12701227055973824,-0.1374578223403403,0.0894333684470009,-0.0017701986628871178,0.15374097228050232,0.05067000538110733,0.010419842787086957,0.15404392947444126,0.051619845281223174,0.0033920385070034483
25.760000000001227,1.5728422403335571,-0.4481356143951416,4.0139055252075195,-0.537265911242828,1.110189058425609,-0.12701227055973824,-0.1374578223403403,0.0894333684470009,-0.0017701986628871178,0.15374097228050232,0.05067000538110733,0.010419842787086957,0.15404392947444126,0.051619845281223174,0.0033920385070034483
25.77000000000123,1.5728422403335571,-0.4481356143951416,4.0139055252075195,-0.537265911242828,1.110189058425609,-0.12701227055973824,-0.1374578223403403,0.0894333684470009,-0.0017701986628871178,0.15374097228050232,0.05067000538110733,0.010419842787086957,0.15404392947444126,0.051619845281223174,0.0033920385070034483
25.78000000000123,1.5518171787261963,-0.4047507047653198,4.003293514251709,-0.497562572235347,1.1353097218424875,-0.12498281987861701,-0.134911369501488,0.09014788056074803,-0.0017462662970061577,0.1595781147480011,0.044894035905599594,0.00831210240721702,0.15977681754556855,0.04560409374051962,0.002207175396063419
25.790000000001232,1.5518171787261963,-0.4047507047653198,4.003293514251709,-0.497562572235347,1.1353097218424875,-0.12498281987861701,-0.134911369501488,0.09014788056074803,-0.0017462662970061577,0.1595781147480011,0.044894035905599594,0.00831210240721702,0.15977681754556855,0.04560409374051962,0.002207175396063419
25.800000000001234,1.5518171787261963,-0.4047507047653198,4.003293514251709,-0.497562572235347,1.1353097218424875,-0.12498281987861701,-0.134911369501488,0.09014788056074803,-0.0017462662970061577,0.1595781147480011,0.044894035905599594,0.00831210240721702,0.15977681754556855,0.04560409374051962,0.002207175396063419
25.810000000001235,1.5418652296066284,-0.3826514482498169,3.9978134632110596,-0.47725107966123137,1.1462674516419897,-0.1314806654424065,-0.12771700118553,0.09221883694943149,-0.0016154485832557692,0.16235844790935516,0.04504050314426422,0.008817087858915324,0.16263667401130086,0.04579669325342767,0.0030213008151395984
25.820000000001237,1.5418652296066284,-0.3826514482498169,3.9978134632110596,-0.47725107966123137,1.1462674516419897,-0.1314806654424065,-0.12771700118553,0.09221883694943149,-0.0016154485832557692,0.16235844790935516,0.04504050314426422,0.008817087858915324,0.16263667401130086,0.04579669325342767,0.0030213008151395984
25.830000000001238,1.5418652296066284,-0.3826514482498169,3.9978134632110596,-0.47725107966123137,1.1462674516419897,-0.1314806654424065,-0.12771700118553,0.09221883694943149,-0.0016154485832557692,0.16235844790935516,0.04504050314426422,0.008817087858915324,0.16263667401130086,0.04579669325342767,0.0030213008151395984
25.84000000000124,1.5231283903121948,-0.3377244174480438,3.9870119094848633,-0.43658524528343967,1.1667060833118583,-0.13506241153045914,-0.12093789007643732,0.09421337743226423,-0.0015311161392681306,0.17028535902500153,0.050552573055028915,0.00951870717108249,0.1706019442976542,0.05133170137826596,0.0033652768890895845
25.85000000000124,1.5231283903121948,-0.3377244174480438,3.9870119094848633,-0.43658524528343967,1.1667060833118583,-0.13506241153045914,-0.12093789007643732,0.09421337743226423,-0.0015311161392681306,0.17028535902500153,0.050552573055028915,0.00951870717108249,0.1706019442976542,0.05133170137826596,0.0033652768890895845
25.860000000001243,1.5231283903121948,-0.3377244174480438,3.9870119094848633,-0.43658524528343967,1.1667060833118583,-0.13506241153045914,-0.12093789007643732,0.09421337743226423,-0.0015311161392681306,0.17028535902500153,0.050552573055028915,0.00951870717108249,0.1706019442976542,0.05133170137826596,0.0033652768890895845
25.870000000001244,1.5231283903121948,-0.3377244174480438,3.9870119094848633,-0.43658524528343967,1.1667060833118583,-0.13506241153045914,-0.12093789007643732,0.09421337743226423,-0.0015311161392681306,0.17028535902500153,0.050552573055028915,0.00951870717108249,0.1706019442976542,0.05133170137826596,0.0033652768890895845
25.880000000001246,1.5092426538467407,-0.30114689469337463,3.978412389755249,-0.4039243552565554,1.1811469022438101,-0.13457512227034282,-0.11749738377663811,0.09524375543709868,-0.0015027060348605337,0.1723843663930893,0.05123716965317726,0.007221548352390522,0.1724956970614016,0.051730457537271096,0.0011706716775770948
25.890000000001248,1.5092426538467407,-0.30114689469337463,3.978412389755249,-0.4039243552565554,1.1811469022438101,-0.13457512227034282,-0.11749738377663811,0.09524375543709868,-0.0015027060348605337,0.1723843663930893,0.05123716965317726,0.007221548352390522,0.1724956970614016,0.051730457537271096,0.0011706716775770948
25.90000000000125,1.5092426538467407,-0.30114689469337463,3.978412389755249,-0.4039243552565554,1.1811469022438101,-0.13457512227034282,-0.11749738377663811,0.09524375543709868,-0.0015027060348605337,0.1723843663930893,0.05123716965317726,0.007221548352390522,0.1724956970614016,0.051730457537271096,0.0011706716775770948
25.91000000000125,1.4979454278945923,-0.2687421441078186,3.9707839488983154,-0.3744233638340018,1.192650090716525,-0.13942869513391054,-0.11058844506569003,0.09726908380350348,-0.0013178810225966898,0.1733512282371521,0.047987405210733414,0.008428551256656642,0.1736518651414468,0.048624467500323336,0.0030956546970609578
25.920000000001252,1.4979454278945923,-0.2687421441078186,3.9707839488983154,-0.3744233638340018,1.192650090716525,-0.13942869513391054,-0.11058844506569003,0.09726908380350348,-0.0013178810225966898,0.1733512282371521,0.047987405210733414,0.008428551256656642,0.1736518651414468,0.048624467500323336,0.0030956546970609578
25.930000000001254,1.4979454278945923,-0.2687421441078186,3.9707839488983154,-0.3744233638340018,1.192650090716525,-0.13942869513391054,-0.11058844506569003,0.09726908380350348,-0.0013178810225966898,0.1733512282371521,0.047987405210733414,0.008428551256656642,0.1736518651414468,0.048624467500323336,0.0030956546970609578
25.940000000001255,1.4979454278945923,-0.2687421441078186,3.9707839488983154,-0.3744233638340018,1.192650090716525,-0.13942869513391054,-0.11058844506569003,0.09726908380350348,-0.0013178810225966898,0.1733512282371521,0.047987405210733414,0.008428551256656642,0.1736518651414468,0.048624467500323336,0.0030956546970609578
25.950000000001257,1.4831005334854126,-0.2217833399772644,3.9601187705993652,-0.3329619621952146,1.2064198003338056,-0.14344912888585593,-0.10351149541179022,0.09926250868776022,-0.0012127528839980487,0.17724233865737915,0.04773333668708801,0.008958283811807627,0.1776385272355355,0.04840347274422636,0.00399788341803439
25.96000000000126,1.4831005334854126,-0.2217833399772644,3.9601187705993652,-0.3329619621952146,1.2064198003338056,-0.14344912888585593,-0.10351149541179022,0.09926250868776022,-0.0012127528839980487,0.17724233865737915,0.04773333668708801,0.008958283811807627,0.1776385272355355,0.04840347274422636,0.00399788341803439
25.97000000000126,1.4831005334854126,-0.2217833399772644,3.9601187705993652,-0.3329619621952146,1.2064198003338056,-0.14344912888585593,-0.10351149541179022,0.09926250868776022,-0.0012127528839980487,0.17724233865737915,0.04773333668708801,0.008958283811807627,0.1776385272355355,0.04840347274422636,0.00399788341803439
25.98000000000126,1.472365379333496,-0.18377691507339478,3.951641798019409,-0.30001074798987754,1.2158014104726902,-0.14288082323038495,-0.1005301580890323,0.10009301812585265,-0.0011664642713480533,0.18595272302627563,0.05157117173075676,0.008227284066379063,0.18625501474991774,0.05213649166936228,0.0030251567709457454
25.990000000001263,1.472365379333496,-0.18377691507339478,3.951641798019409,-0.30001074798987754,1.2158014104726902,-0.14288082323038495,-0.1005301580890323,0.10009301812585265,-0.0011664642713480533,0.18595272302627563,0.05157117173075676,0.008227284066379063,0.18625501474991774,0.05213649166936228,0.0030251567709457454
26.000000000001265,1.472365379333496,-0.18377691507339478,3.951641798019409,-0.30001074798987754,1.2158014104726902,-0.14288082323038495,-0.1005301580890323,0.10009301812585265,-0.0011664642713480533,0.18595272302627563,0.05157117173075676,0.008227284066379063,0.18625501474991774,0.05213649166936228,0.0030251567709457454
26.010000000001266,1.4643088579177856,-0.1492687165737152,3.943122625350952,-0.2706490753620643,1.2218988026347581,-0.15072998973635654,-0.0922269707358041,0.10193937874878789,-0.0009557680923989323,0.1924746334552765,0.04090438783168793,0.009371385909616942,0.1930438396428084,0.04159361834472474,0.005593453890880651
26.020000000001268,1.4643088579177856,-0.1492687165737152,3.943122625350952,-0.2706490753620643,1.2218988026347581,-0.15072998973635654,-0.0922269707358041,0.10193937874878789,-0.0009557680923989323,0.1924746334552765,0.04090438783168793,0.009371385909616942,0.1930438396428084,0.04159361834472474,0.005593453890880651
26.03000000000127,1.4643088579177856,-0.1492687165737152,3.943122625350952,-0.2706490753620643,1.2218988026347581,-0.15072998973635654,-0.0922269707358041,0.10193937874878789,-0.0009557680923989323,0.1924746334552765,0.04090438783168793,0.009371385909616942,0.1930438396428084,0.04159361834472474,0.005593453890880651
26.04000000000127,1.4643088579177856,-0.1492687165737152,3.943122625350952,-0.2706490753620643,1.2218988026347581,-0.15072998973635654,-0.0922269707358041,0.10193937874878789,-0.0009557680923989323,0.1924746334552765,0.04090438783168793,0.009371385909616942,0.1930438396428084,0.04159361834472474,0.005593453890880651
26.050000000001273,1.4540213346481323,-0.09987214207649231,3.9311654567718506,-0.22875551991822424,1.228144861060614,-0.15721966148430672,-0.08422709344519998,0.10366328818721289,-0.0008118039577910966,0.20238545536994934,0.04200446605682373,0.009571071714162821,0.20301002740333757,0.04266075074061397,0.006035811374504675
26.060000000001274,1.4540213346481323,-0.09987214207649231,3.9311654567718506,-0.22875551991822424,1.228144861060614,-0.15721966148430672,-0.08422709344519998,0.10366328818721289,-0.0008118039577910966,0.20238545536994934,0.04200446605682373,0.009571071714162821,0.20301002740333757,0.04266075074061397,0.006035811374504675
26.070000000001276,1.4540213346481323,-0.09987214207649231,3.9311654567718506,-0.22875551991822424,1.228144861060614,-0.15721966148430672,-0.08422709344519998,0.10366328818721289,-0.0008118039577910966,0.20238545536994934,0.04200446605682373,0.009571071714162821,0.20301002740333757,0.04266075074061397,0.006035811374504675
26.080000000001277,1.4468683004379272,-0.06028994545340538,3.9219627380371094,-0.19507267576754092,1.2316247279341443,-0.1578700433300585,-0.08009448134256215,0.10452963201779794,-0.0007084461344340582,0.20711922645568848,0.04255340248346329,0.007954550907015795,0.2075938903855079,0.04305341736944859,0.004549230892168294
26.09000000000128,1.4468683004379272,-0.06028994545340538,3.9219627380371094,-0.19507267576754092,1.2316247279341443,-0.1578700433300585,-0.08009448134256215,0.10452963201779794,-0.0007084461344340582,0.20711922645568848,0.04255340248346329,0.007954550907015795,0.2075938903855079,0.04305341736944859,0.004549230892168294
26.10000000000128,1.4468683004379272,-0.06028994545340538,3.9219627380371094,-0.19507267576754092,1.2316247279341443,-0.1578700433300585,-0.08009448134256215,0.10452963201779794,-0.0007084461344340582,0.20711922645568848,0.04255340248346329,0.007954550907015795,0.2075938903855079,0.04305341736944859,0.004549230892168294
26.110000000001282,1.4414857625961304,-0.025512292981147766,3.913794755935669,-0.16536071528576457,1.2321020204020714,-0.16397073970059178,-0.07180688008263528,0.10619161788661172,-0.0005408021725359482,0.21195705235004425,0.04333082586526871,0.007110488601028914,0.21238165184154312,0.04372930538447182,0.004005952275225735
26.120000000001284,1.4414857625961304,-0.025512292981147766,3.913794755935669,-0.16536071528576457,1.2321020204020714,-0.16397073970059178,-0.07180688008263528,0.10619161788661172,-0.0005408021725359482,0.21195705235004425,0.04333082586526871,0.007110488601028914,0.21238165184154312,0.04372930538447182,0.004005952275225735
26.130000000001285,1.4414857625961304,-0.025512292981147766,3.913794755935669,-0.16536071528576457,1.2321020204020714,-0.16397073970059178,-0.07180688008263528,0.10619161788661172,-0.0005408021725359482,0.21195705235004425,0.04333082586526871,0.007110488601028914,0.21238165184154312,0.04372930538447182,0.004005952275225735
26.140000000001287,1.4414857625961304,-0.025512292981147766,3.913794755935669,-0.16536071528576457,1.2321020204020714,-0.16397073970059178,-0.07180688008263528,0.10619161788661172,-0.0005408021725359482,0.21195705235004425,0.04333082586526871,0.007110488601028914,0.21238165184154312,0.04372930538447182,0.004005952275225735
26.150000000001288,1.435102105140686,0.024067478254437447,3.9026389122009277,-0.12310163710994117,1.230568095723385,-0.16731698857989752,-0.063182954360621,0.10760723832287937,-0.00040985238920105213,0.21716850996017456,0.034012243151664734,0.005269649438560005,0.21750463578951285,0.03427710637407739,0.003129672284219546
26.16000000000129,1.435102105140686,0.024067478254437447,3.9026389122009277,-0.12310163710994117,1.230568095723385,-0.16731698857989752,-0.063182954360621,0.10760723832287937,-0.00040985238920105213,0.21716850996017456,0.034012243151664734,0.005269649438560005,0.21750463578951285,0.03427710637407739,0.003129672284219546
26.17000000000129,1.435102105140686,0.024067478254437447,3.9026389122009277,-0.12310163710994117,1.230568095723385,-0.16731698857989752,-0.063182954360621,0.10760723832287937,-0.00040985238920105213,0.21716850996017456,0.034012243151664734,0.005269649438560005,0.21750463578951285,0.03427710637407739,0.003129672284219546
26.180000000001293,1.431143045425415,0.0636012926697731,3.8939836025238037,-0.08918987834614978,1.2266702023248843,-0.1671673634599703,-0.05874862784952933,0.10830816844612108,-0.00035664081564037764,0.22217445075511932,0.03363766893744469,0.0057672485709190325,0.2225857107108069,0.033918260158738466,0.0038045617591499427
26.190000000001294,1.431143045425415,0.0636012926697731,3.8939836025238037,-0.08918987834614978,1.2266702023248843,-0.1671673634599703,-0.05874862784952933,0.10830816844612108,-0.00035664081564037764,0.22217445075511932,0.03363766893744469,0.0057672485709190325,0.2225857107108069,0.033918260158738466,0.0038045617591499427
26.200000000001296,1.431143045425415,0.0636012926697731,3.8939836025238037,-0.08918987834614978,1.2266702023248843,-0.1671673634599703,-0.05874862784952933,0.10830816844612108,-0.00035664081564037764,0.22217445075511932,0.03363766893744469,0.0057672485709190325,0.2225857107108069,0.033918260158738466,0.0038045617591499427
26.210000000001298,1.428566813468933,0.098119355738163,3.8864495754241943,-0.05984943216616126,1.2206629462557048,-0.17302172861405163,-0.04990461049880161,0.10961942303301961,-0.0003290488384543723,0.22239460051059723,0.03334552422165871,0.0033653643913567027,0.22258145811386298,0.03347188731882674,0.001708021716344209
26.2200000000013,1.428566813468933,0.098119355738163,3.8864495754241943,-0.05984943216616126,1.2206629462557048,-0.17302172861405163,-0.04990461049880161,0.10961942303301961,-0.0003290488384543723,0.22239460051059723,0.03334552422165871,0.0033653643913567027,0.22258145811386298,0.03347188731882674,0.001708021716344209
26.2300000000013,1.428566813468933,0.098119355738163,3.8864495754241943,-0.05984943216616126,1.2206629462557048,-0.17302172861405163,-0.04990461049880161,0.10961942303301961,-0.0003290488384543723,0.22239460051059723,0.03334552422165871,0.0033653643913567027,0.22258145811386298,0.03347188731882674,0.001708021716344209
26.240000000001302,1.428566813468933,0.098119355738163,3.8864495754241943,-0.05984943216616126,1.2206629462557048,-0.17302172861405163,-0.04990461049880161,0.10961942303301961,-0.0003290488384543723,0.22239460051059723,0.03334552422165871,0.0033653643913567027,0.22258145811386298,0.03347188731882674,0.001708021716344209
26.250000000001304,1.4262086153030396,0.1470736861228943,3.8755905628204346,-0.017725700063050406,1.2102134478589817,-0.1780187760308125,-0.0410148594567864,0.11071839366170924,-0.00025767362529852643,0.2204061895608902,0.0298331156373024,0.0043761082924902404,0.2207562923619435,0.029987461390821375,0.003168571242936135
26.260000000001305,1.4262086153030396,0.1470736861228943,3.8755905628204346,-0.017725700063050406,1.2102134478589817,-0.1780187760308125,-0.0410148594567864,0.11071839366170924,-0.00025767362529852643,0.2204061895608902,0.0298331156373024,0.0043761082924902404,0.2207562923619435,0.029987461390821375,0.003168571242936135
26.270000000001307,1.4262086153030396,0.1470736861228943,3.8755905628204346,-0.017725700063050406,1.2102134478589817,-0.1780187760308125,-0.0410148594567864,0.11071839366170924,-0.00025767362529852643,0.2204061895608902,0.0298331156373024,0.0043761082924902404,0.2207562923619435,0.029987461390821375,0.003168571242936135
26.28000000000131,1.425493836402893,0.18587249517440796,3.8670923709869385,0.015757128887731037,1.2000186248622768,-0.1793114913348816,-0.03673216481682057,0.11116971416752189,-0.00020755382584644076,0.21286025643348694,0.021205248311161995,0.003550719236955044,0.21316942505036188,0.021321340585160463,0.0027867873838832804
26.29000000000131,1.425493836402893,0.18587249517440796,3.8670923709869385,0.015757128887731037,1.2000186248622768,-0.1793114913348816,-0.03673216481682057,0.11116971416752189,-0.00020755382584644076,0.21286025643348694,0.021205248311161995,0.003550719236955044,0.21316942505036188,0.021321340585160463,0.0027867873838832804
26.30000000000131,1.425493836402893,0.18587249517440796,3.8670923709869385,0.015757128887731037,1.2000186248622768,-0.1793114913348816,-0.03673216481682057,0.11116971416752189,-0.00020755382584644076,0.21286025643348694,0.021205248311161995,0.003550719236955044,0.21316942505036188,0.021321340585160463,0.0027867873838832804
26.310000000001313,1.4257197380065918,0.21960237622261047,3.8595778942108154,0.0453019007484906,1.1878797723923902,-0.18491882813733548,-0.028444329087890838,0.11213372433741946,-0.0001657313183160594,0.20674684643745422,0.022752808406949043,0.0022951783612370465,0.2069323254253141,0.02280888061357705,0.0016575589653911604
26.320000000001315,1.4257197380065918,0.21960237622261047,3.8595778942108154,0.0453019007484906,1.1878797723923902,-0.18491882813733548,-0.028444329087890838,0.11213372433741946,-0.0001657313183160594,0.20674684643745422,0.022752808406949043,0.0022951783612370465,0.2069323254253141,0.02280888061357705,0.0016575589653911604
26.330000000001316,1.4257197380065918,0.21960237622261047,3.8595778942108154,0.0453019007484906,1.1878797723923902,-0.18491882813733548,-0.028444329087890838,0.11213372433741946,-0.0001657313183160594,0.20674684643745422,0.022752808406949043,0.0022951783612370465,0.2069323254253141,0.02280888061357705,0.0016575589653911604
26.340000000001318,1.427431344985962,0.2671552896499634,3.84903621673584,0.08666569893477882,1.1691767602517942,-0.18875862169093804,-0.02022396608004713,0.11319904503255096,-9.963340271328561e-05,0.20450548827648163,0.02640480361878872,0.0017151779029518333,0.20463973368632363,0.02643408923944578,0.0011884600526113269
26.35000000000132,1.427431344985962,0.2671552896499634,3.84903621673584,0.08666569893477882,1.1691767602517942,-0.18875862169093804,-0.02022396608004713,0.11319904503255096,-9.963340271328561e-05,0.20450548827648163,0.02640480361878872,0.0017151779029518333,0.20463973368632363,0.02643408923944578,0.0011884600526113269
26.36000000000132,1.427431344985962,0.2671552896499634,3.84903621673584,0.08666569893477882,1.1691767602517942,-0.18875862169093804,-0.02022396608004713,0.11319904503255096,-9.963340271328561e-05,0.20450548827648163,0.02640480361878872,0.0017151779029518333,0.20463973368632363,0.02643408923944578,0.0011884600526113269
26.370000000001323,1.427431344985962,0.2671552896499634,3.84903621673584,0.08666569893477882,1.1691767602517942,-0.18875862169093804,-0.02022396608004713,0.11319904503255096,-9.963340271328561e-05,0.20450548827648163,0.02640480361878872,0.0017151779029518333,0.20463973368632363,0.02643408923944578,0.0011884600526113269
26.380000000001324,1.4299671649932861,0.3045996129512787,3.840805768966675,0.11951657441195057,1.1527141676550605,-0.18728962594484888,-0.016993791253298775,0.11360336375323683,-5.556087836392656e-05,0.20088940858840942,0.02436276525259018,0.004098919685930011,0.20130977101724237,0.024428900321557624,0.003708235024306876
26.390000000001326,1.4299671649932861,0.3045996129512787,3.840805768966675,0.11951657441195057,1.1527141676550605,-0.18728962594484888,-0.016993791253298775,0.11360336375323683,-5.556087836392656e-05,0.20088940858840942,0.02436276525259018,0.004098919685930011,0.20130977101724237,0.024428900321557624,0.003708235024306876
26.400000000001327,1.4299671649932861,0.3045996129512787,3.840805768966675,0.11951657441195057,1.1527141676550605,-0.18728962594484888,-0.016993791253298775,0.11360336375323683,-5.556087836392656e-05,0.20088940858840942,0.02436276525259018,0.004098919685930011,0.20130977101724237,0.024428900321557624,0.003708235024306876
26.41000000000133,1.433606505393982,0.33687731623649597,3.8329031467437744,0.14825279956678156,1.1359509857069987,-0.19218467947232978,-0.008311759609782575,0.11472796748994887,-2.4590697928627492e-05,0.19085323810577393,0.023469556123018265,0.0005317300092428893,0.19089203054668627,0.0234731649875876,0.0003388683124716516
26.42000000000133,1.433606505393982,0.33687731623649597,3.8329031467437744,0.14825279956678156,1.1359509857069987,-0.19218467947232978,-0.008311759609782575,0.11472796748994887,-2.4590697928627492e-05,0.19085323810577393,0.023469556123018265,0.0005317300092428893,0.19089203054668627,0.0234731649875876,0.0003388683124716516
26.430000000001332,1.433606505393982,0.33687731623649597,3.8329031467437744,0.14825279956678156,1.1359509857069987,-0.19218467947232978,-0.008311759609782575,0.11472796748994887,-2.4590697928627492e-05,0.19085323810577393,0.023469556123018265,0.0005317300092428893,0.19089203054668627,0.0234731649875876,0.0003388683124716516
26.440000000001334,1.433606505393982,0.33687731623649597,3.8329031467437744,0.14825279956678156,1.1359509857069987,-0.19218467947232978,-0.008311759609782575,0.11472796748994887,-2.4590697928627492e-05,0.19085323810577393,0.023469556123018265,0.0005317300092428893,0.19089203054668627,0.0234731649875876,0.0003388683124716516
26.450000000001335,1.4400655031204224,0.38215672969818115,3.822134256362915,0.1899143339285049,1.1106246305183518,-0.19300292243016073,-0.0006026628695427472,0.11586590180380539,-4.677410056985062e-05,0.19226470589637756,0.026817331090569496,0.0009450094075873462,0.19237281184547747,0.026817895742555182,0.0009351173398699015
26.460000000001337,1.4400655031204224,0.38215672969818115,3.822134256362915,0.1899143339285049,1.1106246305183518,-0.19300292243016073,-0.0006026628695427472,0.11586590180380539,-4.677410056985062e-05,0.19226470589637756,0.026817331090569496,0.0009450094075873462,0.19237281184547747,0.026817895742555182,0.0009351173398699015
26.47000000000134,1.4400655031204224,0.38215672969818115,3.822134256362915,0.1899143339285049,1.1106246305183518,-0.19300292243016073,-0.0006026628695427472,0.11586590180380539,-4.677410056985062e-05,0.19226470589637756,0.026817331090569496,0.0009450094075873462,0.19237281184547747,0.026817895742555182,0.0009351173398699015
26.48000000000134,1.4463202953338623,0.41763201355934143,3.8138225078582764,0.22240603374498763,1.088478762190814,-0.19080622897283292,0.003276116138891144,0.11640368990012503,-3.734084137605401e-05,0.19435147941112518,0.02717205509543419,0.001448451308533546,0.19453125840787122,0.027167163991367666,0.0015479374846261193
26.49000000000134,1.4463202953338623,0.41763201355934143,3.8138225078582764,0.22240603374498763,1.088478762190814,-0.19080622897283292,0.003276116138891144,0.11640368990012503,-3.734084137605401e-05,0.19435147941112518,0.02717205509543419,0.001448451308533546,0.19453125840787122,0.027167163991367666,0.0015479374846261193
26.500000000001343,1.4463202953338623,0.41763201355934143,3.8138225078582764,0.22240603374498763,1.088478762190814,-0.19080622897283292,0.003276116138891144,0.11640368990012503,-3.734084137605401e-05,0.19435147941112518,0.02717205509543419,0.001448451308533546,0.19453125840787122,0.027167163991367666,0.0015479374846261193
26.510000000001344,1.452658772468567,0.44811880588531494,3.806593894958496,0.2511275572695697,1.067029945274667,-0.19312985660161044,0.011061610633936986,0.11733281798700862,-1.4509906832896424e-05,0.1939123421907425,0.021324463188648224,-0.0003797066747210946,0.1938953912449021,0.0213273586612414,-0.00014480093983593404
26.520000000001346,1.452658772468567,0.44811880588531494,3.806593894958496,0.2511275572695697,1.067029945274667,-0.19312985660161044,0.011061610633936986,0.11733281798700862,-1.4509906832896424e-05,0.1939123421907425,0.021324463188648224,-0.0003797066747210946,0.1938953912449021,0.0213273586612414,-0.00014480093983593404
26.530000000001348,1.452658772468567,0.44811880588531494,3.806593894958496,0.2511275572695697,1.067029945274667,-0.19312985660161044,0.011061610633936986,0.11733281798700862,-1.4509906832896424e-05,0.1939123421907425,0.021324463188648224,-0.0003797066747210946,0.1938953912449021,0.0213273586612414,-0.00014480093983593404
26.54000000000135,1.452658772468567,0.44811880588531494,3.806593894958496,0.2511275572695697,1.067029945274667,-0.19312985660161044,0.011061610633936986,0.11733281798700862,-1.4509906832896424e-05,0.1939123421907425,0.021324463188648224,-0.0003797066747210946,0.1938953912449021,0.0213273586612414,-0.00014480093983593404
26.55000000000135,1.4630202054977417,0.49061477184295654,3.7965927124023438,0.29237881689599776,1.034637226079776,-0.19175167009170638,0.018650295485938627,0.11811287704051047,-7.289642644575372e-06,0.18784694373607635,0.017380541190505028,0.0012629783013835528,0.18803525261933882,0.01735396495769138,0.0015980258906985515
26.560000000001352,1.4630202054977417,0.49061477184295654,3.7965927124023438,0.29237881689599776,1.034637226079776,-0.19175167009170638,0.018650295485938627,0.11811287704051047,-7.289642644575372e-06,0.18784694373607635,0.017380541190505028,0.0012629783013835528,0.18803525261933882,0.01735396495769138,0.0015980258906985515
26.570000000001354,1.4630202054977417,0.49061477184295654,3.7965927124023438,0.29237881689599776,1.034637226079776,-0.19175167009170638,0.018650295485938627,0.11811287704051047,-7.289642644575372e-06,0.18784694373607635,0.017380541190505028,0.0012629783013835528,0.18803525261933882,0.01735396495769138,0.0015980258906985515
26.580000000001355,1.4724234342575073,0.5236515998840332,3.7889490127563477,0.3245585150244303,1.0080469847299407,-0.18878695691420355,0.022375353674879004,0.11850299155656424,-1.6256532931605935e-05,0.1865563541650772,0.020128652453422546,-0.001044732169248166,0.18648561744141295,0.020146988195034965,-0.0005983186854280033
26.590000000001357,1.4724234342575073,0.5236515998840332,3.7889490127563477,0.3245585150244303,1.0080469847299407,-0.18878695691420355,0.022375353674879004,0.11850299155656424,-1.6256532931605935e-05,0.1865563541650772,0.020128652453422546,-0.001044732169248166,0.18648561744141295,0.020146988195034965,-0.0005983186854280033
26.60000000000136,1.4724234342575073,0.5236515998840332,3.7889490127563477,0.3245585150244303,1.0080469847299407,-0.18878695691420355,0.022375353674879004,0.11850299155656424,-1.6256532931605935e-05,0.1865563541650772,0.020128652453422546,-0.001044732169248166,0.18648561744141295,0.020146988195034965,-0.0005983186854280033
26.61000000000136,1.481484293937683,0.5518667101860046,3.782078742980957,0.3526470462084014,0.9824301886372984,-0.1900444675166825,0.02977405997397869,0.11914742358582861,-5.0647008202452936e-05,0.18320350348949432,0.01662023924291134,0.000748537597246466,0.18335230672649716,0.016590589199982565,0.0012518599869259035
26.62000000000136,1.481484293937683,0.5518667101860046,3.782078742980957,0.3526470462084014,0.9824301886372984,-0.1900444675166825,0.02977405997397869,0.11914742358582861,-5.0647008202452936e-05,0.18320350348949432,0.01662023924291134,0.000748537597246466,0.18335230672649716,0.016590589199982565,0.0012518599869259035
26.630000000001363,1.481484293937683,0.5518667101860046,3.782078742980957,0.3526470462084014,0.9824301886372984,-0.1900444675166825,0.02977405997397869,0.11914742358582861,-5.0647008202452936e-05,0.18320350348949432,0.01662023924291134,0.000748537597246466,0.18335230672649716,0.016590589199982565,0.0012518599869259035
26.640000000001365,1.481484293937683,0.5518667101860046,3.782078742980957,0.3526470462084014,0.9824301886372984,-0.1900444675166825,0.02977405997397869,0.11914742358582861,-5.0647008202452936e-05,0.18320350348949432,0.01662023924291134,0.000748537597246466,0.18335230672649716,0.016590589199982565,0.0012518599869259035
26.650000000001366,1.4957107305526733,0.5909155011177063,3.7726943492889404,0.3923555416728037,0.943880429022599,-0.1879494791972715,0.036979613859722905,0.11962826489685476,-3.299809414800026e-05,0.18006861209869385,0.01021561212837696,-0.001513344584964217,0.17993222746170756,0.010264578185661883,-0.0011427941327829295
26.660000000001368,1.4957107305526733,0.5909155011177063,3.7726943492889404,0.3923555416728037,0.943880429022599,-0.1879494791972715,0.036979613859722905,0.11962826489685476,-3.299809414800026e-05,0.18006861209869385,0.01021561212837696,-0.001513344584964217,0.17993222746170756,0.010264578185661883,-0.0011427941327829295
26.67000000000137,1.4957107305526733,0.5909155011177063,3.7726943492889404,0.3923555416728037,0.943880429022599,-0.1879494791972715,0.036979613859722905,0.11962826489685476,-3.299809414800026e-05,0.18006861209869385,0.01021561212837696,-0.001513344584964217,0.17993222746170756,0.010264578185661883,-0.0011427941327829295
26.68000000000137,1.508212924003601,0.6210348606109619,3.7653794288635254,0.4241912654437959,0.9124088831586897,-0.18369647684986296,0.040555045399681106,0.11985468414168265,-7.696444869260646e-05,0.178029865026474,0.011447342112660408,-0.00101723149418831,0.17796335351059012,0.011479172175946623,-0.0005562654885709899
26.690000000001373,1.508212924003601,0.6210348606109619,3.7653794288635254,0.4241912654437959,0.9124088831586897,-0.18369647684986296,0.040555045399681106,0.11985468414168265,-7.696444869260646e-05,0.178029865026474,0.011447342112660408,-0.00101723149418831,0.17796335351059012,0.011479172175946623,-0.0005562654885709899
26.700000000001374,1.508212924003601,0.6210348606109619,3.7653794288635254,0.4241912654437959,0.9124088831586897,-0.18369647684986296,0.040555045399681106,0.11985468414168265,-7.696444869260646e-05,0.178029865026474,0.011447342112660408,-0.00101723149418831,0.17796335351059012,0.011479172175946623,-0.0005562654885709899
26.710000000001376,1.5199774503707886,0.6465674638748169,3.7589914798736572,0.4516870202117132,0.8831487625581331,-0.18249988072703283,0.04755403292754291,0.1203515739685089,-4.660179436881523e-05,0.17180955410003662,0.014039400033652782,0.00036291952710598534,0.1719341046435508,0.014006276989965476,0.0010373917323451098
26.720000000001377,1.5199774503707886,0.6465674638748169,3.7589914798736572,0.4516870202117132,0.8831487625581331,-0.18249988072703283,0.04755403292754291,0.1203515739685089,-4.660179436881523e-05,0.17180955410003662,0.014039400033652782,0.00036291952710598534,0.1719341046435508,0.014006276989965476,0.0010373917323451098
26.73000000000138,1.5199774503707886,0.6465674638748169,3.7589914798736572,0.4516870202117132,0.8831487625581331,-0.18249988072703283,0.04755403292754291,0.1203515739685089,-4.660179436881523e-05,0.17180955410003662,0.014039400033652782,0.00036291952710598534,0.1719341046435508,0.014006276989965476,0.0010373917323451098
26.74000000000138,1.5199774503707886,0.6465674638748169,3.7589914798736572,0.4516870202117132,0.8831487625581331,-0.18249988072703283,0.04755403292754291,0.1203515739685089,-4.660179436881523e-05,0.17180955410003662,0.014039400033652782,0.00036291952710598534,0.1719341046435508,0.014006276989965476,0.0010373917323451098
26.750000000001382,1.5380985736846924,0.6816091537475586,3.7500381469726562,0.4912006101288861,0.8398593012706436,-0.17760041245510655,0.05420293757788938,0.12088874527184326,-7.435717701539123e-05,0.1631752997636795,0.01350802555680275,-0.0007757234270684437,0.16317010426211068,0.013530213308674769,-4.308240401560968e-05
26.760000000001384,1.5380985736846924,0.6816091537475586,3.7500381469726562,0.4912006101288861,0.8398593012706436,-0.17760041245510655,0.05420293757788938,0.12088874527184326,-7.435717701539123e-05,0.1631752997636795,0.01350802555680275,-0.0007757234270684437,0.16317010426211068,0.013530213308674769,-4.308240401560968e-05
26.770000000001385,1.5380985736846924,0.6816091537475586,3.7500381469726562,0.4912006101288861,0.8398593012706436,-0.17760041245510655,0.05420293757788938,0.12088874527184326,-7.435717701539123e-05,0.1631752997636795,0.01350802555680275,-0.0007757234270684437,0.16317010426211068,0.013530213308674769,-4.308240401560968e-05
26.780000000001387,1.5537168979644775,0.7083914279937744,3.7430195808410645,0.5225736921528633,0.8038940401052307,-0.17177254057486382,0.0574267159558165,0.12110428042874855,-9.018995497794701e-05,0.16090995073318481,0.010273301973938942,-8.540271664970882e-06,0.16098067191061527,0.010256857009100008,0.0005853991491205398
26.79000000000139,1.5537168979644775,0.7083914279937744,3.7430195808410645,0.5225736921528633,0.8038940401052307,-0.17177254057486382,0.0574267159558165,0.12110428042874855,-9.018995497794701e-05,0.16090995073318481,0.010273301973938942,-8.540271664970882e-06,0.16098067191061527,0.010256857009100008,0.0005853991491205398
26.80000000000139,1.5537168979644775,0.7083914279937744,3.7430195808410645,0.5225736921528633,0.8038940401052307,-0.17177254057486382,0.0574267159558165,0.12110428042874855,-9.018995497794701e-05,0.16090995073318481,0.010273301973938942,-8.540271664970882e-06,0.16098067191061527,0.010256857009100008,0.0005853991491205398
26.81000000000139,1.5685997009277344,0.7312105894088745,3.736194372177124,0.549956158115274,0.7712124491747074,-0.16929662651626928,0.06377112149673037,0.12161604150759198,-5.219510288807247e-05,0.1571929156780243,0.012777213007211685,0.0009344536811113342,0.15740641052410564,0.012691690130430363,0.001759817489469235
26.820000000001393,1.5685997009277344,0.7312105894088745,3.736194372177124,0.549956158115274,0.7712124491747074,-0.16929662651626928,0.06377112149673037,0.12161604150759198,-5.219510288807247e-05,0.1571929156780243,0.012777213007211685,0.0009344536811113342,0.15740641052410564,0.012691690130430363,0.001759817489469235
26.830000000001395,1.5685997009277344,0.7312105894088745,3.736194372177124,0.549956158115274,0.7712124491747074,-0.16929662651626928,0.06377112149673037,0.12161604150759198,-5.219510288807247e-05,0.1571929156780243,0.012777213007211685,0.0009344536811113342,0.15740641052410564,0.012691690130430363,0.001759817489469235
26.840000000001396,1.5685997009277344,0.7312105894088745,3.736194372177124,0.549956158115274,0.7712124491747074,-0.16929662651626928,0.06377112149673037,0.12161604150759198,-5.219510288807247e-05,0.1571929156780243,0.012777213007211685,0.0009344536811113342,0.15740641052410564,0.012691690130430363,0.001759817489469235
26.850000000001398,1.5910654067993164,0.7621119022369385,3.726836681365967,0.5881689984038377,0.7231183098620062,-0.16192115136460794,0.069433763606095,0.12186898046207334,-7.272473511657477e-05,0.1533091813325882,0.0063290102407336235,0.0008711241534911089,0.1534693944265307,0.0062533232996718775,0.0013178937223304985
26.8600000000014,1.5910654067993164,0.7621119022369385,3.726836681365967,0.5881689984038377,0.7231183098620062,-0.16192115136460794,0.069433763606095,0.12186898046207334,-7.272473511657477e-05,0.1533091813325882,0.0063290102407336235,0.0008711241534911089,0.1534693944265307,0.0062533232996718775,0.0013178937223304985
26.8700000000014,1.5910654067993164,0.7621119022369385,3.726836681365967,0.5881689984038377,0.7231183098620062,-0.16192115136460794,0.069433763606095,0.12186898046207334,-7.272473511657477e-05,0.1533091813325882,0.0063290102407336235,0.0008711241534911089,0.1534693944265307,0.0062533232996718775,0.0013178937223304985
26.880000000001402,1.6100696325302124,0.7853730320930481,3.719721555709839,0.6182296428665806,0.6837759496461742,-0.15439510052624783,0.0730097207621609,0.12195449768851971,-5.762672172883607e-05,0.1479647159576416,0.0025641219690442085,0.001130712917074561,0.14812585409868886,0.0024748113679951755,0.0013245781842973375
26.890000000001404,1.6100696325302124,0.7853730320930481,3.719721555709839,0.6182296428665806,0.6837759496461742,-0.15439510052624783,0.0730097207621609,0.12195449768851971,-5.762672172883607e-05,0.1479647159576416,0.0025641219690442085,0.001130712917074561,0.14812585409868886,0.0024748113679951755,0.0013245781842973375
26.900000000001405,1.6100696325302124,0.7853730320930481,3.719721555709839,0.6182296428665806,0.6837759496461742,-0.15439510052624783,0.0730097207621609,0.12195449768851971,-5.762672172883607e-05,0.1479647159576416,0.0025641219690442085,0.001130712917074561,0.14812585409868886,0.0024748113679951755,0.0013245781842973375
26.910000000001407,1.6351720094680786,0.8126612305641174,3.711009979248047,0.6558199648811913,0.633117375315813,-0.14543869818831515,0.07873692653003045,0.12206165918607915,-6.774107905899839e-05,0.14116889238357544,0.0018550741951912644,0.0011398269562050698,0.14132618270250005,0.0017596731262847667,0.0012918190634972173
26.92000000000141,1.6351720094680786,0.8126612305641174,3.711009979248047,0.6558199648811913,0.633117375315813,-0.14543869818831515,0.07873692653003045,0.12206165918607915,-6.774107905899839e-05,0.14116889238357544,0.0018550741951912644,0.0011398269562050698,0.14132618270250005,0.0017596731262847667,0.0012918190634972173
26.93000000000141,1.6351720094680786,0.8126612305641174,3.711009979248047,0.6558199648811913,0.633117375315813,-0.14543869818831515,0.07873692653003045,0.12206165918607915,-6.774107905899839e-05,0.14116889238357544,0.0018550741951912644,0.0011398269562050698,0.14132618270250005,0.0017596731262847667,0.0012918190634972173
26.94000000000141,1.6536321640014648,0.8305336833000183,3.705040693283081,0.681750643799009,0.5966936889513552,-0.1394113668279468,0.08432813119262045,0.12214315284199985,-6.225680889288603e-05,0.13769419491291046,0.004477987065911293,0.0001137562503572548,0.13775440891202606,0.004452493006267747,0.0004942068411004311
26.950000000001413,1.6536321640014648,0.8305336833000183,3.705040693283081,0.681750643799009,0.5966936889513552,-0.1394113668279468,0.08432813119262045,0.12214315284199985,-6.225680889288603e-05,0.13769419491291046,0.004477987065911293,0.0001137562503572548,0.13775440891202606,0.004452493006267747,0.0004942068411004311
26.960000000001415,1.6536321640014648,0.8305336833000183,3.705040693283081,0.681750643799009,0.5966936889513552,-0.1394113668279468,0.08432813119262045,0.12214315284199985,-6.225680889288603e-05,0.13769419491291046,0.004477987065911293,0.0001137562503572548,0.13775440891202606,0.004452493006267747,0.0004942068411004311
26.970000000001416,1.6536321640014648,0.8305336833000183,3.705040693283081,0.681750643799009,0.5966936889513552,-0.1394113668279468,0.08432813119262045,0.12214315284199985,-6.225680889288603e-05,0.13769419491291046,0.004477987065911293,0.0001137562503572548,0.13775440891202606,0.004452493006267747,0.0004942068411004311
26.980000000001418,1.6755954027175903,0.8496149778366089,3.698526620864868,0.7113104913958883,0.5545382177903259,-0.12958218074594677,0.08649618708759513,0.12216427045899668,-8.185527834080189e-05,0.1338934600353241,0.0009828568436205385,-0.001586706377565861,0.13370980397396395,0.0011162554509018888,-0.0015070992073735708
26.99000000000142,1.6755954027175903,0.8496149778366089,3.698526620864868,0.7113104913958883,0.5545382177903259,-0.12958218074594677,0.08649618708759513,0.12216427045899668,-8.185527834080189e-05,0.1338934600353241,0.0009828568436205385,-0.001586706377565861,0.13370980397396395,0.0011162554509018888,-0.0015070992073735708
27.00000000000142,1.6755954027175903,0.8496149778366089,3.698526620864868,0.7113104913958883,0.5545382177903259,-0.12958218074594677,0.08649618708759513,0.12216427045899668,-8.185527834080189e-05,0.1338934600353241,0.0009828568436205385,-0.001586706377565861,0.13370980397396395,0.0011162554509018888,-0.0015070992073735708
27.010000000001423,1.6956034898757935,0.8652206063270569,3.692922592163086,0.7369138093089115,0.5170280993340739,-0.1222951280407989,0.09218309161615654,0.12213160941221994,-0.000151913291047657,0.12508529424667358,-0.003782386891543865,-0.0015914465766400094,0.12484804919539122,-0.003619830653708029,-0.001947373630420146
27.020000000001424,1.6956034898757935,0.8652206063270569,3.692922592163086,0.7369138093089115,0.5170280993340739,-0.1222951280407989,0.09218309161615654,0.12213160941221994,-0.000151913291047657,0.12508529424667358,-0.003782386891543865,-0.0015914465766400094,0.12484804919539122,-0.003619830653708029,-0.001947373630420146
27.030000000001426,1.6956034898757935,0.8652206063270569,3.692922592163086,0.7369138093089115,0.5170280993340739,-0.1222951280407989,0.09218309161615654,0.12213160941221994,-0.000151913291047657,0.12508529424667358,-0.003782386891543865,-0.0015914465766400094,0.12484804919539122,-0.003619830653708029,-0.001947373630420146
27.040000000001427,1.7253831624984741,0.8855957984924316,3.6852519512176514,0.7729370973846332,0.46159975207171866,-0.11097504273845177,0.09723179065926081,0.12209060433190437,-0.0001517185886402082,0.12408383190631866,-0.0015350027242675424,-0.0005800556973554192,0.12399471034237958,-0.0014714414363284727,-0.000731779152584856
27.05000000000143,1.7253831624984741,0.8855957984924316,3.6852519512176514,0.7729370973846332,0.46159975207171866,-0.11097504273845177,0.09723179065926081,0.12209060433190437,-0.0001517185886402082,0.12408383190631866,-0.0015350027242675424,-0.0005800556973554192,0.12399471034237958,-0.0014714414363284727,-0.000731779152584856
27.06000000000143,1.7253831624984741,0.8855957984924316,3.6852519512176514,0.7729370973846332,0.46159975207171866,-0.11097504273845177,0.09723179065926081,0.12209060433190437,-0.0001517185886402082,0.12408383190631866,-0.0015350027242675424,-0.0005800556973554192,0.12399471034237958,-0.0014714414363284727,-0.000731779152584856
27.070000000001432,1.7253831624984741,0.8855957984924316,3.6852519512176514,0.7729370973846332,0.46159975207171866,-0.11097504273845177,0.09723179065926081,0.12209060433190437,-0.0001517185886402082,0.12408383190631866,-0.0015350027242675424,-0.0005800556973554192,0.12399471034237958,-0.0014714414363284727,-0.000731779152584856
27.080000000001434,1.7502018213272095,0.9002268314361572,3.6793882846832275,0.8008731564634229,0.41704850382507724,-0.10143494912931174,0.0996248161911152,0.12200872443890742,-0.00016554560143268178,0.11857963353395462,-0.004506024066358805,0.00027883975417353267,0.11855870115343731,-0.004511414606296807,-0.0001719910165044489
27.090000000001435,1.7502018213272095,0.9002268314361572,3.6793882846832275,0.8008731564634229,0.41704850382507724,-0.10143494912931174,0.0996248161911152,0.12200872443890742,-0.00016554560143268178,0.11857963353395462,-0.004506024066358805,0.00027883975417353267,0.11855870115343731,-0.004511414606296807,-0.0001719910165044489
27.100000000001437,1.7502018213272095,0.9002268314361572,3.6793882846832275,0.8008731564634229,0.41704850382507724,-0.10143494912931174,0.0996248161911152,0.12200872443890742,-0.00016554560143268178,0.11857963353395462,-0.004506024066358805,0.00027883975417353267,0.11855870115343731,-0.004511414606296807,-0.0001719910165044489
27.11000000000144,1.7726554870605469,0.9118587374687195,3.6741983890533447,0.8258931761306454,0.3772870281438294,-0.09428872266422308,0.10400178341099504,0.12166825897133685,-0.0002633988998288921,0.10465759038925171,-0.009982507675886154,-0.0008006518473848689,0.10443350780122701,-0.009845449878107879,-0.0018463024085366283
27.12000000000144,1.7726554870605469,0.9118587374687195,3.6741983890533447,0.8258931761306454,0.3772870281438294,-0.09428872266422308,0.10400178341099504,0.12166825897133685,-0.0002633988998288921,0.10465759038925171,-0.009982507675886154,-0.0008006518473848689,0.10443350780122701,-0.009845449878107879,-0.0018463024085366283
27.13000000000144,1.7726554870605469,0.9118587374687195,3.6741983890533447,0.8258931761306454,0.3772870281438294,-0.09428872266422308,0.10400178341099504,0.12166825897133685,-0.0002633988998288921,0.10465759038925171,-0.009982507675886154,-0.0008006518473848689,0.10443350780122701,-0.009845449878107879,-0.0018463024085366283
27.140000000001443,1.7726554870605469,0.9118587374687195,3.6741983890533447,0.8258931761306454,0.3772870281438294,-0.09428872266422308,0.10400178341099504,0.12166825897133685,-0.0002633988998288921,0.10465759038925171,-0.009982507675886154,-0.0008006518473848689,0.10443350780122701,-0.009845449878107879,-0.0018463024085366283
27.150000000001445,1.805915117263794,0.9264419674873352,3.667058229446411,0.8603749480976627,0.3188124639460977,-0.08143206795082672,0.1075009016086055,0.12142404092142789,-0.0002731605395407553,0.09661714732646942,-0.006373900454491377,5.7945173466578905e-05,0.09654072710099453,-0.0063433232654608596,-0.0006309157214858821
27.160000000001446,1.805915117263794,0.9264419674873352,3.667058229446411,0.8603749480976627,0.3188124639460977,-0.08143206795082672,0.1075009016086055,0.12142404092142789,-0.0002731605395407553,0.09661714732646942,-0.006373900454491377,5.7945173466578905e-05,0.09654072710099453,-0.0063433232654608596,-0.0006309157214858821
27.170000000001448,1.805915117263794,0.9264419674873352,3.667058229446411,0.8603749480976627,0.3188124639460977,-0.08143206795082672,0.1075009016086055,0.12142404092142789,-0.0002731605395407553,0.09661714732646942,-0.006373900454491377,5.7945173466578905e-05,0.09654072710099453,-0.0063433232654608596,-0.0006309157214858821
27.18000000000145,1.8335024118423462,0.936380922794342,3.661402702331543,0.8877850421787161,0.2720638283311219,-0.07080072199762028,0.10973444669395603,0.12136015196244557,-0.00025128391747106243,0.09268959611654282,-0.002522373339161277,0.0015487794298678639,0.09284365873519099,-0.0026768153760381567,0.001272587803479139
27.19000000000145,1.8335024118423462,0.936380922794342,3.661402702331543,0.8877850421787161,0.2720638283311219,-0.07080072199762028,0.10973444669395603,0.12136015196244557,-0.00025128391747106243,0.09268959611654282,-0.002522373339161277,0.0015487794298678639,0.09284365873519099,-0.0026768153760381567,0.001272587803479139
27.200000000001452,1.8335024118423462,0.936380922794342,3.661402702331543,0.8877850421787161,0.2720638283311219,-0.07080072199762028,0.10973444669395603,0.12136015196244557,-0.00025128391747106243,0.09268959611654282,-0.002522373339161277,0.0015487794298678639,0.09284365873519099,-0.0026768153760381567,0.001272587803479139
27.210000000001454,1.8590047359466553,0.9430093765258789,3.6548666954040527,0.9123620540890196,0.23016873933980872,-0.06282664883259065,0.11295444833303338,0.12104750944099588,-0.00027701959053130483,0.07162562012672424,-0.009317733347415924,-0.00018890004139393454,0.07147503448027448,-0.009237063646565768,-0.00124706422665201
27.220000000001455,1.8590047359466553,0.9430093765258789,3.6548666954040527,0.9123620540890196,0.23016873933980872,-0.06282664883259065,0.11295444833303338,0.12104750944099588,-0.00027701959053130483,0.07162562012672424,-0.009317733347415924,-0.00018890004139393454,0.07147503448027448,-0.009237063646565768,-0.00124706422665201
27.230000000001457,1.8590047359466553,0.9430093765258789,3.6548666954040527,0.9123620540890196,0.23016873933980872,-0.06282664883259065,0.11295444833303338,0.12104750944099588,-0.00027701959053130483,0.07162562012672424,-0.009317733347415924,-0.00018890004139393454,0.07147503448027448,-0.009237063646565768,-0.00124706422665201
27.24000000000146,1.8590047359466553,0.9430093765258789,3.6548666954040527,0.9123620540890196,0.23016873933980872,-0.06282664883259065,0.11295444833303338,0.12104750944099588,-0.00027701959053130483,0.07162562012672424,-0.009317733347415924,-0.00018890004139393454,0.07147503448027448,-0.009237063646565768,-0.00124706422665201
27.25000000000146,1.8964680433273315,0.9505402445793152,3.6462109088897705,0.9469859381097364,0.1705386961344991,-0.04871202011396976,0.11566537485862016,0.12076342403500089,-0.0003733289872085872,0.06672560423612595,-0.00927684735506773,-0.0013841826003044833,0.06642882677770864,-0.009055116203064517,-0.002463494617212686
27.26000000000146,1.8964680433273315,0.9505402445793152,3.6462109088897705,0.9469859381097364,0.1705386961344991,-0.04871202011396976,0.11566537485862016,0.12076342403500089,-0.0003733289872085872,0.06672560423612595,-0.00927684735506773,-0.0013841826003044833,0.06642882677770864,-0.009055116203064517,-0.002463494617212686
27.270000000001463,1.8964680433273315,0.9505402445793152,3.6462109088897705,0.9469859381097364,0.1705386961344991,-0.04871202011396976,0.11566537485862016,0.12076342403500089,-0.0003733289872085872,0.06672560423612595,-0.00927684735506773,-0.0013841826003044833,0.06642882677770864,-0.009055116203064517,-0.002463494617212686
27.280000000001465,1.927325963973999,0.9548949599266052,3.6398117542266846,0.9730108474194524,0.12321040849891099,-0.03524197144195293,0.11688893740878245,0.12052417133710588,-0.0004257888269998069,0.06060267239809036,-0.012799008749425411,-5.137104017194204e-05,0.06041571569099356,-0.012705680636337894,-0.0015549586262512797
27.290000000001466,1.927325963973999,0.9548949599266052,3.6398117542266846,0.9730108474194524,0.12321040849891099,-0.03524197144195293,0.11688893740878245,0.12052417133710588,-0.0004257888269998069,0.06060267239809036,-0.012799008749425411,-5.137104017194204e-05,0.06041571569099356,-0.012705680636337894,-0.0015549586262512797
27.300000000001468,1.927325963973999,0.9548949599266052,3.6398117542266846,0.9730108474194524,0.12321040849891099,-0.03524197144195293,0.11688893740878245,0.12052417133710588,-0.0004257888269998069,0.06060267239809036,-0.012799008749425411,-5.137104017194204e-05,0.06041571569099356,-0.012705680636337894,-0.0015549586262512797
27.31000000000147,1.9550280570983887,0.9574024081230164,3.634248733520508,0.9964067071140726,0.08146465650062236,-0.023843090977006362,0.11899825974304735,0.11965544098620638,-0.0005632956874713251,0.04825391247868538,-0.02263842523097992,0.0005808678688481478,0.04800012907747102,-0.022547286851857147,-0.0021260211792289174
27.32000000000147,1.9550280570983887,0.9574024081230164,3.634248733520508,0.9964067071140726,0.08146465650062236,-0.023843090977006362,0.11899825974304735,0.11965544098620638,-0.0005632956874713251,0.04825391247868538,-0.02263842523097992,0.0005808678688481478,0.04800012907747102,-0.022547286851857147,-0.0021260211792289174
27.330000000001473,1.9550280570983887,0.9574024081230164,3.634248733520508,0.9964067071140726,0.08146465650062236,-0.023843090977006362,0.11899825974304735,0.11965544098620638,-0.0005632956874713251,0.04825391247868538,-0.02263842523097992,0.0005808678688481478,0.04800012907747102,-0.022547286851857147,-0.0021260211792289174
27.340000000001474,1.9550280570983887,0.9574024081230164,3.634248733520508,0.9964067071140726,0.08146465650062236,-0.023843090977006362,0.11899825974304735,0.11965544098620638,-0.0005632956874713251,0.04825391247868538,-0.02263842523097992,0.0005808678688481478,0.04800012907747102,-0.022547286851857147,-0.0021260211792289174
27.350000000001476,1.9956506490707397,0.9590268135070801,3.6268575191497803,1.0288243172522598,0.02247791690082361,-0.006544811106405521,0.12040947834671603,0.11886665718001733,-0.00063122010925034,0.03573176637291908,-0.022052036598324776,0.002179357688874009,0.03567380900047997,-0.022154151236210024,-0.0004887331890339757
27.360000000001477,1.9956506490707397,0.9590268135070801,3.6268575191497803,1.0288243172522598,0.02247791690082361,-0.006544811106405521,0.12040947834671603,0.11886665718001733,-0.00063122010925034,0.03573176637291908,-0.022052036598324776,0.002179357688874009,0.03567380900047997,-0.022154151236210024,-0.0004887331890339757
27.37000000000148,1.9956506490707397,0.9590268135070801,3.6268575191497803,1.0288243172522598,0.02247791690082361,-0.006544811106405521,0.12040947834671603,0.11886665718001733,-0.00063122010925034,0.03573176637291908,-0.022052036598324776,0.002179357688874009,0.03567380900047997,-0.022154151236210024,-0.0004887331890339757
27.38000000000148,2.0375171303749084,0.9583016037940979,3.619973659515381,1.0606462581988991,-0.03615368027675828,0.009823048847699495,0.1211943355487202,0.11834117758969466,-0.0006366238682988983,0.03245261311531067,-0.021804597228765488,0.0030298377387225654,0.03249678139721567,-0.022010960369018544,0.0003741009252812321
27.390000000001482,2.0375171303749084,0.9583016037940979,3.619973659515381,1.0606462581988991,-0.03615368027675828,0.009823048847699495,0.1211943355487202,0.11834117758969466,-0.0006366238682988983,0.03245261311531067,-0.021804597228765488,0.0030298377387225654,0.03249678139721567,-0.022010960369018544,0.0003741009252812321
27.400000000001484,2.0375171303749084,0.9583016037940979,3.619973659515381,1.0606462581988991,-0.03615368027675828,0.009823048847699495,0.1211943355487202,0.11834117758969466,-0.0006366238682988983,0.03245261311531067,-0.021804597228765488,0.0030298377387225654,0.03249678139721567,-0.022010960369018544,0.0003741009252812321
27.410000000001485,2.0589085817337036,0.957056999206543,3.6166393756866455,1.0767108088863984,-0.06577095022051228,0.01651821651202351,0.12229194901988458,0.11730162839434756,-0.0006757685496456502,0.028372369706630707,-0.030511997640132904,0.00394126866012812,0.028394731042449613,-0.030764908440108565,0.00019106895053851318
27.420000000001487,2.0589085817337036,0.957056999206543,3.6166393756866455,1.0767108088863984,-0.06577095022051228,0.01651821651202351,0.12229194901988458,0.11730162839434756,-0.0006757685496456502,0.028372369706630707,-0.030511997640132904,0.00394126866012812,0.028394731042449613,-0.030764908440108565,0.00019106895053851318
27.43000000000149,2.0589085817337036,0.957056999206543,3.6166393756866455,1.0767108088863984,-0.06577095022051228,0.01651821651202351,0.12229194901988458,0.11730162839434756,-0.0006757685496456502,0.028372369706630707,-0.030511997640132904,0.00394126866012812,0.028394731042449613,-0.030764908440108565,0.00019106895053851318
27.44000000000149,2.0589085817337036,0.957056999206543,3.6166393756866455,1.0767108088863984,-0.06577095022051228,0.01651821651202351,0.12229194901988458,0.11730162839434756,-0.0006757685496456502,0.028372369706630707,-0.030511997640132904,0.00394126866012812,0.028394731042449613,-0.030764908440108565,0.00019106895053851318
27.45000000000149,2.1025938391685486,0.9527307748794556,3.610323190689087,1.1065765986244251,-0.1237394056535558,0.030382316524663056,0.12325828431662787,0.11573199901208434,-0.0008454741971314083,0.015240734443068504,-0.03617735207080841,-0.0007036137394607023,0.01464248669610366,-0.03581637892989766,-0.005180808418221494
27.460000000001493,2.1025938391685486,0.9527307748794556,3.610323190689087,1.1065765986244251,-0.1237394056535558,0.030382316524663056,0.12325828431662787,0.11573199901208434,-0.0008454741971314083,0.015240734443068504,-0.03617735207080841,-0.0007036137394607023,0.01464248669610366,-0.03581637892989766,-0.005180808418221494
27.470000000001495,2.1025938391685486,0.9527307748794556,3.610323190689087,1.1065765986244251,-0.1237394056535558,0.030382316524663056,0.12325828431662787,0.11573199901208434,-0.0008454741971314083,0.015240734443068504,-0.03617735207080841,-0.0007036137394607023,0.01464248669610366,-0.03581637892989766,-0.005180808418221494
27.480000000001496,2.138334274291992,0.9475817084312439,3.6055424213409424,1.1295252910448188,-0.1704249266816575,0.04158681958872741,0.12359229991884332,0.1150543249155887,-0.0008991786243888471,0.015619082376360893,-0.03472932428121567,0.0026935602072626396,0.015433214611144809,-0.034796471978464576,-0.0016190479603952954
27.490000000001498,2.138334274291992,0.9475817084312439,3.6055424213409424,1.1295252910448188,-0.1704249266816575,0.04158681958872741,0.12359229991884332,0.1150543249155887,-0.0008991786243888471,0.015619082376360893,-0.03472932428121567,0.0026935602072626396,0.015433214611144809,-0.034796471978464576,-0.0016190479603952954
27.5000000000015,2.138334274291992,0.9475817084312439,3.6055424213409424,1.1295252910448188,-0.1704249266816575,0.04158681958872741,0.12359229991884332,0.1150543249155887,-0.0008991786243888471,0.015619082376360893,-0.03472932428121567,0.0026935602072626396,0.015433214611144809,-0.034796471978464576,-0.0016190479603952954
27.5100000000015,2.170196533203125,0.9417967200279236,3.601440668106079,1.149252771291047,-0.21071033316050514,0.05154478064955531,0.124137292842993,0.11377711272549576,-0.0010064504055383773,0.011297649703919888,-0.02945854887366295,0.002978502074256543,0.011218581575347495,-0.02960065537909225,-0.0006964404105966498
27.520000000001502,2.170196533203125,0.9417967200279236,3.601440668106079,1.149252771291047,-0.21071033316050514,0.05154478064955531,0.124137292842993,0.11377711272549576,-0.0010064504055383773,0.011297649703919888,-0.02945854887366295,0.002978502074256543,0.011218581575347495,-0.02960065537909225,-0.0006964404105966498
27.530000000001504,2.170196533203125,0.9417967200279236,3.601440668106079,1.149252771291047,-0.21071033316050514,0.05154478064955531,0.124137292842993,0.11377711272549576,-0.0010064504055383773,0.011297649703919888,-0.02945854887366295,0.002978502074256543,0.011218581575347495,-0.02960065537909225,-0.0006964404105966498
27.540000000001505,2.170196533203125,0.9417967200279236,3.601440668106079,1.149252771291047,-0.21071033316050514,0.05154478064955531,0.124137292842993,0.11377711272549576,-0.0010064504055383773,0.011297649703919888,-0.02945854887366295,0.002978502074256543,0.011218581575347495,-0.02960065537909225,-0.0006964404105966498
27.550000000001507,2.21665495634079,0.9316170811653137,3.595885753631592,1.1769826385172748,-0.2681211641224634,0.06587194531315219,0.12436957653475289,0.11276161000104383,-0.0010330830307491512,0.0006954714190214872,-0.02287515625357628,0.0013757107080891757,0.0005287157941928177,-0.02286912591891893,-0.0014819719028791646
27.56000000000151,2.21665495634079,0.9316170811653137,3.595885753631592,1.1769826385172748,-0.2681211641224634,0.06587194531315219,0.12436957653475289,0.11276161000104383,-0.0010330830307491512,0.0006954714190214872,-0.02287515625357628,0.0013757107080891757,0.0005287157941928177,-0.02286912591891893,-0.0014819719028791646
27.57000000000151,2.21665495634079,0.9316170811653137,3.595885753631592,1.1769826385172748,-0.2681211641224634,0.06587194531315219,0.12436957653475289,0.11276161000104383,-0.0010330830307491512,0.0006954714190214872,-0.02287515625357628,0.0013757107080891757,0.0005287157941928177,-0.02286912591891893,-0.0014819719028791646
27.58000000000151,2.254604756832123,0.9218048453330994,3.591765880584717,1.1992724210260581,-0.3137194289286004,0.07756767307497167,0.12429700066905727,0.11231585911956146,-0.0011098196074258236,-0.004513570573180914,-0.022201115265488625,-0.001039243070408699,-0.004940331304378735,-0.02190099274368685,-0.0038076484545678376
27.590000000001513,2.254604756832123,0.9218048453330994,3.591765880584717,1.1992724210260581,-0.3137194289286004,0.07756767307497167,0.12429700066905727,0.11231585911956146,-0.0011098196074258236,-0.004513570573180914,-0.022201115265488625,-0.001039243070408699,-0.004940331304378735,-0.02190099274368685,-0.0038076484545678376
27.600000000001515,2.254604756832123,0.9218048453330994,3.591765880584717,1.1992724210260581,-0.3137194289286004,0.07756767307497167,0.12429700066905727,0.11231585911956146,-0.0011098196074258236,-0.004513570573180914,-0.022201115265488625,-0.001039243070408699,-0.004940331304378735,-0.02190099274368685,-0.0038076484545678376
27.610000000001516,2.2884889245033264,0.912260115146637,3.5860140323638916,1.2185298055408922,-0.3527333025949313,0.08559588611256803,0.12403457577211877,0.11147190366198534,-0.0010782296960995521,-0.010997582226991653,-0.02424643561244011,0.0045854323543608215,-0.01082402400017091,-0.02462745898286016,0.0015601975164255427
27.620000000001518,2.2884889245033264,0.912260115146637,3.5860140323638916,1.2185298055408922,-0.3527333025949313,0.08559588611256803,0.12403457577211877,0.11147190366198534,-0.0010782296960995521,-0.010997582226991653,-0.02424643561244011,0.0045854323543608215,-0.01082402400017091,-0.02462745898286016,0.0015601975164255427
27.63000000000152,2.2884889245033264,0.912260115146637,3.5860140323638916,1.2185298055408922,-0.3527333025949313,0.08559588611256803,0.12403457577211877,0.11147190366198534,-0.0010782296960995521,-0.010997582226991653,-0.02424643561244011,0.0045854323543608215,-0.01082402400017091,-0.02462745898286016,0.0015601975164255427
27.64000000000152,2.2884889245033264,0.912260115146637,3.5860140323638916,1.2185298055408922,-0.3527333025949313,0.08559588611256803,0.12403457577211877,0.11147190366198534,-0.0010782296960995521,-0.010997582226991653,-0.02424643561244011,0.0045854323543608215,-0.01082402400017091,-0.02462745898286016,0.0015601975164255427
27.650000000001523,2.3377634286880493,0.8967003226280212,3.5786402225494385,1.2441783702906173,-0.407606125217994,0.09781954163678093,0.12310151095628018,0.11044938703964424,-0.001118468903322326,-0.024067170917987823,-0.022000838071107864,0.0011710341786965754,-0.02423788358186582,-0.021978140589787993,-0.0015487659306384835
27.660000000001524,2.3377634286880493,0.8967003226280212,3.5786402225494385,1.2441783702906173,-0.407606125217994,0.09781954163678093,0.12310151095628018,0.11044938703964424,-0.001118468903322326,-0.024067170917987823,-0.022000838071107864,0.0011710341786965754,-0.02423788358186582,-0.021978140589787993,-0.0015487659306384835
27.670000000001526,2.3377634286880493,0.8967003226280212,3.5786402225494385,1.2441783702906173,-0.407606125217994,0.09781954163678093,0.12310151095628018,0.11044938703964424,-0.001118468903322326,-0.024067170917987823,-0.022000838071107864,0.0011710341786965754,-0.02423788358186582,-0.021978140589787993,-0.0015487659306384835
27.680000000001527,2.377900719642639,0.8826552629470825,3.5732533931732178,1.265081230846217,-0.4508681136875993,0.11015625057729457,0.12259971279859988,0.10993428621825065,-0.0011320327101894015,-0.025244034826755524,-0.02534356527030468,0.0015671317232772738,-0.025414456845142243,-0.02534498704206582,-0.0015533441183981035
27.69000000000153,2.377900719642639,0.8826552629470825,3.5732533931732178,1.265081230846217,-0.4508681136875993,0.11015625057729457,0.12259971279859988,0.10993428621825065,-0.0011320327101894015,-0.025244034826755524,-0.02534356527030468,0.0015671317232772738,-0.025414456845142243,-0.02534498704206582,-0.0015533441183981035
27.70000000000153,2.377900719642639,0.8826552629470825,3.5732533931732178,1.265081230846217,-0.4508681136875993,0.11015625057729457,0.12259971279859988,0.10993428621825065,-0.0011320327101894015,-0.025244034826755524,-0.02534356527030468,0.0015671317232772738,-0.025414456845142243,-0.02534498704206582,-0.0015533441183981035
27.710000000001532,2.41355437040329,0.8691796660423279,3.568572521209717,1.2822996821234636,-0.48874188869636276,0.12083257519296305,0.12150142651285997,0.10872610935964855,-0.0011154136132622652,-0.029108820483088493,-0.0297815203666687,0.0047726235352456604,-0.02898570955101465,-0.03014041924455688,0.0011345372728229562
27.720000000001534,2.41355437040329,0.8691796660423279,3.568572521209717,1.2822996821234636,-0.48874188869636276,0.12083257519296305,0.12150142651285997,0.10872610935964855,-0.0011154136132622652,-0.029108820483088493,-0.0297815203666687,0.0047726235352456604,-0.02898570955101465,-0.03014041924455688,0.0011345372728229562
27.730000000001535,2.41355437040329,0.8691796660423279,3.568572521209717,1.2822996821234636,-0.48874188869636276,0.12083257519296305,0.12150142651285997,0.10872610935964855,-0.0011154136132622652,-0.029108820483088493,-0.0297815203666687,0.0047726235352456604,-0.02898570955101465,-0.03014041924455688,0.0011345372728229562
27.740000000001537,2.41355437040329,0.8691796660423279,3.568572521209717,1.2822996821234636,-0.48874188869636276,0.12083257519296305,0.12150142651285997,0.10872610935964855,-0.0011154136132622652,-0.029108820483088493,-0.0297815203666687,0.0047726235352456604,-0.02898570955101465,-0.03014041924455688,0.0011345372728229562
27.75000000000154,2.4653146862983704,0.8480673432350159,3.562751293182373,1.3069082097170692,-0.5406559618026019,0.13650507297693776,0.12003069149412936,0.10757281297544513,-0.001147697538810845,-0.041314464062452316,-0.028158530592918396,0.0029550706967711483,-0.04136176019767319,-0.02830977695281999,-0.0004405153586714317
27.76000000000154,2.4653146862983704,0.8480673432350159,3.562751293182373,1.3069082097170692,-0.5406559618026019,0.13650507297693776,0.12003069149412936,0.10757281297544513,-0.001147697538810845,-0.041314464062452316,-0.028158530592918396,0.0029550706967711483,-0.04136176019767319,-0.02830977695281999,-0.0004405153586714317
27.77000000000154,2.4653146862983704,0.8480673432350159,3.562751293182373,1.3069082097170692,-0.5406559618026019,0.13650507297693776,0.12003069149412936,0.10757281297544513,-0.001147697538810845,-0.041314464062452316,-0.028158530592918396,0.0029550706967711483,-0.04136176019767319,-0.02830977695281999,-0.0004405153586714317
27.780000000001543,2.5074374675750732,0.8296508193016052,3.5586423873901367,1.3259367854212718,-0.5814833780663992,0.14840974669721682,0.11908229872747979,0.10696372655441315,-0.001174042168189109,-0.048549339175224304,-0.0305633507668972,0.0020247106440365354,-0.048723347278361646,-0.030587441256428448,-0.0016299016832210338
27.790000000001545,2.5074374675750732,0.8296508193016052,3.5586423873901367,1.3259367854212718,-0.5814833780663992,0.14840974669721682,0.11908229872747979,0.10696372655441315,-0.001174042168189109,-0.048549339175224304,-0.0305633507668972,0.0020247106440365354,-0.048723347278361646,-0.030587441256428448,-0.0016299016832210338
27.800000000001546,2.5074374675750732,0.8296508193016052,3.5586423873901367,1.3259367854212718,-0.5814833780663992,0.14840974669721682,0.11908229872747979,0.10696372655441315,-0.001174042168189109,-0.048549339175224304,-0.0305633507668972,0.0020247106440365354,-0.048723347278361646,-0.030587441256428448,-0.0016299016832210338
27.810000000001548,2.5447925329208374,0.8124556541442871,3.5551607608795166,1.3422712796357026,-0.6170308574034199,0.15639837157846956,0.11700209662056726,0.1055696027326148,-0.0011717724731243593,-0.05405817925930023,-0.03772136941552162,0.003789206966757779,-0.05412600823249997,-0.037905804982832456,-0.0006436997687235362
27.82000000000155,2.5447925329208374,0.8124556541442871,3.5551607608795166,1.3422712796357026,-0.6170308574034199,0.15639837157846956,0.11700209662056726,0.1055696027326148,-0.0011717724731243593,-0.05405817925930023,-0.03772136941552162,0.003789206966757779,-0.05412600823249997,-0.037905804982832456,-0.0006436997687235362
27.83000000000155,2.5447925329208374,0.8124556541442871,3.5551607608795166,1.3422712796357026,-0.6170308574034199,0.15639837157846956,0.11700209662056726,0.1055696027326148,-0.0011717724731243593,-0.05405817925930023,-0.03772136941552162,0.003789206966757779,-0.05412600823249997,-0.037905804982832456,-0.0006436997687235362
27.840000000001552,2.5447925329208374,0.8124556541442871,3.5551607608795166,1.3422712796357026,-0.6170308574034199,0.15639837157846956,0.11700209662056726,0.1055696027326148,-0.0011717724731243593,-0.05405817925930023,-0.03772136941552162,0.003789206966757779,-0.05412600823249997,-0.037905804982832456,-0.0006436997687235362
27.850000000001554,2.5989454090595245,0.7861763834953308,3.5506556034088135,1.3645412965596275,-0.6666819181337921,0.16677907034131179,0.11450553867681562,0.10399190135730087,-0.0011951879416309027,-0.06566734611988068,-0.042117614299058914,0.002818176755681639,-0.06587738194109435,-0.04216379505376622,-0.0020233774192542115
27.860000000001556,2.5989454090595245,0.7861763834953308,3.5506556034088135,1.3645412965596275,-0.6666819181337921,0.16677907034131179,0.11450553867681562,0.10399190135730087,-0.0011951879416309027,-0.06566734611988068,-0.042117614299058914,0.002818176755681639,-0.06587738194109435,-0.04216379505376622,-0.0020233774192542115
27.870000000001557,2.5989454090595245,0.7861763834953308,3.5506556034088135,1.3645412965596275,-0.6666819181337921,0.16677907034131179,0.11450553867681562,0.10399190135730087,-0.0011951879416309027,-0.06566734611988068,-0.042117614299058914,0.002818176755681639,-0.06587738194109435,-0.04216379505376622,-0.0020233774192542115
27.88000000000156,2.6429064869880676,0.763714075088501,3.5475337505340576,1.3820410713517088,-0.704619076321839,0.1745466901324053,0.113129854924299,0.1031606634875154,-0.0011949953435294028,-0.06923085451126099,-0.041107140481472015,0.004519637674093252,-0.06924636147735479,-0.04135458484531114,-0.00015058554551216678
27.89000000000156,2.6429064869880676,0.763714075088501,3.5475337505340576,1.3820410713517088,-0.704619076321839,0.1745466901324053,0.113129854924299,0.1031606634875154,-0.0011949953435294028,-0.06923085451126099,-0.041107140481472015,0.004519637674093252,-0.06924636147735479,-0.04135458484531114,-0.00015058554551216678
27.90000000000156,2.6429064869880676,0.763714075088501,3.5475337505340576,1.3820410713517088,-0.704619076321839,0.1745466901324053,0.113129854924299,0.1031606634875154,-0.0011949953435294028,-0.06923085451126099,-0.041107140481472015,0.004519637674093252,-0.06924636147735479,-0.04135458484531114,-0.00015058554551216678
27.910000000001563,2.681803911924362,0.7430628538131714,3.5446465015411377,1.396941502177868,-0.7375329612259036,0.1783350942865628,0.11006385914827202,0.1014224140634613,-0.0013126875590421954,-0.07880152761936188,-0.043773189187049866,0.0024479953572154097,-0.07904322929425128,-0.04377721351774117,-0.002387209499803218
27.920000000001565,2.681803911924362,0.7430628538131714,3.5446465015411377,1.396941502177868,-0.7375329612259036,0.1783350942865628,0.11006385914827202,0.1014224140634613,-0.0013126875590421954,-0.07880152761936188,-0.043773189187049866,0.0024479953572154097,-0.07904322929425128,-0.04377721351774117,-0.002387209499803218
27.930000000001566,2.681803911924362,0.7430628538131714,3.5446465015411377,1.396941502177868,-0.7375329612259036,0.1783350942865628,0.11006385914827202,0.1014224140634613,-0.0013126875590421954,-0.07880152761936188,-0.043773189187049866,0.0024479953572154097,-0.07904322929425128,-0.04377721351774117,-0.002387209499803218
27.940000000001568,2.681803911924362,0.7430628538131714,3.5446465015411377,1.396941502177868,-0.7375329612259036,0.1783350942865628,0.11006385914827202,0.1014224140634613,-0.0013126875590421954,-0.07880152761936188,-0.043773189187049866,0.0024479953572154097,-0.07904322929425128,-0.04377721351774117,-0.002387209499803218
27.95000000000157,2.738065719604492,0.7119657397270203,3.5411133766174316,1.4168775473514856,-0.782903769556164,0.18605300509839906,0.10661362476380118,0.0997024095219773,-0.0012910876116382917,-0.08793207257986069,-0.04210694879293442,0.007749869488179689,-0.08760944342270538,-0.04269254912289191,0.0032412887401660376
27.96000000000157,2.738065719604492,0.7119657397270203,3.5411133766174316,1.4168775473514856,-0.782903769556164,0.18605300509839906,0.10661362476380118,0.0997024095219773,-0.0012910876116382917,-0.08793207257986069,-0.04210694879293442,0.007749869488179689,-0.08760944342270538,-0.04269254912289191,0.0032412887401660376
27.970000000001573,2.738065719604492,0.7119657397270203,3.5411133766174316,1.4168775473514856,-0.782903769556164,0.18605300509839906,0.10661362476380118,0.0997024095219773,-0.0012910876116382917,-0.08793207257986069,-0.04210694879293442,0.007749869488179689,-0.08760944342270538,-0.04269254912289191,0.0032412887401660376
27.980000000001574,2.7836427986621857,0.6858133673667908,3.5384232997894287,1.4317983191345816,-0.8172782170994176,0.1939545754802744,0.10480776132807419,0.09890117725720143,-0.0012874778569199321,-0.08999863266944885,-0.039428576827049255,0.003105562878772621,-0.09010146319167087,-0.03953711162196058,-0.0010414269582960033
27.990000000001576,2.7836427986621857,0.6858133673667908,3.5384232997894287,1.4317983191345816,-0.8172782170994176,0.1939545754802744,0.10480776132807419,0.09890117725720143,-0.0012874778569199321,-0.08999863266944885,-0.039428576827049255,0.003105562878772621,-0.09010146319167087,-0.03953711162196058,-0.0010414269582960033
28.000000000001577,2.7836427986621857,0.6858133673667908,3.5384232997894287,1.4317983191345816,-0.8172782170994176,0.1939545754802744,0.10480776132807419,0.09890117725720143,-0.0012874778569199321,-0.08999863266944885,-0.039428576827049255,0.003105562878772621,-0.09010146319167087,-0.03953711162196058,-0.0010414269582960033
28.01000000000158,2.823654606938362,0.6627032160758972,3.5359127521514893,1.4445077848529768,-0.8467014394408576,0.19707231663109828,0.10080350383073529,0.09722136898297194,-0.0012147735570730107,-0.10181714594364166,-0.04200981557369232,0.0052400128915906004,-0.10172099770310462,-0.0423238756606341,0.0009905216741798875
28.02000000000158,2.823654606938362,0.6627032160758972,3.5359127521514893,1.4445077848529768,-0.8467014394408576,0.19707231663109828,0.10080350383073529,0.09722136898297194,-0.0012147735570730107,-0.10181714594364166,-0.04200981557369232,0.0052400128915906004,-0.10172099770310462,-0.0423238756606341,0.0009905216741798875
28.030000000001582,2.823654606938362,0.6627032160758972,3.5359127521514893,1.4445077848529768,-0.8467014394408576,0.19707231663109828,0.10080350383073529,0.09722136898297194,-0.0012147735570730107,-0.10181714594364166,-0.04200981557369232,0.0052400128915906004,-0.10172099770310462,-0.0423238756606341,0.0009905216741798875
28.040000000001584,2.8815040215849876,0.6281566023826599,3.532667636871338,1.4630093404246978,-0.8863172586630116,0.20206667803344908,0.09650614535448167,0.09553466125942864,-0.0012102241816348434,-0.10674445331096649,-0.041043899953365326,0.004252106882631784,-0.10671786356801152,-0.041262636150513426,0.0002787494358014701
28.050000000001585,2.8815040215849876,0.6281566023826599,3.532667636871338,1.4630093404246978,-0.8863172586630116,0.20206667803344908,0.09650614535448167,0.09553466125942864,-0.0012102241816348434,-0.10674445331096649,-0.041043899953365326,0.004252106882631784,-0.10671786356801152,-0.041262636150513426,0.0002787494358014701
28.060000000001587,2.8815040215849876,0.6281566023826599,3.532667636871338,1.4630093404246978,-0.8863172586630116,0.20206667803344908,0.09650614535448167,0.09553466125942864,-0.0012102241816348434,-0.10674445331096649,-0.041043899953365326,0.004252106882631784,-0.10671786356801152,-0.041262636150513426,0.0002787494358014701
28.07000000000159,2.8815040215849876,0.6281566023826599,3.532667636871338,1.4630093404246978,-0.8863172586630116,0.20206667803344908,0.09650614535448167,0.09553466125942864,-0.0012102241816348434,-0.10674445331096649,-0.041043899953365326,0.004252106882631784,-0.10671786356801152,-0.041262636150513426,0.0002787494358014701
28.08000000000159,2.9283464774489403,0.599295437335968,3.5304903984069824,1.47719771859042,-0.9167748193997753,0.20833186526380426,0.09437011862207259,0.09471093721495889,-0.001161223725707686,-0.10762118548154831,-0.03905480355024338,0.006566933821886783,-0.10734972967457021,-0.03949982990388262,0.0028704400339712908
28.09000000000159,2.9283464774489403,0.599295437335968,3.5304903984069824,1.47719771859042,-0.9167748193997753,0.20833186526380426,0.09437011862207259,0.09471093721495889,-0.001161223725707686,-0.10762118548154831,-0.03905480355024338,0.006566933821886783,-0.10734972967457021,-0.03949982990388262,0.0028704400339712908
28.100000000001593,2.9283464774489403,0.599295437335968,3.5304903984069824,1.47719771859042,-0.9167748193997753,0.20833186526380426,0.09437011862207259,0.09471093721495889,-0.001161223725707686,-0.10762118548154831,-0.03905480355024338,0.006566933821886783,-0.10734972967457021,-0.03949982990388262,0.0028704400339712908
28.110000000001595,2.9874988766387105,0.5618779063224792,3.528184652328491,1.4930877429280924,-0.9526875213861997,0.2129152747189362,0.08994147862800096,0.0930416708241179,-0.001217036311707605,-0.11237453669309616,-0.042274489998817444,0.0026506979484111123,-0.11248250900704225,-0.042341702525851774,-0.0011621486594592546
28.120000000001596,2.9874988766387105,0.5618779063224792,3.528184652328491,1.4930877429280924,-0.9526875213861997,0.2129152747189362,0.08994147862800096,0.0930416708241179,-0.001217036311707605,-0.11237453669309616,-0.042274489998817444,0.0026506979484111123,-0.11248250900704225,-0.042341702525851774,-0.0011621486594592546
28.130000000001598,2.9874988766387105,0.5618779063224792,3.528184652328491,1.4930877429280924,-0.9526875213861997,0.2129152747189362,0.08994147862800096,0.0930416708241179,-0.001217036311707605,-0.11237453669309616,-0.042274489998817444,0.0026506979484111123,-0.11248250900704225,-0.042341702525851774,-0.0011621486594592546
28.1400000000016,3.0292725320905447,0.5348426103591919,3.5268332958221436,1.504256166127607,-0.9772011381872001,0.2134033391042462,0.08521470081510961,0.09128675292817574,-0.0011914439998391869,-0.11906641721725464,-0.04294094443321228,0.005236574914306407,-0.11892335659470057,-0.043230823253679856,0.0015693351459092298
28.1500000000016,3.0292725320905447,0.5348426103591919,3.5268332958221436,1.504256166127607,-0.9772011381872001,0.2134033391042462,0.08521470081510961,0.09128675292817574,-0.0011914439998391869,-0.11906641721725464,-0.04294094443321228,0.005236574914306407,-0.11892335659470057,-0.043230823253679856,0.0015693351459092298
28.160000000001602,3.0292725320905447,0.5348426103591919,3.5268332958221436,1.504256166127607,-0.9772011381872001,0.2134033391042462,0.08521470081510961,0.09128675292817574,-0.0011914439998391869,-0.11906641721725464,-0.04294094443321228,0.005236574914306407,-0.11892335659470057,-0.043230823253679856,0.0015693351459092298
28.170000000001604,3.0292725320905447,0.5348426103591919,3.5268332958221436,1.504256166127607,-0.9772011381872001,0.2134033391042462,0.08521470081510961,0.09128675292817574,-0.0011914439998391869,-0.11906641721725464,-0.04294094443321228,0.005236574914306407,-0.11892335659470057,-0.043230823253679856,0.0015693351459092298
28.180000000001606,3.0774414986371994,0.5030258297920227,3.525623083114624,1.5158612460463532,-1.0034516123977202,0.21732069454094877,0.0827361631472861,0.0903559184667453,-0.0011996031893761888,-0.12501917779445648,-0.0462639294564724,0.003919536713510758,-0.12501167638259886,-0.046429592738342684,8.313377669979425e-05
28.190000000001607,3.0774414986371994,0.5030258297920227,3.525623083114624,1.5158612460463532,-1.0034516123977202,0.21732069454094877,0.0827361631472861,0.0903559184667453,-0.0011996031893761888,-0.12501917779445648,-0.0462639294564724,0.003919536713510758,-0.12501167638259886,-0.046429592738342684,8.313377669979425e-05
28.20000000000161,3.0774414986371994,0.5030258297920227,3.525623083114624,1.5158612460463532,-1.0034516123977202,0.21732069454094877,0.0827361631472861,0.0903559184667453,-0.0011996031893761888,-0.12501917779445648,-0.0462639294564724,0.003919536713510758,-0.12501167638259886,-0.046429592738342684,8.313377669979425e-05
28.21000000000161,3.1198776215314865,0.47453573346138,3.5244991779327393,1.5256522568461208,-1.0256726145270914,0.21624966073881421,0.07761917797188386,0.0884530375778851,-0.0011682170695648604,-0.13023817539215088,-0.04622901231050491,0.005295984912663704,-0.13008782124683765,-0.046500480752387906,0.0017020374748491023
28.220000000001612,3.1198776215314865,0.47453573346138,3.5244991779327393,1.5256522568461208,-1.0256726145270914,0.21624966073881421,0.07761917797188386,0.0884530375778851,-0.0011682170695648604,-0.13023817539215088,-0.04622901231050491,0.005295984912663704,-0.13008782124683765,-0.046500480752387906,0.0017020374748491023
28.230000000001613,3.1198776215314865,0.47453573346138,3.5244991779327393,1.5256522568461208,-1.0256726145270914,0.21624966073881421,0.07761917797188386,0.0884530375778851,-0.0011682170695648604,-0.13023817539215088,-0.04622901231050491,0.005295984912663704,-0.13008782124683765,-0.046500480752387906,0.0017020374748491023
28.240000000001615,3.1810232251882553,0.4327734708786011,3.52333927154541,1.539058258431512,-1.0541540254545132,0.21794816528445962,0.07258839854735546,0.08667447068296046,-0.0011414392088733398,-0.14225396513938904,-0.0459684394299984,0.0049028685316443495,-0.1421187512305797,-0.04620296592640162,0.0015619749911334106
28.250000000001616,3.1810232251882553,0.4327734708786011,3.52333927154541,1.539058258431512,-1.0541540254545132,0.21794816528445962,0.07258839854735546,0.08667447068296046,-0.0011414392088733398,-0.14225396513938904,-0.0459684394299984,0.0049028685316443495,-0.1421187512305797,-0.04620296592640162,0.0015619749911334106
28.260000000001618,3.1810232251882553,0.4327734708786011,3.52333927154541,1.539058258431512,-1.0541540254545132,0.21794816528445962,0.07258839854735546,0.08667447068296046,-0.0011414392088733398,-0.14225396513938904,-0.0459684394299984,0.0049028685316443495,-0.1421187512305797,-0.04620296592640162,0.0015619749911334106
28.27000000000162,3.1810232251882553,0.4327734708786011,3.52333927154541,1.539058258431512,-1.0541540254545132,0.21794816528445962,0.07258839854735546,0.08667447068296046,-0.0011414392088733398,-0.14225396513938904,-0.0459684394299984,0.0049028685316443495,-0.1421187512305797,-0.04620296592640162,0.0015619749911334106
28.28000000000162,3.230351150035858,0.39853984117507935,3.522651433944702,1.5489903819225512,-1.0754495044761978,0.21927322035722038,0.06900875925699153,0.08549753323391275,-0.001133137169726469,-0.14992792904376984,-0.050088368356227875,0.003414359409362084,-0.14993200529995596,-0.050204583782251413,-4.773502102650762e-05
28.290000000001623,3.230351150035858,0.39853984117507935,3.522651433944702,1.5489903819225512,-1.0754495044761978,0.21927322035722038,0.06900875925699153,0.08549753323391275,-0.001133137169726469,-0.14992792904376984,-0.050088368356227875,0.003414359409362084,-0.14993200529995596,-0.050204583782251413,-4.773502102650762e-05
28.300000000001624,3.230351150035858,0.39853984117507935,3.522651433944702,1.5489903819225512,-1.0754495044761978,0.21927322035722038,0.06900875925699153,0.08549753323391275,-0.001133137169726469,-0.14992792904376984,-0.050088368356227875,0.003414359409362084,-0.14993200529995596,-0.050204583782251413,-4.773502102650762e-05
28.310000000001626,3.273747831583023,0.3680729568004608,3.522172212600708,1.5574825224197202,-1.0934382054796696,0.21643359120688654,0.06298844093481895,0.08355528759583293,-0.0011659363336363766,-0.15038421750068665,-0.05007658153772354,0.0026693870313465656,-0.15042509325782932,-0.05014530323087769,-0.0004897758040626018
28.320000000001627,3.273747831583023,0.3680729568004608,3.522172212600708,1.5574825224197202,-1.0934382054796696,0.21643359120688654,0.06298844093481895,0.08355528759583293,-0.0011659363336363766,-0.15038421750068665,-0.05007658153772354,0.0026693870313465656,-0.15042509325782932,-0.05014530323087769,-0.0004897758040626018
28.33000000000163,3.273747831583023,0.3680729568004608,3.522172212600708,1.5574825224197202,-1.0934382054796696,0.21643359120688654,0.06298844093481895,0.08355528759583293,-0.0011659363336363766,-0.15038421750068665,-0.05007658153772354,0.0026693870313465656,-0.15042509325782932,-0.05014530323087769,-0.0004897758040626018
28.34000000000163,3.3362105786800385,0.32371658086776733,3.5215086936950684,1.5687092186695495,-1.1157658268257646,0.2140595548395722,0.05677885214264028,0.08156506679091206,-0.0011318479807594967,-0.15666332840919495,-0.05263651907444,0.0039095338433981,-0.15658843248495466,-0.05277355565218732,0.0009192542474841253
28.350000000001632,3.3362105786800385,0.32371658086776733,3.5215086936950684,1.5687092186695495,-1.1157658268257646,0.2140595548395722,0.05677885214264028,0.08156506679091206,-0.0011318479807594967,-0.15666332840919495,-0.05263651907444,0.0039095338433981,-0.15658843248495466,-0.05277355565218732,0.0009192542474841253
28.360000000001634,3.3362105786800385,0.32371658086776733,3.5215086936950684,1.5687092186695495,-1.1157658268257646,0.2140595548395722,0.05677885214264028,0.08156506679091206,-0.0011318479807594967,-0.15666332840919495,-0.05263651907444,0.0039095338433981,-0.15658843248495466,-0.05277355565218732,0.0009192542474841253
28.370000000001635,3.3362105786800385,0.32371658086776733,3.5215086936950684,1.5687092186695495,-1.1157658268257646,0.2140595548395722,0.05677885214264028,0.08156506679091206,-0.0011318479807594967,-0.15666332840919495,-0.05263651907444,0.0039095338433981,-0.15658843248495466,-0.05277355565218732,0.0009192542474841253
28.380000000001637,3.386553257703781,0.2876031696796417,3.52135968208313,1.5769977583597283,-1.1315059660746465,0.2147248936459819,0.05359235352620333,0.08052608392806279,-0.0011076071183797056,-0.15981772541999817,-0.05217641219496727,0.004420355428010231,-0.1596870638473265,-0.052338285004305256,0.0016243543036411408
28.39000000000164,3.386553257703781,0.2876031696796417,3.52135968208313,1.5769977583597283,-1.1315059660746465,0.2147248936459819,0.05359235352620333,0.08052608392806279,-0.0011076071183797056,-0.15981772541999817,-0.05217641219496727,0.004420355428010231,-0.1596870638473265,-0.052338285004305256,0.0016243543036411408
28.40000000000164,3.386553257703781,0.2876031696796417,3.52135968208313,1.5769977583597283,-1.1315059660746465,0.2147248936459819,0.05359235352620333,0.08052608392806279,-0.0011076071183797056,-0.15981772541999817,-0.05217641219496727,0.004420355428010231,-0.1596870638473265,-0.052338285004305256,0.0016243543036411408
28.41000000000164,3.4308891594409943,0.2540065348148346,3.519697427749634,1.5840421131145441,-1.1455099280943595,0.20837008508688123,0.04682250941167464,0.07842230854058453,-0.0010874267706954337,-0.1700124889612198,-0.05657593160867691,0.003658962668851025,-0.16993336379122775,-0.056685185111532185,0.0010099974582094956
28.420000000001643,3.4308891594409943,0.2540065348148346,3.519697427749634,1.5840421131145441,-1.1455099280943595,0.20837008508688123,0.04682250941167464,0.07842230854058453,-0.0010874267706954337,-0.1700124889612198,-0.05657593160867691,0.003658962668851025,-0.16993336379122775,-0.056685185111532185,0.0010099974582094956
28.430000000001645,3.4308891594409943,0.2540065348148346,3.519697427749634,1.5840421131145441,-1.1455099280943595,0.20837008508688123,0.04682250941167464,0.07842230854058453,-0.0010874267706954337,-0.1700124889612198,-0.05657593160867691,0.003658962668851025,-0.16993336379122775,-0.056685185111532185,0.0010099974582094956
28.440000000001646,3.4308891594409943,0.2540065348148346,3.519697427749634,1.5840421131145441,-1.1455099280943595,0.20837008508688123,0.04682250941167464,0.07842230854058453,-0.0010874267706954337,-0.1700124889612198,-0.05657593160867691,0.003658962668851025,-0.16993336379122775,-0.056685185111532185,0.0010099974582094956
28.450000000001648,3.4945772886276245,0.20576505362987518,3.518144130706787,1.5935537170731668,-1.1626310001823963,0.2043311063446467,0.039943311159314106,0.07609061710157794,-0.0010113993486635662,-0.1742347925901413,-0.060264550149440765,0.006706329528242357,-0.17390739277735492,-0.06048428323939435,0.004306916775370594
28.46000000000165,3.4945772886276245,0.20576505362987518,3.518144130706787,1.5935537170731668,-1.1626310001823963,0.2043311063446467,0.039943311159314106,0.07609061710157794,-0.0010113993486635662,-0.1742347925901413,-0.060264550149440765,0.006706329528242357,-0.17390739277735492,-0.06048428323939435,0.004306916775370594
28.47000000000165,3.4945772886276245,0.20576505362987518,3.518144130706787,1.5935537170731668,-1.1626310001823963,0.2043311063446467,0.039943311159314106,0.07609061710157794,-0.0010113993486635662,-0.1742347925901413,-0.060264550149440765,0.006706329528242357,-0.17390739277735492,-0.06048428323939435,0.004306916775370594
28.480000000001652,3.5457951426506042,0.1669822633266449,3.517397165298462,1.6000195388824663,-1.1729169630997145,0.20548704811580898,0.03632888774856158,0.07491477670695476,-0.0010200183568995374,-0.18284349143505096,-0.059148918837308884,0.001887573627755053,-0.1828631569308109,-0.05917844947848845,-0.0002627505974579209
28.490000000001654,3.5457951426506042,0.1669822633266449,3.517397165298462,1.6000195388824663,-1.1729169630997145,0.20548704811580898,0.03632888774856158,0.07491477670695476,-0.0010200183568995374,-0.18284349143505096,-0.059148918837308884,0.001887573627755053,-0.1828631569308109,-0.05917844947848845,-0.0002627505974579209
28.500000000001656,3.5457951426506042,0.1669822633266449,3.517397165298462,1.6000195388824663,-1.1729169630997145,0.20548704811580898,0.03632888774856158,0.07491477670695476,-0.0010200183568995374,-0.18284349143505096,-0.059148918837308884,0.001887573627755053,-0.1828631569308109,-0.05917844947848845,-0.0002627505974579209
28.510000000001657,3.5907697677612305,0.13277718424797058,3.516829490661621,1.6055057685114522,-1.1818382019167535,0.19942835246969917,0.02851945411222937,0.07238477934381564,-0.0010112744434362438,-0.1972685307264328,-0.06253610551357269,0.0034930240362882692,-0.1971446557804937,-0.06261028071188174,0.0017128350487968778
28.52000000000166,3.5907697677612305,0.13277718424797058,3.516829490661621,1.6055057685114522,-1.1818382019167535,0.19942835246969917,0.02851945411222937,0.07238477934381564,-0.0010112744434362438,-0.1972685307264328,-0.06253610551357269,0.0034930240362882692,-0.1971446557804937,-0.06261028071188174,0.0017128350487968778
28.53000000000166,3.5907697677612305,0.13277718424797058,3.516829490661621,1.6055057685114522,-1.1818382019167535,0.19942835246969917,0.02851945411222937,0.07238477934381564,-0.0010112744434362438,-0.1972685307264328,-0.06253610551357269,0.0034930240362882692,-0.1971446557804937,-0.06261028071188174,0.0017128350487968778
28.540000000001662,3.5907697677612305,0.13277718424797058,3.516829490661621,1.6055057685114522,-1.1818382019167535,0.19942835246969917,0.02851945411222937,0.07238477934381564,-0.0010112744434362438,-0.1972685307264328,-0.06253610551357269,0.0034930240362882692,-0.1971446557804937,-0.06261028071188174,0.0017128350487968778
28.550000000001663,3.655238449573517,0.08383064717054367,3.516648292541504,1.6113868875011121,-1.1903643361489782,0.19513854881796863,0.020313603821316546,0.06975671177440024,-0.0010249839208995746,-0.20536822080612183,-0.06798962503671646,0.0018868953920900904,-0.20533290240587349,-0.06801392482407514,0.0005067191218460625
28.560000000001665,3.655238449573517,0.08383064717054367,3.516648292541504,1.6113868875011121,-1.1903643361489782,0.19513854881796863,0.020313603821316546,0.06975671177440024,-0.0010249839208995746,-0.20536822080612183,-0.06798962503671646,0.0018868953920900904,-0.20533290240587349,-0.06801392482407514,0.0005067191218460625
28.570000000001667,3.655238449573517,0.08383064717054367,3.516648292541504,1.6113868875011121,-1.1903643361489782,0.19513854881796863,0.020313603821316546,0.06975671177440024,-0.0010249839208995746,-0.20536822080612183,-0.06798962503671646,0.0018868953920900904,-0.20533290240587349,-0.06801392482407514,0.0005067191218460625
28.580000000001668,3.7069647312164307,0.044671956449747086,3.5169782638549805,1.6151619067709597,-1.1939077338199642,0.19547608106490685,0.01616225890672558,0.06841910134387857,-0.0010042294869486803,-0.20853762328624725,-0.06737704575061798,0.0032771988771855914,-0.2083876983351604,-0.06742121050374013,0.002192983871992359
28.59000000000167,3.7069647312164307,0.044671956449747086,3.5169782638549805,1.6151619067709597,-1.1939077338199642,0.19547608106490685,0.01616225890672558,0.06841910134387857,-0.0010042294869486803,-0.20853762328624725,-0.06737704575061798,0.0032771988771855914,-0.2083876983351604,-0.06742121050374013,0.002192983871992359
28.60000000000167,3.7069647312164307,0.044671956449747086,3.5169782638549805,1.6151619067709597,-1.1939077338199642,0.19547608106490685,0.01616225890672558,0.06841910134387857,-0.0010042294869486803,-0.20853762328624725,-0.06737704575061798,0.0032771988771855914,-0.2083876983351604,-0.06742121050374013,0.002192983871992359
28.610000000001673,3.7523235082626343,0.010296409018337727,3.5173964500427246,1.6188705755968409,-1.1966389693704305,0.1870879022769807,0.007778056423840846,0.06571903673902277,-0.0010063009091036148,-0.21177008748054504,-0.06463932245969772,-0.0011557706166058699,-0.2118792396172713,-0.06462837763103668,-0.001662086861768153
28.620000000001674,3.7523235082626343,0.010296409018337727,3.5173964500427246,1.6188705755968409,-1.1966389693704305,0.1870879022769807,0.007778056423840846,0.06571903673902277,-0.0010063009091036148,-0.21177008748054504,-0.06463932245969772,-0.0011557706166058699,-0.2118792396172713,-0.06462837763103668,-0.001662086861768153
28.630000000001676,3.7523235082626343,0.010296409018337727,3.5173964500427246,1.6188705755968409,-1.1966389693704305,0.1870879022769807,0.007778056423840846,0.06571903673902277,-0.0010063009091036148,-0.21177008748054504,-0.06463932245969772,-0.0011557706166058699,-0.2118792396172713,-0.06462837763103668,-0.001662086861768153
28.640000000001677,3.817307412624359,-0.03862375766038895,3.5185930728912354,1.6227901846213473,-1.196902147907726,0.18017952057533387,-0.0004766162517257354,0.06314176897265417,-0.0009052157722331261,-0.20532256364822388,-0.06353899836540222,0.004208109807223089,-0.20505458778945598,-0.06353698549509874,0.0042468560941862615
28.65000000000168,3.817307412624359,-0.03862375766038895,3.5185930728912354,1.6227901846213473,-1.196902147907726,0.18017952057533387,-0.0004766162517257354,0.06314176897265417,-0.0009052157722331261,-0.20532256364822388,-0.06353899836540222,0.004208109807223089,-0.20505458778945598,-0.06353698549509874,0.0042468560941862615
28.66000000000168,3.817307412624359,-0.03862375766038895,3.5185930728912354,1.6227901846213473,-1.196902147907726,0.18017952057533387,-0.0004766162517257354,0.06314176897265417,-0.0009052157722331261,-0.20532256364822388,-0.06353899836540222,0.004208109807223089,-0.20505458778945598,-0.06353698549509874,0.0042468560941862615
28.670000000001682,3.817307412624359,-0.03862375766038895,3.5185930728912354,1.6227901846213473,-1.196902147907726,0.18017952057533387,-0.0004766162517257354,0.06314176897265417,-0.0009052157722331261,-0.20532256364822388,-0.06353899836540222,0.004208109807223089,-0.20505458778945598,-0.06353698549509874,0.0042468560941862615
28.680000000001684,3.869391977787018,-0.07757081091403961,3.5199503898620605,1.624765338287283,-1.1942565343377158,0.17823343303908237,-0.004605005083550413,0.06181408628840672,-0.000817720906755429,-0.2072601616382599,-0.06677166372537613,0.004990990739315756,-0.20693222682707038,-0.06674797228778419,0.005308559307781126
28.690000000001685,3.869391977787018,-0.07757081091403961,3.5199503898620605,1.624765338287283,-1.1942565343377158,0.17823343303908237,-0.004605005083550413,0.06181408628840672,-0.000817720906755429,-0.2072601616382599,-0.06677166372537613,0.004990990739315756,-0.20693222682707038,-0.06674797228778419,0.005308559307781126
28.700000000001687,3.869391977787018,-0.07757081091403961,3.5199503898620605,1.624765338287283,-1.1942565343377158,0.17823343303908237,-0.004605005083550413,0.06181408628840672,-0.000817720906755429,-0.2072601616382599,-0.06677166372537613,0.004990990739315756,-0.20693222682707038,-0.06674797228778419,0.005308559307781126
28.71000000000169,3.9150015115737915,-0.11156493425369263,3.521167516708374,1.62636777666308,-1.1913180923770172,0.16955438918162766,-0.012829242667590134,0.059083670524577775,-0.0007058179070793489,-0.20685547590255737,-0.06831301748752594,0.0008248241501860404,-0.20675484939452096,-0.06829681418414392,0.0017041100669829353
28.72000000000169,3.9150015115737915,-0.11156493425369263,3.521167516708374,1.62636777666308,-1.1913180923770172,0.16955438918162766,-0.012829242667590134,0.059083670524577775,-0.0007058179070793489,-0.20685547590255737,-0.06831301748752594,0.0008248241501860404,-0.20675484939452096,-0.06829681418414392,0.0017041100669829353
28.73000000000169,3.9150015115737915,-0.11156493425369263,3.521167516708374,1.62636777666308,-1.1913180923770172,0.16955438918162766,-0.012829242667590134,0.059083670524577775,-0.0007058179070793489,-0.20685547590255737,-0.06831301748752594,0.0008248241501860404,-0.20675484939452096,-0.06829681418414392,0.0017041100669829353
28.740000000001693,3.9802157282829285,-0.15971840918064117,3.523416757583618,1.6273959831554725,-1.1835921526042095,0.16316241099901457,-0.02101536661224505,0.05642506718073584,-0.0006151708613404901,-0.20682448148727417,-0.06533654034137726,-0.0006758561357855717,-0.20678509654726876,-0.0653363153924992,0.0006983748292067211
28.750000000001695,3.9802157282829285,-0.15971840918064117,3.523416757583618,1.6273959831554725,-1.1835921526042095,0.16316241099901457,-0.02101536661224505,0.05642506718073584,-0.0006151708613404901,-0.20682448148727417,-0.06533654034137726,-0.0006758561357855717,-0.20678509654726876,-0.0653363153924992,0.0006983748292067211
28.760000000001696,3.9802157282829285,-0.15971840918064117,3.523416757583618,1.6273959831554725,-1.1835921526042095,0.16316241099901457,-0.02101536661224505,0.05642506718073584,-0.0006151708613404901,-0.20682448148727417,-0.06533654034137726,-0.0006758561357855717,-0.20678509654726876,-0.0653363153924992,0.0006983748292067211
28.770000000001698,3.9802157282829285,-0.15971840918064117,3.523416757583618,1.6273959831554725,-1.1835921526042095,0.16316241099901457,-0.02101536661224505,0.05642506718073584,-0.0006151708613404901,-0.20682448148727417,-0.06533654034137726,-0.0006758561357855717,-0.20678509654726876,-0.0653363153924992,0.0006983748292067211
28.7800000000017,4.032413005828857,-0.19784103333950043,3.5254719257354736,1.6276285200478,-1.1742392436947195,0.16123699819719847,-0.025053572450874775,0.055004974941581616,-0.0006157920238866015,-0.20162856578826904,-0.07187662273645401,-0.0008655721321701916,-0.20157706893784613,-0.07187574950901669,0.000936693950668498
28.7900000000017,4.032413005828857,-0.19784103333950043,3.5254719257354736,1.6276285200478,-1.1742392436947195,0.16123699819719847,-0.025053572450874775,0.055004974941581616,-0.0006157920238866015,-0.20162856578826904,-0.07187662273645401,-0.0008655721321701916,-0.20157706893784613,-0.07187574950901669,0.000936693950668498
28.800000000001702,4.032413005828857,-0.19784103333950043,3.5254719257354736,1.6276285200478,-1.1742392436947195,0.16123699819719847,-0.025053572450874775,0.055004974941581616,-0.0006157920238866015,-0.20162856578826904,-0.07187662273645401,-0.0008655721321701916,-0.20157706893784613,-0.07187574950901669,0.000936693950668498
28.810000000001704,4.078404664993286,-0.2313186675310135,3.5264105796813965,1.6269303630279888,-1.1656891890770544,0.15193700723207829,-0.03293237479372093,0.05226189364203459,-0.0005037580522316079,-0.19433161616325378,-0.06783455610275269,0.0020434735342860304,-0.1941079450855419,-0.0677304904653435,0.00428176083146284
28.820000000001706,4.078404664993286,-0.2313186675310135,3.5264105796813965,1.6269303630279888,-1.1656891890770544,0.15193700723207829,-0.03293237479372093,0.05226189364203459,-0.0005037580522316079,-0.19433161616325378,-0.06783455610275269,0.0020434735342860304,-0.1941079450855419,-0.0677304904653435,0.00428176083146284
28.830000000001707,4.078404664993286,-0.2313186675310135,3.5264105796813965,1.6269303630279888,-1.1656891890770544,0.15193700723207829,-0.03293237479372093,0.05226189364203459,-0.0005037580522316079,-0.19433161616325378,-0.06783455610275269,0.0020434735342860304,-0.1941079450855419,-0.0677304904653435,0.00428176083146284
28.84000000000171,4.078404664993286,-0.2313186675310135,3.5264105796813965,1.6269303630279888,-1.1656891890770544,0.15193700723207829,-0.03293237479372093,0.05226189364203459,-0.0005037580522316079,-0.19433161616325378,-0.06783455610275269,0.0020434735342860304,-0.1941079450855419,-0.0677304904653435,0.00428176083146284
28.85000000000171,4.143985152244568,-0.27839747071266174,3.528369665145874,1.6254355037066628,-1.1503012986957462,0.14516022383308302,-0.0408588811791445,0.04948183874349218,-0.00032953647591618093,-0.19986428320407867,-0.07122792303562164,-0.00051722163334488,-0.19974579160281683,-0.07118960286139735,0.0023956257809888064
28.860000000001712,4.143985152244568,-0.27839747071266174,3.528369665145874,1.6254355037066628,-1.1503012986957462,0.14516022383308302,-0.0408588811791445,0.04948183874349218,-0.00032953647591618093,-0.19986428320407867,-0.07122792303562164,-0.00051722163334488,-0.19974579160281683,-0.07118960286139735,0.0023956257809888064
28.870000000001713,4.143985152244568,-0.27839747071266174,3.528369665145874,1.6254355037066628,-1.1503012986957462,0.14516022383308302,-0.0408588811791445,0.04948183874349218,-0.00032953647591618093,-0.19986428320407867,-0.07122792303562164,-0.00051722163334488,-0.19974579160281683,-0.07118960286139735,0.0023956257809888064
28.880000000001715,4.196346402168274,-0.31541699171066284,3.530453681945801,1.6233542745939804,-1.135695588527054,0.14532438093937605,-0.04478771404647649,0.048181479517696926,-0.00025494165253302453,-0.19749076664447784,-0.06318970024585724,0.0020603321027010757,-0.19725510005966257,-0.0630340867693199,0.004893120623054344
28.890000000001717,4.196346402168274,-0.31541699171066284,3.530453681945801,1.6233542745939804,-1.135695588527054,0.14532438093937605,-0.04478771404647649,0.048181479517696926,-0.00025494165253302453,-0.19749076664447784,-0.06318970024585724,0.0020603321027010757,-0.19725510005966257,-0.0630340867693199,0.004893120623054344
28.900000000001718,4.196346402168274,-0.31541699171066284,3.530453681945801,1.6233542745939804,-1.135695588527054,0.14532438093937605,-0.04478771404647649,0.048181479517696926,-0.00025494165253302453,-0.19749076664447784,-0.06318970024585724,0.0020603321027010757,-0.19725510005966257,-0.0630340867693199,0.004893120623054344
28.91000000000172,4.242114782333374,-0.34740036725997925,3.5323188304901123,1.6209946126770232,-1.1213634378413193,0.1387099993916236,-0.05248121021979653,0.04550465315992829,-0.00017786068467064397,-0.18828706443309784,-0.06731868535280228,-0.0012209187261760152,-0.18818178013668851,-0.0672900453444332,0.0023145026447853267
28.92000000000172,4.242114782333374,-0.34740036725997925,3.5323188304901123,1.6209946126770232,-1.1213634378413193,0.1387099993916236,-0.05248121021979653,0.04550465315992829,-0.00017786068467064397,-0.18828706443309784,-0.06731868535280228,-0.0012209187261760152,-0.18818178013668851,-0.0672900453444332,0.0023145026447853267
28.930000000001723,4.242114782333374,-0.34740036725997925,3.5323188304901123,1.6209946126770232,-1.1213634378413193,0.1387099993916236,-0.05248121021979653,0.04550465315992829,-0.00017786068467064397,-0.18828706443309784,-0.06731868535280228,-0.0012209187261760152,-0.18818178013668851,-0.0672900453444332,0.0023145026447853267
28.940000000001724,4.242114782333374,-0.34740036725997925,3.5323188304901123,1.6209946126770232,-1.1213634378413193,0.1387099993916236,-0.05248121021979653,0.04550465315992829,-0.00017786068467064397,-0.18828706443309784,-0.06731868535280228,-0.0012209187261760152,-0.18818178013668851,-0.0672900453444332,0.0023145026447853267
28.950000000001726,4.307292938232422,-0.3921530246734619,3.5356106758117676,1.6167441223989683,-1.0980044878355686,0.13557550340610502,-0.060061596464149804,0.04260586818441658,-8.776729114606139e-05,-0.1907157301902771,-0.0742979496717453,-0.0016981568187475113,-0.19059786743450163,-0.0742659116115057,0.002767187407365047
28.960000000001727,4.307292938232422,-0.3921530246734619,3.5356106758117676,1.6167441223989683,-1.0980044878355686,0.13557550340610502,-0.060061596464149804,0.04260586818441658,-8.776729114606139e-05,-0.1907157301902771,-0.0742979496717453,-0.0016981568187475113,-0.19059786743450163,-0.0742659116115057,0.002767187407365047
28.97000000000173,4.307292938232422,-0.3921530246734619,3.5356106758117676,1.6167441223989683,-1.0980044878355686,0.13557550340610502,-0.060061596464149804,0.04260586818441658,-8.776729114606139e-05,-0.1907157301902771,-0.0742979496717453,-0.0016981568187475113,-0.19059786743450163,-0.0742659116115057,0.002767187407365047
28.98000000000173,4.35927414894104,-0.42713573575019836,3.53855299949646,1.6125801094896548,-1.077515594098064,0.13679509535140577,-0.06386656696856732,0.04120231280964688,-3.8013038333324873e-06,-0.19012674689292908,-0.0691223219037056,0.0004136658681091006,-0.18992785676772225,-0.06895499550774843,0.00482852530471117
28.990000000001732,4.35927414894104,-0.42713573575019836,3.53855299949646,1.6125801094896548,-1.077515594098064,0.13679509535140577,-0.06386656696856732,0.04120231280964688,-3.8013038333324873e-06,-0.19012674689292908,-0.0691223219037056,0.0004136658681091006,-0.18992785676772225,-0.06895499550774843,0.00482852530471117
29.000000000001734,4.35927414894104,-0.42713573575019836,3.53855299949646,1.6125801094896548,-1.077515594098064,0.13679509535140577,-0.06386656696856732,0.04120231280964688,-3.8013038333324873e-06,-0.19012674689292908,-0.0691223219037056,0.0004136658681091006,-0.18992785676772225,-0.06895499550774843,0.00482852530471117
29.010000000001735,4.404641270637512,-0.45719823241233826,3.5411622524261475,1.6087032579118044,-1.058395667915313,0.13007633314475983,-0.07132634871849698,0.03844446487777947,8.944784741834123e-05,-0.18438394367694855,-0.06840094178915024,-0.000548107374925158,-0.1842174763205913,-0.068266083781386,0.004331140250636528
29.020000000001737,4.404641270637512,-0.45719823241233826,3.5411622524261475,1.6087032579118044,-1.058395667915313,0.13007633314475983,-0.07132634871849698,0.03844446487777947,8.944784741834123e-05,-0.18438394367694855,-0.06840094178915024,-0.000548107374925158,-0.1842174763205913,-0.068266083781386,0.004331140250636528
29.03000000000174,4.404641270637512,-0.45719823241233826,3.5411622524261475,1.6087032579118044,-1.058395667915313,0.13007633314475983,-0.07132634871849698,0.03844446487777947,8.944784741834123e-05,-0.18438394367694855,-0.06840094178915024,-0.000548107374925158,-0.1842174763205913,-0.068266083781386,0.004331140250636528
29.04000000000174,4.404641270637512,-0.45719823241233826,3.5411622524261475,1.6087032579118044,-1.058395667915313,0.13007633314475983,-0.07132634871849698,0.03844446487777947,8.944784741834123e-05,-0.18438394367694855,-0.06840094178915024,-0.000548107374925158,-0.1842174763205913,-0.068266083781386,0.004331140250636528
29.05000000000174,4.469222187995911,-0.49900874495506287,3.545320987701416,1.6023186523441,-1.0293292489610348,0.12750817591697422,-0.0778493443365008,0.0358681703830301,0.0001750757311956264,-0.18039929866790771,-0.07158584892749786,-0.0019220944959670219,-0.1802682873955679,-0.0715185174108379,0.0036533608131595497
29.060000000001743,4.469222187995911,-0.49900874495506287,3.545320987701416,1.6023186523441,-1.0293292489610348,0.12750817591697422,-0.0778493443365008,0.0358681703830301,0.0001750757311956264,-0.18039929866790771,-0.07158584892749786,-0.0019220944959670219,-0.1802682873955679,-0.0715185174108379,0.0036533608131595497
29.070000000001745,4.469222187995911,-0.49900874495506287,3.545320987701416,1.6023186523441,-1.0293292489610348,0.12750817591697422,-0.0778493443365008,0.0358681703830301,0.0001750757311956264,-0.18039929866790771,-0.07158584892749786,-0.0019220944959670219,-0.1802682873955679,-0.0715185174108379,0.0036533608131595497
29.080000000001746,4.52066695690155,-0.5314754843711853,3.5489938259124756,1.5964550924141343,-1.0039419458322743,0.12798889090706367,-0.08217085488374679,0.03418266102847536,0.0002773979717611686,-0.18019962310791016,-0.0701315626502037,-0.0018317777430638584,-0.1800652092918835,-0.07004527936926527,0.003932988000865297
29.090000000001748,4.52066695690155,-0.5314754843711853,3.5489938259124756,1.5964550924141343,-1.0039419458322743,0.12798889090706367,-0.08217085488374679,0.03418266102847536,0.0002773979717611686,-0.18019962310791016,-0.0701315626502037,-0.0018317777430638584,-0.1800652092918835,-0.07004527936926527,0.003932988000865297
29.10000000000175,4.52066695690155,-0.5314754843711853,3.5489938259124756,1.5964550924141343,-1.0039419458322743,0.12798889090706367,-0.08217085488374679,0.03418266102847536,0.0002773979717611686,-0.18019962310791016,-0.0701315626502037,-0.0018317777430638584,-0.1800652092918835,-0.07004527936926527,0.003932988000865297
29.11000000000175,4.565504789352417,-0.559187650680542,3.5522806644439697,1.5912612781589275,-0.9806406749766222,0.12445008510852536,-0.0884446016839609,0.03163250714552292,0.000408347536852897,-0.17333456873893738,-0.07029731571674347,-0.0007349413936026309,-0.17316125188481385,-0.0700874632544322,0.005479988058570653
29.120000000001752,4.565504789352417,-0.559187650680542,3.5522806644439697,1.5912612781589275,-0.9806406749766222,0.12445008510852536,-0.0884446016839609,0.03163250714552292,0.000408347536852897,-0.17333456873893738,-0.07029731571674347,-0.0007349413936026309,-0.17316125188481385,-0.0700874632544322,0.005479988058570653
29.130000000001754,4.565504789352417,-0.559187650680542,3.5522806644439697,1.5912612781589275,-0.9806406749766222,0.12445008510852536,-0.0884446016839609,0.03163250714552292,0.000408347536852897,-0.17333456873893738,-0.07029731571674347,-0.0007349413936026309,-0.17316125188481385,-0.0700874632544322,0.005479988058570653
29.140000000001756,4.565504789352417,-0.559187650680542,3.5522806644439697,1.5912612781589275,-0.9806406749766222,0.12445008510852536,-0.0884446016839609,0.03163250714552292,0.000408347536852897,-0.17333456873893738,-0.07029731571674347,-0.0007349413936026309,-0.17316125188481385,-0.0700874632544322,0.005479988058570653
29.150000000001757,4.629234194755554,-0.5974963903427124,3.5573861598968506,1.582426078767415,-0.9449539896314192,0.12221680641824625,-0.09616621606112997,0.02831260380739926,0.0005543867064466525,-0.1786525547504425,-0.07624426484107971,-0.0049981386400759125,-0.17858612182202216,-0.07637189680191993,0.0023467218056240757
29.16000000000176,4.629234194755554,-0.5974963903427124,3.5573861598968506,1.582426078767415,-0.9449539896314192,0.12221680641824625,-0.09616621606112997,0.02831260380739926,0.0005543867064466525,-0.1786525547504425,-0.07624426484107971,-0.0049981386400759125,-0.17858612182202216,-0.07637189680191993,0.0023467218056240757
29.17000000000176,4.629234194755554,-0.5974963903427124,3.5573861598968506,1.582426078767415,-0.9449539896314192,0.12221680641824625,-0.09616621606112997,0.02831260380739926,0.0005543867064466525,-0.1786525547504425,-0.07624426484107971,-0.0049981386400759125,-0.17858612182202216,-0.07637189680191993,0.0023467218056240757
29.180000000001762,4.679934024810791,-0.6269978880882263,3.561887741088867,1.5740790992366025,-0.9149739815966421,0.12422070441263033,-0.09967866133259327,0.02674249271687887,0.0006271622831929276,-0.17575138807296753,-0.07905476540327072,-0.004413584247231474,-0.1756584262710028,-0.07910156490608324,0.0034765975002728784
29.190000000001763,4.679934024810791,-0.6269978880882263,3.561887741088867,1.5740790992366025,-0.9149739815966421,0.12422070441263033,-0.09967866133259327,0.02674249271687887,0.0006271622831929276,-0.17575138807296753,-0.07905476540327072,-0.004413584247231474,-0.1756584262710028,-0.07910156490608324,0.0034765975002728784
29.200000000001765,4.679934024810791,-0.6269978880882263,3.561887741088867,1.5740790992366025,-0.9149739815966421,0.12422070441263033,-0.09967866133259327,0.02674249271687887,0.0006271622831929276,-0.17575138807296753,-0.07905476540327072,-0.004413584247231474,-0.1756584262710028,-0.07910156490608324,0.0034765975002728784
29.210000000001767,4.7234203815460205,-0.6524251699447632,3.5641841888427734,1.5659696250501711,-0.8879895400425072,0.11995831293941162,-0.10635114541899977,0.02365580120990715,0.0007376042912245618,-0.16635823249816895,-0.07749003916978836,-0.003871154505759468,-0.1662546872309338,-0.07746315001644602,0.004377569975995772
29.220000000001768,4.7234203815460205,-0.6524251699447632,3.5641841888427734,1.5659696250501711,-0.8879895400425072,0.11995831293941162,-0.10635114541899977,0.02365580120990715,0.0007376042912245618,-0.16635823249816895,-0.07749003916978836,-0.003871154505759468,-0.1662546872309338,-0.07746315001644602,0.004377569975995772
29.23000000000177,4.7234203815460205,-0.6524251699447632,3.5641841888427734,1.5659696250501711,-0.8879895400425072,0.11995831293941162,-0.10635114541899977,0.02365580120990715,0.0007376042912245618,-0.16635823249816895,-0.07749003916978836,-0.003871154505759468,-0.1662546872309338,-0.07746315001644602,0.004377569975995772
29.24000000000177,4.7234203815460205,-0.6524251699447632,3.5641841888427734,1.5659696250501711,-0.8879895400425072,0.11995831293941162,-0.10635114541899977,0.02365580120990715,0.0007376042912245618,-0.16635823249816895,-0.07749003916978836,-0.003871154505759468,-0.1662546872309338,-0.07746315001644602,0.004377569975995772
29.250000000001773,4.785259008407593,-0.6872162222862244,3.568331480026245,1.5542777084698698,-0.8466039583942646,0.12002243090450279,-0.11295037734793004,0.020610140897643823,0.0007861687366374788,-0.16520337760448456,-0.07327667623758316,-0.0064773336052894506,-0.16516580037632825,-0.07353981145745421,0.0018233688359616826
29.260000000001774,4.785259008407593,-0.6872162222862244,3.568331480026245,1.5542777084698698,-0.8466039583942646,0.12002243090450279,-0.11295037734793004,0.020610140897643823,0.0007861687366374788,-0.16520337760448456,-0.07327667623758316,-0.0064773336052894506,-0.16516580037632825,-0.07353981145745421,0.0018233688359616826
29.270000000001776,4.785259008407593,-0.6872162222862244,3.568331480026245,1.5542777084698698,-0.8466039583942646,0.12002243090450279,-0.11295037734793004,0.020610140897643823,0.0007861687366374788,-0.16520337760448456,-0.07327667623758316,-0.0064773336052894506,-0.16516580037632825,-0.07353981145745421,0.0018233688359616826
29.280000000001777,4.834437251091003,-0.7136958241462708,3.5720129013061523,1.5435393903835979,-0.8117929939799872,0.12687986434567464,-0.11554300728170051,0.019445909001466356,0.0008509024657546401,-0.16037611663341522,-0.07243603467941284,-0.004176433198153964,-0.16029438915292007,-0.0724345397354268,0.00420307590148987
29.29000000000178,4.834437251091003,-0.7136958241462708,3.5720129013061523,1.5435393903835979,-0.8117929939799872,0.12687986434567464,-0.11554300728170051,0.019445909001466356,0.0008509024657546401,-0.16037611663341522,-0.07243603467941284,-0.004176433198153964,-0.16029438915292007,-0.0724345397354268,0.00420307590148987
29.30000000000178,4.834437251091003,-0.7136958241462708,3.5720129013061523,1.5435393903835979,-0.8117929939799872,0.12687986434567464,-0.11554300728170051,0.019445909001466356,0.0008509024657546401,-0.16037611663341522,-0.07243603467941284,-0.004176433198153964,-0.16029438915292007,-0.0724345397354268,0.00420307590148987
29.310000000001782,4.877130031585693,-0.735928475856781,3.5753719806671143,1.5344481180704284,-0.7805454763362494,0.12740667560971436,-0.12190566430941137,0.016742593287890083,0.000993093221393978,-0.16047631204128265,-0.06584861129522324,-0.00383743876591324,-0.1604060118424517,-0.06582657683439187,0.004199079681953093
29.320000000001784,4.877130031585693,-0.735928475856781,3.5753719806671143,1.5344481180704284,-0.7805454763362494,0.12740667560971436,-0.12190566430941137,0.016742593287890083,0.000993093221393978,-0.16047631204128265,-0.06584861129522324,-0.00383743876591324,-0.1604060118424517,-0.06582657683439187,0.004199079681953093
29.330000000001785,4.877130031585693,-0.735928475856781,3.5753719806671143,1.5344481180704284,-0.7805454763362494,0.12740667560971436,-0.12190566430941137,0.016742593287890083,0.000993093221393978,-0.16047631204128265,-0.06584861129522324,-0.00383743876591324,-0.1604060118424517,-0.06582657683439187,0.004199079681953093
29.340000000001787,4.877130031585693,-0.735928475856781,3.5753719806671143,1.5344481180704284,-0.7805454763362494,0.12740667560971436,-0.12190566430941137,0.016742593287890083,0.000993093221393978,-0.16047631204128265,-0.06584861129522324,-0.00383743876591324,-0.1604060118424517,-0.06582657683439187,0.004199079681953093
29.35000000000179,4.937751770019531,-0.7658964395523071,3.5808722972869873,1.520485704913055,-0.7332408015972803,0.13268006356200324,-0.1287278978626948,0.013881786076618326,0.001067431675695606,-0.1500907987356186,-0.06435691565275192,-0.007603266276419155,-0.15008078498997587,-0.06480047807723137,0.000721381759483911
29.36000000000179,4.937751770019531,-0.7658964395523071,3.5808722972869873,1.520485704913055,-0.7332408015972803,0.13268006356200324,-0.1287278978626948,0.013881786076618326,0.001067431675695606,-0.1500907987356186,-0.06435691565275192,-0.007603266276419155,-0.15008078498997587,-0.06480047807723137,0.000721381759483911
29.37000000000179,4.937751770019531,-0.7658964395523071,3.5808722972869873,1.520485704913055,-0.7332408015972803,0.13268006356200324,-0.1287278978626948,0.013881786076618326,0.001067431675695606,-0.1500907987356186,-0.06435691565275192,-0.007603266276419155,-0.15008078498997587,-0.06480047807723137,0.000721381759483911
29.380000000001793,4.985894560813904,-0.7883599996566772,3.5858423709869385,1.5079992124613848,-0.6946296464387346,0.1408208261810041,-0.1309997094589797,0.012871899590861532,0.0010467660819266178,-0.1394810974597931,-0.06028280034661293,-0.007671874947845928,-0.13947764346573197,-0.06076842672464719,0.0002683434110249
29.390000000001795,4.985894560813904,-0.7883599996566772,3.5858423709869385,1.5079992124613848,-0.6946296464387346,0.1408208261810041,-0.1309997094589797,0.012871899590861532,0.0010467660819266178,-0.1394810974597931,-0.06028280034661293,-0.007671874947845928,-0.13947764346573197,-0.06076842672464719,0.0002683434110249
29.400000000001796,4.985894560813904,-0.7883599996566772,3.5858423709869385,1.5079992124613848,-0.6946296464387346,0.1408208261810041,-0.1309997094589797,0.012871899590861532,0.0010467660819266178,-0.1394810974597931,-0.06028280034661293,-0.007671874947845928,-0.13947764346573197,-0.06076842672464719,0.0002683434110249
29.410000000001798,5.027653217315674,-0.8069600462913513,3.590235948562622,1.4969963097127572,-0.660704351334522,0.142140284768167,-0.1366688796194028,0.010078370049094775,0.0010734833018761379,-0.1213163286447525,-0.0617896243929863,-0.007677782326936714,-0.12130814206292904,-0.06225950730672421,0.0008123059954385865
29.4200000000018,5.027653217315674,-0.8069600462913513,3.590235948562622,1.4969963097127572,-0.660704351334522,0.142140284768167,-0.1366688796194028,0.010078370049094775,0.0010734833018761379,-0.1213163286447525,-0.0617896243929863,-0.007677782326936714,-0.12130814206292904,-0.06225950730672421,0.0008123059954385865
29.4300000000018,5.027653217315674,-0.8069600462913513,3.590235948562622,1.4969963097127572,-0.660704351334522,0.142140284768167,-0.1366688796194028,0.010078370049094775,0.0010734833018761379,-0.1213163286447525,-0.0617896243929863,-0.007677782326936714,-0.12130814206292904,-0.06225950730672421,0.0008123059954385865
29.440000000001803,5.027653217315674,-0.8069600462913513,3.590235948562622,1.4969963097127572,-0.660704351334522,0.142140284768167,-0.1366688796194028,0.010078370049094775,0.0010734833018761379,-0.1213163286447525,-0.0617896243929863,-0.007677782326936714,-0.12130814206292904,-0.06225950730672421,0.0008123059954385865
29.450000000001804,5.086846351623535,-0.8317388296127319,3.5970988273620605,1.4810085187631372,-0.6107499043271731,0.14899997301960807,-0.1410647917998693,0.007795320741251395,0.0011133227162594872,-0.12479925155639648,-0.06554834544658661,-0.006334625184535972,-0.12477629991217581,-0.0657878758231771,0.0029443146003455558
29.460000000001806,5.086846351623535,-0.8317388296127319,3.5970988273620605,1.4810085187631372,-0.6107499043271731,0.14899997301960807,-0.1410647917998693,0.007795320741251395,0.0011133227162594872,-0.12479925155639648,-0.06554834544658661,-0.006334625184535972,-0.12477629991217581,-0.0657878758231771,0.0029443146003455558
29.470000000001807,5.086846351623535,-0.8317388296127319,3.5970988273620605,1.4810085187631372,-0.6107499043271731,0.14899997301960807,-0.1410647917998693,0.007795320741251395,0.0011133227162594872,-0.12479925155639648,-0.06554834544658661,-0.006334625184535972,-0.12477629991217581,-0.0657878758231771,0.0029443146003455558
29.48000000000181,5.1337730884552,-0.8500290513038635,3.602844476699829,1.4680345376524555,-0.569934828874137,0.1555466892463212,-0.14395603253501466,0.006222729690555605,0.001149970492407651,-0.12062341719865799,-0.06367237865924835,-0.0071019288152456206,-0.12061031240011952,-0.06403260308933251,0.0021059701715051226
29.49000000000181,5.1337730884552,-0.8500290513038635,3.602844476699829,1.4680345376524555,-0.569934828874137,0.1555466892463212,-0.14395603253501466,0.006222729690555605,0.001149970492407651,-0.12062341719865799,-0.06367237865924835,-0.0071019288152456206,-0.12061031240011952,-0.06403260308933251,0.0021059701715051226
29.500000000001812,5.1337730884552,-0.8500290513038635,3.602844476699829,1.4680345376524555,-0.569934828874137,0.1555466892463212,-0.14395603253501466,0.006222729690555605,0.001149970492407651,-0.12062341719865799,-0.06367237865924835,-0.0071019288152456206,-0.12061031240011952,-0.06403260308933251,0.0021059701715051226
29.510000000001813,5.17445182800293,-0.8649469614028931,3.607891798019409,1.4562702966696146,-0.5344742093985545,0.15821050102316303,-0.1488071223787744,0.003631486317231387,0.0012712588006820044,-0.12004591524600983,-0.0662192776799202,-0.004584459587931625,-0.12002672719194393,-0.06616714962720323,0.005283813448303518
29.520000000001815,5.17445182800293,-0.8649469614028931,3.607891798019409,1.4562702966696146,-0.5344742093985545,0.15821050102316303,-0.1488071223787744,0.003631486317231387,0.0012712588006820044,-0.12004591524600983,-0.0662192776799202,-0.004584459587931625,-0.12002672719194393,-0.06616714962720323,0.005283813448303518
29.530000000001817,5.17445182800293,-0.8649469614028931,3.607891798019409,1.4562702966696146,-0.5344742093985545,0.15821050102316303,-0.1488071223787744,0.003631486317231387,0.0012712588006820044,-0.12004591524600983,-0.0662192776799202,-0.004584459587931625,-0.12002672719194393,-0.06616714962720323,0.005283813448303518
29.540000000001818,5.17445182800293,-0.8649469614028931,3.607891798019409,1.4562702966696146,-0.5344742093985545,0.15821050102316303,-0.1488071223787744,0.003631486317231387,0.0012712588006820044,-0.12004591524600983,-0.0662192776799202,-0.004584459587931625,-0.12002672719194393,-0.06616714962720323,0.005283813448303518
29.55000000000182,5.232013463973999,-0.8843568563461304,3.6156227588653564,1.4392410912117173,-0.4813610977139402,0.16477003056101858,-0.15351579332313234,0.0007544626772803382,0.001373366494374437,-0.1148192286491394,-0.07479000091552734,-0.008712955750524989,-0.1148170966018252,-0.07524276737943762,0.002825915158784795
29.56000000000182,5.232013463973999,-0.8843568563461304,3.6156227588653564,1.4392410912117173,-0.4813610977139402,0.16477003056101858,-0.15351579332313234,0.0007544626772803382,0.001373366494374437,-0.1148192286491394,-0.07479000091552734,-0.008712955750524989,-0.1148170966018252,-0.07524276737943762,0.002825915158784795
29.570000000001823,5.232013463973999,-0.8843568563461304,3.6156227588653564,1.4392410912117173,-0.4813610977139402,0.16477003056101858,-0.15351579332313234,0.0007544626772803382,0.001373366494374437,-0.1148192286491394,-0.07479000091552734,-0.008712955750524989,-0.1148170966018252,-0.07524276737943762,0.002825915158784795
29.580000000001824,5.27759051322937,-0.8982568979263306,3.6221563816070557,1.4240708827759654,-0.4381716369013945,0.1723711582393215,-0.1557993780926281,-0.0007013626671413669,0.0014550657372547746,-0.11309414356946945,-0.07208823412656784,-0.006924061104655257,-0.11309719149893052,-0.07228949301108915,0.004345725619206375
29.590000000001826,5.27759051322937,-0.8982568979263306,3.6221563816070557,1.4240708827759654,-0.4381716369013945,0.1723711582393215,-0.1557993780926281,-0.0007013626671413669,0.0014550657372547746,-0.11309414356946945,-0.07208823412656784,-0.006924061104655257,-0.11309719149893052,-0.07228949301108915,0.004345725619206375
29.600000000001828,5.27759051322937,-0.8982568979263306,3.6221563816070557,1.4240708827759654,-0.4381716369013945,0.1723711582393215,-0.1557993780926281,-0.0007013626671413669,0.0014550657372547746,-0.11309414356946945,-0.07208823412656784,-0.006924061104655257,-0.11309719149893052,-0.07228949301108915,0.004345725619206375
29.61000000000183,5.31704306602478,-0.9104791879653931,3.6257362365722656,1.4107268004907565,-0.4009975422955323,0.1749056539508399,-0.1602034967976457,-0.0037135579015469015,0.0015658990989547278,-0.10747182369232178,-0.07590351998806,-0.011187755502760402,-0.10747577332713391,-0.07671622413522088,0.0010635740696055237
29.62000000000183,5.31704306602478,-0.9104791879653931,3.6257362365722656,1.4107268004907565,-0.4009975422955323,0.1749056539508399,-0.1602034967976457,-0.0037135579015469015,0.0015658990989547278,-0.10747182369232178,-0.07590351998806,-0.011187755502760402,-0.10747577332713391,-0.07671622413522088,0.0010635740696055237
29.630000000001832,5.31704306602478,-0.9104791879653931,3.6257362365722656,1.4107268004907565,-0.4009975422955323,0.1749056539508399,-0.1602034967976457,-0.0037135579015469015,0.0015658990989547278,-0.10747182369232178,-0.07590351998806,-0.011187755502760402,-0.10747577332713391,-0.07671622413522088,0.0010635740696055237
29.640000000001834,5.31704306602478,-0.9104791879653931,3.6257362365722656,1.4107268004907565,-0.4009975422955323,0.1749056539508399,-0.1602034967976457,-0.0037135579015469015,0.0015658990989547278,-0.10747182369232178,-0.07590351998806,-0.011187755502760402,-0.10747577332713391,-0.07671622413522088,0.0010635740696055237
29.650000000001835,5.372758388519287,-0.9257233738899231,3.631572961807251,1.3909265238766344,-0.34627109425149927,0.18322757384511523,-0.16432896096683225,-0.006902847216648686,0.001792655016565476,-0.10423800349235535,-0.08005396276712418,-0.008693908341228952,-0.10426919981970642,-0.08039774370994522,0.004519377891546224
29.660000000001837,5.372758388519287,-0.9257233738899231,3.631572961807251,1.3909265238766344,-0.34627109425149927,0.18322757384511523,-0.16432896096683225,-0.006902847216648686,0.001792655016565476,-0.10423800349235535,-0.08005396276712418,-0.008693908341228952,-0.10426919981970642,-0.08039774370994522,0.004519377891546224
29.67000000000184,5.372758388519287,-0.9257233738899231,3.631572961807251,1.3909265238766344,-0.34627109425149927,0.18322757384511523,-0.16432896096683225,-0.006902847216648686,0.001792655016565476,-0.10423800349235535,-0.08005396276712418,-0.008693908341228952,-0.10426919981970642,-0.08039774370994522,0.004519377891546224
29.68000000000184,5.416751861572266,-0.9360540509223938,3.636979341506958,1.3739317821526724,-0.30127446385358875,0.19449579415538243,-0.16637501304869703,-0.008498839593558693,0.001852929365059751,-0.10307369381189346,-0.07864445447921753,-0.011012624017894258,-0.10309208263448492,-0.0793822826279434,0.002163712323607343
29.69000000000184,5.416751861572266,-0.9360540509223938,3.636979341506958,1.3739317821526724,-0.30127446385358875,0.19449579415538243,-0.16637501304869703,-0.008498839593558693,0.001852929365059751,-0.10307369381189346,-0.07864445447921753,-0.011012624017894258,-0.10309208263448492,-0.0793822826279434,0.002163712323607343
29.700000000001843,5.416751861572266,-0.9360540509223938,3.636979341506958,1.3739317821526724,-0.30127446385358875,0.19449579415538243,-0.16637501304869703,-0.008498839593558693,0.001852929365059751,-0.10307369381189346,-0.07864445447921753,-0.011012624017894258,-0.10309208263448492,-0.0793822826279434,0.002163712323607343
29.710000000001845,5.4547412395477295,-0.9439228773117065,3.64152193069458,1.3585746726268575,-0.2618028072611931,0.20254218711608185,-0.1703051436995036,-0.011454469734668201,0.0019213987919542246,-0.09674422442913055,-0.07208879292011261,-0.01026588585227727,-0.09676828514648654,-0.07278578529696271,0.002100598636919994
29.720000000001846,5.4547412395477295,-0.9439228773117065,3.64152193069458,1.3585746726268575,-0.2618028072611931,0.20254218711608185,-0.1703051436995036,-0.011454469734668201,0.0019213987919542246,-0.09674422442913055,-0.07208879292011261,-0.01026588585227727,-0.09676828514648654,-0.07278578529696271,0.002100598636919994
29.730000000001848,5.4547412395477295,-0.9439228773117065,3.64152193069458,1.3585746726268575,-0.2618028072611931,0.20254218711608185,-0.1703051436995036,-0.011454469734668201,0.0019213987919542246,-0.09674422442913055,-0.07208879292011261,-0.01026588585227727,-0.09676828514648654,-0.07278578529696271,0.002100598636919994
29.74000000000185,5.4547412395477295,-0.9439228773117065,3.64152193069458,1.3585746726268575,-0.2618028072611931,0.20254218711608185,-0.1703051436995036,-0.011454469734668201,0.0019213987919542246,-0.09674422442913055,-0.07208879292011261,-0.01026588585227727,-0.09676828514648654,-0.07278578529696271,0.002100598636919994
29.75000000000185,5.508260250091553,-0.952894389629364,3.6489806175231934,1.3355475388423421,-0.20455259768920428,0.2165011931201022,-0.17391363323672315,-0.014435662582950485,0.002094814929755015,-0.08427682518959045,-0.07281488180160522,-0.007320061791688195,-0.08435464056440577,-0.07298312757722228,0.0053906827670832875
29.760000000001853,5.508260250091553,-0.952894389629364,3.6489806175231934,1.3355475388423421,-0.20455259768920428,0.2165011931201022,-0.17391363323672315,-0.014435662582950485,0.002094814929755015,-0.08427682518959045,-0.07281488180160522,-0.007320061791688195,-0.08435464056440577,-0.07298312757722228,0.0053906827670832875
29.770000000001854,5.508260250091553,-0.952894389629364,3.6489806175231934,1.3355475388423421,-0.20455259768920428,0.2165011931201022,-0.17391363323672315,-0.014435662582950485,0.002094814929755015,-0.08427682518959045,-0.07281488180160522,-0.007320061791688195,-0.08435464056440577,-0.07298312757722228,0.0053906827670832875
29.780000000001856,5.5503833293914795,-0.9581814408302307,3.65553879737854,1.3165061369953934,-0.15874341263525843,0.22918837293955596,-0.17545203377658997,-0.01590992036710954,0.0021203120213685736,-0.07688304781913757,-0.07283926010131836,-0.01239163987338542,-0.07689120917362509,-0.07388401352317622,0.0005129943216100768
29.790000000001857,5.5503833293914795,-0.9581814408302307,3.65553879737854,1.3165061369953934,-0.15874341263525843,0.22918837293955596,-0.17545203377658997,-0.01590992036710954,0.0021203120213685736,-0.07688304781913757,-0.07283926010131836,-0.01239163987338542,-0.07689120917362509,-0.07388401352317622,0.0005129943216100768
29.80000000000186,5.5503833293914795,-0.9581814408302307,3.65553879737854,1.3165061369953934,-0.15874341263525843,0.22918837293955596,-0.17545203377658997,-0.01590992036710954,0.0021203120213685736,-0.07688304781913757,-0.07283926010131836,-0.01239163987338542,-0.07689120917362509,-0.07388401352317622,0.0005129943216100768
29.81000000000186,5.586717844009399,-0.961576521396637,3.6613705158233643,1.3007212251970937,-0.11817884118823246,0.2364382188123328,-0.1781219840294003,-0.018656113279724527,0.002209583091741076,-0.06264041364192963,-0.06659184396266937,-0.010911099612712851,-0.06266019854967209,-0.06747148558083735,0.0010605668599760684
29.820000000001862,5.586717844009399,-0.961576521396637,3.6613705158233643,1.3007212251970937,-0.11817884118823246,0.2364382188123328,-0.1781219840294003,-0.018656113279724527,0.002209583091741076,-0.06264041364192963,-0.06659184396266937,-0.010911099612712851,-0.06266019854967209,-0.06747148558083735,0.0010605668599760684
29.830000000001863,5.586717844009399,-0.961576521396637,3.6613705158233643,1.3007212251970937,-0.11817884118823246,0.2364382188123328,-0.1781219840294003,-0.018656113279724527,0.002209583091741076,-0.06264041364192963,-0.06659184396266937,-0.010911099612712851,-0.06266019854967209,-0.06747148558083735,0.0010605668599760684
29.840000000001865,5.586717844009399,-0.961576521396637,3.6613705158233643,1.3007212251970937,-0.11817884118823246,0.2364382188123328,-0.1781219840294003,-0.018656113279724527,0.002209583091741076,-0.06264041364192963,-0.06659184396266937,-0.010911099612712851,-0.06266019854967209,-0.06747148558083735,0.0010605668599760684
29.850000000001867,5.637827634811401,-0.9641736149787903,3.670236587524414,1.2761130485598793,-0.05990846135915077,0.24834604158829726,-0.1801707482788061,-0.02097191686185232,0.0022074634853138857,-0.0540473498404026,-0.06342115253210068,-0.01101072691380977,-0.05405851731065719,-0.06436765667935375,0.0005325354370496935
29.860000000001868,5.637827634811401,-0.9641736149787903,3.670236587524414,1.2761130485598793,-0.05990846135915077,0.24834604158829726,-0.1801707482788061,-0.02097191686185232,0.0022074634853138857,-0.0540473498404026,-0.06342115253210068,-0.01101072691380977,-0.05405851731065719,-0.06436765667935375,0.0005325354370496935
29.87000000000187,5.637827634811401,-0.9641736149787903,3.670236587524414,1.2761130485598793,-0.05990846135915077,0.24834604158829726,-0.1801707482788061,-0.02097191686185232,0.0022074634853138857,-0.0540473498404026,-0.06342115253210068,-0.01101072691380977,-0.05405851731065719,-0.06436765667935375,0.0005325354370496935
29.88000000000187,5.677983522415161,-0.9643886089324951,3.6777327060699463,1.256136633024495,-0.012852786520123317,0.2576832079039321,-0.18140621600071608,-0.02253438541671003,0.0021939715815862573,-0.051213234663009644,-0.065311960875988,-0.01270637195557355,-0.05119712541940848,-0.06653264800132275,-0.0007149343884485833
29.890000000001873,5.677983522415161,-0.9643886089324951,3.6777327060699463,1.256136633024495,-0.012852786520123317,0.2576832079039321,-0.18140621600071608,-0.02253438541671003,0.0021939715815862573,-0.051213234663009644,-0.065311960875988,-0.01270637195557355,-0.05119712541940848,-0.06653264800132275,-0.0007149343884485833
29.900000000001874,5.677983522415161,-0.9643886089324951,3.6777327060699463,1.256136633024495,-0.012852786520123317,0.2576832079039321,-0.18140621600071608,-0.02253438541671003,0.0021939715815862573,-0.051213234663009644,-0.065311960875988,-0.01270637195557355,-0.05119712541940848,-0.06653264800132275,-0.0007149343884485833
29.910000000001876,5.712534189224243,-0.9633103013038635,3.6841909885406494,1.2384420039762147,0.02869913533768674,0.2645071702019153,-0.18321168385777115,-0.025415816484778985,0.0022358495859337024,-0.03978055715560913,-0.07396004348993301,-0.012681519612669936,-0.039806115412526995,-0.0750326473474208,0.0010057126733807834
29.920000000001878,5.712534189224243,-0.9633103013038635,3.6841909885406494,1.2384420039762147,0.02869913533768674,0.2645071702019153,-0.18321168385777115,-0.025415816484778985,0.0022358495859337024,-0.03978055715560913,-0.07396004348993301,-0.012681519612669936,-0.039806115412526995,-0.0750326473474208,0.0010057126733807834
29.93000000000188,5.712534189224243,-0.9633103013038635,3.6841909885406494,1.2384420039762147,0.02869913533768674,0.2645071702019153,-0.18321168385777115,-0.025415816484778985,0.0022358495859337024,-0.03978055715560913,-0.07396004348993301,-0.012681519612669936,-0.039806115412526995,-0.0750326473474208,0.0010057126733807834
29.94000000000188,5.712534189224243,-0.9633103013038635,3.6841909885406494,1.2384420039762147,0.02869913533768674,0.2645071702019153,-0.18321168385777115,-0.025415816484778985,0.0022358495859337024,-0.03978055715560913,-0.07396004348993301,-0.012681519612669936,-0.039806115412526995,-0.0750326473474208,0.0010057126733807834
29.950000000001882,5.761005163192749,-0.9595828056335449,3.6935667991638184,1.2120538189423518,0.0875711341863081,0.27608368655049287,-0.1845605610600788,-0.02840895774025535,0.0022247967968652446,-0.03196382522583008,-0.07452110201120377,-0.014342011883854857,-0.03195181259145884,-0.07588747753545068,-0.000422903595072578
29.960000000001884,5.761005163192749,-0.9595828056335449,3.6935667991638184,1.2120538189423518,0.0875711341863081,0.27608368655049287,-0.1845605610600788,-0.02840895774025535,0.0022247967968652446,-0.03196382522583008,-0.07452110201120377,-0.014342011883854857,-0.03195181259145884,-0.07588747753545068,-0.000422903595072578
29.970000000001885,5.761005163192749,-0.9595828056335449,3.6935667991638184,1.2120538189423518,0.0875711341863081,0.27608368655049287,-0.1845605610600788,-0.02840895774025535,0.0022247967968652446,-0.03196382522583008,-0.07452110201120377,-0.014342011883854857,-0.03195181259145884,-0.07588747753545068,-0.000422903595072578
29.980000000001887,5.799004554748535,-0.9547752737998962,3.701491594314575,1.1900797876097085,0.13438646264020893,0.28720701776590923,-0.1851004457870102,-0.029837035747064717,0.0022678973438631424,-0.026564940810203552,-0.07088308036327362,-0.00917222071439027,-0.026685224431357738,-0.07136034299830837,0.004031951132280357
29.99000000000189,5.799004554748535,-0.9547752737998962,3.701491594314575,1.1900797876097085,0.13438646264020893,0.28720701776590923,-0.1851004457870102,-0.029837035747064717,0.0022678973438631424,-0.026564940810203552,-0.07088308036327362,-0.00917222071439027,-0.026685224431357738,-0.07136034299830837,0.004031951132280357
30.00000000000189,5.799004554748535,-0.9547752737998962,3.701491594314575,1.1900797876097085,0.13438646264020893,0.28720701776590923,-0.1851004457870102,-0.029837035747064717,0.0022678973438631424,-0.026564940810203552,-0.07088308036327362,-0.00917222071439027,-0.026685224431357738,-0.07136034299830837,0.004031951132280357
