time,throttle,thrust
0.01,16.6270277658347,0.6334105815556076
0.02,16.62702796047791,0.633410588970587
0.03,16.601494760940078,0.6324378956548601
0.04,16.630224662836355,0.6335323681080516
0.05,16.630224141879886,0.6335323482620908
0.060000000000000005,16.71747133190442,0.6368560507392159
0.07,16.644010078754118,0.6340575268096806
0.08,16.644010273423426,0.6340575342256543
0.09,16.644010468092727,0.6340575416416276
0.09999999999999999,17.69842517629601,0.6742257210017527
0.10999999999999999,16.600276394822576,0.6323914817075267
0.11999999999999998,16.600276589782336,0.6323914891345651
0.12999999999999998,18.12920590910987,0.6906364155851379
0.13999999999999999,16.8949637921166,0.6436176682711084
0.15,16.89496399106805,0.6436176758502113
0.16,18.74687829444251,0.7141667921692384
0.17,17.521986620132886,0.6675042521955384
0.18000000000000002,17.521986444960408,0.6675042455223013
0.19000000000000003,17.52198626978793,0.667504238849064
0.20000000000000004,19.80038456745831,0.7543003644746021
0.21000000000000005,17.373878262233564,0.661862029037469
0.22000000000000006,17.37387808175608,0.6618620221621363
0.23000000000000007,18.83058148325,0.7173554850761904
0.24000000000000007,17.174242423745685,0.6542568542379308
0.25000000000000006,17.174242442130804,0.6542568549383163
0.26000000000000006,18.629827456028128,0.7097077126105953
0.2700000000000001,16.368954331597156,0.6235792126322726
0.2800000000000001,16.36895435065814,0.6235792133584053
0.2900000000000001,16.36895434264386,0.6235792130530994
0.3000000000000001,17.811983852107215,0.6785517657945604
0.3100000000000001,14.914938022286766,0.5681881151347339
0.3200000000000001,14.914938041561244,0.5681881158689998
0.3300000000000001,15.677847774964322,0.5972513438081646
0.34000000000000014,14.008312714755625,0.5336500081811666
0.35000000000000014,14.008312734285152,0.5336500089251486
0.36000000000000015,14.6714778477947,0.5589134418207504
0.37000000000000016,13.167500192739926,0.5016190549615209
0.38000000000000017,13.16750021240798,0.5016190557107801
0.3900000000000002,13.167500232076032,0.5016190564600392
0.4000000000000002,13.84377031409396,0.5273817262511985
0.4100000000000002,12.706758839702532,0.4840670034172393
0.4200000000000002,12.706758859419395,0.48406700416835785
0.4300000000000002,13.139752302308064,0.5005619924688786
0.4400000000000002,12.68382568581041,0.48319335945944414
0.45000000000000023,12.683825705626552,0.4831933602143448
0.46000000000000024,13.035638559217045,0.49659575463683975
0.47000000000000025,13.03639022080887,0.49662438936414743
0.48000000000000026,13.036390240701198,0.49662439012195037
0.49000000000000027,13.036390260593524,0.49662439087975324
0.5000000000000002,13.32599886554092,0.507657099639654
0.5100000000000002,13.493741934298741,0.5140473117828092
0.5200000000000002,13.493741954148843,0.5140473125390035
0.5300000000000002,13.446785982004812,0.5122585136001833
0.5400000000000003,13.70541829642172,0.5221111731970179
0.5500000000000003,13.705418315969569,0.5221111739416978
0.5600000000000003,13.684869299164319,0.5213283542538788
0.5700000000000003,14.22055854970156,0.5417355637981546
0.5800000000000003,14.22055856866929,0.5417355645207348
0.5900000000000003,14.220558587637019,0.5417355652433149
0.6000000000000003,13.687227708145754,0.5214181984055525
0.6100000000000003,14.226281834410335,0.5419535936918223
0.6200000000000003,14.226281853010724,0.5419535944004085
0.6300000000000003,12.90900609033215,0.4917716605840819
0.6400000000000003,14.958190826485419,0.5698358410089683
0.6500000000000004,14.958190844293643,0.5698358416873768
0.6600000000000004,14.019742622301113,0.5340854332305185
0.6700000000000004,16.223568962465873,0.6180407223796522
0.6800000000000004,16.223568979617323,0.6180407230330408
0.6900000000000004,16.22356899676877,0.6180407236864293
0.7000000000000004,14.135990976027594,0.5385139419439083
0.7100000000000004,17.032733610275937,0.6488660422962261
0.7200000000000004,17.032733579253314,0.6488660411144119
0.7300000000000004,14.37999265249916,0.5478092439047298
0.7400000000000004,18.513268675022957,0.7052673780961126
0.7500000000000004,18.513253976123565,0.7052668181380405
0.7600000000000005,17.23663485586567,0.6566337087948826
0.7700000000000005,20.37023273798544,0.776008866208969
0.7800000000000005,20.370181533718807,0.7760069155702402
0.7900000000000005,20.370130329452174,0.7760049649315113
0.8000000000000005,18.03964864064365,0.687224710119758
0.8100000000000005,19.83456922253537,0.7556026370489665
0.8200000000000005,19.83447189739373,0.755598929424523
0.8300000000000005,17.54354609123701,0.6683255653804574
0.8400000000000005,20.01676689678643,0.7625435008299591
0.8500000000000005,20.01663371166084,0.7625384271108891
0.8600000000000005,19.77300375942774,0.7532572860734377
0.8700000000000006,20.03576417463747,0.763267206652856
0.8800000000000006,20.03558436193462,0.7632603566451284
0.8900000000000006,20.035404549231767,0.7632535066374005
0.9000000000000006,20.055104589933794,0.7640039843784302
0.9100000000000006,18.980421444236338,0.7230636740661461
0.9200000000000006,18.98017631075757,0.7230543356479074
0.9300000000000006,19.318070630898347,0.7359265002246989
0.9400000000000006,18.62268952080688,0.7094357912688335
0.9500000000000006,18.62239095949141,0.7094244175044345
0.9600000000000006,19.861076324373247,0.756612431404695
0.9700000000000006,18.063611251987815,0.6881375715042977
0.9800000000000006,18.063245432583756,0.6881236355270002
0.9900000000000007,18.062879613179692,0.6881096995497025
1.0000000000000007,19.765031322385052,0.7529535741860972
1.0100000000000007,17.1430756499797,0.6530695485706551
1.0200000000000007,17.142614601155934,0.6530519848059403
1.0300000000000007,18.236818148219793,0.694735929455992
1.0400000000000007,16.45602056105392,0.6268960213734825
1.0500000000000007,16.455486533793923,0.6268756774778637
1.0600000000000007,17.81400778545672,0.6786288680173989
1.0700000000000007,15.390658337972667,0.5863107938275302
1.0800000000000007,15.390036013312796,0.5862870862214398
1.0900000000000007,15.389413642450926,0.5862633768552733
1.1000000000000008,16.60285601629605,0.6324897530017543
1.1100000000000008,14.543676480201864,0.5540448182934042
1.1200000000000008,14.542937468026334,0.5540166654486222
1.1300000000000008,15.043907933366842,0.573101254604451
1.1400000000000008,13.96343512139942,0.5319403855771208
1.1500000000000008,13.962614014823975,0.5319091053266276
1.1600000000000008,14.296419400465545,0.544625500970116
1.1700000000000008,13.508754615972105,0.514619223465604
1.1800000000000008,13.50784030788416,0.5145843926813013
1.1900000000000008,13.506925816196969,0.5145495549027416
1.2000000000000008,13.532902876605343,0.515539157204013
1.2100000000000009,13.311703576200538,0.5071125171885918
1.2200000000000009,13.310673059258198,0.5070732594003122
1.2300000000000009,13.221226281107672,0.503665763089816
1.2400000000000009,13.259932239470293,0.5051402757893445
1.2500000000000009,13.25882569091846,0.5050981215587984
1.260000000000001,13.045343494342431,0.4969654664511402
1.270000000000001,13.27008493711871,0.5055270452235698
1.280000000000001,13.268894295035905,0.5054816874299392
1.290000000000001,13.2677036529531,0.5054363296363086
1.300000000000001,13.018263612087281,0.49593385188903927
1.310000000000001,13.413343132854871,0.5109845002992331
1.320000000000001,13.412049719341967,0.5109352274035035
1.330000000000001,13.332909083493039,0.50792034603783
1.340000000000001,13.442176025744022,0.5120828962188199
1.350000000000001,13.44081816795477,0.5120311683030389
1.360000000000001,13.226500627011811,0.5038666905528308
1.370000000000001,13.484747204331324,0.513704655403098
1.380000000000001,13.483318179166071,0.5136502163491836
1.390000000000001,13.48188915400082,0.5135957772952693
1.400000000000001,13.254349500001043,0.5049276000000397
1.410000000000001,13.603762625086972,0.5182385761937893
1.420000000000001,13.602248393141663,0.5181808911673014
1.430000000000001,13.46796148938096,0.513065199595465
1.440000000000001,13.665320372371276,0.5205836332331915
1.450000000000001,13.663751682524705,0.5205238736199888
1.460000000000001,13.321490924634164,0.5074853685574919
1.470000000000001,13.69299919848345,0.5216380647041314
1.480000000000001,13.691371312658022,0.5215760500060198
1.490000000000001,13.689743247053284,0.5215140284591727
1.500000000000001,13.305421163535664,0.506873187182311
1.5100000000000011,13.797748399473976,0.5256285104561514
1.5200000000000011,13.796052141901772,0.5255638911200674
1.5300000000000011,13.559724106011112,0.5165609183242328
1.5400000000000011,13.8148128183421,0.5262785835558894
1.5500000000000012,13.813073265662865,0.5262123148823948
1.5600000000000012,13.458703469868318,0.5127125131378406
1.5700000000000012,13.840821247351508,0.527269380851486
1.5800000000000012,13.83903671271927,0.5272013985797817
1.5900000000000012,13.837252357872492,0.5271334231570473
1.6000000000000012,13.475873657139584,0.5133666155100793
1.6100000000000012,13.948884125530677,0.5313860619249782
1.6200000000000012,13.947049887149479,0.531316186177123
1.6300000000000012,13.695935443929905,0.5217499216735202
1.6400000000000012,13.959025922762859,0.5317724161052517
1.6500000000000012,13.957160011651677,0.5317013337772067
1.6600000000000013,13.690991305679097,0.5215615735496798
1.6700000000000013,14.039774895820166,0.5348485674598158
1.6800000000000013,14.037893389247017,0.5347768910189339
1.6900000000000013,14.036011702938188,0.5347052077309785
1.7000000000000013,13.717062612667299,0.5225547661968494
1.7100000000000013,14.308264577830853,0.5450767458221277
1.7200000000000013,14.306396518496665,0.5450055816570157
1.7300000000000013,13.970708046289383,0.5322174493824526
1.7400000000000013,14.466447047438514,0.5511027446643243
1.7500000000000013,14.464591864217693,0.5510320710178168
1.7600000000000013,14.179626714424034,0.5401762557875822
1.7700000000000014,14.672354729292127,0.5589468468301763
1.7800000000000014,14.670516250311772,0.5588768095356865
1.7900000000000014,14.66867777133142,0.5588067722411969
1.8000000000000014,14.08094816652955,0.5364170730106494
1.8100000000000014,14.972581563860148,0.5703840595756247
1.8200000000000014,14.97076501437664,0.5703148576905386
1.8300000000000014,14.276787873198575,0.5438776332647076
1.8400000000000014,15.022858155298875,0.5722993582971
1.8500000000000014,15.021059187148708,0.5722308261770936
1.8600000000000014,14.537928681549236,0.5538258545352089
1.8700000000000014,14.99088834095247,0.571081460607713
1.8800000000000014,14.98911026919644,0.5710137245408167
1.8900000000000015,14.987332175071217,0.5709459876217606
1.9000000000000015,14.142003949955535,0.5387430076173537
1.9100000000000015,14.913747128318205,0.5681427477454554
1.9200000000000015,14.911994616426108,0.5680759853876612
1.9300000000000015,14.030711439874464,0.5345032929475986
1.9400000000000015,14.939464865399465,0.5691224710628368
1.9500000000000015,14.937730874282344,0.5690564142583749
1.9600000000000015,14.691273375288594,0.5596675571538512
1.9700000000000015,15.111877464028707,0.5756905700582364
1.9800000000000015,15.110164280620506,0.5756253059284001
1.9900000000000015,15.108451097212305,0.5755600417985639
2.0000000000000013,14.790053327813478,0.5634306029643229
2.010000000000001,15.291057668218146,0.5825164825987864
2.020000000000001,15.289371284553331,0.5824522394115554
2.0300000000000007,15.09486596564524,0.5750425129769615
2.0400000000000005,15.406576604807766,0.5869172039926768
2.0500000000000003,15.404908133350299,0.5868536431752495
2.06,15.788941197154136,0.6014834741773004
2.07,15.657370903575899,0.596471272517177
2.0799999999999996,15.65572260304743,0.5964084801160925
2.0899999999999994,15.654074302518962,0.5963456877150081
2.099999999999999,16.118015531014418,0.6140196392767396
2.109999999999999,15.810554492861664,0.6023068378233014
2.1199999999999988,15.808933205733902,0.6022450745041487
2.1299999999999986,16.20468129126234,0.6173211920480891
2.1399999999999983,15.886132541931975,0.6051860015974085
2.149999999999998,15.884528822458028,0.6051249075222106
2.159999999999998,16.42904882177152,0.6258685265436769
2.1699999999999977,15.870164810699713,0.6045777070742747
2.1799999999999975,15.86858138882761,0.6045173862410518
2.1899999999999973,15.866997966955509,0.6044570654078288
2.199999999999997,16.339421215454596,0.6224541415411274
2.209999999999997,15.736177659886808,0.5994734346623546
2.2199999999999966,15.73461913374064,0.5994140622377386
2.2299999999999964,16.040737144288368,0.6110757007347949
2.239999999999996,15.676327964358654,0.597193446261282
2.249999999999996,15.674785273804536,0.5971346770973156
2.259999999999996,16.028629085244322,0.6106144413426408
2.2699999999999956,15.525284845547505,0.5914394226875239
2.2799999999999954,15.52375904924276,0.5913812971140098
2.289999999999995,15.522233252938014,0.5913231715404957
2.299999999999995,15.847325415104237,0.6037076348611138
2.3099999999999947,15.323798826335215,0.58376376481277
2.3199999999999945,15.322292473064781,0.5837063799262773
2.3299999999999943,15.504546436352493,0.5906493880515234
2.339999999999994,15.236488220369539,0.5804376464902681
2.349999999999994,15.234994409281839,0.5803807394012128
2.3599999999999937,15.34151791461802,0.5844387776997341
2.3699999999999934,15.125238882235843,0.5761995764661273
2.3799999999999932,15.123758703889656,0.5761431887196059
2.389999999999993,15.122278525543468,0.5760868009730844
2.399999999999993,15.176266901198927,0.5781435009980543
2.4099999999999926,15.002193313756845,0.5715121262383559
2.4199999999999924,15.000729381651347,0.5714563573962417
2.429999999999992,15.021562811132702,0.5722500118526743
2.439999999999992,14.969899885236904,0.5702819003899773
2.4499999999999917,14.968446592253446,0.5702265368477503
2.4599999999999915,14.895039377968441,0.5674300715416548
2.4699999999999913,14.90267198087503,0.5677208373666678
2.479999999999991,14.901229831793033,0.5676658983540203
2.489999999999991,14.899787682711036,0.5676109593413727
2.4999999999999907,14.810074452185063,0.5641933124641928
2.5099999999999905,14.857524085751578,0.566000917552441
2.5199999999999902,14.85609571163396,0.5659465033003414
2.52999999999999,14.814119122905328,0.5643473951582981
2.53999999999999,14.853955526186782,0.5658649724261631
2.5499999999999896,14.852537441150012,0.565810950139048
2.5599999999999894,14.7068957942418,0.5602626969234971
2.569999999999989,14.859787724347575,0.5660871514037171
2.579999999999989,14.858381662554061,0.5660335871449166
2.5899999999999888,14.85697569058846,0.5659800263081317
2.5999999999999885,14.70282681200904,0.5601076880765348
2.6099999999999883,14.881042531323,0.5668968583361143
2.619999999999988,14.879651618751845,0.5668438711905465
2.629999999999988,14.776795023095596,0.562925524689356
2.6399999999999877,14.897215085612464,0.5675129556423796
2.6499999999999875,14.89583553860777,0.5674604014707721
2.6599999999999873,14.725404215383493,0.5609677796336568
2.669999999999987,14.916544746544998,0.5682493236779046
2.679999999999987,14.915178716196955,0.5681972844265506
2.6899999999999866,14.913812685848912,0.5681452451751966
2.6999999999999864,14.721269735163938,0.5608102756252928
2.709999999999986,14.93972188727574,0.5691322623724091
2.719999999999986,14.938372856830032,0.5690808707363821
2.7299999999999858,14.819041789902553,0.564534925329621
2.7399999999999856,14.952671400121346,0.5696255771474799
2.7499999999999853,14.951335184716916,0.5695746737035015
2.759999999999985,14.814644429093132,0.5643674068225955
2.769999999999985,14.96997860818979,0.570284899359611
2.7799999999999847,14.968657429998391,0.5702345687618434
2.7899999999999845,14.967336251806993,0.5701842381640758
2.7999999999999843,14.802861986511065,0.5639185518670882
2.809999999999984,14.973602428605966,0.5704229496611796
2.819999999999984,14.972299562434188,0.5703733166641595
2.8299999999999836,14.849301806113505,0.565687687851943
2.8399999999999834,14.96937547437305,0.570261922833259
2.849999999999983,14.9680850610285,0.570212764229657
2.859999999999983,14.876913418700639,0.5667395588076434
2.869999999999983,14.9708709084353,0.5703188917499161
2.8799999999999826,14.969593633260493,0.5702702336480188
2.8899999999999824,14.968316358085682,0.5702215755461212
2.899999999999982,14.849226621273914,0.5656848236675777
2.909999999999982,14.96391272929395,0.5700538182588171
2.9199999999999817,14.962651332371788,0.5700057650427347
2.9299999999999815,14.867819077138863,0.5663931077005281
2.9399999999999813,14.949345135536612,0.5694988623061567
2.949999999999981,14.948095079491065,0.5694512411234691
2.959999999999981,14.88566734421344,0.5670730416843215
2.9699999999999807,14.952122401379299,0.5696046629096875
2.9799999999999804,14.950885409343222,0.5695575394035512
2.9899999999999802,14.949648417307143,0.5695104158974149
2.99999999999998,14.864646279553359,0.5662722392210803
3.00999999999998,14.968881676351026,0.570243111480039
3.0199999999999796,14.967660922470978,0.5701966065703229
3.0299999999999794,14.901550227720909,0.5676781039131774
3.039999999999979,14.990864886046364,0.5710805670874805
3.049999999999979,14.989655473040884,0.5710344942110812
3.0599999999999787,14.958052833854076,0.5698305841468219
3.0699999999999785,15.020467945969457,0.5722083027035983
3.0799999999999783,15.019271718802853,0.5721627321448706
3.089999999999978,15.01807549163625,0.5721171615861428
3.099999999999978,14.983543238439529,0.5708016471786487
3.1099999999999777,15.05116666624547,0.5733777777617322
3.1199999999999775,15.049987036001852,0.5733328394667372
3.1299999999999772,15.02372532827463,0.5723323934580811
3.139999999999977,15.069937086442849,0.574092841388299
3.149999999999977,15.068768848669817,0.5740483370921835
3.1599999999999766,15.087097829232224,0.5747465839707513
3.1699999999999764,15.098065830373866,0.575164412585671
3.179999999999976,15.0969108380937,0.57512041287976
3.189999999999976,15.095755845813537,0.5750764131738489
3.1999999999999758,15.11392106642151,0.5757684215779623
3.2099999999999755,15.12012929276287,0.5760049254385855
3.2199999999999753,15.11899074520352,0.5759615521982293
3.229999999999975,15.154571474174105,0.5773170085399658
3.239999999999975,15.131260131663339,0.5764289573966985
3.2499999999999747,15.13013222072983,0.5763859893611364
3.2599999999999745,15.193955325208817,0.5788173457222406
3.2699999999999743,15.142269852982837,0.5768483753517271
3.279999999999974,15.141153479519849,0.5768058468388513
3.289999999999974,15.14003710605686,0.5767633183259756
3.2999999999999736,15.222171649061812,0.5798922532975928
3.3099999999999734,15.145391010494091,0.576967276590251
3.319999999999973,15.144288921508936,0.5769252922479594
3.329999999999973,15.197208454253968,0.5789412744477701
3.3399999999999728,15.148239655787178,0.5770757964109401
3.3499999999999726,15.147146926432699,0.5770341686260075
3.3599999999999723,15.19980029662298,0.579040011299923
3.369999999999972,15.128400317614048,0.5763200120995827
3.379999999999972,15.127318607452878,0.5762788040934429
3.3899999999999717,15.126236874902286,0.5762375952343728
3.3999999999999715,15.192480396480407,0.5787611579611583
3.4099999999999713,15.122801715366595,0.5761067320139655
3.419999999999971,15.121733301625124,0.5760660305380999
3.429999999999971,15.159079806860836,0.5774887545470794
3.4399999999999706,15.10139689344756,0.5752913102265736
3.4499999999999704,15.100337500567369,0.5752509524025664
3.45999999999997,15.136654045613824,0.5766344398329075
3.46999999999997,15.080998948512153,0.5745142456576058
3.47999999999997,15.079949721177018,0.5744742750924577
3.4899999999999696,15.078900505032712,0.574434304953627
3.4999999999999694,15.140433474684754,0.5767784180832286
3.509999999999969,15.072809087428348,0.5742022509496513
3.519999999999969,15.071772004115997,0.5741627430139427
3.5299999999999687,15.09322805770009,0.5749801164838129
3.5399999999999685,15.06946157669856,0.5740747267313736
3.5499999999999683,15.068432731402044,0.5740355326248398
3.559999999999968,15.092076513648848,0.5749362481390037
3.569999999999968,15.070507935708736,0.5741145880269994
3.5799999999999677,15.069488610667191,0.5740757565968453
3.5899999999999674,15.06846928562564,0.574036925166691
3.5999999999999672,15.055186962758071,0.5735309319145931
3.609999999999967,15.055780264170899,0.5735535338731771
3.619999999999967,15.0547725759925,0.5735151457520952
3.6299999999999666,15.050429139100961,0.5733496814895603
3.6399999999999664,15.060098793370146,0.5737180492712436
3.649999999999966,15.059098605082136,0.5736799468602718
3.659999999999966,15.048262638775888,0.5732671481438433
3.6699999999999657,15.051369406813102,0.5733855012119277
3.6799999999999655,15.05037686660767,0.5733476901564826
3.6899999999999653,15.049384320809024,0.5733098788879627
3.699999999999965,15.036037962536913,0.5728014461918823
3.709999999999965,15.020680652987906,0.5722164058281106
3.7199999999999647,15.019697540828684,0.5721789539363308
3.7299999999999645,15.01531398883779,0.5720119614795348
3.7399999999999642,15.022501771868392,0.5722857817854625
3.749999999999964,15.021525221069341,0.5722485798502606
3.759999999999964,14.995416808661703,0.5712539736633029
3.7699999999999636,15.000495916288594,0.5714474634776607
3.7799999999999634,14.999526946524117,0.5714105503437759
3.789999999999963,14.99855797675964,0.571373637209891
3.799999999999963,14.985696432469979,0.5708836736179039
3.8099999999999627,15.015582464452725,0.5720221891220085
3.8199999999999625,15.014622814065524,0.5719856310120199
3.8299999999999623,14.996239217575562,0.571285303526688
3.839999999999962,15.022512128956398,0.572286176341196
3.849999999999962,15.021558838571085,0.5722498605169937
3.8599999999999617,15.002161938303802,0.5715109309830019
3.8699999999999615,15.027433388262866,0.5724736528862043
3.8799999999999613,15.026487707701115,0.5724376269600424
3.889999999999961,15.025542038326513,0.5724016014600576
3.899999999999961,15.01262369712518,0.5719094741761973
3.9099999999999606,15.028357072236089,0.5725088408470891
3.9199999999999604,15.02742070370871,0.5724731696650937
3.92999999999996,15.003072429644511,0.5715456163674099
3.93999999999996,15.01826116242627,0.572124234759096
3.9499999999999598,15.017331217169072,0.5720888082731075
3.9599999999999596,15.00375131455482,0.5715714786497074
3.9699999999999593,15.027515544892614,0.5724767826625757
3.979999999999959,15.026593085676861,0.5724416413591185
3.989999999999959,15.025670615273459,0.572406499629465
3.9999999999999587,15.000866397451402,0.5714615770457676
4.009999999999959,15.012990143424707,0.5719234340352268
4.019999999999959,15.01207687507866,0.5718886428601394
4.0299999999999585,14.997088608726115,0.5713176612848043
4.039999999999958,15.011340908436283,0.5718606060356679
4.049999999999958,15.01043344175859,0.5718260358765177
4.059999999999958,15.006690960699734,0.5716834651695136
4.069999999999958,15.00702643074984,0.5716962449809463
4.079999999999957,15.006125227246317,0.5716619134189073
4.089999999999957,15.005224023742793,0.5716275818568682
4.099999999999957,15.000770895778434,0.5714579388867974
4.109999999999957,15.003431099532534,0.5715592799821917
4.119999999999957,15.002537465884282,0.5715252367955916
4.129999999999956,15.003221997173657,0.5715513141780441
4.139999999999956,15.010105342343524,0.5718135368511817
4.149999999999956,15.009216964864418,0.5717796938995968
4.159999999999956,15.01141616938793,0.5718634731195401
4.1699999999999555,15.004806363325049,0.5716116709838113
4.179999999999955,15.003924240571303,0.5715780663074782
4.189999999999955,15.003042117817557,0.571544461631145
4.199999999999955,15.0063045765437,0.5716687457730932
4.209999999999955,15.01030377213321,0.5718210960812651
4.2199999999999545,15.00942947280237,0.5717877894400902
4.229999999999954,15.005845685000253,0.5716512641904857
4.239999999999954,15.013853716352761,0.5719563320515337
4.249999999999954,15.012984926509635,0.5719232352956051
4.259999999999954,15.012694698643822,0.571912178995955
4.269999999999953,15.014134780608051,0.571967039261259
4.279999999999953,15.01327226476776,0.5719341815149622
4.289999999999953,15.012409771304448,0.5719013246211218
4.299999999999953,15.010785953277077,0.5718394648867458
4.3099999999999525,15.015844882490887,0.5720321859996528
4.319999999999952,15.01499007038434,0.5719996217289272
4.329999999999952,15.014406751991784,0.5719774000758774
4.339999999999952,15.013355911830137,0.5719373680697195
4.349999999999952,15.012506481323108,0.5719050088123088
4.3599999999999515,15.009063390511256,0.5717738434480478
4.369999999999951,15.005350232163368,0.5716323897966996
4.379999999999951,15.004507143554768,0.5716002721354196
4.389999999999951,15.003664054946166,0.5715681544741396
4.399999999999951,14.998551497944643,0.5713733903978911
4.40999999999995,14.993909514312698,0.571196552926198
4.41999999999995,14.993073985849538,0.5711647232704585
4.42999999999995,14.98365357870802,0.5708058506174484
4.43999999999995,14.989612910889,0.5710328727957714
4.4499999999999496,14.98878221103586,0.5710012270870803
4.459999999999949,14.990883375835766,0.5710812714604101
4.469999999999949,14.983555987868682,0.5708021328711879
4.479999999999949,14.982730471029754,0.5707706846106573
4.489999999999949,14.981904931813887,0.5707392354976718
4.4999999999999485,14.988272343457743,0.5709818035602949
4.509999999999948,14.98181564592314,0.5707358341304053
4.519999999999948,14.980996667746506,0.5707046349617716
4.529999999999948,14.979335794693178,0.5706413636073591
4.539999999999948,14.978742275817824,0.5706187533644885
4.549999999999947,14.977927708641428,0.570587722233959
4.559999999999947,14.99166554483604,0.5711110683747063
4.569999999999947,14.979639983284036,0.5706529517441538
4.579999999999947,14.97883080178986,0.5706221257824708
4.589999999999947,14.978021597916296,0.5705912989682398
4.599999999999946,14.976544492403391,0.570535028282034
4.609999999999946,14.97699776441947,0.5705522957874084
4.619999999999946,14.976195041357084,0.5705217158612221
4.629999999999946,14.974318663046278,0.5704502347827153
4.6399999999999455,14.984051264203805,0.5708210005410973
4.649999999999945,14.983253040639655,0.5707905920243678
4.659999999999945,14.979685887982606,0.5706547004945755
4.669999999999945,14.982187269158883,0.5707499912060526
4.679999999999945,14.981394435333966,0.5707197880127225
4.689999999999944,14.980601601509047,0.5706895848193922
4.699999999999944,14.972919681637508,0.5703969402528574
4.709999999999944,14.977196525429413,0.5705598676354061
4.719999999999944,14.976410454118957,0.5705299220616745
4.729999999999944,14.97365052131455,0.5704247817643637
4.739999999999943,14.97991260627153,0.5706633373817726
4.749999999999943,14.979131142076495,0.5706335673171997
4.759999999999943,14.971874540940775,0.5703571253691723
4.769999999999943,14.964110302809392,0.5700613448689291
4.7799999999999425,14.96333550467424,0.5700318287494948
4.789999999999942,14.962560684152917,0.5700023117772539
4.799999999999942,14.946822652366736,0.569402767709209
4.809999999999942,14.965079982972656,0.5700982850656249
4.819999999999942,14.96431059753419,0.5700689751441596
4.8299999999999415,14.953801472376654,0.5696686275191105
4.839999999999941,14.964480681656829,0.5700754545393077
4.849999999999941,14.963715506635525,0.5700463050146867
4.859999999999941,14.969201853178808,0.5702553086925259
4.869999999999941,14.966358050826166,0.5701469733648062
4.87999999999994,14.965597407269023,0.5701179964673913
4.88999999999994,14.964836741321463,0.570089018717008
4.89999999999994,14.96475630225424,0.57008595437159
4.90999999999994,14.97273345510803,0.5703898459088772
4.9199999999999395,14.971978544849462,0.5703610874228365
4.929999999999939,14.971810690451708,0.5703546929695889
4.939999999999939,14.973539572506578,0.5704205551431076
4.949999999999939,14.972788647230317,0.5703919484659168
4.959999999999939,14.971654495572675,0.5703487426884828
4.9699999999999385,14.970960247577542,0.5703222951458111
4.979999999999938,14.970214249368826,0.5702938761664315
4.989999999999938,14.96946825116011,0.5702654571870518
4.999999999999938,14.970907556587063,0.5703202878699833
5.009999999999938,14.981846714560024,0.5707370176975247
5.019999999999937,14.981107027439998,0.5707088391405714
5.029999999999937,14.98165635082905,0.5707297657458685
5.039999999999937,14.991905669079442,0.571120215964931
5.049999999999937,14.991170255132243,0.571092200195514
5.0599999999999365,14.992554437600903,0.5711449309562249
5.069999999999936,14.988734636860752,0.5709994147375524
5.079999999999936,14.988004517993543,0.5709716006854683
5.089999999999936,14.987274399126337,0.5709437866333842
5.099999999999936,14.98568730235294,0.5708833258039214
5.1099999999999355,14.992953348880073,0.5711601275763837
5.119999999999935,14.992229934659447,0.5711325689394074
5.129999999999935,14.979958114190204,0.5706650710167697
5.139999999999935,14.99351558630555,0.5711815461449733
5.149999999999935,14.992796944941272,0.571154169331096
5.159999999999934,14.988192668261942,0.5709787683147406
5.169999999999934,14.993610166256907,0.5711851491907393
5.179999999999934,14.992897196728553,0.571157988446802
5.189999999999934,14.99218423839943,0.571130828129502
5.199999999999934,14.986551424991205,0.5709162447615697
5.209999999999933,14.99120684912111,0.5710935942522327
5.219999999999933,14.990500801375095,0.5710666971952416
5.229999999999933,14.97809287664592,0.570594014348416
5.239999999999933,14.989384377689921,0.5710241667691398
5.2499999999999325,14.988682555962265,0.5709974307033243
5.259999999999932,14.988292927647494,0.5709825877199045
5.269999999999932,14.985221112146519,0.5708655661770102
5.279999999999932,14.984523866838355,0.5708390044509849
5.289999999999932,14.983826643927124,0.5708124435781761
5.299999999999931,14.981729833166018,0.5707325650729911
5.309999999999931,14.983451479508238,0.5707981516003138
5.319999999999931,14.982759901179051,0.570771805759202
5.329999999999931,14.980289073110214,0.5706776789756272
5.339999999999931,14.99384047179656,0.5711939227351069
5.34999999999993,14.9931528270797,0.5711677267458932
5.35999999999993,14.991583870512933,0.5711079569719212
5.36999999999993,14.996367195030736,0.5712901788583137
5.37999999999993,14.995684118695252,0.5712641569026762
5.3899999999999295,14.995001042359767,0.5712381349470387
5.399999999999929,14.983614916489769,0.5708043777710388
5.409999999999929,14.995782971778274,0.5712679227344104
5.419999999999929,14.995105466360602,0.5712421130042133
5.429999999999929,14.986595210560766,0.5709179127832672
5.4399999999999284,15.010050024725084,0.5718114295133365
5.449999999999928,15.009376387263424,0.5717857671338447
5.459999999999928,15.00577307355265,0.5716484980401009
5.469999999999928,15.018335488182773,0.5721270662164866
5.479999999999928,15.01766647754204,0.5721015800968395
5.489999999999927,15.016997466901307,0.5720760939771926
5.499999999999927,15.007081712868601,0.5716983509664229
5.509999999999927,15.027221623080898,0.572465585641177
5.519999999999927,15.026558357001774,0.5724403183619723
5.5299999999999265,15.025520828134239,0.5724007934527329
5.539999999999926,15.034330202144519,0.5727363886531245
5.549999999999926,15.033670597877647,0.5727112608715293
5.559999999999926,15.035024347689081,0.5727628322929174
5.569999999999926,15.03525036578822,0.5727714425062179
5.5799999999999255,15.03459531586016,0.5727464882232441
5.589999999999925,15.033940243541124,0.5727215330872809
5.599999999999925,15.02332096239634,0.57231698904367
5.609999999999925,15.040066759283835,0.5729549241631937
5.619999999999925,15.039417215061716,0.5729301796213987
5.629999999999924,15.037213924405448,0.572846244739255
5.639999999999924,15.044096827020475,0.5731084505531608
5.649999999999924,15.043451041116304,0.573083849185383
5.659999999999924,15.046561039969694,0.5732023253321787
5.6699999999999235,15.041612005768636,0.5730137906959479
5.679999999999923,15.040970224465747,0.5729893418844093
5.689999999999923,15.04032844316286,0.5729648930728708
5.699999999999923,15.045503280812236,0.573162029745228
5.709999999999923,15.043298325556982,0.5730780314497897
5.7199999999999225,15.04266155227611,0.5730537734200423
5.729999999999922,15.04059873591601,0.5729751899396575
5.739999999999922,15.036799094446213,0.572830441693189
5.749999999999922,15.036165487533074,0.5728063042869742
5.759999999999922,15.049489793978458,0.573313896913465
5.769999999999921,15.02806499146896,0.5724977139607222
5.779999999999921,15.027435286356265,0.5724737251945243
5.789999999999921,15.0268056036345,0.5724497372813142
5.799999999999921,15.017940599233897,0.5721120228279579
5.809999999999921,15.023536326251703,0.5723251933810172
5.81999999999992,15.022911055437808,0.5723013735404878
5.82999999999992,15.015992640169921,0.572037814863616
5.83999999999992,15.021510844565892,0.5722480321739387
5.84999999999992,15.020888582332736,0.5722243269460089
5.8599999999999195,15.016586892515393,0.5720604530482054
5.869999999999919,15.0237072279525,0.572331703922
5.879999999999919,15.023088593413004,0.572308136891924
5.889999999999919,15.02246995887351,0.572284569861848
5.899999999999919,15.00903158894434,0.5717726319597843
5.909999999999918,15.022830526834914,0.5722983057841872
5.919999999999918,15.022216406494366,0.5722749107235948
5.929999999999918,15.0041794016768,0.5715877867305448
5.939999999999918,15.025809364042189,0.5724117852968452
5.949999999999918,15.02519835733042,0.5723885088506826
5.959999999999917,15.018697906506352,0.5721408726288134
5.969999999999917,15.01134588184796,0.5718607954989698
5.979999999999917,15.01073920537444,0.5718376840142644
5.989999999999917,15.010132528900918,0.5718145725295587
5.9999999999999165,14.999126918999858,0.5713953111999945
6.009999999999916,15.01321848970759,0.5719321329412415
6.019999999999916,15.012615325889588,0.5719091552719843
6.029999999999916,15.009749071419924,0.5717999646255209
6.039999999999916,15.013215567360074,0.571932021613717
6.0499999999999154,15.012614637281999,0.5719091290393142
6.059999999999915,15.020165770366454,0.5721967912520554
6.069999999999915,15.002607934499189,0.5715279213142548
6.079999999999915,15.002008730785315,0.5715050945061072
6.089999999999915,15.001409504676493,0.5714822668448187
6.099999999999914,15.00571881789756,0.5716464311580022
6.109999999999914,14.998247346107775,0.5713618036612484
6.119999999999914,14.997650247754756,0.571339057057324
6.129999999999914,14.99661817669049,0.5712997400643995
6.1399999999999135,15.003982899856357,0.5715803009469088
6.149999999999913,15.003387349714076,0.5715576133224409
6.159999999999913,15.0039500746715,0.5715790504636762
6.169999999999913,14.996406903402274,0.5712916915581818
6.179999999999913,14.995813451412626,0.5712690838633381
6.1899999999999125,14.995220021818879,0.5712464770216715
6.199999999999912,14.987799431805202,0.5709637878782934
6.209999999999912,14.990575195726912,0.5710695312657871
6.219999999999912,14.98998431176292,0.5710470214004921
6.229999999999912,14.979358891551987,0.5706422434876947
6.239999999999911,14.990492884713758,0.5710663956081431
6.249999999999911,14.98990353242061,0.5710439440922137
6.259999999999911,14.981653581476952,0.570729660246741
6.269999999999911,14.989789695789637,0.5710396074586528
6.2799999999999105,14.989202947162974,0.571017255130018
6.28999999999991,14.98861617614042,0.5709949019482065
6.29999999999991,14.990333450765743,0.571060321933933
6.30999999999991,14.992375244830637,0.5711381045649766
6.31999999999991,14.991790569559171,0.5711158312213017
6.3299999999999095,14.983461482387218,0.5707985326623701
6.339999999999909,14.999812752928907,0.5714214382068155
6.349999999999909,14.999229851023495,0.5713992324199426
6.359999999999909,14.98587547738383,0.5708904943765268
6.369999999999909,15.005960959922351,0.5716556556160896
6.379999999999908,15.005380498843275,0.5716335428130771
6.389999999999908,15.0048000377642,0.5716114300100648
6.399999999999908,14.993794024441634,0.5711921533120622
6.409999999999908,15.017412830696554,0.5720919173598686
6.419999999999908,15.016835507277857,0.5720699240867755
6.429999999999907,15.023847457520798,0.5723370460007923
6.439999999999907,15.026149163443023,0.5724247300359246
6.449999999999907,15.025573317060001,0.5724027930308572
6.459999999999907,15.034757510934162,0.5727526670832062
6.4699999999999065,15.021199798993885,0.5722361828188146
6.479999999999906,15.02062455634187,0.5722142688130236
6.489999999999906,15.020049336077049,0.572192355660078
6.499999999999906,15.00918747286707,0.571778570394936
6.509999999999906,15.003472246967068,0.5715608475035073
6.519999999999905,15.002897588394141,0.5715389557483482
6.529999999999905,15.013633689142937,0.571947950062588
6.539999999999905,14.997357136606867,0.5713278909183568
6.549999999999905,14.996782828858127,0.5713060125279286
6.559999999999905,14.987050857258982,0.5709352707527231
6.569999999999904,14.995906764236395,0.5712726386375769
6.579999999999904,14.995333608284902,0.5712508041251391
6.589999999999904,14.994760452333407,0.5712289696127012
6.599999999999904,14.977190590880975,0.5705596415573704
6.6099999999999035,14.990699484999213,0.5710742660952081
6.619999999999903,14.990127738817359,0.5710524852882802
6.629999999999903,14.983167109679014,0.5707873184639624
6.639999999999903,14.978442901683666,0.5706073486355682
6.649999999999903,14.977872087682398,0.5705856033402817
6.659999999999902,14.969744162421954,0.5702759680922649
6.669999999999902,14.971455722432045,0.5703411703783636
6.679999999999902,14.970886334154743,0.5703194793963711
6.689999999999902,14.970316923488461,0.5702977875614651
6.699999999999902,14.957794413834803,0.5698207395746591
6.709999999999901,14.968533368916118,0.5702298426253759
6.719999999999901,14.967965779332967,0.5702082201650653
6.729999999999901,14.963500444968226,0.5700381121892657
6.739999999999901,14.960490946061517,0.5699234646118673
6.7499999999999005,14.95992474141691,0.5699018949111203
6.7599999999999,14.948841931740448,0.5694796926377313
6.7699999999999,14.967593228616208,0.5701940277568078
6.7799999999999,14.967029095617253,0.5701725369758953
6.7899999999999,14.96646498500887,0.5701510470479568
6.7999999999998995,14.944997106772908,0.5693332231151583
6.809999999999899,14.98240991275588,0.5707584728668906
6.819999999999899,14.981848123535695,0.5707370713727883
6.829999999999899,14.971275742576559,0.5703343140029165
6.839999999999899,14.984330955162813,0.5708316554347738
6.849999999999898,14.983770490061087,0.5708103043832794
6.859999999999898,14.98785996007306,0.5709660937170689
6.869999999999898,14.985168876609297,0.5708635762517826
6.879999999999898,14.984609531976135,0.5708422678848051
6.8899999999998975,14.984050187342973,0.5708209595178275
6.899999999999897,14.992425412588362,0.5711400157176518
6.909999999999897,14.988309566084327,0.5709832215651172
6.919999999999897,14.987751786055771,0.5709619728021246
6.929999999999897,14.98862549510529,0.570995256956392
6.9399999999998965,14.985806123506986,0.5708878523240756
6.949999999999896,14.98524943144957,0.5708666450076026
6.959999999999896,14.991505758613078,0.5711049812804981
6.969999999999896,14.987250469470931,0.570942875027464
6.979999999999896,14.986695536336825,0.5709217347175932
6.989999999999895,14.986140603202719,0.5709005944077226
6.999999999999895,14.998881145990477,0.5713859484186848
7.009999999999895,14.996711198722164,0.5713032837608443
7.019999999999895,14.996158446858795,0.5712822265470017
7.0299999999998946,14.995024252855536,0.5712390191564013
7.039999999999894,15.00506061241738,0.5716213566635192
7.049999999999894,15.00450945475584,0.5716003601811749
7.059999999999894,14.997454555950835,0.5713316021314603
7.069999999999894,15.008390215111412,0.5717481986709109
7.0799999999998935,15.00784111912619,0.5717272807286168
7.089999999999893,15.007292045529905,0.5717063636392344
7.099999999999893,14.98069485737288,0.5706931374237287
7.109999999999893,15.007724591713766,0.5717228415890958
7.119999999999893,15.007178091116256,0.5717020225187145
7.129999999999892,14.988906281087091,0.5710059535652224
7.139999999999892,15.01063991872285,0.5718339016656323
7.149999999999892,15.010095268519217,0.5718131530864463
7.159999999999892,14.998762825804706,0.5713814409830363
7.169999999999892,15.00420679879343,0.5715888304302258
7.179999999999891,15.003664581202193,0.5715681745219883
7.189999999999891,15.003122363610963,0.571547518613751
7.199999999999891,14.997678205134305,0.5713401221003545
7.209999999999891,15.000670197248496,0.5714541027523236
7.2199999999998905,15.000131087224007,0.5714335652275812
7.22999999999989,14.99843891346913,0.5713691014654906
7.23999999999989,14.997320166809313,0.5713264825451166
7.24999999999989,14.996782668918769,0.5713060064350006
7.25999999999989,15.000878381693928,0.57146203358834
7.269999999999889,14.996319593284534,0.5712883654584584
7.279999999999889,14.995783532812116,0.5712679441071281
7.289999999999889,14.995247472339699,0.571247522755798
7.299999999999889,15.001805570453167,0.5714973550648825
7.309999999999889,15.009100774050083,0.5717752675828602
7.319999999999888,15.008566517208111,0.5717549149412613
7.329999999999888,15.007702263113083,0.5717219909757365
7.339999999999888,15.017663067400129,0.5721014501866715
7.349999999999888,15.01713021217244,0.5720811509399024
7.3599999999998875,15.013194847514475,0.5719312322862656
7.369999999999887,15.01575759213105,0.5720288606526114
7.379999999999887,15.015226659056838,0.5720086346307366
7.389999999999887,15.014695748367183,0.5719884094616069
7.399999999999887,15.001110222843607,0.5714708656321373
7.4099999999998865,15.010453654560381,0.5718268058880145
7.419999999999886,15.009925240056166,0.5718066758116634
7.429999999999886,15.006860764471973,0.5716899338846465
7.439999999999886,15.00691953246951,0.5716921726655051
7.449999999999886,15.00639247626612,0.5716720943339474
7.459999999999885,15.003861600679649,0.5715756800258913
7.469999999999885,15.003326059536807,0.5715552784585449
7.479999999999885,15.002801028904244,0.5715352772915901
7.489999999999885,15.00227597588694,0.5715152752718834
7.4999999999998845,14.984541779157663,0.5708396868250538
7.509999999999884,14.998986623234245,0.5713899665993998
7.519999999999884,14.998464124956291,0.5713700619030967
7.529999999999884,14.993886904076124,0.5711956915838523
7.539999999999884,15.000225211417547,0.5714371509111446
7.5499999999998835,14.999704498979746,0.5714173142468474
7.559999999999883,14.980431460483286,0.5706831032565061
7.569999999999883,14.999328078982135,0.5714029744374146
7.579999999999883,14.998809637354206,0.5713832242801602
7.589999999999883,14.998291218112255,0.5713634749757049
7.599999999999882,14.978002014452787,0.5705905529315347
7.609999999999882,15.00810366297267,0.5717372823989588
7.619999999999882,15.007588239113687,0.5717176472043309
7.629999999999882,14.996903267164324,0.571310600653879
7.6399999999998816,15.00609400717415,0.5716607240828248
7.649999999999881,15.005580473044265,0.5716411608778768
7.659999999999881,15.009825754576203,0.5718028858886173
7.669999999999881,15.001186219628682,0.5714737607477592
7.679999999999881,15.00067459054934,0.5714542701161652
7.6899999999998805,15.000162961469995,0.5714347794845712
7.69999999999988,15.014846376230489,0.5719941476659234
7.70999999999988,15.00860230987006,0.5717562784712403
7.71999999999988,15.00809313493224,0.571736881330752
7.72999999999988,15.010878419401049,0.5718429874057542
7.739999999999879,15.006170507260643,0.571663638371834
7.749999999999879,15.005662872962462,0.5716442999223794
7.759999999999879,14.999667942928266,0.5714159216353625
7.769999999999879,15.016191369535376,0.5720453855061095
7.779999999999879,15.015685768429618,0.5720261245116044
7.789999999999878,15.015180144937704,0.5720068626642935
7.799999999999878,15.01165302663395,0.5718724962527219
7.809999999999878,15.02372594663376,0.5723324170146193
7.819999999999878,15.023222693169538,0.5723132454540776
7.8299999999998775,15.019330478468497,0.5721649706083236
7.839999999999877,15.028938188140433,0.572530978595826
7.849999999999877,15.028436603885298,0.5725118706242018
7.859999999999877,15.026844371377926,0.5724512141477305
7.869999999999877,15.026212508580267,0.5724271431840101
7.879999999999876,15.025712811003029,0.5724081070858296
7.889999999999876,15.02521311342579,0.5723890709876491
7.899999999999876,15.02511014182921,0.5723851482601603
7.909999999999876,15.022199286671091,0.572274258539851
7.919999999999876,15.021701824216597,0.5722553075892036
7.929999999999875,15.014634926951484,0.5719860924552945
7.939999999999875,15.017978250549977,0.5721134571638086
7.949999999999875,15.01748201974943,0.5720945531333116
7.959999999999875,15.003581166881897,0.5715649968335961
7.9699999999998745,15.017588447507284,0.5720986075240869
7.979999999999874,15.017094079837484,0.5720797744699994
7.989999999999874,15.016599712167686,0.5720609414159118
7.999999999999874,14.995150799212754,0.5712438399700096
8.009999999999874,15.01116205920838,0.5718537927317477
8.019999999999873,15.010669817102011,0.5718350406515051
8.029999999999873,15.00619443970264,0.57166455008391
8.039999999999873,15.007831926126217,0.571726930519094
8.049999999999873,15.007340867889848,0.5717082235386608
8.059999999999873,14.999020671130488,0.5713912636621138
8.069999999999872,14.998222114184818,0.5713608424451359
8.079999999999872,14.99773207788778,0.5713421743957249
8.089999999999872,14.997242041590741,0.5713235063463139
8.099999999999872,14.990602507657199,0.5710705717202742
8.109999999999872,14.982776312358094,0.5707724309469749
8.119999999999871,14.982287496107213,0.5707538093755128
8.129999999999871,14.978757496831074,0.5706193332126123
8.139999999999871,14.981144227229853,0.5707102562754229
8.14999999999987,14.980656108218142,0.570691661265453
8.15999999999987,14.975358678952766,0.5704898544362957
8.16999999999987,14.984542997854755,0.5708397332516096
8.17999999999987,14.984056028449437,0.5708211820361689
8.18999999999987,14.983569059044113,0.570802630820728
8.19999999999987,14.987496423120895,0.5709522446903198
8.20999999999987,14.992485993721022,0.5711423235703246
8.21999999999987,14.99200035108527,0.5711238228984864
8.229999999999869,14.991178604475724,0.5710925182657418
8.239999999999869,14.992058104872624,0.5711260230427666
8.249999999999869,14.99157335295576,0.5711075563030765
8.259999999999868,14.983033660984013,0.5707822347041528
8.269999999999868,14.995828251035775,0.5712696476585056
8.279999999999868,14.99534495008338,0.5712512361936525
8.289999999999868,14.994861649130984,0.5712328247287993
8.299999999999867,14.980061512192979,0.5706690099883039
8.309999999999867,14.998158903714861,0.5713584344272328
8.319999999999867,14.99767718082765,0.5713400830791485
8.329999999999867,14.993485784740832,0.5711804108472698
8.339999999999867,14.998410090011388,0.5713680034290052
8.349999999999866,14.99792929585231,0.5713496874610403
8.359999999999866,14.98987895978804,0.5710430079919253
8.369999999999866,14.996881091249302,0.5713097558571162
8.379999999999866,14.996401624795286,0.5712914904683918
8.389999999999866,14.99592213596299,0.5712732242271615
8.399999999999865,14.984864432304189,0.5708519783734929
8.409999999999865,14.985667692091612,0.5708825787463471
8.419999999999865,14.985189857179243,0.5708643755115902
8.429999999999865,14.972188777710617,0.5703690962937378
8.439999999999864,14.97872959106069,0.5706182701356453
8.449999999999864,14.978252294226868,0.5706000873991187
8.459999999999864,14.967492719586003,0.5701901988413715
8.469999999999864,14.968657193088049,0.5702345597366876
8.479999999999864,14.968180102608256,0.5702163848612669
8.489999999999863,14.967703012128464,0.5701982099858461
8.499999999999863,14.952222975615964,0.5696084943091795
8.509999999999863,14.962676054847798,0.5700067068513446
8.519999999999863,14.962198931926219,0.5699885307400464
8.529999999999863,14.952228826072673,0.5696087171837209
8.539999999999862,14.953874792059079,0.5696714206498696
8.549999999999862,14.953397811375861,0.5696532499571756
8.559999999999862,14.945207100342138,0.5693412228701766
8.569999999999862,14.950494485978274,0.5695426470848866
8.579999999999862,14.950018158097052,0.56952450126084
8.589999999999861,14.949541852593681,0.569506356289283
8.599999999999861,14.944358882831775,0.5693089098221628
8.60999999999986,14.949591674020915,0.5695082542484158
8.61999999999986,14.94911626781966,0.569490143535987
8.62999999999986,14.936057903310669,0.5689926820308826
8.63999999999986,14.958615536658758,0.5698520204441431
8.64999999999986,14.958140679984401,0.5698339306660724
8.65999999999986,14.951124451626084,0.5695666457762317
8.66999999999986,14.969748319785324,0.5702761264680123
8.67999999999986,14.969274731082612,0.5702580849936233
8.68999999999986,14.968801142379899,0.5702400435192342
8.699999999999859,14.966140086984197,0.5701386699803503
8.709999999999859,14.984274979916702,0.5708295230444457
8.719999999999859,14.983803240124367,0.5708115520047378
8.729999999999858,14.984196168128658,0.5708265206906155
8.739999999999858,14.993177087605238,0.5711686509563899
8.749999999999858,14.992706803737368,0.5711507353804711
8.759999999999858,14.991207414236571,0.5710936157804407
8.769999999999857,14.995305401482758,0.5712497295802955
8.779999999999857,14.994837070585,0.571231888403238
8.789999999999857,14.994368762059956,0.5712140480784744
8.799999999999857,14.975914043673171,0.5705110111875493
8.809999999999857,14.998161538491667,0.5713585347996825
8.819999999999856,14.997695573227622,0.5713407837420046
8.829999999999856,14.987053818397907,0.5709353835580154
8.839999999999856,15.000313725370635,0.5714405228712622
8.849999999999856,14.99984881765463,0.5714228121011288
8.859999999999856,14.983849708316454,0.5708133222215791
8.869999999999855,14.992268627938076,0.5711340429690696
8.879999999999855,14.9918042234509,0.5711163513695581
8.889999999999855,14.99133979659217,0.5710986589177969
8.899999999999855,14.977969777215337,0.5705893248462985
8.909999999999854,14.974929534053782,0.5704735060591917
8.919999999999854,14.974465774693943,0.5704558390359596
8.929999999999854,14.967463979258785,0.5701891039717631
8.939999999999854,14.964054650520362,0.570059224781728
8.949999999999854,14.963591306323512,0.5700415735742289
8.959999999999853,14.956255018860782,0.5697620959566012
8.969999999999853,14.954314816604898,0.5696881834897103
8.979999999999853,14.953852483555393,0.5696705708021101
8.989999999999853,14.953390150505891,0.5696529581145101
8.999999999999853,14.936034083664918,0.5689917746158063
9.009999999999852,14.959176130826625,0.5698733764124428
9.019999999999852,14.958715293139846,0.5698558206910417
9.029999999999852,14.945685799732368,0.5693594590374235
9.039999999999852,14.964229001383112,0.5700658667193566
9.049999999999851,14.96376936821461,0.5700483568843661
9.059999999999851,14.961785023401795,0.5699727627962589
9.069999999999851,14.98183132981565,0.5707364316120247
9.07999999999985,14.98137394788625,0.5707190075385238
9.08999999999985,14.980916543587597,0.5707015826128607
9.09999999999985,14.973442372085977,0.5704168522699419
9.10999999999985,14.990794706489222,0.5710778935805417
9.11999999999985,14.990339494568728,0.5710605521740467
9.12999999999985,14.97828952661918,0.5706015057759687
9.13999999999985,14.995767045209586,0.5712673160079842
9.14999999999985,14.995313243816653,0.5712500283358725
9.15999999999985,14.981645749321716,0.5707293618789224
9.169999999999849,14.997657853997406,0.5713393468189487
9.179999999999849,14.997206112767094,0.5713221376292226
9.189999999999849,14.996754371536781,0.5713049284394963
9.199999999999848,14.996564877049105,0.5712977096018707
9.209999999999848,15.005919725797604,0.5716540847922896
9.219999999999848,15.005470522017635,0.5716369722673385
9.229999999999848,15.00018608853373,0.5714356605155706
9.239999999999847,15.010894579484567,0.5718436030279834
9.249999999999847,15.010446992173193,0.5718265520827883
9.259999999999847,15.00932194618439,0.5717836931879767
9.269999999999847,15.002263136630969,0.5715147861573702
9.279999999999847,15.001817177912649,0.5714977972538151
9.289999999999846,15.001371219194327,0.57148080835026
9.299999999999846,14.990794990190748,0.5710779043882189
9.309999999999846,14.9950034446358,0.5712382264623161
9.319999999999846,14.994559522793912,0.5712213151540537
9.329999999999846,14.979726313279627,0.5706562405058905
9.339999999999845,14.996199763406304,0.5712838005107163
9.349999999999845,14.995757279126792,0.5712669439667348
9.359999999999845,14.975721081285021,0.5705036602394293
9.369999999999845,14.996304862659835,0.5712878042918031
9.379999999999844,14.995864408379052,0.5712710250811067
9.389999999999844,14.99542395409827,0.5712542458704102
9.399999999999844,14.985324913010253,0.5708695204956287
9.409999999999844,15.001234780856866,0.5714756106993091
9.419999999999844,15.000796911797616,0.5714589299732424
9.429999999999843,14.998252263420794,0.5713619909874588
9.439999999999843,15.00239659663168,0.5715198703478734
9.449999999999843,15.00196055757891,0.5715032593363394
9.459999999999843,14.988853625396056,0.5710039476341354
9.469999999999843,14.999826245143778,0.5714219521959534
9.479999999999842,14.99939258008323,0.5714054316222182
9.489999999999842,14.998958915022682,0.5713889110484831
9.499999999999842,14.986440149483272,0.5709120056946008
9.509999999999842,15.007220205215043,0.5717036268653349
9.519999999999841,15.006789789227108,0.5716872300657946
9.529999999999841,14.999198638095095,0.5713980433560035
9.539999999999841,15.01966526281916,0.5721777242978727
9.54999999999984,15.019237271206196,0.5721614198554741
9.55999999999984,15.01722808524996,0.5720848794380936
9.56999999999984,15.035065654259133,0.5727644058765383
9.57999999999984,15.034640694513671,0.572748216933854
9.58999999999984,15.034215734768205,0.5727320279911696
9.59999999999984,15.024160609739267,0.5723489756091149
9.60999999999984,15.037231837126338,0.5728469271286224
9.61999999999984,15.036810722551653,0.5728308846686343
9.62999999999984,15.04156065113116,0.5730118343288061
9.639999999999839,15.033578962852395,0.5727077700134245
9.649999999999839,15.033160055044213,0.5726918116207319
9.659999999999838,15.040681863578712,0.5729783567077604
9.669999999999838,15.037908941641811,0.5728727215863547
9.679999999999838,15.037492404085665,0.5728568534889776
9.689999999999838,15.037075888894668,0.5728409862436064
9.699999999999838,15.04035725356134,0.5729659906118605
9.709999999999837,15.039809923609468,0.5729451399470273
9.719999999999837,15.039396334231407,0.5729293841611964
9.729999999999837,15.03385691325914,0.5727183586003481
9.739999999999837,15.040612229127357,0.5729757039667563
9.749999999999837,15.040200720371837,0.5729600274427366
9.759999999999836,15.033744821729202,0.5727140884468267
9.769999999999836,15.030007806186335,0.5725717259499555
9.779999999999836,15.029598713463056,0.5725561414652592
9.789999999999836,15.029189620739778,0.5725405569805629
9.799999999999836,15.01688018418107,0.5720716260640407
9.809999999999835,15.02809966367369,0.5724990348066167
9.819999999999835,15.02769346344145,0.5724835605120552
9.829999999999835,15.024094176924313,0.5723464448352119
9.839999999999835,15.017974108229422,0.5721132993611208
9.849999999999834,15.017569718702784,0.5720978940458203
9.859999999999834,15.005466650854531,0.5716368247944583
9.869999999999834,15.00769544658687,0.5717217312985474
9.879999999999834,15.007293220555226,0.5717064084021038
9.889999999999834,15.006891016888074,0.5716910863576409
9.899999999999833,14.992267539072508,0.5711340014884764
9.909999999999833,14.99904946802388,0.5713923606866239
9.919999999999833,14.998649675086394,0.5713771304794817
9.929999999999833,15.00155120028595,0.5714876647727981
9.939999999999833,15.001661200780331,0.5714918552678221
9.949999999999832,15.00126301379828,0.5714766862399344
9.959999999999832,14.996066978046814,0.571278742020831
9.969999999999832,15.001441419155894,0.5714834826345102
9.979999999999832,15.00104510903455,0.571468385106078
9.989999999999831,15.000648776548747,0.5714532867256665
9.999999999999831,15.007103744029823,0.5716991902487552
10.009999999999831,15.004198770999903,0.57158852460952
10.01999999999983,15.003804730537125,0.5715735135442713
10.02999999999983,15.002535285879524,0.5715251537477913
10.03999999999983,15.001964551297162,0.5715034114779871
10.04999999999983,15.001571784372159,0.5714884489284632
10.05999999999983,14.992568762248649,0.5711454766570914
10.06999999999983,15.001540829172097,0.5714872696827464
10.07999999999983,15.001149203019102,0.5714723505912038
10.08999999999983,15.000757599230033,0.5714574323516203
10.09999999999983,14.992334887391577,0.5711365671387266
10.109999999999829,15.005866239802096,0.571652047230556
10.119999999999829,15.005476106360382,0.571637185004205
10.129999999999828,15.003029196958986,0.5715439694079613
10.139999999999828,14.998109062438473,0.5713565357119418
10.149999999999828,14.997719876891091,0.5713417095958511
10.159999999999828,14.992328524042616,0.571136324725433
10.169999999999828,14.995399598540422,0.5712533180396351
10.179999999999827,14.995011821678139,0.5712385455877386
10.189999999999827,14.994624067178803,0.5712237739877639
10.199999999999827,14.997681032096473,0.5713402297941513
10.209999999999827,14.980026869659554,0.5706676902727449
10.219999999999827,14.979640816535536,0.5706529834870679
10.229999999999826,14.97979079721806,0.5706586970368784
10.239999999999826,14.978010908197685,0.5705908917408642
10.249999999999826,14.977626105060194,0.5705762325737216
10.259999999999826,14.972280787687767,0.5703726014357244
10.269999999999825,14.985452849384444,0.5708743942622645
10.279999999999825,14.985069545968157,0.5708597922273583
10.289999999999825,14.984686242551874,0.5708451901924523
10.299999999999825,14.967576009956145,0.5701933718078531
10.309999999999825,14.993875005802183,0.5711952383162736
10.319999999999824,14.99349361466425,0.5711807091300666
10.329999999999824,14.97847267397214,0.5706084828179863
10.339999999999824,14.996777802053916,0.5713058210306253
10.349999999999824,14.996397676850957,0.5712913400705126
10.359999999999824,14.986485812688944,0.570913745245293
10.369999999999823,15.000789541495836,0.5714586491998414
10.379999999999823,15.000411150048675,0.5714442342875685
10.389999999999823,15.000032758601515,0.5714298193752958
10.399999999999823,14.984741469614901,0.5708472940805677
10.409999999999823,14.996065005989317,0.5712786668948311
10.419999999999822,14.99568844168162,0.5712643215878712
10.429999999999822,14.991924780638277,0.5711209440243152
10.439999999999822,14.994347187108115,0.5712132261755472
10.449999999999822,14.993971602880839,0.5711989182049843
10.459999999999821,14.98833870032,0.5709843314407619
10.469999999999821,14.991683304085019,0.5711117449175245
10.479999999999821,14.991308598806567,0.5710974704307263
10.48999999999982,14.990933915888691,0.5710831967957596
10.49999999999982,14.98862556440351,0.5709952595963241
10.50999999999982,14.996344748861004,0.5712893237661334
10.51999999999982,14.99597115227091,0.5712750915150823
10.52999999999982,14.988683918362515,0.5709974826042862
10.53999999999982,15.00509223242234,0.5716225612351368
10.54999999999982,15.004719489264279,0.571608361495782
10.55999999999982,15.00339434766578,0.5715578799110773
10.569999999999819,15.004584071960023,0.5716032027413341
10.579999999999819,15.004212394830756,0.5715890436126002
10.589999999999819,15.003840740060657,0.571574885335644
10.599999999999818,14.987730392251668,0.5709611578000635
10.609999999999818,15.00886448634116,0.5717662661463299
10.619999999999818,15.008494116893623,0.5717521568340427
10.629999999999818,15.006114013675257,0.5716614862352478
10.639999999999818,15.009908287338412,0.5718060299938442
10.649999999999817,15.009538730597981,0.5717919516418278
10.659999999999817,15.01087358455453,0.5718428032211249
10.669999999999817,15.0126747368617,0.5719114185471122
10.679999999999817,15.012306418126913,0.5718973873572157
10.689999999999817,15.011938099392129,0.5718833561673191
10.699999999999816,15.015913586873063,0.57203480330945
10.709999999999816,15.010763724656377,0.5718386180821476
10.719999999999816,15.010396801863894,0.5718246400710054
10.729999999999816,15.002284078661926,0.5715155839490257
10.739999999999815,15.016013579729853,0.5720386125611372
10.749999999999815,15.015647691240208,0.5720246739520078
10.759999999999815,15.00225483648558,0.5715144699613554
10.769999999999815,15.012053849186513,0.5718877656832957
10.779999999999815,15.01168952878639,0.57187388681091
10.789999999999814,15.011325230742623,0.571860008790195
10.799999999999814,15.001839256392522,0.5714986383387627
10.809999999999814,15.023590696597571,0.5723272646322883
10.819999999999814,15.023228506419494,0.5723134669112188
10.829999999999814,15.016948367294441,0.5720742235159787
10.839999999999813,15.021542922943741,0.5722492542073806
10.849999999999813,15.021181762044845,0.5722354956969464
10.859999999999813,15.018404773499164,0.572129705657111
10.869999999999813,15.011727892250008,0.5718753482761907
10.879999999999812,15.011367621583197,0.5718616236793599
10.889999999999812,15.011007350916387,0.571847899082529
10.899999999999812,15.003908900369638,0.5715774819188433
10.909999999999812,14.998388160554102,0.5713671680211085
10.919999999999812,14.998028654387108,0.5713534725480802
10.929999999999811,14.998488170825812,0.5713709779362214
10.939999999999811,14.99752356440831,0.5713342310250784
10.949999999999811,14.99716455358511,0.5713205544222898
10.95999999999981,14.999882531034814,0.5714240964203738
10.96999999999981,15.00074757936299,0.5714570506423996
10.97999999999981,15.000389395058901,0.5714434055260533
10.98999999999981,15.000031188399397,0.5714297595580722
10.99999999999981,14.988846741904966,0.5710036854059034
11.00999999999981,15.001095225922004,0.5714702943208382
11.01999999999981,15.000738067138007,0.5714566882719241
11.02999999999981,14.988857310885571,0.571004088033736
11.039999999999809,15.004170549596212,0.5715874495084271
11.049999999999809,15.00381411633135,0.5715738710983371
11.059999999999809,15.001223812529272,0.5714751928582579
11.069999999999808,15.003881992239819,0.5715764568472311
11.079999999999808,15.003526981812788,0.5715629326404871
11.089999999999808,15.003171971385758,0.5715494084337431
11.099999999999808,14.997824485953775,0.5713456947030009
11.109999999999808,15.00852041408769,0.5717531586319119
11.119999999999807,15.00816675199082,0.5717396857901265
11.129999999999807,14.997760210515214,0.5713432461148652
11.139999999999807,15.00830913621742,0.5717451099511398
11.149999999999807,15.007956575048864,0.5717316790494805
11.159999999999807,15.006483833393444,0.5716755746054645
11.169999999999806,15.0059373645007,0.5716547567428837
11.179999999999806,15.005586248032001,0.5716413808774096
11.189999999999806,15.005235131563307,0.5716280050119354
11.199999999999806,15.00354638417582,0.5715636717781264
11.209999999999805,15.013776387556705,0.5719533861926364
11.219999999999805,15.013427051626405,0.5719400781571963
11.229999999999805,15.008458027588313,0.5717507820033643
11.239999999999805,15.02388801057479,0.5723385908790396
11.249999999999805,15.023539963402039,0.5723253319391253
11.259999999999804,15.03061081478812,0.5725946977062141
11.269999999999804,15.023047839000405,0.5723065843428725
11.279999999999804,15.022701446955354,0.572293388455442
11.289999999999804,15.022355054910305,0.5722801925680115
11.299999999999804,15.01825920124893,0.5721241600475783
11.309999999999803,15.023495069664836,0.5723236217015175
11.319999999999803,15.02315076805994,0.5723105054499025
11.329999999999803,15.02171253785175,0.5722557157276856
11.339999999999803,15.03046636357543,0.5725891948028735
11.349999999999802,15.030123347800235,0.572576127535247
11.359999999999802,15.026915689712895,0.5724539310366816
11.369999999999802,15.027022019589326,0.5724579816986409
11.379999999999802,15.026680600931897,0.5724449752735961
11.389999999999802,15.026339204628208,0.5724319697001221
11.399999999999801,15.02072612261659,0.5722181380044414
11.409999999999801,15.02479393370534,0.5723731022363938
11.419999999999801,15.024454493069344,0.5723601711645464
11.4299999999998,15.022302798984326,0.5722782018660695
11.4399999999998,15.03074382814653,0.5725997648817726
11.4499999999998,15.030405800651907,0.5725868876438821
11.4599999999998,15.030672419044723,0.572597044535037
11.4699999999998,15.023373834188458,0.5723190032071793
11.4799999999998,15.02303729769092,0.5723061827691779
11.4899999999998,15.022700761193382,0.5722933623311764
11.4999999999998,15.026432496128539,0.5724355236620395
11.509999999999799,15.025623033251712,0.5724046869810175
11.519999999999799,15.025288228336642,0.5723919325080625
11.529999999999799,15.02306328643569,0.5723071728165977
11.539999999999798,15.026786099908096,0.5724489942822131
11.549999999999798,15.026452332801307,0.5724362793448117
11.559999999999798,15.021863453320432,0.5722614648883974
11.569999999999798,15.025424082853846,0.5723971079182417
11.579999999999798,15.025091549283307,0.5723844399726974
11.589999999999797,15.024758993360212,0.5723717711756271
11.599999999999797,15.022694144353261,0.5722931102610765
11.609999999999797,15.027075471226226,0.5724600179514753
11.619999999999797,15.026744125520663,0.57244739525793
11.629999999999797,15.034242918415645,0.5727330635586911
11.639999999999796,15.028526238523527,0.5725152852770867
11.649999999999796,15.028195578416286,0.5725026887015727
11.659999999999796,15.029901576243955,0.5725676790950077
11.669999999999796,15.022512198884234,0.5722861790051136
11.679999999999795,15.022182116463991,0.5722736044367234
11.689999999999795,15.021852034043746,0.5722610298683332
11.699999999999795,15.02355656404669,0.5723259643446358
11.709999999999795,15.00988000489373,0.5718049525673802
11.719999999999795,15.00955049663868,0.5717923998719496
11.729999999999794,15.00740939204538,0.5717108339826811
11.739999999999794,15.00983788274092,0.5718033479139397
11.749999999999794,15.009508693464086,0.5717908073700604
11.759999999999794,15.012167724610809,0.5718921037946975
11.769999999999794,15.012099923609838,0.5718895208994224
11.779999999999793,15.011771156392856,0.5718769964340135
11.789999999999793,15.01144236682371,0.5718644711170937
11.799999999999793,14.99756403609033,0.571335772803441
11.809999999999793,15.01168051482077,0.5718735434217436
11.819999999999792,15.011352175872634,0.5718610352713384
11.829999999999792,15.003701795453747,0.5715695922077617
11.839999999999792,15.005218720994566,0.571627379847412
11.849999999999792,15.00489055058667,0.5716148781175874
11.859999999999792,15.00038283591058,0.5714431556537364
11.869999999999791,15.002263201038495,0.5715147886109903
11.879999999999791,15.00193551202809,0.5715023052201177
11.889999999999791,15.001607823017686,0.5714898218292451
11.89999999999979,14.995419688512815,0.5712540833719167
11.90999999999979,14.9962896836483,0.5712872260437447
11.91999999999979,14.99596201080595,0.571274743268798
11.92999999999979,14.992090931737128,0.5711272735899857
11.93999999999979,14.995990016695544,0.5712758101598302
11.94999999999979,14.995662278852873,0.5712633249086808
11.95999999999979,14.991688136833218,0.5711119290222177
11.96999999999979,14.988517136847305,0.5709911290227544
11.979999999999789,14.988189581979968,0.570978650742094
11.989999999999789,14.987862027112632,0.5709661724614336
11.999999999999789,14.984573540195619,0.5708408967693569
12.009999999999788,14.998318976174563,0.5713645324256976
12.019999999999788,14.997991653433052,0.5713520629879257
12.029999999999788,14.995171325130757,0.5712446219097431
12.039999999999788,15.002726159592948,0.5715324251273504
12.049999999999788,15.002398770514962,0.5715199531624747
12.059999999999787,15.003763467290952,0.5715719416110838
12.069999999999787,15.002856481681384,0.5715373897783383
12.079999999999787,15.0025291326162,0.57152491933776
12.089999999999787,15.002201805903352,0.5715124497486991
12.099999999999786,14.99521308264642,0.5712462126722445
12.109999999999786,15.005807764260389,0.5716498195908719
12.119999999999786,15.005480349464547,0.5716373466462684
12.129999999999786,15.007122724765374,0.5716999133243952
12.139999999999786,15.006949738569482,0.5716933233740754
12.149999999999785,15.006622335337495,0.5716808508699998
12.159999999999785,15.005646281635778,0.5716436678718391
12.169999999999785,15.009608882862324,0.5717946241090408
12.179999999999785,15.00928175397288,0.5717821620561097
12.189999999999785,15.008954625083438,0.5717697000031785
12.199999999999784,15.011432580267519,0.5718640982959055
12.209999999999784,15.010182520746518,0.5718164769808197
12.219999999999784,15.009856025231953,0.5718040390564553
12.229999999999784,15.010707501888488,0.5718364762624185
12.239999999999783,15.012929066925992,0.5719211073114663
12.249999999999783,15.012603170310884,0.5719086922023193
12.259999999999783,15.02156866579092,0.5722502348872731
12.269999999999783,15.01077257422077,0.5718389552084102
12.279999999999783,15.010447501297394,0.5718265714779959
12.289999999999782,15.010122450726856,0.5718141885991183
12.299999999999782,15.004574551746538,0.5716028400665347
12.309999999999782,15.014170921318753,0.5719684160502382
12.319999999999782,15.01384677626943,0.5719560676674068
12.329999999999782,15.00888579276394,0.5717670778195786
12.339999999999781,15.010154132776604,0.5718153955343468
12.349999999999781,15.009830470430947,0.5718030655402265
12.359999999999781,15.003283486520214,0.5715536566293414
12.36999999999978,15.008997566839833,0.5717713358796126
12.37999999999978,15.008674559359354,0.5717590308327373
12.38999999999978,15.008351551878878,0.5717467257858619
12.39999999999978,15.00077532689577,0.5714581076912674
12.40999999999978,15.004722031027452,0.5716084583248553
12.41999999999978,15.00439971018345,0.57159617943556
12.42999999999978,14.999114877274158,0.5713948524675869
12.43999999999978,15.005931268458525,0.5716545245127057
12.449999999999779,15.005609528436555,0.571642267749964
12.459999999999779,15.008194352150683,0.5717407372247879
12.469999999999779,14.998637090947934,0.5713766510837308
12.479999999999778,14.99831618555779,0.5713644261164872
12.489999999999778,14.99799528016765,0.5713522011492438
12.499999999999778,14.996090213118432,0.5712796271664164
12.509999999999778,15.002718073668381,0.5715321170921288
12.519999999999778,15.002398129305059,0.5715199287354308
12.529999999999777,14.999840751940331,0.5714225048358221
12.539999999999777,15.009787801861128,0.5718014400709001
12.549999999999777,15.009468294448883,0.5717892683599574
12.559999999999777,15.007468525792488,0.5717130866968566
12.569999999999776,15.015533999798164,0.5720203428494538
12.579999999999776,15.015215245911449,0.5720081998442457
12.589999999999776,15.01489646967095,0.5719960559874647
12.599999999999776,15.00395181053641,0.5715791165918632
12.609999999999776,15.02028167981377,0.5722012068500484
12.619999999999775,15.019963656962712,0.5721890916938176
12.629999999999775,15.018797673496467,0.5721446732760558
12.639999999999775,15.023680275375995,0.5723306771571807
12.649999999999775,15.023362882859418,0.5723185860136921
12.659999999999775,15.019579740790546,0.5721744663158302
12.669999999999774,15.015945759955258,0.5720360289506764
12.679999999999774,15.015629352063199,0.5720239753166932
12.689999999999774,15.015312966525043,0.5720119225342873
12.699999999999774,15.02955956669991,0.5725546501599965
12.709999999999773,15.010903852129307,0.5718439562715926
12.719999999999773,15.010588608549583,0.571831946992365
12.729999999999773,15.01601933197723,0.5720388316943706
12.739999999999773,15.010336847117923,0.5718223560806828
12.749999999999773,15.010022249577839,0.571810371412489
12.759999999999772,15.018120538634573,0.5721188776622694
12.769999999999772,15.008406583801715,0.5717488222400653
12.779999999999772,15.008092892320409,0.5717368720883965
12.789999999999772,15.007779178485135,0.5717249210851479
12.799999999999772,15.01109063353079,0.5718510717535539
12.809999999999771,15.01676125195396,0.5720670953125317
12.819999999999771,15.016448722328835,0.5720551894220508
12.829999999999771,15.012108391812776,0.5718898434976295
12.83999999999977,15.016229212332771,0.5720468271364865
12.84999999999977,15.015917218138892,0.5720349416433863
12.85999999999977,15.00172368422072,0.5714942355893606
12.86999999999977,15.017369280696053,0.5720902583122306
12.87999999999977,15.017057620128229,0.5720783855286944
12.88999999999977,15.016745981914896,0.5720665135967579
12.89999999999977,15.0012136940875,0.5714748073938095
12.90999999999977,15.002772227932873,0.5715341801117284
12.919999999999769,15.002460859565069,0.5715223184596216
12.929999999999769,14.992929324653142,0.5711592123677387
12.939999999999769,14.99964735072306,0.5714151371704023
12.949999999999768,14.999336073777195,0.5714032790010359
12.959999999999768,15.000827347423417,0.571460089425654
12.969999999999768,14.995257514059647,0.5712479052975103
12.979999999999768,14.994946493528172,0.5712360568963113
12.989999999999768,14.994635472996693,0.571224208495112
12.999999999999767,14.991225484595398,0.5710943041750628
13.009999999999767,14.992126583239775,0.5711286317424675
13.019999999999767,14.991815903039283,0.5711167963062583
13.029999999999767,14.992796097727656,0.5711541370562916
13.039999999999766,14.995264648238727,0.571248177075761
13.049999999999766,14.994954088104235,0.5712363462134946
13.059999999999766,15.004552158199695,0.571601986979036
13.069999999999766,15.00708242445937,0.5716983780746426
13.079999999999766,15.006772290344387,0.5716865634416909
13.089999999999765,15.006462156229404,0.5716747488087391
13.099999999999765,15.017750866705118,0.5721047949220996
13.109999999999765,15.017701932183133,0.5721029307498335
13.119999999999765,15.017392305839566,0.5720911354605549
13.129999999999765,15.014091515646257,0.5719653910722383
13.139999999999764,15.024067559903173,0.5723454308534541
13.149999999999764,15.023758417297998,0.5723336539923046
13.159999999999764,15.020805840196763,0.5722211748646385
13.169999999999764,15.01977333069697,0.5721818411694083
13.179999999999763,15.019464762347955,0.5721700861846839
13.189999999999763,15.019156171642368,0.5721583303482807
13.199999999999763,15.022288387240545,0.5722776528472588
13.209999999999763,15.021961598544728,0.5722652037540849
13.219999999999763,15.021653690871487,0.5722534739379613
13.229999999999762,15.016226331961086,0.5720467174080414
13.239999999999762,15.020552272750326,0.5722115151523933
13.249999999999762,15.02024451860247,0.572199791184856
13.259999999999762,15.014918863369179,0.5719969090807305
13.269999999999762,15.01111356594645,0.5718519453693885
13.279999999999761,15.010805880241668,0.5718402240092063
13.289999999999761,15.010498216893863,0.5718285035007186
13.299999999999761,15.006088359519474,0.5716605089340752
13.30999999999976,14.997147021215303,0.5713198865224877
13.31999999999976,14.996839535360664,0.5713081727756443
13.32999999999976,14.993248619315088,0.571171375973908
13.33999999999976,15.000218384869143,0.5714368908521578
13.34999999999976,14.99991100916661,0.571425181301585
13.35999999999976,14.994955641379736,0.5712364053858947
13.36999999999976,15.002098953994045,0.5715085315807255
13.37999999999976,15.001791856616258,0.5714968326330002
13.389999999999759,15.001484759238467,0.5714851336852749
13.399999999999759,15.00801135591573,0.5717337659396469
13.409999999999759,14.996781646148102,0.5713059674723087
13.419999999999758,14.996474887244256,0.5712942814188288
13.429999999999758,14.997761976696568,0.5713433133979644
13.439999999999758,15.001469794288028,0.5714845635919248
13.449999999999758,15.00116327859032,0.5714728868034408
13.459999999999757,15.006660477485665,0.5716823039042158
13.469999999999757,15.000808201571173,0.5714593600598542
13.479999999999757,15.000502169342518,0.5714477016892388
13.489999999999757,15.000196159472832,0.5714360441703935
13.499999999999757,14.995539235898013,0.5712586375580195
13.509999999999756,14.997930151638409,0.5713497200624155
13.519999999999756,14.997624874620291,0.5713380904617253
13.529999999999756,14.995014149381308,0.571238634262145
13.539999999999756,14.996953901884117,0.5713125295955853
13.549999999999756,14.996648830758746,0.5713009078384284
13.559999999999755,14.994301702177465,0.5712114934162843
13.569999999999755,14.999515510797394,0.5714101146970435
13.579999999999755,14.999210901725679,0.5713985105419306
13.589999999999755,14.998906270293475,0.5713869055349895
13.599999999999755,14.995606707007335,0.5712612078859937
13.609999999999754,14.992588554434702,0.5711462306451315
13.619999999999754,14.992284326815648,0.5711346410215484
13.629999999999754,14.991254746419479,0.5710954189112182
13.639999999999754,14.992339578213501,0.5711367458367047
13.649999999999753,14.992035349290497,0.5711251561634474
13.659999999999753,14.982516496126392,0.5707625331857673
13.669999999999753,14.98342785995332,0.5707972518077454
13.679999999999753,14.983122902547587,0.5707856343827652
13.689999999999753,14.982817945141859,0.5707740169577851
13.699999999999752,14.96797613694609,0.5702086147408034
13.709999999999752,14.987344283153572,0.5709464488820408
13.719999999999752,14.987039063339124,0.570934821460538
13.729999999999752,14.984152155788744,0.5708248440300473
13.739999999999752,14.990547442922436,0.5710684740160927
13.749999999999751,14.990241613133984,0.5710568233574851
13.759999999999751,14.98701398251833,0.5709338660006983
13.76999999999975,14.994219048084968,0.5712083446889511
13.77999999999975,14.993912910757869,0.5711966823145854
13.78999999999975,14.993606751067729,0.5711850190882943
13.79999999999975,14.987589549801882,0.570955792373405
13.80999999999975,14.997855802947225,0.5713468877313228
13.81999999999975,14.997549377181272,0.5713352143688103
13.82999999999975,14.995163845872538,0.5712443369856205
13.83999999999975,14.99640741083531,0.5712917108889641
13.84999999999975,14.996100860417412,0.5712800327778061
13.859999999999749,14.993877646569747,0.5711953389169426
13.869999999999749,14.9986861678835,0.5713785206812761
13.879999999999749,14.99837981706513,0.5713668501739096
13.889999999999748,14.998073488610352,0.5713551805184895
13.899999999999748,15.016605190810017,0.5720611501260958
13.909999999999748,15.004495189955241,0.5715998167601997
13.919999999999748,15.004189188836564,0.5715881595747262
13.929999999999747,15.0037749001079,0.5715723771469675
13.939999999999747,15.001563305180063,0.5714881259116215
13.949999999999747,15.001257631465649,0.5714764811986913
13.959999999999747,15.009366955420187,0.5717854078255309
13.969999999999747,15.003213543399882,0.5715509921295193
13.979999999999746,15.002908405719307,0.5715393678369259
13.989999999999746,15.002603245675214,0.571527742692389
13.999999999999746,14.998998094079722,0.5713904035839894
14.009999999999746,15.010266864337204,0.5718196900699887
14.019999999999746,15.009962486628956,0.5718080947287221
14.029999999999745,15.007355378594607,0.5717087763274136
14.039999999999745,15.01212650176924,0.5718905334007329
14.049999999999745,15.01182231723579,0.5718789454185063
14.059999999999745,15.018690122726495,0.5721405761038664
14.069999999999744,15.012150279786002,0.5718914392299429
14.079999999999744,15.011845953980462,0.5718798458659223
14.089999999999744,15.01154162817492,0.5718682525019017
14.099999999999744,15.020122518311405,0.5721951435547201
14.109999999999744,14.997391042583489,0.5713291825746091
14.119999999999743,14.997086272663593,0.5713175722919464
14.129999999999743,14.997651337280768,0.5713390985630769
14.139999999999743,14.997377836209033,0.5713286794746297
14.149999999999743,14.99707271838538,0.5713170559384907
14.159999999999743,15.000626846896663,0.571452451310349
14.169999999999742,14.991648108886913,0.5711104041480728
14.179999999999742,14.991342875626756,0.5710987762143526
14.189999999999742,14.9910376423666,0.5710871482806323
14.199999999999742,14.98755743790135,0.5709545690629085
14.209999999999742,14.996505757962472,0.5712954574461894
14.219999999999741,14.996200470979828,0.5712838274658981
14.229999999999741,14.996106484789278,0.5712802470395915
14.23999999999974,15.00080557933554,0.5714592601651634
14.24999999999974,15.000500473385719,0.5714476370813607
14.25999999999974,14.99811932949685,0.5713569268379752
14.26999999999974,14.998213855560168,0.5713605278308636
14.27999999999974,14.99790911909109,0.5713489188225177
14.28999999999974,14.99760440498745,0.5713373106661885
14.29999999999974,14.99479400125295,0.571230247666779
14.30999999999974,14.994916802744637,0.5712349258188433
14.31999999999974,14.99461233912367,0.5712233272047111
14.329999999999739,14.991363182589774,0.5710995498129438
14.339999999999739,14.997777626762808,0.571343909590964
14.349999999999739,14.997473356602637,0.571332318346767
14.359999999999738,14.995929906782022,0.5712735202583626
14.369999999999738,14.997752441473706,0.5713429501513793
14.379999999999738,14.997448536176455,0.5713313728067221
14.389999999999738,14.99714465324567,0.5713197963141207
14.399999999999737,14.99311508414195,0.5711662889196932
14.409999999999737,15.003815203258588,0.571573912505089
14.419999999999737,15.003511774251766,0.5715623533048292
14.429999999999737,14.997406362326977,0.5713297661838848
14.439999999999737,15.00421877346516,0.5715892866081965
14.449999999999736,15.003915314318775,0.5715777262597628
14.459999999999736,15.000891850460851,0.5714625466842228
14.469999999999736,15.002723698859082,0.5715323313851078
14.479999999999736,15.002419971684906,0.5715207608260916
14.489999999999736,15.002116222142707,0.5715091894149602
14.499999999999735,14.998610988325956,0.5713756566981316
14.509999999999735,14.999112648018212,0.5713947675435509
14.519999999999735,14.99880862662339,0.5713831857761291
14.529999999999735,14.997148223318664,0.5713199323169015
14.539999999999734,15.001296681561968,0.5714779688214082
14.549999999999734,15.00099256987967,0.5714663836144636
14.559999999999734,14.998386247048929,0.5713670951256734
14.569999999999734,15.000600402896382,0.5714514439198621
14.579999999999734,15.000296500037788,0.5714398666681062
14.589999999999733,14.99999257480885,0.5714282885641466
14.599999999999733,15.00880660635925,0.5717640611946381
14.609999999999733,15.001444468777796,0.5714835988105826
14.619999999999733,15.001140848665182,0.5714720323301021
14.629999999999733,14.997706004881199,0.5713411811383313
14.639999999999732,15.007174177248748,0.5717018734189999
14.649999999999732,15.006870822321996,0.571690317040838
14.659999999999732,15.004313127960692,0.5715928810651691
14.669999999999732,15.008000173638418,0.5717333399481301
14.679999999999731,15.007697507148285,0.5717218097961251
14.689999999999731,15.00739486303056,0.5717102804964023
14.699999999999731,15.019130102869973,0.5721573372521894
14.70999999999973,15.008521587427108,0.5717532033305565
14.71999999999973,15.008219964731515,0.5717417129421529
14.72999999999973,15.01730376271032,0.5720877623889645
14.73999999999973,15.009232380535959,0.5717802811632746
14.74999999999973,15.008931285374949,0.5717688108714266
14.75999999999973,15.018004641445945,0.5721144625312741
14.76999999999973,15.014536588750609,0.5719823462381184
14.77999999999973,15.014236233563448,0.5719709041357504
14.78999999999973,15.01393590075039,0.5719594628857291
14.799999999999729,15.00771347324172,0.571722418028256
14.809999999999729,15.009039884022819,0.571772947962774
14.819999999999729,15.008740402507906,0.5717615391431583
14.829999999999728,15.004251424185545,0.5715905304451636
14.839999999999728,15.013755576518147,0.5719525933911674
14.849999999999728,15.013456414223802,0.5719411967323352
14.859999999999728,15.012025457934238,0.5718866841117805
14.869999999999727,15.012017864571778,0.5718863948408296
14.879999999999727,15.011718614191762,0.5718749948263528
14.889999999999727,15.011419341436055,0.5718635939594687
14.899999999999727,15.004250721930003,0.5715905036925715
14.909999999999727,14.999154813565244,0.5713963738501044
14.919999999999726,14.998855428825754,0.5713849687171716
14.929999999999726,14.992335670122973,0.5711365969570655
14.939999999999726,14.98902664558688,0.5710105388795002
14.949999999999726,14.98872702209803,0.5709991246513535
14.959999999999726,14.985555671461453,0.5708783112937696
14.969999999999725,14.975382745061523,0.5704907712404389
14.979999999999725,14.975083073348978,0.5704793551751991
14.989999999999725,14.97478340163643,0.5704679391099592
14.999999999999725,14.964807598693428,0.5700879085216544
15.009999999999724,14.976298080012846,0.5705256411433465
15.019999999999724,14.975998299270982,0.5705142209246088
15.029999999999724,14.964395270360622,0.5700722007756427
15.039999999999724,14.98008005048444,0.570669716208931
15.049999999999724,14.979780221691199,0.5706582941596646
15.059999999999723,14.979288742297518,0.5706395711351435
15.069999999999723,14.981706071198314,0.5707316598551738
15.079999999999723,14.981406368711767,0.570720242617591
15.089999999999723,14.981106666225216,0.5707088253800082
15.099999999999723,14.982161620500726,0.5707490141143133
15.109999999999722,14.987740050798582,0.5709615257447078
15.119999999999722,14.987440508143253,0.5709501145959334
15.129999999999722,14.989532629445737,0.5710298144550756
15.139999999999722,14.993641517471406,0.5711863435227202
15.149999999999721,14.993342177156084,0.5711749400821364
15.159999999999721,14.995171321712533,0.5712446217795251
15.169999999999721,14.994983783522912,0.5712374774675395
15.17999999999972,14.99468480746564,0.571226087903453
15.18999999999972,14.994385831408367,0.5712146983393663
15.19999999999972,14.997430440846658,0.571330683460825
15.20999999999972,15.003068299695267,0.5715454590360101
15.21999999999972,15.002769865767418,0.571534090124473
15.22999999999972,14.999893961715003,0.5714245318748572
15.23999999999972,15.015039758662413,0.5720015146157109
15.24999999999972,15.01474156165452,0.5719901547296959
15.25999999999972,15.005509701385733,0.5716384648146946
15.269999999999719,15.01318890062409,0.5719310057380605
15.279999999999719,15.012890716808208,0.5719196463545984
15.289999999999718,15.01259251061608,0.5719082861187078
15.299999999999718,15.005092531319196,0.5716225726216836
15.309999999999718,15.008731232517265,0.5717611898101814
15.319999999999718,15.008433048334737,0.5717498304127518
15.329999999999718,14.99982614546231,0.5714219483985641
15.339999999999717,15.005881736291075,0.5716526375729932
15.349999999999717,15.005583545058341,0.5716412779069844
15.359999999999717,15.000914907568232,0.5714634250502183
15.369999999999717,15.002616342321762,0.5715282416122576
15.379999999999717,15.002318327510311,0.5715168886670594
15.389999999999716,15.002020290321882,0.571505534869405
15.399999999999716,14.997667425939287,0.5713397114643537
15.409999999999716,14.994955229233,0.5712363896850666
15.419999999999716,14.994657489996666,0.5712250472379682
15.429999999999715,14.98903283312266,0.5710107745951489
15.439999999999715,14.9967274744166,0.571303903787299
15.449999999999715,14.996429848728868,0.5712925656658616
15.459999999999715,14.99130198572725,0.5710972185038952
15.469999999999715,15.006949837615823,0.5716933271472694
15.479999999999714,15.006652630698518,0.5716820049789911
15.489999999999714,15.006355423781212,0.5716706828107128
15.499999999999714,15.007996003391831,0.5717331810815935
15.509999999999714,15.013086831382145,0.5719271173859864
15.519999999999714,15.012790256351996,0.5719158192895998
15.529999999999713,15.017213940313873,0.5720843405833855
15.539999999999713,15.022721622173833,0.5722941570351936
15.549999999999713,15.022425686295284,0.5722828832874394
15.559999999999713,15.032162528777171,0.5726538106200827
15.569999999999713,15.028643037422556,0.5725197347589545
15.579999999999712,15.028348267165505,0.5725085054158288
15.589999999999712,15.028053519285304,0.5724972769251544
15.599999999999712,15.034655244146366,0.5727487712055758
15.609999999999712,15.031637258346008,0.5726338003179431
15.619999999999711,15.03134413284161,0.5726226336320613
15.629999999999711,15.027357734301338,0.5724707708305271
15.639999999999711,15.036223873173059,0.5728085285018307
15.64999999999971,15.03593174604792,0.5727973998494446
15.65999999999971,15.045931383111089,0.5731783384042319
15.66999999999971,15.036944243414695,0.5728359711777026
15.67999999999971,15.03665289425515,0.5728248721621009
15.68999999999971,15.036361522717414,0.5728137722939967
15.69999999999971,15.035968420090255,0.5727987969558191
15.70999999999971,15.028540324897728,0.5725158219008658
15.71999999999971,15.0282499326291,0.5725047593382514
15.729999999999709,15.037509581230262,0.5728575078563909
15.739999999999709,15.021921763075726,0.5722636862124085
15.749999999999709,15.021631755360179,0.5722526382994353
15.759999999999708,15.025795896064201,0.5724112722310172
15.769999999999708,15.0120583287444,0.57188793633312
15.779999999999708,15.011768758081171,0.5718769050697589
15.789999999999708,15.011479187417942,0.5718658738063978
15.799999999999708,15.01446927101764,0.5719797817530529
15.809999999999707,15.00448727738788,0.5715995153290621
15.819999999999707,15.004198176169263,0.5715885019493052
15.829999999999707,15.009685212433883,0.5717975319022431
15.839999999999707,15.009499004266218,0.5717904382577607
15.849999999999707,15.00921022337573,0.5717794370809801
15.859999999999706,15.000924882445226,0.5714638050455324
15.869999999999706,15.002613100569866,0.5715281181169473
15.879999999999706,15.002324788770768,0.5715171348103149
15.889999999999706,15.00203645458884,0.5715061506510034
15.899999999999705,14.990247261059281,0.571057038516544
15.909999999999705,15.008919203883476,0.5717683506241323
15.919999999999705,15.008631515382149,0.571757391062177
15.929999999999705,15.002912786313447,0.5715395347167027
15.939999999999705,15.002707801484325,0.5715317257708313
15.949999999999704,15.002420300103129,0.571520773337262
15.959999999999704,15.000520914085833,0.5714484157746983
15.969999999999704,15.000698587537299,0.5714551842871352
15.979999999999704,15.000411520574294,0.5714442484028303
15.989999999999704,15.000124453611294,0.5714333125185255
15.999999999999703,14.997510134936963,0.57133371942617
16.009999999999703,14.997618592221194,0.5713378511322359
16.019999999999705,14.997332157202463,0.5713269393219985
16.029999999999706,14.993659021400104,0.5711870103390515
16.039999999999708,14.989161112694362,0.5710156614359756
16.04999999999971,14.988874911309095,0.5710047585260607
16.05999999999971,14.987682192918122,0.570959321634976
16.069999999999713,14.989641167143203,0.5710339492245029
16.079999999999714,14.989354815520569,0.5710230405912597
16.089999999999716,14.98906848628275,0.5710121328107713
16.099999999999717,14.989353325256452,0.5710229838192934
16.10999999999972,14.992746468583402,0.5711522464222247
16.11999999999972,14.992460149392846,0.5711413390244893
16.129999999999722,14.988370579991622,0.5709855459044427
16.139999999999723,14.995126733720314,0.5712429231893452
16.149999999999725,14.994840636239392,0.571232024237691
16.159999999999727,14.996528538478424,0.5712963252753684
16.169999999999728,14.994256524044115,0.5712097723445376
16.17999999999973,14.993970942778272,0.5711988930582198
16.18999999999973,14.993685361512428,0.571188013771902
16.199999999999733,14.993446926792572,0.5711789305444789
16.209999999999734,14.993883854072223,0.5711955753932275
16.219999999999736,14.99359903428205,0.5711847251155067
16.229999999999738,14.983338732297815,0.5707938564684881
16.23999999999974,14.99913476136808,0.5713956099568792
16.24999999999974,14.998850544005391,0.5713847826287768
16.259999999999742,14.997863208718444,0.5713471698559407
16.269999999999744,15.00301163843923,0.5715433005119706
16.279999999999745,15.002728328081897,0.5715325077364531
16.289999999999747,15.00244499533814,0.5715217141081196
16.29999999999975,14.99121129783782,0.571093763727155
16.30999999999975,15.003695382044013,0.5715693478873909
16.31999999999975,15.003413045587578,0.5715585922128601
16.329999999999753,14.997420880310385,0.5713303192499194
16.339999999999755,15.009329153566144,0.5717839677549007
16.349999999999756,15.009047460449382,0.5717732365885478
16.359999999999758,15.012627013555642,0.5719096005164054
16.36999999999976,15.007893176259033,0.5717292638574869
16.37999999999976,15.007612474714637,0.5717185704653195
16.389999999999763,15.00733177317024,0.571707877073152
16.399999999999764,15.005943725658911,0.5716549990727203
16.409999999999766,15.00790887246003,0.5717298618080011
16.419999999999767,15.007629478878616,0.5717192182429949
16.42999999999977,15.003412186349944,0.5715585594799978
16.43999999999977,15.017972548293802,0.572113239935002
16.449999999999772,15.017694053649096,0.5721026306152036
16.459999999999773,15.01636954988861,0.5720521733290899
16.469999999999775,15.017038365283373,0.5720776520107951
16.479999999999777,15.016760783136837,0.5720670774528318
16.489999999999778,15.016483178600817,0.5720565020419358
16.49999999999978,15.03520314398854,0.5727696435805157
16.50999999999978,15.027476658442412,0.5724753012739966
16.519999999999783,15.027200342921855,0.5724647749684516
16.529999999999784,15.027044918756026,0.5724588540478486
16.539999999999786,15.031014494567057,0.5726100759835069
16.549999999999788,15.030739160120659,0.5725995870522155
16.55999999999979,15.049327401077845,0.5733077105172512
16.56999999999979,15.023857910323523,0.5723374442028009
16.579999999999792,15.02358375691853,0.572327000263563
16.589999999999794,15.023309581122557,0.5723165554713354
16.599999999999795,15.025767329369629,0.5724101839759858
16.609999999999797,15.022171837104201,0.5722732128420648
16.6199999999998,15.021899040797171,0.5722628206017969
16.6299999999998,15.013324152857596,0.5719361582040988
16.6399999999998,15.022565639905977,0.572288214853561
16.649999999999803,15.022293602136216,0.572277851509951
16.659999999999805,15.015629844253722,0.5720239940668084
16.669999999999806,15.018921227426327,0.5721493800924314
16.679999999999808,15.018650215283985,0.5721390558203423
16.68999999999981,15.01837918074941,0.5721287306952155
16.69999999999981,15.016407276476144,0.5720536105324245
16.709999999999813,15.009430553312022,0.5717878306023627
16.719999999999814,15.009160860926183,0.5717775566067117
16.729999999999816,15.006526845312928,0.5716772131547782
16.739999999999817,15.007090787028984,0.5716986966487232
16.74999999999982,15.00682200523546,0.5716884573423032
16.75999999999982,15.008005675786578,0.5717335495537743
16.769999999999822,14.983296125865312,0.5707922333662976
16.779999999999824,14.983028325630617,0.5707820314525949
16.789999999999825,14.982760525395921,0.5707718295388922
16.799999999999827,14.985376017802198,0.5708714673448456
16.809999999999828,14.975990000274201,0.5705139047723505
16.81999999999983,14.975723321426726,0.570503745578161
16.82999999999983,14.971826424676419,0.5703552923686254
16.839999999999833,14.98274652325131,0.5707712961238594
16.849999999999834,14.982480498703312,0.5707611618553642
16.859999999999836,14.981061193317037,0.5707070930787442
16.869999999999838,14.988010018161546,0.5709718102156779
16.87999999999984,14.987744719406894,0.570961703596453
16.88999999999984,14.98747942065224,0.5709515969772282
16.899999999999842,14.995350589637336,0.5712514510338033
16.909999999999844,14.991962947381085,0.5711223979954698
16.919999999999845,14.99169867659153,0.5711123305368202
16.929999999999847,14.993709713598534,0.5711889414704203
16.93999999999985,14.997782881779163,0.5713441097820633
16.94999999999985,14.997519391117631,0.5713340720425764
16.95999999999985,15.011610093471408,0.5718708607036727
16.969999999999853,14.998900939456606,0.5713867024554897
16.979999999999855,14.998638441165049,0.5713767025205733
16.989999999999856,14.998375965274356,0.5713667034390231
16.999999999999858,15.00801923817079,0.5717340662160301
17.00999999999986,14.99975718782732,0.5714193214410407
17.01999999999986,14.999496164211651,0.5714093776842534
17.029999999999863,14.991313719364255,0.5710976654995906
17.039999999999864,15.008628681808815,0.5717572831165263
17.049999999999866,15.0083687616669,0.5717473813968342
17.059999999999867,15.00289368300813,0.5715388069717382
17.06999999999987,15.013560173895446,0.5719451494817313
17.07999999999987,15.013301313955477,0.5719352881506847
17.089999999999872,15.013042476417384,0.5719254276730431
17.099999999999874,14.996350612957384,0.5712895471602812
17.109999999999875,15.007986102237389,0.5717328038947577
17.119999999999877,15.007728580803676,0.5717229935544257
17.129999999999878,14.991482824939819,0.571104107616755
17.13999999999988,15.010844016817837,0.5718416768311556
17.14999999999988,15.010587395377755,0.5718319007762953
17.159999999999883,15.012793104309635,0.5719159277832241
17.169999999999884,15.004735315383721,0.5716089643955703
17.179999999999886,15.004479745871116,0.5715992284141377
17.189999999999888,15.004224198760431,0.5715894932861116
17.19999999999989,15.002700737778747,0.5715314566772856
17.20999999999989,14.998837687269372,0.571384292848357
17.219999999999892,14.998583466833967,0.5713746082603416
17.229999999999894,14.98984015783948,0.5710415298224563
17.239999999999895,15.003430627022514,0.57155926198181
17.249999999999897,15.003177050894855,0.5715496019388516
17.2599999999999,15.007659320598199,0.5717203550704075
17.2699999999999,14.997454382533453,0.5713315955250838
17.2799999999999,14.997201063743324,0.5713219452854599
17.289999999999903,14.996947744953202,0.5713122950458362
17.299999999999905,15.002595133440648,0.5715274336548818
17.309999999999906,14.994451730197826,0.5712172087694409
17.319999999999908,14.994198792996325,0.5712075730665266
17.32999999999991,14.99248615013909,0.5711423295291082
17.33999999999991,15.00331713168375,0.571554938349857
17.349999999999913,15.003064623454447,0.5715453189887408
17.359999999999914,15.002010562852666,0.5715051642991491
17.369999999999916,14.994970262323378,0.5712369623742238
17.379999999999917,14.994718302498033,0.5712273639046869
17.38999999999992,14.99446632027226,0.5712177645818003
17.39999999999992,14.980265659303784,0.5706767870210965
17.409999999999922,14.99274455333631,0.5711521734604308
17.419999999999924,14.992492975802099,0.5711425895543656
17.429999999999925,14.987206289005037,0.5709411919620966
17.439999999999927,15.00165557150255,0.5714916408191447
17.44999999999993,15.001404415991567,0.5714820729901549
17.45999999999993,15.005936480539482,0.5716547230681707
17.46999999999993,15.0013095745053,0.5714784599811542
17.479999999999933,15.001059111520519,0.571468918534115
17.489999999999934,15.000808670934955,0.5714593779403792
17.499999999999936,14.992774888719957,0.5711533290940936
17.509999999999938,15.000274897990634,0.5714390437329765
17.51999999999994,15.000025200694715,0.5714295314550367
17.52999999999994,14.996518641829606,0.5712959482601754
17.539999999999942,15.005396828164896,0.5716341648824722
17.549999999999944,15.005147678984336,0.5716246734851175
17.559999999999945,15.016805733465743,0.5720687898463139
17.569999999999947,15.007577500321302,0.5717172381074781
17.57999999999995,15.007329145605883,0.5717077769754622
17.58999999999995,15.00708081328783,0.5716983166966791
17.59999999999995,15.012749625088517,0.5719142714319435
17.609999999999953,15.019025262137173,0.5721533433195113
17.619999999999955,15.018778081467381,0.572143926913043
17.629999999999956,15.021306289901416,0.572240239615292
17.639999999999958,15.022870957243402,0.5722998459902248
17.64999999999996,15.02262424152523,0.5722904472961992
17.65999999999996,15.020827383445633,0.5722219955598336
17.669999999999963,15.016774111767548,0.5720675852101923
17.679999999999964,15.016527776644109,0.5720582010150136
17.689999999999966,15.01628146391554,0.5720488176729729
17.699999999999967,15.013529705852223,0.5719439887943704
17.70999999999997,15.021277630180947,0.5722391478164169
17.71999999999997,15.021031673273221,0.572229778029456
17.729999999999972,15.007303300525933,0.5717067924009879
17.739999999999974,15.022683715602899,0.5722927129753484
17.749999999999975,15.02243809207938,0.5722833558887382
17.759999999999977,15.016633094576441,0.5720622131267216
17.76999999999998,14.998995049439031,0.5713902875976773
17.77999999999998,14.998749912785525,0.5713809490584961
17.78999999999998,14.998504776132021,0.5713716105193151
17.799999999999983,15.001974593158463,0.5715037940250842
17.809999999999985,14.993840806032741,0.5711939354679139
17.819999999999986,14.99359613384118,0.5711846146225211
17.829999999999988,14.998685575103451,0.5713784980991791
17.83999999999999,14.988104562465479,0.5709754119034467
17.84999999999999,14.987860385930336,0.5709661099402032
17.859999999999992,14.990082884915779,0.5710507765682201
17.869999999999994,14.985930397290392,0.5708925865634434
17.879999999999995,14.985686848587129,0.5708833085176048
17.889999999999997,14.985443322277506,0.5708740313248574
17.9,14.98820093976276,0.5709790834195336
17.91,14.986687189434832,0.5709214167403746
17.92,14.986444331187398,0.5709121649976151
17.930000000000003,14.980235996344923,0.5706756570036161
17.940000000000005,14.999007201754312,0.5713907505430214
17.950000000000006,14.998764912585315,0.5713815204794406
17.960000000000008,14.999820683486824,0.5714217403233075
17.97000000000001,15.000611702618995,0.5714518743854855
17.98000000000001,15.000370255477845,0.5714426763991559
17.990000000000013,15.000128785941033,0.5714334775596583
18.000000000000014,15.00289180042379,0.5715387352542396
18.010000000000016,14.996754481671235,0.5713049326350946
18.020000000000017,14.996513999037251,0.5712957713918952
18.03000000000002,14.986311128760097,0.5709070906194322
18.04000000000002,14.992218095000455,0.5711321179047791
18.050000000000022,14.991978118116306,0.5711229759282401
18.060000000000024,14.988379272420639,0.5709858770445957
18.070000000000025,14.98696628301099,0.5709320488766091
18.080000000000027,14.986726647905625,0.5709229199202143
18.09000000000003,14.98648699040144,0.570913790110531
18.10000000000003,14.98618209016646,0.5709021748634842
18.11000000000003,14.983214196283384,0.570789112239367
18.120000000000033,14.982974944825672,0.5707799978981208
18.130000000000035,14.979516862845845,0.5706482614417464
18.140000000000036,14.988396311486293,0.5709865261518587
18.150000000000038,14.988157542061852,0.5709774301737848
18.16000000000004,14.981914067197438,0.5707395835122833
18.17000000000004,14.987156749873805,0.5709393047570973
18.180000000000042,14.986918677955465,0.5709302353506843
18.190000000000044,14.986680606037128,0.5709211659442714
18.200000000000045,14.987903468694997,0.5709677511883807
18.210000000000047,14.984725015338732,0.5708466672509993
18.22000000000005,14.984487868658261,0.5708376330917433
18.23000000000005,14.978271765496046,0.5706008291617541
18.24000000000005,14.995859620123015,0.5712708426713529
18.250000000000053,14.995623174343848,0.5712618352130989
18.260000000000055,15.002332460880204,0.5715174270811506
18.270000000000056,14.99732110831698,0.5713265184120754
18.280000000000058,14.997085578104565,0.5713175458325548
18.29000000000006,14.996850025492137,0.5713085723997003
18.30000000000006,15.004578202690512,0.5716029791501147
18.310000000000063,14.994792794727042,0.5712302017038873
18.320000000000064,14.99455843610567,0.5712212737564064
18.330000000000066,14.992703993003586,0.5711506283048985
18.340000000000067,14.99810910033236,0.5713565371555185
18.35000000000007,14.997875805641192,0.571347649738712
18.36000000000007,15.001548296139795,0.5714875541386588
18.370000000000072,15.0039191416708,0.5715778720636494
18.380000000000074,15.003687039376032,0.5715690300714679
18.390000000000075,15.003454914682063,0.5715601872259833
18.400000000000077,14.997032003827966,0.571315504907732
18.41000000000008,15.002649297794854,0.5715294970588515
18.42000000000008,15.002418732626126,0.5715207136238524
18.43000000000008,15.006947207880522,0.571693226966877
18.440000000000083,15.008983922357352,0.5717708160898038
18.450000000000085,15.008754337374013,0.5717620699952004
18.460000000000086,15.015451875930033,0.572017214321144
18.470000000000088,15.003155900175368,0.5715487961971568
18.48000000000009,15.002927224031465,0.5715400847250082
18.49000000000009,15.002698547887555,0.5715313732528592
18.500000000000092,15.007630090008957,0.5717192415241507
18.510000000000094,14.9929338080803,0.5711593831649637
18.520000000000095,14.99270601733505,0.5711507054222876
18.530000000000097,14.995274646368282,0.5712485579568869
18.5400000000001,14.994365497594236,0.5712139237178756
18.5500000000001,14.994138191825922,0.5712052644505112
18.5600000000001,15.003427436840798,0.571559140451078
18.570000000000103,14.99210982603928,0.571127993372925
18.580000000000105,14.991883177157181,0.5711193591297973
18.590000000000106,14.991656505879456,0.571110724033503
18.600000000000108,14.981459171840537,0.5707222541653537
18.61000000000011,14.998270181332789,0.5713626735745824
18.62000000000011,14.998044373873682,0.5713540713856641
18.630000000000113,14.990767799636435,0.5710768685575784
18.640000000000114,14.994046905437816,0.5712017868738215
18.650000000000116,14.993821698359591,0.5711932075565558
18.660000000000117,14.987995517047116,0.570971257792271
18.67000000000012,14.988927243374988,0.5710067521285709
18.68000000000012,14.988702745516898,0.5709981998292151
18.690000000000122,14.988478225264199,0.5709896466767314
18.700000000000124,14.991109794095127,0.5710898969179096
18.710000000000125,14.98445360516315,0.570836327815739
18.720000000000127,14.984229536732235,0.5708277918755137
18.73000000000013,14.979629829636636,0.5706525649385384
18.74000000000013,14.98294089582939,0.5707787007935006
18.75000000000013,14.982717057987928,0.5707701736376353
18.760000000000133,14.980579319357847,0.570688735975537
18.770000000000135,14.975221239602703,0.5704846186515315
18.780000000000136,14.974997722310668,0.570476103707073
18.790000000000138,14.974774182624214,0.5704675879094938
18.80000000000014,14.97765079220035,0.5705771730362038
18.81000000000014,14.984085720715072,0.5708223131700979
18.820000000000142,14.983862573163831,0.570813812311003
18.830000000000144,14.988600237983718,0.570994294780332
18.840000000000146,14.9899745054367,0.57104664782616
18.850000000000147,14.989751535448645,0.5710381537313769
18.86000000000015,14.990705668818082,0.5710745016692602
18.87000000000015,14.994051911426876,0.5712019775781666
18.88000000000015,14.993829404249695,0.571193501114274
18.890000000000153,14.99360687467748,0.5711850237972373
18.900000000000155,14.989136716774905,0.5710147320676153
18.910000000000156,14.991398569564335,0.5711008978881651
18.920000000000158,14.991176538196171,0.5710924395503303
18.93000000000016,14.983580047099219,0.5708030494133035
18.94000000000016,14.997502915287555,0.5713334443919068
18.950000000000163,14.997281283245485,0.5713250012664947
18.960000000000164,14.99154326744124,0.5711064101882377
18.970000000000166,15.002683963201658,0.5715308176457774
18.980000000000167,15.002463012961472,0.5715224004937703
18.99000000000017,15.002242062721294,0.5715139833417635
19.00000000000017,15.003391652009784,0.5715577772194202
19.010000000000172,15.002964488232344,0.5715415043136131
19.020000000000174,15.002744393346847,0.5715331197465465
19.030000000000175,14.998875563876211,0.5713857357667128
19.040000000000177,14.997741218663062,0.5713425226157357
19.05000000000018,14.997521616841542,0.5713341568320587
19.06000000000018,14.990079569291852,0.5710506502587371
19.07000000000018,14.993797513215414,0.57119228621773
19.080000000000183,14.993578838836568,0.5711839557652025
19.090000000000185,14.993360186851964,0.5711756261657891
19.100000000000186,15.002320326703751,0.5715169648268095
19.110000000000188,14.991371388371634,0.5710998624141574
19.12000000000019,14.991153652645227,0.5710915677198182
19.13000000000019,14.999731467605914,0.5714183416230824
19.140000000000192,14.995090332331065,0.5712415364697548
19.150000000000194,14.994873345077933,0.5712332702886831
19.160000000000196,14.992901367617039,0.5711581473377919
19.170000000000197,14.99842300354831,0.571368495373269
19.1800000000002,14.998206898609244,0.5713602628041616
19.1900000000002,14.997990771274377,0.571352029381881
19.200000000000202,14.998704496966859,0.5713792189320708
19.210000000000203,14.99287180258958,0.5711570210510316
19.220000000000205,14.992656920065603,0.5711488350501182
19.230000000000206,14.991121351950566,0.5710903372171644
19.240000000000208,14.99680902561515,0.5713070104996247
19.25000000000021,14.99659522638022,0.5712988657668655
19.26000000000021,14.989373232123633,0.5710237421761384
19.270000000000213,15.010366052163413,0.5718234686538443
19.280000000000214,15.010153468594797,0.5718153702321828
19.290000000000216,15.009940885026179,0.571807271810521
19.300000000000217,15.003562374737642,0.5715642809423863
19.31000000000022,15.011217614422701,0.5718559091208648
19.32000000000022,15.011006466733718,0.5718478653993797
19.330000000000222,15.002452962078499,0.5715220176029904
19.340000000000224,15.008610302845776,0.5717565829655533
19.350000000000225,15.00840022661049,0.571748580061352
19.360000000000227,15.01496264714336,0.5719985770340327
19.37000000000023,15.013649123782205,0.5719485380488458
19.38000000000023,15.01344015972736,0.5719405775134232
19.39000000000023,15.013231173277049,0.5719326161248399
19.400000000000233,15.006140688196593,0.5716625024074892
19.410000000000235,15.008388204540598,0.571748122077737
19.420000000000236,15.008180761764288,0.5717402194957824
19.430000000000238,15.005795934492568,0.5716493689330502
19.44000000000024,15.00799322502742,0.5717330752391397
19.45000000000024,15.007786805657759,0.5717252116441051
19.460000000000242,15.009415837098997,0.5717872699847236
19.470000000000244,15.010302782469438,0.571821058379788
19.480000000000246,15.010097334871627,0.5718132318046334
19.490000000000247,15.009891909671493,0.5718054060827235
19.50000000000025,15.012011210806268,0.5718861413640483
19.51000000000025,15.008154621991222,0.5717392236949037
19.520000000000252,15.007950401646584,0.5717314438722507
19.530000000000253,15.009962094375469,0.5718080797857321
19.540000000000255,15.01225821607357,0.571895551088517
19.550000000000257,15.012054865488771,0.5718878043995722
19.560000000000258,15.014331102572726,0.5719745181932466
19.57000000000026,15.002584721139412,0.5715270369957871
19.58000000000026,15.00238241283181,0.5715193300126403
19.590000000000263,15.00218012692404,0.5715116238828205
19.600000000000264,15.006379848548502,0.5716716132780381
19.610000000000266,15.005130126080395,0.5716240048030626
19.620000000000267,15.004929428690831,0.5716163591882221
19.63000000000027,15.004299981995514,0.5715923802664957
19.64000000000027,15.004666990990177,0.5716063615615306
19.650000000000272,15.004467157539525,0.5715987488586485
19.660000000000274,15.015132560088285,0.5720050499081251
19.670000000000275,14.998573125570298,0.5713742143074398
19.680000000000277,14.998373790132511,0.5713666205764766
19.69000000000028,14.998174477095226,0.5713590276988657
19.70000000000028,14.995519059102667,0.5712578689181969
19.71000000000028,14.991650018131814,0.571110476881212
19.720000000000283,14.991451081551093,0.5711028983448034
19.730000000000285,14.969274568678493,0.5702580788067997
19.740000000000286,14.989170618952766,0.5710160235791529
19.750000000000288,14.988971816742366,0.5710084501616138
19.76000000000029,14.985032522356601,0.5708583818040609
19.77000000000029,14.987474388859367,0.5709514052898805
19.780000000000292,14.987275760555425,0.5709438384973495
19.790000000000294,14.987077132251482,0.5709362717048183
19.800000000000296,14.990046414410656,0.571049387215644
19.810000000000297,14.983280728649671,0.5707916468057017
19.8200000000003,14.983082253624037,0.5707840858523442
19.8300000000003,14.98553244976648,0.5708774266577706
19.840000000000302,14.982555734866818,0.5707640279949263
19.850000000000303,14.982357360994738,0.5707564708950376
19.860000000000305,14.98767199463811,0.5709589331290708
19.870000000000307,14.969878173456612,0.5702810732745376
19.880000000000308,14.969679989170448,0.5702735233969694
19.89000000000031,14.969481804884289,0.5702659735194014
19.90000000000031,14.972626042043155,0.5703857539825963
19.910000000000313,14.968092522849359,0.5702130484894994
19.920000000000314,14.96789473072308,0.5702055135513554
19.930000000000316,14.968697376742575,0.5702360905425743
19.940000000000317,14.985515928857223,0.5708767972897989
19.95000000000032,14.985318501783166,0.5708692762584062
19.96000000000032,14.986378625114655,0.5709096619091297
19.970000000000322,14.986399211335268,0.5709104461461054
19.980000000000324,14.986202052401554,0.5709029353295829
19.990000000000325,14.98600489346784,0.5708954245130605
20.000000000000327,14.990490390889539,0.5710663006053157
20.01000000000033,14.983727815161814,0.5708086786728309
20.02000000000033,14.98353102167229,0.570801181777992
20.03000000000033,14.988609762682584,0.5709946576260031
20.040000000000333,14.986078471051382,0.5708982274686241
20.050000000000335,14.985882491126818,0.5708907615667359
20.060000000000336,14.989036110800177,0.5710108994590543
20.070000000000338,14.988735474524647,0.570999446648558
20.08000000000034,14.988540983227622,0.5709920374562903
20.09000000000034,14.988346491930596,0.5709846282640226
20.100000000000342,14.980658270960776,0.5706917436556486
20.110000000000344,14.994628300452524,0.5712239352553342
20.120000000000346,14.994435570611932,0.5712165931661688
20.130000000000347,14.979051606769142,0.5706305374007291
20.14000000000035,15.000301129599942,0.5714400430323787
20.15000000000035,15.00010963326972,0.5714327479340845
20.160000000000352,14.99550966851892,0.5712575111816731
20.170000000000353,15.003213649398548,0.5715509961675637
20.180000000000355,15.003023484749013,0.5715437517999623
20.190000000000357,15.002833320099478,0.5715365074323611
20.200000000000358,14.992785890515673,0.5711537482101209
20.21000000000036,15.00013217780338,0.571433606773462
20.22000000000036,14.999943654169037,0.5714264249207252
20.230000000000363,14.999142869446205,0.5713959188360458
20.240000000000364,14.993221091382885,0.5711703272907765
20.250000000000366,14.993033668059486,0.571163187354647
20.260000000000367,14.99291741438408,0.571158758643203
20.27000000000037,14.987049867239856,0.5709352330377088
20.28000000000037,14.986863453569503,0.5709281315645525
20.290000000000372,14.986677039899151,0.5709210300913962
20.300000000000374,14.989581810656233,0.5710316880249993
20.310000000000375,14.987397872118162,0.5709484903664062
20.320000000000377,14.987212611414233,0.5709414328157802
20.33000000000038,15.00139401902491,0.5714816769152347
20.34000000000038,14.99547660409209,0.5712562515844605
20.35000000000038,14.995292257114704,0.5712492288424649
20.360000000000383,14.992534268996062,0.5711441626284214
20.370000000000385,14.994111398001275,0.5712042437333819
20.380000000000386,14.993928038579357,0.5711972586125469
20.390000000000388,14.993744679157441,0.571190273491712
20.40000000000039,14.999982371077516,0.571427899850572
20.41000000000039,14.998977450851521,0.571389617175296
20.420000000000393,14.99879508495226,0.5713826699029432
20.430000000000394,14.989743423397746,0.5710378447008665
20.440000000000396,14.999600262719799,0.5714133433417066
20.450000000000397,14.999418427091982,0.5714064162701706
20.4600000000004,14.986565062358503,0.5709167642803239
20.4700000000004,14.997511538491096,0.5713337728948988
20.480000000000402,14.997329988155217,0.5713268566916273
20.490000000000403,14.997148437819334,0.5713199404883555
20.500000000000405,14.986575027104083,0.5709171438896793
20.510000000000407,14.995106359601747,0.5712421470324475
20.520000000000408,14.994925165485252,0.5712352443994382
20.53000000000041,14.99647070899148,0.5712941222472944
20.54000000000041,14.983200422468684,0.5707885875226165
20.550000000000413,14.98301933157666,0.5707816888219679
20.560000000000414,14.988142741732867,0.5709768663517282
20.570000000000416,14.98999436351636,0.5710474043244327
20.580000000000418,14.989813437435513,0.5710405119023052
20.59000000000042,14.989632511354666,0.5710336194801777
20.60000000000042,14.991208438077928,0.571093654783921
20.610000000000422,14.983096711988566,0.5707846366471834
20.620000000000424,14.982916056513146,0.5707777545338341
20.630000000000425,14.981488806752905,0.5707233831143963
20.640000000000427,14.989286510735553,0.5710204385042115
20.65000000000043,14.98910593097816,0.5710135592753585
20.66000000000043,14.992038030027041,0.5711252582867444
20.67000000000043,14.995927782595194,0.5712734393369597
20.680000000000433,14.995747311385552,0.5712665642432591
20.690000000000435,14.995566840175911,0.5712596891495585
20.700000000000436,14.997477191606304,0.5713324644421449
20.710000000000438,14.997406712258103,0.5713297795145943
20.72000000000044,14.997226471351915,0.5713229131943586
20.73000000000044,14.995388345933653,0.5712528893689011
20.740000000000443,14.991499205564187,0.5711047316405404
20.750000000000444,14.991319157662415,0.5710978726728538
20.760000000000446,14.992361073714576,0.5711375647129362
20.770000000000447,14.982871580144392,0.5707760601959768
20.78000000000045,14.98269174874179,0.5707692094758776
20.79000000000045,14.982511917339192,0.5707623587557786
20.800000000000452,14.980775568360132,0.5706962121280049
20.810000000000453,14.980443729691975,0.5706835706549324
20.820000000000455,14.980264041860362,0.5706767254042042
20.830000000000457,14.968300013116174,0.5702209528806161
20.840000000000458,14.983741047459322,0.5708091827603551
20.85000000000046,14.983561379010638,0.5708023382480243
20.86000000000046,14.976437916776836,0.5705309682581652
20.870000000000463,14.986656494544267,0.5709202474112101
20.880000000000464,14.9864767930869,0.5709134016414057
20.890000000000466,14.986297091629536,0.5709065558716013
20.900000000000468,14.989033479170812,0.5710107992065071
20.91000000000047,14.987590454291091,0.5709558268301368
20.92000000000047,14.987410800166792,0.5709489828634968
20.930000000000472,14.982544677768622,0.570763606772138
20.940000000000474,14.992450572716685,0.5711409741987308
20.950000000000475,14.992271029068997,0.5711341344407236
20.960000000000477,14.996171077999845,0.5712827077333273
20.97000000000048,14.991891209413398,0.5711196651205104
20.98000000000048,14.991711874752658,0.5711128333239107
20.99000000000048,14.991532540091919,0.5711060015273112
21.000000000000483,14.982675434353483,0.5707685879753708
21.010000000000485,14.991146840149018,0.571091308196153
21.020000000000486,14.990967724436423,0.5710844847404352
21.030000000000488,14.982932000591932,0.5707783619273117
21.04000000000049,14.998886653975267,0.5713861582466768
21.05000000000049,14.998707806800088,0.5713793450209557
21.060000000000493,14.997572307853677,0.5713360879182352
21.070000000000494,14.998915092371753,0.571387241614162
21.080000000000496,14.998736589783608,0.571380441515566
21.090000000000497,14.998558109582794,0.5713736422698207
21.1000000000005,14.994907450374596,0.5712345695380798
21.1100000000005,14.987814062354719,0.5709643452325607
21.120000000000502,14.98763574993081,0.5709575523783165
21.130000000000503,14.996011195083742,0.5712766169555711
21.140000000000505,14.986601326375308,0.5709181457666783
21.150000000000507,14.986423085781782,0.5709113556488298
21.160000000000508,14.985810980972856,0.5708880373703944
21.17000000000051,14.978745885126242,0.570618890861952
21.18000000000051,14.978568047496335,0.5706121160950984
21.190000000000513,14.978390232253759,0.5706053421810955
21.200000000000514,14.97831424977749,0.570602447610571
21.210000000000516,14.986683167245438,0.5709212635141119
21.220000000000518,14.986505710812624,0.5709145032690522
21.23000000000052,14.979286236926281,0.5706394756924297
21.24000000000052,14.996073718122075,0.5712789987856028
21.250000000000522,14.995896542701429,0.5712722492457687
21.260000000000524,15.006340186033666,0.571670102325092
21.270000000000525,15.001947480807734,0.571502761173628
21.280000000000527,15.001770529402465,0.571496020167713
21.29000000000053,15.001593577997193,0.5714892791617978
21.30000000000053,15.0000205931082,0.5714293559279314
21.31000000000053,15.010432156906761,0.5718259869297814
21.320000000000533,15.010255404008127,0.5718192534860238
21.330000000000535,15.011635031354972,0.5718718107182846
21.340000000000536,15.004387892166624,0.5715957292253951
21.350000000000538,15.004211293726035,0.5715890016657537
21.36000000000054,15.002118158479357,0.5715092631801659
21.37000000000054,15.009392347671339,0.5717863751493842
21.380000000000543,15.00921598425268,0.5717796565429591
21.390000000000544,15.00903964321605,0.5717729387891828
21.400000000000546,15.005860520621203,0.5716518293569982
21.410000000000547,15.010146720672553,0.5718151131684782
21.42000000000055,15.009970524236879,0.5718084009233096
21.43000000000055,15.000228135692065,0.5714372623120786
21.440000000000552,15.015108255443081,0.5720041240168793
21.450000000000554,15.014932130001482,0.5719974144762469
21.460000000000555,15.017056694775462,0.5720783502771604
21.470000000000557,14.999966319159178,0.571427288348921
21.480000000000558,14.999790273648093,0.5714205818532606
21.49000000000056,14.99961420575729,0.5714138745050396
21.50000000000056,15.001093720881874,0.5714702369859761
21.510000000000563,14.993023523688121,0.5711628009024046
21.520000000000564,14.992847413549041,0.5711560919447254
21.530000000000566,14.996867832581879,0.5713092507650239
21.540000000000568,14.9848878180479,0.5708528692589676
21.55000000000057,14.98471163395651,0.5708461574840574
21.56000000000057,14.991233871705772,0.5710946236840293
21.570000000000572,14.982562796232092,0.5707642969993177
21.580000000000574,14.982386533761263,0.5707575822385242
21.590000000000575,14.982210271290434,0.5707508674777307
21.600000000000577,14.981902713715224,0.5707391509986751
21.61000000000058,14.981792923287802,0.570734968506202
21.62000000000058,14.981616470744965,0.5707282465045701
21.63000000000058,14.976788887537692,0.5705443385728645
21.640000000000583,14.994727339358349,0.5712277081660323
21.650000000000585,14.994551021312299,0.5712209912880876
21.660000000000586,14.988082047583209,0.570974554193646
21.670000000000588,15.00163787671346,0.5714909667319412
21.68000000000059,15.001462200901559,0.5714842743200593
21.69000000000059,15.001286525089661,0.5714775819081775
21.700000000000593,14.99365613863053,0.5711869005192582
21.710000000000594,15.01257618777265,0.5719076642961008
21.720000000000596,15.012401320428538,0.5719010026829918
21.730000000000597,15.008205587927383,0.5717411652543765
21.7400000000006,15.017900819825098,0.5721105074219084
21.7500000000006,15.017726552470029,0.5721038686655249
21.760000000000602,15.014138676369623,0.5719671876712237
21.770000000000604,15.020223383881074,0.5721989860526123
21.780000000000605,15.02004970044351,0.5721923695407051
21.790000000000607,15.019876017005947,0.5721857530287979
21.80000000000061,15.017732004198962,0.5721040763504366
21.81000000000061,15.025502160688628,0.5724000823119477
21.82000000000061,15.02532883086764,0.5723934792711481
21.830000000000613,15.023053211374652,0.5723067890047486
21.840000000000614,15.0272746838853,0.5724676070051543
21.850000000000616,15.027101620377973,0.572461014109637
21.860000000000618,15.035094046900292,0.5727654875009635
21.87000000000062,15.02535749495616,0.572394571236425
21.88000000000062,15.025184696208587,0.5723879884269938
21.890000000000622,15.025011897461013,0.5723814056175623
21.900000000000624,15.041197512336803,0.5729980004699734
21.910000000000625,15.019838397305074,0.5721843198973361
21.920000000000627,15.019666012361947,0.5721777528518837
21.93000000000063,15.02240722668225,0.5722821800640856
21.94000000000063,15.01372695679041,0.5719515031158251
21.95000000000063,15.013554923018095,0.5719449494483083
21.960000000000633,15.01618766039505,0.5720452442055256
21.970000000000635,15.007963626201052,0.571731947664802
21.980000000000636,15.0077919473136,0.5717254075167085
21.990000000000638,15.007620268426145,0.571718867368615
22.00000000000064,15.008792485388046,0.5717635232528779
22.01000000000064,15.00926695021276,0.5717815981033432
22.020000000000643,15.009095807199468,0.5717750783695035
22.030000000000644,15.00602687221854,0.5716581665607062
22.040000000000646,15.012854009734033,0.5719182479898679
22.050000000000647,15.012683275275561,0.5719117438200213
22.06000000000065,15.014015585036638,0.5719624984775862
22.07000000000065,15.00661478033927,0.5716805630605436
22.080000000000652,15.006444598628429,0.5716740799477497
22.090000000000654,15.006274416917588,0.5716675968349557
22.100000000000655,14.993382398038179,0.5711764723062163
22.110000000000657,15.001498392238682,0.5714856530376641
22.12000000000066,15.001328675271305,0.571479187629383
22.13000000000066,14.996196408338626,0.5712836726986142
22.14000000000066,15.004608241547498,0.5716041234875237
22.150000000000663,15.004438945340356,0.571597674108204
22.160000000000664,15.006491392051672,0.5716758625543493
22.170000000000666,15.008628888733039,0.5717572909993538
22.180000000000668,15.008460211528085,0.5717508652010699
22.19000000000067,15.008291534323131,0.5717444394027859
22.20000000000067,15.014956519938632,0.5719983436167098
22.210000000000672,15.011435619245482,0.5718642140664945
22.220000000000674,15.011267789499785,0.5718578205523727
22.230000000000675,15.01164348118182,0.5718721326164502
22.240000000000677,15.013596625720842,0.5719465381226987
22.25000000000068,15.013429319916128,0.5719401645682334
22.26000000000068,15.01979738692378,0.5721827575970964
22.27000000000068,15.005252995552587,0.5716286855448603
22.280000000000683,15.005086103444496,0.5716223277502664
22.290000000000685,15.004919233704067,0.5716159708077739
22.300000000000686,14.995718568214773,0.5712654692653246
22.310000000000688,15.008904667109602,0.5717677968422705
22.32000000000069,15.008738611025315,0.5717614708962024
22.33000000000069,15.005186397089197,0.5716261484605408
22.340000000000693,15.009487140188027,0.5717899862928771
22.350000000000694,15.009321602140277,0.5717836800815344
22.360000000000696,15.008650759813895,0.5717581241833865
22.370000000000697,15.006396930566526,0.5716722640215819
22.3800000000007,15.006231803886626,0.5716659734813953
22.3900000000007,15.006066677206723,0.5716596829412085
22.400000000000702,15.016539475409195,0.5720586466822549
22.410000000000704,15.000197347414986,0.5714360894253327
22.420000000000705,15.000032606087903,0.5714298135652534
22.430000000000707,15.010944071891576,0.5718454884530123
22.44000000000071,15.001352170212447,0.5714800826747598
22.45000000000071,15.00118797452831,0.5714738276010785
22.46000000000071,15.000177306704247,0.5714353259696855
22.470000000000713,14.99723594976724,0.5713232742768473
22.480000000000715,14.997072687519376,0.5713170547626428
22.490000000000716,14.996909425271507,0.5713108352484383
22.500000000000718,14.98447076658768,0.5708369815842925
22.51000000000072,15.012459979185884,0.5719032373023193
22.52000000000072,15.012298115808184,0.5718970710784069
22.530000000000722,15.008450607027683,0.5717504993153403
22.540000000000724,15.02215594298394,0.5722726073517691
22.550000000000725,15.021995097127443,0.5722664798905692
22.560000000000727,15.02334305727887,0.5723178307534807
22.57000000000073,15.027040698991998,0.5724586932949332
22.58000000000073,15.02688085713978,0.5724526040815153
22.59000000000073,15.026721037652402,0.5724465157200914
22.600000000000733,15.017125677782163,0.5720809782012252
22.610000000000735,15.016180126381398,0.5720449571954818
22.620000000000736,15.016021359237763,0.5720389089233433
22.630000000000738,15.016287753963654,0.5720490572938535
22.64000000000074,15.002206854700392,0.5715126420838244
22.65000000000074,15.00204865004364,0.5715066152397577
22.660000000000743,15.001753950250581,0.5714953885809745
22.670000000000744,14.99760215380615,0.571337224906901
22.680000000000746,14.997444264210301,0.5713312100651543
22.690000000000747,14.997286374614452,0.5713251952234076
22.70000000000075,14.99656098440548,0.5712975613106849
22.71000000000075,14.999755161724313,0.5714192442561642
22.720000000000752,14.999597566321535,0.5714132406217727
22.730000000000754,14.995315025199622,0.5712500961980808
22.740000000000755,14.998036300119653,0.571353763814082
22.750000000000757,14.997878968852097,0.5713477702419846
22.76000000000076,14.996658513718216,0.5713012767130748
22.77000000000076,14.994167049463085,0.5712063637890699
22.78000000000076,14.99400980067941,0.5712003733592156
22.790000000000763,14.993852529532726,0.5711943820774371
22.800000000000765,15.000619256966017,0.571452162170134
22.810000000000766,15.002912607731218,0.5715395279135702
22.820000000000768,15.002755590044108,0.5715335462873945
22.83000000000077,15.000581955519161,0.5714507411626346
22.84000000000077,15.005612829040372,0.5716423934872522
22.850000000000772,15.005456470152374,0.5716364369581857
22.860000000000774,14.996834707499408,0.5713079888571203
22.870000000000775,15.01366864106713,0.571949281564462
22.880000000000777,15.013513651378576,0.5719433771953742
22.89000000000078,15.013358661690022,0.5719374728262865
22.90000000000078,14.998564244172886,0.5713738759684909
22.91000000000078,15.02375865662672,0.5723336631095893
22.920000000000783,15.023605342818513,0.5723278225835623
22.930000000000785,15.008110423627762,0.5717375399477242
22.940000000000786,15.033832645566495,0.5727174341168187
22.950000000000788,15.033680516130506,0.5727116387097335
22.96000000000079,15.027537013450813,0.5724776005124118
22.97000000000079,15.039640639095463,0.5729386910131604
22.980000000000793,15.03948945801785,0.5729329317340133
22.990000000000794,15.039338254580379,0.572927171603062
23.000000000000796,15.040705058378359,0.5729792403191756
23.010000000000797,15.03358998063471,0.5727081897384652
23.0200000000008,15.033439902681282,0.5727024724830964
23.0300000000008,15.036751246787372,0.5728286189252332
23.040000000000802,15.031673523346392,0.5726351818417672
23.050000000000804,15.031524000671133,0.5726294857398526
23.060000000000805,15.044644170197737,0.5731293017218185
23.070000000000807,15.029766080629653,0.57256251735732
23.08000000000081,15.029616776475002,0.5725568295800001
23.09000000000081,15.029467449961771,0.5725511409509245
23.10000000000081,15.040606685428127,0.5729754927782144
23.110000000000813,15.028098044457042,0.572498973122173
23.120000000000815,15.02794901939499,0.572493295976952
23.130000000000816,15.037002175014905,0.5728381780958058
23.140000000000818,15.031960965761451,0.5726461320290076
23.15000000000082,15.03181216629796,0.5726404634780174
23.16000000000082,15.04180727724035,0.5730212296091561
23.170000000000822,15.027841264423438,0.5724891910256548
23.180000000000824,15.027692674546302,0.5724835304589067
23.190000000000826,15.027544062311318,0.5724778690404311
23.200000000000827,15.024392501470532,0.5723578095798297
23.21000000000083,15.016878798615458,0.5720715732805889
23.22000000000083,15.016730373897506,0.5720659190056192
23.23000000000083,15.019925924288804,0.5721876542586211
23.240000000000833,15.013496483259932,0.5719427231718068
23.250000000000835,15.013348314908043,0.5719370786631635
23.260000000000836,15.010215974972898,0.5718177514275389
23.270000000000838,15.00688819657755,0.57169097891724
23.28000000000084,15.006740616316272,0.5716853568120484
23.29000000000084,15.006593036054994,0.5716797347068568
23.300000000000843,15.000910773297178,0.5714632675541782
23.310000000000844,15.005775153730928,0.5716485772849877
23.320000000000846,15.005628244624777,0.5716429807476106
23.330000000000847,14.997170184312461,0.5713207689261889
23.34000000000085,15.005654511723328,0.5716439813989839
23.35000000000085,15.005507993905168,0.5716383997678158
23.360000000000852,15.002365206026928,0.5715186745153115
23.370000000000854,15.000971648687365,0.5714655866166615
23.380000000000855,15.000825226769232,0.5714600086388278
23.390000000000857,15.000678782494969,0.5714544298093321
23.40000000000086,15.000788560641421,0.5714586118339589
23.41000000000086,15.007550416036398,0.571716206325196
23.42000000000086,15.007403995217336,0.5717106283892318
23.430000000000863,15.002244265720776,0.5715140672655533
23.440000000000865,15.001559252976552,0.5714879715419638
23.450000000000866,15.001412988686297,0.5714823995690017
23.460000000000868,15.005429437064372,0.5716354071262617
23.47000000000087,14.993997341969083,0.5711998987416793
23.48000000000087,14.99385093914654,0.5711943214912967
23.490000000000872,14.993704558679752,0.5711887450925619
23.500000000000874,14.990613418289085,0.5710709873633937
23.510000000000876,14.985656901868655,0.5708821676902345
23.520000000000877,14.98551011447334,0.5708765757894605
23.53000000000088,14.986162111366955,0.5709014137663602
23.54000000000088,14.985901625677743,0.5708914905020092
23.550000000000882,14.985754528875818,0.5708858868143168
23.560000000000883,14.993616670371418,0.5711853969665301
23.570000000000885,14.981868651644117,0.5707378533959663
23.580000000000886,14.98172106120018,0.570732230902864
23.590000000000888,14.981573470756244,0.5707266084097616
23.60000000000089,14.983304971468435,0.5707925703416546
23.61000000000089,14.9740207328981,0.5704388850627847
23.620000000000893,14.97387242089392,0.5704332350816731
23.630000000000894,14.96096820636626,0.5699416459568099
23.640000000000896,14.981161846322742,0.5707109274789616
23.650000000000897,14.981013406727154,0.5707052726372248
23.6600000000009,14.966077961433955,0.570136303292722
23.6700000000009,14.989723873975118,0.5710370999609569
23.680000000000902,14.989575870201678,0.5710314617219686
23.690000000000904,14.989427844073306,0.571025822631364
23.700000000000905,14.97517917814535,0.570483016310299
23.710000000000907,15.008264703329946,0.5717434172697121
23.72000000000091,15.008117422635165,0.5717378065765777
23.73000000000091,15.000727159266862,0.5714562727339757
23.74000000000091,15.017347369919397,0.572089423615977
23.750000000000913,15.017200807762249,0.5720838402957047
23.760000000000915,15.017917971668487,0.5721111608254661
23.770000000000916,15.014700232955798,0.571988580303078
23.780000000000918,15.01455417718237,0.571983016273614
23.79000000000092,15.01440814376315,0.571977453095739
23.80000000000092,15.016557007699053,0.5720593145790115
23.810000000000922,15.005271987346417,0.5716294090417682
23.820000000000924,15.005126531897396,0.5716238678818055
23.830000000000926,15.007732620437977,0.5717231474452562
23.840000000000927,15.010571996512281,0.5718313141528487
23.85000000000093,15.010426877089655,0.5718257857938915
23.86000000000093,15.032011830423178,0.5726480697304067
23.870000000000932,15.009625946821968,0.5717952741646464
23.880000000000933,15.009480978386987,0.5717897515575995
23.890000000000935,15.009336009952008,0.5717842289505527
23.900000000000936,15.017347620951762,0.5720894331791146
23.910000000000938,15.003032906789983,0.5715441107348564
23.92000000000094,15.002888008920467,0.5715385908160178
23.93000000000094,15.001147292825564,0.5714722778219262
23.940000000000943,14.999304865029318,0.5714020900963549
23.950000000000944,14.999160084012042,0.5713965746290302
23.960000000000946,14.990453029918623,0.5710648773302331
23.970000000000947,14.99235017292871,0.5711371494449031
23.98000000000095,14.992205192324926,0.5711316263742828
23.99000000000095,14.992060189367376,0.5711261024520904
24.000000000000952,14.986754181399908,0.5709239688152346
24.010000000000954,14.988035145987991,0.5709727674662092
24.020000000000955,14.987889647151984,0.5709672246534089
24.030000000000957,14.98667334799791,0.5709208894475394
24.04000000000096,14.99068523885784,0.5710737233850605
24.05000000000096,14.99053971640892,0.5710681796727207
24.06000000000096,14.99607557077145,0.5712790693627219
24.070000000000963,14.983343639081236,0.5707940433935709
24.080000000000965,14.983198703453786,0.5707885220363347
24.090000000000966,14.983053790179975,0.5707830015306656
24.100000000000968,14.982871490054324,0.5707760567639741
24.11000000000097,14.987032731004636,0.570934580228748
24.12000000000097,14.98688839234914,0.5709290816133006
24.130000000000972,14.972714460303145,0.5703891222972626
24.140000000000974,14.998090396074993,0.5713558246123807
24.150000000000976,14.997946507037584,0.5713503431252412
24.160000000000977,15.004089457178711,0.5715843602734747
24.17000000000098,15.012419447777914,0.5719016932486823
24.18000000000098,15.012275709147268,0.5718962174913245
24.190000000000982,15.012131948163276,0.5718907408824104
24.200000000000983,15.023755604220275,0.572333546827439
24.210000000000985,15.01974691588411,0.5721808348908232
24.220000000000987,15.019603316590294,0.5721753644415349
24.230000000000988,15.02630719813351,0.5724307504050861
24.24000000000099,15.017049571433441,0.5720780789117501
24.25000000000099,15.016906063001013,0.5720726119238481
24.260000000000993,15.03157069924888,0.5726312647332906
24.270000000000994,15.004267062074291,0.5715911261742587
24.280000000000996,15.004123374019807,0.5715856523436117
24.290000000000997,15.003979663612057,0.5715801776614117
24.300000000001,15.002051892668351,0.5715067387683181
24.310000000001,14.994721929897782,0.571227502091344
24.320000000001002,14.994577899192578,0.5712220152073363
24.330000000001004,14.996565724371672,0.5712977418808256
24.340000000001005,15.000292825088795,0.5714397266700493
24.350000000001007,15.000148589485358,0.5714342319803946
24.36000000000101,15.002562962907657,0.5715262081107678
24.37000000000101,14.984672423949817,0.5708446637695168
24.38000000000101,14.984527886942649,0.5708391575978151
24.390000000001013,14.984383349935475,0.5708336514261133
24.400000000001015,14.98527247278081,0.5708675227726022
24.410000000001016,14.974809271773502,0.5704689246389905
24.420000000001018,14.974664298079672,0.5704634018316065
24.43000000000102,14.968899335715145,0.5702437842177197
24.44000000000102,14.968086878180708,0.5702128334545031
24.450000000001022,14.9679414954093,0.5702072950632114
24.460000000001024,14.97166508840279,0.5703491462248682
24.470000000001026,14.954262842668035,0.5696862035302108
24.480000000001027,14.954116433948421,0.5696806260551779
24.49000000000103,14.95397000287581,0.5696750477286022
24.50000000000103,14.945363332417799,0.5693471745682971
24.510000000001032,14.956189738382584,0.5697596090812412
24.520000000001033,14.956042225614361,0.5697539895472137
24.530000000001035,14.949844330939245,0.569517879273876
24.540000000001037,14.957866048905698,0.5698234685297409
24.550000000001038,14.957717787783281,0.569817820486982
24.56000000000104,14.957025336139155,0.5697914413767297
24.57000000000104,14.959751012695259,0.569895276674105
24.580000000001043,14.959601873393906,0.5698895951769106
24.590000000001044,14.959452711739758,0.5698839128281812
24.600000000001046,14.95865144698306,0.5698533884564975
24.610000000001047,14.961115543339178,0.5699472587938734
24.62000000000105,14.960965257718168,0.5699415336273588
24.63000000000105,14.963813120700253,0.5700500236457239
24.640000000001052,14.966210237147614,0.5701413423675281
24.650000000001054,14.966059239930539,0.570135590092592
24.660000000001055,14.958398982491522,0.5698437707615818
24.670000000001057,14.956794430135096,0.5697826449575274
24.68000000000106,14.956642409449344,0.5697768536933083
24.69000000000106,14.956490411116421,0.5697710632806255
24.70000000000106,14.962061755277336,0.5699833049629461
24.710000000001063,14.95668396809199,0.5697784368796949
24.720000000001065,14.956530736725698,0.5697725994943122
24.730000000001066,14.953426761347316,0.5696543528132311
24.740000000001068,14.958308985986728,0.5698403423233038
24.75000000000107,14.9581549837254,0.5698344755704914
24.76000000000107,14.96651101403388,0.5701528005346239
24.770000000001072,14.955203073249011,0.5697220218380575
24.780000000001074,14.955048111564494,0.5697161185357902
24.790000000001076,14.954893149879974,0.5697102152335227
24.800000000001077,14.958719713352197,0.5698559890800836
24.81000000000108,14.95417593549377,0.569682892780715
24.82000000000108,14.954019569958662,0.5696769359984252
24.830000000001082,14.956148575090365,0.5697580409558234
24.840000000001083,14.956834588068752,0.5697841747835715
24.850000000001085,14.956677583351683,0.5697781936514926
24.860000000001087,14.951572787360263,0.5695837252327719
24.870000000001088,14.976544235080313,0.5705350184792499
24.88000000000109,14.97638743938829,0.57052904531003
24.89000000000109,14.976230621343147,0.5705230712892627
24.900000000001093,14.960414330372437,0.5699205459189499
24.910000000001094,14.98537931272272,0.5708715928656274
24.920000000001096,14.985222918131168,0.5708656349764254
24.930000000001098,14.964328274911264,0.5700696485680481
24.9400000000011,14.999505336264848,0.5714097270958037
24.9500000000011,14.999349329828705,0.5714037839934745
24.960000000001102,14.992509990152053,0.5711432377200781
24.970000000001104,14.998913711284269,0.5713871890013055
24.980000000001105,14.998757857560173,0.5713812517165779
24.990000000001107,14.998602003836076,0.5713753144318505
25.00000000000111,14.997046958734527,0.5713160746184581
25.01000000000111,14.9983249545682,0.5713647601740266
25.02000000000111,14.998169457329844,0.5713588364697083
25.030000000001113,14.99066328258029,0.5710728869554396
25.040000000001115,14.99158013846294,0.5711078147985881
25.050000000001116,14.991424807135951,0.5711018974147029
25.060000000001118,15.001885987916586,0.5715004185872985
25.07000000000112,14.983728054887004,0.5708086878052192
25.08000000000112,14.983572661193433,0.570802768045464
25.090000000001123,14.983417245146638,0.5707968474341576
25.100000000001124,14.997674752274882,0.5713399905628526
25.110000000001126,14.981750285354249,0.5707333442039714
25.120000000001127,14.981594656961077,0.5707274155032791
25.13000000000113,14.982318874548685,0.5707550047447117
25.14000000000113,14.990741693096359,0.5710758740227184
25.150000000001132,14.99058610754882,0.5710699469542407
25.160000000001133,14.988960314161606,0.5710080119680612
25.170000000001135,14.985681463391108,0.5708831033672802
25.180000000001137,14.985525622723744,0.5708771665799521
25.190000000001138,14.985369759703218,0.5708712289410749
25.20000000000114,14.987256828107894,0.570943117261253
25.21000000000114,14.982523501357646,0.5707628000517198
25.220000000001143,14.982367543284965,0.5707568587918082
25.230000000001144,14.982382889723548,0.5707574434180398
25.240000000001146,14.99303049674589,0.5711630665427005
25.250000000001148,14.992874830635529,0.571157136405163
25.26000000000115,14.995707194853495,0.5712650359944188
25.27000000000115,14.991923828865527,0.5711209077663058
25.280000000001152,14.991768920495621,0.5711150064950712
25.290000000001154,14.991613989772572,0.5711091043722885
25.300000000001155,14.983789915105138,0.5708110443849576
25.310000000001157,14.990277889703616,0.5710582053220424
25.32000000000116,14.990123738910766,0.5710523329108863
25.33000000000116,14.977658530913317,0.5705774678443167
25.34000000000116,14.997246991655397,0.5713236949202055
25.350000000001163,14.997093456218563,0.5713178459511833
25.360000000001165,14.995058315335275,0.5712403167746771
25.370000000001166,15.00614479854446,0.5716626589921698
25.380000000001168,15.00599164163586,0.5716568244432708
25.39000000000117,15.005838507080744,0.5716509907459331
25.40000000000117,15.013763871104306,0.5719529093754021
25.410000000001173,15.008286347072916,0.5717442417932539
25.420000000001174,15.008133930760906,0.5717384354575582
25.430000000001176,15.016517936376607,0.5720578261476802
25.440000000001177,15.005944621238795,0.5716550331900493
25.45000000000118,15.005792589233952,0.5716492414946267
25.46000000000118,15.015265593154435,0.5720101178344547
25.470000000001182,14.994469433625522,0.5712178831857341
25.480000000001183,14.994317423438833,0.5712120923214793
25.490000000001185,14.99416541325215,0.5712063014572247
25.500000000001187,15.002089788698811,0.5715081824266213
25.510000000001188,14.988315989911007,0.570983466282324
25.52000000000119,14.988163930274284,0.5709776735342584
25.53000000000119,14.985432359230716,0.5708736136849796
25.540000000001193,14.993239226584814,0.5711710181556119
25.550000000001194,14.993087149428451,0.5711652247401314
25.560000000001196,14.98908501831902,0.5710127626026293
25.570000000001198,14.989063548146143,0.5710119446912816
25.5800000000012,14.988911308759423,0.571006145095597
25.5900000000012,14.988759091726788,0.5710003463514967
25.600000000001202,14.975947205568506,0.5705122744978478
25.610000000001204,14.978468071305665,0.570608307478311
25.620000000001205,14.978315561005893,0.5706024975621292
25.630000000001207,14.969550272645401,0.5702685818150629
25.64000000000121,14.974932803878612,0.5704736306239471
25.65000000000121,14.974780681855444,0.570467835499255
25.66000000000121,14.964748674294128,0.5700856637826334
25.670000000001213,14.980951638192328,0.5707029195501839
25.680000000001215,14.980800975331062,0.5706971800126118
25.690000000001216,14.980650334824427,0.5706914413266447
25.700000000001218,14.966597610761175,0.5701560994575685
25.71000000000122,14.989930717096378,0.5710449796989095
25.72000000000122,14.989780812167362,0.5710392690349471
25.730000000001223,14.978666131033659,0.570615852610806
25.740000000001224,15.001619571764428,0.5714902694005496
25.750000000001226,15.001470432792859,0.5714845879159184
25.760000000001227,14.994398400049635,0.5712151771447479
25.77000000000123,15.011334126808867,0.5718603476879568
25.78000000000123,15.01118539642199,0.5718546817684567
25.790000000001232,15.011036666035116,0.5718490158489568
25.800000000001234,15.012871499821253,0.5719189142789048
25.810000000001235,15.015432480077184,0.5720164754315117
25.820000000001237,15.015284213613587,0.5720108271852794
25.830000000001238,15.01449489451094,0.571980757886131
25.84000000000124,15.017960086027536,0.5721127651820013
25.85000000000124,15.017812171800584,0.5721071303543079
25.860000000001243,15.02556601040265,0.5724025146820056
25.870000000001244,15.0091779841532,0.5717782089201218
25.880000000001246,15.009030058736936,0.571772573666169
25.890000000001248,15.008882133320677,0.5717669384122163
25.90000000000125,15.009336943137495,0.5717842645004759
25.91000000000125,15.00042512190708,0.5714447665488411
25.920000000001252,15.000277144385409,0.5714391293099202
25.930000000001254,15.004389089783235,0.5715957748488851
25.940000000001255,14.999429470111675,0.5714068369566352
25.950000000001257,14.999281445296948,0.5714011979160741
25.96000000000126,15.002451251955964,0.5715219524554652
25.97000000000126,14.999064476478608,0.5713929324372803
25.98000000000126,14.998916274395103,0.5713872866436229
25.990000000001263,14.998768072311599,0.5713816408499656
26.000000000001265,15.008306837745842,0.5717450223903178
26.010000000001266,14.993102106851621,0.5711657945467283
26.020000000001268,14.992953686855639,0.5711601404516433
26.03000000000127,14.98257786726389,0.5707648711338624
26.04000000000127,14.999591313411722,0.5714130024156846
26.050000000001273,14.999443331151575,0.5714073649962504
26.060000000001274,14.99129774663599,0.5710970570147044
26.070000000001276,15.00670589859361,0.5716840342321375
26.080000000001277,15.00655923169748,0.5716784469218087
26.09000000000128,15.00641258715854,0.5716728604631824
26.10000000000128,14.98665004114526,0.5709200015674385
26.110000000001282,15.024930164819061,0.5723782919931071
26.120000000001284,15.024785129065501,0.5723727668215428
26.130000000001285,15.014394068371972,0.5719769168903608
26.140000000001287,15.032203080719448,0.5726553554559789
26.150000000001288,15.03205907733514,0.5726498696127672
26.16000000000129,15.036878244716394,0.5728334569415768
26.17000000000129,15.036726393131662,0.5728276721193014
26.180000000001293,15.036582981516007,0.5728222088196574
26.190000000001294,15.03643956990035,0.5728167455200133
26.200000000001296,15.040955327586916,0.5729887743842634
26.210000000001298,15.030354113744306,0.5725849186188307
26.2200000000013,15.030211449183623,0.5725794837784237
26.2300000000013,15.028968531196197,0.5725321345217599
26.240000000001302,15.036638626590479,0.5728243286320182
26.250000000001304,15.036496412236948,0.5728189109423599
26.260000000001305,15.035828270949043,0.5727934579409159
26.270000000001307,15.028278368841267,0.5725058426225245
26.28000000000131,15.02813630516949,0.5725004306731234
26.29000000000131,15.027994241497714,0.5724950187237223
26.30000000000131,15.031991451776047,0.5726472934009922
26.310000000001313,15.02805855812617,0.572497468880997
26.320000000001315,15.027916505517855,0.5724920573530611
26.330000000001316,15.029403590674075,0.5725487082161552
26.340000000001318,15.028829932963143,0.572526854589072
26.35000000000132,15.028688328317498,0.5725214601263808
26.36000000000132,15.03577433801165,0.5727914033528247
26.370000000001323,15.01545304176073,0.5720172587337421
26.380000000001324,15.015311420326153,0.5720118636314725
26.390000000001326,15.015169821251543,0.5720064693810111
26.400000000001327,15.027296166078834,0.5724684253744318
26.41000000000133,15.006154385873787,0.5716630242237632
26.42000000000133,15.0060130491418,0.5716576399673066
26.430000000001332,15.005375022959457,0.5716333342079792
26.440000000001334,15.013565843974515,0.5719453654847434
26.450000000001335,15.013425517268654,0.5719400197054725
26.460000000001337,15.012009096319701,0.5718860608121791
26.47000000000134,15.029854972161887,0.5725659037014051
26.48000000000134,15.029716911844037,0.5725606442607252
26.49000000000134,15.02957885152619,0.5725553848200453
26.500000000001343,15.022437867516393,0.5722833473339578
26.510000000001344,15.045419886088544,0.5731588528033731
26.520000000001346,15.045284604008245,0.573153699200314
26.530000000001348,15.048581299154938,0.5732792875868548
26.54000000000135,15.057162089163928,0.5736061748252924
26.55000000000135,15.057028715766608,0.573601093933966
26.560000000001352,15.049203732061946,0.5733029993166455
26.570000000001354,15.061455093444659,0.5737697178455108
26.580000000001355,15.061322995834578,0.5737646855556029
26.590000000001357,15.0611908982245,0.5737596532656952
26.60000000000136,15.061496707197097,0.573771303131318
26.61000000000136,15.052882946554641,0.5734431598687482
26.62000000000136,15.052751963474726,0.5734381700371324
26.630000000001363,15.053080093254827,0.5734506702192315
26.640000000001365,15.052105365687666,0.5734135377404824
26.650000000001366,15.05197529324091,0.5734085825996537
26.660000000001368,15.054726703006073,0.5735133982097551
26.67000000000137,15.04328167902909,0.5730773972963462
26.68000000000137,15.043152055514318,0.5730724592576882
26.690000000001373,15.043022454363262,0.5730675220709813
26.700000000001374,15.047883577368461,0.5732527077092746
26.710000000001376,15.034013862977092,0.5727243376372225
26.720000000001377,15.033884945584248,0.5727194264984475
26.73000000000138,15.036805001060369,0.5728306667070616
26.74000000000138,15.020248564810629,0.5721999453261192
26.750000000001382,15.020119993157957,0.5721950473583983
26.760000000001384,15.02727298685539,0.5724675423563957
26.770000000001385,15.017813805872562,0.572107192604669
26.780000000001387,15.017685262333499,0.5721022957079428
26.79000000000139,15.017556718794431,0.5720973988112164
26.80000000000139,15.029516431523035,0.5725530069151632
26.81000000000139,15.007206919223062,0.5717031207323071
26.820000000001393,15.007078318379165,0.5716982216525396
26.830000000001395,15.004509129968794,0.5716003478083349
26.840000000001396,15.008327281002046,0.5717458011810302
26.850000000001398,15.008199294349478,0.5717409254990277
26.8600000000014,15.006582529527337,0.5716793344581842
26.8700000000014,15.015957833217962,0.5720364888844938
26.880000000001402,15.015831197387921,0.572031664662397
26.890000000001404,15.015704561557882,0.5720268404403003
26.900000000001405,15.013452945075834,0.5719410645743174
26.910000000001407,15.023241883291336,0.5723139765063365
26.92000000000141,15.02311688815665,0.57230921478692
26.93000000000141,15.020594077156208,0.5722131077011888
26.94000000000141,15.027802878199152,0.572487728693301
26.950000000001413,15.027678841016549,0.5724830034672971
26.960000000001415,15.028011562148004,0.5724956785580192
26.970000000001416,15.025916829644018,0.572415879224534
26.980000000001418,15.0257931626397,0.5724111681005599
26.99000000000142,15.02566947326776,0.572406456124486
27.00000000000142,15.029979066764527,0.5725706311148391
27.010000000001423,15.014097546856567,0.571965620832631
27.020000000001424,15.01397415388831,0.571960920148126
27.030000000001426,15.008141229854246,0.5717387135182569
27.040000000001427,15.01274394217583,0.5719140549400316
27.05000000000143,15.012620851071988,0.5719093657551233
27.06000000000143,15.01170202215201,0.5718743627486479
27.070000000001432,15.001000478756994,0.5714666849050283
27.080000000001434,15.000877161819098,0.571461987116918
27.090000000001435,15.000753844881205,0.5714572893288078
27.100000000001437,15.0025150916702,0.571524384444579
27.11000000000144,14.989696690431336,0.5710360643973842
27.12000000000144,14.989572995565348,0.5710313522120132
27.13000000000144,14.988076866311632,0.5709743568118716
27.140000000001443,14.985485993386117,0.5708756568908997
27.150000000001445,14.985362034706439,0.5708709346554833
27.160000000001446,14.99355726057617,0.571183133736235
27.170000000001448,14.979687076344057,0.5706547457654878
27.18000000000145,14.979562387942883,0.5706499957311574
27.19000000000145,14.979437699541709,0.570645245696827
27.200000000001452,14.983180520568036,0.5707878293549727
27.210000000001454,14.972991482844002,0.5703996755369143
27.220000000001455,14.972865838885458,0.5703948891003984
27.230000000001457,14.971905716580453,0.5703583130125887
27.24000000000146,14.982456477876001,0.5707602467762286
27.25000000000146,14.982330716879572,0.5707554558811265
27.26000000000146,14.969634828138727,0.5702718029767133
27.270000000001463,14.992729838427975,0.5711516128924943
27.280000000001465,14.992604953562275,0.5711468553738008
27.290000000001466,14.992480068696576,0.5711420978551076
27.300000000001468,14.995532790677423,0.5712583920258065
27.31000000000147,15.002988654073686,0.5715424249170927
27.32000000000147,15.002864964567939,0.5715377129359215
27.330000000001473,14.996903524140228,0.5713106104434372
27.340000000001474,15.014302506347615,0.5719734288132424
27.350000000001476,15.014179866939418,0.5719687568357873
27.360000000001477,15.01267483781366,0.5719114223929013
27.37000000000148,15.014588456240368,0.5719843221424902
27.38000000000148,15.014466323807595,0.5719796694783845
27.390000000001482,15.014344191374823,0.5719750168142789
27.400000000001484,15.019111212204104,0.5721566176077754
27.410000000001485,15.012804984712334,0.5719163803699936
27.420000000001487,15.012683482596504,0.571911751717962
27.43000000000149,15.013800579908974,0.571954307806056
27.44000000000149,15.010800593637873,0.5718400226147761
27.45000000000149,15.010679414233605,0.5718354062565183
27.460000000001493,15.01596145321987,0.5720366267893283
27.470000000001495,15.012121375501415,0.5718903381143395
27.480000000001496,15.012000301326633,0.5718857257648241
27.490000000001498,15.01187922715185,0.5718811134153086
27.5000000000015,15.015885888768777,0.5720337481435724
27.5100000000015,15.00129432593551,0.5714778790832574
27.520000000001502,15.001173132149026,0.5714732621771057
27.530000000001504,15.006322501279522,0.5716694286201722
27.540000000001505,14.996989901031908,0.5713139009916917
27.550000000001507,14.996868413478234,0.5713092728944089
27.56000000000151,14.999843373584373,0.571422604707976
27.57000000000151,14.991388886708867,0.5711005290174805
27.58000000000151,14.991266628590651,0.5710958715653581
27.590000000001513,14.991144370472433,0.5710912141132355
27.600000000001515,14.991341485048315,0.5710987232399357
27.610000000001516,14.979913033900287,0.5706633536723918
27.620000000001518,14.979790144658125,0.5706586721774524
27.63000000000152,14.971677064944071,0.5703496024740597
27.64000000000152,14.980148838580265,0.5706723367078196
27.650000000001523,14.980025919572437,0.5706676540789499
27.660000000001524,14.977175627259912,0.5705590715146632
27.670000000001526,14.984091203118853,0.5708225220235753
27.680000000001527,14.98396873936504,0.5708178567377157
27.69000000000153,14.983846253237369,0.5708131905995187
27.70000000000153,14.989055414469302,0.5710116348369257
27.710000000001532,14.988946376832594,0.571007481022194
27.720000000001534,14.988824492992924,0.5710028378283019
27.730000000001535,14.989152019846118,0.5710153150417568
27.740000000001537,14.98961571013262,0.5710329794336235
27.75000000000154,14.989494260192727,0.5710283527692467
27.76000000000154,14.99418530393435,0.5712070591974989
27.77000000000154,14.993313102547827,0.5711738324780123
27.780000000001543,14.9931918973341,0.5711692151365371
27.790000000001545,14.993070692120373,0.5711645977950618
27.800000000001546,14.978906672366016,0.5706250160901338
27.810000000001548,14.992046105777053,0.5711255659343639
27.82000000000155,14.991924730542653,0.5711209421159106
27.83000000000155,14.989202417133534,0.5710172349384203
27.840000000001552,14.996312210898749,0.5712880842247142
27.850000000001554,14.996190936695278,0.5712834642550582
27.860000000001556,15.000518357286245,0.5714483183728093
27.870000000001557,14.989048409583889,0.5710113679841481
27.88000000000156,14.988926866991502,0.5710067377901524
27.89000000000156,14.988805324399115,0.5710021075961567
27.90000000000156,14.999507085517955,0.5714097937340172
27.910000000001563,14.970544853074042,0.5703064705932968
27.920000000001565,14.97042281065582,0.570301821358317
27.930000000001566,14.97211500569074,0.5703662859310757
27.940000000001568,14.962956356943087,0.5700173850264032
27.95000000000157,14.962833817010116,0.5700127168384805
27.96000000000157,14.964947202246083,0.5700932267522317
27.970000000001573,14.952565152968974,0.5696215296369133
27.980000000001574,14.952441753692495,0.569616828712095
27.990000000001576,14.952318354416015,0.5696121277872767
28.000000000001577,14.96064200641491,0.5699292192919965
28.01000000000158,14.964486330328263,0.5700756697267909
28.02000000000158,14.96436174515578,0.5700709236249821
28.030000000001582,14.960952854853863,0.5699410611372899
28.040000000001584,14.972428794366216,0.5703782397853796
28.050000000001585,14.972304063546325,0.570373488135098
28.060000000001587,14.965626308247273,0.5701190974570389
28.07000000000159,14.981707115208934,0.570731699627007
28.08000000000159,14.981582823087559,0.5707269646890498
28.09000000000159,14.981458508589562,0.5707222288986499
28.100000000001593,14.975495020413986,0.5704950483967232
28.110000000001595,14.98732969290786,0.5709458930631565
28.120000000001596,14.987206203351608,0.5709411886991088
28.130000000001598,14.983145709734567,0.5707865032279834
28.1400000000016,14.995212802267963,0.5712462019911604
28.1500000000016,14.995089834428883,0.5712415175020527
28.160000000001602,14.993751255043627,0.5711905240016619
28.170000000001604,14.99868847145848,0.5713786084365134
28.180000000001606,14.99856565806895,0.5713739298311981
28.190000000001607,14.998442844679419,0.5713692512258826
28.20000000000161,14.997858981374788,0.5713470088142776
28.21000000000161,14.991543167141836,0.571106406367308
28.220000000001612,14.991420581106379,0.5711017364231001
28.230000000001613,14.989689396197273,0.5710357865218008
28.240000000001615,14.991698235552029,0.5711123137353153
28.250000000001616,14.991575806389406,0.5711076497672154
28.260000000001618,14.998779701175057,0.5713820838542878
28.27000000000162,14.988282864005773,0.570982204343077
28.28000000000162,14.988160211747878,0.5709775318761096
28.290000000001623,14.988037559489989,0.5709728594091423
28.300000000001624,14.991964565120156,0.571122459623625
28.310000000001626,14.982103502821191,0.5707468001074739
28.320000000001627,14.981980697138564,0.5707421217957548
28.33000000000163,14.983840524739895,0.5708129723710436
28.34000000000163,14.98116724749455,0.5707111332378876
28.350000000001632,14.981044476875562,0.5707064562619261
28.360000000001634,14.988399297758834,0.5709866399146222
28.370000000001635,14.978005920093192,0.5705907017178359
28.380000000001637,14.977882791905067,0.570586011120193
28.39000000000164,14.977759641337059,0.5705813196699832
28.40000000000164,14.98415575837482,0.5708249812714217
28.41000000000164,14.974800456792165,0.5704685888301777
28.420000000001643,14.974676726625498,0.570463875300019
28.430000000001645,14.96988274823595,0.5702812475518456
28.440000000001646,14.979891316133937,0.5706625263289118
28.450000000001648,14.979767928748966,0.5706578258571035
28.46000000000165,14.97039674189931,0.5703008282628308
28.47000000000165,14.984592096986464,0.5708416036947224
28.480000000001652,14.984470118911291,0.5708369569109063
28.490000000001654,14.984348163217545,0.570832310979716
28.500000000001656,14.977413513751054,0.570568133857183
28.510000000001657,14.99493015776215,0.5712354345814152
28.52000000000166,14.994809701312269,0.5712308457642769
28.53000000000166,14.989637771355767,0.571033819861172
28.540000000001662,15.002040945436077,0.5715063217308981
28.550000000001663,15.001921564222155,0.5715017738751297
28.560000000001665,15.00951496583002,0.571791046317334
28.570000000001667,15.002286570825468,0.5715156788885892
28.580000000001668,15.002167716427422,0.571511151101997
28.59000000000167,15.002048884412805,0.5715066241681068
28.60000000000167,15.002023994155687,0.5715056759678356
28.610000000001673,14.997683711381905,0.5713403318621677
28.620000000001674,14.997565391129248,0.5713358244239714
28.630000000001676,14.989228155382039,0.5710182154431253
28.640000000001677,14.997029182520704,0.5713153974293601
28.65000000000168,14.996911198458736,0.571310902798428
28.66000000000168,14.998009843432706,0.5713527559402936
28.670000000001682,14.992255582901349,0.5711335460152894
28.680000000001684,14.99213768159223,0.5711290545368468
28.690000000001685,14.99201978028311,0.5711245630584041
28.700000000001687,14.989111880039108,0.5710137859062516
28.71000000000169,14.980073244786388,0.5706694569442433
28.72000000000169,14.979955291846979,0.5706649634989325
28.73000000000169,14.9811741084081,0.5707113946060228
28.740000000001693,14.975085821652378,0.5704794598724715
28.750000000001695,14.974967799436877,0.5704749637880715
28.760000000001696,14.987347904168018,0.5709465868254483
28.770000000001698,14.95775826430735,0.5698193624498037
28.7800000000017,14.957639671263133,0.5698148446195479
28.7900000000017,14.957521055832128,0.569810325936462
28.800000000001702,14.96245172216148,0.5699981608442468
28.810000000001704,14.948697754789329,0.5694742001824505
28.820000000001706,14.948578393841084,0.5694696530987079
28.830000000001707,14.9547878803988,0.5697062049675733
28.84000000000171,14.956837854012646,0.5697842992004817
28.85000000000171,14.95671850369967,0.5697797525218922
28.860000000001712,14.952347245860143,0.5696132284137196
28.870000000001713,14.962694758961009,0.5700074193889908
28.880000000001715,14.962576152037203,0.5700029010299886
28.890000000001717,14.962457545113393,0.5699983826709863
28.900000000001718,14.950714521944375,0.5695510294074048
28.91000000000172,14.9761036888855,0.5705182357670666
28.92000000000172,14.975985848285061,0.5705137466013356
28.930000000001723,14.969649667080603,0.5702723682697372
28.940000000001724,14.982079713947922,0.5707458938646827
28.950000000001726,14.981962336553625,0.5707414223449
28.960000000001727,14.984979831217434,0.5708563745225689
28.97000000000173,14.975759446991384,0.5705051217901479
28.98000000000173,14.975642202965092,0.5705006553510511
28.990000000001732,14.975524981329785,0.5704961897649442
29.000000000001734,14.980373524157248,0.5706808961583713
29.010000000001735,14.974231641581582,0.5704469196792983
29.020000000001737,14.97411454584426,0.5704424588893051
29.03000000000174,14.972014633810861,0.5703624622404138
29.04000000000174,14.966334210678413,0.5701460651687014
29.05000000000174,14.966217483310357,0.5701416184118231
29.060000000001743,14.972156313663396,0.5703678595681293
29.070000000001745,14.958408386463715,0.5698441290081414
29.080000000001746,14.958291439685263,0.5698396738927719
29.090000000001748,14.95817449290681,0.5698352187774023
29.10000000000175,14.949270087444079,0.569496003331203
29.11000000000175,14.957772999615054,0.5698199237948591
29.120000000001752,14.957655898760828,0.5698154628099362
29.130000000001754,14.963171141784382,0.5700255673060717
29.140000000001756,14.956824343837201,0.5697837845271314
29.150000000001757,14.95670708782991,0.5697793176316156
29.16000000000176,14.954658129026658,0.5697012620581583
29.17000000000176,14.949068897890688,0.5694883389672643
29.180000000001762,14.948951388214837,0.5694838624081843
29.190000000001763,14.948833900932566,0.569479386702193
29.200000000001765,14.948305433079621,0.5694592545935093
29.210000000001767,14.94318429659168,0.569264163679683
29.220000000001768,14.943066339451141,0.5692596700743291
29.23000000000177,14.938587327532662,0.5690890410488633
29.24000000000177,14.952196030119735,0.5696074678140851
29.250000000001773,14.952078460352634,0.5696029889658146
29.260000000001774,14.95362425053921,0.5696618762110175
29.270000000001776,14.957588240395511,0.5698128853484004
29.280000000001777,14.95747174022018,0.569808447246483
29.29000000000178,14.957355262439494,0.569804009997695
29.30000000000178,14.951696126537314,0.5695884238680881
29.310000000001782,14.981940057273796,0.5707405736104303
29.320000000001784,14.9818254165292,0.5707362063439695
29.330000000001785,14.980134328060467,0.570671783926113
29.340000000001787,14.986021941921726,0.5708960739779705
29.35000000000179,14.98590859539765,0.5708917560151485
29.36000000000179,14.994681173184759,0.5712259494546574
29.37000000000179,14.995261358935826,0.5712480517689837
29.380000000001793,14.995149444102326,0.5712437883467553
29.390000000001795,14.995037551664154,0.571239525777682
29.400000000001796,14.998881314749813,0.5713859548476119
29.410000000001798,14.996044767936517,0.5712778959213911
29.4200000000018,14.99593380093414,0.5712736686070148
29.4300000000018,14.99334989176446,0.5711752339719793
29.440000000001803,14.997573063223445,0.5713361166942265
29.450000000001804,14.997463102135958,0.5713319277004174
29.460000000001806,14.996326959985998,0.5712886460947046
29.470000000001807,14.985405611983417,0.5708725947422254
29.48000000000181,14.985296121813784,0.570868423688144
29.49000000000181,14.985186631644154,0.5708642526340629
29.500000000001812,14.986515955588695,0.5709148935462359
29.510000000001813,14.978317157524403,0.570602558381882
29.520000000001815,14.97820804996049,0.5705984019032567
29.530000000001817,14.972770713845625,0.5703912652893571
29.540000000001818,14.972957482087656,0.5703983802700059
29.55000000000182,14.97284860809747,0.5703942326894273
29.56000000000182,14.979346485331162,0.5706417708697585
29.570000000001823,14.956077260940077,0.5697553242262886
29.580000000001824,14.955968167051513,0.569751168268629
29.590000000001826,14.955859050766776,0.5697470114577818
29.600000000001828,14.961860418853865,0.5699756350039568
29.61000000000183,14.943731250728431,0.5692850000277497
29.62000000000183,14.943621780735095,0.5692808297422892
29.630000000001832,14.935188006655421,0.5689595431106826
29.640000000001834,14.949829291053158,0.5695173063258345
29.650000000001835,14.949720488828167,0.5695131614791682
29.660000000001837,14.946606834002717,0.5693945460572463
29.67000000000184,14.96638941051191,0.5701481680195013
29.68000000000184,14.96628320833349,0.5701441222222281
29.69000000000184,14.966177006155068,0.5701400764249549
29.700000000001843,14.966696252674973,0.5701598572447608
29.710000000001845,14.984114507687096,0.5708234098166513
29.720000000001846,14.984011297292266,0.5708194779920863
29.730000000001848,14.96731401939105,0.5701833912148971
29.74000000000185,15.001361322130393,0.571480431319253
29.75000000000185,15.001260557568855,0.5714765926692896
29.760000000001853,15.004354371916863,0.5715944522634995
29.770000000001854,15.002543091561286,0.5715254511070965
29.780000000001856,15.002444096757756,0.5715216798764859
29.790000000001857,15.002345101954221,0.571517908645875
29.80000000000186,15.008056895777758,0.5717355007915336
29.81000000000186,14.9998817110678,0.5714240651835352
29.820000000001862,14.999784882509463,0.5714203764765509
29.830000000001863,14.994000737841107,0.5712000281082326
29.840000000001865,15.00600505099384,0.5716573352759557
29.850000000001867,15.005909701633458,0.5716537029193698
29.860000000001868,15.007665529351842,0.5717205915943558
29.87000000000187,14.995077259301992,0.5712410384495996
29.88000000000187,14.994983093840993,0.5712374511939425
29.890000000001873,14.994888928379993,0.5712338639382853
29.900000000001874,14.997823431525655,0.5713456545343106
29.910000000001876,14.976223403022132,0.570522796305605
29.920000000001878,14.976130327573822,0.5705192505742408
29.93000000000188,14.96864314257603,0.5702340244790868
29.94000000000188,14.982175303929148,0.5707495353877771
29.950000000001882,14.9820828161554,0.5707460120440152
29.960000000001884,14.991771705107839,0.5711151125755367
29.970000000001885,14.96868675932068,0.5702356860693591
29.980000000001887,14.96859432117594,0.5702321646162263
29.99000000000189,14.968501883031198,0.5702286431630932
30.00000000000189,14.969144938934223,0.5702531405308274
