time,throttle,thrust
0.01,21.704691546173727,0.8268453922351895
0.02,21.70694293015109,0.826931159243851
0.03,21.709194314128442,0.827016926252512
0.04,21.730706677852442,0.8278364448705692
0.05,21.732958072082912,0.8279222122698251
0.060000000000000005,21.735209466313385,0.8280079796690812
0.07,21.671589048446794,0.8255843447027349
0.08,21.67384040117326,0.8256701105208859
0.09,21.676091753899716,0.8257558763390367
0.09999999999999999,21.678343100545238,0.8258416419255328
0.10999999999999999,20.917214268571346,0.7968462578503369
0.11999999999999998,20.919468486913956,0.7969321328348173
0.12999999999999998,20.92172270525656,0.7970180078192974
0.13999999999999999,20.051872443050488,0.7638808549733519
0.15,20.054156697878575,0.7639678742048981
0.16,20.056440952706662,0.7640548934364442
0.17,18.948520346648532,0.7218483941580393
0.18000000000000002,18.950829535294552,0.7219363632493162
0.19000000000000003,18.953138723940572,0.7220243323405932
0.20000000000000004,18.95544784321211,0.7221122987890327
0.21000000000000005,17.840245847904967,0.6796284132535225
0.22000000000000006,17.84260607177386,0.6797183265437661
0.23000000000000007,17.844966295642763,0.67980823983401
0.24000000000000007,17.190193587857475,0.6548645176326656
0.25000000000000006,17.192624099535497,0.6549571085537331
0.26000000000000006,17.195054611213518,0.6550496994748006
0.2700000000000001,16.364586118694092,0.6234128045216797
0.2800000000000001,16.367044112019524,0.6235064423626485
0.2900000000000001,16.36950210534496,0.6236000802036175
0.3000000000000001,16.37196015516093,0.6236937201966068
0.3100000000000001,15.78765164210924,0.6014343482708282
0.3200000000000001,15.79018637402611,0.6015309094867088
0.3300000000000001,15.792721105942979,0.6016274707025896
0.34000000000000014,15.528359313367254,0.5915565452711334
0.35000000000000014,15.530964807713278,0.591655802198601
0.36000000000000015,15.533570302059303,0.5917550591260686
0.37000000000000016,15.165839722765757,0.5777462751529812
0.38000000000000017,15.168478170622041,0.5778467874522681
0.3900000000000002,15.171116618478328,0.5779472997515553
0.4000000000000002,15.173755058273317,0.5780478117437453
0.4100000000000002,14.930060349265895,0.5687642037815579
0.4200000000000002,14.93274933024916,0.568866641152349
0.4300000000000002,14.935438311232426,0.5689690785231399
0.4400000000000002,14.82775918201263,0.5648670164576239
0.45000000000000023,14.830486773137546,0.5649709246909541
0.46000000000000024,14.83321436426246,0.5650748329242842
0.47000000000000025,14.871816672206586,0.5665453970364414
0.48000000000000026,14.874550858853114,0.5666495565277376
0.49000000000000027,14.877285045499642,0.5667537160190339
0.5000000000000002,14.880019041096956,0.5668578682322649
0.5100000000000002,14.81843261033753,0.5645117184890487
0.5200000000000002,14.821154980314756,0.5646154278215144
0.5300000000000002,14.82387735029198,0.5647191371539801
0.5400000000000003,14.588762791917382,0.5557623920730431
0.5500000000000003,14.591441491731352,0.555864437780242
0.5600000000000003,14.59412019154532,0.5559664834874407
0.5700000000000003,14.428781516358463,0.5496678672898462
0.5800000000000003,14.431429382806833,0.5497687383926412
0.5900000000000003,14.434077249255203,0.5498696094954363
0.6000000000000003,14.436725105002024,0.5499704801905533
0.6100000000000003,14.071188907464313,0.5360452917129261
0.6200000000000003,14.073769256976055,0.536143590741945
0.6300000000000003,14.076349606487797,0.5362418897709637
0.6400000000000003,14.314784826604551,0.545325136251602
0.6500000000000004,14.31726996682893,0.5454198082601497
0.6600000000000004,14.31975510705331,0.5455144802686974
0.6700000000000004,14.723725032862871,0.5609038107757284
0.6800000000000004,14.726167541624015,0.5609968587285339
0.6900000000000004,14.728610050385157,0.5610899066813393
0.7000000000000004,14.73105298973873,0.5611829710376659
0.7100000000000004,15.870137610035355,0.6045766708584897
0.7200000000000004,15.87250063855165,0.6046666909924437
0.7300000000000004,15.874863667067942,0.6047567111263977
0.7400000000000004,17.41612612945938,0.6634714715984524
0.7500000000000004,17.418410506478743,0.6635584954849044
0.7600000000000005,17.420694883498108,0.6636455193713564
0.7700000000000005,17.982090973159828,0.6850320370727553
0.7800000000000005,17.9843216016028,0.6851170133943923
0.7900000000000005,17.986552230045774,0.6852019897160294
0.8000000000000005,17.988783125818273,0.6852869762216485
0.8100000000000005,19.162585193129022,0.7300032454525341
0.8200000000000005,19.16475228675572,0.7300858014002178
0.8300000000000005,19.166919380382424,0.7301683573479019
0.8400000000000005,20.563868708824437,0.7833854746218832
0.8500000000000005,20.566016258997738,0.7834672860570566
0.8600000000000005,20.568163809171043,0.7835490974922301
0.8700000000000006,20.740157170059174,0.7901012255260637
0.8800000000000006,20.742274028982006,0.7901818677707431
0.8900000000000006,20.744390887904842,0.7902625100154225
0.9000000000000006,20.746505660656805,0.7903430727869258
0.9100000000000006,20.88477847432741,0.795610608545806
0.9200000000000006,20.88686203296524,0.7956899822081995
0.9300000000000006,20.88894559160306,0.7957693558705927
0.9400000000000006,20.781691118993027,0.7916834711997343
0.9500000000000006,20.783746479518946,0.7917617706483407
0.9600000000000006,20.78580184004486,0.791840070096947
0.9700000000000006,19.925557134784405,0.759068843229882
0.9800000000000006,19.927554342229474,0.7591449273230275
0.9900000000000007,19.929551549674542,0.7592210114161729
1.0000000000000007,19.931549200901557,0.7592971124152973
1.0100000000000007,18.755952212011344,0.7145124652194798
1.0200000000000007,18.757865633188633,0.714585357454805
1.0300000000000007,18.75977905436592,0.7146582496901303
1.0400000000000007,17.819059496824906,0.6788213141647582
1.0500000000000007,17.82090647135457,0.6788916750992215
1.0600000000000007,17.822753445884235,0.6789620360336851
1.0700000000000007,16.38003538538401,0.6240013480146288
1.0800000000000007,16.381792800478372,0.6240682971610808
1.0900000000000007,16.383550215572736,0.6241352463075327
1.1000000000000008,16.38530516726588,0.6242021016101287
1.1100000000000008,15.185649217721881,0.5785009225798812
1.1200000000000008,15.187288261173908,0.5785633623304345
1.1300000000000008,15.188927304625931,0.5786258020809878
1.1400000000000008,14.46549065264541,0.551066310576968
1.1500000000000008,14.467044361439047,0.5511254994833922
1.1600000000000008,14.468598070232682,0.5511846883898164
1.1700000000000008,13.900455159197358,0.529541148921804
1.1800000000000008,13.901909956098372,0.5295965697561285
1.1900000000000008,13.903364752999387,0.5296519905904528
1.2000000000000008,13.904821241233623,0.5297074758565189
1.2100000000000009,13.528088892935697,0.5153557673499313
1.2200000000000009,13.529421888357463,0.5154065481279033
1.2300000000000009,13.530754883779228,0.5154573289058753
1.2400000000000009,13.337693112348134,0.5081025947561193
1.2500000000000009,13.338941250541454,0.5081501428777696
1.260000000000001,13.340189388734775,0.5081976909994199
1.270000000000001,13.19956668149298,0.5028406354854468
1.280000000000001,13.200720447419853,0.5028845884731372
1.290000000000001,13.201874213346724,0.5029285414608275
1.300000000000001,13.203026828081985,0.5029724505935994
1.310000000000001,13.012417552030541,0.49571114483925866
1.320000000000001,13.013457017019517,0.49575074350550535
1.330000000000001,13.014496482008488,0.4957903421717519
1.340000000000001,12.813414239994035,0.488130066285487
1.350000000000001,12.814375924195696,0.4881667018741217
1.360000000000001,12.815337608397357,0.4882033374627564
1.370000000000001,12.757588721706517,0.48600337987453396
1.380000000000001,12.758469689151948,0.4860369405391218
1.390000000000001,12.759350656597379,0.4860705012037096
1.400000000000001,12.76023150114775,0.4861040571865809
1.410000000000001,12.658030569082102,0.4822106883459848
1.420000000000001,12.658816728024023,0.482240637258058
1.430000000000001,12.659602886965942,0.4822705861701311
1.440000000000001,12.56443953963658,0.47864531579567915
1.450000000000001,12.56516437162442,0.478672928442835
1.460000000000001,12.565889203612262,0.4787005410899909
1.470000000000001,12.637669577688603,0.4814350315309944
1.480000000000001,12.63833152421142,0.48146024854138736
1.490000000000001,12.638993470734237,0.4814854655517804
1.500000000000001,12.639657236220787,0.48151075185602993
1.5100000000000011,12.75189488233658,0.48578647170806016
1.5200000000000011,12.752486408706355,0.48580900604595634
1.5300000000000011,12.75307793507613,0.4858315403838525
1.5400000000000011,12.83983359276244,0.4891365178195215
1.5500000000000012,12.840381778617777,0.489157401090201
1.5600000000000012,12.840929964473112,0.4891782843608804
1.5700000000000012,13.005599554459835,0.49545141159846984
1.5800000000000012,13.00610182139314,0.49547054557688147
1.5900000000000012,13.006604088326444,0.49548967955529305
1.6000000000000012,13.00710993125486,0.49550894976208987
1.6100000000000012,13.210614882334346,0.5032615193270227
1.6200000000000012,13.21106655242406,0.5032787258066308
1.6300000000000012,13.211518222513778,0.5032959322862391
1.6400000000000012,13.3423916209649,0.5082815855605676
1.6500000000000012,13.342810464882419,0.5082975415193302
1.6600000000000013,13.343229308799941,0.508313497478093
1.6700000000000013,13.505811194464867,0.5145070931224711
1.6800000000000013,13.506195039539062,0.5145217157919643
1.6900000000000013,13.506578884613258,0.5145363384614574
1.7000000000000013,13.506965472440122,0.5145510656167664
1.7100000000000013,13.754253216651316,0.5239715511105263
1.7200000000000013,13.754598350461077,0.5239846990651839
1.7300000000000013,13.754943484270841,0.5239978470198415
1.7400000000000013,14.007932580166475,0.5336355268634847
1.7500000000000013,14.008252982564537,0.5336477326691251
1.7600000000000013,14.008573384962597,0.5336599384747656
1.7700000000000014,14.263048795577252,0.5433542398315143
1.7800000000000014,14.263345978764855,0.5433655610958039
1.7900000000000014,14.26364316195246,0.5433768823600936
1.8000000000000014,14.263938408117852,0.543388129833061
1.8100000000000014,14.752526144858951,0.5620009959946266
1.8200000000000014,14.752797462832753,0.5620113319174381
1.8300000000000014,14.75306878080655,0.5620216678402495
1.8400000000000014,15.219148899313943,0.5797771009262453
1.8500000000000014,15.219403992315582,0.5797868187548793
1.8600000000000014,15.219659085317222,0.5797965365835132
1.8700000000000014,15.42252283209967,0.5875246793180826
1.8800000000000014,15.422762985846582,0.5875338280322506
1.8900000000000015,15.423003139593494,0.5875429767464188
1.9000000000000015,15.423244515002013,0.5875521720000766
1.9100000000000015,15.880722056216507,0.6049798878558669
1.9200000000000015,15.880944903242195,0.6049883772663693
1.9300000000000015,15.881167750267883,0.6049968666768717
1.9400000000000015,16.600980042473317,0.6324182873323168
1.9500000000000015,16.60119169951328,0.6324263504576487
1.9600000000000015,16.60140335655324,0.6324344135829806
1.9700000000000015,16.812384978288573,0.6404718086967075
1.9800000000000015,16.81258503749134,0.64047942999967
1.9900000000000015,16.812785096694107,0.6404870513026326
2.0000000000000013,16.812983566574033,0.640494612059963
2.010000000000001,17.114926701673024,0.6519972076827818
2.020000000000001,17.115111267203005,0.6520042387505907
2.0300000000000007,17.115295832732986,0.6520112698183994
2.0400000000000005,17.33832856434952,0.6605077548323627
2.0500000000000003,17.33850046513935,0.66051430343388
2.06,17.33867236592918,0.6605208520353973
2.07,17.046855202775447,0.6494040077247789
2.0799999999999996,17.04700869914701,0.6494098552056004
2.0899999999999994,17.047162195518574,0.6494157026864218
2.099999999999999,17.047319233413628,0.6494216850824238
2.109999999999999,16.7260954454964,0.6371845883998628
2.1199999999999988,16.726222345682572,0.6371894226926693
2.1299999999999986,16.72634924586875,0.6371942569854762
2.1399999999999983,16.411136639456828,0.6251861576935934
2.149999999999998,16.41124193274616,0.6251901688665203
2.159999999999998,16.411347226035492,0.6251941800394473
2.1699999999999977,15.881034761830932,0.6049918004507021
2.1799999999999975,15.881113152827524,0.6049947867743818
2.1899999999999973,15.881191543824118,0.6049977730980616
2.199999999999997,15.881268710991632,0.6050007127996812
2.209999999999997,15.451633467563996,0.5886336559071997
2.2199999999999966,15.451675030613021,0.5886352392614483
2.2299999999999964,15.45171659366205,0.588636822615697
2.239999999999996,15.201456134504241,0.5791030908382567
2.249999999999996,15.201470364544353,0.5791036329350229
2.259999999999996,15.201484594584466,0.5791041750317891
2.2699999999999956,14.872566422361421,0.5665739589471017
2.2799999999999954,14.8725488894943,0.5665732910283543
2.289999999999995,14.87253135662718,0.5665726231096068
2.299999999999995,14.872514972239141,0.5665719989424435
2.3099999999999947,14.525813769243316,0.553364334066412
2.3199999999999945,14.525756384418296,0.5533621479778398
2.3299999999999943,14.525698999593276,0.5533599618892676
2.339999999999994,14.301188021689125,0.5448071627310143
2.349999999999994,14.301103262679328,0.5448039338163553
2.3599999999999937,14.301018503669532,0.5448007049016964
2.3699999999999934,14.15771642351324,0.5393415780385995
2.3799999999999932,14.157601236923346,0.5393371899780321
2.389999999999993,14.157486050333453,0.5393328019174648
2.399999999999993,14.157369880740532,0.5393283764091631
2.4099999999999926,14.030340932384863,0.5344891783765662
2.4199999999999924,14.030189615558946,0.534483413926055
2.429999999999992,14.030038298733027,0.5344776494755439
2.439999999999992,13.940092672318452,0.5310511494216552
2.4499999999999917,13.939917092275133,0.5310444606581003
2.4599999999999915,13.939741512231818,0.5310377718945454
2.4699999999999913,13.948143686156126,0.5313578547107095
2.479999999999991,13.947940697869655,0.5313501218236059
2.489999999999991,13.947737709583183,0.5313423889365022
2.4999999999999907,13.947536156915191,0.5313347107396262
2.5099999999999905,13.940293824725913,0.5310588123705109
2.5199999999999902,13.9400596582894,0.531049891744358
2.52999999999999,13.939825491852888,0.5310409711182053
2.53999999999999,13.903709138885887,0.5296651100527956
2.5499999999999896,13.90345545333755,0.5296554458414304
2.5599999999999894,13.903201767789207,0.529645781630065
2.569999999999989,13.980650134778074,0.5325961956105932
2.579999999999989,13.980376037227693,0.5325857537991502
2.5899999999999888,13.980101939677308,0.5325753119877069
2.5999999999999885,13.979827126125306,0.5325648429000116
2.6099999999999883,14.052238350516156,0.5353233657339488
2.619999999999988,14.051941799314694,0.5353120685453217
2.629999999999988,14.051645248113234,0.5353007713566945
2.6399999999999877,14.099597861912251,0.5371275375966571
2.6499999999999875,14.099287112212355,0.5371156995128515
2.6599999999999873,14.098976362512461,0.5371038614290461
2.669999999999987,14.222466485197359,0.5418082470551374
2.679999999999987,14.222141440519477,0.5417958644007419
2.6899999999999866,14.221816395841596,0.5417834817463465
2.6999999999999864,14.22148968519983,0.5417710356266601
2.709999999999986,14.36237762238089,0.5471381951383196
2.719999999999986,14.362036997279748,0.5471252189439904
2.7299999999999858,14.361696372178605,0.5471122427496611
2.7399999999999856,14.441765288011895,0.5501624871623578
2.7499999999999853,14.441415396318137,0.5501491579549765
2.759999999999985,14.441065504624374,0.5501358287475951
2.769999999999985,14.544962778904234,0.5540938201487327
2.7799999999999847,14.544603638618826,0.5540801386140505
2.7899999999999845,14.544244498333418,0.5540664570793683
2.7999999999999843,14.543885105978015,0.5540527659420196
2.809999999999984,14.661357389386394,0.558527900548053
2.819999999999984,14.660988512727432,0.5585138481039021
2.8299999999999836,14.660619636068471,0.5584997956597513
2.8399999999999834,14.740634499361168,0.5615479809280445
2.849999999999983,14.740259243083125,0.5615336854507856
2.859999999999983,14.739883986805083,0.5615193899735269
2.869999999999983,14.798844783065578,0.5637655155453553
2.8799999999999826,14.798461888718315,0.563750929094031
2.8899999999999824,14.798078994371053,0.5637363426427068
2.899999999999982,14.797695708855292,0.5637217412897253
2.909999999999982,14.868562209142363,0.5664214174911376
2.9199999999999817,14.868170777917207,0.5664065058254174
2.9299999999999815,14.86777934669205,0.5663915941596971
2.9399999999999813,14.92068095111107,0.5684068933756597
2.949999999999981,14.920284003623744,0.5683917715666188
2.959999999999981,14.919887056136417,0.5683766497575777
2.9699999999999807,14.956834655817351,0.5697841773644705
2.9799999999999804,14.95643220449048,0.5697688458853515
2.9899999999999802,14.956029753163607,0.5697535144062326
2.99999999999998,14.955627702928915,0.5697381982068157
3.00999999999998,15.01711074412818,0.572080409300121
3.0199999999999796,15.016701442334348,0.5720648168508322
3.0299999999999794,15.016292140540516,0.5720492244015434
3.039999999999979,15.07441347453152,0.5742633704583435
3.049999999999979,15.07399947052057,0.5742475988769741
3.0599999999999787,15.073585466509623,0.5742318272956046
3.0699999999999785,15.102665462228893,0.5753396366563387
3.0799999999999783,15.102246648252413,0.575323681838187
3.089999999999978,15.10182783427593,0.5753077270200354
3.099999999999978,15.101408626897188,0.5752917572151309
3.1099999999999777,15.138626295680059,0.576709573168764
3.1199999999999775,15.138201470428625,0.5766933893496619
3.1299999999999772,15.137775497290852,0.5766771618015561
3.139999999999977,15.170374466987893,0.5779190273138244
3.149999999999977,15.169944750630371,0.5779026571668713
3.1599999999999766,15.169515034272848,0.577886287019918
3.1699999999999764,15.154662500689236,0.5773204762167328
3.179999999999976,15.15422790723744,0.577303920275712
3.189999999999976,15.153793313785645,0.5772873643346912
3.1999999999999758,15.153358716339357,0.5772708082414992
3.2099999999999755,15.146395187906899,0.5770055309678818
3.2199999999999753,15.145954085941245,0.5769887270834759
3.229999999999975,15.145512983975593,0.5769719231990701
3.239999999999975,15.125874360435391,0.5762237851594434
3.2499999999999747,15.125427574468207,0.5762067647416459
3.2599999999999745,15.124980788501016,0.5761897443238482
3.2699999999999743,15.080548413657391,0.5744970824250434
3.279999999999974,15.08009406818786,0.5744797740262041
3.289999999999974,15.079639722718325,0.5744624656273647
3.2999999999999736,15.079185335300757,0.574445155630505
3.3099999999999734,15.031006536855294,0.5726097728325826
3.319999999999973,15.030542568520529,0.572592097848401
3.329999999999973,15.030078600185766,0.5725744228642196
3.3399999999999728,15.004123462185538,0.5715856557023061
3.3499999999999726,15.003652504023,0.5715677144389714
3.3599999999999723,15.003181545860462,0.5715497731756366
3.369999999999972,14.975055763029017,0.5704783147820578
3.379999999999972,14.97457780171567,0.5704601067320255
3.3899999999999717,14.974099840402321,0.5704418986819931
3.3999999999999715,14.97362368290284,0.5704237593486796
3.4099999999999713,14.938878847567596,0.5691001465740035
3.419999999999971,14.938392317495737,0.5690816120950757
3.429999999999971,14.937905787423881,0.5690630776161478
3.4399999999999706,14.914129026494553,0.5681572962474115
3.4499999999999704,14.91363665070829,0.5681385390746014
3.45999999999997,14.913144274922026,0.5681197819017914
3.46999999999997,14.89056206257913,0.5672595071458716
3.47999999999997,14.890063402977868,0.567240510589633
3.4899999999999696,14.889564743376603,0.5672215140333944
3.4999999999999694,14.88906618964991,0.5672025215104727
3.509999999999969,14.846063981311902,0.5655643421452152
3.519999999999969,14.845557839750954,0.5655450605619411
3.5299999999999687,14.84505169819001,0.565525778978667
3.5399999999999685,14.824680721349926,0.5647497417657115
3.5499999999999683,14.824169663287424,0.56473027288714
3.559999999999968,14.823658605224924,0.5647108040085685
3.569999999999968,14.806098403918803,0.5640418439588115
3.5799999999999677,14.805581959183788,0.564022169873668
3.5899999999999674,14.80506551444877,0.5640024957885246
3.5999999999999672,14.804547371336952,0.5639827570033124
3.609999999999967,14.809307035358556,0.5641640775374688
3.619999999999967,14.808784264515781,0.564144162457744
3.6299999999999666,14.808261493673005,0.5641242473780191
3.6399999999999664,14.805534377628506,0.5640203572429906
3.649999999999966,14.805006739378127,0.5640002567382143
3.659999999999966,14.804479101127747,0.5639801562334379
3.6699999999999657,14.811124487395285,0.5642333138055345
3.6799999999999655,14.810590929874987,0.5642129878047614
3.6899999999999653,14.810057372354692,0.5641926618039882
3.699999999999965,14.80952413591501,0.5641723480348575
3.709999999999965,14.81632231675173,0.5644313263524469
3.7199999999999647,14.815781726138422,0.5644107324243208
3.7299999999999645,14.815241135525113,0.5643901384961948
3.7399999999999642,14.81533941262807,0.5643938823858312
3.749999999999964,14.814794260688812,0.5643731146929071
3.759999999999964,14.814249108749552,0.5643523469999828
3.7699999999999636,14.831159464711273,0.5649965510366199
3.7799999999999634,14.830609688951286,0.5649756071981442
3.789999999999963,14.8300599131913,0.5649546633596686
3.799999999999963,14.829509739724765,0.5649337043704672
3.8099999999999627,14.837547579435629,0.5652399077880239
3.8199999999999625,14.83699245191529,0.5652187600729633
3.8299999999999623,14.836437324394945,0.5651976123579026
3.839999999999962,14.847123869231714,0.5656047188278748
3.849999999999962,14.846564964469065,0.5655834272178691
3.8599999999999617,14.846006059706419,0.5655621356078635
3.8699999999999615,14.858446716004453,0.5660360653715981
3.8799999999999613,14.857884341254652,0.5660146415716057
3.889999999999961,14.857321966504854,0.5659932177716134
3.899999999999961,14.856759836801888,0.5659718033067386
3.9099999999999606,14.87162910880608,0.566538251764041
3.9199999999999604,14.87106233903694,0.5665166605347405
3.92999999999996,14.870495569267801,0.56649506930544
3.93999999999996,14.88469252204917,0.5670359056018731
3.9499999999999598,14.88412288813792,0.5670142052623969
3.9599999999999596,14.883553254226669,0.5669925049229206
3.9699999999999593,14.892370198777526,0.5673283885248581
3.979999999999959,14.891797792676947,0.5673065825781693
3.989999999999959,14.891225386576364,0.5672847766314805
3.9999999999999587,14.8906534808809,0.5672629897478437
4.009999999999959,14.907061119918318,0.5678880426635549
4.019999999999959,14.906485496486376,0.5678661141518618
4.0299999999999585,14.905909873054439,0.567844185640169
4.039999999999958,14.91686285338613,0.5682614420337573
4.049999999999958,14.916284402638247,0.5682394058147903
4.059999999999958,14.915705951890365,0.5682173695958234
4.069999999999958,14.921102502606212,0.5684229524802366
4.079999999999957,14.920519868693269,0.5684007569026007
4.089999999999957,14.919937234780322,0.5683785613249646
4.099999999999957,14.919354952737383,0.5683563791519002
4.109999999999957,14.926965902695946,0.5686463201027027
4.119999999999957,14.926378222457403,0.5686239322840915
4.129999999999956,14.925790542218857,0.5686015444654803
4.139999999999956,14.928807382963903,0.5687164717319582
4.149999999999956,14.92821625672962,0.5686939526373188
4.159999999999956,14.927625130495334,0.5686714335426793
4.1699999999999555,14.92855177285696,0.5687067342040746
4.179999999999955,14.927957601668613,0.5686840991111852
4.189999999999955,14.927363430480268,0.5686614640182959
4.199999999999955,14.926769408961198,0.5686388346270932
4.209999999999955,14.928790379517505,0.5687158239816191
4.2199999999999545,14.928192212373183,0.5686930366618355
4.229999999999954,14.927594045228862,0.5686702493420518
4.239999999999954,14.932703679267023,0.5688649020673151
4.249999999999954,14.932102797380237,0.5688420113287709
4.259999999999954,14.931501915493453,0.5688191205902267
4.269999999999953,14.933347862432974,0.568889442378399
4.279999999999953,14.932744532172062,0.5688664583684595
4.289999999999953,14.932141201911154,0.5688434743585201
4.299999999999953,14.931538865259558,0.5688205282003641
4.3099999999999525,14.934646851254552,0.5689389276668401
4.319999999999952,14.934040760695035,0.5689158385026679
4.329999999999952,14.933434670135517,0.5688927493384959
4.339999999999952,14.935291912618965,0.5689635014331034
4.349999999999952,14.934683657473185,0.5689403298085022
4.3599999999999515,14.934075402327412,0.5689171581839013
4.369999999999951,14.936651163500507,0.5690152824190668
4.379999999999951,14.936041154863387,0.5689920439947956
4.389999999999951,14.93543114622627,0.5689688055705245
4.399999999999951,14.934821602010969,0.568945584838513
4.40999999999995,14.93988506834616,0.5691384787941394
4.41999999999995,14.939272486376005,0.5691151423381334
4.42999999999995,14.938659904405853,0.5690918058821277
4.43999999999995,14.945935948018525,0.5693689884959438
4.4499999999999496,14.945320955314614,0.5693455602024614
4.459999999999949,14.944705962610703,0.5693221319089791
4.469999999999949,14.943787689567001,0.5692871500787429
4.479999999999949,14.943169193637493,0.5692635883290473
4.489999999999949,14.942550697707984,0.5692400265793517
4.4999999999999485,14.941931628841457,0.5692164430034841
4.509999999999948,14.938345188608285,0.569079816708887
4.519999999999948,14.937722398440878,0.5690560913691762
4.529999999999948,14.937099608273474,0.5690323660294656
4.539999999999948,14.938424577229076,0.5690828410372981
4.549999999999947,14.937798804473276,0.5690590020751723
4.559999999999947,14.93717303171748,0.5690351631130468
4.569999999999947,14.927417225570341,0.5686635133550606
4.579999999999947,14.926788827185884,0.568639574368986
4.589999999999947,14.92616042880143,0.5686156353829115
4.599999999999946,14.925532484249283,0.568591713685687
4.609999999999946,14.926042882414706,0.5686111574253221
4.619999999999946,14.925411061341103,0.5685870880510896
4.629999999999946,14.924779240267496,0.5685630186768569
4.6399999999999455,14.925113266774614,0.5685757434961758
4.649999999999945,14.924479064066942,0.5685515833930262
4.659999999999945,14.923844861359267,0.5685274232898768
4.669999999999945,14.92454872479629,0.5685542371350967
4.679999999999945,14.92391191425493,0.5685299776859021
4.689999999999944,14.92327510371357,0.5685057182367074
4.699999999999944,14.922637712563898,0.5684814366691008
4.709999999999944,14.926732254872961,0.5686374192332556
4.719999999999944,14.926093699201994,0.5686130933029331
4.729999999999944,14.92545514353103,0.5685887673726107
4.739999999999943,14.925899202481048,0.5686056839040399
4.749999999999943,14.92525902439077,0.5685812961672674
4.759999999999943,14.924618846300497,0.5685569084304951
4.769999999999943,14.92783067679656,0.5686792638779642
4.7799999999999425,14.927188645448066,0.5686548055408787
4.789999999999942,14.926546614099575,0.5686303472037932
4.799999999999942,14.925904336295421,0.5686058794779207
4.809999999999942,14.935676441546729,0.5689781501541611
4.819999999999942,14.935033460549997,0.5689536556399999
4.8299999999999415,14.934390479553267,0.5689291611258387
4.839999999999941,14.940323474166012,0.569155179968229
4.849999999999941,14.93967865370031,0.5691306153790594
4.859999999999941,14.939033833234612,0.56910605078989
4.869999999999941,14.933748128552518,0.5689046906115244
4.87999999999994,14.933100855496379,0.5688800325903381
4.88999999999994,14.932453582440246,0.5688553745691521
4.89999999999994,14.931805823597662,0.5688306980418156
4.90999999999994,14.930926138917174,0.5687971862444637
4.9199999999999395,14.930275923771978,0.5687724161436943
4.929999999999939,14.929625708626782,0.5687476460429249
4.939999999999939,14.928997623486453,0.56872371898996
4.949999999999939,14.928345611135498,0.5686988804242094
4.959999999999939,14.927693598784542,0.5686740418584587
4.9699999999999385,14.92749263520889,0.5686663861031958
4.979999999999938,14.926839232113494,0.5686414945567044
4.989999999999938,14.926185829018094,0.568616603010213
4.999999999999938,14.925532814233433,0.5685917262565117
5.009999999999938,14.92360805271021,0.568518402008008
5.019999999999937,14.922952995612029,0.5684934474518868
5.029999999999937,14.92229793851385,0.5684684928957656
5.039999999999937,14.92057562143273,0.5684028808164849
5.049999999999937,14.919919083904405,0.568377869863025
5.0599999999999365,14.919262546376082,0.568352858909565
5.069999999999936,14.917070973488695,0.5682693704186169
5.079999999999936,14.916413432770502,0.5682443212484001
5.089999999999936,14.915755892052308,0.5682192720781831
5.099999999999936,14.915097965063456,0.5681942081928936
5.1099999999999355,14.914966919931024,0.5681892159973723
5.119999999999935,14.914308117873434,0.5681641187761307
5.129999999999935,14.913649315815844,0.5681390215548893
5.139999999999935,14.920757860421126,0.5684098232541381
5.149999999999935,14.920098238929024,0.5683846948163437
5.159999999999934,14.919438617436922,0.5683595663785493
5.169999999999934,14.921509219402115,0.5684384464534138
5.179999999999934,14.920848948821224,0.5684132932884275
5.189999999999934,14.920188678240333,0.5683881401234412
5.199999999999934,14.91952956820576,0.5683630311697432
5.209999999999933,14.922456246954969,0.5684745236935226
5.219999999999933,14.921795123916544,0.5684493380539636
5.229999999999933,14.92113400087812,0.5684241524144045
5.239999999999933,14.929564751132189,0.5687453238526547
5.2499999999999325,14.928902057901544,0.5687200783962493
5.259999999999932,14.928239364670901,0.5686948329398438
5.269999999999932,14.929076306617672,0.5687267164425779
5.279999999999932,14.92841064948284,0.5687013580755367
5.289999999999932,14.92774499234801,0.5686759997084956
5.299999999999931,14.927079024532691,0.5686506295060072
5.309999999999931,14.929656186891185,0.5687488071196641
5.319999999999931,14.928987124977542,0.5687233190467634
5.329999999999931,14.9283180630639,0.5686978309738628
5.339999999999931,14.93072243927811,0.5687894262582137
5.34999999999993,14.930050688514148,0.5687638357529199
5.35999999999993,14.929378937750185,0.5687382452476261
5.36999999999993,14.930682731776347,0.5687879135914798
5.37999999999993,14.930009136758592,0.5687622528288987
5.3899999999999295,14.92933554174084,0.5687365920663177
5.399999999999929,14.928661433751317,0.5687109117619549
5.409999999999929,14.937672689350137,0.569054197689529
5.419999999999929,14.936996881805209,0.5690284526401984
5.429999999999929,14.936321074260285,0.5690027075908679
5.4399999999999284,14.942306873588953,0.5692307380414838
5.449999999999928,14.941629774661344,0.5692049437966226
5.459999999999928,14.940952675733739,0.5691791495517614
5.469999999999928,14.943236271811944,0.569266143688074
5.479999999999928,14.94255819690786,0.5692403122631565
5.489999999999927,14.94188012200378,0.5692144808382392
5.499999999999927,14.941201870478755,0.5691886426849049
5.509999999999927,14.94833631640116,0.5694604311009965
5.519999999999927,14.94765720797997,0.5694345603039989
5.5299999999999265,14.946978099558779,0.5694086895070011
5.539999999999926,14.946964010677101,0.5694081527876991
5.549999999999926,14.946284061535945,0.569382249963274
5.559999999999926,14.94560411239479,0.5693563471388491
5.569999999999926,14.943411665801198,0.5692728253638552
5.5799999999999255,14.94273156857976,0.5692469168982764
5.589999999999925,14.942051471358324,0.569221008432698
5.599999999999925,14.941370946299305,0.5691950836685449
5.609999999999925,14.949187663623746,0.5694928633761427
5.619999999999925,14.948507002032729,0.5694669334107706
5.629999999999924,14.947826340441717,0.5694410034453987
5.639999999999924,14.949563148741843,0.5695071675711177
5.649999999999924,14.948881423856935,0.5694811970993118
5.659999999999924,14.948199698972028,0.5694552266275058
5.6699999999999235,14.946998463605887,0.5694094652802242
5.679999999999923,14.946314735203442,0.5693834184839406
5.689999999999923,14.945631006800998,0.569357371687657
5.699999999999923,14.94494737159037,0.5693313284415379
5.709999999999923,14.942847127633462,0.5692513191479414
5.7199999999999225,14.94216107788934,0.5692251839195939
5.729999999999922,14.941475028145215,0.5691990486912463
5.739999999999922,14.944016698232131,0.5692958742183668
5.749999999999922,14.94332917951129,0.5692696830290015
5.759999999999922,14.942641660790452,0.5692434918396362
5.769999999999921,14.933001981802366,0.5688762659734234
5.779999999999921,14.932312919663525,0.5688500159871819
5.789999999999921,14.931623857524686,0.5688237660009404
5.799999999999921,14.930934554462766,0.5687975068366767
5.809999999999921,14.937734727760551,0.5690565610575448
5.81999999999992,14.937045069721847,0.5690302883703561
5.82999999999992,14.93635541168314,0.5690040156831672
5.83999999999992,14.94152190785765,0.5692008345850533
5.84999999999992,14.940831444660137,0.569174531225148
5.8599999999999195,14.940140981462626,0.5691482278652429
5.869999999999919,14.942327086678839,0.5692315080639557
5.879999999999919,14.941636505599744,0.5692052002133235
5.889999999999919,14.940945924520653,0.5691788923626915
5.899999999999919,14.94025531238871,0.5691525833290937
5.909999999999918,14.949937524337681,0.5695214294985783
5.919999999999918,14.94924684065825,0.5694951177393618
5.929999999999918,14.94855615697882,0.5694688059801455
5.939999999999918,14.961729311540216,0.5699706404396272
5.949999999999918,14.96103877086891,0.5699443341283393
5.959999999999917,14.960348230197607,0.5699180278170516
5.969999999999917,14.963669138070895,0.5700445385931768
5.979999999999917,14.96297920790967,0.570018255539416
5.989999999999917,14.962289277748443,0.5699919724856549
5.9999999999999165,14.961599280044977,0.5699656868588562
6.009999999999916,14.968670138246742,0.5702350528855901
6.019999999999916,14.967981006196398,0.5702088002360532
6.029999999999916,14.967291874146055,0.5701825475865163
6.039999999999916,14.969060551084132,0.570249925755586
6.0499999999999154,14.968370924236936,0.5702236542566451
6.059999999999915,14.967681297389738,0.5701973827577043
6.069999999999915,14.961570523215178,0.5699645913605782
6.079999999999915,14.960879915957907,0.5699382825126821
6.089999999999915,14.960189308700638,0.5699119736647862
6.099999999999914,14.959497982045049,0.5698856374112399
6.109999999999914,14.957152781860223,0.569796296451818
6.119999999999914,14.9564604337975,0.5697699212875237
6.129999999999914,14.955769718569313,0.56974360832645
6.1399999999999135,14.956352711592865,0.5697658175844901
6.149999999999913,14.955659344240548,0.5697394035901161
6.159999999999913,14.95496597688823,0.569712989595742
6.169999999999913,14.95363179582395,0.5696621636504362
6.179999999999913,14.952938122024804,0.5696357379818973
6.1899999999999125,14.952244448225656,0.5696093123133583
6.199999999999912,14.951550905818168,0.5695828916502159
6.209999999999912,14.956485280514793,0.5697708678291349
6.219999999999912,14.955791448086135,0.569744436117567
6.229999999999912,14.955097266719221,0.5697179911131132
6.239999999999911,14.96229241450995,0.5699920919813314
6.249999999999911,14.961598516492876,0.5699656577711572
6.259999999999911,14.960904618475801,0.5699392235609828
6.269999999999911,14.965760031831161,0.5701241916888061
6.2799999999999105,14.965066716818383,0.5700977796883193
6.28999999999991,14.9643734018056,0.5700713676878324
6.29999999999991,14.963679436001721,0.5700449308953036
6.30999999999991,14.965523451247194,0.5701151790951311
6.31999999999991,14.964830647492303,0.5700887865711353
6.3299999999999095,14.964137843737412,0.5700623940471394
6.339999999999909,14.969316160085853,0.5702596632413658
6.349999999999909,14.96862370350989,0.5702332839432338
6.359999999999909,14.967931246933926,0.5702069046451019
6.369999999999909,14.976557022943267,0.5705355056359339
6.379999999999908,14.975865696090661,0.5705091693748823
6.389999999999908,14.975174369238058,0.5704828331138307
6.399999999999908,14.974483330261268,0.5704565078194769
6.409999999999908,14.980832559195289,0.5706983832074395
6.419999999999908,14.980142614311271,0.5706720995928103
6.429999999999907,14.97945266942725,0.5706458159781809
6.439999999999907,14.971554009954785,0.5703449146649441
6.449999999999907,14.970864112347956,0.5703186328513506
6.459999999999907,14.970174214741125,0.5702923510377571
6.4699999999999065,14.962634447280909,0.5700051218011775
6.479999999999906,14.961943480834194,0.5699787992698739
6.489999999999906,14.96125251438748,0.5699524767385706
6.499999999999906,14.960561431405685,0.5699261497678355
6.509999999999906,14.954773309843597,0.5697056498988037
6.519999999999905,14.95408116592897,0.5696792825115797
6.529999999999905,14.95338902201434,0.5696529151243558
6.539999999999905,14.944036522877296,0.5692966294429446
6.549999999999905,14.943343626503177,0.5692702333905971
6.559999999999905,14.942650730129055,0.5692438373382497
6.569999999999904,14.949609266431306,0.5695089244354783
6.579999999999904,14.948916574473735,0.569482536170428
6.589999999999904,14.948223882516166,0.5694561479053777
6.599999999999904,14.94753008017999,0.56942971734019
6.6099999999999035,14.96180218630384,0.5699734166210987
6.619999999999903,14.961109412630725,0.5699470252430752
6.629999999999903,14.960416638957613,0.5699206338650519
6.639999999999903,14.964845901381322,0.5700893676716694
6.649999999999903,14.964153373308998,0.5700629856498666
6.659999999999902,14.963460845236671,0.5700366036280636
6.669999999999902,14.967798115739807,0.570201832980564
6.679999999999902,14.967106569832053,0.5701754883745543
6.689999999999902,14.966415023924299,0.5701491437685446
6.699999999999902,14.96572346099389,0.5701227985140529
6.709999999999901,14.973200424570393,0.5704076352217292
6.719999999999901,14.972510310342038,0.5703813451558871
6.729999999999901,14.971820196113681,0.5703550550900449
6.739999999999901,14.972685014728336,0.5703880005610794
6.7499999999999005,14.971995808183939,0.5703617450736738
6.7599999999999,14.971306601639544,0.5703354895862682
6.7699999999999,14.977277902651991,0.5705629677200758
6.7799999999999,14.976590324806182,0.5705367742783307
6.7899999999999,14.975902746960374,0.5705105808365857
6.7999999999998995,14.975216302148159,0.570484430558025
6.809999999999899,14.990183204407817,0.5710545982631549
6.819999999999899,14.98949761405858,0.5710284805355649
6.829999999999899,14.988812023709343,0.5710023628079749
6.839999999999899,14.995785728423385,0.5712680277494623
6.849999999999898,14.995100855266266,0.5712419373434767
6.859999999999898,14.994415982109144,0.5712158469374912
6.869999999999898,14.989701765807299,0.5710362577450399
6.879999999999898,14.989016719890346,0.5710101607577274
6.8899999999998975,14.988331673973395,0.570984063770415
6.899999999999897,14.987647461730973,0.5709579985421323
6.909999999999897,14.97919664321138,0.5706360625985287
6.919999999999897,14.978511449866279,0.5706099599949058
6.929999999999897,14.977826256521176,0.5705838573912828
6.9399999999998965,14.975788211983115,0.5705062175993567
6.949999999999896,14.975102957391664,0.5704801126625395
6.959999999999896,14.974417702800212,0.5704540077257223
6.969999999999896,14.966383783582211,0.5701479536602747
6.979999999999896,14.965699237777912,0.5701218757248728
6.989999999999895,14.965014691973613,0.570095797789471
6.999999999999895,14.964331180865395,0.5700697592710626
7.009999999999895,14.962153501446185,0.5699868000550927
7.019999999999895,14.961470014603552,0.5699607624610876
7.0299999999998946,14.960786527760924,0.5699347248670827
7.039999999999894,14.959732348124351,0.5698945656428324
7.049999999999894,14.959049389774922,0.5698685481819017
7.059999999999894,14.958366431425492,0.5698425307209711
7.069999999999894,14.960950537387529,0.5699409728528582
7.0799999999998935,14.960269015048258,0.5699150100970765
7.089999999999893,14.959587492708987,0.5698890473412948
7.099999999999893,14.958905812837918,0.5698630785843015
7.109999999999893,14.97880744054461,0.5706212358302708
7.119999999999893,14.978127683317492,0.5705953403168568
7.129999999999892,14.97744792609037,0.5705694448034426
7.139999999999892,14.990226709951374,0.5710562556171952
7.149999999999892,14.989548404383154,0.5710304154050725
7.159999999999892,14.988870098814937,0.5710045751929499
7.169999999999892,14.994571689157421,0.5712217786345684
7.179999999999891,14.993895350577585,0.5711960133553365
7.189999999999891,14.993219011997748,0.5711702480761046
7.199999999999891,14.992541579596942,0.5711444411275025
7.209999999999891,14.995457889463555,0.5712555386462306
7.2199999999998905,14.994784277919377,0.5712298772540715
7.22999999999989,14.994110666375198,0.5712042158619123
7.23999999999989,14.993020633237284,0.5711626907899917
7.24999999999989,14.992347666705562,0.5711370539697357
7.25999999999989,14.991674700173837,0.5711114171494794
7.269999999999889,14.986473236391765,0.5709132661482577
7.279999999999889,14.985800359457583,0.5708876327412412
7.289999999999889,14.985127482523403,0.5708619993342248
7.299999999999889,14.984454175824714,0.5708363495552271
7.309999999999889,14.977099670210618,0.5705561779127855
7.319999999999888,14.976426915825398,0.5705305491743008
7.329999999999888,14.975754161440177,0.5705049204358162
7.339999999999888,14.97481676764688,0.5704692101960716
7.349999999999888,14.974144216135251,0.5704435891861047
7.3599999999998875,14.973471664623624,0.570417968176138
7.369999999999887,14.974250022278529,0.5704476198963249
7.379999999999887,14.973578403839548,0.5704220344319827
7.389999999999887,14.972906785400573,0.5703964489676409
7.399999999999887,14.97223417665558,0.5703708257773553
7.4099999999998865,14.981030228964011,0.5707059134843432
7.419999999999886,14.980359968913888,0.570680379768148
7.429999999999886,14.979688154265498,0.5706547868291617
7.439999999999886,14.979033590933712,0.570629851083189
7.449999999999886,14.978364400307736,0.5706043581069613
7.459999999999885,14.977695209681762,0.5705788651307337
7.469999999999885,14.975106697792013,0.5704802551539814
7.479999999999885,14.974439365076847,0.5704548329553084
7.489999999999885,14.973772032361682,0.5704294107566354
7.4999999999998845,14.973104116976833,0.5704039663610222
7.509999999999884,14.983700480701383,0.5708076373600527
7.519999999999884,14.98303552520122,0.5707823057219512
7.529999999999884,14.982370569701056,0.5707569740838497
7.539999999999884,14.982260919599952,0.570752796937141
7.5499999999998835,14.981597422220494,0.5707275208464949
7.559999999999883,14.980933924841038,0.570702244755849
7.569999999999883,14.993381651472596,0.5711764438656226
7.579999999999883,14.992720329268325,0.5711512506387932
7.589999999999883,14.992059007064057,0.571126057411964
7.599999999999882,14.991396963109842,0.5711008366898987
7.609999999999882,15.004199516816183,0.5715885530215689
7.619999999999882,15.003540683299267,0.5715634546018767
7.629999999999882,15.002881849782355,0.5715383561821848
7.6399999999998816,15.009249097460748,0.5717809179985046
7.649999999999881,15.00859137716025,0.5717558619870571
7.659999999999881,15.007933656859759,0.5717308059756098
7.669999999999881,15.002236126034623,0.5715137571822713
7.679999999999881,15.001578554675529,0.571488706844782
7.6899999999998805,15.000920983316442,0.571463656507293
7.69999999999988,15.000264699325475,0.571438655212399
7.70999999999988,14.993640902412793,0.5711863200919158
7.71999999999988,14.992983551024352,0.571161278134261
7.72999999999988,14.992326199635915,0.5711362361766062
7.739999999999879,14.9884916321819,0.5709901574164533
7.749999999999879,14.987834106720781,0.5709651088274583
7.759999999999879,14.987176581259664,0.5709400602384633
7.769999999999879,14.989696084609722,0.5710360413184655
7.779999999999879,14.989039417359967,0.5710110254232368
7.789999999999878,14.988382750110206,0.5709860095280078
7.799999999999878,14.987725530190094,0.5709609725786702
7.809999999999878,14.987360992009233,0.5709470854098755
7.819999999999878,14.986705242431523,0.5709221044735817
7.8299999999998775,14.98604949285381,0.5708971235372879
7.839999999999877,14.986363998656476,0.5709091047107229
7.849999999999877,14.98570902311004,0.5708841532613348
7.859999999999877,14.985054047563601,0.5708592018119466
7.869999999999877,14.9818570711755,0.5707374122352571
7.879999999999876,14.981203584742234,0.5707125175139898
7.889999999999876,14.980550098308969,0.5706876227927226
7.899999999999876,14.979896984723315,0.5706627422751739
7.909999999999876,14.97404477045331,0.5704398007791737
7.919999999999876,14.973393191867249,0.5704149787377999
7.929999999999875,14.97274161328119,0.5703901566964262
7.939999999999875,14.975335121078285,0.5704889569934584
7.949999999999875,14.974684700863959,0.5704641790805317
7.959999999999875,14.974034280649635,0.570439401167605
7.9699999999998745,14.981889073088594,0.5707386313557559
7.979999999999874,14.981240478312687,0.5707139229833404
7.989999999999874,14.980591883536777,0.5706892146109248
7.999999999999874,14.979942842840849,0.5706644892510799
8.009999999999874,14.994399714514078,0.5712152272195838
8.019999999999873,14.993753268829492,0.571190600717314
8.029999999999873,14.993106823144906,0.571165974215044
8.039999999999873,14.993392459864493,0.5711768556138854
8.049999999999873,14.992747136674097,0.5711522718732989
8.059999999999873,14.9921018134837,0.5711276881327123
8.069999999999872,14.995967406003043,0.5712749488001159
8.079999999999872,14.995323336467061,0.5712504128177928
8.089999999999872,14.994679266931076,0.5712258768354695
8.099999999999872,14.994034622948,0.5712013189694476
8.109999999999872,14.995995294050646,0.5712760112019293
8.119999999999871,14.995352611453733,0.5712515280553803
8.129999999999871,14.99470992885682,0.5712270449088311
8.139999999999871,14.995023909968815,0.57123900609405
8.14999999999987,14.994382062448764,0.5712145547599529
8.15999999999987,14.993740214928716,0.5711901034258557
8.16999999999987,14.99433466727407,0.5712127492294883
8.17999999999987,14.993694253430144,0.5711883525116245
8.18999999999987,14.99305383958622,0.5711639557937608
8.19999999999987,14.992413075611701,0.5711395457375885
8.20999999999987,14.982907073363,0.5707774123185905
8.21999999999987,14.98226848412081,0.5707530851093642
8.229999999999869,14.981629894878623,0.570728757900138
8.239999999999869,14.978412155064916,0.5706061773358063
8.249999999999869,14.97777464455661,0.5705818912212041
8.259999999999868,14.9771371340483,0.5705576051066019
8.269999999999868,14.979377309645374,0.5706429451293475
8.279999999999868,14.978741742309237,0.5706187330403518
8.289999999999868,14.978106174973101,0.5705945209513562
8.299999999999867,14.977470142828206,0.5705702911553602
8.309999999999867,14.985732818797809,0.5708850597637259
8.319999999999867,14.985099199280063,0.5708609218773356
8.329999999999867,14.984465579762313,0.5708367839909452
8.339999999999867,14.983143341003053,0.5707864129905924
8.349999999999866,14.982511296067162,0.5707623350882728
8.359999999999866,14.98187925113127,0.5707382571859531
8.369999999999866,14.983287294189807,0.5707918969215164
8.379999999999866,14.982657328401325,0.5707678982248123
8.389999999999866,14.98202736261284,0.5707438995281081
8.399999999999865,14.981396604309488,0.5707198706403613
8.409999999999865,14.983928704533634,0.5708163316012812
8.419999999999865,14.983301388967636,0.5707924338654337
8.429999999999865,14.982674073401634,0.570768536129586
8.439999999999864,14.990207610754199,0.5710555280287314
8.449999999999864,14.989581766630641,0.5710316863478339
8.459999999999864,14.988955922507085,0.5710078446669365
8.469999999999864,14.993070486808769,0.5711645899736674
8.479999999999864,14.992446668578651,0.5711408254696628
8.489999999999863,14.991822850348532,0.5711170609656583
8.499999999999863,14.991198812820432,0.571093288107445
8.509999999999863,14.998346974214693,0.5713655990177026
8.519999999999863,14.997725815656342,0.5713419358345272
8.529999999999863,14.997104657097985,0.5713182726513517
8.539999999999862,15.0002925886682,0.5714397176635504
8.549999999999862,14.999673386610967,0.571416129013751
8.559999999999862,14.999054184553733,0.5713925403639517
8.569999999999862,14.999045497440223,0.5713922094262942
8.579999999999862,14.998428845501211,0.5713687179238556
8.589999999999861,14.997812193562197,0.5713452264214169
8.599999999999861,14.997196651313288,0.5713217771928871
8.60999999999986,15.002072914900067,0.5715075396152406
8.61999999999986,15.001459314228288,0.5714841643515538
8.62999999999986,15.000845713556512,0.571460789087867
8.63999999999986,15.006990028317857,0.5716948582216326
8.64999999999986,15.00637847839326,0.571671561081648
8.65999999999986,15.005766928468665,0.5716482639416633
8.66999999999986,15.004576084125071,0.5716028984428598
8.67999999999986,15.003967049835218,0.5715796971365796
8.68999999999986,15.00335801554537,0.5715564958302998
8.699999999999859,15.002748908144355,0.5715332917388325
8.709999999999859,14.995314837269254,0.5712500890388287
8.719999999999859,14.994708901794558,0.5712270057826497
8.729999999999858,14.994102966319861,0.5712039225264709
8.739999999999858,14.986508400659877,0.5709146057394239
8.749999999999858,14.985904483671115,0.5708915993779472
8.759999999999858,14.985300566682353,0.5708685930164705
8.769999999999857,14.978255093684172,0.5706001940451113
8.779999999999857,14.977653770195916,0.5705772864836539
8.789999999999857,14.977052446707662,0.5705543789221966
8.799999999999857,14.976451968151675,0.5705315035486352
8.809999999999857,14.983822543085209,0.570812287355627
8.819999999999856,14.983224534727428,0.5707895060848543
8.829999999999856,14.98262652636965,0.5707667248140819
8.839999999999856,14.985896819327525,0.5708913074029532
8.849999999999856,14.985300863341118,0.5708686043177569
8.859999999999856,14.98470490735471,0.5708459012325603
8.869999999999855,14.993986268586065,0.5711994768985167
8.879999999999855,14.993392253546155,0.5711768477541391
8.889999999999855,14.992798238506241,0.5711542186097616
8.899999999999855,14.992204265767162,0.5711315910768442
8.909999999999854,14.996734931283633,0.5713041878584241
8.919999999999854,14.996143596919273,0.5712816608350199
8.929999999999854,14.995552262554915,0.5712591338116157
8.939999999999854,14.997415007838853,0.5713300955367182
8.949999999999854,14.996825063126689,0.5713076214524453
8.959999999999853,14.99623511841453,0.5712851473681725
8.969999999999853,14.996432093173,0.5712926511684951
8.979999999999853,14.99584435612456,0.5712702611856975
8.989999999999853,14.995256619076121,0.5712478712028998
8.999999999999853,14.994669463270924,0.5712255033627018
9.009999999999852,15.003654075801357,0.5715677743162422
9.019999999999852,15.003068947245307,0.571545483704583
9.029999999999852,15.002483818689257,0.571523193092924
9.039999999999852,15.009280251498259,0.5717821048189813
9.049999999999851,15.008697014383564,0.571759886262231
9.059999999999851,15.008113777268875,0.5717376677054808
9.069999999999851,15.002400467328458,0.5715200178029889
9.07999999999985,15.001819688822106,0.5714978929075087
9.08999999999985,15.001238910315752,0.5714757680120286
9.09999999999985,15.000658374389607,0.5714536523576993
9.10999999999985,14.999006480562866,0.5713907230690615
9.11999999999985,14.998428701075616,0.5713687124219282
9.12999999999985,14.99785092158836,0.5713467017747946
9.13999999999985,15.003218356586784,0.5715511754890202
9.14999999999985,15.002642628206717,0.5715292429793034
9.15999999999985,15.002066899826646,0.5715073104695865
9.169999999999849,15.007627287607312,0.5717191347659928
9.179999999999849,15.00705430191094,0.5716973067394644
9.189999999999849,15.006481316214572,0.571675478712936
9.199999999999848,15.00590871114849,0.5716536651866091
9.209999999999848,15.014875175586479,0.5719952447842468
9.219999999999848,15.014305567497901,0.5719735454284914
9.229999999999848,15.013735959409326,0.5719518460727362
9.239999999999847,15.012944819092885,0.5719217073940146
9.249999999999847,15.012377157227064,0.5719000821800786
9.259999999999847,15.011809495361245,0.5718784569661426
9.269999999999847,15.007150151115932,0.5717009581377497
9.279999999999847,15.006584424395479,0.5716794066436373
9.289999999999846,15.006018697675026,0.5716578551495247
9.299999999999846,15.005452751526741,0.5716362952962568
9.309999999999846,15.008547265144568,0.5717541815293168
9.319999999999846,15.007984206995237,0.5717327316950566
9.329999999999846,15.00742114884591,0.5717112818607966
9.339999999999845,15.016418268438303,0.5720540292738401
9.349999999999845,15.015857240054103,0.5720326567639658
9.359999999999845,15.015296211669908,0.5720112842540916
9.369999999999845,15.028164575776053,0.5725015076486115
9.379999999999844,15.027606276645715,0.5724802391103129
9.389999999999844,15.027047977515375,0.5724589705720142
9.399999999999844,15.026490159905974,0.5724377203773704
9.409999999999844,15.0276048576769,0.572480185054358
9.419999999999844,15.027050081258084,0.5724590507145936
9.429999999999843,15.026495304839267,0.5724379163748292
9.439999999999843,15.023259801731538,0.5723146591135824
9.449999999999843,15.022707083802432,0.5722936031924736
9.459999999999843,15.022154365873325,0.5722725472713647
9.469999999999843,15.028245208160095,0.5725045793584798
9.479999999999842,15.02769526746526,0.5724836292367718
9.489999999999842,15.027145326770425,0.5724626791150638
9.499999999999842,15.026597219569902,0.5724417988407582
9.509999999999842,15.031136793872852,0.5726147350046801
9.519999999999841,15.030590151898613,0.5725939105485185
9.529999999999841,15.03004304834263,0.5725730685082906
9.539999999999841,15.031701190089448,0.5726362358129313
9.54999999999984,15.031156857078718,0.5726154993172845
9.55999999999984,15.030612524067989,0.5725947628216376
9.56999999999984,15.02580600933985,0.5724116574986609
9.57999999999984,15.025264468608766,0.572391027375572
9.58999999999984,15.024722927877681,0.5723703972524831
9.59999999999984,15.024181138687666,0.572349757664292
9.60999999999984,15.026308240234957,0.5724307901041888
9.61999999999984,15.025770137962853,0.5724102909700134
9.62999999999984,15.025232035690747,0.5723897918358379
9.639999999999839,15.015783856461848,0.5720298611985465
9.649999999999839,15.015247483482725,0.572009427942199
9.659999999999838,15.014711110503606,0.5719889946858516
9.669999999999838,15.003332924966214,0.5715555399987129
9.679999999999838,15.002797976930296,0.571535161025916
9.689999999999838,15.00226302889438,0.5715147820531191
9.699999999999838,15.001727642275675,0.5714943863724066
9.709999999999837,14.994445801784062,0.571216982925107
9.719999999999837,14.99391241868866,0.5711966635690918
9.729999999999837,14.993379035593263,0.5711763442130766
9.739999999999837,14.995808661553593,0.5712689013925177
9.749999999999837,14.995276323453046,0.5712486218458303
9.759999999999836,14.994743985352498,0.5712283422991428
9.769999999999836,14.997338557604113,0.5713271831468233
9.779999999999836,14.996807692041994,0.5713069596968378
9.789999999999836,14.996276826479876,0.5712867362468523
9.799999999999836,14.995746293419595,0.5712665254636036
9.809999999999835,15.003422057356829,0.5715589355183553
9.819999999999835,15.002893065751099,0.5715387834571847
9.829999999999835,15.002363998196925,0.5715186285027399
9.839999999999835,15.002282414505336,0.5715155205525841
9.849999999999834,15.001754730420878,0.5714954183017477
9.859999999999834,15.001227046336423,0.5714753160509113
9.869999999999834,15.008959045471721,0.5717698683989226
9.879999999999834,15.008433178370074,0.5717498353664789
9.889999999999834,15.007907311268433,0.5717298023340355
9.899999999999833,15.007380100862557,0.5717097181280973
9.909999999999833,15.01671123986667,0.5720651900901588
9.919999999999833,15.016187728082999,0.5720452467841142
9.929999999999833,15.015664216299326,0.5720253034780696
9.939999999999833,15.00880097596012,0.5717638467032427
9.949999999999832,15.008278927050593,0.5717439591257368
9.959999999999832,15.007756878141063,0.5717240715482309
9.969999999999832,15.008205277981455,0.5717411534469126
9.979999999999832,15.007685354358728,0.5717213468327134
9.989999999999831,15.007165430736,0.5717015402185143
9.999999999999831,15.006646510308356,0.5716817718212707
10.009999999999831,14.994648748004096,0.5712247142096798
10.01999999999983,14.994131375286685,0.571205004772826
10.02999999999983,14.993614002569279,0.5711852953359725
10.03999999999983,14.991270101433091,0.5710960038641177
10.04999999999983,14.990754181101474,0.5710763497562465
10.05999999999983,14.990238260769857,0.5710566956483755
10.06999999999983,14.996349991016674,0.5712895234673018
10.07999999999983,14.995835211123916,0.5712699128047206
10.08999999999983,14.995320431231157,0.5712503021421392
10.09999999999983,14.994804348227218,0.5712306418372273
10.109999999999829,14.999615351450693,0.5714139181505026
10.119999999999829,14.999102113373906,0.5713943662237678
10.129999999999828,14.998588875297123,0.5713748142970332
10.139999999999828,14.998333838459164,0.5713650986079681
10.149999999999828,14.99782155009916,0.5713455828609203
10.159999999999828,14.997309261739154,0.5713260671138725
10.169999999999828,14.99896842058061,0.5713892731649756
10.179999999999827,14.998457776962177,0.5713698200747496
10.189999999999827,14.997947133343741,0.5713503669845235
10.199999999999827,14.997434807985146,0.5713308498280055
10.209999999999827,14.990479686021482,0.5710658928008183
10.219999999999827,14.9899707390847,0.5710465043460837
10.229999999999826,14.989461792147916,0.5710271158913491
10.239999999999826,14.98638374294015,0.5709098568739104
10.249999999999826,14.98587589901858,0.570890510438803
10.259999999999826,14.985368055097007,0.5708711640036954
10.269999999999825,14.98740221770603,0.5709486559126107
10.279999999999825,14.986895854327472,0.5709293658791417
10.289999999999825,14.986389490948914,0.5709100758456729
10.299999999999825,14.985882091774076,0.5708907463532981
10.309999999999825,14.998957313407269,0.5713888500345625
10.319999999999824,14.998452837707624,0.5713696319126713
10.329999999999824,14.997948362007984,0.5713504137907803
10.339999999999824,15.009803774256612,0.571802048543109
10.349999999999824,15.009300721946648,0.5717828846455866
10.359999999999824,15.008797669636685,0.5717637207480641
10.369999999999823,15.015133607938084,0.5720050898262127
10.379999999999823,15.014632306450578,0.5719859926266886
10.389999999999823,15.01413100496307,0.5719668954271645
10.399999999999823,15.013632563036941,0.571947907163312
10.409999999999823,15.024841414607177,0.5723749110326544
10.419999999999822,15.024342322505538,0.5723558980002109
10.429999999999822,15.023843230403896,0.5723368849677675
10.439999999999822,15.024653836724317,0.5723677652085454
10.449999999999822,15.024156020195502,0.5723488007693524
10.459999999999821,15.023658203666681,0.5723298363301592
10.469999999999821,15.026092932159779,0.572422587891801
10.479999999999821,15.025596680570894,0.5724036830693673
10.48999999999982,15.025100428982007,0.5723847782469336
10.49999999999982,15.024603227014664,0.5723658372196062
10.50999999999982,15.023149789640058,0.5723104681767641
10.51999999999982,15.022655366519455,0.5722916330102649
10.52999999999982,15.022160943398854,0.5722727978437658
10.53999999999982,15.026639652027217,0.5724434153153225
10.54999999999982,15.02614656184036,0.5724246309272517
10.55999999999982,15.0256534716535,0.5724058465391809
10.569999999999819,15.023205462899709,0.572312589062846
10.579999999999819,15.022714393169736,0.5722938816445613
10.589999999999819,15.022223323439764,0.5722751742262767
10.599999999999818,15.021731497255962,0.5722564379907032
10.609999999999818,15.03358505628781,0.5727080021442975
10.619999999999818,15.033096634933225,0.5726893956165038
10.629999999999818,15.03260931482059,0.5726708310407843
10.639999999999818,15.031760239260619,0.5726384853051664
10.649999999999817,15.031273474428312,0.5726199418829833
10.659999999999817,15.030786709596004,0.5726013984608002
10.669999999999817,15.025535711593056,0.5724013604416401
10.679999999999817,15.025051142814783,0.5723829006786584
10.689999999999817,15.024566574036516,0.5723644409156767
10.699999999999816,15.024081006812445,0.5723459431166645
10.709999999999816,15.016010927262082,0.5720385115147459
10.719999999999816,15.015528634978141,0.5720201384753577
10.729999999999816,15.015046342694195,0.5720017654359693
10.739999999999815,15.020355821623346,0.5722040312999369
10.749999999999815,15.019875068441117,0.5721857168929949
10.759999999999815,15.019394315258891,0.5721674024860529
10.769999999999815,15.029898952367464,0.5725675791378081
10.779999999999815,15.029420086801828,0.5725493366400696
10.789999999999814,15.028941221236192,0.572531094142331
10.799999999999814,15.028461232810983,0.5725128088689898
10.809999999999814,15.034384681122603,0.5727384640427657
10.819999999999814,15.033908186479573,0.5727203118658885
10.829999999999814,15.03343169183655,0.5727021596890114
10.839999999999813,15.036856500318295,0.5728326285835541
10.849999999999813,15.036381629982056,0.5728145382850307
10.859999999999813,15.035906759645815,0.5727964479865072
10.869999999999813,15.035367078805967,0.5727758887164177
10.879999999999812,15.034894320903069,0.5727578788915454
10.889999999999812,15.034421563000173,0.5727398690666732
10.899999999999812,15.033948738652656,0.5727218567105773
10.909999999999812,15.037290403221755,0.5728491582179716
10.919999999999812,15.036820287569507,0.5728312490502668
10.929999999999811,15.036350171917258,0.5728133398825621
10.939999999999811,15.032906676554237,0.5726821591068281
10.949999999999811,15.03243836102697,0.5726643185153131
10.95999999999981,15.0319700454997,0.572646477923798
10.96999999999981,15.025946783423928,0.5724170203209115
10.97999999999981,15.025480639940444,0.5723992624739216
10.98999999999981,15.025014496456958,0.5723815046269317
10.99999999999981,15.024547405452841,0.5723637106839177
11.00999999999981,15.032255195531167,0.5726573407821397
11.01999999999981,15.03179167177218,0.5726396827341782
11.02999999999981,15.031328148013193,0.5726220246862168
11.039999999999809,15.04063538002247,0.5729765859056178
11.049999999999809,15.040173689214642,0.5729589976843673
11.059999999999809,15.039711998406819,0.5729414094631169
11.069999999999808,15.03931307288873,0.572926212300523
11.079999999999808,15.038853588280512,0.5729087081249719
11.089999999999808,15.038394103672298,0.5728912039494208
11.099999999999808,15.037935156128807,0.5728737202334783
11.109999999999808,15.039828071345546,0.5729458312893541
11.119999999999807,15.039371360136075,0.5729284327670885
11.129999999999807,15.038914648926603,0.5729110342448229
11.139999999999807,15.04697926978856,0.573218257896707
11.149999999999807,15.046524276582653,0.5732009248221963
11.159999999999807,15.046069283376747,0.5731835917476855
11.169999999999806,15.04479048817639,0.573134875740053
11.179999999999806,15.0443376199379,0.5731176236166818
11.189999999999806,15.043884751699409,0.5731003714933107
11.199999999999806,15.043431349026223,0.5730830990105227
11.209999999999805,15.04194038054782,0.5730263002113455
11.219999999999805,15.041490083757568,0.5730091460479073
11.229999999999805,15.041039786967321,0.5729919918844694
11.239999999999805,15.04379653002345,0.5730970106675599
11.249999999999805,15.043347942637467,0.5730799216242844
11.259999999999804,15.042899355251484,0.5730628325810089
11.269999999999804,15.033469196265163,0.572703588429149
11.279999999999804,15.033022174490847,0.5726865590282227
11.289999999999804,15.032575152716532,0.5726695296272964
11.299999999999804,15.032133062314301,0.5726526880881638
11.309999999999803,15.033867802037875,0.5727187734109667
11.319999999999803,15.033422628905381,0.5727018144344906
11.329999999999803,15.032977455772887,0.5726848554580147
11.339999999999803,15.032585644648206,0.5726699293199317
11.349999999999802,15.03214156990116,0.5726530121867108
11.359999999999802,15.031697495154116,0.5726360950534901
11.369999999999802,15.033125626158744,0.5726905000441426
11.379999999999802,15.032682903016521,0.5726736344006293
11.389999999999802,15.032240179874302,0.5726567687571162
11.399999999999801,15.031797205843747,0.5726398935559522
11.409999999999801,15.035551378240305,0.5727829096472496
11.419999999999801,15.035110057530025,0.5727660974297152
11.4299999999998,15.034668736819743,0.5727492852121806
11.4399999999998,15.03525629617984,0.5727716684258987
11.4499999999998,15.034815922909134,0.5727548923013003
11.4599999999998,15.034375549638431,0.5727381161767021
11.4699999999998,15.03236823275422,0.5726616469620655
11.4799999999998,15.03192903915317,0.5726449157772635
11.4899999999998,15.031489845552118,0.5726281845924616
11.4999999999998,15.031050597254538,0.5726114513239824
11.509999999999799,15.025345869747524,0.5723941283713342
11.519999999999799,15.02490800278443,0.5723774477251211
11.529999999999799,15.024470135821336,0.5723607670789079
11.539999999999798,15.025288415839237,0.5723919396510185
11.549999999999798,15.024851364744137,0.5723752900854909
11.559999999999798,15.024414313649032,0.5723586405199631
11.569999999999798,15.027617313774472,0.5724806595723608
11.579999999999798,15.027181228176635,0.5724640467876813
11.589999999999797,15.026745142578797,0.5724474340030017
11.599999999999797,15.026309119058242,0.5724308235831711
11.609999999999797,15.026800250869703,0.5724495333664649
11.619999999999797,15.026365281686127,0.5724329631118524
11.629999999999797,15.02593031250255,0.57241639285724
11.639999999999796,15.01699342011271,0.5720759398138174
11.649999999999796,15.016559087315295,0.5720593938024874
11.659999999999796,15.016124754517884,0.5720428477911574
11.669999999999796,15.012923432431096,0.5719208926640417
11.679999999999795,15.0124900967447,0.5719043846378933
11.689999999999795,15.0120567610583,0.5718878766117447
11.699999999999795,15.011624011852506,0.5718713909277144
11.709999999999795,15.00864848583089,0.5717580375554624
11.719999999999795,15.00821581253124,0.5717415547630949
11.729999999999794,15.007783139231595,0.5717250719707274
11.739999999999794,15.008899299626625,0.5717675923667286
11.749999999999794,15.008467012835839,0.571751124298508
11.759999999999794,15.008034726045052,0.5717346562302876
11.769999999999794,15.004104430186405,0.5715849306737678
11.779999999999793,15.003672827930522,0.5715684886830674
11.789999999999793,15.003241225674646,0.5715520466923674
11.799999999999793,15.002809885739815,0.57153561469485
11.809999999999793,15.015638357882727,0.5720243183955324
11.819999999999792,15.015207634051698,0.572007909868636
11.829999999999792,15.014776910220666,0.5719915013417396
11.839999999999792,15.021553466011262,0.572249655848048
11.849999999999792,15.021123263488679,0.572233267180521
11.859999999999792,15.020693060966096,0.5722168785129941
11.869999999999791,15.023984971095784,0.5723422846131727
11.879999999999791,15.023555706399977,0.57232593167238
11.889999999999791,15.023126441704168,0.5723095787315873
11.89999999999979,15.022694860770562,0.5722931375531642
11.90999999999979,15.027706395313594,0.5724840531548036
11.91999999999979,15.027278093423337,0.5724677368923176
11.92999999999979,15.026849791533085,0.5724514206298318
11.93999999999979,15.029682551841962,0.5725593353082652
11.94999999999979,15.029254956690878,0.5725430459691763
11.95999999999979,15.028827361539788,0.5725267566300871
11.96999999999979,15.031610132420653,0.5726327669493582
11.979999999999789,15.031183522648753,0.5726165151485239
11.989999999999789,15.030756912876852,0.5726002633476895
11.999999999999789,15.030328911827851,0.5725839585458229
12.009999999999788,15.03214713621908,0.5726532242369173
12.019999999999788,15.031721988712713,0.5726370281414366
12.029999999999788,15.03129684120635,0.5726208320459562
12.039999999999788,15.032836524854638,0.572679486661129
12.049999999999788,15.032412607949826,0.5726633374457076
12.059999999999787,15.03198869104501,0.572647188230286
12.069999999999787,15.029052016860646,0.5725353149280246
12.079999999999787,15.0286296013993,0.5725192229104495
12.089999999999787,15.028207185937958,0.5725031308928745
12.099999999999786,15.02778241489711,0.5724869491389375
12.109999999999786,15.033394605020217,0.572700746857913
12.119999999999786,15.032973994814128,0.5726847236119668
12.129999999999786,15.03255338460804,0.5726687003660205
12.139999999999786,15.029636486010213,0.5725575804194366
12.149999999999785,15.029216963733496,0.5725415986184189
12.159999999999785,15.028797441456778,0.572525616817401
12.169999999999785,15.028481748928899,0.5725135904353865
12.179999999999785,15.028063475428823,0.5724976562068123
12.189999999999785,15.02764520192875,0.5724817219782381
12.199999999999784,15.027227459167623,0.5724658079682904
12.209999999999784,15.023274595070141,0.5723152226693387
12.219999999999784,15.02285775606987,0.5722993430883759
12.229999999999784,15.022440917069604,0.5722834635074134
12.239999999999783,15.020374249563991,0.5722047333167234
12.249999999999783,15.019958406356297,0.5721888916707161
12.259999999999783,15.019542563148605,0.5721730500247086
12.269999999999783,15.009078823681712,0.5717744313783508
12.279999999999783,15.00866425777508,0.5717586383914316
12.289999999999782,15.008249691868453,0.5717428454045125
12.299999999999782,15.007835102517046,0.5717270515244588
12.309999999999782,15.012265428037049,0.5718958258299828
12.319999999999782,15.011851923374937,0.5718800732714261
12.329999999999782,15.011438418712826,0.5718643207128695
12.339999999999781,15.015512991013564,0.5720195425148024
12.349999999999781,15.015100107359492,0.5720038136136949
12.359999999999781,15.014687223705419,0.5719880847125873
12.36999999999978,15.02031200934098,0.5722023622606087
12.37999999999978,15.019900056929648,0.5721866688354151
12.38999999999978,15.019488104518317,0.5721709754102215
12.39999999999978,15.019074078040076,0.5721552029729552
12.40999999999978,15.025817432033678,0.572412092648902
12.41999999999978,15.025406409078728,0.5723964346315705
12.42999999999978,15.024995386123779,0.5723807766142391
12.43999999999978,15.029428092060355,0.5725496416022992
12.449999999999779,15.029017918464152,0.5725340159414914
12.459999999999779,15.028607744867953,0.5725183902806839
12.469999999999779,15.024727657220563,0.5723705774179262
12.479999999999778,15.02431883300135,0.5723550031619562
12.489999999999778,15.023910008782138,0.5723394289059862
12.499999999999778,15.023502326433528,0.5723238981498486
12.509999999999778,15.024205880845953,0.572350700222703
12.519999999999778,15.023798673233909,0.5723351875517679
12.529999999999777,15.023391465621868,0.572319674880833
12.539999999999777,15.025082418557181,0.5723840921355116
12.549999999999777,15.024676165035453,0.5723686158108744
12.559999999999777,15.024269911513729,0.5723531394862372
12.569999999999776,15.02526606444031,0.5723910881691546
12.579999999999776,15.02486099024777,0.5723756567713436
12.589999999999776,15.02445591605523,0.5723602253735325
12.599999999999776,15.024048619584292,0.5723447093174968
12.609999999999776,15.034185027444636,0.572730858188367
12.619999999999775,15.033781497391043,0.5727154856148968
12.629999999999775,15.03337833053807,0.5727001268776407
12.639999999999775,15.03368747037732,0.5727119036334216
12.649999999999775,15.033284994396848,0.572696571215118
12.659999999999775,15.032882518416375,0.5726812387968142
12.669999999999774,15.035745988174131,0.5727903233590145
12.679999999999774,15.035344749018531,0.5727750380578488
12.689999999999774,15.034943509862934,0.5727597527566831
12.699999999999774,15.03454371491205,0.57274452247284
12.709999999999773,15.018868651406692,0.5721473771964454
12.719999999999773,15.018468753404846,0.5721321429868512
12.729999999999773,15.018068855403003,0.5721169087772572
12.739999999999773,15.011799342386807,0.571878070186164
12.749999999999773,15.011400202021937,0.5718628648389309
12.759999999999772,15.011001061657067,0.5718476594916978
12.769999999999772,15.001876133390475,0.5715000431767799
12.779999999999772,15.001477830852963,0.5714848697467795
12.789999999999772,15.001079528315454,0.5714696963167791
12.799999999999772,15.000679268151664,0.5714544483105395
12.809999999999771,14.996493164378666,0.5712949776906158
12.819999999999771,14.996095844972357,0.5712798417132327
12.829999999999771,14.995698525566047,0.5712647057358493
12.83999999999977,14.999488037232519,0.5714090680850483
12.84999999999977,14.999091275457475,0.5713939533507609
12.85999999999977,14.998694513682434,0.5713788386164736
12.86999999999977,15.012352707298918,0.5718991507542445
12.87999999999977,15.01195672891178,0.5718840658633059
12.88999999999977,15.011560750524641,0.5718689809723673
12.89999999999977,15.011161485467428,0.5718537708749496
12.90999999999977,15.026263173938213,0.5724290732928843
12.919999999999769,15.025868149113006,0.5724140247281144
12.929999999999769,15.025473124287794,0.5723989761633445
12.939999999999769,15.03465473236939,0.5727487517093101
12.949999999999768,15.034260470695314,0.5727337322169642
12.959999999999768,15.033866209021244,0.5727187127246188
12.969999999999768,15.031455666486991,0.5726268825328377
12.979999999999768,15.031062225918754,0.5726118943207144
12.989999999999768,15.030668785350516,0.572596906108591
12.999999999999767,15.030273754857578,0.5725818573279077
13.009999999999767,15.032960220664913,0.5726841988824728
13.019999999999767,15.032567755365319,0.5726692478234406
13.029999999999767,15.032175290065727,0.5726542967644086
13.039999999999766,15.030444921787549,0.572588377972859
13.049999999999766,15.030052961563186,0.572573446154788
13.059999999999766,15.029661001338821,0.572558514336717
13.069999999999766,15.018879401595093,0.572147786727432
13.079999999999766,15.018488306900842,0.5721328878819368
13.089999999999765,15.018097212206591,0.5721179890364415
13.099999999999765,15.017711944897538,0.5721033121865728
13.109999999999765,15.00528090078041,0.5716297486011584
13.119999999999765,15.004890535161,0.5716148775299428
13.129999999999765,15.004500169541586,0.571600006458727
13.139999999999764,15.007190845233815,0.5717025083898596
13.149999999999764,15.00680104593424,0.5716876588927329
13.159999999999764,15.006411246634668,0.5716728093956064
13.169999999999764,15.008687671553028,0.5717595303448773
13.179999999999763,15.008298525664872,0.5717447057396141
13.189999999999763,15.007909379776715,0.571729881134351
13.199999999999763,15.007518809292154,0.5717150022587487
13.209999999999763,15.00361697847491,0.5715663610847584
13.219999999999763,15.003228623460785,0.5715515666080299
13.229999999999762,15.002840268446661,0.5715367721313014
13.239999999999762,15.007828031433217,0.5717267821498367
13.249999999999762,15.007440403976492,0.5717120153895806
13.259999999999762,15.007052776519767,0.5716972486293245
13.269999999999762,15.011728185554619,0.5718753594496997
13.279999999999761,15.011341884963745,0.571860643236714
13.289999999999761,15.010955584372867,0.5718459270237283
13.299999999999761,15.010567368224855,0.5718311378371372
13.30999999999976,15.014427518936465,0.5719781911975795
13.31999999999976,15.014042953885797,0.5719635411004113
13.32999999999976,15.013658388835124,0.5719488910032428
13.33999999999976,15.016822303548691,0.5720694210875692
13.34999999999976,15.016438628462856,0.572054804893823
13.35999999999976,15.016054953377019,0.5720401887000769
13.36999999999976,15.020492248413841,0.5722092285110034
13.37999999999976,15.020109594735493,0.5721946512280187
13.389999999999759,15.01972694105714,0.5721800739450339
13.399999999999759,15.01934508434776,0.5721655270227718
13.409999999999759,15.01199923446236,0.5718856851223756
13.419999999999758,15.011617654109108,0.571871148727966
13.429999999999758,15.011236073755859,0.5718566123335564
13.439999999999758,15.009363234225019,0.5717852660657149
13.449999999999758,15.008982327347272,0.5717707553275151
13.459999999999757,15.008601420469525,0.5717562445893152
13.469999999999757,15.002300496513573,0.5715162093909932
13.479999999999757,15.001920107007216,0.5715017183621796
13.489999999999757,15.001539717500856,0.5714872273333659
13.499999999999757,15.001157744762118,0.5714726759909378
13.509999999999756,15.00521357105757,0.571627183659336
13.519999999999756,15.004833871844644,0.5716127189274149
13.529999999999756,15.004454172631714,0.5715982541954938
13.539999999999756,15.006536308541966,0.5716775736587415
13.549999999999756,15.006156786907756,0.571663115691724
13.559999999999755,15.005777265273542,0.5716486577247063
13.569999999999755,15.007520657088941,0.5717150726510072
13.579999999999755,15.00714147138863,0.5717006274814715
13.589999999999755,15.006762285688321,0.571686182311936
13.599999999999755,15.006386907732852,0.5716718821993467
13.609999999999754,15.00913594192259,0.5717766073113367
13.619999999999754,15.008757176802906,0.5717621781639202
13.629999999999754,15.008378411683221,0.5717477490165036
13.639999999999754,15.008937837137333,0.5717690604623745
13.649999999999753,15.00855970789373,0.5717546555388087
13.659999999999753,15.00818157865013,0.5717402506152429
13.669999999999753,15.017370334246579,0.5720902984474886
13.679999999999753,15.016993546705113,0.5720759446363852
13.689999999999753,15.016616759163647,0.5720615908252817
13.699999999999752,15.016238751023225,0.5720471905151704
13.709999999999752,15.031126897696568,0.5726143580074883
13.719999999999752,15.030751804671501,0.5726000687493905
13.729999999999752,15.030376711646431,0.5725857794912925
13.739999999999752,15.03292427270456,0.5726828294363642
13.749999999999751,15.032550381976545,0.5726685859800588
13.759999999999751,15.03217649124853,0.5726543425237535
13.76999999999975,15.034984577754255,0.5727613172477811
13.77999999999975,15.034611946542233,0.5727471217730374
13.78999999999975,15.03423931533021,0.5727329262982936
13.79999999999975,15.033865958515703,0.5727187031815505
13.80999999999975,15.039678221844355,0.5729401227369277
13.81999999999975,15.039307157658758,0.5729259869584288
13.82999999999975,15.038936093473161,0.5729118511799299
13.83999999999975,15.040996034716153,0.5729903251320438
13.84999999999975,15.040625923273147,0.5729762256485008
13.859999999999749,15.040255811830141,0.5729621261649577
13.869999999999749,15.04206613885553,0.5730310910040202
13.879999999999749,15.04169697143866,0.5730170274833775
13.889999999999748,15.041327804021787,0.5730029639627346
13.899999999999748,15.040957924283108,0.5729888733060231
13.909999999999748,15.029001453341198,0.5725333886987123
13.919999999999748,15.028633063153887,0.5725193547868147
13.929999999999747,15.028264672966575,0.5725053208749171
13.939999999999747,15.028463670265047,0.5725129017243827
13.949999999999747,15.028095705963969,0.5724988840367226
13.959999999999747,15.027727741662892,0.5724848663490625
13.969999999999747,15.018853803992767,0.5721468115806768
13.979999999999746,15.018486304570859,0.5721328116026994
13.989999999999746,15.018118805148951,0.5721188116247219
13.999999999999746,15.017758279476846,0.5721050773134035
14.009999999999746,15.021269182728187,0.5722388260086928
14.019999999999746,15.020902231538814,0.5722248469157643
14.029999999999745,15.02053528034944,0.5722108678228358
14.039999999999745,15.02288661358531,0.5723004424222975
14.049999999999745,15.022519898775881,0.5722864723343193
14.059999999999745,15.022153183966454,0.5722725022463411
14.069999999999744,15.014572643792578,0.5719837197635267
14.079999999999744,15.014205667970936,0.5719697397322261
14.089999999999744,15.013838692149296,0.5719557597009255
14.099999999999744,15.01347132769685,0.5719417648646419
14.109999999999744,15.004338169379814,0.5715938350239929
14.119999999999743,15.003970605897477,0.5715798326056181
14.129999999999743,15.003603042415143,0.5715658301872435
14.139999999999743,15.00281459173123,0.5715357939707135
14.149999999999743,15.002446611663995,0.5715217756824379
14.159999999999743,15.00207863159676,0.5715077573941623
14.169999999999742,14.99794937940885,0.5713504525489085
14.179999999999742,14.997581038034003,0.5713364204965334
14.189999999999742,14.997212696659156,0.5713223884441583
14.199999999999742,14.996842943350945,0.5713083026038455
14.209999999999742,15.000070259014294,0.5714312479624493
14.219999999999741,14.999701457585736,0.5714171983842184
14.229999999999741,14.99933265615718,0.5714031488059877
14.23999999999974,14.999233266986064,0.57139936255185
14.24999999999974,14.99886404014604,0.5713852967674682
14.25999999999974,14.998494813306017,0.5713712309830863
14.26999999999974,15.000465007192327,0.5714462859882791
14.27999999999974,15.000095488566995,0.5714322090882664
14.28999999999974,14.999725969941661,0.5714181321882537
14.29999999999974,14.999356402714454,0.571404053436741
14.30999999999974,15.001893867223655,0.5715007187513773
14.31999999999974,15.001524044738703,0.5714866302757601
14.329999999999739,15.00115422225375,0.5714725418001427
14.339999999999739,15.004237572871435,0.5715900027760547
14.349999999999739,15.00386763547124,0.5715759099227138
14.359999999999738,15.00349769807105,0.5715618170693733
14.369999999999738,15.004637767333827,0.5716052482793839
14.379999999999738,15.004267871415943,0.5715911570063216
14.389999999999738,15.003897975498061,0.5715770657332594
14.399999999999737,15.0035246396626,0.5715628434157181
14.409999999999737,15.007306207371617,0.5717069031379662
14.419999999999737,15.006936394385193,0.5716928150241978
14.429999999999737,15.006566581398769,0.5716787269104292
14.439999999999737,15.012542530992807,0.5719063821330592
14.449999999999736,15.012172839612711,0.5718922986519127
14.459999999999736,15.011803148232612,0.5718782151707661
14.469999999999736,15.014604777665866,0.5719849439110806
14.479999999999736,15.014235575209979,0.5719708790556182
14.489999999999736,15.013866372754094,0.5719568142001559
14.499999999999735,15.013497611260645,0.5719427661432626
14.509999999999735,15.016848112522393,0.5720704042865673
14.519999999999735,15.016479654395848,0.5720563677865085
14.529999999999735,15.016111196269303,0.5720423312864497
14.539999999999734,15.017651586716205,0.572101012827284
14.549999999999734,15.01728345800069,0.5720869888762168
14.559999999999734,15.016915329285178,0.5720729649251496
14.569999999999734,15.019195321389697,0.5721598217672265
14.579999999999734,15.018827624447166,0.5721458142646539
14.589999999999733,15.018459927504637,0.5721318067620813
14.599999999999733,15.018090300941438,0.57211772575015
14.609999999999733,15.008602551038681,0.5717562876586164
14.619999999999733,15.008235260819445,0.5717422956502646
14.629999999999733,15.007866629550698,0.5717282525543123
14.639999999999732,15.010838394623633,0.5718414626523288
14.649999999999732,15.010471410501681,0.5718274823048259
14.659999999999732,15.010104426379726,0.5718135019573228
14.669999999999732,15.012139838325545,0.5718910414600207
14.679999999999731,15.011773136886005,0.5718770718813716
14.689999999999731,15.01140643544646,0.5718631023027222
14.699999999999731,15.011038243591738,0.5718490759463519
14.70999999999973,15.000493627009549,0.5714473762670303
14.71999999999973,15.000127220623314,0.5714334179285071
14.72999999999973,14.999760814237074,0.5714194595899837
14.73999999999973,14.989875019671013,0.571042857892229
14.74999999999973,14.989508627198227,0.571028900083742
14.75999999999973,14.98914223472544,0.5710149422752548
14.76999999999973,14.979302194321281,0.5706400835931916
14.77999999999973,14.978935879847494,0.570626128756095
14.78999999999973,14.978569565373704,0.5706121739189982
14.799999999999729,14.978203887631894,0.5705982433383578
14.809999999999729,14.983985568548084,0.5708184978494507
14.819999999999729,14.98361930824972,0.5708045450761797
14.829999999999728,14.983253047951356,0.5707905923029087
14.839999999999728,14.987233917877049,0.5709422444905542
14.849999999999728,14.986867577096678,0.570928288651302
14.859999999999728,14.98650123631631,0.5709143328120498
14.869999999999727,14.987305084987632,0.5709449556185764
14.879999999999727,14.986938466397122,0.5709309891960808
14.889999999999727,14.986571847806616,0.5709170227735854
14.899999999999727,14.986207020264196,0.5709031245814932
14.909999999999727,14.993051810295931,0.571163878487464
14.919999999999726,14.992684865827458,0.5711498996505698
14.929999999999726,14.992317921358985,0.5711359208136756
14.939999999999726,14.998550885845358,0.5713733670798231
14.949999999999726,14.998183759611088,0.5713593813185176
14.959999999999726,14.99781663337682,0.5713453955572121
14.969999999999725,15.000616182874923,0.5714520450619018
14.979999999999725,15.000249014756246,0.5714380577049998
14.989999999999725,14.999881846637573,0.571424070348098
14.999999999999725,14.999514865800872,0.5714100901257475
15.009999999999724,15.00952072770447,0.5717912658173131
15.019999999999724,15.009153586244325,0.5717772794759742
15.029999999999724,15.008786444784182,0.5717632931346355
15.039999999999724,15.02042867361659,0.5722068066139653
15.049999999999724,15.020061662347077,0.5721928252322696
15.059999999999723,15.019694651077566,0.5721788438505739
15.069999999999723,15.019612334260557,0.5721757079718307
15.079999999999723,15.01924566328741,0.5721617395538061
15.089999999999723,15.018878992314262,0.5721477711357813
15.099999999999723,15.018509752176682,0.572133704844826
15.109999999999722,15.016913989750416,0.5720729138952538
15.119999999999722,15.016547680836071,0.5720589592699455
15.129999999999722,15.016181371921721,0.5720450046446369
15.139999999999722,15.013630909911939,0.5719478441871214
15.149999999999721,15.013264817161254,0.5719338977966192
15.159999999999721,15.012898724410569,0.5719199514061168
15.169999999999721,15.010538273865265,0.5718300294805815
15.17999999999972,15.010172462748478,0.5718160938189896
15.18999999999972,15.009806651631692,0.5718021581573978
15.19999999999972,15.009441612426997,0.5717882519019808
15.20999999999972,15.006000802928206,0.571657173444884
15.21999999999972,15.005635372949286,0.5716432523028299
15.22999999999972,15.005269942970367,0.5716293311607759
15.23999999999972,15.008035507555267,0.5717346860021053
15.24999999999972,15.007670295645541,0.5717207731674492
15.25999999999972,15.007305083735812,0.5717068603327927
15.269999999999719,15.016426337872952,0.5720543366808744
15.279999999999719,15.01606156944411,0.5720404407407279
15.289999999999718,15.015696801015265,0.5720265448005815
15.299999999999718,15.015329325896499,0.572012545748438
15.309999999999718,15.022986809914476,0.5723042594253134
15.319999999999718,15.022622676354406,0.572290387670644
15.329999999999718,15.022258542794336,0.5722765159159746
15.339999999999717,15.030975766200166,0.5726086006171491
15.349999999999717,15.030612259038563,0.5725947527252785
15.359999999999717,15.030248751876957,0.5725809048334078
15.369999999999717,15.03474723493721,0.5727522756166555
15.379999999999717,15.034384762745672,0.572738467152216
15.389999999999716,15.034022290554132,0.5727246586877764
15.399999999999716,15.033661101737112,0.5727108991137947
15.409999999999716,15.038143942234823,0.572881673989898
15.419999999999716,15.037782914288554,0.5728679205443258
15.429999999999715,15.037421886342287,0.5728541670987537
15.439999999999715,15.043070630008849,0.5730693573336704
15.449999999999715,15.042710679555832,0.5730556449354602
15.459999999999715,15.042350729102816,0.5730419325372501
15.469999999999715,15.04744917685963,0.573236159118462
15.479999999999714,15.047090386776532,0.5732224909248202
15.489999999999714,15.046731596693437,0.5732088227311785
15.499999999999714,15.046370206673439,0.5731950554923214
15.509999999999714,15.044775954672286,0.5731343220827537
15.519999999999714,15.044418574209764,0.5731207075889434
15.529999999999713,15.044061193747245,0.5731070930951331
15.539999999999713,15.039516250004244,0.572933952381114
15.549999999999713,15.039159561479421,0.572920364246835
15.559999999999713,15.0388028729546,0.5729067761125561
15.569999999999713,15.028480213323334,0.572513531936127
15.579999999999712,15.028124132026306,0.5724999669343355
15.589999999999712,15.027768050729275,0.5724864019325437
15.599999999999712,15.027413417803947,0.572472892106817
15.609999999999712,15.020695782935626,0.5722169822070714
15.619999999999711,15.020340278689552,0.5722034391881734
15.629999999999711,15.019984774443477,0.5721898961692753
15.639999999999711,15.02395788252603,0.5723412526676582
15.64999999999971,15.023602542150934,0.5723277158914641
15.65999999999971,15.023247201775844,0.5723141791152702
15.66999999999971,15.012453331215188,0.5719029840462928
15.67999999999971,15.0120978239991,0.5718894409142514
15.68999999999971,15.011742316783012,0.5718758977822099
15.69999999999971,15.011385106195247,0.5718622897598189
15.70999999999971,15.0115586593595,0.5718689013089333
15.71999999999971,15.011202957553301,0.5718553507639352
15.729999999999709,15.010847255747104,0.5718418002189373
15.739999999999709,15.00110363551572,0.5714706146863131
15.749999999999709,15.00074757162678,0.5714570503476868
15.759999999999708,15.000391507737838,0.5714434860090605
15.769999999999708,14.995594169387225,0.5712607302623705
15.779999999999708,14.99523781344896,0.5712471547980555
15.789999999999708,14.994881457510695,0.5712335793337407
15.799999999999708,14.994531465969137,0.5712202463226338
15.809999999999707,14.991028537994021,0.5710868014473912
15.819999999999707,14.990672144857834,0.5710732245660127
15.829999999999707,14.990315751721647,0.5710596476846341
15.839999999999707,14.983601676072105,0.5708038733741754
15.849999999999707,14.98324525304033,0.5707902953539172
15.859999999999706,14.982888830008552,0.5707767173336591
15.869999999999706,14.990498142923476,0.5710665959208943
15.879999999999706,14.990141839162998,0.5710530224443047
15.889999999999706,14.989785535402527,0.5710394489677153
15.899999999999705,14.989429938973446,0.5710259024370836
15.909999999999705,15.00080631757186,0.5714592882884517
15.919999999999705,15.000450358369719,0.5714457279378939
15.929999999999705,15.00009439916758,0.5714321675873363
15.939999999999705,15.005182436409495,0.5716259975775045
15.949999999999704,15.004826913217954,0.5716124538368744
15.959999999999704,15.00447139002641,0.5715989100962441
15.969999999999704,15.00560827642988,0.5716422200544716
15.979999999999704,15.005253382994333,0.5716287003045459
15.989999999999704,15.004898489558784,0.5716151805546202
15.999999999999703,15.004541361456212,0.5716015756745223
16.009999999999703,15.006567592590104,0.5716787654320039
16.019999999999705,15.006213614105658,0.5716652805373583
16.029999999999706,15.005859635621212,0.5716517956427127
16.039999999999708,15.008822446674738,0.5717646646352281
16.04999999999971,15.008469000093784,0.5717512000035727
16.05999999999971,15.008115553512834,0.5717377353719174
16.069999999999713,15.008730584962093,0.5717611651414131
16.079999999999714,15.008377545380092,0.5717477160144797
16.089999999999716,15.008024505798096,0.5717342668875465
16.099999999999717,15.00767299478715,0.5717208759918914
16.10999999999972,15.006776600802935,0.5716867276496356
16.11999999999972,15.006423971596186,0.5716732941560452
16.129999999999722,15.006071342389436,0.5716598606624547
16.139999999999723,15.009861247606185,0.5718042380040451
16.149999999999725,15.009508869783499,0.5717908140869904
16.159999999999727,15.00915649196081,0.5717773901699356
16.169999999999728,15.007060042268941,0.5716975254197691
16.17999999999973,15.006708213641502,0.5716841224244381
16.18999999999973,15.006356385014062,0.5716707194291071
16.199999999999733,15.006002822479571,0.5716572503801741
16.209999999999734,15.006243780164251,0.5716664297205428
16.219999999999736,15.005892732808823,0.5716530564879551
16.229999999999738,15.005539549200305,0.5716396018742973
16.23999999999974,15.01641645817661,0.5720539603114899
16.24999999999974,15.016066021606939,0.572040610346931
16.259999999999742,15.015715585037272,0.5720272603823722
16.269999999999744,15.016636100304684,0.5720623276306546
16.279999999999745,15.016286439579657,0.5720490072220821
16.289999999999747,15.015936778854629,0.5720356868135096
16.29999999999975,15.015589407861578,0.572022453632822
16.30999999999975,15.028043863857937,0.5724969090993499
16.31999999999975,15.02769530825671,0.5724836307907317
16.329999999999753,15.027346752655488,0.5724703524821138
16.339999999999755,15.034166134890327,0.5727301384720124
16.349999999999756,15.033818427260456,0.5727168924670649
16.359999999999758,15.033470719630582,0.5727036464621174
16.36999999999976,15.029766162000014,0.5725625204571433
16.37999999999976,15.029419469275487,0.5725493131152566
16.389999999999763,15.029072776550958,0.5725361057733698
16.399999999999764,15.028724796114435,0.5725228493757879
16.409999999999766,15.030767276256489,0.5726006581431042
16.419999999999767,15.03042177031117,0.572587496011854
16.42999999999977,15.030076264365855,0.572574333880604
16.43999999999977,15.0345398996829,0.5727443771307771
16.449999999999772,15.034195107545523,0.5727312421922104
16.459999999999773,15.03385031540815,0.5727181072536438
16.469999999999775,15.035058384609671,0.5727641289375113
16.479999999999777,15.034714483225896,0.5727510279324151
16.489999999999778,15.03437058184212,0.5727379269273188
16.49999999999978,15.034028830542205,0.5727249078301792
16.50999999999978,15.027238035154804,0.5724662108630401
16.519999999999783,15.02689536610273,0.5724531568039135
16.529999999999784,15.026552697050656,0.5724401027447868
16.539999999999786,15.026780953172382,0.5724487982160907
16.549999999999788,15.026439123986526,0.5724357761518676
16.55999999999979,15.026097294800666,0.5724227540876443
16.56999999999979,15.006822257806359,0.5716884669640517
16.579999999999792,15.006481310919051,0.5716754785112019
16.589999999999794,15.00614036403174,0.5716624900583519
16.599999999999795,15.005798596490331,0.5716494703424888
16.609999999999797,15.003748013031636,0.5715713528773956
16.6199999999998,15.003408077709627,0.5715584029603668
16.6299999999998,15.003068142387619,0.5715454530433378
16.6399999999998,15.01217134522807,0.571892241722974
16.649999999999803,15.01183211272648,0.5718793185800564
16.659999999999805,15.01149288022489,0.5718663954371387
16.669999999999806,15.018562707008538,0.5721357221717538
16.679999999999808,15.018224394750677,0.57212283408574
16.68999999999981,15.017886082492815,0.5721099459997262
16.69999999999981,15.017552865166522,0.5720972520063436
16.709999999999813,15.020471506066754,0.5722084383263525
16.719999999999814,15.020134397717799,0.5721955961035351
16.729999999999816,15.019794087477845,0.5721826319039178
16.739999999999817,15.023275387908129,0.5723152528726906
16.74999999999982,15.02293917044181,0.5723024445882593
16.75999999999982,15.02260295297549,0.5722896363038281
16.769999999999822,15.021342086691625,0.572241603302538
16.779999999999824,15.021006914996828,0.572228834857022
16.789999999999825,15.020671743302035,0.572216066411506
16.799999999999827,15.020336028268895,0.5722032772673864
16.809999999999828,15.018288768248869,0.5721252864094807
16.81999999999983,15.017955091097043,0.572112574898935
16.82999999999983,15.017621413945218,0.5720998633883891
16.839999999999833,15.021967557422313,0.5722654307589452
16.849999999999834,15.021634879568738,0.5722527573169043
16.859999999999836,15.021302201715166,0.5722400838748634
16.869999999999838,15.022481847547043,0.5722850227636969
16.87999999999984,15.022149887806748,0.5722723766783523
16.88999999999984,15.021817928066447,0.5722597305930075
16.899999999999842,15.021482757268334,0.5722469621816507
16.909999999999844,15.013266759992018,0.5719339718092197
16.919999999999845,15.012935678267839,0.5719213591721081
16.929999999999847,15.012604596543653,0.5719087465349962
16.93999999999985,15.010014130713266,0.57181006212241
16.94999999999985,15.009683678106763,0.5717974734516862
16.95999999999985,15.009353225500258,0.5717848847809621
16.969999999999853,14.99444021005023,0.5712167699066754
16.979999999999855,14.994110424817146,0.5712042066597007
16.989999999999856,14.99378063958406,0.571191643412726
16.999999999999858,14.993450662339166,0.5711790728510158
17.00999999999986,14.983249148437874,0.5707904437500142
17.01999999999986,14.982920210597266,0.5707779127846577
17.029999999999863,14.982591272756656,0.5707653818193011
17.039999999999864,14.990181047078783,0.5710545160791917
17.049999999999866,14.989852748735675,0.5710420094756448
17.059999999999867,14.98952445039257,0.5710295028720979
17.06999999999987,14.994729854562054,0.5712278039833163
17.07999999999987,14.994402381756299,0.5712153288288113
17.089999999999872,14.994074908950546,0.5712028536743065
17.099999999999874,14.993746870175547,0.5711903569590684
17.109999999999875,15.005047645629705,0.5716208626906554
17.119999999999877,15.004721344328331,0.5716084321648888
17.129999999999878,15.004395043026953,0.5715960016391219
17.13999999999988,15.020546427053526,0.5722112924591819
17.14999999999988,15.020221103812714,0.5721988991928653
17.159999999999883,15.019895780571904,0.5721865059265486
17.169999999999884,15.01710081583754,0.5720800310795253
17.179999999999886,15.016776496483836,0.572067676056527
17.189999999999888,15.016452177130128,0.5720553210335286
17.19999999999989,15.016128908847698,0.5720430060513408
17.20999999999989,15.01713857457742,0.5720814695077112
17.219999999999892,15.016815275519313,0.5720691533531167
17.229999999999894,15.016491976461205,0.5720568371985221
17.239999999999895,15.02477357165031,0.5723723265390595
17.249999999999897,15.024450955930904,0.5723600364164153
17.2599999999999,15.0241283402115,0.5723477462937714
17.2699999999999,15.018761959106511,0.572143312727867
17.2799999999999,15.01843989439643,0.5721310435960544
17.289999999999903,15.018117829686352,0.572118774464242
17.299999999999905,15.017795250442118,0.5721064857311282
17.309999999999906,15.011215326626624,0.5718558219667285
17.319999999999908,15.010893852902463,0.5718435753486651
17.32999999999991,15.010572379178297,0.5718313287306017
17.33999999999991,15.011026999296082,0.5718486475922316
17.349999999999913,15.010705916778353,0.5718364158772705
17.359999999999914,15.010384834260625,0.5718241841623095
17.369999999999916,15.010863813964395,0.5718424310081673
17.379999999999917,15.01054336755562,0.5718302235259283
17.38999999999992,15.010222921146847,0.5718180160436893
17.39999999999992,15.009902448553968,0.5718058075639606
17.409999999999922,15.023913297568669,0.5723395541930921
17.419999999999924,15.023593803100683,0.5723273829752641
17.429999999999925,15.023274308632697,0.572315211757436
17.439999999999927,15.027643514136805,0.572481657681402
17.44999999999993,15.02732456998883,0.5724695074281458
17.45999999999993,15.027005625840854,0.5724573571748897
17.46999999999993,15.021684078417909,0.5722546315587774
17.479999999999933,15.021365815872795,0.5722425072713445
17.489999999999934,15.021047553327678,0.5722303829839115
17.499999999999936,15.020729223560847,0.5722182561356512
17.509999999999938,15.028643428914087,0.5725197496729175
17.51999999999994,15.028325963853268,0.5725076557658387
17.52999999999994,15.02800849879245,0.5724955618587599
17.539999999999942,15.030927283381727,0.5726067536526371
17.549999999999944,15.030610429597571,0.5725946830322883
17.559999999999945,15.030293575813419,0.5725826124119398
17.569999999999947,15.017648967250858,0.5721009130381279
17.57999999999995,15.017332787897736,0.57208886811039
17.58999999999995,15.017016608544616,0.572076823182652
17.59999999999995,15.016703107493832,0.5720648802854793
17.609999999999953,15.010461587722316,0.5718271081037073
17.619999999999955,15.010146245705446,0.5718150950744931
17.629999999999956,15.009830903688574,0.571803082045279
17.639999999999958,15.006783330772098,0.5716869840294132
17.64999999999996,15.00646874118205,0.5716749996640781
17.65999999999996,15.006154151592003,0.571663015298743
17.669999999999963,15.007779849745525,0.5717249466569723
17.679999999999964,15.00746610316832,0.5717129944064121
17.689999999999966,15.007152356591115,0.5717010421558519
17.699999999999967,15.006838938246323,0.5716891024093836
17.70999999999997,15.009736850490755,0.5717994990663144
17.71999999999997,15.009424077262356,0.5717875838957087
17.729999999999972,15.009111304033958,0.5717756687251031
17.739999999999974,15.023207278267083,0.5723126582196983
17.749999999999975,15.022895267612935,0.5723007720995403
17.759999999999977,15.022583256958782,0.5722888859793821
17.76999999999998,15.028435297676825,0.572511820863879
17.77999999999998,15.02812425524972,0.5724999716285607
17.78999999999998,15.027813212822615,0.5724881223932424
17.799999999999983,15.027498827729882,0.5724761458182812
17.809999999999985,15.024262948191149,0.5723528742168056
17.819999999999986,15.023953065330732,0.5723410691554564
17.829999999999988,15.023643182470312,0.5723292640941071
17.83999999999999,15.01858468149482,0.5721365592950407
17.84999999999999,15.018275560060996,0.5721247832404188
17.859999999999992,15.01796643862717,0.5721130071857969
17.869999999999994,15.015541371131441,0.5720206236621501
17.879999999999995,15.015232980781393,0.5720088754583388
17.889999999999997,15.014924590431344,0.5719971272545273
17.9,15.014616916116973,0.5719854063282656
17.91,15.011941951584177,0.5718835029174925
17.92,15.01163440351025,0.5718717868003904
17.930000000000003,15.011326855436325,0.5718600706832885
17.940000000000005,15.01749698902166,0.5720951233913013
17.950000000000006,15.017190275975626,0.5720834390847856
17.960000000000008,15.016883562929591,0.5720717547782701
17.97000000000001,15.015666279494882,0.5720253820759954
17.98000000000001,15.01536051972895,0.5720137340849124
17.990000000000013,15.015054759963022,0.5720020860938293
18.000000000000014,15.014746277841278,0.5719903343939534
18.010000000000016,15.01192551508129,0.5718828767650015
18.020000000000017,15.011620973788805,0.5718712751919545
18.03000000000002,15.01131643249632,0.5718596736189074
18.04000000000002,15.02161779459802,0.5722521064608769
18.050000000000022,15.021314166929477,0.5722405396925514
18.060000000000024,15.021010539260939,0.5722289729242261
18.070000000000025,15.024469719232888,0.5723607512088719
18.080000000000027,15.024167216383928,0.5723492272908163
18.09000000000003,15.023864713534966,0.5723377033727606
18.10000000000003,15.023564606328735,0.5723262707172851
18.11000000000003,15.023753308819082,0.572333459383584
18.120000000000033,15.023452281680811,0.5723219916830785
18.130000000000035,15.023151254542535,0.5723105239825728
18.140000000000036,15.026206658412772,0.5724269203204865
18.150000000000038,15.025906860473823,0.5724154994466217
18.16000000000004,15.025607062534872,0.572404078572757
18.17000000000004,15.03192199382492,0.5726446473838064
18.180000000000042,15.031623465130723,0.5726332748621227
18.190000000000044,15.031324936436528,0.5726219023404391
18.200000000000045,15.031027924195197,0.5726105875883883
18.210000000000047,15.029961865174899,0.5725699758161866
18.22000000000005,15.02966499735012,0.5725586665657187
18.23000000000005,15.029368129525341,0.5725473573152511
18.24000000000005,15.035604314315922,0.5727849262596542
18.250000000000053,15.03530854669575,0.5727736589217428
18.260000000000055,15.03501277907558,0.5727623915838316
18.270000000000056,15.02787368123928,0.5724904259519725
18.280000000000058,15.027578973290817,0.5724791989825072
18.29000000000006,15.027284265342356,0.5724679720130421
18.30000000000006,15.026991585072452,0.5724568222884743
18.310000000000063,15.018619989097846,0.5721379043465846
18.320000000000064,15.018326353518573,0.5721267182292789
18.330000000000066,15.018032717939304,0.5721155321119734
18.340000000000067,15.019129356808016,0.5721573088307815
18.35000000000007,15.018836336385625,0.5721461461480237
18.36000000000007,15.018543315963234,0.572134983465266
18.370000000000072,15.014326670750117,0.5719743493619092
18.380000000000074,15.014034334029818,0.5719632127249454
18.390000000000075,15.013741997309518,0.5719520760879816
18.400000000000077,15.013453365672346,0.5719410805970417
18.41000000000008,15.019750702642447,0.5721809791482837
18.42000000000008,15.019459244548358,0.5721698759827946
18.43000000000008,15.019167786454272,0.5721587728173055
18.440000000000083,15.0134948472544,0.5719426608477866
18.450000000000085,15.013203963492764,0.571931579561629
18.460000000000086,15.012913079731124,0.5719204982754713
18.470000000000088,15.005604337273997,0.5716420699913903
18.48000000000009,15.005313925973171,0.5716310067037398
18.49000000000009,15.005023514672349,0.5716199434160895
18.500000000000092,15.00473439804723,0.5716089294494182
18.510000000000094,14.998962013418508,0.5713890290826098
18.520000000000095,14.998671810580735,0.5713779737364089
18.530000000000097,14.998381607742962,0.571366918390208
18.5400000000001,14.994861524287323,0.5712328199728504
18.5500000000001,14.994571382705558,0.5712217669602117
18.5600000000001,14.994281241123797,0.5712107139475732
18.570000000000103,14.984198193335938,0.570826597841369
18.580000000000105,14.983908121321804,0.5708155474789258
18.590000000000106,14.983618049307674,0.5708044971164827
18.600000000000108,14.98333153448635,0.5707935822661466
18.61000000000011,14.993502096957812,0.5711810322650595
18.62000000000011,14.993212135026518,0.5711699860962483
18.630000000000113,14.992922173095224,0.571158939927437
18.640000000000114,15.000192358184266,0.5714358993594005
18.650000000000116,14.999902438971736,0.5714248548179708
18.660000000000117,14.999612519759207,0.5714138102765411
18.67000000000012,15.005472864435042,0.5716370615022872
18.68000000000012,15.005183154246907,0.5716260249236916
18.690000000000122,15.004893444058775,0.5716149883450962
18.700000000000124,15.004602197621825,0.5716038932427361
18.710000000000125,15.001852710374802,0.571499150871421
18.720000000000127,15.00156323919611,0.571488123397947
18.73000000000013,15.001273768017416,0.5714770959244729
18.74000000000013,15.005760996870894,0.571648037976034
18.75000000000013,15.005471782293979,0.5716370202778658
18.760000000000133,15.005182567717064,0.5716260025796976
18.770000000000135,15.007210815882445,0.5717032691764741
18.780000000000136,15.006922101727866,0.5716922705420139
18.790000000000138,15.006633387573288,0.5716812719075538
18.80000000000014,15.006347463033347,0.5716703795441275
18.81000000000014,15.003222914061174,0.5715513491070923
18.820000000000142,15.00293480887858,0.5715403736715648
18.830000000000144,15.002646703695989,0.5715293982360377
18.840000000000146,14.997318417009582,0.5713264158860792
18.850000000000147,14.997030615975227,0.5713154520371514
18.86000000000015,14.996742814940875,0.5713044881882238
18.87000000000015,14.995465225373215,0.5712558181094557
18.88000000000015,14.995177905931815,0.5712448726069262
18.890000000000153,14.994890586490412,0.5712339271043966
18.900000000000155,14.994601375140695,0.5712229095291693
18.910000000000156,14.99908468625644,0.5713937023335787
18.920000000000158,14.998798297522297,0.5713827922865636
18.93000000000016,14.998511908788156,0.5713718822395487
18.94000000000016,15.006047785707654,0.5716589632650534
18.950000000000163,15.00576205685524,0.57164807835639
18.960000000000164,15.005476328002823,0.5716371934477266
18.970000000000166,15.011361668157535,0.5718613968821917
18.980000000000167,15.011076684436036,0.571850540359468
18.99000000000017,15.010791700714538,0.5718396838367442
19.00000000000017,15.010507751333781,0.5718288667174773
19.010000000000172,15.009710829534235,0.5717985077917803
19.020000000000174,15.009426964518193,0.5717876938864073
19.030000000000175,15.009143955704245,0.5717769125982569
19.040000000000177,15.013360737007988,0.5719375518860185
19.05000000000018,15.013077784139835,0.5719267727291365
19.06000000000018,15.012794831271682,0.5719159935722545
19.07000000000018,15.02060916934506,0.5722136826417165
19.080000000000183,15.020327047178501,0.5722029351306095
19.090000000000185,15.020044925011941,0.5721921876195025
19.100000000000186,15.019761411599905,0.5721813871085678
19.110000000000188,15.010961489499628,0.5718461519809381
19.12000000000019,15.010680298329534,0.5718354399363632
19.13000000000019,15.010396531560986,0.5718246297737518
19.140000000000192,15.002158508442946,0.571510800321636
19.150000000000194,15.001878069309864,0.57150011692609
19.160000000000196,15.001597630176779,0.5714894335305439
19.170000000000197,15.003734473012837,0.5715708370671556
19.1800000000002,15.003454826463958,0.5715601838652936
19.1900000000002,15.00317517991508,0.5715495306634316
19.200000000000202,15.002896802250968,0.5715389258000368
19.210000000000203,14.997801583132961,0.5713448222145889
19.220000000000205,14.997523144984118,0.571334215047014
19.230000000000206,14.99724470683527,0.5713236078794388
19.240000000000208,14.999036418907162,0.5713918635774157
19.25000000000021,14.998758862883548,0.5713812900146114
19.26000000000021,14.998481306859937,0.571370716451807
19.270000000000213,15.005765700035047,0.5716482171441922
19.280000000000214,15.005489136357909,0.5716376813850631
19.290000000000216,15.00521257268077,0.5716271456259341
19.300000000000217,15.004935016508671,0.5716165720574732
19.31000000000022,15.011361721580315,0.5718613989173452
19.32000000000022,15.011086441524087,0.5718509120580604
19.330000000000222,15.010811161467862,0.5718404251987756
19.340000000000224,15.019293638377064,0.572163567176269
19.350000000000225,15.019019351318523,0.5721531181454674
19.360000000000227,15.01874506425998,0.5721426691146658
19.37000000000023,15.011985232480233,0.5718851517135326
19.38000000000023,15.01171210184792,0.5718747467370635
19.39000000000023,15.011438971215604,0.5718643417605944
19.400000000000233,15.011171773799994,0.5718541628114283
19.410000000000235,15.019252029499658,0.5721619820761774
19.420000000000236,15.018980644039663,0.5721516435824633
19.430000000000238,15.01870925857967,0.5721413050887493
19.44000000000024,15.021289840591123,0.5722396129748999
19.45000000000024,15.021019558303351,0.5722293165067943
19.460000000000242,15.020749276015577,0.5722190200386886
19.470000000000244,15.019122004167874,0.5721570287302047
19.480000000000246,15.018852622710785,0.5721467665794584
19.490000000000247,15.018583241253697,0.5721365044287122
19.50000000000025,15.018313151211345,0.5721262152842417
19.51000000000025,15.016453137063655,0.5720553576024249
19.520000000000252,15.016184678128145,0.5720451305953579
19.530000000000253,15.015916219192633,0.5720349035882907
19.540000000000255,15.013312671454267,0.5719357208173054
19.550000000000257,15.013044733088721,0.571925513641475
19.560000000000258,15.012776794723175,0.5719153064656447
19.57000000000026,15.0101452733542,0.5718150580325408
19.58000000000026,15.009877867007619,0.5718048711240997
19.590000000000263,15.00961046066104,0.5717946842156586
19.600000000000264,15.009341659930064,0.5717844441878119
19.610000000000266,15.00477359249602,0.5716104225712769
19.620000000000267,15.004506768703418,0.5716002578553683
19.63000000000027,15.004239944910816,0.5715900931394596
19.64000000000027,15.00398511755371,0.5715803854306174
19.650000000000272,15.003718836879594,0.5715702414049368
19.660000000000274,15.003452556205481,0.5715600973792564
19.670000000000275,14.9919694805992,0.5711226468799695
19.680000000000277,14.991703913686013,0.5711125300451814
19.69000000000028,14.991438346772828,0.5711024132103933
19.70000000000028,14.991172551111996,0.5710922876614093
19.71000000000028,14.993253834943214,0.5711715746645033
19.720000000000283,14.992989277681366,0.5711614962926234
19.730000000000285,14.99272422533987,0.5711513990605664
19.740000000000286,15.014728773078538,0.571989667545849
19.750000000000288,15.014465020873333,0.5719796198427936
19.76000000000029,15.014201268668124,0.571969572139738
19.77000000000029,15.017965064432754,0.5721129548355335
19.780000000000292,15.017701982065358,0.5721029326501088
19.790000000000294,15.017438899697966,0.5720929104646844
19.800000000000296,15.017174627017763,0.5720828429340099
19.810000000000297,15.013958942691268,0.571960340673953
19.8200000000003,15.013696742359983,0.5719503520899041
19.8300000000003,15.013434542028696,0.571940363505855
19.840000000000302,15.010634717307203,0.5718337035164648
19.850000000000303,15.010373293443115,0.5718237445121186
19.860000000000305,15.010111869579028,0.5718137855077724
19.870000000000307,15.004389393187516,0.5715957864071434
19.880000000000308,15.004128737590829,0.5715858566701267
19.89000000000031,15.003868081994138,0.57157592693311
19.90000000000031,15.003606105884474,0.5715659468908371
19.910000000000313,15.000203950583769,0.5714363409746197
19.920000000000314,14.999944241656449,0.571426447301198
19.930000000000316,14.999684532729129,0.5714165536277763
19.940000000000317,14.998037112026715,0.5713537947438748
19.95000000000032,14.997778081854168,0.5713439269277778
19.96000000000032,14.99751905168162,0.5713340591116807
19.970000000000322,14.996204061961336,0.5712839642651937
19.980000000000324,14.995945820491603,0.5712741264949182
19.990000000000325,14.995687579021864,0.5712642887246424
20.000000000000327,14.995428834805256,0.571254431802105
20.01000000000033,14.990403684748772,0.5710629975142388
20.02000000000033,14.990146481017247,0.5710531992768474
20.03000000000033,14.989889277285723,0.5710434010394561
20.040000000000333,14.983756291932501,0.5708097635021905
20.050000000000335,14.98349982859372,0.5707999934702369
20.060000000000336,14.983243365254935,0.5707902234382832
20.070000000000338,14.97957707849358,0.5706505553711839
20.08000000000034,14.97932130566615,0.5706408116444247
20.09000000000034,14.979065532838723,0.5706310679176656
20.100000000000342,14.978810612897156,0.5706213566817964
20.110000000000344,14.985772642365134,0.5708865768520051
20.120000000000346,14.98551773469189,0.5708768660835005
20.130000000000347,14.985262827018644,0.5708671553149959
20.14000000000035,15.000043019096669,0.5714302102513016
20.15000000000035,14.9997888740556,0.5714205285354513
20.160000000000352,14.99953472901453,0.5714108468196011
20.170000000000353,15.003949422024302,0.5715790256009258
20.180000000000355,15.003696106606611,0.5715693754897756
20.190000000000357,15.003442791188922,0.5715597253786255
20.200000000000358,15.003189306061891,0.5715500688023577
20.21000000000036,15.013517142327183,0.5719435101838927
20.22000000000036,15.013264738730507,0.5719338948087812
20.230000000000363,15.013012335133833,0.5719242794336697
20.240000000000364,15.013909606654025,0.5719584612058676
20.250000000000366,15.013657821717576,0.5719488693987648
20.260000000000367,15.013406036781124,0.5719392775916619
20.27000000000037,15.013450551913131,0.5719409734062144
20.28000000000037,15.01319937618797,0.5719314048071606
20.290000000000372,15.012948200462809,0.571921836208107
20.300000000000374,15.01269860416274,0.5719123277776281
20.310000000000375,15.010085996595395,0.5718127998703006
20.320000000000377,15.009835585947304,0.5718032604170401
20.33000000000038,15.009585175299215,0.5717937209637796
20.34000000000038,14.995091669909103,0.5712415874251087
20.35000000000038,14.994841691091876,0.5712320644225476
20.360000000000383,14.994591712274653,0.5712225414199867
20.370000000000385,14.997394430705597,0.5713293116459275
20.380000000000386,14.997144884216391,0.5713198051130053
20.390000000000388,14.996895337727182,0.5713102985800831
20.40000000000039,14.996645991009755,0.5713007996575145
20.41000000000039,14.990316828852512,0.5710596887181909
20.420000000000393,14.990067925187134,0.5710502066737955
20.430000000000394,14.989819021521754,0.5710407246294001
20.440000000000396,14.998707120954938,0.5713793188935214
20.450000000000397,14.99845875033404,0.5713698571555824
20.4600000000004,14.99821037971314,0.5713603954176434
20.4700000000004,15.01124918387029,0.5718571117664872
20.480000000000402,15.011001602920341,0.5718476801112511
20.490000000000403,15.010754021970394,0.5718382484560149
20.500000000000405,15.010504787136112,0.5718287537956613
20.510000000000407,15.01901663980558,0.5721530148497364
20.520000000000408,15.018770132081652,0.572143624079301
20.53000000000041,15.018523624357728,0.5721342333088658
20.54000000000041,15.016262959885928,0.5720481127575591
20.550000000000413,15.016017262871587,0.5720387528712985
20.560000000000414,15.015771565857245,0.5720293929850379
20.570000000000416,15.010306559534598,0.5718212022679846
20.580000000000418,15.010061811208626,0.5718118785222334
20.59000000000042,15.009817062882655,0.571802554776482
20.60000000000042,15.009573112039236,0.5717932614110185
20.610000000000422,15.007705705819523,0.571722122126458
20.620000000000424,15.00746156884591,0.5717128216703203
20.630000000000425,15.007217431872299,0.5717035212141828
20.640000000000427,15.008258839656136,0.5717431938916623
20.65000000000043,15.008015315172566,0.5717339167684786
20.66000000000043,15.007771790688995,0.571724639645295
20.67000000000043,15.004608800568406,0.5716041447835583
20.680000000000433,15.00436589014989,0.5715948910533291
20.690000000000435,15.004122979731378,0.5715856373231001
20.700000000000436,15.003882031730576,0.571576458351641
20.710000000000438,15.00191559281475,0.5715015463929428
20.72000000000044,15.00167353152678,0.5714923250105439
20.73000000000044,15.001431470238812,0.5714831036281451
20.740000000000443,15.003270094191667,0.5715531464453968
20.750000000000444,15.003028682055694,0.5715439497925978
20.760000000000446,15.002787269919716,0.5715347531397986
20.770000000000447,15.001823415045621,0.5714980348588807
20.78000000000045,15.001582676553674,0.5714888638687113
20.79000000000045,15.00134193806173,0.5714796928785421
20.800000000000452,15.00110213081267,0.5714705573642922
20.810000000000453,15.000753783146484,0.5714572869770088
20.820000000000455,15.000513862545528,0.5714481471445915
20.830000000000457,15.000273834305057,0.5714390032116212
20.840000000000458,15.0123890116956,0.57190053377888
20.85000000000046,15.012150138924383,0.5718914338637859
20.86000000000046,15.011911266153167,0.571882333948692
20.870000000000463,15.019608283256556,0.5721755536478688
20.880000000000464,15.019370946026335,0.5721665122295746
20.890000000000466,15.019133608796114,0.5721574708112804
20.900000000000468,15.018899579236153,0.5721485553994725
20.91000000000047,15.016269813417612,0.5720483738444804
20.92000000000047,15.016034151505687,0.5720393962478356
20.930000000000472,15.015798489593763,0.572030418651191
20.940000000000474,15.020321907321106,0.5722027393265183
20.950000000000475,15.020087337827473,0.5721938033458084
20.960000000000477,15.019852768333838,0.5721848673650985
20.97000000000048,15.015810528895136,0.5720308772912432
20.98000000000048,15.015577196513991,0.5720219884386282
20.99000000000048,15.015343864132843,0.572013099586013
21.000000000000483,15.01511245240854,0.5720042839012777
21.010000000000485,15.024428714430611,0.5723591891211661
21.020000000000486,15.024196869891458,0.572350356948246
21.030000000000488,15.023965025352306,0.5723415247753258
21.04000000000049,15.03215535550844,0.5726535373527024
21.05000000000049,15.031924625939341,0.572644747654832
21.060000000000493,15.031693896370241,0.5726359579569615
21.070000000000494,15.032949124144858,0.5726837761578993
21.080000000000496,15.032719428204441,0.5726750258363597
21.090000000000497,15.032489732264017,0.5726662755148196
21.1000000000005,15.03226185783599,0.5726575945842282
21.1100000000005,15.036139099482229,0.5728052990278943
21.120000000000502,15.035910574750849,0.5727965933238418
21.130000000000503,15.035682050019473,0.5727878876197894
21.140000000000505,15.026096723552834,0.5724227323258222
21.150000000000507,15.025868993288448,0.572414056887179
21.160000000000508,15.025641263024065,0.5724053814485358
21.17000000000051,15.025970010391017,0.5724179051577529
21.18000000000051,15.025743006819289,0.5724092574026395
21.190000000000513,15.025516003247557,0.5724006096475259
21.200000000000514,15.025289539003115,0.5723919824382139
21.210000000000516,15.02484689174461,0.5723751196855089
21.220000000000518,15.024620604744728,0.5723664992283706
21.23000000000052,15.024394317744846,0.5723578787712322
21.24000000000052,15.03087689074433,0.5726048339331173
21.250000000000522,15.030651353065563,0.5725962420215452
21.260000000000524,15.030425815386796,0.5725876501099731
21.270000000000525,15.019282516505633,0.5721631434859289
21.280000000000527,15.019058166087918,0.5721545968033492
21.29000000000053,15.018833815670202,0.5721460501207696
21.30000000000053,15.018611757258165,0.572137590752692
21.31000000000053,15.019669335323854,0.5721778794409087
21.320000000000533,15.019446271651391,0.5721693817771958
21.330000000000535,15.019223207978925,0.5721608841134828
21.340000000000536,15.017086704155519,0.5720794934916388
21.350000000000538,15.016864450976877,0.572071026703881
21.36000000000054,15.016642197798232,0.5720625599161231
21.37000000000054,15.018439633021224,0.5721310336389037
21.380000000000543,15.01821803541568,0.5721225918253592
21.390000000000544,15.01799643781014,0.5721141500118148
21.400000000000546,15.017772914957119,0.5721056348555092
21.410000000000547,15.020331084106772,0.5722030889183531
21.42000000000055,15.02011013204971,0.5721946716971318
21.43000000000055,15.019889179992656,0.5721862544759106
21.440000000000552,15.029563650673982,0.5725548057399612
21.450000000000554,15.029343106216704,0.5725464040463506
21.460000000000555,15.029122561759428,0.57253800235274
21.470000000000557,15.026636137643385,0.5724432814340337
21.480000000000558,15.026415891294892,0.5724348910969482
21.49000000000056,15.026195644946398,0.5724265007598627
21.50000000000056,15.025974258470885,0.572418066989367
21.510000000000563,15.024081651864208,0.572345967690065
21.520000000000564,15.023861693653876,0.5723375883296714
21.530000000000566,15.023641735443542,0.5723292089692777
21.540000000000568,15.018763425627013,0.5721433685953147
21.55000000000057,15.018543685669098,0.5721349975492989
21.56000000000057,15.018323945711181,0.572126626503283
21.570000000000572,15.011078867207662,0.5718506235126728
21.580000000000574,15.010859194291484,0.5718422550206279
21.590000000000575,15.010639521375309,0.5718338865285831
21.600000000000577,15.01041786203797,0.5718254423633512
21.61000000000058,15.009927518937252,0.5718067626261809
21.62000000000058,15.009707578312117,0.5717983839356996
21.63000000000058,15.00948763768698,0.5717900052452183
21.640000000000583,15.013978742977205,0.5719610949705601
21.650000000000585,15.013759128972849,0.5719527287227751
21.660000000000586,15.013539514968496,0.5719443624749903
21.670000000000588,15.020418104296155,0.5722064039731868
21.68000000000059,15.020199704594356,0.5721980839845469
21.69000000000059,15.019981304892555,0.5721897639959068
21.700000000000593,15.019760199975757,0.5721813409514573
21.710000000000594,15.027848663456414,0.5724894728935777
21.720000000000596,15.027631813421344,0.5724812119398607
21.730000000000597,15.02741496338627,0.5724729509861436
21.7400000000006,15.031528596483113,0.5726296608184043
21.7500000000006,15.03131286107395,0.5726214423266266
21.760000000000602,15.031097125664784,0.5726132238348489
21.770000000000604,15.034843363387651,0.5727559376528628
21.780000000000605,15.03462860485949,0.5727477563755996
21.790000000000607,15.034413846331327,0.5727395750983363
21.80000000000061,15.034197605274679,0.5727313373437972
21.81000000000061,15.041898521116408,0.5730247055663393
21.82000000000061,15.041685034826166,0.5730165727552825
21.830000000000613,15.041471548535926,0.5730084399442257
21.840000000000614,15.043788699720826,0.5730967123703171
21.850000000000616,15.043576055629226,0.573088611643018
21.860000000000618,15.04336341153763,0.5730805109157192
21.87000000000062,15.035090513560274,0.5727653528975342
21.88000000000062,15.034878495342854,0.572757276013061
21.890000000000622,15.03466647712543,0.5727491991285878
21.900000000000624,15.03445625129534,0.5727411905255367
21.910000000000625,15.017887302497558,0.5721099924760974
21.920000000000627,15.017676045541677,0.5721019445920639
21.93000000000063,15.017466761871738,0.5720939718808281
21.94000000000063,15.014287351337456,0.5719728514795221
21.95000000000063,15.014076557850672,0.5719648212514541
21.960000000000633,15.013865764363889,0.5719567910233861
21.970000000000635,15.01094569172473,0.5718455501609421
21.980000000000636,15.010735406902391,0.5718375393105672
21.990000000000638,15.010525122080054,0.5718295284601925
22.00000000000064,15.010313754079974,0.5718214763459037
22.01000000000064,15.009014656878964,0.5717719869287224
22.020000000000643,15.008805022643301,0.5717640008626019
22.030000000000644,15.008595388407633,0.5717560147964812
22.040000000000646,15.011527331979492,0.571867707884933
22.050000000000647,15.011318319606104,0.5718597455088039
22.06000000000065,15.01110930723272,0.571851783132675
22.07000000000065,15.009680633610243,0.5717973574708664
22.080000000000652,15.009472386594455,0.5717894242512173
22.090000000000654,15.009264139578667,0.5717814910315682
22.100000000000655,15.009058731188345,0.5717736659500321
22.110000000000657,15.022486097190441,0.5722851846548739
22.12000000000066,15.022279103014776,0.5722772991624676
22.13000000000066,15.02207210883911,0.5722694136700612
22.14000000000066,15.027032793517098,0.5724583921339846
22.150000000000663,15.026826606295657,0.5724505373826917
22.160000000000664,15.02662041907422,0.5724426826313989
22.170000000000666,15.024249475755624,0.5723523609811666
22.180000000000668,15.024043821689036,0.5723445265405347
22.19000000000067,15.023838167622447,0.5723366920999027
22.20000000000067,15.023631756946344,0.5723288288360512
22.210000000000672,15.016474470949065,0.5720561703218691
22.220000000000674,15.01626932338941,0.5720483551767394
22.230000000000675,15.016064175829754,0.5720405400316096
22.240000000000677,15.01529016317848,0.5720110538353707
22.25000000000068,15.015085348133507,0.5720032513574669
22.26000000000068,15.01488053308853,0.571995448879563
22.27000000000068,15.00803352339366,0.5717346104149965
22.280000000000683,15.007828874850848,0.5717268142800322
22.290000000000685,15.007624226308033,0.5717190181450679
22.300000000000686,15.007418081806762,0.5717111650212099
22.310000000000688,15.016740694518797,0.5720663121721445
22.32000000000069,15.016536474168944,0.572058532349293
22.33000000000069,15.016332253819092,0.5720507525264416
22.340000000000693,15.01971103251766,0.5721794679054346
22.350000000000694,15.019507166426873,0.5721717015781665
22.360000000000696,15.019303300336084,0.5721639352508984
22.370000000000697,15.01969981742078,0.5721790406636487
22.3800000000007,15.019496210271672,0.5721712842008255
22.3900000000007,15.019292603122567,0.5721635277380025
22.400000000000702,15.019088582947694,0.5721557555408645
22.410000000000704,15.007814949196407,0.5717262837789107
22.420000000000705,15.007611491408827,0.5717185330060505
22.430000000000707,15.007408033621244,0.5717107822331902
22.44000000000071,14.995409996397582,0.5712537141484793
22.45000000000071,14.995206663586371,0.5712459681366236
22.46000000000071,14.995003330775155,0.5712382221247678
22.470000000000713,14.99564481261695,0.5712626595282647
22.480000000000715,14.995441714666574,0.5712549224634885
22.490000000000716,14.995238616716199,0.5712471853987122
22.500000000000718,14.995034270552225,0.5712394007829419
22.51000000000072,15.007023142080858,0.5716961196983184
22.52000000000072,15.006820275447797,0.5716883914456303
22.530000000000722,15.00661511986828,0.5716805759949821
22.540000000000724,15.009746668351928,0.5717998730800734
22.550000000000725,15.009544024756485,0.5717921533240565
22.560000000000727,15.009341381161043,0.5717844335680397
22.57000000000073,15.007375613182862,0.5717095471688709
22.58000000000073,15.007172918263935,0.5717018254576737
22.59000000000073,15.006970223345007,0.5716941037464764
22.600000000000733,15.006763190409105,0.5716862167774897
22.610000000000735,15.015980568917128,0.5720373550063667
22.620000000000736,15.01577795079397,0.5720296362207226
22.630000000000738,15.015575332670815,0.5720219174350787
22.64000000000074,15.01464560719155,0.5719864993215829
22.65000000000074,15.0144430407997,0.5719787825066551
22.660000000000743,15.014240474407847,0.5719710656917275
22.670000000000744,15.014015114605835,0.5719624805564127
22.680000000000746,15.013812482907285,0.5719547612536108
22.690000000000747,15.013609851208736,0.5719470419508089
22.70000000000075,15.01340659909205,0.5719392990130304
22.71000000000075,15.013562451104804,0.5719452362325639
22.720000000000752,15.013359722036851,0.5719375132204514
22.730000000000754,15.013156992968899,0.5719297902083389
22.740000000000755,15.016757769021755,0.5720669626294002
22.750000000000757,15.016555033641774,0.5720592393768295
22.76000000000076,15.016352298261793,0.5720515161242588
22.77000000000076,15.016946653270796,0.5720741582198399
22.78000000000076,15.016743652182647,0.5720664248450532
22.790000000000763,15.016540651094495,0.5720586914702664
22.800000000000765,15.016338296586722,0.5720509827271132
22.810000000000766,15.008383927968111,0.5717479591606899
22.820000000000768,15.008180636595533,0.5717402147274488
22.83000000000077,15.007977345222953,0.5717324702942077
22.84000000000077,15.00921146979693,0.5717794845636925
22.850000000000772,15.00900818379174,0.5717717403349234
22.860000000000774,15.008804897786549,0.5717639961061541
22.870000000000775,15.017273012774055,0.5720865909628211
22.880000000000777,15.017070040514623,0.5720788586862713
22.89000000000078,15.016867068255188,0.5720711264097214
22.90000000000078,15.016663878252798,0.5720633858382018
22.91000000000078,15.031419742026648,0.5726255139819675
22.920000000000783,15.031217265888182,0.572617800605264
22.930000000000785,15.031014789749715,0.5726100872285605
22.940000000000786,15.046338444790644,0.573193845515834
22.950000000000788,15.046136402702057,0.573186148674364
22.96000000000079,15.045934360613476,0.5731784518328943
22.97000000000079,15.051871030026007,0.5734046106676574
22.980000000000793,15.05166936481723,0.5733969281835134
22.990000000000794,15.051467699608455,0.5733892456993697
23.000000000000796,15.051267244846565,0.5733816093274882
23.010000000000797,15.049322872059392,0.5733075379832149
23.0200000000008,15.049121648570921,0.5732998723265113
23.0300000000008,15.048920425082454,0.5732922066698077
23.040000000000802,15.044871397228114,0.5731379579896424
23.050000000000804,15.044670264005024,0.5731302957716199
23.060000000000805,15.044469130781934,0.5731226335535974
23.070000000000807,15.030265768722302,0.5725815530941829
23.08000000000081,15.030064329449226,0.5725738792171133
23.09000000000081,15.029862890176151,0.5725662053400438
23.10000000000081,15.029661607747201,0.5725585374379886
23.110000000000813,15.017331860357556,0.5720888327755259
23.120000000000815,15.017130005909578,0.5720811430822696
23.130000000000816,15.0169281514616,0.5720734533890133
23.140000000000818,15.006805995666786,0.5716878474539727
23.15000000000082,15.006603751394087,0.5716801429102508
23.16000000000082,15.006401507121389,0.571672438366529
23.170000000000822,14.995320589386107,0.5712503081670898
23.180000000000824,14.995117685097501,0.5712425784799048
23.190000000000826,14.994914780808896,0.5712348487927198
23.200000000000827,14.99471297525345,0.5712271609620361
23.21000000000083,14.996820440462054,0.5713074453509354
23.22000000000083,14.996616608141967,0.5712996803101701
23.23000000000083,14.99641700930711,0.5712920765450328
23.240000000000833,14.992493898043012,0.5711426246873528
23.250000000000835,14.992290019373177,0.5711348578808829
23.260000000000836,14.99208614070334,0.5711270910744128
23.270000000000838,14.99502686826139,0.57123911879091
23.28000000000084,14.99482335697266,0.5712313659799108
23.29000000000084,14.994619845683928,0.5712236131689115
23.300000000000843,14.994416918402965,0.5712158826058272
23.310000000000844,14.99980053097213,0.571420972608462
23.320000000000846,14.999597332814268,0.5714132317262578
23.330000000000847,14.999394134656407,0.5714054908440536
23.34000000000085,15.007570093420247,0.5717169559398189
23.35000000000085,15.007367096196687,0.5717092227122547
23.360000000000852,15.007164098973124,0.5717014894846904
23.370000000000854,15.009892324122092,0.5718054218713178
23.380000000000855,15.009689285537664,0.5717976870681014
23.390000000000857,15.009486246953237,0.5717899522648852
23.40000000000086,15.00928353544338,0.5717822299216525
23.41000000000086,15.008520000712352,0.57175314288428
23.42000000000086,15.00831684584858,0.5717454036513744
23.430000000000863,15.008112476128597,0.5717376181382322
23.440000000000865,15.012893321210894,0.5719197455699387
23.450000000000866,15.012690051458648,0.5719120019603294
23.460000000000868,15.012486781706404,0.5719042583507201
23.47000000000087,15.007732654142304,0.5717231487292306
23.48000000000087,15.007529079568585,0.5717153935073745
23.490000000000872,15.007325504994864,0.5717076382855185
23.500000000000874,15.007119532383493,0.5716997917098473
23.510000000000876,15.009669220104133,0.5717969226706335
23.520000000000877,15.009465438819356,0.5717891595740706
23.53000000000088,15.009261423632047,0.5717813875669351
23.54000000000088,15.008096930254899,0.5717370259144723
23.550000000000882,15.007893221250454,0.5717292655714458
23.560000000000883,15.007689512246003,0.5717215052284191
23.570000000000885,14.998926762263775,0.5713876861814771
23.580000000000886,14.99872288786527,0.5713799195377245
23.590000000000888,14.998519013466765,0.5713721528939719
23.60000000000089,14.998316704517416,0.5713644458863777
23.61000000000089,14.988806935201433,0.5710021689600545
23.620000000000893,14.988602853822309,0.570994394431326
23.630000000000894,14.988398772443185,0.5709866199025975
23.640000000000896,15.001462375956466,0.5714842809888177
23.650000000000897,15.001258705677722,0.571476522121056
23.6600000000009,15.001055035398977,0.5714687632532943
23.6700000000009,15.016860653093831,0.5720708820226221
23.680000000000902,15.016658215106942,0.572063170099312
23.690000000000904,15.01645577712005,0.5720554581760019
23.700000000000905,15.016255015106486,0.5720478100992946
23.710000000000907,15.03138448243549,0.5726241707594472
23.72000000000091,15.031183505886203,0.5726165145099505
23.73000000000091,15.03098252933691,0.5726088582604537
23.74000000000091,15.038814072748979,0.5729072027713896
23.750000000000913,15.038614221452026,0.5728995893886485
23.760000000000915,15.038414370155074,0.5728919760059076
23.770000000000916,15.037602404097399,0.5728610439656151
23.780000000000918,15.03740325258707,0.5728534572414121
23.79000000000092,15.037204101076743,0.5728458705172091
23.80000000000092,15.037005105856265,0.5728382897469053
23.810000000000922,15.034595757854756,0.5727465050611336
23.820000000000924,15.034397212186674,0.5727389414166352
23.830000000000926,15.034198072648431,0.5727313551485116
23.840000000000927,15.031293244397778,0.5726206950246772
23.85000000000093,15.031095073971262,0.5726131456750956
23.86000000000093,15.030896903544747,0.5726055963255141
23.870000000000932,15.008184070288705,0.5717403455348078
23.880000000000933,15.007986002803273,0.5717328001067913
23.890000000000935,15.007787935317843,0.5717252546787749
23.900000000000936,15.007588823725614,0.5717176694752615
23.910000000000938,14.998831530742477,0.5713840583139991
23.92000000000094,14.998633373311518,0.5713765094594864
23.93000000000094,14.998435215880559,0.5713689606049736
23.940000000000943,14.999818786098393,0.5714216680418435
23.950000000000944,14.999620586469796,0.5714141175798017
23.960000000000946,14.999422386841198,0.5714065671177598
23.970000000000947,15.007847094156775,0.5717275083488295
23.98000000000095,15.007648482588063,0.5717199421938309
23.99000000000095,15.007449871019354,0.5717123760388325
24.000000000000952,15.007248451952023,0.5717047029315055
24.010000000000954,15.012099297894732,0.5718894970626565
24.020000000000955,15.011900215891128,0.5718819129863286
24.030000000000957,15.01170112299679,0.5718743284951158
24.04000000000096,15.012584053995424,0.5719079639617304
24.05000000000096,15.012385006332146,0.5719003811936055
24.06000000000096,15.01218595866887,0.5718927984254807
24.070000000000963,15.0062678766994,0.5716673476837866
24.080000000000965,15.006069276468164,0.5716597819606919
24.090000000000966,15.00587067623693,0.5716522162375972
24.100000000000968,15.005669787638066,0.5716445633385929
24.11000000000097,15.005676906298595,0.5716448345256607
24.12000000000097,15.005478777469861,0.5716372867607565
24.130000000000972,15.005280648641124,0.5716297389958522
24.140000000000974,15.019829422170417,0.5721839779874445
24.150000000000976,15.019631644721693,0.5721764436084454
24.160000000000977,15.01943386727297,0.5721689092294464
24.17000000000098,15.012765082213956,0.5719148602748173
24.18000000000098,15.012567477222344,0.5719073324656131
24.190000000000982,15.012369872230735,0.5718998046564089
24.200000000000983,15.012172039766375,0.5718922681815761
24.210000000000985,15.008125090915819,0.5717380987015549
24.220000000000987,15.007927631595873,0.5717305764417475
24.230000000000988,15.007730172275927,0.57172305418194
24.24000000000099,15.000618095053493,0.5714521179067997
24.25000000000099,15.000420762239688,0.5714446004662738
24.260000000000993,15.000223429425883,0.5714370830257479
24.270000000000994,14.984621646554901,0.5708427293925676
24.280000000000996,14.984423950799602,0.570835198125699
24.290000000000997,14.984226255044303,0.5708276668588306
24.300000000001,14.984026339013832,0.5708200510100507
24.310000000001,14.985479136815231,0.5708753956881992
24.320000000001002,14.985281149011955,0.5708678532956935
24.330000000001004,14.985083161208685,0.5708603109031879
24.340000000001005,14.982616488048663,0.5707663424018538
24.350000000001007,14.982418256168113,0.5707587907111662
24.36000000000101,14.98222002428757,0.5707512390204788
24.37000000000101,14.97912483919349,0.570633327207371
24.38000000000101,14.978926112684059,0.5706257566736784
24.390000000001013,14.978727386174631,0.5706181861399859
24.400000000001015,14.9785282667085,0.5706106006365143
24.410000000001016,14.976862268396888,0.5705471340341671
24.420000000001018,14.976662840217932,0.5705395367702069
24.43000000000102,14.976464164056342,0.5705319681545272
24.44000000000102,14.982119429488572,0.5707474068376598
24.450000000001022,14.981920001189229,0.5707398095691134
24.460000000001024,14.981720572889886,0.570732212300567
24.470000000001026,14.977698506681383,0.5705789907307193
24.480000000001027,14.977499479133057,0.5705714087288783
24.49000000000103,14.977300451584732,0.5705638267270373
24.50000000000103,14.977099748957844,0.5705561809126797
24.510000000001032,14.985934360737177,0.5708927375518924
24.520000000001033,14.985735791612575,0.5708851730138124
24.530000000001035,14.985537222487974,0.5708776084757323
24.540000000001037,14.991771188104037,0.5711150928801537
24.550000000001038,14.991572926863522,0.5711075400709913
24.56000000000104,14.991374665623002,0.5710999872618286
24.57000000000104,14.991682780725327,0.5711117249800124
24.580000000001043,14.991484482636368,0.5711041707670996
24.590000000001044,14.991286184547407,0.5710966165541869
24.600000000001046,14.991088810293999,0.5710890975350094
24.610000000001047,14.991335823647711,0.5710985075675318
24.62000000000105,14.991137172821816,0.5710909399170215
24.63000000000105,14.990938521995915,0.571083372266511
24.640000000001052,14.987318869169293,0.5709454807302587
24.650000000001054,14.987119743157962,0.5709378949774461
24.660000000001055,14.986920617146636,0.5709303092246337
24.670000000001057,14.994125966710696,0.5712047987318359
24.68000000000106,14.993926179685959,0.5711971877975602
24.69000000000106,14.993726392661221,0.5711895768632845
24.70000000000106,14.99352521208032,0.5711819128411549
24.710000000001063,14.986742789765453,0.5709235348482077
24.720000000001065,14.986542195511987,0.5709158931623614
24.730000000001066,14.986341601258518,0.5709082514765149
24.740000000001068,14.988898981107909,0.5710056754707774
24.75000000000107,14.988697918271365,0.5709980159341472
24.76000000000107,14.988496855434821,0.5709903563975169
24.770000000001072,14.978898685797427,0.5706247118399019
24.780000000001074,14.97869683218407,0.5706170221784407
24.790000000001076,14.97849497857071,0.5706093325169794
24.800000000001077,14.978291802979937,0.5706015924944737
24.81000000000108,14.973393433083569,0.5704149879269931
24.82000000000108,14.973190775215977,0.5704072676272752
24.830000000001082,14.972988117348386,0.5703995473275575
24.840000000001083,14.970443455884062,0.5703026078432023
24.850000000001085,14.970240890205448,0.5702948910554456
24.860000000001087,14.97003832452683,0.5702871742676887
24.870000000001088,14.97556949233535,0.570497885422299
24.88000000000109,14.975367915048835,0.5704902062875746
24.89000000000109,14.975166337762325,0.5704825271528504
24.900000000001093,14.974963464420204,0.5704747986445792
24.910000000001094,14.9916230499381,0.5711094495214514
24.920000000001096,14.991422582169132,0.5711018126540621
24.930000000001098,14.991222114400168,0.571094175786673
24.9400000000011,15.013195715905697,0.571931265367836
24.9500000000011,15.012996173009636,0.5719236637337004
24.960000000001102,15.01279663011358,0.5719160620995649
24.970000000001104,15.019835996503778,0.5721842284382391
24.980000000001105,15.0196369469208,0.5721766455969828
24.990000000001107,15.019437897337822,0.5721690627557265
25.00000000000111,15.019237596795827,0.5721614322588886
25.01000000000111,15.020424021705912,0.5722066293983205
25.02000000000111,15.020225764340992,0.5721990767367997
25.030000000001113,15.020027506976065,0.5721915240752786
25.040000000001115,15.027740728775857,0.572485361096223
25.050000000001116,15.027542879219915,0.5724778239702825
25.060000000001118,15.027345029663975,0.5724702868443419
25.07000000000112,15.015950864021855,0.5720362233913087
25.08000000000112,15.015752908579575,0.5720286822316029
25.090000000001123,15.015554953137297,0.5720211410718969
25.100000000001124,15.015356615882984,0.5720135853669708
25.110000000001126,14.999883186913921,0.5714241214062445
25.120000000001127,14.99968491711939,0.5714165682712148
25.13000000000113,14.999486647324854,0.5714090151361849
25.14000000000113,14.998247155890464,0.5713617964148747
25.150000000001132,14.998048711200404,0.5713542366171582
25.160000000001133,14.997850266510348,0.5713466768194417
25.170000000001135,14.99887614807517,0.5713857580219112
25.180000000001137,14.99867723214325,0.5713781802721237
25.190000000001138,14.998478316211328,0.5713706025223363
25.20000000000114,14.998278133110995,0.5713629764994664
25.21000000000114,14.995698775123328,0.5712647152427934
25.220000000001143,14.995499501669952,0.571257123873141
25.230000000001144,14.995300228216571,0.5712495325034884
25.240000000001146,14.995009744654245,0.5712384664630188
25.250000000001148,14.994810551778022,0.5712308781629722
25.26000000000115,14.994611358901798,0.5712232898629256
25.27000000000115,14.991788072534835,0.5711157360965651
25.280000000001152,14.991589558633155,0.5711081736622153
25.290000000001154,14.991391044731472,0.5711006112278656
25.300000000001155,14.991187616918483,0.5710928615968945
25.310000000001157,14.999137541099149,0.571395715851396
25.32000000000116,14.998939213108677,0.5713881604993781
25.33000000000116,14.998740885118206,0.5713806051473602
25.34000000000116,15.01171316379218,0.571874787192083
25.350000000001163,15.01151516474505,0.5718672443712399
25.360000000001165,15.011317165697918,0.5718597015503968
25.370000000001166,15.01316744949668,0.5719301885522544
25.380000000001168,15.0129694839361,0.5719226470070895
25.39000000000117,15.01277151837552,0.5719151054619245
25.40000000000117,15.012572907892618,0.5719075393482902
25.410000000001173,15.00407335204779,0.5715837467446777
25.420000000001174,15.003875296778752,0.5715762017820476
25.430000000001176,15.003677241509713,0.5715686568194176
25.440000000001177,14.994828029074577,0.5712315439647457
25.45000000000118,14.994629890507936,0.5712239958288737
25.46000000000118,14.994431751941294,0.5712164476930016
25.470000000001182,14.984008884575989,0.5708193860790852
25.480000000001183,14.983810131412413,0.5708118145299966
25.490000000001185,14.983611378248842,0.5708042429809083
25.500000000001187,14.983418910148021,0.5707969108627817
25.510000000001188,14.974520550914196,0.5704579257491121
25.52000000000119,14.974320958981515,0.5704503222469148
25.53000000000119,14.97412136704883,0.5704427187447173
25.540000000001193,14.976296534384812,0.5705255822622785
25.550000000001194,14.976096267439916,0.57051795304533
25.560000000001196,14.975896000495018,0.5705103238283816
25.570000000001198,14.97910442034244,0.5706325493463786
25.5800000000012,14.978903106232538,0.57062488023743
25.5900000000012,14.978701792122639,0.5706172111284814
25.600000000001202,14.978500225256576,0.5706095323907266
25.610000000001204,14.981049657540488,0.57070665362059
25.620000000001205,14.980847033949146,0.5706989346266341
25.630000000001207,14.9806444103578,0.570691215632678
25.64000000000121,14.989506969051194,0.5710288369162358
25.65000000000121,14.98930436382685,0.5710211186219752
25.66000000000121,14.989101758602503,0.5710134003277143
25.670000000001213,15.00000228603296,0.5714286585155413
25.680000000001215,14.99980093986597,0.5714209881853702
25.690000000001216,14.99959959369898,0.5714133178551992
25.700000000001218,14.99939764771552,0.5714056246748769
25.71000000000122,15.014656033866038,0.57198689652823
25.72000000000122,15.014456137226851,0.5719792814181657
25.730000000001223,15.014256240587667,0.5719716663081016
25.740000000001224,15.026318656217622,0.5724311869035285
25.750000000001226,15.02611975977925,0.5724236098963523
25.760000000001227,15.025920863340872,0.572416032889176
25.77000000000123,15.033432623440346,0.5727021951786798
25.78000000000123,15.033234419670466,0.5726946445588749
25.790000000001232,15.033036215900585,0.5726870939390699
25.800000000001234,15.03283813555221,0.5726795480210365
25.810000000001235,15.031190532193385,0.5726167821787955
25.820000000001237,15.030993129062535,0.5726092620595251
25.830000000001238,15.030795725931682,0.5726017419402545
25.84000000000124,15.03175120717916,0.5726381412258728
25.85000000000124,15.031554294818429,0.5726306398026068
25.860000000001243,15.0313573824577,0.5726231383793409
25.870000000001244,15.023116367678718,0.5723091949591892
25.880000000001246,15.02291963645799,0.5723017004364949
25.890000000001248,15.02272290523726,0.5722942059138003
25.90000000000125,15.022526007324185,0.5722867050409213
25.91000000000125,15.021966006044613,0.5722653716588424
25.920000000001252,15.021769406134588,0.5722578821384604
25.930000000001254,15.02157280622456,0.5722503926180784
25.940000000001255,15.017106412150824,0.5720802442724123
25.950000000001257,15.016909799407406,0.5720727542631392
25.96000000000126,15.016713186663987,0.5720652642538661
25.97000000000126,15.012841127144048,0.5719177572245351
25.98000000000126,15.012644014543248,0.5719102481730761
25.990000000001263,15.01244690194245,0.5719027391216172
26.000000000001265,15.012250227028467,0.5718952467439415
26.010000000001266,15.00171784298901,0.5714940130662479
26.020000000001268,15.001520128434745,0.5714864810832283
26.03000000000127,15.001322413880482,0.5714789491002088
26.04000000000127,15.01218024078722,0.5718925806014179
26.050000000001273,15.011982871093004,0.5718850617559239
26.060000000001274,15.011785501398784,0.5718775429104298
26.070000000001276,15.0208867790295,0.5722242582487428
26.080000000001277,15.020690914568968,0.5722167967454844
26.09000000000128,15.02049505010844,0.5722093352422263
26.10000000000128,15.020299898903147,0.572201900910596
26.110000000001282,15.041688727962162,0.5730167134461776
26.120000000001284,15.041494560645686,0.573009316596026
26.130000000001285,15.041300393329207,0.5730019197458746
26.140000000001287,15.052929686389936,0.5734449404339023
26.150000000001288,15.052737084716387,0.5734376032272909
26.16000000000129,15.052544483042839,0.5734302660206795
26.17000000000129,15.04779460504109,0.5732493182872795
26.180000000001293,15.047602974331673,0.5732420180697779
26.190000000001294,15.047411343622253,0.5732347178522762
26.200000000001296,15.047216097816074,0.5732272799168028
26.210000000001298,15.043100808380618,0.5730705069859283
26.2200000000013,15.04291055939275,0.573063259405438
26.2300000000013,15.04272031040488,0.5730560118249477
26.240000000001302,15.044353495385693,0.5731182283956454
26.250000000001304,15.044164132272112,0.573111014562747
26.260000000001305,15.043974769158531,0.5731038007298488
26.270000000001307,15.044680272156482,0.5731306770345326
26.28000000000131,15.044491404694472,0.5731234820835989
26.29000000000131,15.044302537232461,0.5731162871326652
26.30000000000131,15.044111858591094,0.5731090231844226
26.310000000001313,15.040137349973925,0.57295761333234
26.320000000001315,15.039949025630222,0.5729504390716275
26.330000000001316,15.03976070128652,0.572943264810915
26.340000000001318,15.03829791495346,0.5728875396172747
26.35000000000132,15.038109947034194,0.572880378934636
26.36000000000132,15.037921979114927,0.5728732182519971
26.370000000001323,15.03019467264724,0.5725788446722758
26.380000000001324,15.030006423719495,0.5725716732845522
26.390000000001326,15.029818174791748,0.5725645018968284
26.400000000001327,15.02963351735663,0.5725574673278715
26.41000000000133,15.016534726754669,0.5720584657811302
26.42000000000133,15.016345682835142,0.5720512641080053
26.430000000001332,15.016156638915618,0.5720440624348806
26.440000000001334,15.01696206888772,0.5720747454814369
26.450000000001335,15.016773231206832,0.5720675516650221
26.460000000001337,15.016584393525946,0.5720603578486074
26.47000000000134,15.018424214177399,0.572130446254377
26.48000000000134,15.018236278879238,0.5721232868144471
26.49000000000134,15.018048343581077,0.5721161273745171
26.500000000001343,15.017858728550294,0.5721089039447731
26.510000000001344,15.026002789435234,0.5724191538832469
26.520000000001346,15.025816086878525,0.5724120414048961
26.530000000001348,15.025629384321809,0.572404928926545
26.54000000000135,15.022751915694156,0.5722953110740631
26.55000000000135,15.022565975124778,0.572288227623801
26.560000000001352,15.022380034555395,0.5722811441735388
26.570000000001354,15.030449961070365,0.5725885699455376
26.580000000001355,15.030264380086123,0.572581500193757
26.590000000001357,15.030078799101881,0.5725744304419764
26.60000000000136,15.029890829350668,0.5725672696895492
26.61000000000136,15.029730022142601,0.5725611437006705
26.62000000000136,15.029544807982537,0.5725540879231442
26.630000000001363,15.029359593822473,0.572547032145618
26.640000000001365,15.029191922973924,0.5725406446847209
26.650000000001366,15.029006964313448,0.5725335986405122
26.660000000001368,15.028822005652968,0.5725265525963035
26.67000000000137,15.02567887000132,0.5724068140952884
26.68000000000137,15.025493614579,0.5723997567458666
26.690000000001373,15.025308359156675,0.5723926993964447
26.700000000001374,15.025124423554711,0.5723856923258938
26.710000000001376,15.019946529029239,0.5721884392011138
26.720000000001377,15.019760909061967,0.5721813679642653
26.73000000000138,15.019575289094693,0.5721742967274168
26.74000000000138,15.016413074396642,0.5720538314055863
26.750000000001382,15.016227032379346,0.5720467440906417
26.760000000001384,15.016040990362052,0.5720396567756971
26.770000000001385,15.007974991694347,0.5717323806359751
26.780000000001387,15.007787957566345,0.5717252555263369
26.79000000000139,15.007600923438345,0.5717181304166988
26.80000000000139,15.007411318063484,0.5717109073547993
26.81000000000139,14.994349624654975,0.5712133190344751
26.820000000001393,14.994161258774598,0.5712061431914132
26.830000000001395,14.993972892894222,0.5711989673483513
26.840000000001396,14.996459633356578,0.5712937003183458
26.850000000001398,14.996271060221028,0.5712865165798486
26.8600000000014,14.996082487085479,0.5712793328413516
26.8700000000014,14.997689970969098,0.5713405703226323
26.880000000001402,14.997501751048327,0.5713334000399363
26.890000000001404,14.997313531127556,0.5713262297572402
26.900000000001405,14.997126830532405,0.5713191173536154
26.910000000001407,14.999727405691191,0.5714181868834739
26.92000000000141,14.999539515693183,0.571411029169264
26.93000000000141,14.999351625695171,0.5714038714550541
26.94000000000141,15.002173907756855,0.5715113869621659
26.950000000001413,15.001986224222795,0.5715042371132493
26.960000000001415,15.001798540688737,0.5714970872643328
26.970000000001416,15.001186140319437,0.5714737577264547
26.980000000001418,15.000998161550454,0.5714665966304935
26.99000000000142,15.000810182781468,0.571459435534532
27.00000000000142,15.000619840736631,0.5714521844090145
27.010000000001423,14.995915962142305,0.5712729890339925
27.020000000001424,14.995727538654869,0.5712658109963759
27.030000000001426,14.995539115167434,0.5712586329587593
27.040000000001427,15.001267489034888,0.5714768567251385
27.05000000000143,15.001078728115509,0.5714696658329718
27.06000000000143,15.000889967196123,0.5714624749408046
27.070000000001432,15.001516599281974,0.5714863466393132
27.080000000001434,15.00132746640653,0.5714791415773915
27.090000000001435,15.001138333531085,0.5714719365154698
27.100000000001437,15.000946464714389,0.5714646272272148
27.11000000000144,14.998878916593657,0.5713858634892821
27.12000000000144,14.998689423550928,0.571378644706702
27.13000000000144,14.998499930508206,0.571371425924122
27.140000000001443,14.999865059991158,0.571423430856806
27.150000000001445,14.999675595121298,0.5714162131474779
27.160000000001446,14.999486130251439,0.57140899543815
27.170000000001448,14.990409215295662,0.5710632082017394
27.18000000000145,14.990219219986185,0.571055970285188
27.19000000000145,14.990029224676713,0.5710487323686366
27.200000000001452,14.989837287637085,0.5710414204814127
27.210000000001454,14.985592812000668,0.570879726171454
27.220000000001455,14.98540226492726,0.5708724672353241
27.230000000001457,14.985211717853856,0.5708652082991945
27.24000000000146,14.986099439241777,0.5708990262568295
27.25000000000146,14.985908955026234,0.5708917697152851
27.26000000000146,14.98571847081069,0.5708845131737406
27.270000000001463,14.999261676435268,0.5714004448165816
27.280000000001465,14.999072106915538,0.5713932231205918
27.290000000001466,14.998882537395806,0.571386001424602
27.300000000001468,14.998695346519632,0.571378870343605
27.31000000000147,15.006482466721575,0.5716755225417742
27.32000000000147,15.006293812530892,0.5716683357154625
27.330000000001473,15.006105158340207,0.5716611488891506
27.340000000001474,15.012589295341956,0.5719081636320744
27.350000000001476,15.012401106961041,0.5719009945508967
27.360000000001477,15.012212918580126,0.571893825469719
27.37000000000148,15.013702417847693,0.5719505682989596
27.38000000000148,15.013514150839395,0.571943396222453
27.390000000001482,15.013325883831099,0.5719362241459466
27.400000000001484,15.013135695705321,0.5719289788840122
27.410000000001485,15.008347743361307,0.5717465806994784
27.420000000001487,15.008159639039498,0.5717394148205522
27.43000000000149,15.007971534717688,0.5717322489416262
27.44000000000149,15.006837628308304,0.571689052506983
27.45000000000149,15.006649639713276,0.5716818910366962
27.460000000001493,15.006461651118249,0.5716747295664094
27.470000000001495,15.000745115665591,0.5714569567872606
27.480000000001496,15.000556899629602,0.5714497866525562
27.490000000001498,15.000368683593615,0.571442616517852
27.5000000000015,15.000178735553122,0.5714353804020237
27.5100000000015,14.996085940815048,0.5712794644120017
27.520000000001502,14.995897469850705,0.5712722845657411
27.530000000001504,14.995708998886359,0.5712651047194803
27.540000000001505,14.990318907338068,0.571059767898593
27.550000000001507,14.990130250274042,0.5710525809628206
27.56000000000151,14.98994159321002,0.5710453940270483
27.57000000000151,14.986529447767326,0.5709154075339933
27.58000000000151,14.986340220062793,0.5709081988595349
27.590000000001513,14.986150992358262,0.5709009901850766
27.600000000001515,14.98596054179586,0.5708937349255565
27.610000000001516,14.985402204973088,0.5708724649513557
27.620000000001518,14.985212222887146,0.5708652275385578
27.63000000000152,14.985022240801202,0.57085799012576
27.64000000000152,14.993672144154226,0.5711875102534942
27.650000000001523,14.993482410613566,0.5711802823090882
27.660000000001524,14.993292677072908,0.5711730543646821
27.670000000001526,14.99668366454539,0.5713022348398243
27.680000000001527,14.99649500556302,0.5712950478309722
27.69000000000153,14.996306346580651,0.57128786082212
27.70000000000153,14.996116198158182,0.5712806170726926
27.710000000001532,14.991243837248874,0.5710950033237666
27.720000000001534,14.991056273496014,0.5710878580379434
27.730000000001535,14.99086870974315,0.5710807127521199
27.740000000001537,14.99082188148848,0.5710789288186088
27.75000000000154,14.990634917665066,0.5710718063872405
27.76000000000154,14.990447953841644,0.5710646839558721
27.77000000000154,14.985516810662675,0.5708768308823876
27.780000000001543,14.985329923585864,0.5708697113746996
27.790000000001545,14.985143036509056,0.5708625918670116
27.800000000001546,14.984959417271273,0.5708555968484295
27.810000000001548,14.999785727896258,0.5714204086817621
27.82000000000155,14.99959877056528,0.5714132864977249
27.83000000000155,14.999411813234302,0.5714061643136876
27.840000000001552,15.002103861645546,0.5715087185388779
27.850000000001554,15.00191687550687,0.5715015952574045
27.860000000001556,15.001729889368193,0.5714944719759311
27.870000000001557,14.996809866341442,0.571307042527293
27.88000000000156,14.99662234482342,0.571299898850416
27.89000000000156,14.9964348233054,0.571292755173539
27.90000000000156,14.996246130192526,0.5712855668644772
27.910000000001563,14.984881773698628,0.570852638998043
27.920000000001565,14.984693813314788,0.570845478602468
27.930000000001566,14.98450585293095,0.5708383182068932
27.940000000001568,14.982471673390087,0.5707608256529556
27.95000000000157,14.982283322278471,0.5707536503725131
27.96000000000157,14.982094971166852,0.5707464750920705
27.970000000001573,14.979349076260835,0.5706418695718413
27.980000000001574,14.979159963010597,0.5706346652575465
27.990000000001576,14.978970849760358,0.5706274609432517
28.000000000001577,14.978786125249677,0.5706204238190352
28.01000000000158,14.969354942942186,0.5702611406835117
28.02000000000158,14.969164921898857,0.570253901786623
28.030000000001582,14.96897490085553,0.5702466628897345
28.040000000001584,14.972536444790054,0.5703823407539067
28.050000000001585,14.972346376847623,0.5703751000703856
28.060000000001587,14.972156308905193,0.5703678593868644
28.07000000000159,14.979266304974798,0.5706387163799923
28.08000000000159,14.97907684796864,0.5706314989702339
28.09000000000159,14.978887390962482,0.5706242815604755
28.100000000001593,14.978697322465484,0.5706170408558279
28.110000000001595,14.985354632371296,0.5708706526617636
28.120000000001596,14.985166016419553,0.5708634672921734
28.130000000001598,14.984977400467814,0.5708562819225833
28.1400000000016,14.989566186776042,0.5710310928295634
28.1500000000016,14.989378254897673,0.5710239335199113
28.160000000001602,14.989190323019303,0.5710167742102591
28.170000000001604,14.990523494117998,0.5710675616806856
28.180000000001606,14.990335760095679,0.5710604099084068
28.190000000001607,14.990148026073355,0.5710532581361277
28.20000000000161,14.989965821550472,0.5710463170114465
28.21000000000161,14.9904753258005,0.5710657266971618
28.220000000001612,14.990287645758098,0.5710585769812608
28.230000000001613,14.990099965715693,0.5710514272653597
28.240000000001615,14.991664442561232,0.571111026383285
28.250000000001616,14.991476697992148,0.5711038742092246
28.260000000001618,14.99128895342306,0.5710967220351642
28.27000000000162,14.983201496103181,0.5707886284229783
28.28000000000162,14.98301316225366,0.5707814538001394
28.290000000001623,14.982824828404137,0.5707742791773004
28.300000000001624,14.982636212144136,0.570767093795967
28.310000000001626,14.978012910283136,0.570590968010786
28.320000000001627,14.97782364633139,0.5705837579554814
28.33000000000163,14.97763438237964,0.5705765479001766
28.34000000000163,14.975384822160587,0.5704908503680223
28.350000000001632,14.97519496715221,0.5704836177962747
28.360000000001634,14.975005112143839,0.5704763852245271
28.370000000001635,14.966675697028137,0.5701590741725004
28.380000000001637,14.966484791399898,0.570151801577139
28.39000000000164,14.966293885771663,0.5701445289817776
28.40000000000164,14.966101925052723,0.5701372161924846
28.41000000000164,14.958928950215807,0.5698639600082211
28.420000000001643,14.958736640942643,0.5698566339406721
28.430000000001645,14.958544331669474,0.5698493078731227
28.440000000001646,14.963592944573849,0.5700416359837656
28.450000000001648,14.963400346339647,0.5700342989081769
28.46000000000165,14.963207748105443,0.5700269618325883
28.47000000000165,14.973192388713194,0.570407329093836
28.480000000001652,14.973000531827577,0.5704000202600981
28.490000000001654,14.972808674941959,0.5703927114263603
28.500000000001656,14.972616896385814,0.5703854055766023
28.510000000001657,14.98026248487941,0.5706766660906442
28.52000000000166,14.980071441836659,0.5706693882604441
28.53000000000166,14.979880398793902,0.5706621104302438
28.540000000001662,14.985644749682212,0.5708817047497985
28.550000000001663,14.985454247004037,0.5708744475049157
28.560000000001665,14.985263744325861,0.5708671902600327
28.570000000001667,14.97737423124187,0.5705666373806426
28.580000000001668,14.977183771173488,0.57055938175899
28.59000000000167,14.976993311105105,0.5705521261373373
28.60000000000167,14.976802306619195,0.5705448497759693
28.610000000001673,14.977031202234912,0.570553569608949
28.620000000001674,14.97684073331203,0.5705463136499821
28.630000000001676,14.976650264389153,0.5705390576910153
28.640000000001677,14.985677052969665,0.5708829353512253
28.65000000000168,14.985486630380503,0.5708756811573524
28.66000000000168,14.985296207791341,0.5708684269634796
28.670000000001682,14.984070770603534,0.5708217436420393
28.680000000001684,14.983880213485286,0.5708144843232489
28.690000000001685,14.983689656367035,0.5708072250044585
28.700000000001687,14.98350025529055,0.5708000097253543
28.71000000000169,14.986757935796842,0.5709241118398797
28.72000000000169,14.986567076129045,0.5709168409953922
28.73000000000169,14.986376216461249,0.5709095701509047
28.740000000001693,14.985371515083678,0.5708712958127115
28.750000000001695,14.985180344560787,0.5708640131261251
28.760000000001696,14.984989174037892,0.5708567304395387
28.770000000001698,14.971746471806709,0.5703522465450174
28.7800000000017,14.971554759487955,0.5703449432185886
28.7900000000017,14.9713630471692,0.5703376398921599
28.800000000001702,14.971169209393388,0.5703302555959385
28.810000000001704,14.965917889499954,0.5701302053142839
28.820000000001706,14.965725457605249,0.570122874575438
28.830000000001707,14.965531487190647,0.5701154852263103
28.84000000000171,14.95948339970004,0.5698850818933349
28.85000000000171,14.959291296291815,0.5698777636682596
28.860000000001712,14.95909919288359,0.5698704454431843
28.870000000001713,14.964067787562545,0.5700597252404779
28.880000000001715,14.963876642998805,0.5700524435428116
28.890000000001717,14.96368549843507,0.5700451618451454
28.900000000001718,14.963491278514994,0.5700377629910474
28.91000000000172,14.976456253938053,0.5705316668166877
28.92000000000172,14.976266342723898,0.5705244321037675
28.930000000001723,14.97607643150974,0.5705171973908472
28.940000000001724,14.983214218664747,0.5707891130919903
28.950000000001726,14.983025132625972,0.5707819098143226
28.960000000001727,14.982836046587195,0.570774706536655
28.97000000000173,14.979888207879009,0.5706624079192003
28.98000000000173,14.979699771646132,0.5706552293960431
28.990000000001732,14.979511335413251,0.5706480508728857
29.000000000001734,14.979323619219862,0.5706408997798043
29.010000000001735,14.97478092498446,0.5704678447613127
29.020000000001737,14.97459311295228,0.5704606900172297
29.03000000000174,14.974404074773545,0.5704534885628016
29.04000000000174,14.976703532672477,0.5705410869589514
29.05000000000174,14.976516158280951,0.5705339488868933
29.060000000001743,14.976328783889425,0.5705268108148351
29.070000000001745,14.969914567142517,0.5702824597006673
29.080000000001746,14.969727143085516,0.5702753197365911
29.090000000001748,14.96953971902852,0.570268179772515
29.10000000000175,14.969357888032038,0.5702612528774109
29.11000000000175,14.978962154470587,0.5706271296941176
29.120000000001752,14.978775185333614,0.5706200070603281
29.130000000001754,14.978588216196645,0.5706128844265388
29.140000000001756,14.972915976122135,0.570396799090367
29.150000000001757,14.972729328805878,0.5703896887164144
29.16000000000176,14.972542681489625,0.5703825783424619
29.17000000000176,14.974447736884553,0.5704551518813162
29.180000000001762,14.974261183776237,0.5704480450962376
29.190000000001763,14.97407463066792,0.5704409383111588
29.200000000001765,14.973888794587943,0.5704338588414454
29.210000000001767,14.974443463515541,0.5704549890863063
29.220000000001768,14.974257176218737,0.5704478924273804
29.23000000000177,14.97407088892194,0.5704407957684547
29.24000000000177,14.979091607462422,0.5706320612366637
29.250000000001773,14.978906176751474,0.5706249972095799
29.260000000001774,14.978720746040525,0.5706179331824961
29.270000000001776,14.97763813688336,0.5705766909288899
29.280000000001777,14.977454169453216,0.5705696826458367
29.29000000000178,14.97727020202307,0.5705626743627835
29.30000000000178,14.977083123254152,0.5705555475525391
29.310000000001782,14.983607266602132,0.5708040863467478
29.320000000001784,14.98342490283526,0.5707971391556289
29.330000000001785,14.983242539068389,0.57079019196451
29.340000000001787,14.985115662716007,0.5708615490558479
29.35000000000179,14.98493437855877,0.5708546429927149
29.36000000000179,14.984753094401531,0.5708477369295821
29.37000000000179,14.975550655834521,0.570497167841315
29.380000000001793,14.975369940318451,0.5704902834407029
29.390000000001795,14.975189224802381,0.5704833990400907
29.400000000001796,14.97500910647826,0.5704765373896479
29.410000000001798,14.97115899337266,0.5703298664141965
29.4200000000018,14.970978882988467,0.5703230050662272
29.4300000000018,14.97079877260427,0.5703161437182579
29.440000000001803,14.973093145777437,0.570403548410569
29.450000000001804,14.972913371462896,0.5703966998652531
29.460000000001806,14.972733597148355,0.5703898513199372
29.470000000001807,14.973777936428231,0.5704296356734564
29.48000000000181,14.973598560456367,0.5704228023030996
29.49000000000181,14.973419184484502,0.5704159689327429
29.500000000001812,14.973237034025077,0.570409029867622
29.510000000001813,14.972076941182104,0.5703648358545563
29.520000000001815,14.971897853016088,0.5703580134482319
29.530000000001817,14.971721072641886,0.570351278957786
29.540000000001818,14.977499884764509,0.5705714241815051
29.55000000000182,14.97732141130618,0.5705646251926163
29.56000000000182,14.977142937847855,0.5705578262037277
29.570000000001823,14.970192213852835,0.5702930367182032
29.580000000001824,14.970013850974935,0.5702862419419022
29.590000000001826,14.969835488097036,0.5702794471656013
29.600000000001828,14.969659035091492,0.5702727251463425
29.61000000000183,14.963406994145553,0.5700345521579258
29.62000000000183,14.963228861597573,0.570027766156098
29.630000000001832,14.963050729049595,0.5700209801542703
29.640000000001834,14.971827441247232,0.5703553310951326
29.650000000001835,14.971650173573936,0.5703485780409118
29.660000000001837,14.97147290590064,0.570341824986691
29.67000000000184,14.975268474287988,0.5704864180681137
29.68000000000184,14.975093170213011,0.5704797398176384
29.69000000000184,14.974917866138032,0.570473061567163
29.700000000001843,14.9747400054086,0.5704662859203276
29.710000000001845,14.975094806489187,0.5704798021519689
29.720000000001846,14.974921646215696,0.5704732055701217
29.730000000001848,14.974748485942206,0.5704666089882744
29.74000000000185,14.992591140170456,0.5711463291493506
29.75000000000185,14.992419336762934,0.5711397842576356
29.760000000001853,14.992247533355417,0.5711332393659206
29.770000000001854,14.989172183694368,0.5710160831883568
29.780000000001856,14.989001235999986,0.5710095708952375
29.790000000001857,14.988830288305603,0.5710030586021182
29.80000000000186,14.98865817493277,0.5709965019022007
29.81000000000186,14.982901464263007,0.5707771986385907
29.820000000001862,14.982731438572717,0.5707707214694367
29.830000000001863,14.982561412882426,0.5707642443002828
29.840000000001865,14.988436215240945,0.5709880462948931
29.850000000001867,14.98826697458103,0.5709815990316582
29.860000000001868,14.988097733921117,0.5709751517684235
29.87000000000187,14.986106957921228,0.5708993126827134
29.88000000000187,14.98593811838891,0.5708928807005299
29.890000000001873,14.985769278856596,0.5708864487183465
29.900000000001874,14.985598184231526,0.5708799308278676
29.910000000001876,14.982500235021373,0.5707619137150999
29.920000000001878,14.98233184375069,0.57075549880955
29.93000000000188,14.98216345248,0.5707490839039999
29.94000000000188,14.989751288870574,0.5710381443379265
29.950000000001882,14.989583239250614,0.5710317424476423
29.960000000001884,14.989415189630655,0.5710253405573582
29.970000000001885,14.9790369763593,0.5706299800517828
29.980000000001887,14.978869191541744,0.5706235882492092
29.99000000000189,14.978701406724191,0.5706171964466358
30.00000000000189,14.978538466833493,0.5706109892127045
