time,x,y,z,vx,vy,vz,phi,theta,psi,p,q,r,dot_phi,dot_theta,dot_psi
0.01,0.005635940004140139,2.9684474989771843,1.9242501258850098,-0.037562994991122145,0.0003011290130409917,0.06509230872560035,-0.013886653057497911,0.016842350348375484,-0.0010229891869243848,0.003039682749658823,0.012096615508198738,-0.006784499622881414,0.002922586662849173,0.012001238212080757,-0.006952807688733463
0.02,0.005635940004140139,2.9684474989771843,1.9242501258850098,-0.037562994991122145,0.0003011290130409917,0.06509230872560035,-0.013886653057497911,0.016842350348375484,-0.0010229891869243848,0.003039682749658823,0.012096615508198738,-0.006784499622881414,0.002922586662849173,0.012001238212080757,-0.006952807688733463
0.03,0.00597652792930603,2.968514420092106,1.926987886428833,-0.03781257181219469,0.001234984149360415,0.06279522217746049,-0.014087781903296799,0.017504546854970073,-0.001197359072425617,-0.012820253148674965,0.013961561024188995,0.00018359970999881454,-0.012820482471678064,0.013962762029434125,-1.310143681686017e-05
0.04,0.00597652792930603,2.968514420092106,1.926987886428833,-0.03781257181219469,0.001234984149360415,0.06279522217746049,-0.014087781903296799,0.017504546854970073,-0.001197359072425617,-0.012820253148674965,0.013961561024188995,0.00018359970999881454,-0.012820482471678064,0.013962762029434125,-1.310143681686017e-05
0.05,0.00597652792930603,2.968514420092106,1.926987886428833,-0.03781257181219469,0.001234984149360415,0.06279522217746049,-0.014087781903296799,0.017504546854970073,-0.001197359072425617,-0.012820253148674965,0.013961561024188995,0.00018359970999881454,-0.012820482471678064,0.013962762029434125,-1.310143681686017e-05
0.060000000000000005,0.00597652792930603,2.968514420092106,1.926987886428833,-0.03781257181219469,0.001234984149360415,0.06279522217746049,-0.014087781903296799,0.017504546854970073,-0.001197359072425617,-0.012820253148674965,0.013961561024188995,0.00018359970999881454,-0.012820482471678064,0.013962762029434125,-1.310143681686017e-05
0.07,0.00780823128297925,2.968669679015875,1.9310288429260254,-0.03714039180927455,0.001301907088254726,0.07745723529859383,-0.014385547042122979,0.017728327911656645,-0.0011129789362773212,-0.008877597749233246,-0.015584364533424377,0.0022446520160883682,-0.008833828984396632,-0.01555046258268905,0.002468989621919945
0.08,0.00780823128297925,2.968669679015875,1.9310288429260254,-0.03714039180927455,0.001301907088254726,0.07745723529859383,-0.014385547042122979,0.017728327911656645,-0.0011129789362773212,-0.008877597749233246,-0.015584364533424377,0.0022446520160883682,-0.008833828984396632,-0.01555046258268905,0.002468989621919945
0.09,0.00780823128297925,2.968669679015875,1.9310288429260254,-0.03714039180927455,0.001301907088254726,0.07745723529859383,-0.014385547042122979,0.017728327911656645,-0.0011129789362773212,-0.008877597749233246,-0.015584364533424377,0.0022446520160883682,-0.008833828984396632,-0.01555046258268905,0.002468989621919945
0.09999999999999999,0.00885540060698986,2.968820683658123,1.9359043836593628,-0.03937408060018582,0.0015655412424296056,0.15805498040993188,-0.015817948444240407,0.010579003122255848,-0.0011271062125793197,-0.11652327328920364,-0.6172216534614563,-0.007411146070808097,-0.11649838468214423,-0.617261662568117,0.0023526858829578633
0.10999999999999999,0.00885540060698986,2.968820683658123,1.9359043836593628,-0.03937408060018582,0.0015655412424296056,0.15805498040993188,-0.015817948444240407,0.010579003122255848,-0.0011271062125793197,-0.11652327328920364,-0.6172216534614563,-0.007411146070808097,-0.11649838468214423,-0.617261662568117,0.0023526858829578633
0.11999999999999998,0.00885540060698986,2.968820683658123,1.9359043836593628,-0.03937408060018582,0.0015655412424296056,0.15805498040993188,-0.015817948444240407,0.010579003122255848,-0.0011271062125793197,-0.11652327328920364,-0.6172216534614563,-0.007411146070808097,-0.11649838468214423,-0.617261662568117,0.0023526858829578633
0.12999999999999998,0.009596156887710094,2.969033297151327,1.9419119358062744,-0.042599561608987584,0.0030985926424891546,0.1968852057509929,-0.028322575766787105,-0.06104200614608814,-0.0009088563262964309,-0.33903220295906067,-2.0689995288848877,-0.040383324027061206,-0.34014604273910876,-2.069313348286788,0.018258439871528455
0.13999999999999999,0.009596156887710094,2.969033297151327,1.9419119358062744,-0.042599561608987584,0.0030985926424891546,0.1968852057509929,-0.028322575766787105,-0.06104200614608814,-0.0009088563262964309,-0.33903220295906067,-2.0689995288848877,-0.040383324027061206,-0.34014604273910876,-2.069313348286788,0.018258439871528455
0.15,0.009596156887710094,2.969033297151327,1.9419119358062744,-0.042599561608987584,0.0030985926424891546,0.1968852057509929,-0.028322575766787105,-0.06104200614608814,-0.0009088563262964309,-0.33903220295906067,-2.0689995288848877,-0.040383324027061206,-0.34014604273910876,-2.069313348286788,0.018258439871528455
0.16,0.009596156887710094,2.969033297151327,1.9419119358062744,-0.042599561608987584,0.0030985926424891546,0.1968852057509929,-0.028322575766787105,-0.06104200614608814,-0.0009088563262964309,-0.33903220295906067,-2.0689995288848877,-0.040383324027061206,-0.34014604273910876,-2.069313348286788,0.018258439871528455
0.17,0.008910411968827248,2.969580801203847,1.9507497549057007,-0.07511981468307588,0.009823423860875303,0.1918684360176457,-0.039427571421758074,-0.1494343328182852,0.00029721884472296603,-0.23474976420402527,-2.139759063720703,-0.04672224074602101,-0.24041938503417806,-2.139937782951395,0.038082125106899754
0.18000000000000002,0.008910411968827248,2.969580801203847,1.9507497549057007,-0.07511981468307588,0.009823423860875303,0.1918684360176457,-0.039427571421758074,-0.1494343328182852,0.00029721884472296603,-0.23474976420402527,-2.139759063720703,-0.04672224074602101,-0.24041938503417806,-2.139937782951395,0.038082125106899754
0.19000000000000003,0.008910411968827248,2.969580801203847,1.9507497549057007,-0.07511981468307588,0.009823423860875303,0.1918684360176457,-0.039427571421758074,-0.1494343328182852,0.00029721884472296603,-0.23474976420402527,-2.139759063720703,-0.04672224074602101,-0.24041938503417806,-2.139937782951395,0.038082125106899754
0.20000000000000004,0.006345572415739298,2.970290781930089,1.956557273864746,-0.1308207029752262,0.018442593497004056,0.16204779100417743,-0.04281931371859002,-0.18863724484626163,0.0009693627809129365,-0.16912537813186646,-1.9746936559677124,-0.050429962575435396,-0.17564398573164608,-1.9750423550123122,0.034762108637860535
0.21000000000000005,0.006345572415739298,2.970290781930089,1.956557273864746,-0.1308207029752262,0.018442593497004056,0.16204779100417743,-0.04281931371859002,-0.18863724484626163,0.0009693627809129365,-0.16912537813186646,-1.9746936559677124,-0.050429962575435396,-0.17564398573164608,-1.9750423550123122,0.034762108637860535
0.22000000000000006,0.006345572415739298,2.970290781930089,1.956557273864746,-0.1308207029752262,0.018442593497004056,0.16204779100417743,-0.04281931371859002,-0.18863724484626163,0.0009693627809129365,-0.16912537813186646,-1.9746936559677124,-0.050429962575435396,-0.17564398573164608,-1.9750423550123122,0.034762108637860535
0.23000000000000007,0.002497354056686163,2.971112336963415,1.9604530334472656,-0.19057041141309736,0.026207511886675014,0.14628834965040233,-0.04582931103137457,-0.24858418123916204,0.0018693777415774463,-0.015127219259738922,-1.2735271453857422,-0.039962947368621674,-0.019803724929593206,-1.2740208018209882,0.019007720258658396
0.24000000000000007,0.002497354056686163,2.971112336963415,1.9604530334472656,-0.19057041141309736,0.026207511886675014,0.14628834965040233,-0.04582931103137457,-0.24858418123916204,0.0018693777415774463,-0.015127219259738922,-1.2735271453857422,-0.039962947368621674,-0.019803724929593206,-1.2740208018209882,0.019007720258658396
0.25000000000000006,0.002497354056686163,2.971112336963415,1.9604530334472656,-0.19057041141309736,0.026207511886675014,0.14628834965040233,-0.04582931103137457,-0.24858418123916204,0.0018693777415774463,-0.015127219259738922,-1.2735271453857422,-0.039962947368621674,-0.019803724929593206,-1.2740208018209882,0.019007720258658396
0.26000000000000006,0.002497354056686163,2.971112336963415,1.9604530334472656,-0.19057041141309736,0.026207511886675014,0.14628834965040233,-0.04582931103137457,-0.24858418123916204,0.0018693777415774463,-0.015127219259738922,-1.2735271453857422,-0.039962947368621674,-0.019803724929593206,-1.2740208018209882,0.019007720258658396
0.2700000000000001,-0.00657801516354084,2.972654901444912,1.9640628099441528,-0.2952396584806915,0.03840507562726318,0.13848519976628781,-0.04347470249001445,-0.28271290557433876,0.0019535271216577976,0.09626350551843643,-0.6624778509140015,-0.02860296145081512,0.09620075286978098,-0.6630950050260547,0.0002249506219934999
0.2800000000000001,-0.00657801516354084,2.972654901444912,1.9640628099441528,-0.2952396584806915,0.03840507562726318,0.13848519976628781,-0.04347470249001445,-0.28271290557433876,0.0019535271216577976,0.09626350551843643,-0.6624778509140015,-0.02860296145081512,0.09620075286978098,-0.6630950050260547,0.0002249506219934999
0.2900000000000001,-0.00657801516354084,2.972654901444912,1.9640628099441528,-0.2952396584806915,0.03840507562726318,0.13848519976628781,-0.04347470249001445,-0.28271290557433876,0.0019535271216577976,0.09626350551843643,-0.6624778509140015,-0.02860296145081512,0.09620075286978098,-0.6630950050260547,0.0002249506219934999
0.3000000000000001,-0.017155846580863,2.9741669949144125,1.9659878015518188,-0.3870043123266332,0.04453376628431686,0.14544349713017152,-0.04056063789934639,-0.2912665774793659,0.0015389411837895455,0.1398661732673645,-0.44109365344047546,-0.03627415001392359,0.14536982142600152,-0.4422017664591598,-0.019165410200454792
0.3100000000000001,-0.017155846580863,2.9741669949144125,1.9659878015518188,-0.3870043123266332,0.04453376628431686,0.14544349713017152,-0.04056063789934639,-0.2912665774793659,0.0015389411837895455,0.1398661732673645,-0.44109365344047546,-0.03627415001392359,0.14536982142600152,-0.4422017664591598,-0.019165410200454792
0.3200000000000001,-0.017155846580863,2.9741669949144125,1.9659878015518188,-0.3870043123266332,0.04453376628431686,0.14544349713017152,-0.04056063789934639,-0.2912665774793659,0.0015389411837895455,0.1398661732673645,-0.44109365344047546,-0.03627415001392359,0.14536982142600152,-0.4422017664591598,-0.019165410200454792
0.3300000000000001,-0.02880394272506237,2.975637661293149,1.9673336744308472,-0.46811561885299763,0.05044068241669788,0.1605145777746213,-0.03345963205820348,-0.29465201969672006,0.00047546636815267313,0.2039872407913208,0.024946212768554684,-0.025171458721160892,0.21187542397193287,0.024090179239034455,-0.027162521307257024
0.34000000000000014,-0.02880394272506237,2.975637661293149,1.9673336744308472,-0.46811561885299763,0.05044068241669788,0.1605145777746213,-0.03345963205820348,-0.29465201969672006,0.00047546636815267313,0.2039872407913208,0.024946212768554684,-0.025171458721160892,0.21187542397193287,0.024090179239034455,-0.027162521307257024
0.35000000000000014,-0.02880394272506237,2.975637661293149,1.9673336744308472,-0.46811561885299763,0.05044068241669788,0.1605145777746213,-0.03345963205820348,-0.29465201969672006,0.00047546636815267313,0.2039872407913208,0.024946212768554684,-0.025171458721160892,0.21187542397193287,0.024090179239034455,-0.027162521307257024
0.36000000000000015,-0.02880394272506237,2.975637661293149,1.9673336744308472,-0.46811561885299763,0.05044068241669788,0.1605145777746213,-0.03345963205820348,-0.29465201969672006,0.00047546636815267313,0.2039872407913208,0.024946212768554684,-0.025171458721160892,0.21187542397193287,0.024090179239034455,-0.027162521307257024
0.37000000000000016,-0.04965607076883316,2.9779725540429354,1.968769907951355,-0.583268304546762,0.055791445512018076,0.17582024010884398,-0.0228449511430845,-0.2823672397730888,-0.000776431362418126,0.24782192707061768,0.3951758146286011,-0.015000851824879695,0.25479172540684025,0.39473003568647386,-0.025014536546839834
0.38000000000000017,-0.04965607076883316,2.9779725540429354,1.968769907951355,-0.583268304546762,0.055791445512018076,0.17582024010884398,-0.0228449511430845,-0.2823672397730888,-0.000776431362418126,0.24782192707061768,0.3951758146286011,-0.015000851824879695,0.25479172540684025,0.39473003568647386,-0.025014536546839834
0.3900000000000002,-0.04965607076883316,2.9779725540429354,1.968769907951355,-0.583268304546762,0.055791445512018076,0.17582024010884398,-0.0228449511430845,-0.2823672397730888,-0.000776431362418126,0.24782192707061768,0.3951758146286011,-0.015000851824879695,0.25479172540684025,0.39473003568647386,-0.025014536546839834
0.4000000000000002,-0.06968086957931519,2.979916285723448,1.969537377357483,-0.6683013881123867,0.057337022826323816,0.1873378662610153,-0.017592306519170438,-0.2723428179670109,-0.0011797657987874923,0.25847649574279785,0.5182455778121948,-0.0070222178474069275,0.26298349238685953,0.5180418535265473,-0.016755341802574424
0.4100000000000002,-0.06968086957931519,2.979916285723448,1.969537377357483,-0.6683013881123867,0.057337022826323816,0.1873378662610153,-0.017592306519170438,-0.2723428179670109,-0.0011797657987874923,0.25847649574279785,0.5182455778121948,-0.0070222178474069275,0.26298349238685953,0.5180418535265473,-0.016755341802574424
0.4200000000000002,-0.06968086957931519,2.979916285723448,1.969537377357483,-0.6683013881123867,0.057337022826323816,0.1873378662610153,-0.017592306519170438,-0.2723428179670109,-0.0011797657987874923,0.25847649574279785,0.5182455778121948,-0.0070222178474069275,0.26298349238685953,0.5180418535265473,-0.016755341802574424
0.4300000000000002,-0.08828989416360855,2.981439020484686,1.9704337120056152,-0.7408369968164252,0.057982272096032524,0.1839091915301832,-0.006792302813528189,-0.24655286188839498,-0.0019790459753555867,0.26409608125686646,0.6852550506591797,-0.010936004109680736,0.2680197114228253,0.6851649633894026,-0.0160763322023356
0.4400000000000002,-0.08828989416360855,2.981439020484686,1.9704337120056152,-0.7408369968164252,0.057982272096032524,0.1839091915301832,-0.006792302813528189,-0.24655286188839498,-0.0019790459753555867,0.26409608125686646,0.6852550506591797,-0.010936004109680736,0.2680197114228253,0.6851649633894026,-0.0160763322023356
0.45000000000000023,-0.08828989416360855,2.981439020484686,1.9704337120056152,-0.7408369968164252,0.057982272096032524,0.1839091915301832,-0.006792302813528189,-0.24655286188839498,-0.0019790459753555867,0.26409608125686646,0.6852550506591797,-0.010936004109680736,0.2680197114228253,0.6851649633894026,-0.0160763322023356
0.46000000000000024,-0.08828989416360855,2.981439020484686,1.9704337120056152,-0.7408369968164252,0.057982272096032524,0.1839091915301832,-0.006792302813528189,-0.24655286188839498,-0.0019790459753555867,0.26409608125686646,0.6852550506591797,-0.010936004109680736,0.2680197114228253,0.6851649633894026,-0.0160763322023356
0.47000000000000025,-0.11582057178020477,2.9830383397638798,1.9718191623687744,-0.8310340479795025,0.05352923887182448,0.17962277698103146,0.002707385925161503,-0.22030376059250514,-0.0022300847989577995,0.2631491422653198,0.741409957408905,-0.001999267609790058,0.26314734624610087,0.7414126529482263,8.218787649764703e-06
0.48000000000000026,-0.11582057178020477,2.9830383397638798,1.9718191623687744,-0.8310340479795025,0.05352923887182448,0.17962277698103146,0.002707385925161503,-0.22030376059250514,-0.0022300847989577995,0.2631491422653198,0.741409957408905,-0.001999267609790058,0.26314734624610087,0.7414126529482263,8.218787649764703e-06
0.49000000000000027,-0.11582057178020477,2.9830383397638798,1.9718191623687744,-0.8310340479795025,0.05352923887182448,0.17962277698103146,0.002707385925161503,-0.22030376059250514,-0.0022300847989577995,0.2631491422653198,0.741409957408905,-0.001999267609790058,0.26314734624610087,0.7414126529482263,8.218787649764703e-06
0.5000000000000002,-0.1407901793718338,2.984167894348502,1.9727730751037598,-0.8929866780773976,0.04605500151226994,0.17854743034181186,0.007985463327880176,-0.20559370157291382,-0.002193214644509706,0.2624821960926056,0.7328090667724609,-0.0014100167900324766,0.26155590489854463,0.7327969616676001,0.004537342546413569
0.5100000000000002,-0.1407901793718338,2.984167894348502,1.9727730751037598,-0.8929866780773976,0.04605500151226994,0.17854743034181186,0.007985463327880176,-0.20559370157291382,-0.002193214644509706,0.2624821960926056,0.7328090667724609,-0.0014100167900324766,0.26155590489854463,0.7327969616676001,0.004537342546413569
0.5200000000000002,-0.1407901793718338,2.984167894348502,1.9727730751037598,-0.8929866780773976,0.04605500151226994,0.17854743034181186,0.007985463327880176,-0.20559370157291382,-0.002193214644509706,0.2624821960926056,0.7328090667724609,-0.0014100167900324766,0.26155590489854463,0.7327969616676001,0.004537342546413569
0.5300000000000002,-0.16398067772388458,2.984897881746292,1.9736143350601196,-0.9430937139093395,0.03946532872371263,0.1576079847471446,0.018288228281486293,-0.17453691075407154,-0.0018887297545816446,0.22796867787837982,0.6797993183135986,-0.0032099797390402196,0.2263425192094938,0.6797443404520626,0.009364462876502704
0.5400000000000003,-0.16398067772388458,2.984897881746292,1.9736143350601196,-0.9430937139093395,0.03946532872371263,0.1576079847471446,0.018288228281486293,-0.17453691075407154,-0.0018887297545816446,0.22796867787837982,0.6797993183135986,-0.0032099797390402196,0.2263425192094938,0.6797443404520626,0.009364462876502704
0.5500000000000003,-0.16398067772388458,2.984897881746292,1.9736143350601196,-0.9430937139093395,0.03946532872371263,0.1576079847471446,0.018288228281486293,-0.17453691075407154,-0.0018887297545816446,0.22796867787837982,0.6797993183135986,-0.0032099797390402196,0.2263425192094938,0.6797443404520626,0.009364462876502704
0.5600000000000003,-0.16398067772388458,2.984897881746292,1.9736143350601196,-0.9430937139093395,0.03946532872371263,0.1576079847471446,0.018288228281486293,-0.17453691075407154,-0.0018887297545816446,0.22796867787837982,0.6797993183135986,-0.0032099797390402196,0.2263425192094938,0.6797443404520626,0.009364462876502704
0.5700000000000003,-0.19985806941986084,2.9855844900012016,1.9744899272918701,-1.0031373722208534,0.02573024620196441,0.14223214875464452,0.026173707529550137,-0.14939398381019456,-0.0013619398188400617,0.19047799706459045,0.5910431146621704,-0.002012690529227329,0.18845265828122665,0.5908933489036655,0.013607590944931887
0.5800000000000003,-0.19985806941986084,2.9855844900012016,1.9744899272918701,-1.0031373722208534,0.02573024620196441,0.14223214875464452,0.026173707529550137,-0.14939398381019456,-0.0013619398188400617,0.19047799706459045,0.5910431146621704,-0.002012690529227329,0.18845265828122665,0.5908933489036655,0.013607590944931887
0.5900000000000003,-0.19985806941986084,2.9855844900012016,1.9744899272918701,-1.0031373722208534,0.02573024620196441,0.14223214875464452,0.026173707529550137,-0.14939398381019456,-0.0013619398188400617,0.19047799706459045,0.5910431146621704,-0.002012690529227329,0.18845265828122665,0.5908933489036655,0.013607590944931887
0.6000000000000003,-0.2305096834897995,2.985715658403933,1.9750736951828003,-1.042425090117302,0.012209423085224382,0.13612699790855273,0.029812727740166654,-0.13818561258932593,-0.0010586899358109776,0.18685337901115417,0.5605577230453491,-0.0015428926562891098,0.18474406474387955,0.5603546210231729,0.015313043074114652
0.6100000000000003,-0.2305096834897995,2.985715658403933,1.9750736951828003,-1.042425090117302,0.012209423085224382,0.13612699790855273,0.029812727740166654,-0.13818561258932593,-0.0010586899358109776,0.18685337901115417,0.5605577230453491,-0.0015428926562891098,0.18474406474387955,0.5603546210231729,0.015313043074114652
0.6200000000000003,-0.2305096834897995,2.985715658403933,1.9750736951828003,-1.042425090117302,0.012209423085224382,0.13612699790855273,0.029812727740166654,-0.13818561258932593,-0.0010586899358109776,0.18685337901115417,0.5605577230453491,-0.0015428926562891098,0.18474406474387955,0.5603546210231729,0.015313043074114652
0.6300000000000003,-0.2581670582294464,2.985417083837092,1.97568678855896,-1.0748385989097702,-0.0012810108668706633,0.11901650886319845,0.0360454122920865,-0.11860464751525561,-0.0004542411858702672,0.147067129611969,0.46003472805023193,-0.004723369143903312,0.1456540539007755,0.45990612426669664,0.011942146928916656
0.6400000000000003,-0.2581670582294464,2.985417083837092,1.97568678855896,-1.0748385989097702,-0.0012810108668706633,0.11901650886319845,0.0360454122920865,-0.11860464751525561,-0.0004542411858702672,0.147067129611969,0.46003472805023193,-0.004723369143903312,0.1456540539007755,0.45990612426669664,0.011942146928916656
0.6500000000000004,-0.2581670582294464,2.985417083837092,1.97568678855896,-1.0748385989097702,-0.0012810108668706633,0.11901650886319845,0.0360454122920865,-0.11860464751525561,-0.0004542411858702672,0.147067129611969,0.46003472805023193,-0.004723369143903312,0.1456540539007755,0.45990612426669664,0.011942146928916656
0.6600000000000004,-0.2581670582294464,2.985417083837092,1.97568678855896,-1.0748385989097702,-0.0012810108668706633,0.11901650886319845,0.0360454122920865,-0.11860464751525561,-0.0004542411858702672,0.147067129611969,0.46003472805023193,-0.004723369143903312,0.1456540539007755,0.45990612426669664,0.011942146928916656
0.6700000000000004,-0.2995204031467438,2.9843619149178267,1.9762505292892456,-1.1128237881500402,-0.021813240147380758,0.10388468376121894,0.041149190092087916,-0.10262629174851634,8.412728602023719e-05,0.1220322847366333,0.36855143308639526,-0.0017374035669491146,0.12064963018457536,0.3683109237534819,0.013496391319805325
0.6800000000000004,-0.2995204031467438,2.9843619149178267,1.9762505292892456,-1.1128237881500402,-0.021813240147380758,0.10388468376121894,0.041149190092087916,-0.10262629174851634,8.412728602023719e-05,0.1220322847366333,0.36855143308639526,-0.0017374035669491146,0.12064963018457536,0.3683109237534819,0.013496391319805325
0.6900000000000004,-0.2995204031467438,2.9843619149178267,1.9762505292892456,-1.1128237881500402,-0.021813240147380758,0.10388468376121894,0.041149190092087916,-0.10262629174851634,8.412728602023719e-05,0.1220322847366333,0.36855143308639526,-0.0017374035669491146,0.12064963018457536,0.3683109237534819,0.013496391319805325
0.7000000000000004,-0.3339386284351349,2.9829352255910635,1.9765115976333618,-1.138840209292892,-0.03984872357256243,0.10076310457303235,0.04302570307476404,-0.09702859114792865,0.00020129509293568943,0.11852118372917175,0.348507821559906,-0.008238621056079908,0.11786328493410465,0.3485396536485708,0.006791114098281343
0.7100000000000004,-0.3339386284351349,2.9829352255910635,1.9765115976333618,-1.138840209292892,-0.03984872357256243,0.10076310457303235,0.04302570307476404,-0.09702859114792865,0.00020129509293568943,0.11852118372917175,0.348507821559906,-0.008238621056079908,0.11786328493410465,0.3485396536485708,0.006791114098281343
0.7200000000000004,-0.3339386284351349,2.9829352255910635,1.9765115976333618,-1.138840209292892,-0.03984872357256243,0.10076310457303235,0.04302570307476404,-0.09702859114792865,0.00020129509293568943,0.11852118372917175,0.348507821559906,-0.008238621056079908,0.11786328493410465,0.3485396536485708,0.006791114098281343
0.7300000000000004,-0.3646087944507599,2.9811724592000246,1.9767709970474243,-1.1585781066717693,-0.0569483882209119,0.08964684295343804,0.047163737400298264,-0.08486636199473836,0.0006446153353127159,0.0906025618314743,0.28181612491607666,0.0015866162721067322,0.08933743923789046,0.28142794155129536,0.014925141985460206
0.7400000000000004,-0.3646087944507599,2.9811724592000246,1.9767709970474243,-1.1585781066717693,-0.0569483882209119,0.08964684295343804,0.047163737400298264,-0.08486636199473836,0.0006446153353127159,0.0906025618314743,0.28181612491607666,0.0015866162721067322,0.08933743923789046,0.28142794155129536,0.014925141985460206
0.7500000000000004,-0.3646087944507599,2.9811724592000246,1.9767709970474243,-1.1585781066717693,-0.0569483882209119,0.08964684295343804,0.047163737400298264,-0.08486636199473836,0.0006446153353127159,0.0906025618314743,0.28181612491607666,0.0015866162721067322,0.08933743923789046,0.28142794155129536,0.014925141985460206
0.7600000000000005,-0.3646087944507599,2.9811724592000246,1.9767709970474243,-1.1585781066717693,-0.0569483882209119,0.08964684295343804,0.047163737400298264,-0.08486636199473836,0.0006446153353127159,0.0906025618314743,0.28181612491607666,0.0015866162721067322,0.08933743923789046,0.28142794155129536,0.014925141985460206
0.7700000000000005,-0.40967509150505066,2.9779087677598,1.9770530462265015,-1.1829548333804574,-0.0797739086182958,0.08086965300873843,0.0504215093812388,-0.07450069278186026,0.0009429082443194644,0.08124744147062302,0.24434852600097656,-0.011446794494986564,0.08118153874503911,0.24461490480688966,0.000885410947489072
0.7800000000000005,-0.40967509150505066,2.9779087677598,1.9770530462265015,-1.1829548333804574,-0.0797739086182958,0.08086965300873843,0.0504215093812388,-0.07450069278186026,0.0009429082443194644,0.08124744147062302,0.24434852600097656,-0.011446794494986564,0.08118153874503911,0.24461490480688966,0.000885410947489072
0.7900000000000005,-0.40967509150505066,2.9779087677598,1.9770530462265015,-1.1829548333804574,-0.0797739086182958,0.08086965300873843,0.0504215093812388,-0.07450069278186026,0.0009429082443194644,0.08124744147062302,0.24434852600097656,-0.011446794494986564,0.08118153874503911,0.24461490480688966,0.000885410947489072
0.8000000000000005,-0.44661447405815125,2.974649030715227,1.9772945642471313,-1.199093949235256,-0.0995904143440007,0.07647765094984527,0.05225572864566296,-0.06905766176952906,0.0010940973261506105,0.07386758923530579,0.22040779888629913,-0.005758637562394169,0.07346907621482332,0.22040772271637174,0.005775317834439337
0.8100000000000005,-0.44661447405815125,2.974649030715227,1.9772945642471313,-1.199093949235256,-0.0995904143440007,0.07647765094984527,0.05225572864566296,-0.06905766176952906,0.0010940973261506105,0.07386758923530579,0.22040779888629913,-0.005758637562394169,0.07346907621482332,0.22040772271637174,0.005775317834439337
0.8200000000000005,-0.44661447405815125,2.974649030715227,1.9772945642471313,-1.199093949235256,-0.0995904143440007,0.07647765094984527,0.05225572864566296,-0.06905766176952906,0.0010940973261506105,0.07386758923530579,0.22040779888629913,-0.005758637562394169,0.07346907621482332,0.22040772271637174,0.005775317834439337
0.8300000000000005,-0.4783035218715668,2.9709563106298447,1.977718710899353,-1.2113745345353475,-0.11715503942079898,0.06802257020959472,0.05498275365232565,-0.06078525846412664,0.0013001561213971727,0.06539134681224823,0.1995754837989807,-0.00629562279209497,0.06510642521079184,0.19961986744272261,0.004690234792245746
0.8400000000000005,-0.4783035218715668,2.9709563106298447,1.977718710899353,-1.2113745345353475,-0.11715503942079898,0.06802257020959472,0.05498275365232565,-0.06078525846412664,0.0013001561213971727,0.06539134681224823,0.1995754837989807,-0.00629562279209497,0.06510642521079184,0.19961986744272261,0.004690234792245746
0.8500000000000005,-0.4783035218715668,2.9709563106298447,1.977718710899353,-1.2113745345353475,-0.11715503942079898,0.06802257020959472,0.05498275365232565,-0.06078525846412664,0.0013001561213971727,0.06539134681224823,0.1995754837989807,-0.00629562279209497,0.06510642521079184,0.19961986744272261,0.004690234792245746
0.8600000000000005,-0.4783035218715668,2.9709563106298447,1.977718710899353,-1.2113745345353475,-0.11715503942079898,0.06802257020959472,0.05498275365232565,-0.06078525846412664,0.0013001561213971727,0.06539134681224823,0.1995754837989807,-0.00629562279209497,0.06510642521079184,0.19961986744272261,0.004690234792245746
0.8700000000000006,-0.5220873355865479,2.9641238152980804,1.978333592414856,-1.2243529482890558,-0.1439675780044707,0.06211839622753014,0.05739030561582958,-0.05347535948310854,0.0014705096476187436,0.059697527438402176,0.17960423231124878,-0.006110089831054232,0.05947261735222447,0.1796590044605347,0.004207869134492117
0.8800000000000006,-0.5220873355865479,2.9641238152980804,1.978333592414856,-1.2243529482890558,-0.1439675780044707,0.06211839622753014,0.05739030561582958,-0.05347535948310854,0.0014705096476187436,0.059697527438402176,0.17960423231124878,-0.006110089831054232,0.05947261735222447,0.1796590044605347,0.004207869134492117
0.8900000000000006,-0.5220873355865479,2.9641238152980804,1.978333592414856,-1.2243529482890558,-0.1439675780044707,0.06211839622753014,0.05739030561582958,-0.05347535948310854,0.0014705096476187436,0.059697527438402176,0.17960423231124878,-0.006110089831054232,0.05947261735222447,0.1796590044605347,0.004207869134492117
0.9000000000000006,-0.5580880641937256,2.9580380991101265,1.9786019325256348,-1.2315936286710314,-0.1671324673056129,0.05871877067891637,0.058562877793710603,-0.05014591289813762,0.0014711692205107835,0.057178694754838943,0.16788607835769653,-0.012591611593961737,0.05731639818042551,0.16833524826999086,-0.002747206030455165
0.9100000000000006,-0.5580880641937256,2.9580380991101265,1.9786019325256348,-1.2315936286710314,-0.1671324673056129,0.05871877067891637,0.058562877793710603,-0.05014591289813762,0.0014711692205107835,0.057178694754838943,0.16788607835769653,-0.012591611593961737,0.05731639818042551,0.16833524826999086,-0.002747206030455165
0.9200000000000006,-0.5580880641937256,2.9580380991101265,1.9786019325256348,-1.2315936286710314,-0.1671324673056129,0.05871877067891637,0.058562877793710603,-0.05014591289813762,0.0014711692205107835,0.057178694754838943,0.16788607835769653,-0.012591611593961737,0.05731639818042551,0.16833524826999086,-0.002747206030455165
0.9300000000000006,-0.5896602869033813,2.952091407030821,1.97883939743042,-1.2385207190406793,-0.18630287028349665,0.05316993844721392,0.06080581556097736,-0.04424405852346097,0.0015522605961599675,0.04929773882031441,0.13798026740550995,-0.007957030087709444,0.04927814764757082,0.13820880111999978,0.00044294232033962493
0.9400000000000006,-0.5896602869033813,2.952091407030821,1.97883939743042,-1.2385207190406793,-0.18630287028349665,0.05316993844721392,0.06080581556097736,-0.04424405852346097,0.0015522605961599675,0.04929773882031441,0.13798026740550995,-0.007957030087709444,0.04927814764757082,0.13820880111999978,0.00044294232033962493
0.9500000000000006,-0.5896602869033813,2.952091407030821,1.97883939743042,-1.2385207190406793,-0.18630287028349665,0.05316993844721392,0.06080581556097736,-0.04424405852346097,0.0015522605961599675,0.04929773882031441,0.13798026740550995,-0.007957030087709444,0.04927814764757082,0.13820880111999978,0.00044294232033962493
0.9600000000000006,-0.5896602869033813,2.952091407030821,1.97883939743042,-1.2385207190406793,-0.18630287028349665,0.05316993844721392,0.06080581556097736,-0.04424405852346097,0.0015522605961599675,0.04929773882031441,0.13798026740550995,-0.007957030087709444,0.04927814764757082,0.13820880111999978,0.00044294232033962493
0.9700000000000006,-0.6357879042625427,2.942849911749363,1.979016661643982,-1.2468595677736463,-0.21460566843981144,0.04968460777915781,0.062178785658539855,-0.0395131148384348,0.001605365252984003,0.030637424439191818,0.10864783078432083,-0.007760624401271356,0.030676736315809215,0.10892010657043319,-0.0009951659887397362
0.9800000000000006,-0.6357879042625427,2.942849911749363,1.979016661643982,-1.2468595677736463,-0.21460566843981144,0.04968460777915781,0.062178785658539855,-0.0395131148384348,0.001605365252984003,0.030637424439191818,0.10864783078432083,-0.007760624401271356,0.030676736315809215,0.10892010657043319,-0.0009951659887397362
0.9900000000000007,-0.6357879042625427,2.942849911749363,1.979016661643982,-1.2468595677736463,-0.21460566843981144,0.04968460777915781,0.062178785658539855,-0.0395131148384348,0.001605365252984003,0.030637424439191818,0.10864783078432083,-0.007760624401271356,0.030676736315809215,0.10892010657043319,-0.0009951659887397362
1.0000000000000007,-0.6733646988868713,2.9347804114222527,1.9791169166564941,-1.2516579139800619,-0.23651674742616977,0.04816896179614002,0.06294589778415244,-0.03744173731668663,0.0016100281179330343,0.03805098682641983,0.10204550623893738,-0.005574535112828028,0.03801893632273513,0.10219407378510309,0.0008562100938740827
1.0100000000000007,-0.6733646988868713,2.9347804114222527,1.9791169166564941,-1.2516579139800619,-0.23651674742616977,0.04816896179614002,0.06294589778415244,-0.03744173731668663,0.0016100281179330343,0.03805098682641983,0.10204550623893738,-0.005574535112828028,0.03801893632273513,0.10219407378510309,0.0008562100938740827
1.0200000000000007,-0.6733646988868713,2.9347804114222527,1.9791169166564941,-1.2516579139800619,-0.23651674742616977,0.04816896179614002,0.06294589778415244,-0.03744173731668663,0.0016100281179330343,0.03805098682641983,0.10204550623893738,-0.005574535112828028,0.03801893632273513,0.10219407378510309,0.0008562100938740827
1.0300000000000007,-0.7062617540359497,2.9271194636821747,1.9791890382766724,-1.2544832496428795,-0.2564334627149666,0.04449240739750661,0.06426598703658461,-0.033312234507201395,0.0014414438236558316,0.032652489840984344,0.10142843425273895,-0.013326459564268601,0.03287859821893586,0.1020748993454051,-0.006788803142253559
1.0400000000000007,-0.7062617540359497,2.9271194636821747,1.9791890382766724,-1.2544832496428795,-0.2564334627149666,0.04449240739750661,0.06426598703658461,-0.033312234507201395,0.0014414438236558316,0.032652489840984344,0.10142843425273895,-0.013326459564268601,0.03287859821893586,0.1020748993454051,-0.006788803142253559
1.0500000000000007,-0.7062617540359497,2.9271194636821747,1.9791890382766724,-1.2544832496428795,-0.2564334627149666,0.04449240739750661,0.06426598703658461,-0.033312234507201395,0.0014414438236558316,0.032652489840984344,0.10142843425273895,-0.013326459564268601,0.03287859821893586,0.1020748993454051,-0.006788803142253559
1.0600000000000007,-0.7062617540359497,2.9271194636821747,1.9791890382766724,-1.2544832496428795,-0.2564334627149666,0.04449240739750661,0.06426598703658461,-0.033312234507201395,0.0014414438236558316,0.032652489840984344,0.10142843425273895,-0.013326459564268601,0.03287859821893586,0.1020748993454051,-0.006788803142253559
1.0700000000000007,-0.753906786441803,2.9153785556554794,1.97921884059906,-1.2579928222715213,-0.2844512940653866,0.041252071721338476,0.06524946221522328,-0.02959576145582046,0.0014633345782885869,0.03387601301074028,0.09922628104686737,-0.002701148856431258,0.03376427214543234,0.09919125188724426,0.003776121104884509
1.0800000000000007,-0.753906786441803,2.9153785556554794,1.97921884059906,-1.2579928222715213,-0.2844512940653866,0.041252071721338476,0.06524946221522328,-0.02959576145582046,0.0014633345782885869,0.03387601301074028,0.09922628104686737,-0.002701148856431258,0.03376427214543234,0.09919125188724426,0.003776121104884509
1.0900000000000007,-0.753906786441803,2.9153785556554794,1.97921884059906,-1.2579928222715213,-0.2844512940653866,0.041252071721338476,0.06524946221522328,-0.02959576145582046,0.0014633345782885869,0.03387601301074028,0.09922628104686737,-0.002701148856431258,0.03376427214543234,0.09919125188724426,0.003776121104884509
1.1000000000000008,-0.7924694418907166,2.9052638188004494,1.9792213439941406,-1.260236819095805,-0.30764200718169077,0.041587398078595704,0.06595518662037733,-0.02763724681282406,0.001385493159729529,0.03716038912534714,0.09513433277606964,-0.004733801819384109,0.03711763598939057,0.09523947894907414,0.0015471359838939438
1.1100000000000008,-0.7924694418907166,2.9052638188004494,1.9792213439941406,-1.260236819095805,-0.30764200718169077,0.041587398078595704,0.06595518662037733,-0.02763724681282406,0.001385493159729529,0.03716038912534714,0.09513433277606964,-0.004733801819384109,0.03711763598939057,0.09523947894907414,0.0015471359838939438
1.1200000000000008,-0.7924694418907166,2.9052638188004494,1.9792213439941406,-1.260236819095805,-0.30764200718169077,0.041587398078595704,0.06595518662037733,-0.02763724681282406,0.001385493159729529,0.03716038912534714,0.09513433277606964,-0.004733801819384109,0.03711763598939057,0.09523947894907414,0.0015471359838939438
1.1300000000000008,-0.8262133598327637,2.8957969918847084,1.979378342628479,-1.2616499134222796,-0.3275136046749914,0.03821606134452647,0.06722200853971967,-0.023454489589877336,0.0014262095288676791,0.027612432837486267,0.0919293463230133,-0.0033714554738253468,0.027546485920365415,0.09194818479314579,0.0028119547702442895
1.1400000000000008,-0.8262133598327637,2.8957969918847084,1.979378342628479,-1.2616499134222796,-0.3275136046749914,0.03821606134452647,0.06722200853971967,-0.023454489589877336,0.0014262095288676791,0.027612432837486267,0.0919293463230133,-0.0033714554738253468,0.027546485920365415,0.09194818479314579,0.0028119547702442895
1.1500000000000008,-0.8262133598327637,2.8957969918847084,1.979378342628479,-1.2616499134222796,-0.3275136046749914,0.03821606134452647,0.06722200853971967,-0.023454489589877336,0.0014262095288676791,0.027612432837486267,0.0919293463230133,-0.0033714554738253468,0.027546485920365415,0.09194818479314579,0.0028119547702442895
1.1600000000000008,-0.8262133598327637,2.8957969918847084,1.979378342628479,-1.2616499134222796,-0.3275136046749914,0.03821606134452647,0.06722200853971967,-0.023454489589877336,0.0014262095288676791,0.027612432837486267,0.0919293463230133,-0.0033714554738253468,0.027546485920365415,0.09194818479314579,0.0028119547702442895
1.1700000000000008,-0.8748656511306763,2.881418377161026,1.9795278310775757,-1.2614521568682222,-0.3560017123736084,0.036902104557142365,0.06820078521576496,-0.020119395858165558,0.0014042564199631077,0.02789558283984661,0.10379526019096375,-0.005662671290338052,0.02786693046489106,0.10393985915963308,0.0014242131464457252
1.1800000000000008,-0.8748656511306763,2.881418377161026,1.9795278310775757,-1.2614521568682222,-0.3560017123736084,0.036902104557142365,0.06820078521576496,-0.020119395858165558,0.0014042564199631077,0.02789558283984661,0.10379526019096375,-0.005662671290338052,0.02786693046489106,0.10393985915963308,0.0014242131464457252
1.1900000000000008,-0.8748656511306763,2.881418377161026,1.9795278310775757,-1.2614521568682222,-0.3560017123736084,0.036902104557142365,0.06820078521576496,-0.020119395858165558,0.0014042564199631077,0.02789558283984661,0.10379526019096375,-0.005662671290338052,0.02786693046489106,0.10393985915963308,0.0014242131464457252
1.2000000000000008,-0.9140204787254333,2.869181513786316,1.979709267616272,-1.2610498247895172,-0.3781222100085682,0.03637939927027719,0.06878394604623933,-0.018046406563655415,0.001445673103544,0.029594961553812027,0.10447156429290771,-0.002041902393102659,0.029502134703292406,0.10436486153298512,0.00514406504771557
1.2100000000000009,-0.9140204787254333,2.869181513786316,1.979709267616272,-1.2610498247895172,-0.3781222100085682,0.03637939927027719,0.06878394604623933,-0.018046406563655415,0.001445673103544,0.029594961553812027,0.10447156429290771,-0.002041902393102659,0.029502134703292406,0.10436486153298512,0.00514406504771557
1.2200000000000009,-0.9140204787254333,2.869181513786316,1.979709267616272,-1.2610498247895172,-0.3781222100085682,0.03637939927027719,0.06878394604623933,-0.018046406563655415,0.001445673103544,0.029594961553812027,0.10447156429290771,-0.002041902393102659,0.029502134703292406,0.10436486153298512,0.00514406504771557
1.2300000000000009,-0.9472874402999878,2.8574836254119873,1.9801663160324097,-1.2598721022904458,-0.3975336228705461,0.03328310531115219,0.06990036897669291,-0.01334707724825794,0.0014531444209695775,0.027310462668538094,0.10755886137485504,-0.0050939396023750435,0.027278016893217773,0.10765197710623953,0.0024309995421526154
1.2400000000000009,-0.9472874402999878,2.8574836254119873,1.9801663160324097,-1.2598721022904458,-0.3975336228705461,0.03328310531115219,0.06990036897669291,-0.01334707724825794,0.0014531444209695775,0.027310462668538094,0.10755886137485504,-0.0050939396023750435,0.027278016893217773,0.10765197710623953,0.0024309995421526154
1.2500000000000009,-0.9472874402999878,2.8574836254119873,1.9801663160324097,-1.2598721022904458,-0.3975336228705461,0.03328310531115219,0.06990036897669291,-0.01334707724825794,0.0014531444209695775,0.027310462668538094,0.10755886137485504,-0.0050939396023750435,0.027278016893217773,0.10765197710623953,0.0024309995421526154
1.260000000000001,-0.9472874402999878,2.8574836254119873,1.9801663160324097,-1.2598721022904458,-0.3975336228705461,0.03328310531115219,0.06990036897669291,-0.01334707724825794,0.0014531444209695775,0.027310462668538094,0.10755886137485504,-0.0050939396023750435,0.027278016893217773,0.10765197710623953,0.0024309995421526154
1.270000000000001,-0.9927853345870972,2.8389992713928223,1.981336236000061,-1.2539564919005952,-0.4259823280534734,0.0318670906628192,0.07062004160614198,-0.009382735668547698,0.0015252060536296765,0.030623583123087883,0.10884293168783188,-0.005747308023273958,0.030605313251798816,0.10897717211474615,0.001947208149534602
1.280000000000001,-0.9927853345870972,2.8389992713928223,1.981336236000061,-1.2539564919005952,-0.4259823280534734,0.0318670906628192,0.07062004160614198,-0.009382735668547698,0.0015252060536296765,0.030623583123087883,0.10884293168783188,-0.005747308023273958,0.030605313251798816,0.10897717211474615,0.001947208149534602
1.290000000000001,-0.9927853345870972,2.8389992713928223,1.981336236000061,-1.2539564919005952,-0.4259823280534734,0.0318670906628192,0.07062004160614198,-0.009382735668547698,0.0015252060536296765,0.030623583123087883,0.10884293168783188,-0.005747308023273958,0.030605313251798816,0.10897717211474615,0.001947208149534602
1.300000000000001,-1.0295970439910889,2.8235970586538315,1.982322335243225,-1.2466265199062103,-0.4503701547047642,0.030881595491318407,0.07124189675034438,-0.006675838677939279,0.0016172416949828468,0.022565167397260666,0.1121026873588562,-0.002473117783665671,0.022528364222423373,0.11199436483169381,0.005512932528925743
1.310000000000001,-1.0295970439910889,2.8235970586538315,1.982322335243225,-1.2466265199062103,-0.4503701547047642,0.030881595491318407,0.07124189675034438,-0.006675838677939279,0.0016172416949828468,0.022565167397260666,0.1121026873588562,-0.002473117783665671,0.022528364222423373,0.11199436483169381,0.005512932528925743
1.320000000000001,-1.0295970439910889,2.8235970586538315,1.982322335243225,-1.2466265199062103,-0.4503701547047642,0.030881595491318407,0.07124189675034438,-0.006675838677939279,0.0016172416949828468,0.022565167397260666,0.1121026873588562,-0.002473117783665671,0.022528364222423373,0.11199436483169381,0.005512932528925743
1.330000000000001,-1.0615061521530151,2.8094514161348343,1.9833166599273682,-1.2397933299154744,-0.4709116852009293,0.02736560560606746,0.07216858611151579,-0.0031747128329103215,0.001653763784263013,0.01962955668568611,0.0889015942811966,-0.006674122065305721,0.019630338984203008,0.08915142540015873,-0.00024641593497615535
1.340000000000001,-1.0615061521530151,2.8094514161348343,1.9833166599273682,-1.2397933299154744,-0.4709116852009293,0.02736560560606746,0.07216858611151579,-0.0031747128329103215,0.001653763784263013,0.01962955668568611,0.0889015942811966,-0.006674122065305721,0.019630338984203008,0.08915142540015873,-0.00024641593497615535
1.350000000000001,-1.0615061521530151,2.8094514161348343,1.9833166599273682,-1.2397933299154744,-0.4709116852009293,0.02736560560606746,0.07216858611151579,-0.0031747128329103215,0.001653763784263013,0.01962955668568611,0.0889015942811966,-0.006674122065305721,0.019630338984203008,0.08915142540015873,-0.00024641593497615535
1.360000000000001,-1.0615061521530151,2.8094514161348343,1.9833166599273682,-1.2397933299154744,-0.4709116852009293,0.02736560560606746,0.07216858611151579,-0.0031747128329103215,0.001653763784263013,0.01962955668568611,0.0889015942811966,-0.006674122065305721,0.019630338984203008,0.08915142540015873,-0.00024641593497615535
1.370000000000001,-1.1074696779251099,2.788504421710968,1.9844977855682373,-1.231244217248926,-0.5007557440640166,0.023217473527051162,0.0726839709488293,2.926587630594509e-06,0.001543194267334225,0.01175837591290474,0.062209345400333405,-0.006266274955123671,0.011758370843797555,0.06250014982596656,-0.001732087954738351
1.380000000000001,-1.1074696779251099,2.788504421710968,1.9844977855682373,-1.231244217248926,-0.5007557440640166,0.023217473527051162,0.0726839709488293,2.926587630594509e-06,0.001543194267334225,0.01175837591290474,0.062209345400333405,-0.006266274955123671,0.011758370843797555,0.06250014982596656,-0.001732087954738351
1.390000000000001,-1.1074696779251099,2.788504421710968,1.9844977855682373,-1.231244217248926,-0.5007557440640166,0.023217473527051162,0.0726839709488293,2.926587630594509e-06,0.001543194267334225,0.01175837591290474,0.062209345400333405,-0.006266274955123671,0.011758370843797555,0.06250014982596656,-0.001732087954738351
1.400000000000001,-1.1444485187530518,2.771087497472763,1.9851785898208618,-1.2244201484040906,-0.5232439278065358,0.022358251828498276,0.07287761967948996,0.001103366380059218,0.001446248465211003,0.008906295523047447,0.05124504491686821,-0.01102474424988032,0.008898280480754644,0.05191176623615345,-0.00726417268455054
1.410000000000001,-1.1444485187530518,2.771087497472763,1.9851785898208618,-1.2244201484040906,-0.5232439278065358,0.022358251828498276,0.07287761967948996,0.001103366380059218,0.001446248465211003,0.008906295523047447,0.05124504491686821,-0.01102474424988032,0.008898280480754644,0.05191176623615345,-0.00726417268455054
1.420000000000001,-1.1444485187530518,2.771087497472763,1.9851785898208618,-1.2244201484040906,-0.5232439278065358,0.022358251828498276,0.07287761967948996,0.001103366380059218,0.001446248465211003,0.008906295523047447,0.05124504491686821,-0.01102474424988032,0.008898280480754644,0.05191176623615345,-0.00726417268455054
1.430000000000001,-1.1765366792678833,2.7552310079336166,1.9860385656356812,-1.2171459587394606,-0.5421128417076776,0.021632148642551967,0.07276953417652259,0.0027151111105761048,0.0012680022594876025,-0.012953263707458973,0.0413673035800457,-0.007847326807677751,-0.012966347684241264,0.041828366052137786,-0.004818953009625161
1.440000000000001,-1.1765366792678833,2.7552310079336166,1.9860385656356812,-1.2171459587394606,-0.5421128417076776,0.021632148642551967,0.07276953417652259,0.0027151111105761048,0.0012680022594876025,-0.012953263707458973,0.0413673035800457,-0.007847326807677751,-0.012966347684241264,0.041828366052137786,-0.004818953009625161
1.450000000000001,-1.1765366792678833,2.7552310079336166,1.9860385656356812,-1.2171459587394606,-0.5421128417076776,0.021632148642551967,0.07276953417652259,0.0027151111105761048,0.0012680022594876025,-0.012953263707458973,0.0413673035800457,-0.007847326807677751,-0.012966347684241264,0.041828366052137786,-0.004818953009625161
1.460000000000001,-1.1765366792678833,2.7552310079336166,1.9860385656356812,-1.2171459587394606,-0.5421128417076776,0.021632148642551967,0.07276953417652259,0.0027151111105761048,0.0012680022594876025,-0.012953263707458973,0.0413673035800457,-0.007847326807677751,-0.012966347684241264,0.041828366052137786,-0.004818953009625161
1.470000000000001,-1.222511649131775,2.7318471670150757,1.9871306419372559,-1.2067051368926722,-0.5706022818135416,0.02164435148480235,0.07271727689960773,0.005047876258924677,0.0012347813198134053,0.00794961303472519,0.05376685783267021,-0.0058868126943707536,0.007939694273972713,0.054052462030662746,-0.001964945725141123
1.480000000000001,-1.222511649131775,2.7318471670150757,1.9871306419372559,-1.2067051368926722,-0.5706022818135416,0.02164435148480235,0.07271727689960773,0.005047876258924677,0.0012347813198134053,0.00794961303472519,0.05376685783267021,-0.0058868126943707536,0.007939694273972713,0.054052462030662746,-0.001964945725141123
1.490000000000001,-1.222511649131775,2.7318471670150757,1.9871306419372559,-1.2067051368926722,-0.5706022818135416,0.02164435148480235,0.07271727689960773,0.005047876258924677,0.0012347813198134053,0.00794961303472519,0.05376685783267021,-0.0058868126943707536,0.007939694273972713,0.054052462030662746,-0.001964945725141123
1.500000000000001,-1.2593579292297363,2.712451159954071,1.9879332780838013,-1.1991861765382446,-0.5934046396935941,0.021310068816922156,0.0728031831168907,0.006211481045421378,0.001194968042095814,0.0026989926118403673,0.05634510517120361,-0.007207182701677091,0.0026798013062825647,0.05672009048418255,-0.0030896703742797653
1.5100000000000011,-1.2593579292297363,2.712451159954071,1.9879332780838013,-1.1991861765382446,-0.5934046396935941,0.021310068816922156,0.0728031831168907,0.006211481045421378,0.001194968042095814,0.0026989926118403673,0.05634510517120361,-0.007207182701677091,0.0026798013062825647,0.05672009048418255,-0.0030896703742797653
1.5200000000000011,-1.2593579292297363,2.712451159954071,1.9879332780838013,-1.1991861765382446,-0.5934046396935941,0.021310068816922156,0.0728031831168907,0.006211481045421378,0.001194968042095814,0.0026989926118403673,0.05634510517120361,-0.007207182701677091,0.0026798013062825647,0.05672009048418255,-0.0030896703742797653
1.5300000000000011,-1.2913516759872437,2.694894164800644,1.9886614084243774,-1.1920933117787664,-0.6108272991730307,0.020218159324788362,0.07314957949087622,0.008542557647691826,0.001177264386385848,0.007613884750753641,0.05984470620751381,-0.005398862063884742,0.007605250474456479,0.0600792396234018,-0.0010107489664050973
1.5400000000000011,-1.2913516759872437,2.694894164800644,1.9886614084243774,-1.1920933117787664,-0.6108272991730307,0.020218159324788362,0.07314957949087622,0.008542557647691826,0.001177264386385848,0.007613884750753641,0.05984470620751381,-0.005398862063884742,0.007605250474456479,0.0600792396234018,-0.0010107489664050973
1.5500000000000012,-1.2913516759872437,2.694894164800644,1.9886614084243774,-1.1920933117787664,-0.6108272991730307,0.020218159324788362,0.07314957949087622,0.008542557647691826,0.001177264386385848,0.007613884750753641,0.05984470620751381,-0.005398862063884742,0.007605250474456479,0.0600792396234018,-0.0010107489664050973
1.5600000000000012,-1.2913516759872437,2.694894164800644,1.9886614084243774,-1.1920933117787664,-0.6108272991730307,0.020218159324788362,0.07314957949087622,0.008542557647691826,0.001177264386385848,0.007613884750753641,0.05984470620751381,-0.005398862063884742,0.007605250474456479,0.0600792396234018,-0.0010107489664050973
1.5700000000000012,-1.3370522260665894,2.6691296994686127,1.9894304275512695,-1.180447026879274,-0.6359960763705873,0.01708798721933702,0.07323891211006776,0.011271820176416602,0.0012191893533987966,0.002206849865615368,0.07849667221307755,-0.006628707982599745,0.002197076048223994,0.07877128611313543,-0.0008671203238210527
1.5800000000000012,-1.3370522260665894,2.6691296994686127,1.9894304275512695,-1.180447026879274,-0.6359960763705873,0.01708798721933702,0.07323891211006776,0.011271820176416602,0.0012191893533987966,0.002206849865615368,0.07849667221307755,-0.006628707982599745,0.002197076048223994,0.07877128611313543,-0.0008671203238210527
1.5900000000000012,-1.3370522260665894,2.6691296994686127,1.9894304275512695,-1.180447026879274,-0.6359960763705873,0.01708798721933702,0.07323891211006776,0.011271820176416602,0.0012191893533987966,0.002206849865615368,0.07849667221307755,-0.006628707982599745,0.002197076048223994,0.07877128611313543,-0.0008671203238210527
1.6000000000000012,-1.3735113143920898,2.647889643907547,1.9897985458374023,-1.1703606554894284,-0.6564146625680838,0.016178539617200588,0.0733745327954325,0.012439809596174965,0.0012313672841910846,0.010771418921649456,0.07111905515193939,-0.007029175292700538,0.010749068212920968,0.07144299464214869,-0.0017967546065626732
1.6100000000000012,-1.3735113143920898,2.647889643907547,1.9897985458374023,-1.1703606554894284,-0.6564146625680838,0.016178539617200588,0.0733745327954325,0.012439809596174965,0.0012313672841910846,0.010771418921649456,0.07111905515193939,-0.007029175292700538,0.010749068212920968,0.07144299464214869,-0.0017967546065626732
1.6200000000000012,-1.3735113143920898,2.647889643907547,1.9897985458374023,-1.1703606554894284,-0.6564146625680838,0.016178539617200588,0.0733745327954325,0.012439809596174965,0.0012313672841910846,0.010771418921649456,0.07111905515193939,-0.007029175292700538,0.010749068212920968,0.07144299464214869,-0.0017967546065626732
1.6300000000000012,-1.404405951499939,2.6284701824188232,1.990411400794983,-1.161472859337248,-0.6754446094920543,0.013905126815771985,0.07403592799742056,0.015862095024281975,0.0012482090317192938,0.014331674203276634,0.07941330224275589,-0.004327250644564638,0.014356400068982844,0.07951583625343404,0.0015588673855332397
1.6400000000000012,-1.404405951499939,2.6284701824188232,1.990411400794983,-1.161472859337248,-0.6754446094920543,0.013905126815771985,0.07403592799742056,0.015862095024281975,0.0012482090317192938,0.014331674203276634,0.07941330224275589,-0.004327250644564638,0.014356400068982844,0.07951583625343404,0.0015588673855332397
1.6500000000000012,-1.404405951499939,2.6284701824188232,1.990411400794983,-1.161472859337248,-0.6754446094920543,0.013905126815771985,0.07403592799742056,0.015862095024281975,0.0012482090317192938,0.014331674203276634,0.07941330224275589,-0.004327250644564638,0.014356400068982844,0.07951583625343404,0.0015588673855332397
1.6600000000000013,-1.404405951499939,2.6284701824188232,1.990411400794983,-1.161472859337248,-0.6754446094920543,0.013905126815771985,0.07403592799742056,0.015862095024281975,0.0012482090317192938,0.014331674203276634,0.07941330224275589,-0.004327250644564638,0.014356400068982844,0.07951583625343404,0.0015588673855332397
1.6700000000000013,-1.4466242790222168,2.599306583404541,1.991233468055725,-1.1456867018013892,-0.7014921819218085,0.013790327929071984,0.07457457418998692,0.018745355474301145,0.0012259426785129022,0.016923032701015472,0.08407957851886749,-0.005306808277964602,0.016941261507834954,0.08424127439898396,0.0009725008657906234
1.6800000000000013,-1.4466242790222168,2.599306583404541,1.991233468055725,-1.1456867018013892,-0.7014921819218085,0.013790327929071984,0.07457457418998692,0.018745355474301145,0.0012259426785129022,0.016923032701015472,0.08407957851886749,-0.005306808277964602,0.016941261507834954,0.08424127439898396,0.0009725008657906234
1.6900000000000013,-1.4466242790222168,2.599306583404541,1.991233468055725,-1.1456867018013892,-0.7014921819218085,0.013790327929071984,0.07457457418998692,0.018745355474301145,0.0012259426785129022,0.016923032701015472,0.08407957851886749,-0.005306808277964602,0.016941261507834954,0.08424127439898396,0.0009725008657906234
1.7000000000000013,-1.4804805517196655,2.5754365622997284,1.9916412830352783,-1.1328198624746697,-0.7228320252219762,0.011761191271410065,0.07502561968268592,0.020931450263778368,0.001238089119820269,0.016546478495001793,0.09211139380931854,-0.006716033443808567,0.016550813873391957,0.0923556770720279,0.00020713782012677398
1.7100000000000013,-1.4804805517196655,2.5754365622997284,1.9916412830352783,-1.1328198624746697,-0.7228320252219762,0.011761191271410065,0.07502561968268592,0.020931450263778368,0.001238089119820269,0.016546478495001793,0.09211139380931854,-0.006716033443808567,0.016550813873391957,0.0923556770720279,0.00020713782012677398
1.7200000000000013,-1.4804805517196655,2.5754365622997284,1.9916412830352783,-1.1328198624746697,-0.7228320252219762,0.011761191271410065,0.07502561968268592,0.020931450263778368,0.001238089119820269,0.016546478495001793,0.09211139380931854,-0.006716033443808567,0.016550813873391957,0.0923556770720279,0.00020713782012677398
1.7300000000000013,-1.509667158126831,2.5539524257183075,1.991956114768982,-1.1205430366308153,-0.7414792411743834,0.009739839599877422,0.07536321716739758,0.023952094118494565,0.001292427957537596,0.004503375850617886,0.06940150260925293,-0.007112077437341222,0.0044586602560386076,0.06973999079469193,-0.0018670547227017439
1.7400000000000013,-1.509667158126831,2.5539524257183075,1.991956114768982,-1.1205430366308153,-0.7414792411743834,0.009739839599877422,0.07536321716739758,0.023952094118494565,0.001292427957537596,0.004503375850617886,0.06940150260925293,-0.007112077437341222,0.0044586602560386076,0.06973999079469193,-0.0018670547227017439
1.7500000000000013,-1.509667158126831,2.5539524257183075,1.991956114768982,-1.1205430366308153,-0.7414792411743834,0.009739839599877422,0.07536321716739758,0.023952094118494565,0.001292427957537596,0.004503375850617886,0.06940150260925293,-0.007112077437341222,0.0044586602560386076,0.06973999079469193,-0.0018670547227017439
1.7600000000000013,-1.509667158126831,2.5539524257183075,1.991956114768982,-1.1205430366308153,-0.7414792411743834,0.009739839599877422,0.07536321716739758,0.023952094118494565,0.001292427957537596,0.004503375850617886,0.06940150260925293,-0.007112077437341222,0.0044586602560386076,0.06973999079469193,-0.0018670547227017439
1.7700000000000014,-1.551348328590393,2.5225849747657776,1.9920963048934937,-1.1028830430940493,-0.768422262665414,0.008570910254854458,0.07547150612034198,0.02658409210380507,0.001317867270502989,-0.0011710742255672812,0.06425078213214874,-0.0036845512222498733,-0.0011399518477715473,0.06434569912534711,0.0011708522429967325
1.7800000000000014,-1.551348328590393,2.5225849747657776,1.9920963048934937,-1.1028830430940493,-0.768422262665414,0.008570910254854458,0.07547150612034198,0.02658409210380507,0.001317867270502989,-0.0011710742255672812,0.06425078213214874,-0.0036845512222498733,-0.0011399518477715473,0.06434569912534711,0.0011708522429967325
1.7900000000000014,-1.551348328590393,2.5225849747657776,1.9920963048934937,-1.1028830430940493,-0.768422262665414,0.008570910254854458,0.07547150612034198,0.02658409210380507,0.001317867270502989,-0.0011710742255672812,0.06425078213214874,-0.0036845512222498733,-0.0011399518477715473,0.06434569912534711,0.0011708522429967325
1.8000000000000014,-1.584545373916626,2.4968655109405518,1.992052435874939,-1.0878008978264135,-0.789620362949205,0.010009931186284068,0.07548260114976467,0.027490670894353288,0.0013336109906090738,0.00022989034187048674,0.05630999058485031,-0.004930814728140838,0.0002114563660153156,0.05652148757398092,-0.00067063834140858
1.8100000000000014,-1.584545373916626,2.4968655109405518,1.992052435874939,-1.0878008978264135,-0.789620362949205,0.010009931186284068,0.07548260114976467,0.027490670894353288,0.0013336109906090738,0.00022989034187048674,0.05630999058485031,-0.004930814728140838,0.0002114563660153156,0.05652148757398092,-0.00067063834140858
1.8200000000000014,-1.584545373916626,2.4968655109405518,1.992052435874939,-1.0878008978264135,-0.789620362949205,0.010009931186284068,0.07548260114976467,0.027490670894353288,0.0013336109906090738,0.00022989034187048674,0.05630999058485031,-0.004930814728140838,0.0002114563660153156,0.05652148757398092,-0.00067063834140858
1.8300000000000014,-1.613153338432312,2.473788857460022,1.9920647144317627,-1.0749310119474822,-0.8074577336535238,0.009895983139840109,0.0750425796227475,0.029655129881915526,0.0012888606603938338,-0.014555448666214943,0.04972590506076813,-0.008297959342598922,-0.014690316643544098,0.05020807379737619,-0.004548546833053806
1.8400000000000014,-1.613153338432312,2.473788857460022,1.9920647144317627,-1.0749310119474822,-0.8074577336535238,0.009895983139840109,0.0750425796227475,0.029655129881915526,0.0012888606603938338,-0.014555448666214943,0.04972590506076813,-0.008297959342598922,-0.014690316643544098,0.05020807379737619,-0.004548546833053806
1.8500000000000014,-1.613153338432312,2.473788857460022,1.9920647144317627,-1.0749310119474822,-0.8074577336535238,0.009895983139840109,0.0750425796227475,0.029655129881915526,0.0012888606603938338,-0.014555448666214943,0.04972590506076813,-0.008297959342598922,-0.014690316643544098,0.05020807379737619,-0.004548546833053806
1.8600000000000014,-1.613153338432312,2.473788857460022,1.9920647144317627,-1.0749310119474822,-0.8074577336535238,0.009895983139840109,0.0750425796227475,0.029655129881915526,0.0012888606603938338,-0.014555448666214943,0.04972590506076813,-0.008297959342598922,-0.014690316643544098,0.05020807379737619,-0.004548546833053806
1.8700000000000014,-1.6538174152374268,2.4401164054870605,1.9920164346694946,-1.0563626032250235,-0.8329502679490157,0.010918513467648515,0.07443152728293168,0.03176285540958433,0.0012531671271964599,-0.012368332594633102,0.05055031552910805,-0.0011551695642992917,-0.012285496022119553,0.05049625613526675,0.0026084085251252866
1.8800000000000014,-1.6538174152374268,2.4401164054870605,1.9920164346694946,-1.0563626032250235,-0.8329502679490157,0.010918513467648515,0.07443152728293168,0.03176285540958433,0.0012531671271964599,-0.012368332594633102,0.05055031552910805,-0.0011551695642992917,-0.012285496022119553,0.05049625613526675,0.0026084085251252866
1.8900000000000015,-1.6538174152374268,2.4401164054870605,1.9920164346694946,-1.0563626032250235,-0.8329502679490157,0.010918513467648515,0.07443152728293168,0.03176285540958433,0.0012531671271964599,-0.012368332594633102,0.05055031552910805,-0.0011551695642992917,-0.012285496022119553,0.05049625613526675,0.0026084085251252866
1.9000000000000015,-1.6860897541046143,2.4125831723213196,1.9919108152389526,-1.0416702063256444,-0.8517110488261486,0.01143962135037999,0.07424826471238219,0.03266219258818104,0.0012145704355565894,-0.012178950943052769,0.054421283304691315,-0.009720781818032272,-0.012363787531572338,0.05499243346786204,-0.0056600443046395
1.9100000000000015,-1.6860897541046143,2.4125831723213196,1.9919108152389526,-1.0416702063256444,-0.8517110488261486,0.01143962135037999,0.07424826471238219,0.03266219258818104,0.0012145704355565894,-0.012178950943052769,0.054421283304691315,-0.009720781818032272,-0.012363787531572338,0.05499243346786204,-0.0056600443046395
1.9200000000000015,-1.6860897541046143,2.4125831723213196,1.9919108152389526,-1.0416702063256444,-0.8517110488261486,0.01143962135037999,0.07424826471238219,0.03266219258818104,0.0012145704355565894,-0.012178950943052769,0.054421283304691315,-0.009720781818032272,-0.012363787531572338,0.05499243346786204,-0.0056600443046395
1.9300000000000015,-1.7139054536819458,2.3879721760749817,1.991938829421997,-1.028185616160104,-0.8686649193911021,0.009667242168236875,0.07346611454323977,0.035075334956235674,0.001191527462618821,-0.021083856001496315,0.056307509541511536,-0.004748066421598203,-0.021104990019974262,0.05650413275324232,-0.000602655757481606
1.9400000000000015,-1.7139054536819458,2.3879721760749817,1.991938829421997,-1.028185616160104,-0.8686649193911021,0.009667242168236875,0.07346611454323977,0.035075334956235674,0.001191527462618821,-0.021083856001496315,0.056307509541511536,-0.004748066421598203,-0.021104990019974262,0.05650413275324232,-0.000602655757481606
1.9500000000000015,-1.7139054536819458,2.3879721760749817,1.991938829421997,-1.028185616160104,-0.8686649193911021,0.009667242168236875,0.07346611454323977,0.035075334956235674,0.001191527462618821,-0.021083856001496315,0.056307509541511536,-0.004748066421598203,-0.021104990019974262,0.05650413275324232,-0.000602655757481606
1.9600000000000015,-1.7139054536819458,2.3879721760749817,1.991938829421997,-1.028185616160104,-0.8686649193911021,0.009667242168236875,0.07346611454323977,0.035075334956235674,0.001191527462618821,-0.021083856001496315,0.056307509541511536,-0.004748066421598203,-0.021104990019974262,0.05650413275324232,-0.000602655757481606
1.9700000000000015,-1.7532867193222046,2.3521342277526855,1.9919074773788452,-1.0077956687064815,-0.8921390929665116,0.010383837793334204,0.07306842388346403,0.037492366104300984,0.0012471828185926497,-0.0028702067211270332,0.06030620262026787,-0.0033597748260945155,-0.002830755664871279,0.06039056205064913,0.0010524889317220921
1.9800000000000015,-1.7532867193222046,2.3521342277526855,1.9919074773788452,-1.0077956687064815,-0.8921390929665116,0.010383837793334204,0.07306842388346403,0.037492366104300984,0.0012471828185926497,-0.0028702067211270332,0.06030620262026787,-0.0033597748260945155,-0.002830755664871279,0.06039056205064913,0.0010524889317220921
1.9900000000000015,-1.7532867193222046,2.3521342277526855,1.9919074773788452,-1.0077956687064815,-0.8921390929665116,0.010383837793334204,0.07306842388346403,0.037492366104300984,0.0012471828185926497,-0.0028702067211270332,0.06030620262026787,-0.0033597748260945155,-0.002830755664871279,0.06039056205064913,0.0010524889317220921
2.0000000000000013,-1.7844245433807373,2.322875142097473,1.9919679164886475,-0.9927733800756646,-0.9102488440230301,0.011684628906002512,0.07304672573443105,0.03856358456776331,0.001279855982608202,-0.004287877585738897,0.06580767035484314,-0.0033403681591153227,-0.004231110811427265,0.06587596535189187,0.0014723954608525883
2.010000000000001,-1.7844245433807373,2.322875142097473,1.9919679164886475,-0.9927733800756646,-0.9102488440230301,0.011684628906002512,0.07304672573443105,0.03856358456776331,0.001279855982608202,-0.004287877585738897,0.06580767035484314,-0.0033403681591153227,-0.004231110811427265,0.06587596535189187,0.0014723954608525883
2.020000000000001,-1.7844245433807373,2.322875142097473,1.9919679164886475,-0.9927733800756646,-0.9102488440230301,0.011684628906002512,0.07304672573443105,0.03856358456776331,0.001279855982608202,-0.004287877585738897,0.06580767035484314,-0.0033403681591153227,-0.004231110811427265,0.06587596535189187,0.0014723954608525883
2.0300000000000007,-1.8104586601257324,2.296503007411957,1.9922683238983154,-0.9778779814070884,-0.9264962170101002,0.011764392756927117,0.07271258318105914,0.041375858231564214,0.001283348279813571,-0.010902944020926952,0.06869547069072723,-0.003345569130033263,-0.010834473580133556,0.06875700076709743,0.0016553126408686703
2.0400000000000005,-1.8104586601257324,2.296503007411957,1.9922683238983154,-0.9778779814070884,-0.9264962170101002,0.011764392756927117,0.07271258318105914,0.041375858231564214,0.001283348279813571,-0.010902944020926952,0.06869547069072723,-0.003345569130033263,-0.010834473580133556,0.06875700076709743,0.0016553126408686703
2.0500000000000003,-1.8104586601257324,2.296503007411957,1.9922683238983154,-0.9778779814070884,-0.9264962170101002,0.011764392756927117,0.07271258318105914,0.041375858231564214,0.001283348279813571,-0.010902944020926952,0.06869547069072723,-0.003345569130033263,-0.010834473580133556,0.06875700076709743,0.0016553126408686703
2.06,-1.8104586601257324,2.296503007411957,1.9922683238983154,-0.9778779814070884,-0.9264962170101002,0.011764392756927117,0.07271258318105914,0.041375858231564214,0.001283348279813571,-0.010902944020926952,0.06869547069072723,-0.003345569130033263,-0.010834473580133556,0.06875700076709743,0.0016553126408686703
2.07,-1.8453094959259033,2.2574947476387024,1.9930243492126465,-0.9549356114568175,-0.9501358620229593,0.012027114499053243,0.07219437921555726,0.0439926782435865,0.001370442300984168,-0.016211925074458122,0.07440860569477081,-0.006290403194725523,-0.016251843369432646,0.07466851738462726,-0.0009076777203286794
2.0799999999999996,-1.8453094959259033,2.2574947476387024,1.9930243492126465,-0.9549356114568175,-0.9501358620229593,0.012027114499053243,0.07219437921555726,0.0439926782435865,0.001370442300984168,-0.016211925074458122,0.07440860569477081,-0.006290403194725523,-0.016251843369432646,0.07466851738462726,-0.0009076777203286794
2.0899999999999994,-1.8453094959259033,2.2574947476387024,1.9930243492126465,-0.9549356114568175,-0.9501358620229593,0.012027114499053243,0.07219437921555726,0.0439926782435865,0.001370442300984168,-0.016211925074458122,0.07440860569477081,-0.006290403194725523,-0.016251843369432646,0.07466851738462726,-0.0009076777203286794
2.099999999999999,-1.873022437095642,2.225798189640045,1.9934618473052979,-0.9361399601762573,-0.9685645221815166,0.011268213067313087,0.07195243442613311,0.04581044456243618,0.001471908143950166,-0.005062241572886705,0.07525806128978729,-0.0009257037891075107,-0.004856545235645163,0.07512988326440308,0.004491733324994743
2.109999999999999,-1.873022437095642,2.225798189640045,1.9934618473052979,-0.9361399601762573,-0.9685645221815166,0.011268213067313087,0.07195243442613311,0.04581044456243618,0.001471908143950166,-0.005062241572886705,0.07525806128978729,-0.0009257037891075107,-0.004856545235645163,0.07512988326440308,0.004491733324994743
2.1199999999999988,-1.873022437095642,2.225798189640045,1.9934618473052979,-0.9361399601762573,-0.9685645221815166,0.011268213067313087,0.07195243442613311,0.04581044456243618,0.001471908143950166,-0.005062241572886705,0.07525806128978729,-0.0009257037891075107,-0.004856545235645163,0.07512988326440308,0.004491733324994743
2.1299999999999986,-1.896695852279663,2.1975731253623962,1.9938111305236816,-0.918041579681796,-0.9833988577824555,0.00978971420873078,0.07133114776164458,0.04851763704346296,0.0014826692894339985,-0.02749416045844555,0.062269750982522964,-0.0024249511770904142,-0.0273961156112772,0.06228422766781201,0.002021601408019744
2.1399999999999983,-1.896695852279663,2.1975731253623962,1.9938111305236816,-0.918041579681796,-0.9833988577824555,0.00978971420873078,0.07133114776164458,0.04851763704346296,0.0014826692894339985,-0.02749416045844555,0.062269750982522964,-0.0024249511770904142,-0.0273961156112772,0.06228422766781201,0.002021601408019744
2.149999999999998,-1.896695852279663,2.1975731253623962,1.9938111305236816,-0.918041579681796,-0.9833988577824555,0.00978971420873078,0.07133114776164458,0.04851763704346296,0.0014826692894339985,-0.02749416045844555,0.062269750982522964,-0.0024249511770904142,-0.0273961156112772,0.06228422766781201,0.002021601408019744
2.159999999999998,-1.896695852279663,2.1975731253623962,1.9938111305236816,-0.918041579681796,-0.9833988577824555,0.00978971420873078,0.07133114776164458,0.04851763704346296,0.0014826692894339985,-0.02749416045844555,0.062269750982522964,-0.0024249511770904142,-0.0273961156112772,0.06228422766781201,0.002021601408019744
2.1699999999999977,-1.930201530456543,2.156741738319397,1.994036078453064,-0.891954310306803,-1.005173107358575,0.008356591915453737,0.07033842847751103,0.050668643078352386,0.0014441665267829417,-0.023919712752103806,0.04345721751451492,-0.002765611978247767,-0.02390473144315785,0.04354412809161339,0.0002957987472480114
2.1799999999999975,-1.930201530456543,2.156741738319397,1.994036078453064,-0.891954310306803,-1.005173107358575,0.008356591915453737,0.07033842847751103,0.050668643078352386,0.0014441665267829417,-0.023919712752103806,0.04345721751451492,-0.002765611978247767,-0.02390473144315785,0.04354412809161339,0.0002957987472480114
2.1899999999999973,-1.930201530456543,2.156741738319397,1.994036078453064,-0.891954310306803,-1.005173107358575,0.008356591915453737,0.07033842847751103,0.050668643078352386,0.0014441665267829417,-0.023919712752103806,0.04345721751451492,-0.002765611978247767,-0.02390473144315785,0.04354412809161339,0.0002957987472480114
2.199999999999997,-1.9566353559494019,2.123602330684662,1.9940327405929565,-0.8719904745445929,-1.0217074091098013,0.010351399760614194,0.07003052540298474,0.05138272942493758,0.0014545496728553564,-0.019541025161743164,0.0435139425098896,-0.0030483047012239747,-0.019540820418136158,0.04362058388485608,3.986431444096411e-06
2.209999999999997,-1.9566353559494019,2.123602330684662,1.9940327405929565,-0.8719904745445929,-1.0217074091098013,0.010351399760614194,0.07003052540298474,0.05138272942493758,0.0014545496728553564,-0.019541025161743164,0.0435139425098896,-0.0030483047012239747,-0.019540820418136158,0.04362058388485608,3.986431444096411e-06
2.2199999999999966,-1.9566353559494019,2.123602330684662,1.9940327405929565,-0.8719904745445929,-1.0217074091098013,0.010351399760614194,0.07003052540298474,0.05138272942493758,0.0014545496728553564,-0.019541025161743164,0.0435139425098896,-0.0030483047012239747,-0.019540820418136158,0.04362058388485608,3.986431444096411e-06
2.2299999999999964,-1.9791966676712036,2.09413743019104,1.9940334558486938,-0.8548305484885115,-1.0368391817616023,0.009726429572105195,0.06914503783108673,0.052909247588286704,0.0013188889589492905,-0.02135394886136055,0.03190178424119949,-0.011648692190647129,-0.02185264820166279,0.032630360428929604,-0.009429960065379436
2.239999999999996,-1.9791966676712036,2.09413743019104,1.9940334558486938,-0.8548305484885115,-1.0368391817616023,0.009726429572105195,0.06914503783108673,0.052909247588286704,0.0013188889589492905,-0.02135394886136055,0.03190178424119949,-0.011648692190647129,-0.02185264820166279,0.032630360428929604,-0.009429960065379436
2.249999999999996,-1.9791966676712036,2.09413743019104,1.9940334558486938,-0.8548305484885115,-1.0368391817616023,0.009726429572105195,0.06914503783108673,0.052909247588286704,0.0013188889589492905,-0.02135394886136055,0.03190178424119949,-0.011648692190647129,-0.02185264820166279,0.032630360428929604,-0.009429960065379436
2.259999999999996,-1.9791966676712036,2.09413743019104,1.9940334558486938,-0.8548305484885115,-1.0368391817616023,0.009726429572105195,0.06914503783108673,0.052909247588286704,0.0013188889589492905,-0.02135394886136055,0.03190178424119949,-0.011648692190647129,-0.02185264820166279,0.032630360428929604,-0.009429960065379436
2.2699999999999956,-2.0110185146331787,2.0515023469924927,1.9942446947097778,-0.8309487953926673,-1.0565591030831294,0.01135678350004335,0.06828055497775648,0.054034420830997944,0.0011710113460693256,-0.024479832500219345,0.03175416216254234,-0.008395851589739326,-0.024815701312679923,0.032252996301177,-0.006218856487925308
2.2799999999999954,-2.0110185146331787,2.0515023469924927,1.9942446947097778,-0.8309487953926673,-1.0565591030831294,0.01135678350004335,0.06828055497775648,0.054034420830997944,0.0011710113460693256,-0.024479832500219345,0.03175416216254234,-0.008395851589739326,-0.024815701312679923,0.032252996301177,-0.006218856487925308
2.289999999999995,-2.0110185146331787,2.0515023469924927,1.9942446947097778,-0.8309487953926673,-1.0565591030831294,0.01135678350004335,0.06828055497775648,0.054034420830997944,0.0011710113460693256,-0.024479832500219345,0.03175416216254234,-0.008395851589739326,-0.024815701312679923,0.032252996301177,-0.006218856487925308
2.299999999999995,-2.036067485809326,2.0169443488121033,1.9943137168884277,-0.8115962433710012,-1.0722534340493928,0.011351636479005212,0.06765018947367367,0.055033332089422744,0.0010251083914760513,-0.02612851932644844,0.042746394872665405,-0.010794764384627347,-0.026562646540748375,0.043378327670582105,-0.007892424701652913
2.3099999999999947,-2.036067485809326,2.0169443488121033,1.9943137168884277,-0.8115962433710012,-1.0722534340493928,0.011351636479005212,0.06765018947367367,0.055033332089422744,0.0010251083914760513,-0.02612851932644844,0.042746394872665405,-0.010794764384627347,-0.026562646540748375,0.043378327670582105,-0.007892424701652913
2.3199999999999945,-2.036067485809326,2.0169443488121033,1.9943137168884277,-0.8115962433710012,-1.0722534340493928,0.011351636479005212,0.06765018947367367,0.055033332089422744,0.0010251083914760513,-0.02612851932644844,0.042746394872665405,-0.010794764384627347,-0.026562646540748375,0.043378327670582105,-0.007892424701652913
2.3299999999999943,-2.05745005607605,1.986280083656311,1.9944233894348145,-0.7936363756934838,-1.085742563309976,0.010320396031582423,0.06657703232632195,0.056912770980133226,0.0009017364300507526,-0.02993966080248356,0.047765862196683884,-0.00862250197678805,-0.030248782770714217,0.048233676771259365,-0.005434437712332854
2.339999999999994,-2.05745005607605,1.986280083656311,1.9944233894348145,-0.7936363756934838,-1.085742563309976,0.010320396031582423,0.06657703232632195,0.056912770980133226,0.0009017364300507526,-0.02993966080248356,0.047765862196683884,-0.00862250197678805,-0.030248782770714217,0.048233676771259365,-0.005434437712332854
2.349999999999994,-2.05745005607605,1.986280083656311,1.9944233894348145,-0.7936363756934838,-1.085742563309976,0.010320396031582423,0.06657703232632195,0.056912770980133226,0.0009017364300507526,-0.02993966080248356,0.047765862196683884,-0.00862250197678805,-0.030248782770714217,0.048233676771259365,-0.005434437712332854
2.3599999999999937,-2.05745005607605,1.986280083656311,1.9944233894348145,-0.7936363756934838,-1.085742563309976,0.010320396031582423,0.06657703232632195,0.056912770980133226,0.0009017364300507526,-0.02993966080248356,0.047765862196683884,-0.00862250197678805,-0.030248782770714217,0.048233676771259365,-0.005434437712332854
2.3699999999999934,-2.0874221324920654,1.941991925239563,1.9943983554840088,-0.7677096455754421,-1.1034920750537605,0.010098312408661755,0.0656901790995339,0.05900065524074,0.0008939771867299481,-0.026140227913856506,0.05976836010813713,-0.003716173116117723,-0.02612751544041113,0.05988339081856933,0.00021558831689451848
2.3799999999999932,-2.0874221324920654,1.941991925239563,1.9943983554840088,-0.7677096455754421,-1.1034920750537605,0.010098312408661755,0.0656901790995339,0.05900065524074,0.0008939771867299481,-0.026140227913856506,0.05976836010813713,-0.003716173116117723,-0.02612751544041113,0.05988339081856933,0.00021558831689451848
2.389999999999993,-2.0874221324920654,1.941991925239563,1.9943983554840088,-0.7677096455754421,-1.1034920750537605,0.010098312408661755,0.0656901790995339,0.05900065524074,0.0008939771867299481,-0.026140227913856506,0.05976836010813713,-0.003716173116117723,-0.02612751544041113,0.05988339081856933,0.00021558831689451848
2.399999999999993,-2.11085844039917,1.9061248302459717,1.9942646026611328,-0.746113017709769,-1.1171650046512782,0.01093702357276045,0.0651777434261555,0.06057090710704329,0.0008607024077386143,-0.023409074172377586,0.06691670417785645,-0.005407158751040705,-0.023471980429635837,0.06712679571623548,-0.001039190961131557
2.4099999999999926,-2.11085844039917,1.9061248302459717,1.9942646026611328,-0.746113017709769,-1.1171650046512782,0.01093702357276045,0.0651777434261555,0.06057090710704329,0.0008607024077386143,-0.023409074172377586,0.06691670417785645,-0.005407158751040705,-0.023471980429635837,0.06712679571623548,-0.001039190961131557
2.4199999999999924,-2.11085844039917,1.9061248302459717,1.9942646026611328,-0.746113017709769,-1.1171650046512782,0.01093702357276045,0.0651777434261555,0.06057090710704329,0.0008607024077386143,-0.023409074172377586,0.06691670417785645,-0.005407158751040705,-0.023471980429635837,0.06712679571623548,-0.001039190961131557
2.429999999999992,-2.1298909187316895,1.8741862773895264,1.9942245483398438,-0.7270202405874499,-1.1291911226142688,0.010969473509159625,0.06432330840630397,0.06293934268383838,0.0008096975679167046,-0.022635407745838165,0.05984114855527878,-0.003501764498651035,-0.022613223535805915,0.059942485001088584,0.00035270249843348094
2.439999999999992,-2.1298909187316895,1.8741862773895264,1.9942245483398438,-0.7270202405874499,-1.1291911226142688,0.010969473509159625,0.06432330840630397,0.06293934268383838,0.0008096975679167046,-0.022635407745838165,0.05984114855527878,-0.003501764498651035,-0.022613223535805915,0.059942485001088584,0.00035270249843348094
2.4499999999999917,-2.1298909187316895,1.8741862773895264,1.9942245483398438,-0.7270202405874499,-1.1291911226142688,0.010969473509159625,0.06432330840630397,0.06293934268383838,0.0008096975679167046,-0.022635407745838165,0.05984114855527878,-0.003501764498651035,-0.022613223535805915,0.059942485001088584,0.00035270249843348094
2.4599999999999915,-2.1298909187316895,1.8741862773895264,1.9942245483398438,-0.7270202405874499,-1.1291911226142688,0.010969473509159625,0.06432330840630397,0.06293934268383838,0.0008096975679167046,-0.022635407745838165,0.05984114855527878,-0.003501764498651035,-0.022613223535805915,0.059942485001088584,0.00035270249843348094
2.4699999999999913,-2.154322385787964,1.827591061592102,1.9942493438720703,-0.6990969082339064,-1.146184062180749,0.012876958936943827,0.06357487004102085,0.06543715521180407,0.0007873644281055309,-0.014650383964180946,0.06443734467029572,-0.0013144549448043186,-0.014468075065689678,0.0643906782722573,0.002788004328104132
2.479999999999991,-2.154322385787964,1.827591061592102,1.9942493438720703,-0.6990969082339064,-1.146184062180749,0.012876958936943827,0.06357487004102085,0.06543715521180407,0.0007873644281055309,-0.014650383964180946,0.06443734467029572,-0.0013144549448043186,-0.014468075065689678,0.0643906782722573,0.002788004328104132
2.489999999999991,-2.154322385787964,1.827591061592102,1.9942493438720703,-0.6990969082339064,-1.146184062180749,0.012876958936943827,0.06357487004102085,0.06543715521180407,0.0007873644281055309,-0.014650383964180946,0.06443734467029572,-0.0013144549448043186,-0.014468075065689678,0.0643906782722573,0.002788004328104132
2.4999999999999907,-2.1736109256744385,1.7899807691574097,1.9943174123764038,-0.6762512980606524,-1.1590515915309985,0.013555003363214434,0.06313007420378387,0.06694885096055218,0.000774058102285173,-0.02003582753241062,0.06090002506971359,-0.0052729249000549394,-0.020131060734558122,0.061111368771652234,-0.0014235402036059757
2.5099999999999905,-2.1736109256744385,1.7899807691574097,1.9943174123764038,-0.6762512980606524,-1.1590515915309985,0.013555003363214434,0.06313007420378387,0.06694885096055218,0.000774058102285173,-0.02003582753241062,0.06090002506971359,-0.0052729249000549394,-0.020131060734558122,0.061111368771652234,-0.0014235402036059757
2.5199999999999902,-2.1736109256744385,1.7899807691574097,1.9943174123764038,-0.6762512980606524,-1.1590515915309985,0.013555003363214434,0.06313007420378387,0.06694885096055218,0.000774058102285173,-0.02003582753241062,0.06090002506971359,-0.0052729249000549394,-0.020131060734558122,0.061111368771652234,-0.0014235402036059757
2.52999999999999,-2.1897881031036377,1.7566981315612793,1.9944361448287964,-0.6545155693556856,-1.1708087826021616,0.0131987829053042,0.062195346760966094,0.06912956974346025,0.0007087592699972517,-0.025794075801968575,0.04837353527545929,-0.0017566621536389052,-0.02570729024190921,0.04838919048435866,0.0012564047795274491
2.53999999999999,-2.1897881031036377,1.7566981315612793,1.9944361448287964,-0.6545155693556856,-1.1708087826021616,0.0131987829053042,0.062195346760966094,0.06912956974346025,0.0007087592699972517,-0.025794075801968575,0.04837353527545929,-0.0017566621536389052,-0.02570729024190921,0.04838919048435866,0.0012564047795274491
2.5499999999999896,-2.1897881031036377,1.7566981315612793,1.9944361448287964,-0.6545155693556856,-1.1708087826021616,0.0131987829053042,0.062195346760966094,0.06912956974346025,0.0007087592699972517,-0.025794075801968575,0.04837353527545929,-0.0017566621536389052,-0.02570729024190921,0.04838919048435866,0.0012564047795274491
2.5599999999999894,-2.1897881031036377,1.7566981315612793,1.9944361448287964,-0.6545155693556856,-1.1708087826021616,0.0131987829053042,0.062195346760966094,0.06912956974346025,0.0007087592699972517,-0.025794075801968575,0.04837353527545929,-0.0017566621536389052,-0.02570729024190921,0.04838919048435866,0.0012564047795274491
2.569999999999989,-2.212498188018799,1.7087620496749878,1.9947106838226318,-0.6249492449831802,-1.1874073976941368,0.013875959983163023,0.06099757664028663,0.07094974825671078,0.0006247412671274298,-0.027797939255833626,0.04122849553823471,-0.003867365885525947,-0.027893661742336043,0.041387573483719346,-0.001350291510349899
2.579999999999989,-2.212498188018799,1.7087620496749878,1.9947106838226318,-0.6249492449831802,-1.1874073976941368,0.013875959983163023,0.06099757664028663,0.07094974825671078,0.0006247412671274298,-0.027797939255833626,0.04122849553823471,-0.003867365885525947,-0.027893661742336043,0.041387573483719346,-0.001350291510349899
2.5899999999999888,-2.212498188018799,1.7087620496749878,1.9947106838226318,-0.6249492449831802,-1.1874073976941368,0.013875959983163023,0.06099757664028663,0.07094974825671078,0.0006247412671274298,-0.027797939255833626,0.04122849553823471,-0.003867365885525947,-0.027893661742336043,0.041387573483719346,-0.001350291510349899
2.5999999999999885,-2.230205774307251,1.6700432300567627,1.9948588609695435,-0.6011803631500907,-1.1997636926914634,0.015807505424631538,0.060512375523071885,0.07146535816999806,0.0006171364401170395,-0.030149664729833603,0.030354976654052734,-0.0021106675267219582,-0.030169070135313763,0.03042706105240278,-0.000271767105369742
2.6099999999999883,-2.230205774307251,1.6700432300567627,1.9948588609695435,-0.6011803631500907,-1.1997636926914634,0.015807505424631538,0.060512375523071885,0.07146535816999806,0.0006171364401170395,-0.030149664729833603,0.030354976654052734,-0.0021106675267219582,-0.030169070135313763,0.03042706105240278,-0.000271767105369742
2.619999999999988,-2.230205774307251,1.6700432300567627,1.9948588609695435,-0.6011803631500907,-1.1997636926914634,0.015807505424631538,0.060512375523071885,0.07146535816999806,0.0006171364401170395,-0.030149664729833603,0.030354976654052734,-0.0021106675267219582,-0.030169070135313763,0.03042706105240278,-0.000271767105369742
2.629999999999988,-2.245023012161255,1.6358319520950317,1.9951354265213013,-0.5807347405136265,-1.2101341400091694,0.015459876348741623,0.05898353620727118,0.07262324288311671,0.0005526750763572751,-0.036140307784080505,0.025193888694047928,0.0006474339170381396,-0.03598524072637033,0.025111910101539077,0.002137104360955261
2.6399999999999877,-2.245023012161255,1.6358319520950317,1.9951354265213013,-0.5807347405136265,-1.2101341400091694,0.015459876348741623,0.05898353620727118,0.07262324288311671,0.0005526750763572751,-0.036140307784080505,0.025193888694047928,0.0006474339170381396,-0.03598524072637033,0.025111910101539077,0.002137104360955261
2.6499999999999875,-2.245023012161255,1.6358319520950317,1.9951354265213013,-0.5807347405136265,-1.2101341400091694,0.015459876348741623,0.05898353620727118,0.07262324288311671,0.0005526750763572751,-0.036140307784080505,0.025193888694047928,0.0006474339170381396,-0.03598524072637033,0.025111910101539077,0.002137104360955261
2.6599999999999873,-2.245023012161255,1.6358319520950317,1.9951354265213013,-0.5807347405136265,-1.2101341400091694,0.015459876348741623,0.05898353620727118,0.07262324288311671,0.0005526750763572751,-0.036140307784080505,0.025193888694047928,0.0006474339170381396,-0.03598524072637033,0.025111910101539077,0.002137104360955261
2.669999999999987,-2.265622615814209,1.5866057872772217,1.9953386783599854,-0.5494349500678204,-1.223614427296385,0.015747195661054245,0.057356929450014804,0.07357272543253462,0.0003191366928436214,-0.047181833535432816,0.024369120597839355,-0.010480856522917751,-0.04785009784630158,0.024929866798272023,-0.009091243631958228
2.679999999999987,-2.265622615814209,1.5866057872772217,1.9953386783599854,-0.5494349500678204,-1.223614427296385,0.015747195661054245,0.057356929450014804,0.07357272543253462,0.0003191366928436214,-0.047181833535432816,0.024369120597839355,-0.010480856522917751,-0.04785009784630158,0.024929866798272023,-0.009091243631958228
2.6899999999999866,-2.265622615814209,1.5866057872772217,1.9953386783599854,-0.5494349500678204,-1.223614427296385,0.015747195661054245,0.057356929450014804,0.07357272543253462,0.0003191366928436214,-0.047181833535432816,0.024369120597839355,-0.010480856522917751,-0.04785009784630158,0.024929866798272023,-0.009091243631958228
2.6999999999999864,-2.2815146446228027,1.546913743019104,1.9952681064605713,-0.5255555262427056,-1.2341326697187922,0.016680845602956993,0.05652257876227711,0.0742444350444016,0.0003527337549161945,-0.03816838562488556,0.03644164651632309,0.0014953867066651537,-0.0379042077267054,0.03629897197736083,0.0035614892351057193
2.709999999999986,-2.2815146446228027,1.546913743019104,1.9952681064605713,-0.5255555262427056,-1.2341326697187922,0.016680845602956993,0.05652257876227711,0.0742444350444016,0.0003527337549161945,-0.03816838562488556,0.03644164651632309,0.0014953867066651537,-0.0379042077267054,0.03629897197736083,0.0035614892351057193
2.719999999999986,-2.2815146446228027,1.546913743019104,1.9952681064605713,-0.5255555262427056,-1.2341326697187922,0.016680845602956993,0.05652257876227711,0.0742444350444016,0.0003527337549161945,-0.03816838562488556,0.03644164651632309,0.0014953867066651537,-0.0379042077267054,0.03629897197736083,0.0035614892351057193
2.7299999999999858,-2.294764280319214,1.5119130611419678,1.99520742893219,-0.5039862319921681,-1.2428721412273394,0.01599830219380577,0.055073390143159554,0.07572405041446534,0.00020996666794112002,-0.04141617566347122,0.03644496574997902,-0.010128160938620573,-0.042031221717389565,0.03694721973140932,-0.008129969759054584
2.7399999999999856,-2.294764280319214,1.5119130611419678,1.99520742893219,-0.5039862319921681,-1.2428721412273394,0.01599830219380577,0.055073390143159554,0.07572405041446534,0.00020996666794112002,-0.04141617566347122,0.03644496574997902,-0.010128160938620573,-0.042031221717389565,0.03694721973140932,-0.008129969759054584
2.7499999999999853,-2.294764280319214,1.5119130611419678,1.99520742893219,-0.5039862319921681,-1.2428721412273394,0.01599830219380577,0.055073390143159554,0.07572405041446534,0.00020996666794112002,-0.04141617566347122,0.03644496574997902,-0.010128160938620573,-0.042031221717389565,0.03694721973140932,-0.008129969759054584
2.759999999999985,-2.294764280319214,1.5119130611419678,1.99520742893219,-0.5039862319921681,-1.2428721412273394,0.01599830219380577,0.055073390143159554,0.07572405041446534,0.00020996666794112002,-0.04141617566347122,0.03644496574997902,-0.010128160938620573,-0.042031221717389565,0.03694721973140932,-0.008129969759054584
2.769999999999985,-2.312993288040161,1.461586833000183,1.9951328039169312,-0.47359782623396335,-1.2548768687918586,0.016032665169361998,0.05334373170380927,0.07712119201914365,0.00014813460565951323,-0.03828771039843559,0.032778043299913406,-0.001795212388969962,-0.038291186573186836,0.03282713643407794,-4.5118895522876805e-05
2.7799999999999847,-2.312993288040161,1.461586833000183,1.9951328039169312,-0.47359782623396335,-1.2548768687918586,0.016032665169361998,0.05334373170380927,0.07712119201914365,0.00014813460565951323,-0.03828771039843559,0.032778043299913406,-0.001795212388969962,-0.038291186573186836,0.03282713643407794,-4.5118895522876805e-05
2.7899999999999845,-2.312993288040161,1.461586833000183,1.9951328039169312,-0.47359782623396335,-1.2548768687918586,0.016032665169361998,0.05334373170380927,0.07712119201914365,0.00014813460565951323,-0.03828771039843559,0.032778043299913406,-0.001795212388969962,-0.038291186573186836,0.03282713643407794,-4.5118895522876805e-05
2.7999999999999843,-2.3268911838531494,1.4210829734802246,1.9950062036514282,-0.4483217456646138,-1.2620198399016336,0.017594911199610333,0.05271878930441642,0.07787314048193185,0.0001300957745027077,-0.0317533016204834,0.03762415423989296,-0.0022501524072140503,-0.03177393651409025,0.03769045286206612,-0.0002652488909552018
2.809999999999984,-2.3268911838531494,1.4210829734802246,1.9950062036514282,-0.4483217456646138,-1.2620198399016336,0.017594911199610333,0.05271878930441642,0.07787314048193185,0.0001300957745027077,-0.0317533016204834,0.03762415423989296,-0.0022501524072140503,-0.03177393651409025,0.03769045286206612,-0.0002652488909552018
2.819999999999984,-2.3268911838531494,1.4210829734802246,1.9950062036514282,-0.4483217456646138,-1.2620198399016336,0.017594911199610333,0.05271878930441642,0.07787314048193185,0.0001300957745027077,-0.0317533016204834,0.03762415423989296,-0.0022501524072140503,-0.03177393651409025,0.03769045286206612,-0.0002652488909552018
2.8299999999999836,-2.3376214504241943,1.3854840993881226,1.9950411319732666,-0.4270462886931307,-1.2705654717108195,0.017773383050124887,0.05148856317936953,0.07935569897962796,0.00019376548632745732,-0.035000696778297424,0.03952404484152794,0.00024155888240783921,-0.03481975274569649,0.039459233842683045,0.0022825592259945273
2.8399999999999834,-2.3376214504241943,1.3854840993881226,1.9950411319732666,-0.4270462886931307,-1.2705654717108195,0.017773383050124887,0.05148856317936953,0.07935569897962796,0.00019376548632745732,-0.035000696778297424,0.03952404484152794,0.00024155888240783921,-0.03481975274569649,0.039459233842683045,0.0022825592259945273
2.849999999999983,-2.3376214504241943,1.3854840993881226,1.9950411319732666,-0.4270462886931307,-1.2705654717108195,0.017773383050124887,0.05148856317936953,0.07935569897962796,0.00019376548632745732,-0.035000696778297424,0.03952404484152794,0.00024155888240783921,-0.03481975274569649,0.039459233842683045,0.0022825592259945273
2.859999999999983,-2.3376214504241943,1.3854840993881226,1.9950411319732666,-0.4270462886931307,-1.2705654717108195,0.017773383050124887,0.05148856317936953,0.07935569897962796,0.00019376548632745732,-0.035000696778297424,0.03952404484152794,0.00024155888240783921,-0.03481975274569649,0.039459233842683045,0.0022825592259945273
2.869999999999983,-2.3503527641296387,1.33454430103302,1.995205283164978,-0.3958348492678087,-1.2794690762560634,0.020961207679210427,0.04995069870509817,0.08094189728883183,0.00017436536352696285,-0.03742999583482742,0.0356832817196846,-0.008480305783450609,-0.03797252581443179,0.03606219586107424,-0.006710033451741709
2.8799999999999826,-2.3503527641296387,1.33454430103302,1.995205283164978,-0.3958348492678087,-1.2794690762560634,0.020961207679210427,0.04995069870509817,0.08094189728883183,0.00017436536352696285,-0.03742999583482742,0.0356832817196846,-0.008480305783450609,-0.03797252581443179,0.03606219586107424,-0.006710033451741709
2.8899999999999824,-2.3503527641296387,1.33454430103302,1.995205283164978,-0.3958348492678087,-1.2794690762560634,0.020961207679210427,0.04995069870509817,0.08094189728883183,0.00017436536352696285,-0.03742999583482742,0.0356832817196846,-0.008480305783450609,-0.03797252581443179,0.03606219586107424,-0.006710033451741709
2.899999999999982,-2.3601527214050293,1.2935454845428467,1.9954156875610352,-0.3707597137099294,-1.2863133624145113,0.02185504964627749,0.0493866057227141,0.08170552004812627,0.00019131374007476658,-0.025699492543935776,0.03584716096520424,-0.00018558227748144857,-0.025569758154961094,0.03581261513059832,0.0015895969823515113
2.909999999999982,-2.3601527214050293,1.2935454845428467,1.9954156875610352,-0.3707597137099294,-1.2863133624145113,0.02185504964627749,0.0493866057227141,0.08170552004812627,0.00019131374007476658,-0.025699492543935776,0.03584716096520424,-0.00018558227748144857,-0.025569758154961094,0.03581261513059832,0.0015895969823515113
2.9199999999999817,-2.3601527214050293,1.2935454845428467,1.9954156875610352,-0.3707597137099294,-1.2863133624145113,0.02185504964627749,0.0493866057227141,0.08170552004812627,0.00019131374007476658,-0.025699492543935776,0.03584716096520424,-0.00018558227748144857,-0.025569758154961094,0.03581261513059832,0.0015895969823515113
2.9299999999999815,-2.367982864379883,1.257494568824768,1.9956388473510742,-0.3482786195676976,-1.2919736993136353,0.022882226335829283,0.04827355024597233,0.08357392426341934,0.00019641275505244863,-0.028341418132185936,0.04497937858104706,-0.007567404769361024,-0.028792775647358368,0.04529214386308415,-0.005406989954928169
2.9399999999999813,-2.367982864379883,1.257494568824768,1.9956388473510742,-0.3482786195676976,-1.2919736993136353,0.022882226335829283,0.04827355024597233,0.08357392426341934,0.00019641275505244863,-0.028341418132185936,0.04497937858104706,-0.007567404769361024,-0.028792775647358368,0.04529214386308415,-0.005406989954928169
2.949999999999981,-2.367982864379883,1.257494568824768,1.9956388473510742,-0.3482786195676976,-1.2919736993136353,0.022882226335829283,0.04827355024597233,0.08357392426341934,0.00019641275505244863,-0.028341418132185936,0.04497937858104706,-0.007567404769361024,-0.028792775647358368,0.04529214386308415,-0.005406989954928169
2.959999999999981,-2.367982864379883,1.257494568824768,1.9956388473510742,-0.3482786195676976,-1.2919736993136353,0.022882226335829283,0.04827355024597233,0.08357392426341934,0.00019641275505244863,-0.028341418132185936,0.04497937858104706,-0.007567404769361024,-0.028792775647358368,0.04529214386308415,-0.005406989954928169
2.9699999999999807,-2.378649950027466,1.2057350873947144,1.995868444442749,-0.31675574750014585,-1.3000827092047986,0.022485885044426106,0.04712729152970856,0.08488327486043479,0.00019158420130910094,-0.029515597969293594,0.03525899723172188,-0.003681598231196408,-0.02968717436389876,0.03539328922135418,-0.002023750942008314
2.9799999999999804,-2.378649950027466,1.2057350873947144,1.995868444442749,-0.31675574750014585,-1.3000827092047986,0.022485885044426106,0.04712729152970856,0.08488327486043479,0.00019158420130910094,-0.029515597969293594,0.03525899723172188,-0.003681598231196408,-0.02968717436389876,0.03539328922135418,-0.002023750942008314
2.9899999999999802,-2.378649950027466,1.2057350873947144,1.995868444442749,-0.31675574750014585,-1.3000827092047986,0.022485885044426106,0.04712729152970856,0.08488327486043479,0.00019158420130910094,-0.029515597969293594,0.03525899723172188,-0.003681598231196408,-0.02968717436389876,0.03539328922135418,-0.002023750942008314
2.99999999999998,-2.3866426944732666,1.1641021966934204,1.9960638284683228,-0.2912269980518227,-1.305989543866625,0.024062376526358505,0.046529397026407696,0.08542036498689504,0.00014113636077972233,-0.03550516068935394,0.032513827085494995,-0.006697082892060284,-0.035948506173493135,0.03279013626646369,-0.005196478601288011
3.00999999999998,-2.3866426944732666,1.1641021966934204,1.9960638284683228,-0.2912269980518227,-1.305989543866625,0.024062376526358505,0.046529397026407696,0.08542036498689504,0.00014113636077972233,-0.03550516068935394,0.032513827085494995,-0.006697082892060284,-0.035948506173493135,0.03279013626646369,-0.005196478601288011
3.0199999999999796,-2.3866426944732666,1.1641021966934204,1.9960638284683228,-0.2912269980518227,-1.305989543866625,0.024062376526358505,0.046529397026407696,0.08542036498689504,0.00014113636077972233,-0.03550516068935394,0.032513827085494995,-0.006697082892060284,-0.035948506173493135,0.03279013626646369,-0.005196478601288011
3.0299999999999794,-2.392927885055542,1.1275371313095093,1.9962974786758423,-0.26915430940660506,-1.310805772799481,0.02331953936063067,0.045356018047342975,0.08658893409068542,0.00013758296999546714,-0.029092423617839813,0.027126925066113472,-0.006337139289826158,-0.02953519272531488,0.027386356389320854,-0.005119856064464419
3.039999999999979,-2.392927885055542,1.1275371313095093,1.9962974786758423,-0.26915430940660506,-1.310805772799481,0.02331953936063067,0.045356018047342975,0.08658893409068542,0.00013758296999546714,-0.029092423617839813,0.027126925066113472,-0.006337139289826158,-0.02953519272531488,0.027386356389320854,-0.005119856064464419
3.049999999999979,-2.392927885055542,1.1275371313095093,1.9962974786758423,-0.26915430940660506,-1.310805772799481,0.02331953936063067,0.045356018047342975,0.08658893409068542,0.00013758296999546714,-0.029092423617839813,0.027126925066113472,-0.006337139289826158,-0.02953519272531488,0.027386356389320854,-0.005119856064464419
3.0599999999999787,-2.392927885055542,1.1275371313095093,1.9962974786758423,-0.26915430940660506,-1.310805772799481,0.02331953936063067,0.045356018047342975,0.08658893409068542,0.00013758296999546714,-0.029092423617839813,0.027126925066113472,-0.006337139289826158,-0.02953519272531488,0.027386356389320854,-0.005119856064464419
3.0699999999999785,-2.401261806488037,1.0750608444213867,1.9965026378631592,-0.23814833047058578,-1.317373360977797,0.024726321581157243,0.043925079725423644,0.08764626404199877,8.961923895416965e-05,-0.03606954216957092,0.023509079590439796,-0.0038254698738455803,-0.036314657099570276,0.02365438391906341,-0.0028002224346998232
3.0799999999999783,-2.401261806488037,1.0750608444213867,1.9965026378631592,-0.23814833047058578,-1.317373360977797,0.024726321581157243,0.043925079725423644,0.08764626404199877,8.961923895416965e-05,-0.03606954216957092,0.023509079590439796,-0.0038254698738455803,-0.036314657099570276,0.02365438391906341,-0.0028002224346998232
3.089999999999978,-2.401261806488037,1.0750608444213867,1.9965026378631592,-0.23814833047058578,-1.317373360977797,0.024726321581157243,0.043925079725423644,0.08764626404199877,8.961923895416965e-05,-0.03606954216957092,0.023509079590439796,-0.0038254698738455803,-0.036314657099570276,0.02365438391906341,-0.0028002224346998232
3.099999999999978,-2.407316207885742,1.0329021215438843,1.9965463876724243,-0.2142100317419069,-1.3222002430269386,0.02481157562454183,0.04325112472840655,0.08828475158594119,0.00014215169737531974,-0.0356282964348793,0.031954724341630936,0.003952386789023872,-0.03515648247269317,0.03175394890933422,0.005351178015911761
3.1099999999999777,-2.407316207885742,1.0329021215438843,1.9965463876724243,-0.2142100317419069,-1.3222002430269386,0.02481157562454183,0.04325112472840655,0.08828475158594119,0.00014215169737531974,-0.0356282964348793,0.031954724341630936,0.003952386789023872,-0.03515648247269317,0.03175394890933422,0.005351178015911761
3.1199999999999775,-2.407316207885742,1.0329021215438843,1.9965463876724243,-0.2142100317419069,-1.3222002430269386,0.02481157562454183,0.04325112472840655,0.08828475158594119,0.00014215169737531974,-0.0356282964348793,0.031954724341630936,0.003952386789023872,-0.03515648247269317,0.03175394890933422,0.005351178015911761
3.1299999999999772,-2.4119699001312256,0.9959092140197754,1.9967204332351685,-0.1935686108769639,-1.3251119034658903,0.025858938703559094,0.04167844834483725,0.08982564859639032,0.0003772357080477076,-0.03513757884502411,0.03308788686990738,0.0037310486659407577,-0.03467764999693573,0.03290369335840799,0.005127131711256249
3.139999999999977,-2.4119699001312256,0.9959092140197754,1.9967204332351685,-0.1935686108769639,-1.3251119034658903,0.025858938703559094,0.04167844834483725,0.08982564859639032,0.0003772357080477076,-0.03513757884502411,0.03308788686990738,0.0037310486659407577,-0.03467764999693573,0.03290369335840799,0.005127131711256249
3.149999999999977,-2.4119699001312256,0.9959092140197754,1.9967204332351685,-0.1935686108769639,-1.3251119034658903,0.025858938703559094,0.04167844834483725,0.08982564859639032,0.0003772357080477076,-0.03513757884502411,0.03308788686990738,0.0037310486659407577,-0.03467764999693573,0.03290369335840799,0.005127131711256249
3.1599999999999766,-2.4119699001312256,0.9959092140197754,1.9967204332351685,-0.1935686108769639,-1.3251119034658903,0.025858938703559094,0.04167844834483725,0.08982564859639032,0.0003772357080477076,-0.03513757884502411,0.03308788686990738,0.0037310486659407577,-0.03467764999693573,0.03290369335840799,0.005127131711256249
3.1699999999999764,-2.4178478717803955,0.9429066181182861,1.9969587326049805,-0.1617254378207572,-1.3299704988676708,0.027791092067638756,0.0399950104862469,0.09165952709099429,0.00034796819204660273,-0.04265959560871124,0.04464530572295189,-0.003314701374620205,-0.042799947220086065,0.04474213932316707,-0.0015333739465221712
3.179999999999976,-2.4178478717803955,0.9429066181182861,1.9969587326049805,-0.1617254378207572,-1.3299704988676708,0.027791092067638756,0.0399950104862469,0.09165952709099429,0.00034796819204660273,-0.04265959560871124,0.04464530572295189,-0.003314701374620205,-0.042799947220086065,0.04474213932316707,-0.0015333739465221712
3.189999999999976,-2.4178478717803955,0.9429066181182861,1.9969587326049805,-0.1617254378207572,-1.3299704988676708,0.027791092067638756,0.0399950104862469,0.09165952709099429,0.00034796819204660273,-0.04265959560871124,0.04464530572295189,-0.003314701374620205,-0.042799947220086065,0.04474213932316707,-0.0015333739465221712
3.1999999999999758,-2.4218320846557617,0.9003808498382568,1.9971466064453125,-0.13629416007409384,-1.3323843853106956,0.02793073528838195,0.03919986505128502,0.09271106941758216,0.0003668078995382159,-0.03955315053462982,0.05269602686166763,0.0004637235542759235,-0.039318055200429664,0.052637371667624416,0.0025394212492065703
3.2099999999999755,-2.4218320846557617,0.9003808498382568,1.9971466064453125,-0.13629416007409384,-1.3323843853106956,0.02793073528838195,0.03919986505128502,0.09271106941758216,0.0003668078995382159,-0.03955315053462982,0.05269602686166763,0.0004637235542759235,-0.039318055200429664,0.052637371667624416,0.0025394212492065703
3.2199999999999753,-2.4218320846557617,0.9003808498382568,1.9971466064453125,-0.13629416007409384,-1.3323843853106956,0.02793073528838195,0.03919986505128502,0.09271106941758216,0.0003668078995382159,-0.03955315053462982,0.05269602686166763,0.0004637235542759235,-0.039318055200429664,0.052637371667624416,0.0025394212492065703
3.229999999999975,-2.424015998840332,0.8634002208709717,1.9973098039627075,-0.11345844543353471,-1.3336453358431597,0.027870550979111314,0.03780152955680467,0.09455009406660443,0.0002713853017998529,-0.037142589688301086,0.04750709980726242,-0.007397013716399676,-0.037673304313278096,0.0477527129236007,-0.005621424238317376
3.239999999999975,-2.424015998840332,0.8634002208709717,1.9973098039627075,-0.11345844543353471,-1.3336453358431597,0.027870550979111314,0.03780152955680467,0.09455009406660443,0.0002713853017998529,-0.037142589688301086,0.04750709980726242,-0.007397013716399676,-0.037673304313278096,0.0477527129236007,-0.005621424238317376
3.2499999999999747,-2.424015998840332,0.8634002208709717,1.9973098039627075,-0.11345844543353471,-1.3336453358431597,0.027870550979111314,0.03780152955680467,0.09455009406660443,0.0002713853017998529,-0.037142589688301086,0.04750709980726242,-0.007397013716399676,-0.037673304313278096,0.0477527129236007,-0.005621424238317376
3.2599999999999745,-2.424015998840332,0.8634002208709717,1.9973098039627075,-0.11345844543353471,-1.3336453358431597,0.027870550979111314,0.03780152955680467,0.09455009406660443,0.0002713853017998529,-0.037142589688301086,0.04750709980726242,-0.007397013716399676,-0.037673304313278096,0.0477527129236007,-0.005621424238317376
3.2699999999999743,-2.424744129180908,0.8111104965209961,1.997720718383789,-0.07906442363930645,-1.336129684551472,0.02775855992204676,0.0360910538957366,0.09644661079760893,0.00018738807035165595,-0.04380767419934273,0.0471198745071888,-0.007496362552046782,-0.044367958385615316,0.04735968240159698,-0.005818283791136631
3.279999999999974,-2.424744129180908,0.8111104965209961,1.997720718383789,-0.07906442363930645,-1.336129684551472,0.02775855992204676,0.0360910538957366,0.09644661079760893,0.00018738807035165595,-0.04380767419934273,0.0471198745071888,-0.007496362552046782,-0.044367958385615316,0.04735968240159698,-0.005818283791136631
3.289999999999974,-2.424744129180908,0.8111104965209961,1.997720718383789,-0.07906442363930645,-1.336129684551472,0.02775855992204676,0.0360910538957366,0.09644661079760893,0.00018738807035165595,-0.04380767419934273,0.0471198745071888,-0.007496362552046782,-0.044367958385615316,0.04735968240159698,-0.005818283791136631
3.2999999999999736,-2.4247684478759766,0.7690601348876953,1.9979723691940308,-0.05222280633482761,-1.3389835663541043,0.029861096953214917,0.03539849264085362,0.09728776741439046,0.00022059746514364618,-0.027628473937511444,0.04160322993993759,0.002894574077799911,-0.02720245381327958,0.04147472496790675,0.0043858844615349704
3.3099999999999734,-2.4247684478759766,0.7690601348876953,1.9979723691940308,-0.05222280633482761,-1.3389835663541043,0.029861096953214917,0.03539849264085362,0.09728776741439046,0.00022059746514364618,-0.027628473937511444,0.04160322993993759,0.002894574077799911,-0.02720245381327958,0.04147472496790675,0.0043858844615349704
3.319999999999973,-2.4247684478759766,0.7690601348876953,1.9979723691940308,-0.05222280633482761,-1.3389835663541043,0.029861096953214917,0.03539849264085362,0.09728776741439046,0.00022059746514364618,-0.027628473937511444,0.04160322993993759,0.002894574077799911,-0.02720245381327958,0.04147472496790675,0.0043858844615349704
3.329999999999973,-2.4240522384643555,0.7322485446929932,1.9982856512069702,-0.029617463437285566,-1.3406258947102598,0.032251670791715224,0.03405339774603287,0.09900735287714889,0.0003142234292015209,-0.03380442038178444,0.03507689759135246,-0.0005305099184624894,-0.03373845844800897,0.035074623550808474,0.0006673223760633475
3.3399999999999728,-2.4240522384643555,0.7322485446929932,1.9982856512069702,-0.029617463437285566,-1.3406258947102598,0.032251670791715224,0.03405339774603287,0.09900735287714889,0.0003142234292015209,-0.03380442038178444,0.03507689759135246,-0.0005305099184624894,-0.03373845844800897,0.035074623550808474,0.0006673223760633475
3.3499999999999726,-2.4240522384643555,0.7322485446929932,1.9982856512069702,-0.029617463437285566,-1.3406258947102598,0.032251670791715224,0.03405339774603287,0.09900735287714889,0.0003142234292015209,-0.03380442038178444,0.03507689759135246,-0.0005305099184624894,-0.03373845844800897,0.035074623550808474,0.0006673223760633475
3.3599999999999723,-2.4240522384643555,0.7322485446929932,1.9982856512069702,-0.029617463437285566,-1.3406258947102598,0.032251670791715224,0.03405339774603287,0.09900735287714889,0.0003142234292015209,-0.03380442038178444,0.03507689759135246,-0.0005305099184624894,-0.03373845844800897,0.035074623550808474,0.0006673223760633475
3.369999999999972,-2.4223783016204834,0.6794664859771729,1.9986732006072998,0.0037415034914516183,-1.3414341130654095,0.034209423386600823,0.03246361087081021,0.099850548903551,0.0003657181152700569,-0.04128355532884598,0.018280697986483574,0.0010203713318333008,-0.04112194026286127,0.01823794682648178,0.001621262320486255
3.379999999999972,-2.4223783016204834,0.6794664859771729,1.9986732006072998,0.0037415034914516183,-1.3414341130654095,0.034209423386600823,0.03246361087081021,0.099850548903551,0.0003657181152700569,-0.04128355532884598,0.018280697986483574,0.0010203713318333008,-0.04112194026286127,0.01823794682648178,0.001621262320486255
3.3899999999999717,-2.4223783016204834,0.6794664859771729,1.9986732006072998,0.0037415034914516183,-1.3414341130654095,0.034209423386600823,0.03246361087081021,0.099850548903551,0.0003657181152700569,-0.04128355532884598,0.018280697986483574,0.0010203713318333008,-0.04112194026286127,0.01823794682648178,0.001621262320486255
3.3999999999999715,-2.4203808307647705,0.6371016502380371,1.9989408254623413,0.03089224687969621,-1.3429850944895378,0.03407270126323665,0.0316727149435544,0.10012843985787108,0.0003700203800197622,-0.05013396218419075,0.01660238392651081,0.00019880131003446674,-0.0500611801155045,0.0165877616671367,0.0007281030888058359
3.4099999999999713,-2.4203808307647705,0.6371016502380371,1.9989408254623413,0.03089224687969621,-1.3429850944895378,0.03407270126323665,0.0316727149435544,0.10012843985787108,0.0003700203800197622,-0.05013396218419075,0.01660238392651081,0.00019880131003446674,-0.0500611801155045,0.0165877616671367,0.0007281030888058359
3.419999999999971,-2.4203808307647705,0.6371016502380371,1.9989408254623413,0.03089224687969621,-1.3429850944895378,0.03407270126323665,0.0316727149435544,0.10012843985787108,0.0003700203800197622,-0.05013396218419075,0.01660238392651081,0.00019880131003446674,-0.0500611801155045,0.0165877616671367,0.0007281030888058359
3.429999999999971,-2.4179131984710693,0.6000480651855469,1.9991414546966553,0.053232701455162804,-1.3436141363484826,0.0334466953366744,0.029774575026615336,0.10112714310380048,0.00039073886268792675,-0.041245728731155396,0.026050753891468048,-0.0007012764108367296,-0.041238161873739854,0.02606008454019376,7.49528753257066e-05
3.4399999999999706,-2.4179131984710693,0.6000480651855469,1.9991414546966553,0.053232701455162804,-1.3436141363484826,0.0334466953366744,0.029774575026615336,0.10112714310380048,0.00039073886268792675,-0.041245728731155396,0.026050753891468048,-0.0007012764108367296,-0.041238161873739854,0.02606008454019376,7.49528753257066e-05
3.4499999999999704,-2.4179131984710693,0.6000480651855469,1.9991414546966553,0.053232701455162804,-1.3436141363484826,0.0334466953366744,0.029774575026615336,0.10112714310380048,0.00039073886268792675,-0.041245728731155396,0.026050753891468048,-0.0007012764108367296,-0.041238161873739854,0.02606008454019376,7.49528753257066e-05
3.45999999999997,-2.4179131984710693,0.6000480651855469,1.9991414546966553,0.053232701455162804,-1.3436141363484826,0.0334466953366744,0.029774575026615336,0.10112714310380048,0.00039073886268792675,-0.041245728731155396,0.026050753891468048,-0.0007012764108367296,-0.041238161873739854,0.02606008454019376,7.49528753257066e-05
3.46999999999997,-2.4136273860931396,0.5469546318054199,1.9993031024932861,0.0858095819420701,-1.3441026738015276,0.034790382993850094,0.0277716565959224,0.10180074044302108,0.00033469110941594877,-0.04596186429262161,0.016832498833537102,-0.0017092628404498122,-0.04608865741681076,0.016873471051879235,-0.0012476568424473452
3.47999999999997,-2.4136273860931396,0.5469546318054199,1.9993031024932861,0.0858095819420701,-1.3441026738015276,0.034790382993850094,0.0277716565959224,0.10180074044302108,0.00033469110941594877,-0.04596186429262161,0.016832498833537102,-0.0017092628404498122,-0.04608865741681076,0.016873471051879235,-0.0012476568424473452
3.4899999999999696,-2.4136273860931396,0.5469546318054199,1.9993031024932861,0.0858095819420701,-1.3441026738015276,0.034790382993850094,0.0277716565959224,0.10180074044302108,0.00033469110941594877,-0.04596186429262161,0.016832498833537102,-0.0017092628404498122,-0.04608865741681076,0.016873471051879235,-0.0012476568424473452
3.4999999999999694,-2.4094960689544678,0.504425048828125,1.9993008375167847,0.11129438108600244,-1.343099395639022,0.035046582805859566,0.026847041497423407,0.10235683027279234,0.0002766527715217382,-0.046422671526670456,0.027366504073143005,-0.004530154168605808,-0.04681236501307451,0.02747824890244698,-0.0038138615922981185
3.509999999999969,-2.4094960689544678,0.504425048828125,1.9993008375167847,0.11129438108600244,-1.343099395639022,0.035046582805859566,0.026847041497423407,0.10235683027279234,0.0002766527715217382,-0.046422671526670456,0.027366504073143005,-0.004530154168605808,-0.04681236501307451,0.02747824890244698,-0.0038138615922981185
3.519999999999969,-2.4094960689544678,0.504425048828125,1.9993008375167847,0.11129438108600244,-1.343099395639022,0.035046582805859566,0.026847041497423407,0.10235683027279234,0.0002766527715217382,-0.046422671526670456,0.027366504073143005,-0.004530154168605808,-0.04681236501307451,0.02747824890244698,-0.0038138615922981185
3.5299999999999687,-2.405196189880371,0.4672696590423584,1.9992197751998901,0.13371676837009394,-1.341967151181283,0.03333545098785187,0.024514153200111508,0.10322721376968803,0.0003027996700113441,-0.060191866010427475,0.017786957323551178,0.001616623601876197,-0.05997927506967718,0.017741986921640442,0.0020631087417785025
3.5399999999999685,-2.405196189880371,0.4672696590423584,1.9992197751998901,0.13371676837009394,-1.341967151181283,0.03333545098785187,0.024514153200111508,0.10322721376968803,0.0003027996700113441,-0.060191866010427475,0.017786957323551178,0.001616623601876197,-0.05997927506967718,0.017741986921640442,0.0020631087417785025
3.5499999999999683,-2.405196189880371,0.4672696590423584,1.9992197751998901,0.13371676837009394,-1.341967151181283,0.03333545098785187,0.024514153200111508,0.10322721376968803,0.0003027996700113441,-0.060191866010427475,0.017786957323551178,0.001616623601876197,-0.05997927506967718,0.017741986921640442,0.0020631087417785025
3.559999999999968,-2.405196189880371,0.4672696590423584,1.9992197751998901,0.13371676837009394,-1.341967151181283,0.03333545098785187,0.024514153200111508,0.10322721376968803,0.0003027996700113441,-0.060191866010427475,0.017786957323551178,0.001616623601876197,-0.05997927506967718,0.017741986921640442,0.0020631087417785025
3.569999999999968,-2.3982203006744385,0.41416406631469727,1.999037504196167,0.16528180135167875,-1.339195090675751,0.03461779185809728,0.022599154862656116,0.10424668751214981,0.0002775230558960574,-0.04459724575281143,0.02876695990562439,-0.00038766860961914415,-0.04456978310802902,0.02876837449871077,0.00026391676997106146
3.5799999999999677,-2.3982203006744385,0.41416406631469727,1.999037504196167,0.16528180135167875,-1.339195090675751,0.03461779185809728,0.022599154862656116,0.10424668751214981,0.0002775230558960574,-0.04459724575281143,0.02876695990562439,-0.00038766860961914415,-0.04456978310802902,0.02876837449871077,0.00026391676997106146
3.5899999999999674,-2.3982203006744385,0.41416406631469727,1.999037504196167,0.16528180135167875,-1.339195090675751,0.03461779185809728,0.022599154862656116,0.10424668751214981,0.0002775230558960574,-0.04459724575281143,0.02876695990562439,-0.00038766860961914415,-0.04456978310802902,0.02876837449871077,0.00026391676997106146
3.5999999999999672,-2.3918895721435547,0.37172365188598633,1.9989010095596313,0.19089464790763375,-1.335942019394315,0.03725124926095511,0.02118846295853025,0.10501392026776521,0.00021602478982792243,-0.05871918424963951,0.03372706472873688,-0.0036469730548560663,-0.05902817798714662,0.03379676208448499,-0.002947822486818079
3.609999999999967,-2.3918895721435547,0.37172365188598633,1.9989010095596313,0.19089464790763375,-1.335942019394315,0.03725124926095511,0.02118846295853025,0.10501392026776521,0.00021602478982792243,-0.05871918424963951,0.03372706472873688,-0.0036469730548560663,-0.05902817798714662,0.03379676208448499,-0.002947822486818079
3.619999999999967,-2.3918895721435547,0.37172365188598633,1.9989010095596313,0.19089464790763375,-1.335942019394315,0.03725124926095511,0.02118846295853025,0.10501392026776521,0.00021602478982792243,-0.05871918424963951,0.03372706472873688,-0.0036469730548560663,-0.05902817798714662,0.03379676208448499,-0.002947822486818079
3.6299999999999666,-2.3851850032806396,0.3350522518157959,1.9988576173782349,0.21318099066445031,-1.3338715116318975,0.03796754839974336,0.019243880964476698,0.10641298119593517,0.00021289059632392796,-0.05339368060231209,0.04220902547240257,0.00314354663714766,-0.05297120223542819,0.04214071984006465,0.003977679740944306
3.6399999999999664,-2.3851850032806396,0.3350522518157959,1.9988576173782349,0.21318099066445031,-1.3338715116318975,0.03796754839974336,0.019243880964476698,0.10641298119593517,0.00021289059632392796,-0.05339368060231209,0.04220902547240257,0.00314354663714766,-0.05297120223542819,0.04214071984006465,0.003977679740944306
3.649999999999966,-2.3851850032806396,0.3350522518157959,1.9988576173782349,0.21318099066445031,-1.3338715116318975,0.03796754839974336,0.019243880964476698,0.10641298119593517,0.00021289059632392796,-0.05339368060231209,0.04220902547240257,0.00314354663714766,-0.05297120223542819,0.04214071984006465,0.003977679740944306
3.659999999999966,-2.3851850032806396,0.3350522518157959,1.9988576173782349,0.21318099066445031,-1.3338715116318975,0.03796754839974336,0.019243880964476698,0.10641298119593517,0.00021289059632392796,-0.05339368060231209,0.04220902547240257,0.00314354663714766,-0.05297120223542819,0.04214071984006465,0.003977679740944306
3.6699999999999657,-2.373544216156006,0.2836031913757324,1.9987940788269043,0.2473161758444901,-1.3279540752311285,0.03920570576831077,0.01728606003369212,0.10782729612984822,0.0002057766201532995,-0.0495414175093174,0.034714650362730026,-0.0017114729853346987,-0.04966169823073752,0.03473904713792338,-0.0011176587078377512
3.6799999999999655,-2.373544216156006,0.2836031913757324,1.9987940788269043,0.2473161758444901,-1.3279540752311285,0.03920570576831077,0.01728606003369212,0.10782729612984822,0.0002057766201532995,-0.0495414175093174,0.034714650362730026,-0.0017114729853346987,-0.04966169823073752,0.03473904713792338,-0.0011176587078377512
3.6899999999999653,-2.373544216156006,0.2836031913757324,1.9987940788269043,0.2473161758444901,-1.3279540752311285,0.03920570576831077,0.01728606003369212,0.10782729612984822,0.0002057766201532995,-0.0495414175093174,0.034714650362730026,-0.0017114729853346987,-0.04966169823073752,0.03473904713792338,-0.0011176587078377512
3.699999999999965,-2.363604784011841,0.24237728118896484,1.9986807107925415,0.2739203301069194,-1.3237019245445483,0.040541940235089224,0.01608783085660507,0.10878810689715414,0.0003128753251539083,-0.0468689501285553,0.03799937665462494,0.005428802222013469,-0.04620933091992953,0.03790712540909974,0.006075315664635579
3.709999999999965,-2.363604784011841,0.24237728118896484,1.9986807107925415,0.2739203301069194,-1.3237019245445483,0.040541940235089224,0.01608783085660507,0.10878810689715414,0.0003128753251539083,-0.0468689501285553,0.03799937665462494,0.005428802222013469,-0.04620933091992953,0.03790712540909974,0.006075315664635579
3.7199999999999647,-2.363604784011841,0.24237728118896484,1.9986807107925415,0.2739203301069194,-1.3237019245445483,0.040541940235089224,0.01608783085660507,0.10878810689715414,0.0003128753251539083,-0.0468689501285553,0.03799937665462494,0.005428802222013469,-0.04620933091992953,0.03790712540909974,0.006075315664635579
3.7299999999999645,-2.3541529178619385,0.20647501945495605,1.9985811710357666,0.2982038464572102,-1.3199713177785564,0.04091304215127644,0.014103941197090013,0.10986053299642015,0.0002938078846446541,-0.044996242970228195,0.01773480884730816,0.0010176663054153301,-0.0448564111336941,0.017718692332319336,0.00127537623266786
3.7399999999999642,-2.3541529178619385,0.20647501945495605,1.9985811710357666,0.2982038464572102,-1.3199713177785564,0.04091304215127644,0.014103941197090013,0.10986053299642015,0.0002938078846446541,-0.044996242970228195,0.01773480884730816,0.0010176663054153301,-0.0448564111336941,0.017718692332319336,0.00127537623266786
3.749999999999964,-2.3541529178619385,0.20647501945495605,1.9985811710357666,0.2982038464572102,-1.3199713177785564,0.04091304215127644,0.014103941197090013,0.10986053299642015,0.0002938078846446541,-0.044996242970228195,0.01773480884730816,0.0010176663054153301,-0.0448564111336941,0.017718692332319336,0.00127537623266786
3.759999999999964,-2.3541529178619385,0.20647501945495605,1.9985811710357666,0.2982038464572102,-1.3199713177785564,0.04091304215127644,0.014103941197090013,0.10986053299642015,0.0002938078846446541,-0.044996242970228195,0.01773480884730816,0.0010176663054153301,-0.0448564111336941,0.017718692332319336,0.00127537623266786
3.7699999999999636,-2.3398547172546387,0.15515518188476562,1.9984102249145508,0.33178728635136434,-1.3136118278646987,0.04241579788680847,0.012310485183672434,0.1103737220591925,0.0003440693608959054,-0.05340242385864258,0.008019641041755676,-0.0003118680615443746,-0.05342604283403904,0.008022872519147366,-0.00021442603370926927
3.7799999999999634,-2.3398547172546387,0.15515518188476562,1.9984102249145508,0.33178728635136434,-1.3136118278646987,0.04241579788680847,0.012310485183672434,0.1103737220591925,0.0003440693608959054,-0.05340242385864258,0.008019641041755676,-0.0003118680615443746,-0.05342604283403904,0.008022872519147366,-0.00021442603370926927
3.789999999999963,-2.3398547172546387,0.15515518188476562,1.9984102249145508,0.33178728635136434,-1.3136118278646987,0.04241579788680847,0.012310485183672434,0.1103737220591925,0.0003440693608959054,-0.05340242385864258,0.008019641041755676,-0.0003118680615443746,-0.05342604283403904,0.008022872519147366,-0.00021442603370926927
3.799999999999963,-2.32768177986145,0.11413764953613281,1.9982279539108276,0.3596608149528969,-1.3073228141930404,0.04303494982799586,0.011096570258951437,0.1105158056452932,0.000277628569679633,-0.049513667821884155,0.006091354414820671,-0.0014610379002988345,-0.04966828570514098,0.006107191569638457,-0.001401908761162687
3.8099999999999627,-2.32768177986145,0.11413764953613281,1.9982279539108276,0.3596608149528969,-1.3073228141930404,0.04303494982799586,0.011096570258951437,0.1105158056452932,0.000277628569679633,-0.049513667821884155,0.006091354414820671,-0.0014610379002988345,-0.04966828570514098,0.006107191569638457,-0.001401908761162687
3.8199999999999625,-2.32768177986145,0.11413764953613281,1.9982279539108276,0.3596608149528969,-1.3073228141930404,0.04303494982799586,0.011096570258951437,0.1105158056452932,0.000277628569679633,-0.049513667821884155,0.006091354414820671,-0.0014610379002988345,-0.04966828570514098,0.006107191569638457,-0.001401908761162687
3.8299999999999623,-2.3163089752197266,0.07846522331237793,1.9980790615081787,0.38222354334938924,-1.3014218632571821,0.042377966786715834,0.009199938275830441,0.11032611490843308,0.00030818645088934865,-0.04667424410581589,-0.005698025692254305,0.0033119586296379575,-0.04631318129341147,-0.005728253941888323,0.0032793352810845337
3.839999999999962,-2.3163089752197266,0.07846522331237793,1.9980790615081787,0.38222354334938924,-1.3014218632571821,0.042377966786715834,0.009199938275830441,0.11032611490843308,0.00030818645088934865,-0.04667424410581589,-0.005698025692254305,0.0033119586296379575,-0.04631318129341147,-0.005728253941888323,0.0032793352810845337
3.849999999999962,-2.3163089752197266,0.07846522331237793,1.9980790615081787,0.38222354334938924,-1.3014218632571821,0.042377966786715834,0.009199938275830441,0.11032611490843308,0.00030818645088934865,-0.04667424410581589,-0.005698025692254305,0.0033119586296379575,-0.04631318129341147,-0.005728253941888323,0.0032793352810845337
3.8599999999999617,-2.3163089752197266,0.07846522331237793,1.9980790615081787,0.38222354334938924,-1.3014218632571821,0.042377966786715834,0.009199938275830441,0.11032611490843308,0.00030818645088934865,-0.04667424410581589,-0.005698025692254305,0.0033119586296379575,-0.04631318129341147,-0.005728253941888323,0.0032793352810845337
3.8699999999999615,-2.299217462539673,0.027629375457763672,1.9977790117263794,0.4146242985003652,-1.2925382138353099,0.04445846791299809,0.0074640084299652625,0.11011217899606486,0.0002501103378816375,-0.04654582962393761,-0.003684346564114094,-0.0023327800445258613,-0.046806773493485714,-0.00366683220625322,-0.00237459588454042
3.8799999999999613,-2.299217462539673,0.027629375457763672,1.9977790117263794,0.4146242985003652,-1.2925382138353099,0.04445846791299809,0.0074640084299652625,0.11011217899606486,0.0002501103378816375,-0.04654582962393761,-0.003684346564114094,-0.0023327800445258613,-0.046806773493485714,-0.00366683220625322,-0.00237459588454042
3.889999999999961,-2.299217462539673,0.027629375457763672,1.9977790117263794,0.4146242985003652,-1.2925382138353099,0.04445846791299809,0.0074640084299652625,0.11011217899606486,0.0002501103378816375,-0.04654582962393761,-0.003684346564114094,-0.0023327800445258613,-0.046806773493485714,-0.00366683220625322,-0.00237459588454042
3.899999999999961,-2.2847976684570312,-0.012964248657226562,1.9975665807724,0.4396388082852125,-1.2876256562209156,0.0468630880416584,0.00644552223266643,0.1102399403524133,0.00026935882270563444,-0.04096542298793793,0.0068520414642989635,0.0007507887785322956,-0.04087743235073665,0.006847059939336716,0.0007997928218030375
3.9099999999999606,-2.2847976684570312,-0.012964248657226562,1.9975665807724,0.4396388082852125,-1.2876256562209156,0.0468630880416584,0.00644552223266643,0.1102399403524133,0.00026935882270563444,-0.04096542298793793,0.0068520414642989635,0.0007507887785322956,-0.04087743235073665,0.006847059939336716,0.0007997928218030375
3.9199999999999604,-2.2847976684570312,-0.012964248657226562,1.9975665807724,0.4396388082852125,-1.2876256562209156,0.0468630880416584,0.00644552223266643,0.1102399403524133,0.00026935882270563444,-0.04096542298793793,0.0068520414642989635,0.0007507887785322956,-0.04087743235073665,0.006847059939336716,0.0007997928218030375
3.92999999999996,-2.271526575088501,-0.04828047752380371,1.9973995685577393,0.4613464695568695,-1.2816838636808354,0.04830947660852722,0.004662126051384862,0.11041960669537278,0.0003619192282871387,-0.047377511858940125,0.0044365194626152515,-0.0008440273813903337,-0.047468795442745175,0.004440406195685366,-0.0008283795462780632
3.93999999999996,-2.271526575088501,-0.04828047752380371,1.9973995685577393,0.4613464695568695,-1.2816838636808354,0.04830947660852722,0.004662126051384862,0.11041960669537278,0.0003619192282871387,-0.047377511858940125,0.0044365194626152515,-0.0008440273813903337,-0.047468795442745175,0.004440406195685366,-0.0008283795462780632
3.9499999999999598,-2.271526575088501,-0.04828047752380371,1.9973995685577393,0.4613464695568695,-1.2816838636808354,0.04830947660852722,0.004662126051384862,0.11041960669537278,0.0003619192282871387,-0.047377511858940125,0.0044365194626152515,-0.0008440273813903337,-0.047468795442745175,0.004440406195685366,-0.0008283795462780632
3.9599999999999596,-2.271526575088501,-0.04828047752380371,1.9973995685577393,0.4613464695568695,-1.2816838636808354,0.04830947660852722,0.004662126051384862,0.11041960669537278,0.0003619192282871387,-0.047377511858940125,0.0044365194626152515,-0.0008440273813903337,-0.047468795442745175,0.004440406195685366,-0.0008283795462780632
3.9699999999999593,-2.2517049312591553,-0.0985722541809082,1.9974464178085327,0.4922723496646387,-1.2721625477363545,0.05129164886159563,0.002354035500558525,0.11080122954824141,0.00033156048325004144,-0.060983236879110336,0.01517191156744957,-0.0003305402351543326,-0.06101603809820022,0.015172647632752195,-0.0002966432029878162
3.979999999999959,-2.2517049312591553,-0.0985722541809082,1.9974464178085327,0.4922723496646387,-1.2721625477363545,0.05129164886159563,0.002354035500558525,0.11080122954824141,0.00033156048325004144,-0.060983236879110336,0.01517191156744957,-0.0003305402351543326,-0.06101603809820022,0.015172647632752195,-0.0002966432029878162
3.989999999999959,-2.2517049312591553,-0.0985722541809082,1.9974464178085327,0.4922723496646387,-1.2721625477363545,0.05129164886159563,0.002354035500558525,0.11080122954824141,0.00033156048325004144,-0.060983236879110336,0.01517191156744957,-0.0003305402351543326,-0.06101603809820022,0.015172647632752195,-0.0002966432029878162
3.9999999999999587,-2.2350683212280273,-0.13861966133117676,1.997360348701477,0.5167615315466257,-1.263910117797253,0.051267134282882,0.001260725670627511,0.11101987512207422,0.0003058503058780745,-0.06950850784778595,0.01365340780466795,-0.0012095047859475034,-0.06964142232888047,0.0136549218074352,-0.0011996762896351674
4.009999999999959,-2.2350683212280273,-0.13861966133117676,1.997360348701477,0.5167615315466257,-1.263910117797253,0.051267134282882,0.001260725670627511,0.11101987512207422,0.0003058503058780745,-0.06950850784778595,0.01365340780466795,-0.0012095047859475034,-0.06964142232888047,0.0136549218074352,-0.0011996762896351674
4.019999999999959,-2.2350683212280273,-0.13861966133117676,1.997360348701477,0.5167615315466257,-1.263910117797253,0.051267134282882,0.001260725670627511,0.11101987512207422,0.0003058503058780745,-0.06950850784778595,0.01365340780466795,-0.0012095047859475034,-0.06964142232888047,0.0136549218074352,-0.0011996762896351674
4.0299999999999585,-2.219529628753662,-0.17306208610534668,1.996991515159607,0.5374613853444288,-1.2566541931831892,0.04958448852677324,-0.0014902540757991021,0.1117237149724745,0.00019932119695357774,-0.06988658756017685,0.015313820913434029,-0.0032386551611125487,-0.07025249515545991,0.015308977491264886,-0.003281934606533356
4.039999999999958,-2.219529628753662,-0.17306208610534668,1.996991515159607,0.5374613853444288,-1.2566541931831892,0.04958448852677324,-0.0014902540757991021,0.1117237149724745,0.00019932119695357774,-0.06988658756017685,0.015313820913434029,-0.0032386551611125487,-0.07025249515545991,0.015308977491264886,-0.003281934606533356
4.049999999999958,-2.219529628753662,-0.17306208610534668,1.996991515159607,0.5374613853444288,-1.2566541931831892,0.04958448852677324,-0.0014902540757991021,0.1117237149724745,0.00019932119695357774,-0.06988658756017685,0.015313820913434029,-0.0032386551611125487,-0.07025249515545991,0.015308977491264886,-0.003281934606533356
4.059999999999958,-2.219529628753662,-0.17306208610534668,1.996991515159607,0.5374613853444288,-1.2566541931831892,0.04958448852677324,-0.0014902540757991021,0.1117237149724745,0.00019932119695357774,-0.06988658756017685,0.015313820913434029,-0.0032386551611125487,-0.07025249515545991,0.015308977491264886,-0.003281934606533356
4.069999999999958,-2.1956210136413574,-0.22116661071777344,1.9962092638015747,0.5678519825099786,-1.24370945873634,0.05084100040069291,-0.004318563756146665,0.11237449342073466,0.0001554229356455681,-0.06519772112369537,0.01527496799826622,-0.0015586644876748343,-0.06538105886855494,0.015268094388423411,-0.001634927768459377
4.079999999999957,-2.1956210136413574,-0.22116661071777344,1.9962092638015747,0.5678519825099786,-1.24370945873634,0.05084100040069291,-0.004318563756146665,0.11237449342073466,0.0001554229356455681,-0.06519772112369537,0.01527496799826622,-0.0015586644876748343,-0.06538105886855494,0.015268094388423411,-0.001634927768459377
4.089999999999957,-2.1956210136413574,-0.22116661071777344,1.9962092638015747,0.5678519825099786,-1.24370945873634,0.05084100040069291,-0.004318563756146665,0.11237449342073466,0.0001554229356455681,-0.06519772112369537,0.01527496799826622,-0.0015586644876748343,-0.06538105886855494,0.015268094388423411,-0.001634927768459377
4.099999999999957,-2.1759045124053955,-0.25951433181762695,1.9957853555679321,0.5906199370167797,-1.2334776053122107,0.05224035326128866,-0.0056379561466001595,0.11269975490892505,0.0001783167556071559,-0.061954349279403687,0.01320059783756733,0.0015620570629835114,-0.06178598277025749,0.013209194799958015,0.0014971057261824261
4.109999999999957,-2.1759045124053955,-0.25951433181762695,1.9957853555679321,0.5906199370167797,-1.2334776053122107,0.05224035326128866,-0.0056379561466001595,0.11269975490892505,0.0001783167556071559,-0.061954349279403687,0.01320059783756733,0.0015620570629835114,-0.06178598277025749,0.013209194799958015,0.0014971057261824261
4.119999999999957,-2.1759045124053955,-0.25951433181762695,1.9957853555679321,0.5906199370167797,-1.2334776053122107,0.05224035326128866,-0.0056379561466001595,0.11269975490892505,0.0001783167556071559,-0.061954349279403687,0.01320059783756733,0.0015620570629835114,-0.06178598277025749,0.013209194799958015,0.0014971057261824261
4.129999999999956,-2.1580004692077637,-0.2927398681640625,1.9954438209533691,0.6123894284077155,-1.2240146707589776,0.053156871204603384,-0.008180234317806264,0.11344752839667287,0.00017504415200718214,-0.0554937906563282,0.016437847167253494,0.0012698378413915615,-0.05536443468497202,0.016447684646149843,0.0011426768508839419
4.139999999999956,-2.1580004692077637,-0.2927398681640625,1.9954438209533691,0.6123894284077155,-1.2240146707589776,0.053156871204603384,-0.008180234317806264,0.11344752839667287,0.00017504415200718214,-0.0554937906563282,0.016437847167253494,0.0012698378413915615,-0.05536443468497202,0.016447684646149843,0.0011426768508839419
4.149999999999956,-2.1580004692077637,-0.2927398681640625,1.9954438209533691,0.6123894284077155,-1.2240146707589776,0.053156871204603384,-0.008180234317806264,0.11344752839667287,0.00017504415200718214,-0.0554937906563282,0.016437847167253494,0.0012698378413915615,-0.05536443468497202,0.016447684646149843,0.0011426768508839419
4.159999999999956,-2.1580004692077637,-0.2927398681640625,1.9954438209533691,0.6123894284077155,-1.2240146707589776,0.053156871204603384,-0.008180234317806264,0.11344752839667287,0.00017504415200718214,-0.0554937906563282,0.016437847167253494,0.0012698378413915615,-0.05536443468497202,0.016447684646149843,0.0011426768508839419
4.1699999999999555,-2.131662607192993,-0.3399786949157715,1.9951164722442627,0.6421223455329127,-1.2096236427906524,0.0568780870925668,-0.010051318268428507,0.11403326876501367,0.00017704998788738914,-0.050207849591970444,0.019193973392248154,-0.001973113976418974,-0.0504559145082311,0.019173171763835005,-0.0021800949666080185
4.179999999999955,-2.131662607192993,-0.3399786949157715,1.9951164722442627,0.6421223455329127,-1.2096236427906524,0.0568780870925668,-0.010051318268428507,0.11403326876501367,0.00017704998788738914,-0.050207849591970444,0.019193973392248154,-0.001973113976418974,-0.0504559145082311,0.019173171763835005,-0.0021800949666080185
4.189999999999955,-2.131662607192993,-0.3399786949157715,1.9951164722442627,0.6421223455329127,-1.2096236427906524,0.0568780870925668,-0.010051318268428507,0.11403326876501367,0.00017704998788738914,-0.050207849591970444,0.019193973392248154,-0.001973113976418974,-0.0504559145082311,0.019173171763835005,-0.0021800949666080185
4.199999999999955,-2.1098830699920654,-0.3775160312652588,1.994937539100647,0.6666893728059763,-1.197985229955078,0.05813355457621852,-0.011158026937834574,0.11441261399949265,0.00023351858429074534,-0.05663534253835678,0.017419442534446716,0.0063233990222215635,-0.05593107278714425,0.01748891336433615,0.006168975492117105
4.209999999999955,-2.1098830699920654,-0.3775160312652588,1.994937539100647,0.6666893728059763,-1.197985229955078,0.05813355457621852,-0.011158026937834574,0.11441261399949265,0.00023351858429074534,-0.05663534253835678,0.017419442534446716,0.0063233990222215635,-0.05593107278714425,0.01748891336433615,0.006168975492117105
4.2199999999999545,-2.1098830699920654,-0.3775160312652588,1.994937539100647,0.6666893728059763,-1.197985229955078,0.05813355457621852,-0.011158026937834574,0.11441261399949265,0.00023351858429074534,-0.05663534253835678,0.017419442534446716,0.0063233990222215635,-0.05593107278714425,0.01748891336433615,0.006168975492117105
4.229999999999954,-2.0901691913604736,-0.40999674797058105,1.9947998523712158,0.6879985919252934,-1.1870982297448236,0.05913438890101488,-0.013573419098170909,0.1149483369331409,0.00021964675812774747,-0.050494205206632614,0.003829043358564377,0.0001065725082298736,-0.050487902268177905,0.003830137145798186,5.495373223414878e-05
4.239999999999954,-2.0901691913604736,-0.40999674797058105,1.9947998523712158,0.6879985919252934,-1.1870982297448236,0.05913438890101488,-0.013573419098170909,0.1149483369331409,0.00021964675812774747,-0.050494205206632614,0.003829043358564377,0.0001065725082298736,-0.050487902268177905,0.003830137145798186,5.495373223414878e-05
4.249999999999954,-2.0901691913604736,-0.40999674797058105,1.9947998523712158,0.6879985919252934,-1.1870982297448236,0.05913438890101488,-0.013573419098170909,0.1149483369331409,0.00021964675812774747,-0.050494205206632614,0.003829043358564377,0.0001065725082298736,-0.050487902268177905,0.003830137145798186,5.495373223414878e-05
4.259999999999954,-2.0901691913604736,-0.40999674797058105,1.9947998523712158,0.6879985919252934,-1.1870982297448236,0.05913438890101488,-0.013573419098170909,0.1149483369331409,0.00021964675812774747,-0.050494205206632614,0.003829043358564377,0.0001065725082298736,-0.050487902268177905,0.003830137145798186,5.495373223414878e-05
4.269999999999953,-2.061194896697998,-0.4560859203338623,1.9946566820144653,0.7173198851139393,-1.1728535619031775,0.06036074147251755,-0.015315139213146476,0.1149269662181657,0.0003409870203861275,-0.051670439541339874,-0.00829863641411066,0.0044169542379677304,-0.05114595467274787,-0.008230019571431752,0.004573697990153796
4.279999999999953,-2.061194896697998,-0.4560859203338623,1.9946566820144653,0.7173198851139393,-1.1728535619031775,0.06036074147251755,-0.015315139213146476,0.1149269662181657,0.0003409870203861275,-0.051670439541339874,-0.00829863641411066,0.0044169542379677304,-0.05114595467274787,-0.008230019571431752,0.004573697990153796
4.289999999999953,-2.061194896697998,-0.4560859203338623,1.9946566820144653,0.7173198851139393,-1.1728535619031775,0.06036074147251755,-0.015315139213146476,0.1149269662181657,0.0003409870203861275,-0.051670439541339874,-0.00829863641411066,0.0044169542379677304,-0.05114595467274787,-0.008230019571431752,0.004573697990153796
4.299999999999953,-2.0372700691223145,-0.49265027046203613,1.9945451021194458,0.7413367934483068,-1.159836890822716,0.06141919851561723,-0.0165913984001216,0.11487788089227652,0.0003108697235876659,-0.0516468770802021,-0.0009128819219768044,0.003075747285038233,-0.051290280480119424,-0.0008617276709381035,0.00311097433631688
4.3099999999999525,-2.0372700691223145,-0.49265027046203613,1.9945451021194458,0.7413367934483068,-1.159836890822716,0.06141919851561723,-0.0165913984001216,0.11487788089227652,0.0003108697235876659,-0.0516468770802021,-0.0009128819219768044,0.003075747285038233,-0.051290280480119424,-0.0008617276709381035,0.00311097433631688
4.319999999999952,-2.0372700691223145,-0.49265027046203613,1.9945451021194458,0.7413367934483068,-1.159836890822716,0.06141919851561723,-0.0165913984001216,0.11487788089227652,0.0003108697235876659,-0.0516468770802021,-0.0009128819219768044,0.003075747285038233,-0.051290280480119424,-0.0008617276709381035,0.00311097433631688
4.329999999999952,-2.0157251358032227,-0.5242605209350586,1.9943755865097046,0.7618094404540836,-1.1480746910525759,0.06095861797967717,-0.01875858530986221,0.11487052940756419,0.00010957012049576608,-0.05937539413571358,0.0032248306088149543,-0.0027005882002413277,-0.05969390822884132,0.003173606998301498,-0.00277891686285957
4.339999999999952,-2.0157251358032227,-0.5242605209350586,1.9943755865097046,0.7618094404540836,-1.1480746910525759,0.06095861797967717,-0.01875858530986221,0.11487052940756419,0.00010957012049576608,-0.05937539413571358,0.0032248306088149543,-0.0027005882002413277,-0.05969390822884132,0.003173606998301498,-0.00277891686285957
4.349999999999952,-2.0157251358032227,-0.5242605209350586,1.9943755865097046,0.7618094404540836,-1.1480746910525759,0.06095861797967717,-0.01875858530986221,0.11487052940756419,0.00010957012049576608,-0.05937539413571358,0.0032248306088149543,-0.0027005882002413277,-0.05969390822884132,0.003173606998301498,-0.00277891686285957
4.3599999999999515,-2.0157251358032227,-0.5242605209350586,1.9943755865097046,0.7618094404540836,-1.1480746910525759,0.06095861797967717,-0.01875858530986221,0.11487052940756419,0.00010957012049576608,-0.05937539413571358,0.0032248306088149543,-0.0027005882002413277,-0.05969390822884132,0.003173606998301498,-0.00277891686285957
4.369999999999951,-1.9841246604919434,-0.5690250396728516,1.9941288232803345,0.7895852366222357,-1.1324387739677098,0.06275477898644902,-0.02127183576187005,0.11448138332809178,0.00010708707610302206,-0.0597267784178257,-0.010906912386417389,0.002881621709093453,-0.05936883709101692,-0.01084315207856062,0.00313347354767005
4.379999999999951,-1.9841246604919434,-0.5690250396728516,1.9941288232803345,0.7895852366222357,-1.1324387739677098,0.06275477898644902,-0.02127183576187005,0.11448138332809178,0.00010708707610302206,-0.0597267784178257,-0.010906912386417389,0.002881621709093453,-0.05936883709101692,-0.01084315207856062,0.00313347354767005
4.389999999999951,-1.9841246604919434,-0.5690250396728516,1.9941288232803345,0.7895852366222357,-1.1324387739677098,0.06275477898644902,-0.02127183576187005,0.11448138332809178,0.00010708707610302206,-0.0597267784178257,-0.010906912386417389,0.002881621709093453,-0.05936883709101692,-0.01084315207856062,0.00313347354767005
4.399999999999951,-1.9581077098846436,-0.6044437885284424,1.9940094947814941,0.8121718811534852,-1.1180707408472392,0.06473507526815264,-0.022603226816894674,0.11435098455424486,4.814231055221213e-05,-0.06745772063732147,-0.005077901296317577,-0.0033873543143272396,-0.0678334845308103,-0.005153162805219395,-0.003293229787380221
4.40999999999995,-1.9581077098846436,-0.6044437885284424,1.9940094947814941,0.8121718811534852,-1.1180707408472392,0.06473507526815264,-0.022603226816894674,0.11435098455424486,4.814231055221213e-05,-0.06745772063732147,-0.005077901296317577,-0.0033873543143272396,-0.0678334845308103,-0.005153162805219395,-0.003293229787380221
4.41999999999995,-1.9581077098846436,-0.6044437885284424,1.9940094947814941,0.8121718811534852,-1.1180707408472392,0.06473507526815264,-0.022603226816894674,0.11435098455424486,4.814231055221213e-05,-0.06745772063732147,-0.005077901296317577,-0.0033873543143272396,-0.0678334845308103,-0.005153162805219395,-0.003293229787380221
4.42999999999995,-1.934604287147522,-0.6345818042755127,1.9934778213500977,0.8314659685564229,-1.1054058120657653,0.06265328361284514,-0.02514769127381894,0.11418694343957332,0.0002060088088273632,-0.06516989320516586,-0.003570008557289838,0.006555417552590371,-0.06440802231647512,-0.003404043527105226,0.006686658007146775
4.43999999999995,-1.934604287147522,-0.6345818042755127,1.9934778213500977,0.8314659685564229,-1.1054058120657653,0.06265328361284514,-0.02514769127381894,0.11418694343957332,0.0002060088088273632,-0.06516989320516586,-0.003570008557289838,0.006555417552590371,-0.06440802231647512,-0.003404043527105226,0.006686658007146775
4.4499999999999496,-1.934604287147522,-0.6345818042755127,1.9934778213500977,0.8314659685564229,-1.1054058120657653,0.06265328361284514,-0.02514769127381894,0.11418694343957332,0.0002060088088273632,-0.06516989320516586,-0.003570008557289838,0.006555417552590371,-0.06440802231647512,-0.003404043527105226,0.006686658007146775
4.459999999999949,-1.934604287147522,-0.6345818042755127,1.9934778213500977,0.8314659685564229,-1.1054058120657653,0.06265328361284514,-0.02514769127381894,0.11418694343957332,0.0002060088088273632,-0.06516989320516586,-0.003570008557289838,0.006555417552590371,-0.06440802231647512,-0.003404043527105226,0.006686658007146775
4.469999999999949,-1.8997457027435303,-0.6760420799255371,1.9918967485427856,0.8585295357541455,-1.0859082280292855,0.06276007931419554,-0.028056291840729695,0.11380147150051606,0.00031504172040646556,-0.07193833589553833,-0.004082469269633293,0.0035336581058800225,-0.07152152477575592,-0.003981734268948124,0.003670533839622
4.479999999999949,-1.8997457027435303,-0.6760420799255371,1.9918967485427856,0.8585295357541455,-1.0859082280292855,0.06276007931419554,-0.028056291840729695,0.11380147150051606,0.00031504172040646556,-0.07193833589553833,-0.004082469269633293,0.0035336581058800225,-0.07152152477575592,-0.003981734268948124,0.003670533839622
4.489999999999949,-1.8997457027435303,-0.6760420799255371,1.9918967485427856,0.8585295357541455,-1.0859082280292855,0.06276007931419554,-0.028056291840729695,0.11380147150051606,0.00031504172040646556,-0.07193833589553833,-0.004082469269633293,0.0035336581058800225,-0.07152152477575592,-0.003981734268948124,0.003670533839622
4.4999999999999485,-1.871236801147461,-0.7089214324951172,1.9908288717269897,0.8787811843250661,-1.069750878262133,0.06581629250099058,-0.02946702556162079,0.11391437415577471,0.0002890911356540802,-0.07013344764709473,0.008018107153475285,-0.0022635955829173335,-0.0704193401058921,0.007947934545250479,-0.002515149747038071
4.509999999999948,-1.871236801147461,-0.7089214324951172,1.9908288717269897,0.8787811843250661,-1.069750878262133,0.06581629250099058,-0.02946702556162079,0.11391437415577471,0.0002890911356540802,-0.07013344764709473,0.008018107153475285,-0.0022635955829173335,-0.0704193401058921,0.007947934545250479,-0.002515149747038071
4.519999999999948,-1.871236801147461,-0.7089214324951172,1.9908288717269897,0.8787811843250661,-1.069750878262133,0.06581629250099058,-0.02946702556162079,0.11391437415577471,0.0002890911356540802,-0.07013344764709473,0.008018107153475285,-0.0022635955829173335,-0.0704193401058921,0.007947934545250479,-0.002515149747038071
4.529999999999948,-1.8457581996917725,-0.7371826171875,1.9898722171783447,0.89800466523118,-1.054833570577623,0.06720362976105407,-0.03184719791260897,0.11376431138487511,0.0003471125739325973,-0.050015825778245926,-0.008679777383804321,-0.0018984926864504803,-0.05020105459436356,-0.008735827502052164,-0.0016316977298557348
4.539999999999948,-1.8457581996917725,-0.7371826171875,1.9898722171783447,0.89800466523118,-1.054833570577623,0.06720362976105407,-0.03184719791260897,0.11376431138487511,0.0003471125739325973,-0.050015825778245926,-0.008679777383804321,-0.0018984926864504803,-0.05020105459436356,-0.008735827502052164,-0.0016316977298557348
4.549999999999947,-1.8457581996917725,-0.7371826171875,1.9898722171783447,0.89800466523118,-1.054833570577623,0.06720362976105407,-0.03184719791260897,0.11376431138487511,0.0003471125739325973,-0.050015825778245926,-0.008679777383804321,-0.0018984926864504803,-0.05020105459436356,-0.008735827502052164,-0.0016316977298557348
4.559999999999947,-1.8457581996917725,-0.7371826171875,1.9898722171783447,0.89800466523118,-1.054833570577623,0.06720362976105407,-0.03184719791260897,0.11376431138487511,0.0003471125739325973,-0.050015825778245926,-0.008679777383804321,-0.0018984926864504803,-0.05020105459436356,-0.008735827502052164,-0.0016316977298557348
4.569999999999947,-1.8085435628890991,-0.777132511138916,1.9888429641723633,0.9255511654736432,-1.0334437372480718,0.07062664834644561,-0.03397006726250929,0.11364842149057307,0.00030411526131526086,-0.05723511055111885,0.002605031710118055,-0.0017788631375879051,-0.05744813198791076,0.002543112317216657,-0.001878430767301128
4.579999999999947,-1.8085435628890991,-0.777132511138916,1.9888429641723633,0.9255511654736432,-1.0334437372480718,0.07062664834644561,-0.03397006726250929,0.11364842149057307,0.00030411526131526086,-0.05723511055111885,0.002605031710118055,-0.0017788631375879051,-0.05744813198791076,0.002543112317216657,-0.001878430767301128
4.589999999999947,-1.8085435628890991,-0.777132511138916,1.9888429641723633,0.9255511654736432,-1.0334437372480718,0.07062664834644561,-0.03397006726250929,0.11364842149057307,0.00030411526131526086,-0.05723511055111885,0.002605031710118055,-0.0017788631375879051,-0.05744813198791076,0.002543112317216657,-0.001878430767301128
4.599999999999946,-1.778082013130188,-0.8086724281311035,1.9883160591125488,0.9471805078062504,-1.0152321009163299,0.07372476699935399,-0.03482377317935567,0.11360917223045076,0.00020945577382232248,-0.051540523767471313,-0.0018335013883188373,-0.0054221805185079575,-0.052151538376448384,-0.0020211723846699017,-0.00538980240454931
4.609999999999946,-1.778082013130188,-0.8086724281311035,1.9883160591125488,0.9471805078062504,-1.0152321009163299,0.07372476699935399,-0.03482377317935567,0.11360917223045076,0.00020945577382232248,-0.051540523767471313,-0.0018335013883188373,-0.0054221805185079575,-0.052151538376448384,-0.0020211723846699017,-0.00538980240454931
4.619999999999946,-1.778082013130188,-0.8086724281311035,1.9883160591125488,0.9471805078062504,-1.0152321009163299,0.07372476699935399,-0.03482377317935567,0.11360917223045076,0.00020945577382232248,-0.051540523767471313,-0.0018335013883188373,-0.0054221805185079575,-0.052151538376448384,-0.0020211723846699017,-0.00538980240454931
4.629999999999946,-1.7508938312530518,-0.8357460498809814,1.987864375114441,0.9644613911250481,-1.0002015873151944,0.07504114573788899,-0.036615320260771654,0.1131771764391621,0.00014394616354439287,-0.040433019399642944,-0.01699502393603325,0.0009077459108084461,-0.040259197381348845,-0.01695040276923868,0.0015391235426573662
4.6399999999999455,-1.7508938312530518,-0.8357460498809814,1.987864375114441,0.9644613911250481,-1.0002015873151944,0.07504114573788899,-0.036615320260771654,0.1131771764391621,0.00014394616354439287,-0.040433019399642944,-0.01699502393603325,0.0009077459108084461,-0.040259197381348845,-0.01695040276923868,0.0015391235426573662
4.649999999999945,-1.7508938312530518,-0.8357460498809814,1.987864375114441,0.9644613911250481,-1.0002015873151944,0.07504114573788899,-0.036615320260771654,0.1131771764391621,0.00014394616354439287,-0.040433019399642944,-0.01699502393603325,0.0009077459108084461,-0.040259197381348845,-0.01695040276923868,0.0015391235426573662
4.659999999999945,-1.7508938312530518,-0.8357460498809814,1.987864375114441,0.9644613911250481,-1.0002015873151944,0.07504114573788899,-0.036615320260771654,0.1131771764391621,0.00014394616354439287,-0.040433019399642944,-0.01699502393603325,0.0009077459108084461,-0.040259197381348845,-0.01695040276923868,0.0015391235426573662
4.669999999999945,-1.711285948753357,-0.8739175796508789,1.9873408079147339,0.9903063070680566,-0.9787404632191103,0.07611997940377793,-0.03872515048238059,0.112272735306626,0.00018650724167661417,-0.047921132296323776,-0.0229045320302248,-0.001467552036046979,-0.047986490752070836,-0.02294417690146758,-0.0005833648463858093
4.679999999999945,-1.711285948753357,-0.8739175796508789,1.9873408079147339,0.9903063070680566,-0.9787404632191103,0.07611997940377793,-0.03872515048238059,0.112272735306626,0.00018650724167661417,-0.047921132296323776,-0.0229045320302248,-0.001467552036046979,-0.047986490752070836,-0.02294417690146758,-0.0005833648463858093
4.689999999999944,-1.711285948753357,-0.8739175796508789,1.9873408079147339,0.9903063070680566,-0.9787404632191103,0.07611997940377793,-0.03872515048238059,0.112272735306626,0.00018650724167661417,-0.047921132296323776,-0.0229045320302248,-0.001467552036046979,-0.047986490752070836,-0.02294417690146758,-0.0005833648463858093
4.699999999999944,-1.678932547569275,-0.9039740562438965,1.98707914352417,1.010045397402229,-0.9609260567264413,0.07810487622164225,-0.0397027661429196,0.11197222878934354,0.00022569447222058143,-0.04787306487560272,-0.015072599984705448,0.0010312357917428036,-0.04768993083975853,-0.015019789844912545,0.0016389535218732474
4.709999999999944,-1.678932547569275,-0.9039740562438965,1.98707914352417,1.010045397402229,-0.9609260567264413,0.07810487622164225,-0.0397027661429196,0.11197222878934354,0.00022569447222058143,-0.04787306487560272,-0.015072599984705448,0.0010312357917428036,-0.04768993083975853,-0.015019789844912545,0.0016389535218732474
4.719999999999944,-1.678932547569275,-0.9039740562438965,1.98707914352417,1.010045397402229,-0.9609260567264413,0.07810487622164225,-0.0397027661429196,0.11197222878934354,0.00022569447222058143,-0.04787306487560272,-0.015072599984705448,0.0010312357917428036,-0.04768993083975853,-0.015019789844912545,0.0016389535218732474
4.729999999999944,-1.6501349210739136,-0.9297640323638916,1.9868725538253784,1.026874791964243,-0.945191593228197,0.07839505379217712,-0.04185143154970323,0.11118364766025338,0.00030459663470663493,-0.052863672375679016,-0.02408510074019432,0.0009227168629877299,-0.05264824279825472,-0.02402540503275256,0.0019415990805437431
4.739999999999943,-1.6501349210739136,-0.9297640323638916,1.9868725538253784,1.026874791964243,-0.945191593228197,0.07839505379217712,-0.04185143154970323,0.11118364766025338,0.00030459663470663493,-0.052863672375679016,-0.02408510074019432,0.0009227168629877299,-0.05264824279825472,-0.02402540503275256,0.0019415990805437431
4.749999999999943,-1.6501349210739136,-0.9297640323638916,1.9868725538253784,1.026874791964243,-0.945191593228197,0.07839505379217712,-0.04185143154970323,0.11118364766025338,0.00030459663470663493,-0.052863672375679016,-0.02408510074019432,0.0009227168629877299,-0.05264824279825472,-0.02402540503275256,0.0019415990805437431
4.759999999999943,-1.6501349210739136,-0.9297640323638916,1.9868725538253784,1.026874791964243,-0.945191593228197,0.07839505379217712,-0.04185143154970323,0.11118364766025338,0.00030459663470663493,-0.052863672375679016,-0.02408510074019432,0.0009227168629877299,-0.05264824279825472,-0.02402540503275256,0.0019415990805437431
4.769999999999943,-1.6082357168197632,-0.9660196304321289,1.9867396354675293,1.0507648609042846,-0.9234885866117541,0.07979519229309132,-0.04409726782312917,0.11027870551835957,0.0004045167515208734,-0.05899718403816223,-0.018619153648614883,-0.00015024642925709258,-0.058922920209287175,-0.01860767677718056,0.0006747863754463818
4.7799999999999425,-1.6082357168197632,-0.9660196304321289,1.9867396354675293,1.0507648609042846,-0.9234885866117541,0.07979519229309132,-0.04409726782312917,0.11027870551835957,0.0004045167515208734,-0.05899718403816223,-0.018619153648614883,-0.00015024642925709258,-0.058922920209287175,-0.01860767677718056,0.0006747863754463818
4.789999999999942,-1.6082357168197632,-0.9660196304321289,1.9867396354675293,1.0507648609042846,-0.9234885866117541,0.07979519229309132,-0.04409726782312917,0.11027870551835957,0.0004045167515208734,-0.05899718403816223,-0.018619153648614883,-0.00015024642925709258,-0.058922920209287175,-0.01860767677718056,0.0006747863754463818
4.799999999999942,-1.5740805864334106,-0.9944982528686523,1.9867192506790161,1.0693914075828042,-0.9050496172142962,0.08056062311247636,-0.045414801269404434,0.10992356265346817,0.0003611424992123003,-0.06575894355773926,-0.017921730875968933,-0.003855431918054817,-0.06609422356543163,-0.018078285721949118,-0.0030562707511840267
4.809999999999942,-1.5740805864334106,-0.9944982528686523,1.9867192506790161,1.0693914075828042,-0.9050496172142962,0.08056062311247636,-0.045414801269404434,0.10992356265346817,0.0003611424992123003,-0.06575894355773926,-0.017921730875968933,-0.003855431918054817,-0.06609422356543163,-0.018078285721949118,-0.0030562707511840267
4.819999999999942,-1.5740805864334106,-0.9944982528686523,1.9867192506790161,1.0693914075828042,-0.9050496172142962,0.08056062311247636,-0.045414801269404434,0.10992356265346817,0.0003611424992123003,-0.06575894355773926,-0.017921730875968933,-0.003855431918054817,-0.06609422356543163,-0.018078285721949118,-0.0030562707511840267
4.8299999999999415,-1.543483018875122,-1.018507957458496,1.9864572286605835,1.0843158919771123,-0.8886295830615951,0.08011521972120969,-0.04789365389704411,0.10924798725116099,0.00046033315992120345,-0.071495920419693,-0.016435330733656883,0.0013961214572191258,-0.07125665775439811,-0.016349644840411216,0.0021944501961569064
4.839999999999941,-1.543483018875122,-1.018507957458496,1.9864572286605835,1.0843158919771123,-0.8886295830615951,0.08011521972120969,-0.04789365389704411,0.10924798725116099,0.00046033315992120345,-0.071495920419693,-0.016435330733656883,0.0013961214572191258,-0.07125665775439811,-0.016349644840411216,0.0021944501961569064
4.849999999999941,-1.543483018875122,-1.018507957458496,1.9864572286605835,1.0843158919771123,-0.8886295830615951,0.08011521972120969,-0.04789365389704411,0.10924798725116099,0.00046033315992120345,-0.071495920419693,-0.016435330733656883,0.0013961214572191258,-0.07125665775439811,-0.016349644840411216,0.0021944501961569064
4.859999999999941,-1.543483018875122,-1.018507957458496,1.9864572286605835,1.0843158919771123,-0.8886295830615951,0.08011521972120969,-0.04789365389704411,0.10924798725116099,0.00046033315992120345,-0.071495920419693,-0.016435330733656883,0.0013961214572191258,-0.07125665775439811,-0.016349644840411216,0.0021944501961569064
4.869999999999941,-1.4984666109085083,-1.05120849609375,1.9854413270950317,1.1063002021713115,-0.8630567769455728,0.08016296410443328,-0.050904567073042,0.10832182063785574,0.0006008247041823144,-0.07004693150520325,-0.021164964884519577,0.004348608665168288,-0.06945753058524408,-0.020916280232539344,0.005451857533360186
4.87999999999994,-1.4984666109085083,-1.05120849609375,1.9854413270950317,1.1063002021713115,-0.8630567769455728,0.08016296410443328,-0.050904567073042,0.10832182063785574,0.0006008247041823144,-0.07004693150520325,-0.021164964884519577,0.004348608665168288,-0.06945753058524408,-0.020916280232539344,0.005451857533360186
4.88999999999994,-1.4984666109085083,-1.05120849609375,1.9854413270950317,1.1063002021713115,-0.8630567769455728,0.08016296410443328,-0.050904567073042,0.10832182063785574,0.0006008247041823144,-0.07004693150520325,-0.021164964884519577,0.004348608665168288,-0.06945753058524408,-0.020916280232539344,0.005451857533360186
4.89999999999994,-1.4619723558425903,-1.0768885612487793,1.9846844673156738,1.124335870972447,-0.8426727682454754,0.08198512201408295,-0.05245988883296023,0.10795848369869326,0.0005992578383741231,-0.0770740732550621,-0.016102738678455353,-0.0009914141846820693,-0.07708986309864858,-0.01613257169543399,-0.00014654297340170973
4.90999999999994,-1.4619723558425903,-1.0768885612487793,1.9846844673156738,1.124335870972447,-0.8426727682454754,0.08198512201408295,-0.05245988883296023,0.10795848369869326,0.0005992578383741231,-0.0770740732550621,-0.016102738678455353,-0.0009914141846820693,-0.07708986309864858,-0.01613257169543399,-0.00014654297340170973
4.9199999999999395,-1.4619723558425903,-1.0768885612487793,1.9846844673156738,1.124335870972447,-0.8426727682454754,0.08198512201408295,-0.05245988883296023,0.10795848369869326,0.0005992578383741231,-0.0770740732550621,-0.016102738678455353,-0.0009914141846820693,-0.07708986309864858,-0.01613257169543399,-0.00014654297340170973
4.929999999999939,-1.4295763969421387,-1.0987544059753418,1.984012246131897,1.1388286170149036,-0.824099730304257,0.08280860208517422,-0.05506521211572683,0.10742729411637698,0.0006303695054893572,-0.059113509953022,-0.012139054015278816,-0.0025620383676141487,-0.05931733796309031,-0.012261662682161549,-0.0019010121276727783
4.939999999999939,-1.4295763969421387,-1.0987544059753418,1.984012246131897,1.1388286170149036,-0.824099730304257,0.08280860208517422,-0.05506521211572683,0.10742729411637698,0.0006303695054893572,-0.059113509953022,-0.012139054015278816,-0.0025620383676141487,-0.05931733796309031,-0.012261662682161549,-0.0019010121276727783
4.949999999999939,-1.4295763969421387,-1.0987544059753418,1.984012246131897,1.1388286170149036,-0.824099730304257,0.08280860208517422,-0.05506521211572683,0.10742729411637698,0.0006303695054893572,-0.059113509953022,-0.012139054015278816,-0.0025620383676141487,-0.05931733796309031,-0.012261662682161549,-0.0019010121276727783
4.959999999999939,-1.4295763969421387,-1.0987544059753418,1.984012246131897,1.1388286170149036,-0.824099730304257,0.08280860208517422,-0.05506521211572683,0.10742729411637698,0.0006303695054893572,-0.059113509953022,-0.012139054015278816,-0.0025620383676141487,-0.05931733796309031,-0.012261662682161549,-0.0019010121276727783
4.9699999999999385,-1.3827602863311768,-1.1293444633483887,1.983323335647583,1.1593341196935723,-0.7954114034712141,0.08468155082638253,-0.05706687016959841,0.10668082119379219,0.0005633145129869165,-0.05238780751824379,-0.014916079118847847,-0.003568171523511408,-0.05267818682437156,-0.015095311529166622,-0.002727114643678
4.979999999999938,-1.3827602863311768,-1.1293444633483887,1.983323335647583,1.1593341196935723,-0.7954114034712141,0.08468155082638253,-0.05706687016959841,0.10668082119379219,0.0005633145129869165,-0.05238780751824379,-0.014916079118847847,-0.003568171523511408,-0.05267818682437156,-0.015095311529166622,-0.002727114643678
4.989999999999938,-1.3827602863311768,-1.1293444633483887,1.983323335647583,1.1593341196935723,-0.7954114034712141,0.08468155082638253,-0.05706687016959841,0.10668082119379219,0.0005633145129869165,-0.05238780751824379,-0.014916079118847847,-0.003568171523511408,-0.05267818682437156,-0.015095311529166622,-0.002727114643678
4.999999999999938,-1.344801425933838,-1.1531729698181152,1.982925534248352,1.1767088323403996,-0.7733267476340646,0.08796665956420577,-0.05810617884700525,0.10614254739916262,0.0004998224800096297,-0.05420847609639168,-0.030637985095381737,-0.0037219959776848516,-0.05441479225577613,-0.030802426986689318,-0.001947419536215151
5.009999999999938,-1.344801425933838,-1.1531729698181152,1.982925534248352,1.1767088323403996,-0.7733267476340646,0.08796665956420577,-0.05810617884700525,0.10614254739916262,0.0004998224800096297,-0.05420847609639168,-0.030637985095381737,-0.0037219959776848516,-0.05441479225577613,-0.030802426986689318,-0.001947419536215151
5.019999999999937,-1.344801425933838,-1.1531729698181152,1.982925534248352,1.1767088323403996,-0.7733267476340646,0.08796665956420577,-0.05810617884700525,0.10614254739916262,0.0004998224800096297,-0.05420847609639168,-0.030637985095381737,-0.0037219959776848516,-0.05441479225577613,-0.030802426986689318,-0.001947419536215151
5.029999999999937,-1.311165452003479,-1.1734027862548828,1.982671856880188,1.1901101582006888,-0.7543126989676339,0.08955283719153996,-0.060138573324456525,0.10506177058582865,0.00045916195293982127,-0.04112968221306801,-0.02929794043302536,0.00034323168802075446,-0.040907869560908125,-0.02922434720565928,0.0021151484261149305
5.039999999999937,-1.311165452003479,-1.1734027862548828,1.982671856880188,1.1901101582006888,-0.7543126989676339,0.08955283719153996,-0.060138573324456525,0.10506177058582865,0.00045916195293982127,-0.04112968221306801,-0.02929794043302536,0.00034323168802075446,-0.040907869560908125,-0.02922434720565928,0.0021151484261149305
5.049999999999937,-1.311165452003479,-1.1734027862548828,1.982671856880188,1.1901101582006888,-0.7543126989676339,0.08955283719153996,-0.060138573324456525,0.10506177058582865,0.00045916195293982127,-0.04112968221306801,-0.02929794043302536,0.00034323168802075446,-0.040907869560908125,-0.02922434720565928,0.0021151484261149305
5.0599999999999365,-1.311165452003479,-1.1734027862548828,1.982671856880188,1.1901101582006888,-0.7543126989676339,0.08955283719153996,-0.060138573324456525,0.10506177058582865,0.00045916195293982127,-0.04112968221306801,-0.02929794043302536,0.00034323168802075446,-0.040907869560908125,-0.02922434720565928,0.0021151484261149305
5.069999999999936,-1.2625662088394165,-1.2015743255615234,1.9825037717819214,1.2094779266005518,-0.7263277443224949,0.09008857101319766,-0.06164124459545524,0.10378310049933308,0.0005376281961607453,-0.04188285768032074,-0.03381546214222908,-0.004994031973183151,-0.04218506389245538,-0.03405888257629823,-0.0029171358367901753
5.079999999999936,-1.2625662088394165,-1.2015743255615234,1.9825037717819214,1.2094779266005518,-0.7263277443224949,0.09008857101319766,-0.06164124459545524,0.10378310049933308,0.0005376281961607453,-0.04188285768032074,-0.03381546214222908,-0.004994031973183151,-0.04218506389245538,-0.03405888257629823,-0.0029171358367901753
5.089999999999936,-1.2625662088394165,-1.2015743255615234,1.9825037717819214,1.2094779266005518,-0.7263277443224949,0.09008857101319766,-0.06164124459545524,0.10378310049933308,0.0005376281961607453,-0.04188285768032074,-0.03381546214222908,-0.004994031973183151,-0.04218506389245538,-0.03405888257629823,-0.0029171358367901753
5.099999999999936,-1.223206877708435,-1.2234554290771484,1.9825130701065063,1.223899374076188,-0.7043833667231734,0.09125452093846538,-0.06257674994786915,0.10300078571177244,0.000549834739937464,-0.03781569004058838,-0.03041367046535015,0.00015161762712523713,-0.03760345076637622,-0.030344660666820227,0.0020642077426505554
5.1099999999999355,-1.223206877708435,-1.2234554290771484,1.9825130701065063,1.223899374076188,-0.7043833667231734,0.09125452093846538,-0.06257674994786915,0.10300078571177244,0.000549834739937464,-0.03781569004058838,-0.03041367046535015,0.00015161762712523713,-0.03760345076637622,-0.030344660666820227,0.0020642077426505554
5.119999999999935,-1.223206877708435,-1.2234554290771484,1.9825130701065063,1.223899374076188,-0.7043833667231734,0.09125452093846538,-0.06257674994786915,0.10300078571177244,0.000549834739937464,-0.03781569004058838,-0.03041367046535015,0.00015161762712523713,-0.03760345076637622,-0.030344660666820227,0.0020642077426505554
5.129999999999935,-1.1884289979934692,-1.2419867515563965,1.982547640800476,1.2363627280475473,-0.6845881038528534,0.08945955232615029,-0.06456353093354907,0.1017735582105449,0.0006175266146985838,-0.0456186905503273,-0.03128373995423317,-0.0004064863896928689,-0.04545398656786713,-0.031244786222435428,0.0016211347955175294
5.139999999999935,-1.1884289979934692,-1.2419867515563965,1.982547640800476,1.2363627280475473,-0.6845881038528534,0.08945955232615029,-0.06456353093354907,0.1017735582105449,0.0006175266146985838,-0.0456186905503273,-0.03128373995423317,-0.0004064863896928689,-0.04545398656786713,-0.031244786222435428,0.0016211347955175294
5.149999999999935,-1.1884289979934692,-1.2419867515563965,1.982547640800476,1.2363627280475473,-0.6845881038528534,0.08945955232615029,-0.06456353093354907,0.1017735582105449,0.0006175266146985838,-0.0456186905503273,-0.03128373995423317,-0.0004064863896928689,-0.04545398656786713,-0.031244786222435428,0.0016211347955175294
5.159999999999934,-1.1884289979934692,-1.2419867515563965,1.982547640800476,1.2363627280475473,-0.6845881038528534,0.08945955232615029,-0.06456353093354907,0.1017735582105449,0.0006175266146985838,-0.0456186905503273,-0.03128373995423317,-0.0004064863896928689,-0.04545398656786713,-0.031244786222435428,0.0016211347955175294
5.169999999999934,-1.138205647468567,-1.2676620483398438,1.9827592372894287,1.2535984979427615,-0.6565040494958551,0.09146909169524799,-0.06672363079519922,0.10024151699528142,0.0006158114571261957,-0.059783730655908585,-0.03560527414083481,1.0894029401247094e-05,-0.059543868680835374,-0.035525319087466464,0.002396852691479707
5.179999999999934,-1.138205647468567,-1.2676620483398438,1.9827592372894287,1.2535984979427615,-0.6565040494958551,0.09146909169524799,-0.06672363079519922,0.10024151699528142,0.0006158114571261957,-0.059783730655908585,-0.03560527414083481,1.0894029401247094e-05,-0.059543868680835374,-0.035525319087466464,0.002396852691479707
5.189999999999934,-1.138205647468567,-1.2676620483398438,1.9827592372894287,1.2535984979427615,-0.6565040494958551,0.09146909169524799,-0.06672363079519922,0.10024151699528142,0.0006158114571261957,-0.059783730655908585,-0.03560527414083481,1.0894029401247094e-05,-0.059543868680835374,-0.035525319087466464,0.002396852691479707
5.199999999999934,-1.0975974798202515,-1.2874817848205566,1.982936143875122,1.2657533529932563,-0.6334968216250659,0.09322685528333025,-0.06790117475438308,0.0996508151819037,0.0005494472904173808,-0.057301394641399384,-0.02931733801960945,-0.0057835001498460735,-0.057679428554670314,-0.029642183927116816,-0.0037998716043923996
5.209999999999933,-1.0975974798202515,-1.2874817848205566,1.982936143875122,1.2657533529932563,-0.6334968216250659,0.09322685528333025,-0.06790117475438308,0.0996508151819037,0.0005494472904173808,-0.057301394641399384,-0.02931733801960945,-0.0057835001498460735,-0.057679428554670314,-0.029642183927116816,-0.0037998716043923996
5.219999999999933,-1.0975974798202515,-1.2874817848205566,1.982936143875122,1.2657533529932563,-0.6334968216250659,0.09322685528333025,-0.06790117475438308,0.0996508151819037,0.0005494472904173808,-0.057301394641399384,-0.02931733801960945,-0.0057835001498460735,-0.057679428554670314,-0.029642183927116816,-0.0037998716043923996
5.229999999999933,-1.0617027282714844,-1.3037052154541016,1.9827666282653809,1.276611154669569,-0.6130732402551378,0.09327694108864518,-0.06990420983355145,0.09844459331184233,0.0006226366606847076,-0.06081264093518257,-0.035129956901073456,-0.0007161038229241924,-0.06064085331916033,-0.035094176762148856,0.0017478400752227315
5.239999999999933,-1.0617027282714844,-1.3037052154541016,1.9827666282653809,1.276611154669569,-0.6130732402551378,0.09327694108864518,-0.06990420983355145,0.09844459331184233,0.0006226366606847076,-0.06081264093518257,-0.035129956901073456,-0.0007161038229241924,-0.06064085331916033,-0.035094176762148856,0.0017478400752227315
5.2499999999999325,-1.0617027282714844,-1.3037052154541016,1.9827666282653809,1.276611154669569,-0.6130732402551378,0.09327694108864518,-0.06990420983355145,0.09844459331184233,0.0006226366606847076,-0.06081264093518257,-0.035129956901073456,-0.0007161038229241924,-0.06064085331916033,-0.035094176762148856,0.0017478400752227315
5.259999999999932,-1.0617027282714844,-1.3037052154541016,1.9827666282653809,1.276611154669569,-0.6130732402551378,0.09327694108864518,-0.06990420983355145,0.09844459331184233,0.0006226366606847076,-0.06081264093518257,-0.035129956901073456,-0.0007161038229241924,-0.06064085331916033,-0.035094176762148856,0.0017478400752227315
5.269999999999932,-1.0097439289093018,-1.3248400688171387,1.9820971488952637,1.2929281232855705,-0.5816487104065308,0.0920495722493417,-0.07250473312998303,0.0970521306964519,0.0005334700627415566,-0.06345818936824799,-0.030317390337586403,-0.0036396700888872108,-0.0635977889230049,-0.030501399103391193,-0.001440658185987433
5.279999999999932,-1.0097439289093018,-1.3248400688171387,1.9820971488952637,1.2929281232855705,-0.5816487104065308,0.0920495722493417,-0.07250473312998303,0.0970521306964519,0.0005334700627415566,-0.06345818936824799,-0.030317390337586403,-0.0036396700888872108,-0.0635977889230049,-0.030501399103391193,-0.001440658185987433
5.289999999999932,-1.0097439289093018,-1.3248400688171387,1.9820971488952637,1.2929281232855705,-0.5816487104065308,0.0920495722493417,-0.07250473312998303,0.0970521306964519,0.0005334700627415566,-0.06345818936824799,-0.030317390337586403,-0.0036396700888872108,-0.0635977889230049,-0.030501399103391193,-0.001440658185987433
5.299999999999931,-0.9678040742874146,-1.341156005859375,1.981665015220642,1.3052300490119815,-0.556434412913943,0.09336385137370679,-0.0737511307229473,0.0964522890993114,0.00046931677201791076,-0.06038916856050491,-0.02831108868122101,-0.006653691641986367,-0.06082934620455552,-0.02872440087224723,-0.004570766420564933
5.309999999999931,-0.9678040742874146,-1.341156005859375,1.981665015220642,1.3052300490119815,-0.556434412913943,0.09336385137370679,-0.0737511307229473,0.0964522890993114,0.00046931677201791076,-0.06038916856050491,-0.02831108868122101,-0.006653691641986367,-0.06082934620455552,-0.02872440087224723,-0.004570766420564933
5.319999999999931,-0.9678040742874146,-1.341156005859375,1.981665015220642,1.3052300490119815,-0.556434412913943,0.09336385137370679,-0.0737511307229473,0.0964522890993114,0.00046931677201791076,-0.06038916856050491,-0.02831108868122101,-0.006653691641986367,-0.06082934620455552,-0.02872440087224723,-0.004570766420564933
5.329999999999931,-0.9308124780654907,-1.35469388961792,1.981221079826355,1.3155138324549405,-0.5342390183746585,0.09324925554209768,-0.0756883807842939,0.0954203528857076,0.00058480899176455,-0.05462069809436798,-0.029692087322473526,-0.0005102967843413316,-0.05445450883238935,-0.02964566559686065,0.0017443000210434342
5.339999999999931,-0.9308124780654907,-1.35469388961792,1.981221079826355,1.3155138324549405,-0.5342390183746585,0.09324925554209768,-0.0756883807842939,0.0954203528857076,0.00058480899176455,-0.05462069809436798,-0.029692087322473526,-0.0005102967843413316,-0.05445450883238935,-0.02964566559686065,0.0017443000210434342
5.34999999999993,-0.9308124780654907,-1.35469388961792,1.981221079826355,1.3155138324549405,-0.5342390183746585,0.09324925554209768,-0.0756883807842939,0.0954203528857076,0.00058480899176455,-0.05462069809436798,-0.029692087322473526,-0.0005102967843413316,-0.05445450883238935,-0.02964566559686065,0.0017443000210434342
5.35999999999993,-0.9308124780654907,-1.35469388961792,1.981221079826355,1.3155138324549405,-0.5342390183746585,0.09324925554209768,-0.0756883807842939,0.0954203528857076,0.00058480899176455,-0.05462069809436798,-0.029692087322473526,-0.0005102967843413316,-0.05445450883238935,-0.02964566559686065,0.0017443000210434342
5.36999999999993,-0.8775416016578674,-1.3733067512512207,1.9807261228561401,1.329828082971009,-0.5035262227965555,0.09612119290258218,-0.07746060942705753,0.09401414246675102,0.0006860029680033776,-0.03987615928053856,-0.03605104982852936,0.002064887667074804,-0.039418989590426924,-0.03578316056175773,0.004869946524733843
5.37999999999993,-0.8775416016578674,-1.3733067512512207,1.9807261228561401,1.329828082971009,-0.5035262227965555,0.09612119290258218,-0.07746060942705753,0.09401414246675102,0.0006860029680033776,-0.03987615928053856,-0.03605104982852936,0.002064887667074804,-0.039418989590426924,-0.03578316056175773,0.004869946524733843
5.3899999999999295,-0.8775416016578674,-1.3733067512512207,1.9807261228561401,1.329828082971009,-0.5035262227965555,0.09612119290258218,-0.07746060942705753,0.09401414246675102,0.0006860029680033776,-0.03987615928053856,-0.03605104982852936,0.002064887667074804,-0.039418989590426924,-0.03578316056175773,0.004869946524733843
5.399999999999929,-0.8345620632171631,-1.3875222206115723,1.980490803718567,1.3400814587835963,-0.4786708511852107,0.09827260407512646,-0.0781849023573078,0.09331612556528066,0.0007433280670959123,-0.036378130316734314,-0.03444090858101845,-0.0008043848793022292,-0.03620142797423133,-0.034398522339811693,0.0018963394937200268
5.409999999999929,-0.8345620632171631,-1.3875222206115723,1.980490803718567,1.3400814587835963,-0.4786708511852107,0.09827260407512646,-0.0781849023573078,0.09331612556528066,0.0007433280670959123,-0.036378130316734314,-0.03444090858101845,-0.0008043848793022292,-0.03620142797423133,-0.034398522339811693,0.0018963394937200268
5.419999999999929,-0.8345620632171631,-1.3875222206115723,1.980490803718567,1.3400814587835963,-0.4786708511852107,0.09827260407512646,-0.0781849023573078,0.09331612556528066,0.0007433280670959123,-0.036378130316734314,-0.03444090858101845,-0.0008043848793022292,-0.03620142797423133,-0.034398522339811693,0.0018963394937200268
5.429999999999929,-0.796704888343811,-1.399247646331787,1.9803117513656616,1.3494527885463958,-0.4569372929802441,0.0992084469656979,-0.07968261594494147,0.09150810298247557,0.0009152874566481137,-0.0353970043361187,-0.0379192940890789,-0.0012102134060114577,-0.03523073289767563,-0.037895307872859295,0.0018195516246025788
5.4399999999999284,-0.796704888343811,-1.399247646331787,1.9803117513656616,1.3494527885463958,-0.4569372929802441,0.0992084469656979,-0.07968261594494147,0.09150810298247557,0.0009152874566481137,-0.0353970043361187,-0.0379192940890789,-0.0012102134060114577,-0.03523073289767563,-0.037895307872859295,0.0018195516246025788
5.449999999999928,-0.796704888343811,-1.399247646331787,1.9803117513656616,1.3494527885463958,-0.4569372929802441,0.0992084469656979,-0.07968261594494147,0.09150810298247557,0.0009152874566481137,-0.0353970043361187,-0.0379192940890789,-0.0012102134060114577,-0.03523073289767563,-0.037895307872859295,0.0018195516246025788
5.459999999999928,-0.796704888343811,-1.399247646331787,1.9803117513656616,1.3494527885463958,-0.4569372929802441,0.0992084469656979,-0.07968261594494147,0.09150810298247557,0.0009152874566481137,-0.0353970043361187,-0.0379192940890789,-0.0012102134060114577,-0.03523073289767563,-0.037895307872859295,0.0018195516246025788
5.469999999999928,-0.7422165870666504,-1.4151697158813477,1.980298399925232,1.3627335468555788,-0.42422734775667836,0.10022668582556678,-0.08110501778242116,0.08946496047942715,0.0008458954413435734,-0.042375337332487106,-0.04765333980321884,-0.006665997207164758,-0.0426250202154662,-0.048036746582631344,-0.002794571964555163
5.479999999999928,-0.7422165870666504,-1.4151697158813477,1.980298399925232,1.3627335468555788,-0.42422734775667836,0.10022668582556678,-0.08110501778242116,0.08946496047942715,0.0008458954413435734,-0.042375337332487106,-0.04765333980321884,-0.006665997207164758,-0.0426250202154662,-0.048036746582631344,-0.002794571964555163
5.489999999999927,-0.7422165870666504,-1.4151697158813477,1.980298399925232,1.3627335468555788,-0.42422734775667836,0.10022668582556678,-0.08110501778242116,0.08946496047942715,0.0008458954413435734,-0.042375337332487106,-0.04765333980321884,-0.006665997207164758,-0.0426250202154662,-0.048036746582631344,-0.002794571964555163
5.499999999999927,-0.6983086466789246,-1.4271163940429688,1.9803801774978638,1.3712372535894262,-0.39837640808024544,0.10164447640959841,-0.08180629533280669,0.08875683824307977,0.0009547012229023092,-0.04392258822917938,-0.04511846601963043,0.0011823847889900262,-0.04348962296832773,-0.04487095905058481,0.004884516613916547
5.509999999999927,-0.6983086466789246,-1.4271163940429688,1.9803801774978638,1.3712372535894262,-0.39837640808024544,0.10164447640959841,-0.08180629533280669,0.08875683824307977,0.0009547012229023092,-0.04392258822917938,-0.04511846601963043,0.0011823847889900262,-0.04348962296832773,-0.04487095905058481,0.004884516613916547
5.519999999999927,-0.6983086466789246,-1.4271163940429688,1.9803801774978638,1.3712372535894262,-0.39837640808024544,0.10164447640959841,-0.08180629533280669,0.08875683824307977,0.0009547012229023092,-0.04392258822917938,-0.04511846601963043,0.0011823847889900262,-0.04348962296832773,-0.04487095905058481,0.004884516613916547
5.5299999999999265,-0.6596884727478027,-1.4368915557861328,1.9803415536880493,1.3786348337838676,-0.37724085348616493,0.09989765712656547,-0.08372797585180355,0.0866243770580447,0.000855151278650502,-0.0420391820371151,-0.04839595407247543,-0.005118263419717544,-0.0421306238235661,-0.04865445758825572,-0.0010569339675233337
5.539999999999926,-0.6596884727478027,-1.4368915557861328,1.9803415536880493,1.3786348337838676,-0.37724085348616493,0.09989765712656547,-0.08372797585180355,0.0866243770580447,0.000855151278650502,-0.0420391820371151,-0.04839595407247543,-0.005118263419717544,-0.0421306238235661,-0.04865445758825572,-0.0010569339675233337
5.549999999999926,-0.6596884727478027,-1.4368915557861328,1.9803415536880493,1.3786348337838676,-0.37724085348616493,0.09989765712656547,-0.08372797585180355,0.0866243770580447,0.000855151278650502,-0.0420391820371151,-0.04839595407247543,-0.005118263419717544,-0.0421306238235661,-0.04865445758825572,-0.0010569339675233337
5.559999999999926,-0.6596884727478027,-1.4368915557861328,1.9803415536880493,1.3786348337838676,-0.37724085348616493,0.09989765712656547,-0.08372797585180355,0.0866243770580447,0.000855151278650502,-0.0420391820371151,-0.04839595407247543,-0.005118263419717544,-0.0421306238235661,-0.04865445758825572,-0.0010569339675233337
5.569999999999926,-0.6041911244392395,-1.4499669075012207,1.9803507328033447,1.3896507846393908,-0.34484124564536306,0.09974788672047127,-0.08532721405261386,0.08462837519069966,0.0009483946343900434,-0.03753626346588135,-0.047126106917858124,0.0007155871717259345,-0.03713507688756694,-0.04689366967460481,0.0047462314896559955
5.5799999999999255,-0.6041911244392395,-1.4499669075012207,1.9803507328033447,1.3896507846393908,-0.34484124564536306,0.09974788672047127,-0.08532721405261386,0.08462837519069966,0.0009483946343900434,-0.03753626346588135,-0.047126106917858124,0.0007155871717259345,-0.03713507688756694,-0.04689366967460481,0.0047462314896559955
5.589999999999925,-0.6041911244392395,-1.4499669075012207,1.9803507328033447,1.3896507846393908,-0.34484124564536306,0.09974788672047127,-0.08532721405261386,0.08462837519069966,0.0009483946343900434,-0.03753626346588135,-0.047126106917858124,0.0007155871717259345,-0.03713507688756694,-0.04689366967460481,0.0047462314896559955
5.599999999999925,-0.5595433115959167,-1.459630012512207,1.980408787727356,1.3954009576056146,-0.3192577109995632,0.10078427325157346,-0.08625401031862936,0.08366876656390129,0.0009454981186451742,-0.04644771292805672,-0.04668396711349487,-0.004462989978492254,-0.046483331057713496,-0.046894889767120064,-0.0004262011060652475
5.609999999999925,-0.5595433115959167,-1.459630012512207,1.980408787727356,1.3954009576056146,-0.3192577109995632,0.10078427325157346,-0.08625401031862936,0.08366876656390129,0.0009454981186451742,-0.04644771292805672,-0.04668396711349487,-0.004462989978492254,-0.046483331057713496,-0.046894889767120064,-0.0004262011060652475
5.619999999999925,-0.5595433115959167,-1.459630012512207,1.980408787727356,1.3954009576056146,-0.3192577109995632,0.10078427325157346,-0.08625401031862936,0.08366876656390129,0.0009454981186451742,-0.04644771292805672,-0.04668396711349487,-0.004462989978492254,-0.046483331057713496,-0.046894889767120064,-0.0004262011060652475
5.629999999999924,-0.5205396413803101,-1.4669313430786133,1.9800759553909302,1.401083270994131,-0.29424559854901816,0.10059604928144357,-0.0881762857042824,0.08193253219936025,0.0008200336381590944,-0.04955628514289856,-0.048618726432323456,-0.005807345267385238,-0.04967973215610145,-0.04894124899962295,-0.001508378095075391
5.639999999999924,-0.5205396413803101,-1.4669313430786133,1.9800759553909302,1.401083270994131,-0.29424559854901816,0.10059604928144357,-0.0881762857042824,0.08193253219936025,0.0008200336381590944,-0.04955628514289856,-0.048618726432323456,-0.005807345267385238,-0.04967973215610145,-0.04894124899962295,-0.001508378095075391
5.649999999999924,-0.5205396413803101,-1.4669313430786133,1.9800759553909302,1.401083270994131,-0.29424559854901816,0.10059604928144357,-0.0881762857042824,0.08193253219936025,0.0008200336381590944,-0.04955628514289856,-0.048618726432323456,-0.005807345267385238,-0.04967973215610145,-0.04894124899962295,-0.001508378095075391
5.659999999999924,-0.5205396413803101,-1.4669313430786133,1.9800759553909302,1.401083270994131,-0.29424559854901816,0.10059604928144357,-0.0881762857042824,0.08193253219936025,0.0008200336381590944,-0.04955628514289856,-0.048618726432323456,-0.005807345267385238,-0.04967973215610145,-0.04894124899962295,-0.001508378095075391
5.6699999999999235,-0.46504196524620056,-1.4753789901733398,1.9788267612457275,1.4071926933613836,-0.260506407229335,0.10070375122562009,-0.09005135575668534,0.07999867242447999,0.0008215275758092787,-0.04616859182715416,-0.044225938618183136,-0.000910886330530042,-0.04592246825377402,-0.04412865597316531,0.0030798797674329442
5.679999999999923,-0.46504196524620056,-1.4753789901733398,1.9788267612457275,1.4071926933613836,-0.260506407229335,0.10070375122562009,-0.09005135575668534,0.07999867242447999,0.0008215275758092787,-0.04616859182715416,-0.044225938618183136,-0.000910886330530042,-0.04592246825377402,-0.04412865597316531,0.0030798797674329442
5.689999999999923,-0.46504196524620056,-1.4753789901733398,1.9788267612457275,1.4071926933613836,-0.260506407229335,0.10070375122562009,-0.09005135575668534,0.07999867242447999,0.0008215275758092787,-0.04616859182715416,-0.044225938618183136,-0.000910886330530042,-0.04592246825377402,-0.04412865597316531,0.0030798797674329442
5.699999999999923,-0.4203724265098572,-1.481440544128418,1.978051781654358,1.4128114291245144,-0.23352971575902115,0.10360095364441198,-0.09081963772051109,0.07938702860970177,0.0008682333135166962,-0.04471105709671974,-0.036679066717624664,-0.0011687679216265633,-0.044539009079247995,-0.03663390362223417,0.0021694837283922496
5.709999999999923,-0.4203724265098572,-1.481440544128418,1.978051781654358,1.4128114291245144,-0.23352971575902115,0.10360095364441198,-0.09081963772051109,0.07938702860970177,0.0008682333135166962,-0.04471105709671974,-0.036679066717624664,-0.0011687679216265633,-0.044539009079247995,-0.03663390362223417,0.0021694837283922496
5.7199999999999225,-0.4203724265098572,-1.481440544128418,1.978051781654358,1.4128114291245144,-0.23352971575902115,0.10360095364441198,-0.09081963772051109,0.07938702860970177,0.0008682333135166962,-0.04471105709671974,-0.036679066717624664,-0.0011687679216265633,-0.044539009079247995,-0.03663390362223417,0.0021694837283922496
5.729999999999922,-0.3811948597431183,-1.4859795570373535,1.9773783683776855,1.417657023253096,-0.21015520802948728,0.10495307817903782,-0.09253324375750975,0.07787275358319817,0.0009198679119069383,-0.02953546680510044,-0.037630073726177216,-0.002949996851384635,-0.02949335453906376,-0.03774167014480805,0.0005413300141014188
5.739999999999922,-0.3811948597431183,-1.4859795570373535,1.9773783683776855,1.417657023253096,-0.21015520802948728,0.10495307817903782,-0.09253324375750975,0.07787275358319817,0.0009198679119069383,-0.02953546680510044,-0.037630073726177216,-0.002949996851384635,-0.02949335453906376,-0.03774167014480805,0.0005413300141014188
5.749999999999922,-0.3811948597431183,-1.4859795570373535,1.9773783683776855,1.417657023253096,-0.21015520802948728,0.10495307817903782,-0.09253324375750975,0.07787275358319817,0.0009198679119069383,-0.02953546680510044,-0.037630073726177216,-0.002949996851384635,-0.02949335453906376,-0.03774167014480805,0.0005413300141014188
5.759999999999922,-0.3811948597431183,-1.4859795570373535,1.9773783683776855,1.417657023253096,-0.21015520802948728,0.10495307817903782,-0.09253324375750975,0.07787275358319817,0.0009198679119069383,-0.02953546680510044,-0.037630073726177216,-0.002949996851384635,-0.02949335453906376,-0.03774167014480805,0.0005413300141014188
5.769999999999921,-0.32493260502815247,-1.4916419982910156,1.976666808128357,1.4230856252599673,-0.17637723369976754,0.10720344315698786,-0.09336835924853933,0.07660057761624334,0.0008949127528465627,-0.020404454320669174,-0.037033069878816605,-0.006975617259740825,-0.020672509279844556,-0.03752212247883373,-0.0035028101501860813
5.779999999999921,-0.32493260502815247,-1.4916419982910156,1.976666808128357,1.4230856252599673,-0.17637723369976754,0.10720344315698786,-0.09336835924853933,0.07660057761624334,0.0008949127528465627,-0.020404454320669174,-0.037033069878816605,-0.006975617259740825,-0.020672509279844556,-0.03752212247883373,-0.0035028101501860813
5.789999999999921,-0.32493260502815247,-1.4916419982910156,1.976666808128357,1.4230856252599673,-0.17637723369976754,0.10720344315698786,-0.09336835924853933,0.07660057761624334,0.0008949127528465627,-0.020404454320669174,-0.037033069878816605,-0.006975617259740825,-0.020672509279844556,-0.03752212247883373,-0.0035028101501860813
5.799999999999921,-0.27969780564308167,-1.4954113960266113,1.9762248992919922,1.4285384691087526,-0.15019854444285696,0.11003405066198943,-0.09392077128135702,0.07599765201890621,0.0008556344786681803,-0.029686689376831055,-0.02779174968600273,-0.0027584251947700943,-0.029697340533272474,-0.02792795541056284,-0.00014028612662067837
5.809999999999921,-0.27969780564308167,-1.4954113960266113,1.9762248992919922,1.4285384691087526,-0.15019854444285696,0.11003405066198943,-0.09392077128135702,0.07599765201890621,0.0008556344786681803,-0.029686689376831055,-0.02779174968600273,-0.0027584251947700943,-0.029697340533272474,-0.02792795541056284,-0.00014028612662067837
5.81999999999992,-0.27969780564308167,-1.4954113960266113,1.9762248992919922,1.4285384691087526,-0.15019854444285696,0.11003405066198943,-0.09392077128135702,0.07599765201890621,0.0008556344786681803,-0.029686689376831055,-0.02779174968600273,-0.0027584251947700943,-0.029697340533272474,-0.02792795541056284,-0.00014028612662067837
5.82999999999992,-0.2400040626525879,-1.4979772567749023,1.975793719291687,1.432481512743901,-0.12701475988756453,0.10927993540125225,-0.09523639764700738,0.07426894540312279,0.0008808187564962436,-0.026414349675178528,-0.048153188079595566,-0.0007328685605898441,-0.026127927568252034,-0.048004669365212894,0.003860100428218345
5.83999999999992,-0.2400040626525879,-1.4979772567749023,1.975793719291687,1.432481512743901,-0.12701475988756453,0.10927993540125225,-0.09523639764700738,0.07426894540312279,0.0008808187564962436,-0.026414349675178528,-0.048153188079595566,-0.0007328685605898441,-0.026127927568252034,-0.048004669365212894,0.003860100428218345
5.84999999999992,-0.2400040626525879,-1.4979772567749023,1.975793719291687,1.432481512743901,-0.12701475988756453,0.10927993540125225,-0.09523639764700738,0.07426894540312279,0.0008808187564962436,-0.026414349675178528,-0.048153188079595566,-0.0007328685605898441,-0.026127927568252034,-0.048004669365212894,0.003860100428218345
5.8599999999999195,-0.2400040626525879,-1.4979772567749023,1.975793719291687,1.432481512743901,-0.12701475988756453,0.10927993540125225,-0.09523639764700738,0.07426894540312279,0.0008808187564962436,-0.026414349675178528,-0.048153188079595566,-0.0007328685605898441,-0.026127927568252034,-0.048004669365212894,0.003860100428218345
5.869999999999919,-0.18306377530097961,-1.5007638931274414,1.9753446578979492,1.4367326448343452,-0.09434435248216894,0.11028745203237138,-0.09665196773123992,0.07221541935476845,0.0008644576169797494,-0.0399850457906723,-0.0543089434504509,-0.007552288472652428,-0.04014970475218732,-0.054784282167563855,-0.0022820911105350485
5.879999999999919,-0.18306377530097961,-1.5007638931274414,1.9753446578979492,1.4367326448343452,-0.09434435248216894,0.11028745203237138,-0.09665196773123992,0.07221541935476845,0.0008644576169797494,-0.0399850457906723,-0.0543089434504509,-0.007552288472652428,-0.04014970475218732,-0.054784282167563855,-0.0022820911105350485
5.889999999999919,-0.18306377530097961,-1.5007638931274414,1.9753446578979492,1.4367326448343452,-0.09434435248216894,0.11028745203237138,-0.09665196773123992,0.07221541935476845,0.0008644576169797494,-0.0399850457906723,-0.0543089434504509,-0.007552288472652428,-0.04014970475218732,-0.054784282167563855,-0.0022820911105350485
5.899999999999919,-0.137348473072052,-1.5021820068359375,1.97519052028656,1.4393086052254052,-0.06725847570634377,0.11326782222346748,-0.0973490870836965,0.07126929510083642,0.0008689811173724339,-0.0451565682888031,-0.0588393434882164,-0.004318840336054557,-0.045055156964903614,-0.0589805293520495,0.0014241367846125688
5.909999999999918,-0.137348473072052,-1.5021820068359375,1.97519052028656,1.4393086052254052,-0.06725847570634377,0.11326782222346748,-0.0973490870836965,0.07126929510083642,0.0008689811173724339,-0.0451565682888031,-0.0588393434882164,-0.004318840336054557,-0.045055156964903614,-0.0589805293520495,0.0014241367846125688
5.919999999999918,-0.137348473072052,-1.5021820068359375,1.97519052028656,1.4393086052254052,-0.06725847570634377,0.11326782222346748,-0.0973490870836965,0.07126929510083642,0.0008689811173724339,-0.0451565682888031,-0.0588393434882164,-0.004318840336054557,-0.045055156964903614,-0.0589805293520495,0.0014241367846125688
5.929999999999918,-0.09732557833194733,-1.5026869773864746,1.9750819206237793,1.442071972940053,-0.04363500684308219,0.11299819730213047,-0.09930440394203251,0.06863786216209444,0.0008969355790090861,-0.0435541570186615,-0.061024971306324005,-0.005599324125796549,-0.043521272100334886,-0.06127944786108462,0.00047948395370246656
5.939999999999918,-0.09732557833194733,-1.5026869773864746,1.9750819206237793,1.442071972940053,-0.04363500684308219,0.11299819730213047,-0.09930440394203251,0.06863786216209444,0.0008969355790090861,-0.0435541570186615,-0.061024971306324005,-0.005599324125796549,-0.043521272100334886,-0.06127944786108462,0.00047948395370246656
5.949999999999918,-0.09732557833194733,-1.5026869773864746,1.9750819206237793,1.442071972940053,-0.04363500684308219,0.11299819730213047,-0.09930440394203251,0.06863786216209444,0.0008969355790090861,-0.0435541570186615,-0.061024971306324005,-0.005599324125796549,-0.043521272100334886,-0.06127944786108462,0.00047948395370246656
5.959999999999917,-0.09732557833194733,-1.5026869773864746,1.9750819206237793,1.442071972940053,-0.04363500684308219,0.11299819730213047,-0.09930440394203251,0.06863786216209444,0.0008969355790090861,-0.0435541570186615,-0.061024971306324005,-0.005599324125796549,-0.043521272100334886,-0.06127944786108462,0.00047948395370246656
5.969999999999917,-0.03999120742082596,-1.5024266242980957,1.9748716354370117,1.4433648887700132,-0.00967796657439,0.11449252414675938,-0.10056458149615713,0.06682223129639607,0.0009762870075534407,-0.04147670045495033,-0.049770526587963104,-0.005849358160048717,-0.04153178284377945,-0.05010631535772758,-0.0008249260992250717
5.979999999999917,-0.03999120742082596,-1.5024266242980957,1.9748716354370117,1.4433648887700132,-0.00967796657439,0.11449252414675938,-0.10056458149615713,0.06682223129639607,0.0009762870075534407,-0.04147670045495033,-0.049770526587963104,-0.005849358160048717,-0.04153178284377945,-0.05010631535772758,-0.0008249260992250717
5.989999999999917,-0.03999120742082596,-1.5024266242980957,1.9748716354370117,1.4433648887700132,-0.00967796657439,0.11449252414675938,-0.10056458149615713,0.06682223129639607,0.0009762870075534407,-0.04147670045495033,-0.049770526587963104,-0.005849358160048717,-0.04153178284377945,-0.05010631535772758,-0.0008249260992250717
5.9999999999999165,0.005943675525486469,-1.5013551712036133,1.9747875928878784,1.4442361381373263,0.017153680610573707,0.11576121085771773,-0.1014876934135792,0.0655264978320196,0.0009798271149360665,-0.037067264318466187,-0.05022842809557915,-0.0063818502239882885,-0.03714995864230832,-0.050616547873799184,-0.0012629017874619375
6.009999999999916,0.005943675525486469,-1.5013551712036133,1.9747875928878784,1.4442361381373263,0.017153680610573707,0.11576121085771773,-0.1014876934135792,0.0655264978320196,0.0009798271149360665,-0.037067264318466187,-0.05022842809557915,-0.0063818502239882885,-0.03714995864230832,-0.050616547873799184,-0.0012629017874619375
6.019999999999916,0.005943675525486469,-1.5013551712036133,1.9747875928878784,1.4442361381373263,0.017153680610573707,0.11576121085771773,-0.1014876934135792,0.0655264978320196,0.0009798271149360665,-0.037067264318466187,-0.05022842809557915,-0.0063818502239882885,-0.03714995864230832,-0.050616547873799184,-0.0012629017874619375
6.029999999999916,0.04588403180241585,-1.4992823600769043,1.9745047092437744,1.444240988065114,0.04135088655062166,0.11497529229252587,-0.10269217504966517,0.06327533476214059,0.0009536838886310007,-0.026844048872590065,-0.0610443539917469,-0.009034333750605576,-0.02701695642464118,-0.061648885169668266,-0.0027344460034253396
6.039999999999916,0.04588403180241585,-1.4992823600769043,1.9745047092437744,1.444240988065114,0.04135088655062166,0.11497529229252587,-0.10269217504966517,0.06327533476214059,0.0009536838886310007,-0.026844048872590065,-0.0610443539917469,-0.009034333750605576,-0.02701695642464118,-0.061648885169668266,-0.0027344460034253396
6.0499999999999154,0.04588403180241585,-1.4992823600769043,1.9745047092437744,1.444240988065114,0.04135088655062166,0.11497529229252587,-0.10269217504966517,0.06327533476214059,0.0009536838886310007,-0.026844048872590065,-0.0610443539917469,-0.009034333750605576,-0.02701695642464118,-0.061648885169668266,-0.0027344460034253396
6.059999999999915,0.04588403180241585,-1.4992823600769043,1.9745047092437744,1.444240988065114,0.04135088655062166,0.11497529229252587,-0.10269217504966517,0.06327533476214059,0.0009536838886310007,-0.026844048872590065,-0.0610443539917469,-0.009034333750605576,-0.02701695642464118,-0.061648885169668266,-0.0027344460034253396
6.069999999999915,0.10246904194355011,-1.494302749633789,1.9736685752868652,1.443618572853364,0.07788511197601886,0.11360226915682212,-0.10409888968778581,0.061044974630262545,0.0009825433875840842,-0.037264056503772736,-0.05130110681056976,-0.006982143502682441,-0.03736268110032301,-0.05174891485706553,-0.0016166093556464714
6.079999999999915,0.10246904194355011,-1.494302749633789,1.9736685752868652,1.443618572853364,0.07788511197601886,0.11360226915682212,-0.10409888968778581,0.061044974630262545,0.0009825433875840842,-0.037264056503772736,-0.05130110681056976,-0.006982143502682441,-0.03736268110032301,-0.05174891485706553,-0.0016166093556464714
6.089999999999915,0.10246904194355011,-1.494302749633789,1.9736685752868652,1.443618572853364,0.07788511197601886,0.11360226915682212,-0.10409888968778581,0.061044974630262545,0.0009825433875840842,-0.037264056503772736,-0.05130110681056976,-0.006982143502682441,-0.03736268110032301,-0.05174891485706553,-0.0016166093556464714
6.099999999999914,0.14783532917499542,-1.48958158493042,1.9731234312057495,1.4417123015603115,0.10476946003850816,0.11602340826558856,-0.10497634374910443,0.060107046171008816,0.001021842101183052,-0.04265572130680084,-0.04660266265273094,-0.0012761483667418304,-0.04243822803481889,-0.04647983641817766,0.003620611942887965
6.109999999999914,0.14783532917499542,-1.48958158493042,1.9731234312057495,1.4417123015603115,0.10476946003850816,0.11602340826558856,-0.10497634374910443,0.060107046171008816,0.001021842101183052,-0.04265572130680084,-0.04660266265273094,-0.0012761483667418304,-0.04243822803481889,-0.04647983641817766,0.003620611942887965
6.119999999999914,0.14783532917499542,-1.48958158493042,1.9731234312057495,1.4417123015603115,0.10476946003850816,0.11602340826558856,-0.10497634374910443,0.060107046171008816,0.001021842101183052,-0.04265572130680084,-0.04660266265273094,-0.0012761483667418304,-0.04243822803481889,-0.04647983641817766,0.003620611942887965
6.129999999999914,0.1874191164970398,-1.4846882820129395,1.9726282358169556,1.4400756274482918,0.1292596102087083,0.11642722835237493,-0.10592811169438428,0.05849627196768549,0.0009322740141247163,-0.02060958929359913,-0.050327762961387634,-0.005511735100299114,-0.020618940673731573,-0.05062842532278655,-0.00015995404597873942
6.1399999999999135,0.1874191164970398,-1.4846882820129395,1.9726282358169556,1.4400756274482918,0.1292596102087083,0.11642722835237493,-0.10592811169438428,0.05849627196768549,0.0009322740141247163,-0.02060958929359913,-0.050327762961387634,-0.005511735100299114,-0.020618940673731573,-0.05062842532278655,-0.00015995404597873942
6.149999999999913,0.1874191164970398,-1.4846882820129395,1.9726282358169556,1.4400756274482918,0.1292596102087083,0.11642722835237493,-0.10592811169438428,0.05849627196768549,0.0009322740141247163,-0.02060958929359913,-0.050327762961387634,-0.005511735100299114,-0.020618940673731573,-0.05062842532278655,-0.00015995404597873942
6.159999999999913,0.1874191164970398,-1.4846882820129395,1.9726282358169556,1.4400756274482918,0.1292596102087083,0.11642722835237493,-0.10592811169438428,0.05849627196768549,0.0009322740141247163,-0.02060958929359913,-0.050327762961387634,-0.005511735100299114,-0.020618940673731573,-0.05062842532278655,-0.00015995404597873942
6.169999999999913,0.24402886629104614,-1.4767780303955078,1.9720381498336792,1.437247939431484,0.16497245131928143,0.11768190953244885,-0.10663561839821192,0.05642417609347451,0.0009132109452444878,-0.015122540295124054,-0.04018065333366394,-0.0059330416843295045,-0.015214200921844582,-0.040583894721753055,-0.0016253543712757789
6.179999999999913,0.24402886629104614,-1.4767780303955078,1.9720381498336792,1.437247939431484,0.16497245131928143,0.11768190953244885,-0.10663561839821192,0.05642417609347451,0.0009132109452444878,-0.015122540295124054,-0.04018065333366394,-0.0059330416843295045,-0.015214200921844582,-0.040583894721753055,-0.0016253543712757789
6.1899999999999125,0.24402886629104614,-1.4767780303955078,1.9720381498336792,1.437247939431484,0.16497245131928143,0.11768190953244885,-0.10663561839821192,0.05642417609347451,0.0009132109452444878,-0.015122540295124054,-0.04018065333366394,-0.0059330416843295045,-0.015214200921844582,-0.040583894721753055,-0.0016253543712757789
6.199999999999912,0.28934645652770996,-1.469655990600586,1.9717741012573242,1.4346859669355123,0.19175776978979428,0.12045056865759468,-0.10704011898671364,0.05575273443499308,0.0009240868749720201,-0.02703840471804142,-0.04445726051926613,-0.003372878767549986,-0.02696049015810648,-0.044563161445030676,0.0013982262911519366
6.209999999999912,0.28934645652770996,-1.469655990600586,1.9717741012573242,1.4346859669355123,0.19175776978979428,0.12045056865759468,-0.10704011898671364,0.05575273443499308,0.0009240868749720201,-0.02703840471804142,-0.04445726051926613,-0.003372878767549986,-0.02696049015810648,-0.044563161445030676,0.0013982262911519366
6.219999999999912,0.28934645652770996,-1.469655990600586,1.9717741012573242,1.4346859669355123,0.19175776978979428,0.12045056865759468,-0.10704011898671364,0.05575273443499308,0.0009240868749720201,-0.02703840471804142,-0.04445726051926613,-0.003372878767549986,-0.02696049015810648,-0.044563161445030676,0.0013982262911519366
6.229999999999912,0.32886889576911926,-1.4626569747924805,1.9716280698776245,1.432229174342201,0.21637629975972372,0.12200351772409726,-0.10777302063596343,0.053905024770160036,0.0008856733031797314,-0.017334885895252228,-0.05126279965043068,-0.009378841146826737,-0.01754048306152729,-0.05197420883292608,-0.0038159108537509107
6.239999999999911,0.32886889576911926,-1.4626569747924805,1.9716280698776245,1.432229174342201,0.21637629975972372,0.12200351772409726,-0.10777302063596343,0.053905024770160036,0.0008856733031797314,-0.017334885895252228,-0.05126279965043068,-0.009378841146826737,-0.01754048306152729,-0.05197420883292608,-0.0038159108537509107
6.249999999999911,0.32886889576911926,-1.4626569747924805,1.9716280698776245,1.432229174342201,0.21637629975972372,0.12200351772409726,-0.10777302063596343,0.053905024770160036,0.0008856733031797314,-0.017334885895252228,-0.05126279965043068,-0.009378841146826737,-0.01754048306152729,-0.05197420883292608,-0.0038159108537509107
6.259999999999911,0.32886889576911926,-1.4626569747924805,1.9716280698776245,1.432229174342201,0.21637629975972372,0.12200351772409726,-0.10777302063596343,0.053905024770160036,0.0008856733031797314,-0.017334885895252228,-0.05126279965043068,-0.009378841146826737,-0.01754048306152729,-0.05197420883292608,-0.0038159108537509107
6.269999999999911,0.38531914353370667,-1.4517035484313965,1.9716026782989502,1.4276760137659992,0.250210661118732,0.1232990080880734,-0.10841507972706399,0.051778458057356494,0.0010650637894846424,-0.014860237948596478,-0.04615778848528862,-0.0005969975027255658,-0.014632161724657967,-0.0459513855083341,0.004406816594696318
6.2799999999999105,0.38531914353370667,-1.4517035484313965,1.9716026782989502,1.4276760137659992,0.250210661118732,0.1232990080880734,-0.10841507972706399,0.051778458057356494,0.0010650637894846424,-0.014860237948596478,-0.04615778848528862,-0.0005969975027255658,-0.014632161724657967,-0.0459513855083341,0.004406816594696318
6.28999999999991,0.38531914353370667,-1.4517035484313965,1.9716026782989502,1.4276760137659992,0.250210661118732,0.1232990080880734,-0.10841507972706399,0.051778458057356494,0.0010650637894846424,-0.014860237948596478,-0.04615778848528862,-0.0005969975027255658,-0.014632161724657967,-0.0459513855083341,0.004406816594696318
6.29999999999991,0.430430144071579,-1.4421195983886719,1.9716391563415527,1.4238034226176046,0.2772657980475971,0.12528136136610304,-0.1087261104000784,0.050788617936077404,0.0010719391617384573,-0.014229968190193176,-0.050371039658784866,-0.004808936268091196,-0.014195131613695311,-0.050595432960462,0.0006862080354367014
6.30999999999991,0.430430144071579,-1.4421195983886719,1.9716391563415527,1.4238034226176046,0.2772657980475971,0.12528136136610304,-0.1087261104000784,0.050788617936077404,0.0010719391617384573,-0.014229968190193176,-0.050371039658784866,-0.004808936268091196,-0.014195131613695311,-0.050595432960462,0.0006862080354367014
6.31999999999991,0.430430144071579,-1.4421195983886719,1.9716391563415527,1.4238034226176046,0.2772657980475971,0.12528136136610304,-0.1087261104000784,0.050788617936077404,0.0010719391617384573,-0.014229968190193176,-0.050371039658784866,-0.004808936268091196,-0.014195131613695311,-0.050595432960462,0.0006862080354367014
6.3299999999999095,0.4697476029396057,-1.433006763458252,1.971620798110962,1.4199945837032155,0.30050929364270274,0.12458173637918026,-0.10931069326573178,0.04876082332941937,0.001225949589492404,-0.012074021622538567,-0.05183842033147812,-0.0013265777379274305,-0.011862399853826193,-0.051673744939913134,0.004341716091082242
6.339999999999909,0.4697476029396057,-1.433006763458252,1.971620798110962,1.4199945837032155,0.30050929364270274,0.12458173637918026,-0.10931069326573178,0.04876082332941937,0.001225949589492404,-0.012074021622538567,-0.05183842033147812,-0.0013265777379274305,-0.011862399853826193,-0.051673744939913134,0.004341716091082242
6.349999999999909,0.4697476029396057,-1.433006763458252,1.971620798110962,1.4199945837032155,0.30050929364270274,0.12458173637918026,-0.10931069326573178,0.04876082332941937,0.001225949589492404,-0.012074021622538567,-0.05183842033147812,-0.0013265777379274305,-0.011862399853826193,-0.051673744939913134,0.004341716091082242
6.359999999999909,0.4697476029396057,-1.433006763458252,1.971620798110962,1.4199945837032155,0.30050929364270274,0.12458173637918026,-0.10931069326573178,0.04876082332941937,0.001225949589492404,-0.012074021622538567,-0.05183842033147812,-0.0013265777379274305,-0.011862399853826193,-0.051673744939913134,0.004341716091082242
6.369999999999909,0.5258079171180725,-1.419020175933838,1.9716535806655884,1.4147024868100997,0.3343423451039581,0.1252003062775002,-0.10997399718489259,0.046608492220361446,0.0013577896999263609,-0.025391364470124245,-0.05053083226084709,-0.00039535478572360553,-0.02515102074056866,-0.0502689642444294,0.005158518516112397
6.379999999999908,0.5258079171180725,-1.419020175933838,1.9716535806655884,1.4147024868100997,0.3343423451039581,0.1252003062775002,-0.10997399718489259,0.046608492220361446,0.0013577896999263609,-0.025391364470124245,-0.05053083226084709,-0.00039535478572360553,-0.02515102074056866,-0.0502689642444294,0.005158518516112397
6.389999999999908,0.5258079171180725,-1.419020175933838,1.9716535806655884,1.4147024868100997,0.3343423451039581,0.1252003062775002,-0.10997399718489259,0.046608492220361446,0.0013577896999263609,-0.025391364470124245,-0.05053083226084709,-0.00039535478572360553,-0.02515102074056866,-0.0502689642444294,0.005158518516112397
6.399999999999908,0.5705603361129761,-1.4069595336914062,1.9718387126922607,1.4091271997856345,0.3611401537150504,0.12668692176005253,-0.11029409687673579,0.0456722369570154,0.0014014186696602864,-0.01956651546061039,-0.06058799475431442,-0.003173954319208853,-0.019405898314611182,-0.060569207239050106,0.003517957741338797
6.409999999999908,0.5705603361129761,-1.4069595336914062,1.9718387126922607,1.4091271997856345,0.3611401537150504,0.12668692176005253,-0.11029409687673579,0.0456722369570154,0.0014014186696602864,-0.01956651546061039,-0.06058799475431442,-0.003173954319208853,-0.019405898314611182,-0.060569207239050106,0.003517957741338797
6.419999999999908,0.5705603361129761,-1.4069595336914062,1.9718387126922607,1.4091271997856345,0.3611401537150504,0.12668692176005253,-0.11029409687673579,0.0456722369570154,0.0014014186696602864,-0.01956651546061039,-0.06058799475431442,-0.003173954319208853,-0.019405898314611182,-0.060569207239050106,0.003517957741338797
6.429999999999907,0.6091715097427368,-1.3954682350158691,1.9716981649398804,1.4042157139634268,0.3843425725351647,0.1255739762431924,-0.11109730126673795,0.04310165896841926,0.0014893536386605991,-0.01883508823812008,-0.05826830863952637,-0.006121849175542586,-0.018818870449276087,-0.05858780953834865,0.0003763848483286216
6.439999999999907,0.6091715097427368,-1.3954682350158691,1.9716981649398804,1.4042157139634268,0.3843425725351647,0.1255739762431924,-0.11109730126673795,0.04310165896841926,0.0014893536386605991,-0.01883508823812008,-0.05826830863952637,-0.006121849175542586,-0.018818870449276087,-0.05858780953834865,0.0003763848483286216
6.449999999999907,0.6091715097427368,-1.3954682350158691,1.9716981649398804,1.4042157139634268,0.3843425725351647,0.1255739762431924,-0.11109730126673795,0.04310165896841926,0.0014893536386605991,-0.01883508823812008,-0.05826830863952637,-0.006121849175542586,-0.018818870449276087,-0.05858780953834865,0.0003763848483286216
6.459999999999907,0.6091715097427368,-1.3954682350158691,1.9716981649398804,1.4042157139634268,0.3843425725351647,0.1255739762431924,-0.11109730126673795,0.04310165896841926,0.0014893536386605991,-0.01883508823812008,-0.05826830863952637,-0.006121849175542586,-0.018818870449276087,-0.05858780953834865,0.0003763848483286216
6.4699999999999065,0.6632645130157471,-1.3774847984313965,1.970963478088379,1.3946220503857703,0.4192229649827439,0.12627640762263043,-0.11192406742531945,0.04070119705118864,0.0013312251059725809,-0.02228163555264473,-0.054262638092041016,-0.010563973337411874,-0.022462336808953567,-0.05510301462901451,-0.004440929758509171
6.479999999999906,0.6632645130157471,-1.3774847984313965,1.970963478088379,1.3946220503857703,0.4192229649827439,0.12627640762263043,-0.11192406742531945,0.04070119705118864,0.0013312251059725809,-0.02228163555264473,-0.054262638092041016,-0.010563973337411874,-0.022462336808953567,-0.05510301462901451,-0.004440929758509171
6.489999999999906,0.6632645130157471,-1.3774847984313965,1.970963478088379,1.3946220503857703,0.4192229649827439,0.12627640762263043,-0.11192406742531945,0.04070119705118864,0.0013312251059725809,-0.02228163555264473,-0.054262638092041016,-0.010563973337411874,-0.022462336808953567,-0.05510301462901451,-0.004440929758509171
6.499999999999906,0.706500768661499,-1.3623099327087402,1.9705750942230225,1.3868810701881191,0.44592505379626896,0.12565980540796,-0.11239372589009786,0.039372865606642896,0.0013139753276211435,-0.023272395133972168,-0.06770238280296326,-0.008980215527117244,-0.023324797656146846,-0.06828240889308079,-0.0013312737866056149
6.509999999999906,0.706500768661499,-1.3623099327087402,1.9705750942230225,1.3868810701881191,0.44592505379626896,0.12565980540796,-0.11239372589009786,0.039372865606642896,0.0013139753276211435,-0.023272395133972168,-0.06770238280296326,-0.008980215527117244,-0.023324797656146846,-0.06828240889308079,-0.0013312737866056149
6.519999999999905,0.706500768661499,-1.3623099327087402,1.9705750942230225,1.3868810701881191,0.44592505379626896,0.12565980540796,-0.11239372589009786,0.039372865606642896,0.0013139753276211435,-0.023272395133972168,-0.06770238280296326,-0.008980215527117244,-0.023324797656146846,-0.06828240889308079,-0.0013312737866056149
6.529999999999905,0.7440293431282043,-1.3483095169067383,1.9701735973358154,1.3792052268836008,0.4692344133946748,0.12481719099912457,-0.11311273675727335,0.03708155794317655,0.0011886252713134678,-0.01170915924012661,-0.05621228739619255,-0.008567535318434231,-0.011789589272937924,-0.05682009900711786,-0.002169500761987945
6.539999999999905,0.7440293431282043,-1.3483095169067383,1.9701735973358154,1.3792052268836008,0.4692344133946748,0.12481719099912457,-0.11311273675727335,0.03708155794317655,0.0011886252713134678,-0.01170915924012661,-0.05621228739619255,-0.008567535318434231,-0.011789589272937924,-0.05682009900711786,-0.002169500761987945
6.549999999999905,0.7440293431282043,-1.3483095169067383,1.9701735973358154,1.3792052268836008,0.4692344133946748,0.12481719099912457,-0.11311273675727335,0.03708155794317655,0.0011886252713134678,-0.01170915924012661,-0.05621228739619255,-0.008567535318434231,-0.011789589272937924,-0.05682009900711786,-0.002169500761987945
6.559999999999905,0.7440293431282043,-1.3483095169067383,1.9701735973358154,1.3792052268836008,0.4692344133946748,0.12481719099912457,-0.11311273675727335,0.03708155794317655,0.0011886252713134678,-0.01170915924012661,-0.05621228739619255,-0.008567535318434231,-0.011789589272937924,-0.05682009900711786,-0.002169500761987945
6.569999999999904,0.797517716884613,-1.327399730682373,1.9698532819747925,1.3672623377262292,0.5021500140951988,0.12687235578141515,-0.11354850518510627,0.03471453647251804,0.001202079594707943,-0.013070853427052498,-0.05435645952820778,-0.0008438456570729547,-0.012886082983980831,-0.054102031447755036,0.0053236360955091645
6.579999999999904,0.797517716884613,-1.327399730682373,1.9698532819747925,1.3672623377262292,0.5021500140951988,0.12687235578141515,-0.11354850518510627,0.03471453647251804,0.001202079594707943,-0.013070853427052498,-0.05435645952820778,-0.0008438456570729547,-0.012886082983980831,-0.054102031447755036,0.0053236360955091645
6.589999999999904,0.797517716884613,-1.327399730682373,1.9698532819747925,1.3672623377262292,0.5021500140951988,0.12687235578141515,-0.11354850518510627,0.03471453647251804,0.001202079594707943,-0.013070853427052498,-0.05435645952820778,-0.0008438456570729547,-0.012886082983980831,-0.054102031447755036,0.0053236360955091645
6.599999999999904,0.8401347398757935,-1.3098506927490234,1.9697383642196655,1.359185313851781,0.5287575669945064,0.12933685421489763,-0.11385454802152095,0.03382229139823182,0.0011952616277436574,-0.020515602082014084,-0.053042687475681305,-0.006976530421525234,-0.02054623136255238,-0.0534918610197742,-0.0009057671661371727
6.6099999999999035,0.8401347398757935,-1.3098506927490234,1.9697383642196655,1.359185313851781,0.5287575669945064,0.12933685421489763,-0.11385454802152095,0.03382229139823182,0.0011952616277436574,-0.020515602082014084,-0.053042687475681305,-0.006976530421525234,-0.02054623136255238,-0.0534918610197742,-0.0009057671661371727
6.619999999999903,0.8401347398757935,-1.3098506927490234,1.9697383642196655,1.359185313851781,0.5287575669945064,0.12933685421489763,-0.11385454802152095,0.03382229139823182,0.0011952616277436574,-0.020515602082014084,-0.053042687475681305,-0.006976530421525234,-0.02054623136255238,-0.0534918610197742,-0.0009057671661371727
6.629999999999903,0.8771458268165588,-1.2937932014465332,1.9695985317230225,1.3514313048329196,0.5508354306209643,0.1292658039282225,-0.11428599138920971,0.031763187757027425,0.001310985544679757,-0.008277561515569687,-0.05277988687157631,-1.2821634300046657e-05,-0.008086723137678902,-0.05243703737767149,0.006009172398080896
6.639999999999903,0.8771458268165588,-1.2937932014465332,1.9695985317230225,1.3514313048329196,0.5508354306209643,0.1292658039282225,-0.11428599138920971,0.031763187757027425,0.001310985544679757,-0.008277561515569687,-0.05277988687157631,-1.2821634300046657e-05,-0.008086723137678902,-0.05243703737767149,0.006009172398080896
6.649999999999903,0.8771458268165588,-1.2937932014465332,1.9695985317230225,1.3514313048329196,0.5508354306209643,0.1292658039282225,-0.11428599138920971,0.031763187757027425,0.001310985544679757,-0.008277561515569687,-0.05277988687157631,-1.2821634300046657e-05,-0.008086723137678902,-0.05243703737767149,0.006009172398080896
6.659999999999902,0.8771458268165588,-1.2937932014465332,1.9695985317230225,1.3514313048329196,0.5508354306209643,0.1292658039282225,-0.11428599138920971,0.031763187757027425,0.001310985544679757,-0.008277561515569687,-0.05277988687157631,-1.2821634300046657e-05,-0.008086723137678902,-0.05243703737767149,0.006009172398080896
6.669999999999902,0.9298209547996521,-1.2698936462402344,1.969391942024231,1.339610896178303,0.5838360973564521,0.13071923310636202,-0.11453810472306637,0.03000303917177027,0.0013856764450005357,-0.004948167596012354,-0.04468768835067749,-0.002560392720624799,-0.0048712274324349955,-0.0446875020177395,0.00256479710979328
6.679999999999902,0.9298209547996521,-1.2698936462402344,1.969391942024231,1.339610896178303,0.5838360973564521,0.13071923310636202,-0.11453810472306637,0.03000303917177027,0.0013856764450005357,-0.004948167596012354,-0.04468768835067749,-0.002560392720624799,-0.0048712274324349955,-0.0446875020177395,0.00256479710979328
6.689999999999902,0.9298209547996521,-1.2698936462402344,1.969391942024231,1.339610896178303,0.5838360973564521,0.13071923310636202,-0.11453810472306637,0.03000303917177027,0.0013856764450005357,-0.004948167596012354,-0.04468768835067749,-0.002560392720624799,-0.0048712274324349955,-0.0446875020177395,0.00256479710979328
6.699999999999902,0.9717361927032471,-1.2499170303344727,1.9693400859832764,1.3292172833994498,0.6108758295668537,0.13208190254993837,-0.11467912624227658,0.02863808759829509,0.0013011276827620932,-0.006491557694971561,-0.05756937339901924,-0.013866800814867013,-0.006697469527888024,-0.05877798127268355,-0.0071911219977064044
6.709999999999901,0.9717361927032471,-1.2499170303344727,1.9693400859832764,1.3292172833994498,0.6108758295668537,0.13208190254993837,-0.11467912624227658,0.02863808759829509,0.0013011276827620932,-0.006491557694971561,-0.05756937339901924,-0.013866800814867013,-0.006697469527888024,-0.05877798127268355,-0.0071911219977064044
6.719999999999901,0.9717361927032471,-1.2499170303344727,1.9693400859832764,1.3292172833994498,0.6108758295668537,0.13208190254993837,-0.11467912624227658,0.02863808759829509,0.0013011276827620932,-0.006491557694971561,-0.05756937339901924,-0.013866800814867013,-0.006697469527888024,-0.05877798127268355,-0.0071911219977064044
6.729999999999901,1.0080939531326294,-1.231748104095459,1.9690229892730713,1.3206029352414002,0.6335883491192703,0.131154790335464,-0.11500554909965602,0.026245822434623933,0.0012297261987973067,-0.004508480429649353,-0.06046433746814728,-0.00784599129110574,-0.004530945346603255,-0.060965263745250686,-0.0008560408556962042
6.739999999999901,1.0080939531326294,-1.231748104095459,1.9690229892730713,1.3206029352414002,0.6335883491192703,0.131154790335464,-0.11500554909965602,0.026245822434623933,0.0012297261987973067,-0.004508480429649353,-0.06046433746814728,-0.00784599129110574,-0.004530945346603255,-0.060965263745250686,-0.0008560408556962042
6.7499999999999005,1.0080939531326294,-1.231748104095459,1.9690229892730713,1.3206029352414002,0.6335883491192703,0.131154790335464,-0.11500554909965602,0.026245822434623933,0.0012297261987973067,-0.004508480429649353,-0.06046433746814728,-0.00784599129110574,-0.004530945346603255,-0.060965263745250686,-0.0008560408556962042
6.7599999999999,1.0080939531326294,-1.231748104095459,1.9690229892730713,1.3206029352414002,0.6335883491192703,0.131154790335464,-0.11500554909965602,0.026245822434623933,0.0012297261987973067,-0.004508480429649353,-0.06046433746814728,-0.00784599129110574,-0.004530945346603255,-0.060965263745250686,-0.0008560408556962042
6.7699999999999,1.0597448348999023,-1.2047953605651855,1.9687639474868774,1.3071778551577908,0.6661208811777511,0.13086402059483596,-0.11492563471653634,0.023777593416761427,0.0012149232453462467,0.002561047440394759,-0.06716766953468323,-0.00855369120836257,0.0025421416529499545,-0.06770546139981863,-0.0007951843024733205
6.7799999999999,1.0597448348999023,-1.2047953605651855,1.9687639474868774,1.3071778551577908,0.6661208811777511,0.13086402059483596,-0.11492563471653634,0.023777593416761427,0.0012149232453462467,0.002561047440394759,-0.06716766953468323,-0.00855369120836257,0.0025421416529499545,-0.06770546139981863,-0.0007951843024733205
6.7899999999999,1.0597448348999023,-1.2047953605651855,1.9687639474868774,1.3071778551577908,0.6661208811777511,0.13086402059483596,-0.11492563471653634,0.023777593416761427,0.0012149232453462467,0.002561047440394759,-0.06716766953468323,-0.00855369120836257,0.0025421416529499545,-0.06770546139981863,-0.0007951843024733205
6.7999999999998995,1.100759506225586,-1.182389736175537,1.9686387777328491,1.2948205212403279,0.6914015040641414,0.13205715947782343,-0.11490420595453606,0.022670739753492875,0.0012009782972085734,4.4384069042280316e-05,-0.06755837053060532,-0.008597623556852332,2.6351879982476653e-05,-0.06809860588449435,-0.0007954629620897814
6.809999999999899,1.100759506225586,-1.182389736175537,1.9686387777328491,1.2948205212403279,0.6914015040641414,0.13205715947782343,-0.11490420595453606,0.022670739753492875,0.0012009782972085734,4.4384069042280316e-05,-0.06755837053060532,-0.008597623556852332,2.6351879982476653e-05,-0.06809860588449435,-0.0007954629620897814
6.819999999999899,1.100759506225586,-1.182389736175537,1.9686387777328491,1.2948205212403279,0.6914015040641414,0.13205715947782343,-0.11490420595453606,0.022670739753492875,0.0012009782972085734,4.4384069042280316e-05,-0.06755837053060532,-0.008597623556852332,2.6351879982476653e-05,-0.06809860588449435,-0.0007954629620897814
6.829999999999899,1.1358933448791504,-1.1619997024536133,1.9680646657943726,1.2843394724480774,0.7124446011114048,0.13188155915903563,-0.11471640270048718,0.019783650137741773,0.0012793581683745179,0.008818309754133224,-0.06584905833005905,-0.007355284877121441,0.008822869869390388,-0.06625817370382948,0.00023051422285837124
6.839999999999899,1.1358933448791504,-1.1619997024536133,1.9680646657943726,1.2843394724480774,0.7124446011114048,0.13188155915903563,-0.11471640270048718,0.019783650137741773,0.0012793581683745179,0.008818309754133224,-0.06584905833005905,-0.007355284877121441,0.008822869869390388,-0.06625817370382948,0.00023051422285837124
6.849999999999898,1.1358933448791504,-1.1619997024536133,1.9680646657943726,1.2843394724480774,0.7124446011114048,0.13188155915903563,-0.11471640270048718,0.019783650137741773,0.0012793581683745179,0.008818309754133224,-0.06584905833005905,-0.007355284877121441,0.008822869869390388,-0.06625817370382948,0.00023051422285837124
6.859999999999898,1.1358933448791504,-1.1619997024536133,1.9680646657943726,1.2843394724480774,0.7124446011114048,0.13188155915903563,-0.11471640270048718,0.019783650137741773,0.0012793581683745179,0.008818309754133224,-0.06584905833005905,-0.007355284877121441,0.008822869869390388,-0.06625817370382948,0.00023051422285837124
6.869999999999898,1.1847419738769531,-1.1315884590148926,1.9663716554641724,1.2662421347052333,0.742703692122423,0.13025822616422292,-0.11463197009352791,0.016955876183179862,0.001206092332974768,-0.0009219681960530579,-0.06988374888896942,-0.01087399758398532,-0.000969606093550092,-0.07066887776410571,-0.002809656057992877
6.879999999999898,1.1847419738769531,-1.1315884590148926,1.9663716554641724,1.2662421347052333,0.742703692122423,0.13025822616422292,-0.11463197009352791,0.016955876183179862,0.001206092332974768,-0.0009219681960530579,-0.06988374888896942,-0.01087399758398532,-0.000969606093550092,-0.07066887776410571,-0.002809656057992877
6.8899999999998975,1.1847419738769531,-1.1315884590148926,1.9663716554641724,1.2662421347052333,0.742703692122423,0.13025822616422292,-0.11463197009352791,0.016955876183179862,0.001206092332974768,-0.0009219681960530579,-0.06988374888896942,-0.01087399758398532,-0.000969606093550092,-0.07066887776410571,-0.002809656057992877
6.899999999999897,1.223549485206604,-1.1065263748168945,1.9652901887893677,1.251676995942531,0.7668833790492694,0.130537653000946,-0.11467669518385067,0.015693583230038822,0.0012042004120201928,-0.0016868318198248744,-0.06147743761539459,-0.0053800521418452185,-0.001660309490905272,-0.061689258614705325,0.0016900804139571074
6.909999999999897,1.223549485206604,-1.1065263748168945,1.9652901887893677,1.251676995942531,0.7668833790492694,0.130537653000946,-0.11467669518385067,0.015693583230038822,0.0012042004120201928,-0.0016868318198248744,-0.06147743761539459,-0.0053800521418452185,-0.001660309490905272,-0.061689258614705325,0.0016900804139571074
6.919999999999897,1.223549485206604,-1.1065263748168945,1.9652901887893677,1.251676995942531,0.7668833790492694,0.130537653000946,-0.11467669518385067,0.015693583230038822,0.0012042004120201928,-0.0016868318198248744,-0.06147743761539459,-0.0053800521418452185,-0.001660309490905272,-0.061689258614705325,0.0016900804139571074
6.929999999999897,1.2570605278015137,-1.0839591026306152,1.964201807975769,1.2399595652758688,0.7873508234993828,0.13098090562017312,-0.11489998049156765,0.013200471619517555,0.0013596789885228036,-0.0025839246809482574,-0.05573635548353195,-0.004170818720012896,-0.0025542653678897217,-0.055847017463896066,0.0022469026334022975
6.9399999999998965,1.2570605278015137,-1.0839591026306152,1.964201807975769,1.2399595652758688,0.7873508234993828,0.13098090562017312,-0.11489998049156765,0.013200471619517555,0.0013596789885228036,-0.0025839246809482574,-0.05573635548353195,-0.004170818720012896,-0.0025542653678897217,-0.055847017463896066,0.0022469026334022975
6.949999999999896,1.2570605278015137,-1.0839591026306152,1.964201807975769,1.2399595652758688,0.7873508234993828,0.13098090562017312,-0.11489998049156765,0.013200471619517555,0.0013596789885228036,-0.0025839246809482574,-0.05573635548353195,-0.004170818720012896,-0.0025542653678897217,-0.055847017463896066,0.0022469026334022975
6.959999999999896,1.2570605278015137,-1.0839591026306152,1.964201807975769,1.2399595652758688,0.7873508234993828,0.13098090562017312,-0.11489998049156765,0.013200471619517555,0.0013596789885228036,-0.0025839246809482574,-0.05573635548353195,-0.004170818720012896,-0.0025542653678897217,-0.055847017463896066,0.0022469026334022975
6.969999999999896,1.304622769355774,-1.0508465766906738,1.9630759954452515,1.2211449933581784,0.8167022965085479,0.13545085469672943,-0.11516960839959903,0.011277489280599831,0.00140129505678714,-0.009561390615999699,-0.05241532623767853,-0.005147050600498909,-0.009551123567213202,-0.052659565066189726,0.0009104212971959188
6.979999999999896,1.304622769355774,-1.0508465766906738,1.9630759954452515,1.2211449933581784,0.8167022965085479,0.13545085469672943,-0.11516960839959903,0.011277489280599831,0.00140129505678714,-0.009561390615999699,-0.05241532623767853,-0.005147050600498909,-0.009551123567213202,-0.052659565066189726,0.0009104212971959188
6.989999999999895,1.304622769355774,-1.0508465766906738,1.9630759954452515,1.2211449933581784,0.8167022965085479,0.13545085469672943,-0.11516960839959903,0.011277489280599831,0.00140129505678714,-0.009561390615999699,-0.05241532623767853,-0.005147050600498909,-0.009551123567213202,-0.052659565066189726,0.0009104212971959188
6.999999999999895,1.3423230648040771,-1.0235910415649414,1.9624943733215332,1.2062443941756296,0.8402352274600062,0.13928858219693033,-0.11540679598994236,0.01018480571291918,0.0013518832234621718,-0.011340285651385784,-0.052708208560943604,-0.009127907454967492,-0.01137081868800908,-0.05340868053832171,-0.0029979525733740127
7.009999999999895,1.3423230648040771,-1.0235910415649414,1.9624943733215332,1.2062443941756296,0.8402352274600062,0.13928858219693033,-0.11540679598994236,0.01018480571291918,0.0013518832234621718,-0.011340285651385784,-0.052708208560943604,-0.009127907454967492,-0.01137081868800908,-0.05340868053832171,-0.0029979525733740127
7.019999999999895,1.3423230648040771,-1.0235910415649414,1.9624943733215332,1.2062443941756296,0.8402352274600062,0.13928858219693033,-0.11540679598994236,0.01018480571291918,0.0013518832234621718,-0.011340285651385784,-0.052708208560943604,-0.009127907454967492,-0.01137081868800908,-0.05340868053832171,-0.0029979525733740127
7.0299999999998946,1.374845027923584,-0.9991247653961182,1.9619672298431396,1.1921195573224517,0.8606276133326196,0.14053041063402116,-0.11542441668230266,0.008220810046560318,0.001271904259928747,0.009700814262032509,-0.04275759309530258,-0.009945368394255633,0.009660080275340627,-0.04361847491794831,-0.004955040352097139
7.039999999999894,1.374845027923584,-0.9991247653961182,1.9619672298431396,1.1921195573224517,0.8606276133326196,0.14053041063402116,-0.11542441668230266,0.008220810046560318,0.001271904259928747,0.009700814262032509,-0.04275759309530258,-0.009945368394255633,0.009660080275340627,-0.04361847491794831,-0.004955040352097139
7.049999999999894,1.374845027923584,-0.9991247653961182,1.9619672298431396,1.1921195573224517,0.8606276133326196,0.14053041063402116,-0.11542441668230266,0.008220810046560318,0.001271904259928747,0.009700814262032509,-0.04275759309530258,-0.009945368394255633,0.009660080275340627,-0.04361847491794831,-0.004955040352097139
7.059999999999894,1.374845027923584,-0.9991247653961182,1.9619672298431396,1.1921195573224517,0.8606276133326196,0.14053041063402116,-0.11542441668230266,0.008220810046560318,0.001271904259928747,0.009700814262032509,-0.04275759309530258,-0.009945368394255633,0.009660080275340627,-0.04361847491794831,-0.004955040352097139
7.069999999999894,1.4208471775054932,-0.9632964134216309,1.9615317583084106,1.172116525986549,0.8893863671850377,0.14216770314812435,-0.11507674127306997,0.006229569023857431,0.0011168980933455987,0.01049564965069294,-0.04552116617560387,-0.008435255847871298,0.010476010110118408,-0.046188648798936714,-0.003152652699874188
7.0799999999998935,1.4208471775054932,-0.9632964134216309,1.9615317583084106,1.172116525986549,0.8893863671850377,0.14216770314812435,-0.11507674127306997,0.006229569023857431,0.0011168980933455987,0.01049564965069294,-0.04552116617560387,-0.008435255847871298,0.010476010110118408,-0.046188648798936714,-0.003152652699874188
7.089999999999893,1.4208471775054932,-0.9632964134216309,1.9615317583084106,1.172116525986549,0.8893863671850377,0.14216770314812435,-0.11507674127306997,0.006229569023857431,0.0011168980933455987,0.01049564965069294,-0.04552116617560387,-0.008435255847871298,0.010476010110118408,-0.046188648798936714,-0.003152652699874188
7.099999999999893,1.4572316408157349,-0.9338858127593994,1.9612996578216553,1.156359230044218,0.9113071620985543,0.14221785127965383,-0.11506668904144515,0.004971332807872488,0.0011117186571659098,-0.0007067514234222472,-0.0527903214097023,-0.0038895767647772962,-0.0006958285380853886,-0.052887799595038296,0.0021971834819283454
7.109999999999893,1.4572316408157349,-0.9338858127593994,1.9612996578216553,1.156359230044218,0.9113071620985543,0.14221785127965383,-0.11506668904144515,0.004971332807872488,0.0011117186571659098,-0.0007067514234222472,-0.0527903214097023,-0.0038895767647772962,-0.0006958285380853886,-0.052887799595038296,0.0021971834819283454
7.119999999999893,1.4572316408157349,-0.9338858127593994,1.9612996578216553,1.156359230044218,0.9113071620985543,0.14221785127965383,-0.11506668904144515,0.004971332807872488,0.0011117186571659098,-0.0007067514234222472,-0.0527903214097023,-0.0038895767647772962,-0.0006958285380853886,-0.052887799595038296,0.0021971834819283454
7.129999999999892,1.4885958433151245,-0.9075851440429688,1.9610059261322021,1.141626687326631,0.9309722671589699,0.14213865544484144,-0.1150817475931753,0.0027505778323374305,0.0011842161397269246,0.004062475170940161,-0.057792019098997116,-0.005143994465470307,0.004066673022465617,-0.05800042211128458,0.0015261727079211127
7.139999999999892,1.4885958433151245,-0.9075851440429688,1.9610059261322021,1.141626687326631,0.9309722671589699,0.14213865544484144,-0.1150817475931753,0.0027505778323374305,0.0011842161397269246,0.004062475170940161,-0.057792019098997116,-0.005143994465470307,0.004066673022465617,-0.05800042211128458,0.0015261727079211127
7.149999999999892,1.4885958433151245,-0.9075851440429688,1.9610059261322021,1.141626687326631,0.9309722671589699,0.14213865544484144,-0.1150817475931753,0.0027505778323374305,0.0011842161397269246,0.004062475170940161,-0.057792019098997116,-0.005143994465470307,0.004066673022465617,-0.05800042211128458,0.0015261727079211127
7.159999999999892,1.4885958433151245,-0.9075851440429688,1.9610059261322021,1.141626687326631,0.9309722671589699,0.14213865544484144,-0.1150817475931753,0.0027505778323374305,0.0011842161397269246,0.004062475170940161,-0.057792019098997116,-0.005143994465470307,0.004066673022465617,-0.05800042211128458,0.0015261727079211127
7.169999999999892,1.532860517501831,-0.8691244125366211,1.960973858833313,1.1213415378554534,0.9580759523975138,0.14257759549278254,-0.11473676734032182,0.000713562942210721,0.0011778037145802384,0.008402707055211067,-0.06315340101718903,-0.004287129268050186,0.008404827185182233,-0.0632289773727131,0.0029711887006293246
7.179999999999891,1.532860517501831,-0.8691244125366211,1.960973858833313,1.1213415378554534,0.9580759523975138,0.14257759549278254,-0.11473676734032182,0.000713562942210721,0.0011778037145802384,0.008402707055211067,-0.06315340101718903,-0.004287129268050186,0.008404827185182233,-0.0632289773727131,0.0029711887006293246
7.189999999999891,1.532860517501831,-0.8691244125366211,1.960973858833313,1.1213415378554534,0.9580759523975138,0.14257759549278254,-0.11473676734032182,0.000713562942210721,0.0011778037145802384,0.008402707055211067,-0.06315340101718903,-0.004287129268050186,0.008404827185182233,-0.0632289773727131,0.0029711887006293246
7.199999999999891,1.5677781105041504,-0.837623119354248,1.9611537456512451,1.1036483003980995,0.9797525610342528,0.14402830383082113,-0.11463771420973494,-0.0006382344265756403,0.0012389398677864138,0.003957763314247131,-0.06494979560375214,-0.0019441689364612022,0.003954254306938549,-0.06474587123495826,0.005497991648049015
7.209999999999891,1.5677781105041504,-0.837623119354248,1.9611537456512451,1.1036483003980995,0.9797525610342528,0.14402830383082113,-0.11463771420973494,-0.0006382344265756403,0.0012389398677864138,0.003957763314247131,-0.06494979560375214,-0.0019441689364612022,0.003954254306938549,-0.06474587123495826,0.005497991648049015
7.2199999999998905,1.5677781105041504,-0.837623119354248,1.9611537456512451,1.1036483003980995,0.9797525610342528,0.14402830383082113,-0.11463771420973494,-0.0006382344265756403,0.0012389398677864138,0.003957763314247131,-0.06494979560375214,-0.0019441689364612022,0.003954254306938549,-0.06474587123495826,0.005497991648049015
7.22999999999989,1.597518801689148,-0.809511661529541,1.9607665538787842,1.0870117331863067,0.9993091201493721,0.14314650135571655,-0.11439626303727042,-0.003437698435580919,0.0012660904679010923,0.012866909615695477,-0.06796649098396301,-0.007496849633753291,0.012865842838072253,-0.06837799613163055,0.0003103180061815019
7.23999999999989,1.597518801689148,-0.809511661529541,1.9607665538787842,1.0870117331863067,0.9993091201493721,0.14314650135571655,-0.11439626303727042,-0.003437698435580919,0.0012660904679010923,0.012866909615695477,-0.06796649098396301,-0.007496849633753291,0.012865842838072253,-0.06837799613163055,0.0003103180061815019
7.24999999999989,1.597518801689148,-0.809511661529541,1.9607665538787842,1.0870117331863067,0.9993091201493721,0.14314650135571655,-0.11439626303727042,-0.003437698435580919,0.0012660904679010923,0.012866909615695477,-0.06796649098396301,-0.007496849633753291,0.012865842838072253,-0.06837799613163055,0.0003103180061815019
7.25999999999989,1.597518801689148,-0.809511661529541,1.9607665538787842,1.0870117331863067,0.9993091201493721,0.14314650135571655,-0.11439626303727042,-0.003437698435580919,0.0012660904679010923,0.012866909615695477,-0.06796649098396301,-0.007496849633753291,0.012865842838072253,-0.06837799613163055,0.0003103180061815019
7.269999999999889,1.638622522354126,-0.7685766220092773,1.959602952003479,1.0629366610420088,1.0243465239797216,0.14300530575583822,-0.11392817480776485,-0.006336621129010574,0.00115855010908481,0.005290967877954245,-0.06488403677940369,-0.004457197152078144,0.005272288301384552,-0.06497010921916878,0.0029478962361933524
7.279999999999889,1.638622522354126,-0.7685766220092773,1.959602952003479,1.0629366610420088,1.0243465239797216,0.14300530575583822,-0.11392817480776485,-0.006336621129010574,0.00115855010908481,0.005290967877954245,-0.06488403677940369,-0.004457197152078144,0.005272288301384552,-0.06497010921916878,0.0029478962361933524
7.289999999999889,1.638622522354126,-0.7685766220092773,1.959602952003479,1.0629366610420088,1.0243465239797216,0.14300530575583822,-0.11392817480776485,-0.006336621129010574,0.00115855010908481,0.005290967877954245,-0.06488403677940369,-0.004457197152078144,0.005272288301384552,-0.06497010921916878,0.0029478962361933524
7.299999999999889,1.6710342168807983,-0.7351131439208984,1.9590638875961304,1.0441585469779093,1.0450168981333947,0.14437437751154392,-0.1137016971777617,-0.0073111134571318,0.0011180497366928813,0.01554328203201294,-0.05772284045815468,-0.010173500515520566,0.015569300971315122,-0.05850437310477948,-0.0035588520478985557
7.309999999999889,1.6710342168807983,-0.7351131439208984,1.9590638875961304,1.0441585469779093,1.0450168981333947,0.14437437751154392,-0.1137016971777617,-0.0073111134571318,0.0011180497366928813,0.01554328203201294,-0.05772284045815468,-0.010173500515520566,0.015569300971315122,-0.05850437310477948,-0.0035588520478985557
7.319999999999888,1.6710342168807983,-0.7351131439208984,1.9590638875961304,1.0441585469779093,1.0450168981333947,0.14437437751154392,-0.1137016971777617,-0.0073111134571318,0.0011180497366928813,0.01554328203201294,-0.05772284045815468,-0.010173500515520566,0.015569300971315122,-0.05850437310477948,-0.0035588520478985557
7.329999999999888,1.6988356113433838,-0.7053260803222656,1.9585593938827515,1.0262307289051698,1.062460547461237,0.14328697387758235,-0.11304249743338282,-0.009953090863038031,0.001063410739091992,0.01267088484019041,-0.05582050979137421,-0.009054586291313164,0.012697760426431748,-0.056485609777681405,-0.0027002697303004776
7.339999999999888,1.6988356113433838,-0.7053260803222656,1.9585593938827515,1.0262307289051698,1.062460547461237,0.14328697387758235,-0.11304249743338282,-0.009953090863038031,0.001063410739091992,0.01267088484019041,-0.05582050979137421,-0.009054586291313164,0.012697760426431748,-0.056485609777681405,-0.0027002697303004776
7.349999999999888,1.6988356113433838,-0.7053260803222656,1.9585593938827515,1.0262307289051698,1.062460547461237,0.14328697387758235,-0.11304249743338282,-0.009953090863038031,0.001063410739091992,0.01267088484019041,-0.05582050979137421,-0.009054586291313164,0.012697760426431748,-0.056485609777681405,-0.0027002697303004776
7.3599999999998875,1.6988356113433838,-0.7053260803222656,1.9585593938827515,1.0262307289051698,1.062460547461237,0.14328697387758235,-0.11304249743338282,-0.009953090863038031,0.001063410739091992,0.01267088484019041,-0.05582050979137421,-0.009054586291313164,0.012697760426431748,-0.056485609777681405,-0.0027002697303004776
7.369999999999887,1.7379264831542969,-0.6619563102722168,1.9580113887786865,1.0002698173829445,1.0864429830319824,0.14582319023333862,-0.11269431458721209,-0.011952004669765925,0.0011251194507643932,0.00437160674482584,-0.059974491596221924,-0.0038566272705793307,0.0043367969817294785,-0.060027756806664424,0.002912531649446685
7.379999999999887,1.7379264831542969,-0.6619563102722168,1.9580113887786865,1.0002698173829445,1.0864429830319824,0.14582319023333862,-0.11269431458721209,-0.011952004669765925,0.0011251194507643932,0.00437160674482584,-0.059974491596221924,-0.0038566272705793307,0.0043367969817294785,-0.060027756806664424,0.002912531649446685
7.389999999999887,1.7379264831542969,-0.6619563102722168,1.9580113887786865,1.0002698173829445,1.0864429830319824,0.14582319023333862,-0.11269431458721209,-0.011952004669765925,0.0011251194507643932,0.00437160674482584,-0.059974491596221924,-0.0038566272705793307,0.0043367969817294785,-0.060027756806664424,0.002912531649446685
7.399999999999887,1.7686033248901367,-0.626584529876709,1.9579131603240967,0.9796162251171999,1.1055947358931253,0.14980860170046667,-0.11252408949209965,-0.01320688386868023,0.0011762880143760934,0.0076925973407924175,-0.04949977621436119,-0.003932208754122251,0.007670793756075791,-0.049628266865124566,0.001650973748464259
7.4099999999998865,1.7686033248901367,-0.626584529876709,1.9579131603240967,0.9796162251171999,1.1055947358931253,0.14980860170046667,-0.11252408949209965,-0.01320688386868023,0.0011762880143760934,0.0076925973407924175,-0.04949977621436119,-0.003932208754122251,0.007670793756075791,-0.049628266865124566,0.001650973748464259
7.419999999999886,1.7686033248901367,-0.626584529876709,1.9579131603240967,0.9796162251171999,1.1055947358931253,0.14980860170046667,-0.11252408949209965,-0.01320688386868023,0.0011762880143760934,0.0076925973407924175,-0.04949977621436119,-0.003932208754122251,0.007670793756075791,-0.049628266865124566,0.001650973748464259
7.429999999999886,1.794862151145935,-0.5951411724090576,1.9577831029891968,0.9617186941014261,1.1222175647297867,0.14923436455061095,-0.11212401372374309,-0.015243896301618836,0.001101288560537888,0.009660707786679268,-0.053040675818920135,-0.007064766250550741,0.009677259734236082,-0.05349808797240018,-0.0010858502507239095
7.439999999999886,1.794862151145935,-0.5951411724090576,1.9577831029891968,0.9617186941014261,1.1222175647297867,0.14923436455061095,-0.11212401372374309,-0.015243896301618836,0.001101288560537888,0.009660707786679268,-0.053040675818920135,-0.007064766250550741,0.009677259734236082,-0.05349808797240018,-0.0010858502507239095
7.449999999999886,1.794862151145935,-0.5951411724090576,1.9577831029891968,0.9617186941014261,1.1222175647297867,0.14923436455061095,-0.11212401372374309,-0.015243896301618836,0.001101288560537888,0.009660707786679268,-0.053040675818920135,-0.007064766250550741,0.009677259734236082,-0.05349808797240018,-0.0010858502507239095
7.459999999999885,1.794862151145935,-0.5951411724090576,1.9577831029891968,0.9617186941014261,1.1222175647297867,0.14923436455061095,-0.11212401372374309,-0.015243896301618836,0.001101288560537888,0.009660707786679268,-0.053040675818920135,-0.007064766250550741,0.009677259734236082,-0.05349808797240018,-0.0010858502507239095
7.469999999999885,1.8316887617111206,-0.5494349002838135,1.9578680992126465,0.9358781751251927,1.146181487965098,0.14929170699546085,-0.11143499266237158,-0.017023479945031082,0.0011232636092276245,0.017947722226381302,-0.04842977598309517,-0.005920996889472002,0.017956212022694422,-0.04878783394811834,-0.0004987350653310543
7.479999999999885,1.8316887617111206,-0.5494349002838135,1.9578680992126465,0.9358781751251927,1.146181487965098,0.14929170699546085,-0.11143499266237158,-0.017023479945031082,0.0011232636092276245,0.017947722226381302,-0.04842977598309517,-0.005920996889472002,0.017956212022694422,-0.04878783394811834,-0.0004987350653310543
7.489999999999885,1.8316887617111206,-0.5494349002838135,1.9578680992126465,0.9358781751251927,1.146181487965098,0.14929170699546085,-0.11143499266237158,-0.017023479945031082,0.0011232636092276245,0.017947722226381302,-0.04842977598309517,-0.005920996889472002,0.017956212022694422,-0.04878783394811834,-0.0004987350653310543
7.4999999999998845,1.8605300188064575,-0.5122039318084717,1.958106517791748,0.9150575421180149,1.1639941982126722,0.1484651969300644,-0.11121105022381277,-0.01804880367246213,0.0011708295874402177,0.011566400527954102,-0.05053607001900673,-0.002719871001318091,0.011513953621322263,-0.05052573609753676,0.002905996164802533
7.509999999999884,1.8605300188064575,-0.5122039318084717,1.958106517791748,0.9150575421180149,1.1639941982126722,0.1484651969300644,-0.11121105022381277,-0.01804880367246213,0.0011708295874402177,0.011566400527954102,-0.05053607001900673,-0.002719871001318091,0.011513953621322263,-0.05052573609753676,0.002905996164802533
7.519999999999884,1.8605300188064575,-0.5122039318084717,1.958106517791748,0.9150575421180149,1.1639941982126722,0.1484651969300644,-0.11121105022381277,-0.01804880367246213,0.0011708295874402177,0.011566400527954102,-0.05053607001900673,-0.002719871001318091,0.011513953621322263,-0.05052573609753676,0.002905996164802533
7.529999999999884,1.8851796388626099,-0.4791831970214844,1.9582051038742065,0.8966313835736431,1.179770006949439,0.14720952010110577,-0.11049520550559365,-0.020378372161119197,0.0012037015769746089,0.020378965884447098,-0.05293619632720947,-0.009088266640901559,0.02044409484528853,-0.05361553863543419,-0.00319620567905034
7.539999999999884,1.8851796388626099,-0.4791831970214844,1.9582051038742065,0.8966313835736431,1.179770006949439,0.14720952010110577,-0.11049520550559365,-0.020378372161119197,0.0012037015769746089,0.020378965884447098,-0.05293619632720947,-0.009088266640901559,0.02044409484528853,-0.05361553863543419,-0.00319620567905034
7.5499999999998835,1.8851796388626099,-0.4791831970214844,1.9582051038742065,0.8966313835736431,1.179770006949439,0.14720952010110577,-0.11049520550559365,-0.020378372161119197,0.0012037015769746089,0.020378965884447098,-0.05293619632720947,-0.009088266640901559,0.02044409484528853,-0.05361553863543419,-0.00319620567905034
7.559999999999883,1.8851796388626099,-0.4791831970214844,1.9582051038742065,0.8966313835736431,1.179770006949439,0.14720952010110577,-0.11049520550559365,-0.020378372161119197,0.0012037015769746089,0.020378965884447098,-0.05293619632720947,-0.009088266640901559,0.02044409484528853,-0.05361553863543419,-0.00319620567905034
7.569999999999883,1.9196757078170776,-0.4312472343444824,1.9584064483642578,0.871642681907638,1.2015163008989096,0.146658031929574,-0.10961530064687945,-0.022635859297100658,0.0011631455288795506,0.02444908395409584,-0.06657496094703674,-0.013619717210531226,0.024590694222214597,-0.06766533655112839,-0.006256548959680113
7.579999999999883,1.9196757078170776,-0.4312472343444824,1.9584064483642578,0.871642681907638,1.2015163008989096,0.146658031929574,-0.10961530064687945,-0.022635859297100658,0.0011631455288795506,0.02444908395409584,-0.06657496094703674,-0.013619717210531226,0.024590694222214597,-0.06766533655112839,-0.006256548959680113
7.589999999999883,1.9196757078170776,-0.4312472343444824,1.9584064483642578,0.871642681907638,1.2015163008989096,0.146658031929574,-0.10961530064687945,-0.022635859297100658,0.0011631455288795506,0.02444908395409584,-0.06657496094703674,-0.013619717210531226,0.024590694222214597,-0.06766533655112839,-0.006256548959680113
7.599999999999882,1.9466279745101929,-0.39228057861328125,1.958740472793579,0.8501072681950916,1.2196047404015637,0.14758742720176404,-0.10906793910021842,-0.024174423505692787,0.0010725023980857563,0.01985171064734459,-0.06325727701187134,-0.010015704669058316,0.01992595318847045,-0.06397162914134916,-0.0030714185535384336
7.609999999999882,1.9466279745101929,-0.39228057861328125,1.958740472793579,0.8501072681950916,1.2196047404015637,0.14758742720176404,-0.10906793910021842,-0.024174423505692787,0.0010725023980857563,0.01985171064734459,-0.06325727701187134,-0.010015704669058316,0.01992595318847045,-0.06397162914134916,-0.0030714185535384336
7.619999999999882,1.9466279745101929,-0.39228057861328125,1.958740472793579,0.8501072681950916,1.2196047404015637,0.14758742720176404,-0.10906793910021842,-0.024174423505692787,0.0010725023980857563,0.01985171064734459,-0.06325727701187134,-0.010015704669058316,0.01992595318847045,-0.06397162914134916,-0.0030714185535384336
7.629999999999882,1.9692342281341553,-0.357668399810791,1.958530068397522,0.8300598848281403,1.2339516946203517,0.14711520931690447,-0.1085241154123459,-0.026812769835085386,0.0010123545038590905,0.02054283581674099,-0.07347821444272995,-0.00815058406442403,0.020546700989092476,-0.07392874439499009,-0.00014417143555252738
7.6399999999998816,1.9692342281341553,-0.357668399810791,1.958530068397522,0.8300598848281403,1.2339516946203517,0.14711520931690447,-0.1085241154123459,-0.026812769835085386,0.0010123545038590905,0.02054283581674099,-0.07347821444272995,-0.00815058406442403,0.020546700989092476,-0.07392874439499009,-0.00014417143555252738
7.649999999999881,1.9692342281341553,-0.357668399810791,1.958530068397522,0.8300598848281403,1.2339516946203517,0.14711520931690447,-0.1085241154123459,-0.026812769835085386,0.0010123545038590905,0.02054283581674099,-0.07347821444272995,-0.00815058406442403,0.020546700989092476,-0.07392874439499009,-0.00014417143555252738
7.659999999999881,1.9692342281341553,-0.357668399810791,1.958530068397522,0.8300598848281403,1.2339516946203517,0.14711520931690447,-0.1085241154123459,-0.026812769835085386,0.0010123545038590905,0.02054283581674099,-0.07347821444272995,-0.00815058406442403,0.020546700989092476,-0.07392874439499009,-0.00014417143555252738
7.669999999999881,1.9998133182525635,-0.30733752250671387,1.9572960138320923,0.8000503242420776,1.2546843493751016,0.14603256520655972,-0.10703165893242378,-0.030101149798953196,0.001114700203876135,0.036591824144124985,-0.07284985482692719,-0.009026057086884967,0.036627716882757524,-0.0733972076154884,-0.001192584327268752
7.679999999999881,1.9998133182525635,-0.30733752250671387,1.9572960138320923,0.8000503242420776,1.2546843493751016,0.14603256520655972,-0.10703165893242378,-0.030101149798953196,0.001114700203876135,0.036591824144124985,-0.07284985482692719,-0.009026057086884967,0.036627716882757524,-0.0733972076154884,-0.001192584327268752
7.6899999999998805,1.9998133182525635,-0.30733752250671387,1.9572960138320923,0.8000503242420776,1.2546843493751016,0.14603256520655972,-0.10703165893242378,-0.030101149798953196,0.001114700203876135,0.036591824144124985,-0.07284985482692719,-0.009026057086884967,0.036627716882757524,-0.0733972076154884,-0.001192584327268752
7.69999999999988,2.0236427783966064,-0.2665250301361084,1.9566640853881836,0.7755715345000989,1.2707437399846981,0.14687541915215924,-0.10660188189348234,-0.03134816744968181,0.0010867899825062729,0.025589589029550552,-0.07730579376220703,-0.010800345800817004,0.025668414517002993,-0.07801611735266614,-0.0025149284869768972
7.70999999999988,2.0236427783966064,-0.2665250301361084,1.9566640853881836,0.7755715345000989,1.2707437399846981,0.14687541915215924,-0.10660188189348234,-0.03134816744968181,0.0010867899825062729,0.025589589029550552,-0.07730579376220703,-0.010800345800817004,0.025668414517002993,-0.07801611735266614,-0.0025149284869768972
7.71999999999988,2.0236427783966064,-0.2665250301361084,1.9566640853881836,0.7755715345000989,1.2707437399846981,0.14687541915215924,-0.10660188189348234,-0.03134816744968181,0.0010867899825062729,0.025589589029550552,-0.07730579376220703,-0.010800345800817004,0.025668414517002993,-0.07801611735266614,-0.0025149284869768972
7.72999999999988,2.043797016143799,-0.23040771484375,1.9560164213180542,0.7544834854227834,1.2851074166242573,0.14456106202777994,-0.10539798211662198,-0.03431303907725003,0.0010123999720934283,0.03037048876285553,-0.05515516176819801,-0.006300223991274827,0.030386374277846188,-0.05551189538833885,-0.0004630494142488834
7.739999999999879,2.043797016143799,-0.23040771484375,1.9560164213180542,0.7544834854227834,1.2851074166242573,0.14456106202777994,-0.10539798211662198,-0.03431303907725003,0.0010123999720934283,0.03037048876285553,-0.05515516176819801,-0.006300223991274827,0.030386374277846188,-0.05551189538833885,-0.0004630494142488834
7.749999999999879,2.043797016143799,-0.23040771484375,1.9560164213180542,0.7544834854227834,1.2851074166242573,0.14456106202777994,-0.10539798211662198,-0.03431303907725003,0.0010123999720934283,0.03037048876285553,-0.05515516176819801,-0.006300223991274827,0.030386374277846188,-0.05551189538833885,-0.0004630494142488834
7.759999999999879,2.043797016143799,-0.23040771484375,1.9560164213180542,0.7544834854227834,1.2851074166242573,0.14456106202777994,-0.10539798211662198,-0.03431303907725003,0.0010123999720934283,0.03037048876285553,-0.05515516176819801,-0.006300223991274827,0.030386374277846188,-0.05551189538833885,-0.0004630494142488834
7.769999999999879,2.0718092918395996,-0.17821907997131348,1.9554890394210815,0.7225602240307267,1.3025609885354845,0.14484409375326707,-0.10396704809395686,-0.03623014113129513,0.0010440982702728146,0.041180938482284546,-0.05073529854416847,-0.002622348954901093,0.04108462877321766,-0.050733489775773744,0.002658857487473634
7.779999999999879,2.0718092918395996,-0.17821907997131348,1.9554890394210815,0.7225602240307267,1.3025609885354845,0.14484409375326707,-0.10396704809395686,-0.03623014113129513,0.0010440982702728146,0.041180938482284546,-0.05073529854416847,-0.002622348954901093,0.04108462877321766,-0.050733489775773744,0.002658857487473634
7.789999999999878,2.0718092918395996,-0.17821907997131348,1.9554890394210815,0.7225602240307267,1.3025609885354845,0.14484409375326707,-0.10396704809395686,-0.03623014113129513,0.0010440982702728146,0.041180938482284546,-0.05073529854416847,-0.002622348954901093,0.04108462877321766,-0.050733489775773744,0.002658857487473634
7.799999999999878,2.0934855937957764,-0.1359848976135254,1.9550092220306396,0.6985524406153328,1.3169581458402537,0.1467785674771819,-0.1033075553430791,-0.03733930624801318,0.001056224980191512,0.02407195419073105,-0.04665923863649368,-0.002315293531864876,0.023978236286787014,-0.04664923786741262,0.0025104827645366554
7.809999999999878,2.0934855937957764,-0.1359848976135254,1.9550092220306396,0.6985524406153328,1.3169581458402537,0.1467785674771819,-0.1033075553430791,-0.03733930624801318,0.001056224980191512,0.02407195419073105,-0.04665923863649368,-0.002315293531864876,0.023978236286787014,-0.04664923786741262,0.0025104827645366554
7.819999999999878,2.0934855937957764,-0.1359848976135254,1.9550092220306396,0.6985524406153328,1.3169581458402537,0.1467785674771819,-0.1033075553430791,-0.03733930624801318,0.001056224980191512,0.02407195419073105,-0.04665923863649368,-0.002315293531864876,0.023978236286787014,-0.04664923786741262,0.0025104827645366554
7.8299999999998775,2.111783981323242,-0.09866452217102051,1.9545751810073853,0.6771675585006104,1.328760973371369,0.14684965833253655,-0.10199644393246794,-0.039087694557429456,0.001049212404640764,0.03702589496970177,-0.04448622092604637,-0.003812389681115741,0.036997072781221184,-0.0446431966035452,0.0007375602330939385
7.839999999999877,2.111783981323242,-0.09866452217102051,1.9545751810073853,0.6771675585006104,1.328760973371369,0.14684965833253655,-0.10199644393246794,-0.039087694557429456,0.001049212404640764,0.03702589496970177,-0.04448622092604637,-0.003812389681115741,0.036997072781221184,-0.0446431966035452,0.0007375602330939385
7.849999999999877,2.111783981323242,-0.09866452217102051,1.9545751810073853,0.6771675585006104,1.328760973371369,0.14684965833253655,-0.10199644393246794,-0.039087694557429456,0.001049212404640764,0.03702589496970177,-0.04448622092604637,-0.003812389681115741,0.036997072781221184,-0.0446431966035452,0.0007375602330939385
7.859999999999877,2.111783981323242,-0.09866452217102051,1.9545751810073853,0.6771675585006104,1.328760973371369,0.14684965833253655,-0.10199644393246794,-0.039087694557429456,0.001049212404640764,0.03702589496970177,-0.04448622092604637,-0.003812389681115741,0.036997072781221184,-0.0446431966035452,0.0007375602330939385
7.869999999999877,2.1370689868927,-0.04482626914978027,1.9542924165725708,0.6466677728050944,1.3445761364282054,0.14703062959488197,-0.10041963529249653,-0.04075423177849834,0.0010532370928079764,0.04163718223571777,-0.04486851021647453,-0.006493706256151194,0.04171722228259332,-0.045293471119755326,-0.0019645127436719893
7.879999999999876,2.1370689868927,-0.04482626914978027,1.9542924165725708,0.6466677728050944,1.3445761364282054,0.14703062959488197,-0.10041963529249653,-0.04075423177849834,0.0010532370928079764,0.04163718223571777,-0.04486851021647453,-0.006493706256151194,0.04171722228259332,-0.045293471119755326,-0.0019645127436719893
7.889999999999876,2.1370689868927,-0.04482626914978027,1.9542924165725708,0.6466677728050944,1.3445761364282054,0.14703062959488197,-0.10041963529249653,-0.04075423177849834,0.0010532370928079764,0.04163718223571777,-0.04486851021647453,-0.006493706256151194,0.04171722228259332,-0.045293471119755326,-0.0019645127436719893
7.899999999999876,2.1565370559692383,-0.0013346672058105469,1.954321026802063,0.6214165492413644,1.3568952148950684,0.14817303658075867,-0.09964278675467214,-0.0417446727127731,0.0010386639014736884,0.04128190129995346,-0.05069096013903618,-0.0071429144591093,0.04136814787120485,-0.05115008370738057,-0.0020666499429075804
7.909999999999876,2.1565370559692383,-0.0013346672058105469,1.954321026802063,0.6214165492413644,1.3568952148950684,0.14817303658075867,-0.09964278675467214,-0.0417446727127731,0.0010386639014736884,0.04128190129995346,-0.05069096013903618,-0.0071429144591093,0.04136814787120485,-0.05115008370738057,-0.0020666499429075804
7.919999999999876,2.1565370559692383,-0.0013346672058105469,1.954321026802063,0.6214165492413644,1.3568952148950684,0.14817303658075867,-0.09964278675467214,-0.0417446727127731,0.0010386639014736884,0.04128190129995346,-0.05069096013903618,-0.0071429144591093,0.04136814787120485,-0.05115008370738057,-0.0020666499429075804
7.929999999999875,2.1728901863098145,0.03705859184265137,1.954351544380188,0.5999216775542824,1.369218566669333,0.1485420068973305,-0.09820002411014067,-0.04394754314710636,0.0011841459110741009,0.025473179295659065,-0.04995126649737358,-0.0012258414644747912,0.025311462474182547,-0.04983079811895067,0.003680954108161586
7.939999999999875,2.1728901863098145,0.03705859184265137,1.954351544380188,0.5999216775542824,1.369218566669333,0.1485420068973305,-0.09820002411014067,-0.04394754314710636,0.0011841459110741009,0.025473179295659065,-0.04995126649737358,-0.0012258414644747912,0.025311462474182547,-0.04983079811895067,0.003680954108161586
7.949999999999875,2.1728901863098145,0.03705859184265137,1.954351544380188,0.5999216775542824,1.369218566669333,0.1485420068973305,-0.09820002411014067,-0.04394754314710636,0.0011841459110741009,0.025473179295659065,-0.04995126649737358,-0.0012258414644747912,0.025311462474182547,-0.04983079811895067,0.003680954108161586
7.959999999999875,2.1728901863098145,0.03705859184265137,1.954351544380188,0.5999216775542824,1.369218566669333,0.1485420068973305,-0.09820002411014067,-0.04394754314710636,0.0011841459110741009,0.025473179295659065,-0.04995126649737358,-0.0012258414644747912,0.025311462474182547,-0.04983079811895067,0.003680954108161586
7.9699999999998745,2.195312261581421,0.09243083000183105,1.954619288444519,0.5671487207223346,1.383441570063031,0.14855037314800293,-0.09675738122091744,-0.04593135442772072,0.0010362567698265605,0.03879443183541298,-0.04880213364958763,-0.00841913186013698,0.0389628956436287,-0.049387211932435095,-0.003669019981685163
7.979999999999874,2.195312261581421,0.09243083000183105,1.954619288444519,0.5671487207223346,1.383441570063031,0.14855037314800293,-0.09675738122091744,-0.04593135442772072,0.0010362567698265605,0.03879443183541298,-0.04880213364958763,-0.00841913186013698,0.0389628956436287,-0.049387211932435095,-0.003669019981685163
7.989999999999874,2.195312261581421,0.09243083000183105,1.954619288444519,0.5671487207223346,1.383441570063031,0.14855037314800293,-0.09675738122091744,-0.04593135442772072,0.0010362567698265605,0.03879443183541298,-0.04880213364958763,-0.00841913186013698,0.0389628956436287,-0.049387211932435095,-0.003669019981685163
7.999999999999874,2.212395191192627,0.13709688186645508,1.9548771381378174,0.5401625921088837,1.394148569655766,0.14875610812426543,-0.09616771219476632,-0.04691453728352884,0.0010740731321326553,0.036752887070178986,-0.06486448645591736,-0.005485631059855215,0.03671683144929083,-0.06509150456554585,0.0007688203405566658
8.009999999999874,2.212395191192627,0.13709688186645508,1.9548771381378174,0.5401625921088837,1.394148569655766,0.14875610812426543,-0.09616771219476632,-0.04691453728352884,0.0010740731321326553,0.036752887070178986,-0.06486448645591736,-0.005485631059855215,0.03671683144929083,-0.06509150456554585,0.0007688203405566658
8.019999999999873,2.212395191192627,0.13709688186645508,1.9548771381378174,0.5401625921088837,1.394148569655766,0.14875610812426543,-0.09616771219476632,-0.04691453728352884,0.0010740731321326553,0.036752887070178986,-0.06486448645591736,-0.005485631059855215,0.03671683144929083,-0.06509150456554585,0.0007688203405566658
8.029999999999873,2.2264668941497803,0.17670392990112305,1.954756498336792,0.5168699754912331,1.4048411222092994,0.1458136928306309,-0.09428240975958166,-0.04944178675134586,0.0009959271971116954,0.04169803857803345,-0.055741652846336365,-0.009628742001950734,0.04191270698727664,-0.056400564357022585,-0.004343611091809267
8.039999999999873,2.2264668941497803,0.17670392990112305,1.954756498336792,0.5168699754912331,1.4048411222092994,0.1458136928306309,-0.09428240975958166,-0.04944178675134586,0.0009959271971116954,0.04169803857803345,-0.055741652846336365,-0.009628742001950734,0.04191270698727664,-0.056400564357022585,-0.004343611091809267
8.049999999999873,2.2264668941497803,0.17670392990112305,1.954756498336792,0.5168699754912331,1.4048411222092994,0.1458136928306309,-0.09428240975958166,-0.04944178675134586,0.0009959271971116954,0.04169803857803345,-0.055741652846336365,-0.009628742001950734,0.04191270698727664,-0.056400564357022585,-0.004343611091809267
8.059999999999873,2.2264668941497803,0.17670392990112305,1.954756498336792,0.5168699754912331,1.4048411222092994,0.1458136928306309,-0.09428240975958166,-0.04944178675134586,0.0009959271971116954,0.04169803857803345,-0.055741652846336365,-0.009628742001950734,0.04191270698727664,-0.056400564357022585,-0.004343611091809267
8.069999999999872,2.245222330093384,0.2342984676361084,1.954091191291809,0.484172390860473,1.418646711774081,0.14261551207618955,-0.0926168030966842,-0.05108830660900533,0.0009182543557483807,0.04378341883420944,-0.04787725210189819,-0.0017240586457773985,0.04364478595999097,-0.04783150498491993,0.0027147738384970805
8.079999999999872,2.245222330093384,0.2342984676361084,1.954091191291809,0.484172390860473,1.418646711774081,0.14261551207618955,-0.0926168030966842,-0.05108830660900533,0.0009182543557483807,0.04378341883420944,-0.04787725210189819,-0.0017240586457773985,0.04364478595999097,-0.04783150498491993,0.0027147738384970805
8.089999999999872,2.245222330093384,0.2342984676361084,1.954091191291809,0.484172390860473,1.418646711774081,0.14261551207618955,-0.0926168030966842,-0.05108830660900533,0.0009182543557483807,0.04378341883420944,-0.04787725210189819,-0.0017240586457773985,0.04364478595999097,-0.04783150498491993,0.0027147738384970805
8.099999999999872,2.259413003921509,0.2806131839752197,1.9537149667739868,0.4560321710814225,1.4280944465784418,0.14301676191467433,-0.09176943334085806,-0.05207060383800607,0.0008866663460423074,0.04134952649474144,-0.04905960336327553,-0.007550698705017561,0.04150708205045467,-0.04954511857530431,-0.003027173963953938
8.109999999999872,2.259413003921509,0.2806131839752197,1.9537149667739868,0.4560321710814225,1.4280944465784418,0.14301676191467433,-0.09176943334085806,-0.05207060383800607,0.0008866663460423074,0.04134952649474144,-0.04905960336327553,-0.007550698705017561,0.04150708205045467,-0.04954511857530431,-0.003027173963953938
8.119999999999871,2.259413003921509,0.2806131839752197,1.9537149667739868,0.4560321710814225,1.4280944465784418,0.14301676191467433,-0.09176943334085806,-0.05207060383800607,0.0008866663460423074,0.04134952649474144,-0.04905960336327553,-0.007550698705017561,0.04150708205045467,-0.04954511857530431,-0.003027173963953938
8.129999999999871,2.271078586578369,0.32139039039611816,1.9532188177108765,0.43260649752385927,1.4360233140523302,0.14319832682968647,-0.0898286268916888,-0.054021092493391834,0.0008343843138879492,0.05148737505078316,-0.050789982080459595,-0.005534255877137178,0.051539052283456455,-0.051081669323802294,-0.0009570775711121501
8.139999999999871,2.271078586578369,0.32139039039611816,1.9532188177108765,0.43260649752385927,1.4360233140523302,0.14319832682968647,-0.0898286268916888,-0.054021092493391834,0.0008343843138879492,0.05148737505078316,-0.050789982080459595,-0.005534255877137178,0.051539052283456455,-0.051081669323802294,-0.0009570775711121501
8.14999999999987,2.271078586578369,0.32139039039611816,1.9532188177108765,0.43260649752385927,1.4360233140523302,0.14319832682968647,-0.0898286268916888,-0.054021092493391834,0.0008343843138879492,0.05148737505078316,-0.050789982080459595,-0.005534255877137178,0.051539052283456455,-0.051081669323802294,-0.0009570775711121501
8.15999999999987,2.271078586578369,0.32139039039611816,1.9532188177108765,0.43260649752385927,1.4360233140523302,0.14319832682968647,-0.0898286268916888,-0.054021092493391834,0.0008343843138879492,0.05148737505078316,-0.050789982080459595,-0.005534255877137178,0.051539052283456455,-0.051081669323802294,-0.0009570775711121501
8.16999999999987,2.286726951599121,0.3799014091491699,1.9528838396072388,0.397970959599457,1.447419594672534,0.14573474581238985,-0.08767164534235125,-0.055894247662668345,0.0008393479049754736,0.04888376221060753,-0.042614854872226715,-0.006426064297556872,0.049033158460142875,-0.04301384628092982,-0.002674229888621203
8.17999999999987,2.286726951599121,0.3799014091491699,1.9528838396072388,0.397970959599457,1.447419594672534,0.14573474581238985,-0.08767164534235125,-0.055894247662668345,0.0008393479049754736,0.04888376221060753,-0.042614854872226715,-0.006426064297556872,0.049033158460142875,-0.04301384628092982,-0.002674229888621203
8.18999999999987,2.286726951599121,0.3799014091491699,1.9528838396072388,0.397970959599457,1.447419594672534,0.14573474581238985,-0.08767164534235125,-0.055894247662668345,0.0008393479049754736,0.04888376221060753,-0.042614854872226715,-0.006426064297556872,0.049033158460142875,-0.04301384628092982,-0.002674229888621203
8.19999999999987,2.2983646392822266,0.4269444942474365,1.9528831243515015,0.3701251858295503,1.4543662534578083,0.14673618469437497,-0.08636773206693348,-0.05692500944474259,0.0007285821567906176,0.05322088673710823,-0.042918361723423004,-0.006361221894621844,0.05337106667235143,-0.043307110433736085,-0.002639631964561176
8.20999999999987,2.2983646392822266,0.4269444942474365,1.9528831243515015,0.3701251858295503,1.4543662534578083,0.14673618469437497,-0.08636773206693348,-0.05692500944474259,0.0007285821567906176,0.05322088673710823,-0.042918361723423004,-0.006361221894621844,0.05337106667235143,-0.043307110433736085,-0.002639631964561176
8.21999999999987,2.2983646392822266,0.4269444942474365,1.9528831243515015,0.3701251858295503,1.4543662534578083,0.14673618469437497,-0.08636773206693348,-0.05692500944474259,0.0007285821567906176,0.05322088673710823,-0.042918361723423004,-0.006361221894621844,0.05337106667235143,-0.043307110433736085,-0.002639631964561176
8.229999999999869,2.307779312133789,0.4682917594909668,1.952875018119812,0.34489711575370074,1.4613874505530011,0.1443149737034369,-0.08410023094820514,-0.05850902424870929,0.0006371354341172501,0.05937708914279938,-0.030742721632122993,-0.005472240038216111,0.05954522980122934,-0.031093740720724322,-0.0028753962612908675
8.239999999999869,2.307779312133789,0.4682917594909668,1.952875018119812,0.34489711575370074,1.4613874505530011,0.1443149737034369,-0.08410023094820514,-0.05850902424870929,0.0006371354341172501,0.05937708914279938,-0.030742721632122993,-0.005472240038216111,0.05954522980122934,-0.031093740720724322,-0.0028753962612908675
8.249999999999869,2.307779312133789,0.4682917594909668,1.952875018119812,0.34489711575370074,1.4613874505530011,0.1443149737034369,-0.08410023094820514,-0.05850902424870929,0.0006371354341172501,0.05937708914279938,-0.030742721632122993,-0.005472240038216111,0.05954522980122934,-0.031093740720724322,-0.0028753962612908675
8.259999999999868,2.307779312133789,0.4682917594909668,1.952875018119812,0.34489711575370074,1.4613874505530011,0.1443149737034369,-0.08410023094820514,-0.05850902424870929,0.0006371354341172501,0.05937708914279938,-0.030742721632122993,-0.005472240038216111,0.05954522980122934,-0.031093740720724322,-0.0028753962612908675
8.269999999999868,2.320167303085327,0.5275864601135254,1.9531254768371582,0.31038726434862285,1.4704151908388734,0.14162423234154922,-0.08182142705896643,-0.059972736032396924,0.0006370182966608848,0.05232929438352585,-0.036936841905117035,-0.0009076733840629413,0.0522023467513017,-0.03688745377549203,0.002118025155188586
8.279999999999868,2.320167303085327,0.5275864601135254,1.9531254768371582,0.31038726434862285,1.4704151908388734,0.14162423234154922,-0.08182142705896643,-0.059972736032396924,0.0006370182966608848,0.05232929438352585,-0.036936841905117035,-0.0009076733840629413,0.0522023467513017,-0.03688745377549203,0.002118025155188586
8.289999999999868,2.320167303085327,0.5275864601135254,1.9531254768371582,0.31038726434862285,1.4704151908388734,0.14162423234154922,-0.08182142705896643,-0.059972736032396924,0.0006370182966608848,0.05232929438352585,-0.036936841905117035,-0.0009076733840629413,0.0522023467513017,-0.03688745377549203,0.002118025155188586
8.299999999999867,2.3291501998901367,0.5752019882202148,1.9532535076141357,0.282789547264624,1.4768570962949066,0.14067672014314175,-0.08074221481341179,-0.06073898576256444,0.0006378705752715944,0.05575309321284294,-0.0399891622364521,-0.0021437963005155277,0.05568689774753801,-0.04003178910606156,0.0010905052768456042
8.309999999999867,2.3291501998901367,0.5752019882202148,1.9532535076141357,0.282789547264624,1.4768570962949066,0.14067672014314175,-0.08074221481341179,-0.06073898576256444,0.0006378705752715944,0.05575309321284294,-0.0399891622364521,-0.0021437963005155277,0.05568689774753801,-0.04003178910606156,0.0010905052768456042
8.319999999999867,2.3291501998901367,0.5752019882202148,1.9532535076141357,0.282789547264624,1.4768570962949066,0.14067672014314175,-0.08074221481341179,-0.06073898576256444,0.0006378705752715944,0.05575309321284294,-0.0399891622364521,-0.0021437963005155277,0.05568689774753801,-0.04003178910606156,0.0010905052768456042
8.329999999999867,2.3362810611724854,0.6170172691345215,1.9532350301742554,0.258627642168442,1.481626885800607,0.14000611030946064,-0.07892306947340463,-0.062136894894941404,0.0005435997499039449,0.049918562173843384,-0.03627613186836243,-0.00857998058199882,0.05027277720054047,-0.03683966682823638,-0.0057042288162357825
8.339999999999867,2.3362810611724854,0.6170172691345215,1.9532350301742554,0.258627642168442,1.481626885800607,0.14000611030946064,-0.07892306947340463,-0.062136894894941404,0.0005435997499039449,0.049918562173843384,-0.03627613186836243,-0.00857998058199882,0.05027277720054047,-0.03683966682823638,-0.0057042288162357825
8.349999999999866,2.3362810611724854,0.6170172691345215,1.9532350301742554,0.258627642168442,1.481626885800607,0.14000611030946064,-0.07892306947340463,-0.062136894894941404,0.0005435997499039449,0.049918562173843384,-0.03627613186836243,-0.00857998058199882,0.05027277720054047,-0.03683966682823638,-0.0057042288162357825
8.359999999999866,2.3362810611724854,0.6170172691345215,1.9532350301742554,0.258627642168442,1.481626885800607,0.14000611030946064,-0.07892306947340463,-0.062136894894941404,0.0005435997499039449,0.049918562173843384,-0.03627613186836243,-0.00857998058199882,0.05027277720054047,-0.03683966682823638,-0.0057042288162357825
8.369999999999866,2.3453707695007324,0.6768944263458252,1.9534597396850586,0.22343730845177562,1.4870311749345397,0.14032152160353256,-0.07659427643349051,-0.06372975586032967,0.0005629668205251225,0.05152413621544838,-0.03816600143909454,-0.003567944280803199,0.051564789903912396,-0.038327119219215076,-0.0006383395008480972
8.379999999999866,2.3453707695007324,0.6768944263458252,1.9534597396850586,0.22343730845177562,1.4870311749345397,0.14032152160353256,-0.07659427643349051,-0.06372975586032967,0.0005629668205251225,0.05152413621544838,-0.03816600143909454,-0.003567944280803199,0.051564789903912396,-0.038327119219215076,-0.0006383395008480972
8.389999999999866,2.3453707695007324,0.6768944263458252,1.9534597396850586,0.22343730845177562,1.4870311749345397,0.14032152160353256,-0.07659427643349051,-0.06372975586032967,0.0005629668205251225,0.05152413621544838,-0.03816600143909454,-0.003567944280803199,0.051564789903912396,-0.038327119219215076,-0.0006383395008480972
8.399999999999865,2.351677656173706,0.7248973846435547,1.9538670778274536,0.1943969889194143,1.4903446860863536,0.14240236345033805,-0.07550662194863104,-0.0645206197443135,0.0004872706638360379,0.05443964898586273,-0.04311510920524597,-0.004370135255157942,0.054511062738076224,-0.04332192327531368,-0.001107604433225185
8.409999999999865,2.351677656173706,0.7248973846435547,1.9538670778274536,0.1943969889194143,1.4903446860863536,0.14240236345033805,-0.07550662194863104,-0.0645206197443135,0.0004872706638360379,0.05443964898586273,-0.04311510920524597,-0.004370135255157942,0.054511062738076224,-0.04332192327531368,-0.001107604433225185
8.419999999999865,2.351677656173706,0.7248973846435547,1.9538670778274536,0.1943969889194143,1.4903446860863536,0.14240236345033805,-0.07550662194863104,-0.0645206197443135,0.0004872706638360379,0.05443964898586273,-0.04311510920524597,-0.004370135255157942,0.054511062738076224,-0.04332192327531368,-0.001107604433225185
8.429999999999865,2.3559212684631348,0.7671175003051758,1.9536153078079224,0.1690596439452734,1.4936508794210819,0.13997274951308114,-0.07308721723077945,-0.06663682524426699,0.0005842036521366145,0.05390378087759018,-0.04737396538257599,0.0022402079775929507,0.0535238164164265,-0.047083907124086645,0.00570624138768321
8.439999999999864,2.3559212684631348,0.7671175003051758,1.9536153078079224,0.1690596439452734,1.4936508794210819,0.13997274951308114,-0.07308721723077945,-0.06663682524426699,0.0005842036521366145,0.05390378087759018,-0.04737396538257599,0.0022402079775929507,0.0535238164164265,-0.047083907124086645,0.00570624138768321
8.449999999999864,2.3559212684631348,0.7671175003051758,1.9536153078079224,0.1690596439452734,1.4936508794210819,0.13997274951308114,-0.07308721723077945,-0.06663682524426699,0.0005842036521366145,0.05390378087759018,-0.04737396538257599,0.0022402079775929507,0.0535238164164265,-0.047083907124086645,0.00570624138768321
8.459999999999864,2.3559212684631348,0.7671175003051758,1.9536153078079224,0.1690596439452734,1.4936508794210819,0.13997274951308114,-0.07308721723077945,-0.06663682524426699,0.0005842036521366145,0.05390378087759018,-0.04737396538257599,0.0022402079775929507,0.0535238164164265,-0.047083907124086645,0.00570624138768321
8.469999999999864,2.359650135040283,0.8278326988220215,1.9523364305496216,0.1325217340281819,1.4975225360830575,0.1383527292435423,-0.07131042192544808,-0.06798310512441023,0.0005409280817413898,0.049377817660570145,-0.039116568863391876,-0.004177791532129044,0.04947178718636839,-0.039314821323821525,-0.001383313514057725
8.479999999999864,2.359650135040283,0.8278326988220215,1.9523364305496216,0.1325217340281819,1.4975225360830575,0.1383527292435423,-0.07131042192544808,-0.06798310512441023,0.0005409280817413898,0.049377817660570145,-0.039116568863391876,-0.004177791532129044,0.04947178718636839,-0.039314821323821525,-0.001383313514057725
8.489999999999863,2.359650135040283,0.8278326988220215,1.9523364305496216,0.1325217340281819,1.4975225360830575,0.1383527292435423,-0.07131042192544808,-0.06798310512441023,0.0005409280817413898,0.049377817660570145,-0.039116568863391876,-0.004177791532129044,0.04947178718636839,-0.039314821323821525,-0.001383313514057725
8.499999999999863,2.3618597984313965,0.8764090538024902,1.9517146348953247,0.10212819082565014,1.5002735303485075,0.1378146325808805,-0.07031410228236194,-0.06873304884669483,0.0005710630838377018,0.049277517944574356,-0.035071901977062225,-0.0011321218917146282,0.04918563566451827,-0.03506477722617139,0.001337852270888225
8.509999999999863,2.3618597984313965,0.8764090538024902,1.9517146348953247,0.10212819082565014,1.5002735303485075,0.1378146325808805,-0.07031410228236194,-0.06873304884669483,0.0005710630838377018,0.049277517944574356,-0.035071901977062225,-0.0011321218917146282,0.04918563566451827,-0.03506477722617139,0.001337852270888225
8.519999999999863,2.3618597984313965,0.8764090538024902,1.9517146348953247,0.10212819082565014,1.5002735303485075,0.1378146325808805,-0.07031410228236194,-0.06873304884669483,0.0005710630838377018,0.049277517944574356,-0.035071901977062225,-0.0011321218917146282,0.04918563566451827,-0.03506477722617139,0.001337852270888225
8.529999999999863,2.3629400730133057,0.9189691543579102,1.9511052370071411,0.07564564632892808,1.5016706927130479,0.13611108096101038,-0.06837255067982198,-0.06973811762552731,0.00046846030647704613,0.046221159398555756,-0.01716042309999466,-0.0029283573385328033,0.04634333837694159,-0.0173203912009798,-0.001753389295265082
8.539999999999862,2.3629400730133057,0.9189691543579102,1.9511052370071411,0.07564564632892808,1.5016706927130479,0.13611108096101038,-0.06837255067982198,-0.06973811762552731,0.00046846030647704613,0.046221159398555756,-0.01716042309999466,-0.0029283573385328033,0.04634333837694159,-0.0173203912009798,-0.001753389295265082
8.549999999999862,2.3629400730133057,0.9189691543579102,1.9511052370071411,0.07564564632892808,1.5016706927130479,0.13611108096101038,-0.06837255067982198,-0.06973811762552731,0.00046846030647704613,0.046221159398555756,-0.01716042309999466,-0.0029283573385328033,0.04634333837694159,-0.0173203912009798,-0.001753389295265082
8.559999999999862,2.3629400730133057,0.9189691543579102,1.9511052370071411,0.07564564632892808,1.5016706927130479,0.13611108096101038,-0.06837255067982198,-0.06973811762552731,0.00046846030647704613,0.046221159398555756,-0.01716042309999466,-0.0029283573385328033,0.04634333837694159,-0.0173203912009798,-0.001753389295265082
8.569999999999862,2.3635261058807373,0.9797427654266357,1.950573444366455,0.03906771786520305,1.5040631503755302,0.1374262661599816,-0.06610789361783018,-0.07060531780596425,0.00032343827442359724,0.058444976806640625,-0.019652878865599632,-0.006894469726830718,0.05883969148256865,-0.020065397436299516,-0.005595085872339729
8.579999999999862,2.3635261058807373,0.9797427654266357,1.950573444366455,0.03906771786520305,1.5040631503755302,0.1374262661599816,-0.06610789361783018,-0.07060531780596425,0.00032343827442359724,0.058444976806640625,-0.019652878865599632,-0.006894469726830718,0.05883969148256865,-0.020065397436299516,-0.005595085872339729
8.589999999999861,2.3635261058807373,0.9797427654266357,1.950573444366455,0.03906771786520305,1.5040631503755302,0.1374262661599816,-0.06610789361783018,-0.07060531780596425,0.00032343827442359724,0.058444976806640625,-0.019652878865599632,-0.006894469726830718,0.05883969148256865,-0.020065397436299516,-0.005595085872339729
8.599999999999861,2.3631489276885986,1.0283620357513428,1.9504259824752808,0.010382710101302662,1.5054781482435224,0.1379293634662627,-0.06486409831349281,-0.07088221475781391,0.00033203536451395515,0.053931824862957,-0.008755434304475784,0.003383809234946967,0.05365178146603934,-0.008517688310697002,0.003954137699230588
8.60999999999986,2.3631489276885986,1.0283620357513428,1.9504259824752808,0.010382710101302662,1.5054781482435224,0.1379293634662627,-0.06486409831349281,-0.07088221475781391,0.00033203536451395515,0.053931824862957,-0.008755434304475784,0.003383809234946967,0.05365178146603934,-0.008517688310697002,0.003954137699230588
8.61999999999986,2.3631489276885986,1.0283620357513428,1.9504259824752808,0.010382710101302662,1.5054781482435224,0.1379293634662627,-0.06486409831349281,-0.07088221475781391,0.00033203536451395515,0.053931824862957,-0.008755434304475784,0.003383809234946967,0.05365178146603934,-0.008517688310697002,0.003954137699230588
8.62999999999986,2.362013816833496,1.070919156074524,1.9501792192459106,-0.014707641348901658,1.505208863968402,0.13698878028869518,-0.062496111663285454,-0.07128465377779848,0.00033988721706419543,0.06424279510974884,-0.00829333532601595,0.001165320398285986,0.06412276155880897,-0.008204364096778813,0.0016852893761142172
8.63999999999986,2.362013816833496,1.070919156074524,1.9501792192459106,-0.014707641348901658,1.505208863968402,0.13698878028869518,-0.062496111663285454,-0.07128465377779848,0.00033988721706419543,0.06424279510974884,-0.00829333532601595,0.001165320398285986,0.06412276155880897,-0.008204364096778813,0.0016852893761142172
8.64999999999986,2.362013816833496,1.070919156074524,1.9501792192459106,-0.014707641348901658,1.505208863968402,0.13698878028869518,-0.062496111663285454,-0.07128465377779848,0.00033988721706419543,0.06424279510974884,-0.00829333532601595,0.001165320398285986,0.06412276155880897,-0.008204364096778813,0.0016852893761142172
8.65999999999986,2.362013816833496,1.070919156074524,1.9501792192459106,-0.014707641348901658,1.505208863968402,0.13698878028869518,-0.062496111663285454,-0.07128465377779848,0.00033988721706419543,0.06424279510974884,-0.00829333532601595,0.001165320398285986,0.06412276155880897,-0.008204364096778813,0.0016852893761142172
8.66999999999986,2.359403610229492,1.1316317319869995,1.9500324726104736,-0.04937613578273391,1.504935833816524,0.1365523033465546,-0.05996557172491323,-0.07159211616789807,0.0004290718383849519,0.05891944840550423,-0.003380163572728634,0.001064332434907556,0.05882872995127135,-0.0033103030197775096,0.0012682401450782714
8.67999999999986,2.359403610229492,1.1316317319869995,1.9500324726104736,-0.04937613578273391,1.504935833816524,0.1365523033465546,-0.05996557172491323,-0.07159211616789807,0.0004290718383849519,0.05891944840550423,-0.003380163572728634,0.001064332434907556,0.05882872995127135,-0.0033103030197775096,0.0012682401450782714
8.68999999999986,2.359403610229492,1.1316317319869995,1.9500324726104736,-0.04937613578273391,1.504935833816524,0.1365523033465546,-0.05996557172491323,-0.07159211616789807,0.0004290718383849519,0.05891944840550423,-0.003380163572728634,0.001064332434907556,0.05882872995127135,-0.0033103030197775096,0.0012682401450782714
8.699999999999859,2.3564648628234863,1.1801388263702393,1.950076699256897,-0.07741712845638374,1.5041551228104202,0.13767394007105388,-0.0587857857072714,-0.07194263129244154,0.00041636276956817555,0.05912923067808151,-0.018218504264950752,-0.003095888765528796,0.059274818185615606,-0.018368923311869383,-0.002025407856597714
8.709999999999859,2.3564648628234863,1.1801388263702393,1.950076699256897,-0.07741712845638374,1.5041551228104202,0.13767394007105388,-0.0587857857072714,-0.07194263129244154,0.00041636276956817555,0.05912923067808151,-0.018218504264950752,-0.003095888765528796,0.059274818185615606,-0.018368923311869383,-0.002025407856597714
8.719999999999859,2.3564648628234863,1.1801388263702393,1.950076699256897,-0.07741712845638374,1.5041551228104202,0.13767394007105388,-0.0587857857072714,-0.07194263129244154,0.00041636276956817555,0.05912923067808151,-0.018218504264950752,-0.003095888765528796,0.059274818185615606,-0.018368923311869383,-0.002025407856597714
8.729999999999858,2.3531088829040527,1.2225546836853027,1.950035810470581,-0.10291856777096,1.5031530607519306,0.13722902145528432,-0.056672336928096534,-0.07298474494737578,0.0003944791143511993,0.05638307332992554,-0.02929980680346489,-0.004523219540715214,0.05659191483390142,-0.029508971739105667,-0.002863982438549766
8.739999999999858,2.3531088829040527,1.2225546836853027,1.950035810470581,-0.10291856777096,1.5031530607519306,0.13722902145528432,-0.056672336928096534,-0.07298474494737578,0.0003944791143511993,0.05638307332992554,-0.02929980680346489,-0.004523219540715214,0.05659191483390142,-0.029508971739105667,-0.002863982438549766
8.749999999999858,2.3531088829040527,1.2225546836853027,1.950035810470581,-0.10291856777096,1.5031530607519306,0.13722902145528432,-0.056672336928096534,-0.07298474494737578,0.0003944791143511993,0.05638307332992554,-0.02929980680346489,-0.004523219540715214,0.05659191483390142,-0.029508971739105667,-0.002863982438549766
8.759999999999858,2.3531088829040527,1.2225546836853027,1.950035810470581,-0.10291856777096,1.5031530607519306,0.13722902145528432,-0.056672336928096534,-0.07298474494737578,0.0003944791143511993,0.05638307332992554,-0.02929980680346489,-0.004523219540715214,0.05659191483390142,-0.029508971739105667,-0.002863982438549766
8.769999999999857,2.347285509109497,1.283017873764038,1.9500956535339355,-0.1372611628261129,1.50046553791804,0.1344101267011951,-0.0542895139458075,-0.07393809591176871,0.0002004622507550482,0.05660701170563698,-0.02702365815639496,-0.003725133836269375,0.05677391807939662,-0.027185980206121424,-0.002259438032296157
8.779999999999857,2.347285509109497,1.283017873764038,1.9500956535339355,-0.1372611628261129,1.50046553791804,0.1344101267011951,-0.0542895139458075,-0.07393809591176871,0.0002004622507550482,0.05660701170563698,-0.02702365815639496,-0.003725133836269375,0.05677391807939662,-0.027185980206121424,-0.002259438032296157
8.789999999999857,2.347285509109497,1.283017873764038,1.9500956535339355,-0.1372611628261129,1.50046553791804,0.1344101267011951,-0.0542895139458075,-0.07393809591176871,0.0002004622507550482,0.05660701170563698,-0.02702365815639496,-0.003725133836269375,0.05677391807939662,-0.027185980206121424,-0.002259438032296157
8.799999999999857,2.3417530059814453,1.3312606811523438,1.950171709060669,-0.16536688403728453,1.4975433145314498,0.1349066893816445,-0.05285147545127537,-0.0744910482220354,5.28676950250505e-05,0.0634758397936821,-0.01962266117334366,-0.007713835220783946,0.06397335197765303,-0.020002759575541425,-0.006684999107968612
8.809999999999857,2.3417530059814453,1.3312606811523438,1.950171709060669,-0.16536688403728453,1.4975433145314498,0.1349066893816445,-0.05285147545127537,-0.0744910482220354,5.28676950250505e-05,0.0634758397936821,-0.01962266117334366,-0.007713835220783946,0.06397335197765303,-0.020002759575541425,-0.006684999107968612
8.819999999999856,2.3417530059814453,1.3312606811523438,1.950171709060669,-0.16536688403728453,1.4975433145314498,0.1349066893816445,-0.05285147545127537,-0.0744910482220354,5.28676950250505e-05,0.0634758397936821,-0.01962266117334366,-0.007713835220783946,0.06397335197765303,-0.020002759575541425,-0.006684999107968612
8.829999999999856,2.3360517024993896,1.3733251094818115,1.9497473239898682,-0.1902158796108785,1.493938272579676,0.132545155115106,-0.05028427796844777,-0.07566345153502857,6.8560349229269475e-06,0.0665159821510315,-0.024901341646909714,-0.0032167392782866924,0.06666464614646046,-0.025031549907092887,-0.0019666818839984587
8.839999999999856,2.3360517024993896,1.3733251094818115,1.9497473239898682,-0.1902158796108785,1.493938272579676,0.132545155115106,-0.05028427796844777,-0.07566345153502857,6.8560349229269475e-06,0.0665159821510315,-0.024901341646909714,-0.0032167392782866924,0.06666464614646046,-0.025031549907092887,-0.0019666818839984587
8.849999999999856,2.3360517024993896,1.3733251094818115,1.9497473239898682,-0.1902158796108785,1.493938272579676,0.132545155115106,-0.05028427796844777,-0.07566345153502857,6.8560349229269475e-06,0.0665159821510315,-0.024901341646909714,-0.0032167392782866924,0.06666464614646046,-0.025031549907092887,-0.0019666818839984587
8.859999999999856,2.3360517024993896,1.3733251094818115,1.9497473239898682,-0.1902158796108785,1.493938272579676,0.132545155115106,-0.05028427796844777,-0.07566345153502857,6.8560349229269475e-06,0.0665159821510315,-0.024901341646909714,-0.0032167392782866924,0.06666464614646046,-0.025031549907092887,-0.0019666818839984587
8.869999999999855,2.3265931606292725,1.4330857992172241,1.9484156370162964,-0.22586258672004883,1.4885108306578614,0.1320396114488581,-0.04800047599503196,-0.07685958361107155,1.8740725114097625e-05,0.05061670392751694,-0.03296329453587532,-0.0044032363221049265,0.050833607636713726,-0.03313660364397423,-0.002824858036855821
8.879999999999855,2.3265931606292725,1.4330857992172241,1.9484156370162964,-0.22586258672004883,1.4885108306578614,0.1320396114488581,-0.04800047599503196,-0.07685958361107155,1.8740725114097625e-05,0.05061670392751694,-0.03296329453587532,-0.0044032363221049265,0.050833607636713726,-0.03313660364397423,-0.002824858036855821
8.889999999999855,2.3265931606292725,1.4330857992172241,1.9484156370162964,-0.22586258672004883,1.4885108306578614,0.1320396114488581,-0.04800047599503196,-0.07685958361107155,1.8740725114097625e-05,0.05061670392751694,-0.03296329453587532,-0.0044032363221049265,0.050833607636713726,-0.03313660364397423,-0.002824858036855821
8.899999999999855,2.3181357383728027,1.4807357788085938,1.9477442502975464,-0.25331867180037193,1.4840978057760286,0.1332599618983908,-0.04712422421431309,-0.07728097288860189,-4.628124322117484e-05,0.05353201553225517,-0.025148004293441772,-0.006123353727161881,0.05391391925920288,-0.02540853797403058,-0.004946678611939088
8.909999999999854,2.3181357383728027,1.4807357788085938,1.9477442502975464,-0.25331867180037193,1.4840978057760286,0.1332599618983908,-0.04712422421431309,-0.07728097288860189,-4.628124322117484e-05,0.05353201553225517,-0.025148004293441772,-0.006123353727161881,0.05391391925920288,-0.02540853797403058,-0.004946678611939088
8.919999999999854,2.3181357383728027,1.4807357788085938,1.9477442502975464,-0.25331867180037193,1.4840978057760286,0.1332599618983908,-0.04712422421431309,-0.07728097288860189,-4.628124322117484e-05,0.05353201553225517,-0.025148004293441772,-0.006123353727161881,0.05391391925920288,-0.02540853797403058,-0.004946678611939088
8.929999999999854,2.309987783432007,1.522270679473877,1.9469196796417236,-0.2783203411802616,1.4790128194623853,0.1322700352190877,-0.0446623519739046,-0.07817523587588537,-5.2376436626029746e-05,0.050234295427799225,-0.011618216522037985,-0.009650857187807558,0.05094890606335815,-0.012037517567732244,-0.009150455659660058
8.939999999999854,2.309987783432007,1.522270679473877,1.9469196796417236,-0.2783203411802616,1.4790128194623853,0.1322700352190877,-0.0446623519739046,-0.07817523587588537,-5.2376436626029746e-05,0.050234295427799225,-0.011618216522037985,-0.009650857187807558,0.05094890606335815,-0.012037517567732244,-0.009150455659660058
8.949999999999854,2.309987783432007,1.522270679473877,1.9469196796417236,-0.2783203411802616,1.4790128194623853,0.1322700352190877,-0.0446623519739046,-0.07817523587588537,-5.2376436626029746e-05,0.050234295427799225,-0.011618216522037985,-0.009650857187807558,0.05094890606335815,-0.012037517567732244,-0.009150455659660058
8.959999999999853,2.309987783432007,1.522270679473877,1.9469196796417236,-0.2783203411802616,1.4790128194623853,0.1322700352190877,-0.0446623519739046,-0.07817523587588537,-5.2376436626029746e-05,0.050234295427799225,-0.011618216522037985,-0.009650857187807558,0.05094890606335815,-0.012037517567732244,-0.009150455659660058
8.969999999999853,2.2972941398620605,1.5813477039337158,1.9462618827819824,-0.3130972156935128,1.471461874155212,0.1310870814945739,-0.04243128363235428,-0.07909020456240812,-9.017460006451374e-05,0.05506645143032074,-0.027370037510991096,-0.0029649264179170097,0.05520921127461559,-0.027471170397201556,-0.0018069087961992386
8.979999999999853,2.2972941398620605,1.5813477039337158,1.9462618827819824,-0.3130972156935128,1.471461874155212,0.1310870814945739,-0.04243128363235428,-0.07909020456240812,-9.017460006451374e-05,0.05506645143032074,-0.027370037510991096,-0.0029649264179170097,0.05520921127461559,-0.027471170397201556,-0.0018069087961992386
8.989999999999853,2.2972941398620605,1.5813477039337158,1.9462618827819824,-0.3130972156935128,1.471461874155212,0.1310870814945739,-0.04243128363235428,-0.07909020456240812,-9.017460006451374e-05,0.05506645143032074,-0.027370037510991096,-0.0029649264179170097,0.05520921127461559,-0.027471170397201556,-0.0018069087961992386
8.999999999999853,2.286229133605957,1.6283929347991943,1.9459425210952759,-0.3409144957601472,1.4656869129327463,0.13325252738439258,-0.041643149485948834,-0.07950107484587964,-0.00010588260848498985,0.04584059119224548,-0.02315298095345497,-0.0009797345846891375,0.04584178629084315,-0.02317369590426817,-1.5048330477740828e-05
9.009999999999852,2.286229133605957,1.6283929347991943,1.9459425210952759,-0.3409144957601472,1.4656869129327463,0.13325252738439258,-0.041643149485948834,-0.07950107484587964,-0.00010588260848498985,0.04584059119224548,-0.02315298095345497,-0.0009797345846891375,0.04584178629084315,-0.02317369590426817,-1.5048330477740828e-05
9.019999999999852,2.286229133605957,1.6283929347991943,1.9459425210952759,-0.3409144957601472,1.4656869129327463,0.13325252738439258,-0.041643149485948834,-0.07950107484587964,-0.00010588260848498985,0.04584059119224548,-0.02315298095345497,-0.0009797345846891375,0.04584178629084315,-0.02317369590426817,-1.5048330477740828e-05
9.029999999999852,2.2757678031921387,1.669378399848938,1.9456491470336914,-0.36642628423575696,1.4590928064070723,0.13324781040972872,-0.03946672343546608,-0.08033023256098207,-7.212389277463018e-05,0.05247033014893532,-0.014446214772760868,0.004576232749968769,0.052056327701646095,-0.014254403330999841,0.005159303358609886
9.039999999999852,2.2757678031921387,1.669378399848938,1.9456491470336914,-0.36642628423575696,1.4590928064070723,0.13324781040972872,-0.03946672343546608,-0.08033023256098207,-7.212389277463018e-05,0.05247033014893532,-0.014446214772760868,0.004576232749968769,0.052056327701646095,-0.014254403330999841,0.005159303358609886
9.049999999999851,2.2757678031921387,1.669378399848938,1.9456491470336914,-0.36642628423575696,1.4590928064070723,0.13324781040972872,-0.03946672343546608,-0.08033023256098207,-7.212389277463018e-05,0.05247033014893532,-0.014446214772760868,0.004576232749968769,0.052056327701646095,-0.014254403330999841,0.005159303358609886
9.059999999999851,2.2757678031921387,1.669378399848938,1.9456491470336914,-0.36642628423575696,1.4590928064070723,0.13324781040972872,-0.03946672343546608,-0.08033023256098207,-7.212389277463018e-05,0.05247033014893532,-0.014446214772760868,0.004576232749968769,0.052056327701646095,-0.014254403330999841,0.005159303358609886
9.069999999999851,2.2597110271453857,1.727630376815796,1.945604681968689,-0.40155853156080673,1.4516334062678684,0.13484715344443093,-0.03730636519179807,-0.08096308168740485,-4.773856724888728e-05,0.05051962658762932,-0.01607731729745865,0.00012980350584257592,0.05046044596009858,-0.01606128929835719,0.0007317573740276824
9.07999999999985,2.2597110271453857,1.727630376815796,1.945604681968689,-0.40155853156080673,1.4516334062678684,0.13484715344443093,-0.03730636519179807,-0.08096308168740485,-4.773856724888728e-05,0.05051962658762932,-0.01607731729745865,0.00012980350584257592,0.05046044596009858,-0.01606128929835719,0.0007317573740276824
9.08999999999985,2.2597110271453857,1.727630376815796,1.945604681968689,-0.40155853156080673,1.4516334062678684,0.13484715344443093,-0.03730636519179807,-0.08096308168740485,-4.773856724888728e-05,0.05051962658762932,-0.01607731729745865,0.00012980350584257592,0.05046044596009858,-0.01606128929835719,0.0007317573740276824
9.09999999999985,2.245915174484253,1.7739864587783813,1.9457440376281738,-0.4294436202446297,1.443230696984716,0.13619595252697078,-0.03621235886281564,-0.08129543817823796,-7.050598303100632e-05,0.05371105670928955,-0.015283999964594841,-0.0027131745591759664,0.05388688360648014,-0.015372208817093743,-0.00216519797887766
9.10999999999985,2.245915174484253,1.7739864587783813,1.9457440376281738,-0.4294436202446297,1.443230696984716,0.13619595252697078,-0.03621235886281564,-0.08129543817823796,-7.050598303100632e-05,0.05371105670928955,-0.015283999964594841,-0.0027131745591759664,0.05388688360648014,-0.015372208817093743,-0.00216519797887766
9.11999999999985,2.245915174484253,1.7739864587783813,1.9457440376281738,-0.4294436202446297,1.443230696984716,0.13619595252697078,-0.03621235886281564,-0.08129543817823796,-7.050598303100632e-05,0.05371105670928955,-0.015283999964594841,-0.0027131745591759664,0.05388688360648014,-0.015372208817093743,-0.00216519797887766
9.12999999999985,2.2331202030181885,1.81430983543396,1.9456132650375366,-0.45295262409114795,1.4360186282405145,0.13473076694542555,-0.0340291951778839,-0.08167267770060983,-2.0320220956171506e-05,0.061207570135593414,-0.007555293384939432,0.0001608968887012461,0.061173366741083854,-0.007545445209609749,0.0004192521941225312
9.13999999999985,2.2331202030181885,1.81430983543396,1.9456132650375366,-0.45295262409114795,1.4360186282405145,0.13473076694542555,-0.0340291951778839,-0.08167267770060983,-2.0320220956171506e-05,0.061207570135593414,-0.007555293384939432,0.0001608968887012461,0.061173366741083854,-0.007545445209609749,0.0004192521941225312
9.14999999999985,2.2331202030181885,1.81430983543396,1.9456132650375366,-0.45295262409114795,1.4360186282405145,0.13473076694542555,-0.0340291951778839,-0.08167267770060983,-2.0320220956171506e-05,0.061207570135593414,-0.007555293384939432,0.0001608968887012461,0.061173366741083854,-0.007545445209609749,0.0004192521941225312
9.15999999999985,2.2331202030181885,1.81430983543396,1.9456132650375366,-0.45295262409114795,1.4360186282405145,0.13473076694542555,-0.0340291951778839,-0.08167267770060983,-2.0320220956171506e-05,0.061207570135593414,-0.007555293384939432,0.0001608968887012461,0.061173366741083854,-0.007545445209609749,0.0004192521941225312
9.169999999999849,2.2137346267700195,1.8715413808822632,1.945754885673523,-0.487068823566455,1.4244466955245625,0.13395186755044527,-0.031553737741995866,-0.0816461726278373,1.2104890271669822e-05,0.059610530734062195,0.0021793118212372065,0.0015086235944181679,0.05949277042386655,0.0022258218224803137,0.0014439286232522767
9.179999999999849,2.2137346267700195,1.8715413808822632,1.945754885673523,-0.487068823566455,1.4244466955245625,0.13395186755044527,-0.031553737741995866,-0.0816461726278373,1.2104890271669822e-05,0.059610530734062195,0.0021793118212372065,0.0015086235944181679,0.05949277042386655,0.0022258218224803137,0.0014439286232522767
9.189999999999849,2.2137346267700195,1.8715413808822632,1.945754885673523,-0.487068823566455,1.4244466955245625,0.13395186755044527,-0.031553737741995866,-0.0816461726278373,1.2104890271669822e-05,0.059610530734062195,0.0021793118212372065,0.0015086235944181679,0.05949277042386655,0.0022258218224803137,0.0014439286232522767
9.199999999999848,2.197317600250244,1.917001724243164,1.9459823369979858,-0.5132012962197999,1.415419681063068,0.1329050162076157,-0.030100462545104664,-0.0818986562607532,1.6534806114224493e-05,0.06002454459667206,-0.011821272782981396,-0.0006909674848429845,0.06005203250321678,-0.01183671322739088,-0.0003360086788805204
9.209999999999848,2.197317600250244,1.917001724243164,1.9459823369979858,-0.5132012962197999,1.415419681063068,0.1329050162076157,-0.030100462545104664,-0.0818986562607532,1.6534806114224493e-05,0.06002454459667206,-0.011821272782981396,-0.0006909674848429845,0.06005203250321678,-0.01183671322739088,-0.0003360086788805204
9.219999999999848,2.197317600250244,1.917001724243164,1.9459823369979858,-0.5132012962197999,1.415419681063068,0.1329050162076157,-0.030100462545104664,-0.0818986562607532,1.6534806114224493e-05,0.06002454459667206,-0.011821272782981396,-0.0006909674848429845,0.06005203250321678,-0.01183671322739088,-0.0003360086788805204
9.229999999999848,2.182356119155884,1.9562773704528809,1.9454855918884277,-0.5373547898756197,1.4072844020935582,0.13118820974669565,-0.02814291295820272,-0.08224515401144844,-3.483243236860361e-05,0.05840194225311279,-0.007964388467371464,0.0010251414496451625,0.058298998420283736,-0.00793238802555956,0.001253082717005157
9.239999999999847,2.182356119155884,1.9562773704528809,1.9454855918884277,-0.5373547898756197,1.4072844020935582,0.13118820974669565,-0.02814291295820272,-0.08224515401144844,-3.483243236860361e-05,0.05840194225311279,-0.007964388467371464,0.0010251414496451625,0.058298998420283736,-0.00793238802555956,0.001253082717005157
9.249999999999847,2.182356119155884,1.9562773704528809,1.9454855918884277,-0.5373547898756197,1.4072844020935582,0.13118820974669565,-0.02814291295820272,-0.08224515401144844,-3.483243236860361e-05,0.05840194225311279,-0.007964388467371464,0.0010251414496451625,0.058298998420283736,-0.00793238802555956,0.001253082717005157
9.259999999999847,2.182356119155884,1.9562773704528809,1.9454855918884277,-0.5373547898756197,1.4072844020935582,0.13118820974669565,-0.02814291295820272,-0.08224515401144844,-3.483243236860361e-05,0.05840194225311279,-0.007964388467371464,0.0010251414496451625,0.058298998420283736,-0.00793238802555956,0.001253082717005157
9.269999999999847,2.160184383392334,2.011356472969055,1.943602442741394,-0.5700588824860199,1.3922219771918554,0.12804363682711142,-0.025675399305343634,-0.08268713646276529,9.880820364953882e-05,0.06319939345121384,-0.014531899243593216,0.005540329031646253,0.0627094652189242,-0.014384875071361776,0.005931841219971795
9.279999999999847,2.160184383392334,2.011356472969055,1.943602442741394,-0.5700588824860199,1.3922219771918554,0.12804363682711142,-0.025675399305343634,-0.08268713646276529,9.880820364953882e-05,0.06319939345121384,-0.014531899243593216,0.005540329031646253,0.0627094652189242,-0.014384875071361776,0.005931841219971795
9.289999999999846,2.160184383392334,2.011356472969055,1.943602442741394,-0.5700588824860199,1.3922219771918554,0.12804363682711142,-0.025675399305343634,-0.08268713646276529,9.880820364953882e-05,0.06319939345121384,-0.014531899243593216,0.005540329031646253,0.0627094652189242,-0.014384875071361776,0.005931841219971795
9.299999999999846,2.141467809677124,2.0550984740257263,1.9424962997436523,-0.5969532539406103,1.3802727745016141,0.12975478773163074,-0.02421191884639008,-0.08303232577734108,1.6966470180747604e-05,0.058120813220739365,-0.010436720214784147,-0.007661679759621619,0.05873723147028475,-0.010619147117575337,-0.00743237186464346
9.309999999999846,2.141467809677124,2.0550984740257263,1.9424962997436523,-0.5969532539406103,1.3802727745016141,0.12975478773163074,-0.02421191884639008,-0.08303232577734108,1.6966470180747604e-05,0.058120813220739365,-0.010436720214784147,-0.007661679759621619,0.05873723147028475,-0.010619147117575337,-0.00743237186464346
9.319999999999846,2.141467809677124,2.0550984740257263,1.9424962997436523,-0.5969532539406103,1.3802727745016141,0.12975478773163074,-0.02421191884639008,-0.08303232577734108,1.6966470180747604e-05,0.058120813220739365,-0.010436720214784147,-0.007661679759621619,0.05873723147028475,-0.010619147117575337,-0.00743237186464346
9.329999999999846,2.1244022846221924,2.093006134033203,1.941481351852417,-0.6200906277057056,1.3691302632150548,0.1313549080305094,-0.022232912972925546,-0.08352285636860371,-4.9157737782698986e-05,0.051606468856334686,-0.014707397669553757,-0.0032802561763674003,0.05185364380193801,-0.014776686510186657,-0.002962812519616028
9.339999999999845,2.1244022846221924,2.093006134033203,1.941481351852417,-0.6200906277057056,1.3691302632150548,0.1313549080305094,-0.022232912972925546,-0.08352285636860371,-4.9157737782698986e-05,0.051606468856334686,-0.014707397669553757,-0.0032802561763674003,0.05185364380193801,-0.014776686510186657,-0.002962812519616028
9.349999999999845,2.1244022846221924,2.093006134033203,1.941481351852417,-0.6200906277057056,1.3691302632150548,0.1313549080305094,-0.022232912972925546,-0.08352285636860371,-4.9157737782698986e-05,0.051606468856334686,-0.014707397669553757,-0.0032802561763674003,0.05185364380193801,-0.014776686510186657,-0.002962812519616028
9.359999999999845,2.1244022846221924,2.093006134033203,1.941481351852417,-0.6200906277057056,1.3691302632150548,0.1313549080305094,-0.022232912972925546,-0.08352285636860371,-4.9157737782698986e-05,0.051606468856334686,-0.014707397669553757,-0.0032802561763674003,0.05185364380193801,-0.014776686510186657,-0.002962812519616028
9.369999999999845,2.098848581314087,2.14676696062088,1.9406641721725464,-0.6525196191717311,1.353279757001143,0.13500980853954758,-0.02044102306119695,-0.08404784887116142,9.325387057981238e-06,0.041411202400922775,-0.01708238199353218,0.002444849116727712,0.04117586070525547,-0.01702884156862246,0.002803391217970139
9.379999999999844,2.098848581314087,2.14676696062088,1.9406641721725464,-0.6525196191717311,1.353279757001143,0.13500980853954758,-0.02044102306119695,-0.08404784887116142,9.325387057981238e-06,0.041411202400922775,-0.01708238199353218,0.002444849116727712,0.04117586070525547,-0.01702884156862246,0.002803391217970139
9.389999999999844,2.098848581314087,2.14676696062088,1.9406641721725464,-0.6525196191717311,1.353279757001143,0.13500980853954758,-0.02044102306119695,-0.08404784887116142,9.325387057981238e-06,0.041411202400922775,-0.01708238199353218,0.002444849116727712,0.04117586070525547,-0.01702884156862246,0.002803391217970139
9.399999999999844,2.077461004257202,2.1894006729125977,1.9403998851776123,-0.6785847924822898,1.3405426740251574,0.1368021855115448,-0.019493503909608,-0.08433028148208802,-5.366618867504527e-05,0.0463411770761013,-0.012015629559755325,-0.003784850239753722,0.0466412544470124,-0.012087122002631082,-0.0035625795677674756
9.409999999999844,2.077461004257202,2.1894006729125977,1.9403998851776123,-0.6785847924822898,1.3405426740251574,0.1368021855115448,-0.019493503909608,-0.08433028148208802,-5.366618867504527e-05,0.0463411770761013,-0.012015629559755325,-0.003784850239753722,0.0466412544470124,-0.012087122002631082,-0.0035625795677674756
9.419999999999844,2.077461004257202,2.1894006729125977,1.9403998851776123,-0.6785847924822898,1.3405426740251574,0.1368021855115448,-0.019493503909608,-0.08433028148208802,-5.366618867504527e-05,0.0463411770761013,-0.012015629559755325,-0.003784850239753722,0.0466412544470124,-0.012087122002631082,-0.0035625795677674756
9.429999999999843,2.0580739974975586,2.2263302206993103,1.9400521516799927,-0.7003864037170046,1.3295837765966976,0.1366640611051979,-0.017579813285564752,-0.08460969141176962,0.00015609854822964766,0.04650135338306427,-0.00343630532734096,0.003799799364060164,0.046174010735158345,-0.003368978023565351,0.0038734751574904503
9.439999999999843,2.0580739974975586,2.2263302206993103,1.9400521516799927,-0.7003864037170046,1.3295837765966976,0.1366640611051979,-0.017579813285564752,-0.08460969141176962,0.00015609854822964766,0.04650135338306427,-0.00343630532734096,0.003799799364060164,0.046174010735158345,-0.003368978023565351,0.0038734751574904503
9.449999999999843,2.0580739974975586,2.2263302206993103,1.9400521516799927,-0.7003864037170046,1.3295837765966976,0.1366640611051979,-0.017579813285564752,-0.08460969141176962,0.00015609854822964766,0.04650135338306427,-0.00343630532734096,0.003799799364060164,0.046174010735158345,-0.003368978023565351,0.0038734751574904503
9.459999999999843,2.0580739974975586,2.2263302206993103,1.9400521516799927,-0.7003864037170046,1.3295837765966976,0.1366640611051979,-0.017579813285564752,-0.08460969141176962,0.00015609854822964766,0.04650135338306427,-0.00343630532734096,0.003799799364060164,0.046174010735158345,-0.003368978023565351,0.0038734751574904503
9.469999999999843,2.0292773246765137,2.2786394357681274,1.93999183177948,-0.7322557447725209,1.3132316413361413,0.1372887113294907,-0.015807454157816817,-0.08464281918785371,0.00015187029238404929,0.04756546765565872,0.0014157799305394294,0.0018935771659016607,0.047406724906850155,0.0014455344374752596,0.0018776838778971246
9.479999999999842,2.0292773246765137,2.2786394357681274,1.93999183177948,-0.7322557447725209,1.3132316413361413,0.1372887113294907,-0.015807454157816817,-0.08464281918785371,0.00015187029238404929,0.04756546765565872,0.0014157799305394294,0.0018935771659016607,0.047406724906850155,0.0014455344374752596,0.0018776838778971246
9.489999999999842,2.0292773246765137,2.2786394357681274,1.93999183177948,-0.7322557447725209,1.3132316413361413,0.1372887113294907,-0.015807454157816817,-0.08464281918785371,0.00015187029238404929,0.04756546765565872,0.0014157799305394294,0.0018935771659016607,0.047406724906850155,0.0014455344374752596,0.0018776838778971246
9.499999999999842,2.0053188800811768,2.3200482726097107,1.940194010734558,-0.7574999092210879,1.2991585783687702,0.13807292507830465,-0.014613247718983714,-0.08467177188245771,0.00019533180352977595,0.05185509845614433,-0.0031437287107110023,0.0014779996126890187,0.051725768064270004,-0.003121795443987256,0.0015292588459186152
9.509999999999842,2.0053188800811768,2.3200482726097107,1.940194010734558,-0.7574999092210879,1.2991585783687702,0.13807292507830465,-0.014613247718983714,-0.08467177188245771,0.00019533180352977595,0.05185509845614433,-0.0031437287107110023,0.0014779996126890187,0.051725768064270004,-0.003121795443987256,0.0015292588459186152
9.519999999999841,2.0053188800811768,2.3200482726097107,1.940194010734558,-0.7574999092210879,1.2991585783687702,0.13807292507830465,-0.014613247718983714,-0.08467177188245771,0.00019533180352977595,0.05185509845614433,-0.0031437287107110023,0.0014779996126890187,0.051725768064270004,-0.003121795443987256,0.0015292588459186152
9.529999999999841,1.9837110042572021,2.3558852076530457,1.9403374195098877,-0.7785961572491519,1.2871808748463422,0.13638785930774489,-0.01232045909568065,-0.08494966200157336,0.00017011484058367704,0.056588321924209595,-0.011230641044676304,-0.005151845514774321,0.05701520970573872,-0.011293260181251557,-0.005031234256029557
9.539999999999841,1.9837110042572021,2.3558852076530457,1.9403374195098877,-0.7785961572491519,1.2871808748463422,0.13638785930774489,-0.01232045909568065,-0.08494966200157336,0.00017011484058367704,0.056588321924209595,-0.011230641044676304,-0.005151845514774321,0.05701520970573872,-0.011293260181251557,-0.005031234256029557
9.54999999999984,1.9837110042572021,2.3558852076530457,1.9403374195098877,-0.7785961572491519,1.2871808748463422,0.13638785930774489,-0.01232045909568065,-0.08494966200157336,0.00017011484058367704,0.056588321924209595,-0.011230641044676304,-0.005151845514774321,0.05701520970573872,-0.011293260181251557,-0.005031234256029557
9.55999999999984,1.9837110042572021,2.3558852076530457,1.9403374195098877,-0.7785961572491519,1.2871808748463422,0.13638785930774489,-0.01232045909568065,-0.08494966200157336,0.00017011484058367704,0.056588321924209595,-0.011230641044676304,-0.005151845514774321,0.05701520970573872,-0.011293260181251557,-0.005031234256029557
9.56999999999984,1.9517842531204224,2.4065635204315186,1.9408437013626099,-0.8089065795097867,1.2690441306549631,0.13702079680320614,-0.010053645306038328,-0.08504906600823321,0.00030452198380521105,0.06005477532744408,-0.0023264000192284584,-0.0004739919968415049,0.0600931893699874,-0.0023310477160035864,-0.0004522141604538201
9.57999999999984,1.9517842531204224,2.4065635204315186,1.9408437013626099,-0.8089065795097867,1.2690441306549631,0.13702079680320614,-0.010053645306038328,-0.08504906600823321,0.00030452198380521105,0.06005477532744408,-0.0023264000192284584,-0.0004739919968415049,0.0600931893699874,-0.0023310477160035864,-0.0004522141604538201
9.58999999999984,1.9517842531204224,2.4065635204315186,1.9408437013626099,-0.8089065795097867,1.2690441306549631,0.13702079680320614,-0.010053645306038328,-0.08504906600823321,0.00030452198380521105,0.06005477532744408,-0.0023264000192284584,-0.0004739919968415049,0.0600931893699874,-0.0023310477160035864,-0.0004522141604538201
9.59999999999984,1.9253461360931396,2.446610927581787,1.9414794445037842,-0.8343949846861167,1.253962077564797,0.13753249781438695,-0.009131034068724607,-0.08511367318179772,0.00024969765704694995,0.055541396141052246,-0.004420899786055089,-0.004513537045568227,0.055923030081427294,-0.004461928177182551,-0.004489233006446568
9.60999999999984,1.9253461360931396,2.446610927581787,1.9414794445037842,-0.8343949846861167,1.253962077564797,0.13753249781438695,-0.009131034068724607,-0.08511367318179772,0.00024969765704694995,0.055541396141052246,-0.004420899786055089,-0.004513537045568227,0.055923030081427294,-0.004461928177182551,-0.004489233006446568
9.61999999999984,1.9253461360931396,2.446610927581787,1.9414794445037842,-0.8343949846861167,1.253962077564797,0.13753249781438695,-0.009131034068724607,-0.08511367318179772,0.00024969765704694995,0.055541396141052246,-0.004420899786055089,-0.004513537045568227,0.055923030081427294,-0.004461928177182551,-0.004489233006446568
9.62999999999984,1.9016979932785034,2.480888843536377,1.9413203001022339,-0.8564036712735077,1.2405231743587757,0.135122844399536,-0.006432663766812031,-0.08528515173867818,0.0001228583002826818,0.0651138573884964,-0.005530556663870812,-0.008442169055342674,0.0658325433728066,-0.005584747499838255,-0.008437083635852233
9.639999999999839,1.9016979932785034,2.480888843536377,1.9413203001022339,-0.8564036712735077,1.2405231743587757,0.135122844399536,-0.006432663766812031,-0.08528515173867818,0.0001228583002826818,0.0651138573884964,-0.005530556663870812,-0.008442169055342674,0.0658325433728066,-0.005584747499838255,-0.008437083635852233
9.649999999999839,1.9016979932785034,2.480888843536377,1.9413203001022339,-0.8564036712735077,1.2405231743587757,0.135122844399536,-0.006432663766812031,-0.08528515173867818,0.0001228583002826818,0.0651138573884964,-0.005530556663870812,-0.008442169055342674,0.0658325433728066,-0.005584747499838255,-0.008437083635852233
9.659999999999838,1.9016979932785034,2.480888843536377,1.9413203001022339,-0.8564036712735077,1.2405231743587757,0.135122844399536,-0.006432663766812031,-0.08528515173867818,0.0001228583002826818,0.0651138573884964,-0.005530556663870812,-0.008442169055342674,0.0658325433728066,-0.005584747499838255,-0.008437083635852233
9.669999999999838,1.8671764135360718,2.528453230857849,1.9402084350585938,-0.8857938919873125,1.219868296270415,0.13223388064755626,-0.004323237845127379,-0.0853159304305496,0.00010952725736387539,0.0567283108830452,0.0006770718609914183,-0.0011575042735785246,0.05682755415320599,0.000672061382941092,-0.0011646566758192936
9.679999999999838,1.8671764135360718,2.528453230857849,1.9402084350585938,-0.8857938919873125,1.219868296270415,0.13223388064755626,-0.004323237845127379,-0.0853159304305496,0.00010952725736387539,0.0567283108830452,0.0006770718609914183,-0.0011575042735785246,0.05682755415320599,0.000672061382941092,-0.0011646566758192936
9.689999999999838,1.8671764135360718,2.528453230857849,1.9402084350585938,-0.8857938919873125,1.219868296270415,0.13223388064755626,-0.004323237845127379,-0.0853159304305496,0.00010952725736387539,0.0567283108830452,0.0006770718609914183,-0.0011575042735785246,0.05682755415320599,0.000672061382941092,-0.0011646566758192936
9.699999999999838,1.838636875152588,2.566097468137741,1.9396268129348755,-0.9089118872397876,1.2030312496347375,0.13269843847469232,-0.0027535652092848593,-0.08508380928771879,6.3131460288195e-05,0.06598604470491409,0.01111737359315157,-0.003493997734040023,0.066286656584494,0.011107710508096388,-0.003537393185051714
9.709999999999837,1.838636875152588,2.566097468137741,1.9396268129348755,-0.9089118872397876,1.2030312496347375,0.13269843847469232,-0.0027535652092848593,-0.08508380928771879,6.3131460288195e-05,0.06598604470491409,0.01111737359315157,-0.003493997734040023,0.066286656584494,0.011107710508096388,-0.003537393185051714
9.719999999999837,1.838636875152588,2.566097468137741,1.9396268129348755,-0.9089118872397876,1.2030312496347375,0.13269843847469232,-0.0027535652092848593,-0.08508380928771879,6.3131460288195e-05,0.06598604470491409,0.01111737359315157,-0.003493997734040023,0.066286656584494,0.011107710508096388,-0.003537393185051714
9.729999999999837,1.8130804300308228,2.598516672849655,1.9390127658843994,-0.9289049468142335,1.1875906860560494,0.1313287530704363,-0.00025678019031044467,-0.08480844858029046,6.354168812185749e-05,0.05905477702617645,0.006879997439682484,0.002784104784950613,0.05881824389490545,0.0068807121158111694,0.0027923740661202033
9.739999999999837,1.8130804300308228,2.598516672849655,1.9390127658843994,-0.9289049468142335,1.1875906860560494,0.1313287530704363,-0.00025678019031044467,-0.08480844858029046,6.354168812185749e-05,0.05905477702617645,0.006879997439682484,0.002784104784950613,0.05881824389490545,0.0068807121158111694,0.0027923740661202033
9.749999999999837,1.8130804300308228,2.598516672849655,1.9390127658843994,-0.9289049468142335,1.1875906860560494,0.1313287530704363,-0.00025678019031044467,-0.08480844858029046,6.354168812185749e-05,0.05905477702617645,0.006879997439682484,0.002784104784950613,0.05881824389490545,0.0068807121158111694,0.0027923740661202033
9.759999999999836,1.8130804300308228,2.598516672849655,1.9390127658843994,-0.9289049468142335,1.1875906860560494,0.1313287530704363,-0.00025678019031044467,-0.08480844858029046,6.354168812185749e-05,0.05905477702617645,0.006879997439682484,0.002784104784950613,0.05881824389490545,0.0068807121158111694,0.0027923740661202033
9.769999999999836,1.7755342721939087,2.6443000435829163,1.938549280166626,-0.9576441801706213,1.1649044368604988,0.13247148760744054,0.001727796141561881,-0.08454969077283686,-2.0608293734574766e-05,0.044180843979120255,0.0011656136484816668,-0.001787926070392132,0.04433220291440233,0.0011687010788696457,-0.0017923119500391793
9.779999999999836,1.7755342721939087,2.6443000435829163,1.938549280166626,-0.9576441801706213,1.1649044368604988,0.13247148760744054,0.001727796141561881,-0.08454969077283686,-2.0608293734574766e-05,0.044180843979120255,0.0011656136484816668,-0.001787926070392132,0.04433220291440233,0.0011687010788696457,-0.0017923119500391793
9.789999999999836,1.7755342721939087,2.6443000435829163,1.938549280166626,-0.9576441801706213,1.1649044368604988,0.13247148760744054,0.001727796141561881,-0.08454969077283686,-2.0608293734574766e-05,0.044180843979120255,0.0011656136484816668,-0.001787926070392132,0.04433220291440233,0.0011687010788696457,-0.0017923119500391793
9.799999999999836,1.7445924282073975,2.680417835712433,1.938561201095581,-0.9811321733921512,1.1475468331032135,0.13480270507647302,0.0027244619791720005,-0.08451383284526522,2.578473613064283e-05,0.049482062458992004,0.0008076676749624315,0.002914504846557975,0.049234972861950235,0.0007997242296103563,0.002927141950662716
9.809999999999835,1.7445924282073975,2.680417835712433,1.938561201095581,-0.9811321733921512,1.1475468331032135,0.13480270507647302,0.0027244619791720005,-0.08451383284526522,2.578473613064283e-05,0.049482062458992004,0.0008076676749624315,0.002914504846557975,0.049234972861950235,0.0007997242296103563,0.002927141950662716
9.819999999999835,1.7445924282073975,2.680417835712433,1.938561201095581,-0.9811321733921512,1.1475468331032135,0.13480270507647302,0.0027244619791720005,-0.08451383284526522,2.578473613064283e-05,0.049482062458992004,0.0008076676749624315,0.002914504846557975,0.049234972861950235,0.0007997242296103563,0.002927141950662716
9.829999999999835,1.7169204950332642,2.711509734392166,1.938484787940979,-1.0011805207381035,1.1325865359974658,0.13348263368312838,0.004827825976905219,-0.08412753900309031,7.994411210048537e-05,0.05690508708357811,0.012080606073141098,-0.001013692002743484,0.05698564909387915,0.012085359196185525,-0.0009587480938794152
9.839999999999835,1.7169204950332642,2.711509734392166,1.938484787940979,-1.0011805207381035,1.1325865359974658,0.13348263368312838,0.004827825976905219,-0.08412753900309031,7.994411210048537e-05,0.05690508708357811,0.012080606073141098,-0.001013692002743484,0.05698564909387915,0.012085359196185525,-0.0009587480938794152
9.849999999999834,1.7169204950332642,2.711509734392166,1.938484787940979,-1.0011805207381035,1.1325865359974658,0.13348263368312838,0.004827825976905219,-0.08412753900309031,7.994411210048537e-05,0.05690508708357811,0.012080606073141098,-0.001013692002743484,0.05698564909387915,0.012085359196185525,-0.0009587480938794152
9.859999999999834,1.7169204950332642,2.711509734392166,1.938484787940979,-1.0011805207381035,1.1325865359974658,0.13348263368312838,0.004827825976905219,-0.08412753900309031,7.994411210048537e-05,0.05690508708357811,0.012080606073141098,-0.001013692002743484,0.05698564909387915,0.012085359196185525,-0.0009587480938794152
9.869999999999834,1.6763705015182495,2.7553466707468033,1.9385970830917358,-1.029396341758833,1.110230652570273,0.13324806162947794,0.00692224881454466,-0.0836115464181503,7.92966972065363e-05,0.049808599054813385,0.012093639932572842,-0.006023024674504997,0.05030634232690226,0.012135042727504803,-0.005959986528085364
9.879999999999834,1.6763705015182495,2.7553466707468033,1.9385970830917358,-1.029396341758833,1.110230652570273,0.13324806162947794,0.00692224881454466,-0.0836115464181503,7.92966972065363e-05,0.049808599054813385,0.012093639932572842,-0.006023024674504997,0.05030634232690226,0.012135042727504803,-0.005959986528085364
9.889999999999834,1.6763705015182495,2.7553466707468033,1.9385970830917358,-1.029396341758833,1.110230652570273,0.13324806162947794,0.00692224881454466,-0.0836115464181503,7.92966972065363e-05,0.049808599054813385,0.012093639932572842,-0.006023024674504997,0.05030634232690226,0.012135042727504803,-0.005959986528085364
9.899999999999833,1.6430805921554565,2.7898821979761124,1.9388759136199951,-1.0517480341773353,1.091870749008773,0.1352562928329558,0.007915411688388493,-0.08327572461881402,8.388060091398615e-05,0.05079980939626694,0.01778789982199669,0.0012103804619982817,0.0506870314451014,0.017777762026048697,0.0013558381730970437
9.909999999999833,1.6430805921554565,2.7898821979761124,1.9388759136199951,-1.0517480341773353,1.091870749008773,0.1352562928329558,0.007915411688388493,-0.08327572461881402,8.388060091398615e-05,0.05079980939626694,0.01778789982199669,0.0012103804619982817,0.0506870314451014,0.017777762026048697,0.0013558381730970437
9.919999999999833,1.6430805921554565,2.7898821979761124,1.9388759136199951,-1.0517480341773353,1.091870749008773,0.1352562928329558,0.007915411688388493,-0.08327572461881402,8.388060091398615e-05,0.05079980939626694,0.01778789982199669,0.0012103804619982817,0.0506870314451014,0.017777762026048697,0.0013558381730970437
9.929999999999833,1.6133882999420166,2.819577142596245,1.9389064311981201,-1.07025832892089,1.0761008916729782,0.13361423110063697,0.010007866985267106,-0.08244512921235149,0.00011289995711070883,0.059706419706344604,0.024254076182842255,-0.0010810380335897238,0.0597756868740387,0.024263680284604173,-0.0008411133694187202
9.939999999999833,1.6133882999420166,2.819577142596245,1.9389064311981201,-1.07025832892089,1.0761008916729782,0.13361423110063697,0.010007866985267106,-0.08244512921235149,0.00011289995711070883,0.059706419706344604,0.024254076182842255,-0.0010810380335897238,0.0597756868740387,0.024263680284604173,-0.0008411133694187202
9.949999999999832,1.6133882999420166,2.819577142596245,1.9389064311981201,-1.07025832892089,1.0761008916729782,0.13361423110063697,0.010007866985267106,-0.08244512921235149,0.00011289995711070883,0.059706419706344604,0.024254076182842255,-0.0010810380335897238,0.0597756868740387,0.024263680284604173,-0.0008411133694187202
9.959999999999832,1.6133882999420166,2.819577142596245,1.9389064311981201,-1.07025832892089,1.0761008916729782,0.13361423110063697,0.010007866985267106,-0.08244512921235149,0.00011289995711070883,0.059706419706344604,0.024254076182842255,-0.0010810380335897238,0.0597756868740387,0.024263680284604173,-0.0008411133694187202
9.969999999999832,1.5700056552886963,2.8612979501485825,1.93918776512146,-1.097761378000804,1.0519387970899796,0.13098381984054194,0.012721714308745979,-0.08143700404351824,7.149539161429795e-05,0.06896521151065826,0.02440796047449112,-0.0038003670051693947,0.06925002045307277,0.024454331263594784,-0.003501160162339235
9.979999999999832,1.5700056552886963,2.8612979501485825,1.93918776512146,-1.097761378000804,1.0519387970899796,0.13098381984054194,0.012721714308745979,-0.08143700404351824,7.149539161429795e-05,0.06896521151065826,0.02440796047449112,-0.0038003670051693947,0.06925002045307277,0.024454331263594784,-0.003501160162339235
9.989999999999831,1.5700056552886963,2.8612979501485825,1.93918776512146,-1.097761378000804,1.0519387970899796,0.13098381984054194,0.012721714308745979,-0.08143700404351824,7.149539161429795e-05,0.06896521151065826,0.02440796047449112,-0.0038003670051693947,0.06925002045307277,0.024454331263594784,-0.003501160162339235
9.999999999999831,1.5344866514205933,2.8940629959106445,1.9395325183868408,-1.118908756239015,1.0320950726099598,0.13054041923023096,0.01429489752464453,-0.08098516463407136,5.407997331057966e-05,0.0621529184281826,0.018086979165673256,-0.0011073781643062852,0.06222180300586513,0.018100960531707455,-0.0008515131548557399
10.009999999999831,1.5344866514205933,2.8940629959106445,1.9395325183868408,-1.118908756239015,1.0320950726099598,0.13054041923023096,0.01429489752464453,-0.08098516463407136,5.407997331057966e-05,0.0621529184281826,0.018086979165673256,-0.0011073781643062852,0.06222180300586513,0.018100960531707455,-0.0008515131548557399
10.01999999999983,1.5344866514205933,2.8940629959106445,1.9395325183868408,-1.118908756239015,1.0320950726099598,0.13054041923023096,0.01429489752464453,-0.08098516463407136,5.407997331057966e-05,0.0621529184281826,0.018086979165673256,-0.0011073781643062852,0.06222180300586513,0.018100960531707455,-0.0008515131548557399
10.02999999999983,1.503122329711914,2.9220094233751297,1.939289927482605,-1.1367011558258138,1.0146909160653295,0.12900377939790136,0.016978329336174873,-0.0798867578106391,0.00017546797078146675,0.07389838248491287,0.0338059738278389,0.0023165140300989108,0.07366700763287366,0.03376177277934545,0.00289936834813703
10.03999999999983,1.503122329711914,2.9220094233751297,1.939289927482605,-1.1367011558258138,1.0146909160653295,0.12900377939790136,0.016978329336174873,-0.0798867578106391,0.00017546797078146675,0.07389838248491287,0.0338059738278389,0.0023165140300989108,0.07366700763287366,0.03376177277934545,0.00289936834813703
10.04999999999983,1.503122329711914,2.9220094233751297,1.939289927482605,-1.1367011558258138,1.0146909160653295,0.12900377939790136,0.016978329336174873,-0.0798867578106391,0.00017546797078146675,0.07389838248491287,0.0338059738278389,0.0023165140300989108,0.07366700763287366,0.03376177277934545,0.00289936834813703
10.05999999999983,1.503122329711914,2.9220094233751297,1.939289927482605,-1.1367011558258138,1.0146909160653295,0.12900377939790136,0.016978329336174873,-0.0798867578106391,0.00017546797078146675,0.07389838248491287,0.0338059738278389,0.0023165140300989108,0.07366700763287366,0.03376177277934545,0.00289936834813703
10.06999999999983,1.4579609632492065,2.960766039788723,1.9380145072937012,-1.1614870293162312,0.9890293099724433,0.12661988129483498,0.019413249401892648,-0.07871514745165727,0.00013879739275256188,0.07244328409433365,0.028019839897751808,0.00014468116569332434,0.07238897051930669,0.028011751530334052,0.0006907146318204401
10.07999999999983,1.4579609632492065,2.960766039788723,1.9380145072937012,-1.1614870293162312,0.9890293099724433,0.12661988129483498,0.019413249401892648,-0.07871514745165727,0.00013879739275256188,0.07244328409433365,0.028019839897751808,0.00014468116569332434,0.07238897051930669,0.028011751530334052,0.0006907146318204401
10.08999999999983,1.4579609632492065,2.960766039788723,1.9380145072937012,-1.1614870293162312,0.9890293099724433,0.12661988129483498,0.019413249401892648,-0.07871514745165727,0.00013879739275256188,0.07244328409433365,0.028019839897751808,0.00014468116569332434,0.07238897051930669,0.028011751530334052,0.0006907146318204401
10.09999999999983,1.4210046529769897,2.991149578243494,1.9374111890792847,-1.1803371119646031,0.9668263336119355,0.12681508105960795,0.020999176950817485,-0.07796684321559563,0.00020948204924649044,0.06246478110551834,0.031295858323574066,0.003978335298597809,0.06210270222723087,0.031205422754078616,0.004648719373184881
10.109999999999829,1.4210046529769897,2.991149578243494,1.9374111890792847,-1.1803371119646031,0.9668263336119355,0.12681508105960795,0.020999176950817485,-0.07796684321559563,0.00020948204924649044,0.06246478110551834,0.031295858323574066,0.003978335298597809,0.06210270222723087,0.031205422754078616,0.004648719373184881
10.119999999999829,1.4210046529769897,2.991149578243494,1.9374111890792847,-1.1803371119646031,0.9668263336119355,0.12681508105960795,0.020999176950817485,-0.07796684321559563,0.00020948204924649044,0.06246478110551834,0.031295858323574066,0.003978335298597809,0.06210270222723087,0.031205422754078616,0.004648719373184881
10.129999999999828,1.3882155418395996,3.0171143114566803,1.9366532564163208,-1.1966623331828328,0.9485960758110288,0.12433191499110198,0.023556421513466142,-0.07676704375232338,0.0002656850231533339,0.06261993199586868,0.033401019871234894,0.0007239711121655959,0.06250374659281072,0.03337470051190219,0.0015149677879739184
10.139999999999828,1.3882155418395996,3.0171143114566803,1.9366532564163208,-1.1966623331828328,0.9485960758110288,0.12433191499110198,0.023556421513466142,-0.07676704375232338,0.0002656850231533339,0.06261993199586868,0.033401019871234894,0.0007239711121655959,0.06250374659281072,0.03337470051190219,0.0015149677879739184
10.149999999999828,1.3882155418395996,3.0171143114566803,1.9366532564163208,-1.1966623331828328,0.9485960758110288,0.12433191499110198,0.023556421513466142,-0.07676704375232338,0.0002656850231533339,0.06261993199586868,0.033401019871234894,0.0007239711121655959,0.06250374659281072,0.03337470051190219,0.0015149677879739184
10.159999999999828,1.3882155418395996,3.0171143114566803,1.9366532564163208,-1.1966623331828328,0.9485960758110288,0.12433191499110198,0.023556421513466142,-0.07676704375232338,0.0002656850231533339,0.06261993199586868,0.033401019871234894,0.0007239711121655959,0.06250374659281072,0.03337470051190219,0.0015149677879739184
10.169999999999828,1.3404362201690674,3.053435981273651,1.9361764192581177,-1.2189090080697098,0.920391443789687,0.12433778574179975,0.025964066109797523,-0.07578422329870127,0.00024815967707453215,0.0640338882803917,0.021908599883317947,-0.001625503995455804,0.06411408392822612,0.02194341559748024,-0.0010592239351311483
10.179999999999827,1.3404362201690674,3.053435981273651,1.9361764192581177,-1.2189090080697098,0.920391443789687,0.12433778574179975,0.025964066109797523,-0.07578422329870127,0.00024815967707453215,0.0640338882803917,0.021908599883317947,-0.001625503995455804,0.06411408392822612,0.02194341559748024,-0.0010592239351311483
10.189999999999827,1.3404362201690674,3.053435981273651,1.9361764192581177,-1.2189090080697098,0.920391443789687,0.12433778574179975,0.025964066109797523,-0.07578422329870127,0.00024815967707453215,0.0640338882803917,0.021908599883317947,-0.001625503995455804,0.06411408392822612,0.02194341559748024,-0.0010592239351311483
10.199999999999827,1.3014698028564453,3.0817654728889465,1.9362175464630127,-1.2373182353354837,0.8972751068221836,0.12690644649079827,0.02700584401082874,-0.07535864216567713,0.0001737502722135954,0.04618798941373825,0.02137373574078083,-0.00572999054566026,0.046576879798477085,0.02152066653700129,-0.005165415637160597
10.209999999999827,1.3014698028564453,3.0817654728889465,1.9362175464630127,-1.2373182353354837,0.8972751068221836,0.12690644649079827,0.02700584401082874,-0.07535864216567713,0.0001737502722135954,0.04618798941373825,0.02137373574078083,-0.00572999054566026,0.046576879798477085,0.02152066653700129,-0.005165415637160597
10.219999999999827,1.3014698028564453,3.0817654728889465,1.9362175464630127,-1.2373182353354837,0.8972751068221836,0.12690644649079827,0.02700584401082874,-0.07535864216567713,0.0001737502722135954,0.04618798941373825,0.02137373574078083,-0.00572999054566026,0.046576879798477085,0.02152066653700129,-0.005165415637160597
10.229999999999826,1.2669134140014648,3.105932906270027,1.93626070022583,-1.2539360895166949,0.877840359144722,0.12616633630504015,0.029241478669257567,-0.07441541979549407,0.00019159125512050517,0.053299445658922195,0.02056274563074112,0.0033672738354653094,0.05300369104850192,0.020455504990159547,0.003978043155210252
10.239999999999826,1.2669134140014648,3.105932906270027,1.93626070022583,-1.2539360895166949,0.877840359144722,0.12616633630504015,0.029241478669257567,-0.07441541979549407,0.00019159125512050517,0.053299445658922195,0.02056274563074112,0.0033672738354653094,0.05300369104850192,0.020455504990159547,0.003978043155210252
10.249999999999826,1.2669134140014648,3.105932906270027,1.93626070022583,-1.2539360895166949,0.877840359144722,0.12616633630504015,0.029241478669257567,-0.07441541979549407,0.00019159125512050517,0.053299445658922195,0.02056274563074112,0.0033672738354653094,0.05300369104850192,0.020455504990159547,0.003978043155210252
10.259999999999826,1.2669134140014648,3.105932906270027,1.93626070022583,-1.2539360895166949,0.877840359144722,0.12616633630504015,0.029241478669257567,-0.07441541979549407,0.00019159125512050517,0.053299445658922195,0.02056274563074112,0.0033672738354653094,0.05300369104850192,0.020455504990159547,0.003978043155210252
10.269999999999825,1.2166756391525269,3.1396061033010483,1.9367486238479614,-1.275103108715287,0.8481125807933146,0.12664505020317837,0.031215972663570953,-0.0735663757320866,0.00032191571193438713,0.05458584427833557,0.021227946504950523,0.0041029620915651295,0.054234776806337745,0.02108954754420647,0.004776425807275911
10.279999999999825,1.2166756391525269,3.1396061033010483,1.9367486238479614,-1.275103108715287,0.8481125807933146,0.12664505020317837,0.031215972663570953,-0.0735663757320866,0.00032191571193438713,0.05458584427833557,0.021227946504950523,0.0041029620915651295,0.054234776806337745,0.02108954754420647,0.004776425807275911
10.289999999999825,1.2166756391525269,3.1396061033010483,1.9367486238479614,-1.275103108715287,0.8481125807933146,0.12664505020317837,0.031215972663570953,-0.0735663757320866,0.00032191571193438713,0.05458584427833557,0.021227946504950523,0.0041029620915651295,0.054234776806337745,0.02108954754420647,0.004776425807275911
10.299999999999825,1.1757932901382446,3.165744721889496,1.9373074769973755,-1.2921413308797352,0.824677789117725,0.12686324070323274,0.032490801487345934,-0.07295487616865622,0.000282912514273364,0.06272641569375992,0.034845057874917984,-0.0019571520388126417,0.06278665013842728,0.03489024561306829,-0.0008263725900015692
10.309999999999825,1.1757932901382446,3.165744721889496,1.9373074769973755,-1.2921413308797352,0.824677789117725,0.12686324070323274,0.032490801487345934,-0.07295487616865622,0.000282912514273364,0.06272641569375992,0.034845057874917984,-0.0019571520388126417,0.06278665013842728,0.03489024561306829,-0.0008263725900015692
10.319999999999824,1.1757932901382446,3.165744721889496,1.9373074769973755,-1.2921413308797352,0.824677789117725,0.12686324070323274,0.032490801487345934,-0.07295487616865622,0.000282912514273364,0.06272641569375992,0.034845057874917984,-0.0019571520388126417,0.06278665013842728,0.03489024561306829,-0.0008263725900015692
10.329999999999824,1.1396265029907227,3.1879734098911285,1.9375466108322144,-1.304894321333987,0.804206210131725,0.1237038085728184,0.034930927854536,-0.07138687605045975,0.0004255716001240139,0.05345560610294342,0.04569780081510544,0.0015821676934137884,0.0532284136189861,0.04561466876623791,0.00318525724523158
10.339999999999824,1.1396265029907227,3.1879734098911285,1.9375466108322144,-1.304894321333987,0.804206210131725,0.1237038085728184,0.034930927854536,-0.07138687605045975,0.0004255716001240139,0.05345560610294342,0.04569780081510544,0.0015821676934137884,0.0532284136189861,0.04561466876623791,0.00318525724523158
10.349999999999824,1.1396265029907227,3.1879734098911285,1.9375466108322144,-1.304894321333987,0.804206210131725,0.1237038085728184,0.034930927854536,-0.07138687605045975,0.0004255716001240139,0.05345560610294342,0.04569780081510544,0.0015821676934137884,0.0532284136189861,0.04561466876623791,0.00318525724523158
10.359999999999824,1.1396265029907227,3.1879734098911285,1.9375466108322144,-1.304894321333987,0.804206210131725,0.1237038085728184,0.034930927854536,-0.07138687605045975,0.0004255716001240139,0.05345560610294342,0.04569780081510544,0.0015821676934137884,0.0532284136189861,0.04561466876623791,0.00318525724523158
10.369999999999823,1.0872642993927002,3.218798041343689,1.9379786252975464,-1.3228322728907413,0.7738264162754446,0.12247610323067126,0.036754407428962695,-0.07000112121196266,0.00046572838319684995,0.05167568847537041,0.03713444620370865,-0.006121939513832335,0.05200896639057392,0.03733432441926026,-0.004764927343973155
10.379999999999823,1.0872642993927002,3.218798041343689,1.9379786252975464,-1.3228322728907413,0.7738264162754446,0.12247610323067126,0.036754407428962695,-0.07000112121196266,0.00046572838319684995,0.05167568847537041,0.03713444620370865,-0.006121939513832335,0.05200896639057392,0.03733432441926026,-0.004764927343973155
10.389999999999823,1.0872642993927002,3.218798041343689,1.9379786252975464,-1.3228322728907413,0.7738264162754446,0.12247610323067126,0.036754407428962695,-0.07000112121196266,0.00046572838319684995,0.05167568847537041,0.03713444620370865,-0.006121939513832335,0.05200896639057392,0.03733432441926026,-0.004764927343973155
10.399999999999823,1.044802188873291,3.2426352500915527,1.9384078979492188,-1.337010520500062,0.7498337923985782,0.12170019201621349,0.038135618925969034,-0.0690902447165237,0.0004872907972461099,0.061617411673069,0.037856634706258774,0.0013340645236894443,0.06142528158044511,0.03777824706338551,0.0027830706471053145
10.409999999999823,1.044802188873291,3.2426352500915527,1.9384078979492188,-1.337010520500062,0.7498337923985782,0.12170019201621349,0.038135618925969034,-0.0690902447165237,0.0004872907972461099,0.061617411673069,0.037856634706258774,0.0013340645236894443,0.06142528158044511,0.03777824706338551,0.0027830706471053145
10.419999999999822,1.044802188873291,3.2426352500915527,1.9384078979492188,-1.337010520500062,0.7498337923985782,0.12170019201621349,0.038135618925969034,-0.0690902447165237,0.0004872907972461099,0.061617411673069,0.037856634706258774,0.0013340645236894443,0.06142528158044511,0.03777824706338551,0.0027830706471053145
10.429999999999822,1.0078530311584473,3.262703627347946,1.9383608102798462,-1.3506581102896005,0.728068371273974,0.11990504459249823,0.04000505062989852,-0.06808029675099184,0.00037768063685111327,0.048670727759599686,0.027182824909687042,-0.004362245555967096,0.04889380367781962,0.027335541368412358,-0.003279191565365397
10.439999999999822,1.0078530311584473,3.262703627347946,1.9383608102798462,-1.3506581102896005,0.728068371273974,0.11990504459249823,0.04000505062989852,-0.06808029675099184,0.00037768063685111327,0.048670727759599686,0.027182824909687042,-0.004362245555967096,0.04889380367781962,0.027335541368412358,-0.003279191565365397
10.449999999999822,1.0078530311584473,3.262703627347946,1.9383608102798462,-1.3506581102896005,0.728068371273974,0.11990504459249823,0.04000505062989852,-0.06808029675099184,0.00037768063685111327,0.048670727759599686,0.027182824909687042,-0.004362245555967096,0.04889380367781962,0.027335541368412358,-0.003279191565365397
10.459999999999821,1.0078530311584473,3.262703627347946,1.9383608102798462,-1.3506581102896005,0.728068371273974,0.11990504459249823,0.04000505062989852,-0.06808029675099184,0.00037768063685111327,0.048670727759599686,0.027182824909687042,-0.004362245555967096,0.04889380367781962,0.027335541368412358,-0.003279191565365397
10.469999999999821,0.9557117819786072,3.290018618106842,1.9377567768096924,-1.3669443975621547,0.6958491528448814,0.1189120322073422,0.04237409873352176,-0.06697056938220745,0.00034001159942780376,0.05969427898526192,0.022131290286779404,-0.00023897457867861065,0.05964741302616279,0.02212154748511835,0.0007003227032785388
10.479999999999821,0.9557117819786072,3.290018618106842,1.9377567768096924,-1.3669443975621547,0.6958491528448814,0.1189120322073422,0.04237409873352176,-0.06697056938220745,0.00034001159942780376,0.05969427898526192,0.022131290286779404,-0.00023897457867861065,0.05964741302616279,0.02212154748511835,0.0007003227032785388
10.48999999999982,0.9557117819786072,3.290018618106842,1.9377567768096924,-1.3669443975621547,0.6958491528448814,0.1189120322073422,0.04237409873352176,-0.06697056938220745,0.00034001159942780376,0.05969427898526192,0.022131290286779404,-0.00023897457867861065,0.05964741302616279,0.02212154748511835,0.0007003227032785388
10.49999999999982,0.9132144451141357,3.311049461364746,1.9376392364501953,-1.3805715382877632,0.6702103425584436,0.11803221337018027,0.043671026977695926,-0.06624034149791737,0.00032727858076419717,0.05162421241402626,0.03148064762353897,-0.001484605250880126,0.0516314322128455,0.03151544673004925,-0.0001090737332888755
10.50999999999982,0.9132144451141357,3.311049461364746,1.9376392364501953,-1.3805715382877632,0.6702103425584436,0.11803221337018027,0.043671026977695926,-0.06624034149791737,0.00032727858076419717,0.05162421241402626,0.03148064762353897,-0.001484605250880126,0.0516314322128455,0.03151544673004925,-0.0001090737332888755
10.51999999999982,0.9132144451141357,3.311049461364746,1.9376392364501953,-1.3805715382877632,0.6702103425584436,0.11803221337018027,0.043671026977695926,-0.06624034149791737,0.00032727858076419717,0.05162421241402626,0.03148064762353897,-0.001484605250880126,0.0516314322128455,0.03151544673004925,-0.0001090737332888755
10.52999999999982,0.8757562041282654,3.328740358352661,1.9374747276306152,-1.391673741382483,0.6470583074057353,0.11725314959726903,0.04581434301580786,-0.06508237734077646,0.00036513363098376964,0.052910350263118744,0.028412889689207077,0.0017447584541514481,0.05271194691947171,0.02830316922797886,0.0030506487987875287
10.53999999999982,0.8757562041282654,3.328740358352661,1.9374747276306152,-1.391673741382483,0.6470583074057353,0.11725314959726903,0.04581434301580786,-0.06508237734077646,0.00036513363098376964,0.052910350263118744,0.028412889689207077,0.0017447584541514481,0.05271194691947171,0.02830316922797886,0.0030506487987875287
10.54999999999982,0.8757562041282654,3.328740358352661,1.9374747276306152,-1.391673741382483,0.6470583074057353,0.11725314959726903,0.04581434301580786,-0.06508237734077646,0.00036513363098376964,0.052910350263118744,0.028412889689207077,0.0017447584541514481,0.05271194691947171,0.02830316922797886,0.0030506487987875287
10.55999999999982,0.8757562041282654,3.328740358352661,1.9374747276306152,-1.391673741382483,0.6470583074057353,0.11725314959726903,0.04581434301580786,-0.06508237734077646,0.00036513363098376964,0.052910350263118744,0.028412889689207077,0.0017447584541514481,0.05271194691947171,0.02830316922797886,0.0030506487987875287
10.569999999999819,0.8213872313499451,3.353007674217224,1.9374059438705444,-1.4063242189283296,0.6139414278976983,0.11679792135812656,0.04760313077456144,-0.0639202792537087,0.0004554585400448854,0.04836862161755562,0.029651060700416565,0.0007885920931585097,0.048227891638432836,0.029579946255133955,0.0022031483426202506
10.579999999999819,0.8213872313499451,3.353007674217224,1.9374059438705444,-1.4063242189283296,0.6139414278976983,0.11679792135812656,0.04760313077456144,-0.0639202792537087,0.0004554585400448854,0.04836862161755562,0.029651060700416565,0.0007885920931585097,0.048227891638432836,0.029579946255133955,0.0022031483426202506
10.589999999999819,0.8213872313499451,3.353007674217224,1.9374059438705444,-1.4063242189283296,0.6139414278976983,0.11679792135812656,0.04760313077456144,-0.0639202792537087,0.0004554585400448854,0.04836862161755562,0.029651060700416565,0.0007885920931585097,0.048227891638432836,0.029579946255133955,0.0022031483426202506
10.599999999999818,0.7772175073623657,3.3715434968471527,1.9376236200332642,-1.4194774916015773,0.5873319039007353,0.11809037764698502,0.048822133168490794,-0.0633186574330867,0.0005202625775293956,0.051934290677309036,0.025396008044481277,0.001029899693094191,0.05179048746957622,0.025315485157903824,0.0022726215161567955
10.609999999999818,0.7772175073623657,3.3715434968471527,1.9376236200332642,-1.4194774916015773,0.5873319039007353,0.11809037764698502,0.048822133168490794,-0.0633186574330867,0.0005202625775293956,0.051934290677309036,0.025396008044481277,0.001029899693094191,0.05179048746957622,0.025315485157903824,0.0022726215161567955
10.619999999999818,0.7772175073623657,3.3715434968471527,1.9376236200332642,-1.4194774916015773,0.5873319039007353,0.11809037764698502,0.048822133168490794,-0.0633186574330867,0.0005202625775293956,0.051934290677309036,0.025396008044481277,0.001029899693094191,0.05179048746957622,0.025315485157903824,0.0022726215161567955
10.629999999999818,0.7383311986923218,3.38703989982605,1.9377421140670776,-1.4288046629081816,0.5646838122852252,0.11846847622253026,0.050500429592683485,-0.06224730106253923,0.0004646446115453748,0.03800562024116516,0.029465163126587868,0.00026967946905642385,0.037896128539254524,0.029413985564532407,0.001760115545846497
10.639999999999818,0.7383311986923218,3.38703989982605,1.9377421140670776,-1.4288046629081816,0.5646838122852252,0.11846847622253026,0.050500429592683485,-0.06224730106253923,0.0004646446115453748,0.03800562024116516,0.029465163126587868,0.00026967946905642385,0.037896128539254524,0.029413985564532407,0.001760115545846497
10.649999999999817,0.7383311986923218,3.38703989982605,1.9377421140670776,-1.4288046629081816,0.5646838122852252,0.11846847622253026,0.050500429592683485,-0.06224730106253923,0.0004646446115453748,0.03800562024116516,0.029465163126587868,0.00026967946905642385,0.037896128539254524,0.029413985564532407,0.001760115545846497
10.659999999999817,0.7383311986923218,3.38703989982605,1.9377421140670776,-1.4288046629081816,0.5646838122852252,0.11846847622253026,0.050500429592683485,-0.06224730106253923,0.0004646446115453748,0.03800562024116516,0.029465163126587868,0.00026967946905642385,0.037896128539254524,0.029413985564532407,0.001760115545846497
10.669999999999817,0.6820727586746216,3.408150851726532,1.9383267164230347,-1.4419575492641112,0.5319082822459922,0.11960599514348917,0.052210321245834954,-0.060863829705887884,0.0006570032835944181,0.045414045453071594,0.03444735333323479,0.000959389784839,0.04524611114551622,0.03435034637828532,0.0027608850116313055
10.679999999999817,0.6820727586746216,3.408150851726532,1.9383267164230347,-1.4419575492641112,0.5319082822459922,0.11960599514348917,0.052210321245834954,-0.060863829705887884,0.0006570032835944181,0.045414045453071594,0.03444735333323479,0.000959389784839,0.04524611114551622,0.03435034637828532,0.0027608850116313055
10.689999999999817,0.6820727586746216,3.408150851726532,1.9383267164230347,-1.4419575492641112,0.5319082822459922,0.11960599514348917,0.052210321245834954,-0.060863829705887884,0.0006570032835944181,0.045414045453071594,0.03444735333323479,0.000959389784839,0.04524611114551622,0.03435034637828532,0.0027608850116313055
10.699999999999816,0.6365057229995728,3.4241383373737335,1.9387836456298828,-1.4522794144058802,0.5047801705160074,0.1207455675802456,0.05289861655697794,-0.06029316935163324,0.0007062362145415947,0.04262326657772064,0.032545626163482666,-0.0018343955744057933,0.04262996807555984,0.03259709289840792,-0.00011121591255148014
10.709999999999816,0.6365057229995728,3.4241383373737335,1.9387836456298828,-1.4522794144058802,0.5047801705160074,0.1207455675802456,0.05289861655697794,-0.06029316935163324,0.0007062362145415947,0.04262326657772064,0.032545626163482666,-0.0018343955744057933,0.04262996807555984,0.03259709289840792,-0.00011121591255148014
10.719999999999816,0.6365057229995728,3.4241383373737335,1.9387836456298828,-1.4522794144058802,0.5047801705160074,0.1207455675802456,0.05289861655697794,-0.06029316935163324,0.0007062362145415947,0.04262326657772064,0.032545626163482666,-0.0018343955744057933,0.04262996807555984,0.03259709289840792,-0.00011121591255148014
10.729999999999816,0.5964162945747375,3.437399983406067,1.9391474723815918,-1.4616115165247192,0.48102104190918893,0.11884341712769655,0.05500013947264008,-0.05892429330239556,0.0006895493973671683,0.04697132110595703,0.03843669593334198,0.0015154698630794835,0.04675740595616698,0.03829526575240159,0.003632440477466617
10.739999999999815,0.5964162945747375,3.437399983406067,1.9391474723815918,-1.4616115165247192,0.48102104190918893,0.11884341712769655,0.05500013947264008,-0.05892429330239556,0.0006895493973671683,0.04697132110595703,0.03843669593334198,0.0015154698630794835,0.04675740595616698,0.03829526575240159,0.003632440477466617
10.749999999999815,0.5964162945747375,3.437399983406067,1.9391474723815918,-1.4616115165247192,0.48102104190918893,0.11884341712769655,0.05500013947264008,-0.05892429330239556,0.0006895493973671683,0.04697132110595703,0.03843669593334198,0.0015154698630794835,0.04675740595616698,0.03829526575240159,0.003632440477466617
10.759999999999815,0.5964162945747375,3.437399983406067,1.9391474723815918,-1.4616115165247192,0.48102104190918893,0.11884341712769655,0.05500013947264008,-0.05892429330239556,0.0006895493973671683,0.04697132110595703,0.03843669593334198,0.0015154698630794835,0.04675740595616698,0.03829526575240159,0.003632440477466617
10.769999999999815,0.5385119318962097,3.4552466571331024,1.9395923614501953,-1.4746404950339775,0.4471473516891035,0.11645608120913237,0.056741869628583456,-0.057501916048816576,0.0006947845484102177,0.049630627036094666,0.03582042455673218,-8.881674148142777e-05,0.049518791696015446,0.03576781251901179,0.001945969831786632
10.779999999999815,0.5385119318962097,3.4552466571331024,1.9395923614501953,-1.4746404950339775,0.4471473516891035,0.11645608120913237,0.056741869628583456,-0.057501916048816576,0.0006947845484102177,0.049630627036094666,0.03582042455673218,-8.881674148142777e-05,0.049518791696015446,0.03576781251901179,0.001945969831786632
10.789999999999814,0.5385119318962097,3.4552466571331024,1.9395923614501953,-1.4746404950339775,0.4471473516891035,0.11645608120913237,0.056741869628583456,-0.057501916048816576,0.0006947845484102177,0.049630627036094666,0.03582042455673218,-8.881674148142777e-05,0.049518791696015446,0.03576781251901179,0.001945969831786632
10.799999999999814,0.49169325828552246,3.4685837030410767,1.94017493724823,-1.4842598285780952,0.41900277510940004,0.11587884421410712,0.05766831659344153,-0.05671668291832078,0.0006282771993396299,0.04626061022281647,0.03897577524185181,-0.0066760838963091425,0.046511485585091744,0.039295768766033606,-0.0044256804479899945
10.809999999999814,0.49169325828552246,3.4685837030410767,1.94017493724823,-1.4842598285780952,0.41900277510940004,0.11587884421410712,0.05766831659344153,-0.05671668291832078,0.0006282771993396299,0.04626061022281647,0.03897577524185181,-0.0066760838963091425,0.046511485585091744,0.039295768766033606,-0.0044256804479899945
10.819999999999814,0.49169325828552246,3.4685837030410767,1.94017493724823,-1.4842598285780952,0.41900277510940004,0.11587884421410712,0.05766831659344153,-0.05671668291832078,0.0006282771993396299,0.04626061022281647,0.03897577524185181,-0.0066760838963091425,0.046511485585091744,0.039295768766033606,-0.0044256804479899945
10.829999999999814,0.45112136006355286,3.4792343080043793,1.9399898052215576,-1.4921933953709656,0.39571732768455237,0.11299159626942977,0.05964149361152142,-0.054799747604201865,0.0005738938548091771,0.04965319111943245,0.0521494522690773,-0.002279802225530154,0.0496075147919135,0.05219261936253351,0.0008339307866308853
10.839999999999813,0.45112136006355286,3.4792343080043793,1.9399898052215576,-1.4921933953709656,0.39571732768455237,0.11299159626942977,0.05964149361152142,-0.054799747604201865,0.0005738938548091771,0.04965319111943245,0.0521494522690773,-0.002279802225530154,0.0496075147919135,0.05219261936253351,0.0008339307866308853
10.849999999999813,0.45112136006355286,3.4792343080043793,1.9399898052215576,-1.4921933953709656,0.39571732768455237,0.11299159626942977,0.05964149361152142,-0.054799747604201865,0.0005738938548091771,0.04965319111943245,0.0521494522690773,-0.002279802225530154,0.0496075147919135,0.05219261936253351,0.0008339307866308853
10.859999999999813,0.45112136006355286,3.4792343080043793,1.9399898052215576,-1.4921933953709656,0.39571732768455237,0.11299159626942977,0.05964149361152142,-0.054799747604201865,0.0005738938548091771,0.04965319111943245,0.0521494522690773,-0.002279802225530154,0.0496075147919135,0.05219261936253351,0.0008339307866308853
10.869999999999813,0.39412593841552734,3.4926297664642334,1.9391518831253052,-1.499154777494524,0.3597910427356416,0.11059596949982228,0.06139571690349433,-0.05255530673730845,0.0006034245309342653,0.04813963547348976,0.0614817850291729,-0.0026951418258249833,0.048082703308533294,0.06153131188567229,0.0010837798366229703
10.879999999999812,0.39412593841552734,3.4926297664642334,1.9391518831253052,-1.499154777494524,0.3597910427356416,0.11059596949982228,0.06139571690349433,-0.05255530673730845,0.0006034245309342653,0.04813963547348976,0.0614817850291729,-0.0026951418258249833,0.048082703308533294,0.06153131188567229,0.0010837798366229703
10.889999999999812,0.39412593841552734,3.4926297664642334,1.9391518831253052,-1.499154777494524,0.3597910427356416,0.11059596949982228,0.06139571690349433,-0.05255530673730845,0.0006034245309342653,0.04813963547348976,0.0614817850291729,-0.0026951418258249833,0.048082703308533294,0.06153131188567229,0.0010837798366229703
10.899999999999812,0.3479447066783905,3.502493739128113,1.9386855363845825,-1.5055170788443468,0.331508817329079,0.11110271643702693,0.062337943515975436,-0.05145458064838898,0.0006219216110898747,0.04779406636953354,0.05273938179016113,-0.006674561649560934,0.04796793366318896,0.053052750863064164,-0.0033805355373988854
10.909999999999812,0.3479447066783905,3.502493739128113,1.9386855363845825,-1.5055170788443468,0.331508817329079,0.11110271643702693,0.062337943515975436,-0.05145458064838898,0.0006219216110898747,0.04779406636953354,0.05273938179016113,-0.006674561649560934,0.04796793366318896,0.053052750863064164,-0.0033805355373988854
10.919999999999812,0.3479447066783905,3.502493739128113,1.9386855363845825,-1.5055170788443468,0.331508817329079,0.11110271643702693,0.062337943515975436,-0.05145458064838898,0.0006219216110898747,0.04779406636953354,0.05273938179016113,-0.006674561649560934,0.04796793366318896,0.053052750863064164,-0.0033805355373988854
10.929999999999811,0.3074440658092499,3.5103290677070618,1.938249945640564,-1.5111442274108893,0.306349443725434,0.11084845371807053,0.06440556281402844,-0.04945961169484879,0.0005586617424071781,0.04822881519794464,0.033956944942474365,-0.008284281939268116,0.04852985435839332,0.03441972632808979,-0.006089047639084923
10.939999999999811,0.3074440658092499,3.5103290677070618,1.938249945640564,-1.5111442274108893,0.306349443725434,0.11084845371807053,0.06440556281402844,-0.04945961169484879,0.0005586617424071781,0.04822881519794464,0.033956944942474365,-0.008284281939268116,0.04852985435839332,0.03441972632808979,-0.006089047639084923
10.949999999999811,0.3074440658092499,3.5103290677070618,1.938249945640564,-1.5111442274108893,0.306349443725434,0.11084845371807053,0.06440556281402844,-0.04945961169484879,0.0005586617424071781,0.04822881519794464,0.033956944942474365,-0.008284281939268116,0.04852985435839332,0.03441972632808979,-0.006089047639084923
10.95999999999981,0.3074440658092499,3.5103290677070618,1.938249945640564,-1.5111442274108893,0.306349443725434,0.11084845371807053,0.06440556281402844,-0.04945961169484879,0.0005586617424071781,0.04822881519794464,0.033956944942474365,-0.008284281939268116,0.04852985435839332,0.03441972632808979,-0.006089047639084923
10.96999999999981,0.24892425537109375,3.5204880833625793,1.9381529092788696,-1.5182523406542188,0.27090047384822163,0.11287396017621763,0.06589526985904869,-0.04810137603513896,0.0007224049523682241,0.03334595635533333,0.02764739654958248,0.00475041568279266,0.03303013787923678,0.027274589755692878,0.006568217421620922
10.97999999999981,0.24892425537109375,3.5204880833625793,1.9381529092788696,-1.5182523406542188,0.27090047384822163,0.11287396017621763,0.06589526985904869,-0.04810137603513896,0.0007224049523682241,0.03334595635533333,0.02764739654958248,0.00475041568279266,0.03303013787923678,0.027274589755692878,0.006568217421620922
10.98999999999981,0.24892425537109375,3.5204880833625793,1.9381529092788696,-1.5182523406542188,0.27090047384822163,0.11287396017621763,0.06589526985904869,-0.04810137603513896,0.0007224049523682241,0.03334595635533333,0.02764739654958248,0.00475041568279266,0.03303013787923678,0.027274589755692878,0.006568217421620922
10.99999999999981,0.20161552727222443,3.5277143716812134,1.9382890462875366,-1.5245293161491427,0.2424019925748901,0.11464993357004914,0.06655844448117083,-0.04747007901190169,0.0007922631852725906,0.03287949040532112,0.03232183679938316,0.0011544813169166407,0.03272264402207536,0.03217348616923576,0.0033053516761461423
11.00999999999981,0.20161552727222443,3.5277143716812134,1.9382890462875366,-1.5245293161491427,0.2424019925748901,0.11464993357004914,0.06655844448117083,-0.04747007901190169,0.0007922631852725906,0.03287949040532112,0.03232183679938316,0.0011544813169166407,0.03272264402207536,0.03217348616923576,0.0033053516761461423
11.01999999999981,0.20161552727222443,3.5277143716812134,1.9382890462875366,-1.5245293161491427,0.2424019925748901,0.11464993357004914,0.06655844448117083,-0.04747007901190169,0.0007922631852725906,0.03287949040532112,0.03232183679938316,0.0011544813169166407,0.03272264402207536,0.03217348616923576,0.0033053516761461423
11.02999999999981,0.16014797985553741,3.533224940299988,1.9382966756820679,-1.5287290499295654,0.21534025245094465,0.11319727167121119,0.06781255893558943,-0.04595358935465572,0.0006846854246104941,0.031670451164245605,0.041434597223997116,-0.002094130963087087,0.03163741874543394,0.041481263900928,0.0007190743547710008
11.039999999999809,0.16014797985553741,3.533224940299988,1.9382966756820679,-1.5287290499295654,0.21534025245094465,0.11319727167121119,0.06781255893558943,-0.04595358935465572,0.0006846854246104941,0.031670451164245605,0.041434597223997116,-0.002094130963087087,0.03163741874543394,0.041481263900928,0.0007190743547710008
11.049999999999809,0.16014797985553741,3.533224940299988,1.9382966756820679,-1.5287290499295654,0.21534025245094465,0.11319727167121119,0.06781255893558943,-0.04595358935465572,0.0006846854246104941,0.031670451164245605,0.041434597223997116,-0.002094130963087087,0.03163741874543394,0.041481263900928,0.0007190743547710008
11.059999999999809,0.16014797985553741,3.533224940299988,1.9382966756820679,-1.5287290499295654,0.21534025245094465,0.11319727167121119,0.06781255893558943,-0.04595358935465572,0.0006846854246104941,0.031670451164245605,0.041434597223997116,-0.002094130963087087,0.03163741874543394,0.041481263900928,0.0007190743547710008
11.069999999999808,0.1003684550523758,3.5399668216705322,1.9386237859725952,-1.5358424373449957,0.1784315083372334,0.11369294100344882,0.06877732871801845,-0.044411597672406905,0.000675994322177266,0.02823629416525364,0.0364920049905777,-0.006841063965111975,0.0284281472171053,0.036875868808918855,-0.004321306699137616
11.079999999999808,0.1003684550523758,3.5399668216705322,1.9386237859725952,-1.5358424373449957,0.1784315083372334,0.11369294100344882,0.06877732871801845,-0.044411597672406905,0.000675994322177266,0.02823629416525364,0.0364920049905777,-0.006841063965111975,0.0284281472171053,0.036875868808918855,-0.004321306699137616
11.089999999999808,0.1003684550523758,3.5399668216705322,1.9386237859725952,-1.5358424373449957,0.1784315083372334,0.11369294100344882,0.06877732871801845,-0.044411597672406905,0.000675994322177266,0.02823629416525364,0.0364920049905777,-0.006841063965111975,0.0284281472171053,0.036875868808918855,-0.004321306699137616
11.099999999999808,0.05214214324951172,3.5443806648254395,1.9390910863876343,-1.5407869011610533,0.14864883999049813,0.11360826971150031,0.06944088344452577,-0.0433857636486288,0.0006724233260361566,0.028891675174236298,0.046234846115112305,0.00036323850508778724,0.028736674592412855,0.046098214512781545,0.003573734938917055
11.109999999999808,0.05214214324951172,3.5443806648254395,1.9390910863876343,-1.5407869011610533,0.14864883999049813,0.11360826971150031,0.06944088344452577,-0.0433857636486288,0.0006724233260361566,0.028891675174236298,0.046234846115112305,0.00036323850508778724,0.028736674592412855,0.046098214512781545,0.003573734938917055
11.119999999999807,0.05214214324951172,3.5443806648254395,1.9390910863876343,-1.5407869011610533,0.14864883999049813,0.11360826971150031,0.06944088344452577,-0.0433857636486288,0.0006724233260361566,0.028891675174236298,0.046234846115112305,0.00036323850508778724,0.028736674592412855,0.046098214512781545,0.003573734938917055
11.129999999999807,0.009900425560772419,3.54747998714447,1.9393689632415771,-1.5434633299341314,0.1245137732448265,0.11180247033220561,0.07004817275981232,-0.04121440868086674,0.0006998023461178182,0.017295977100729942,0.059251170605421066,0.0014961701817810464,0.017063414940077983,0.05900114649706622,0.005644337030676024
11.139999999999807,0.009900425560772419,3.54747998714447,1.9393689632415771,-1.5434633299341314,0.1245137732448265,0.11180247033220561,0.07004817275981232,-0.04121440868086674,0.0006998023461178182,0.017295977100729942,0.059251170605421066,0.0014961701817810464,0.017063414940077983,0.05900114649706622,0.005644337030676024
11.149999999999807,0.009900425560772419,3.54747998714447,1.9393689632415771,-1.5434633299341314,0.1245137732448265,0.11180247033220561,0.07004817275981232,-0.04121440868086674,0.0006998023461178182,0.017295977100729942,0.059251170605421066,0.0014961701817810464,0.017063414940077983,0.05900114649706622,0.005644337030676024
11.159999999999807,0.009900425560772419,3.54747998714447,1.9393689632415771,-1.5434633299341314,0.1245137732448265,0.11180247033220561,0.07004817275981232,-0.04121440868086674,0.0006998023461178182,0.017295977100729942,0.059251170605421066,0.0014961701817810464,0.017063414940077983,0.05900114649706622,0.005644337030676024
11.169999999999806,-0.05083831027150154,3.5507978200912476,1.9400335550308228,-1.548328190877346,0.08828709947175649,0.11074224818990955,0.07079507239341651,-0.03891158803003312,0.0009027007363712595,0.023337388411164284,0.0596059113740921,0.0003116724546998666,0.023161139976496454,0.059434556609278766,0.004530602015659874
11.179999999999806,-0.05083831027150154,3.5507978200912476,1.9400335550308228,-1.548328190877346,0.08828709947175649,0.11074224818990955,0.07079507239341651,-0.03891158803003312,0.0009027007363712595,0.023337388411164284,0.0596059113740921,0.0003116724546998666,0.023161139976496454,0.059434556609278766,0.004530602015659874
11.189999999999806,-0.05083831027150154,3.5507978200912476,1.9400335550308228,-1.548328190877346,0.08828709947175649,0.11074224818990955,0.07079507239341651,-0.03891158803003312,0.0009027007363712595,0.023337388411164284,0.0596059113740921,0.0003116724546998666,0.023161139976496454,0.059434556609278766,0.004530602015659874
11.199999999999806,-0.09969927370548248,3.552484691143036,1.9405192136764526,-1.5508759394817773,0.059599711091627386,0.11125382336227033,0.07129891234255423,-0.03769498452729657,0.0008423886785349193,0.024894610047340393,0.061247095465660095,-0.007656095549464234,0.025018062731835905,0.06163689443981767,-0.0032758184354889333
11.209999999999805,-0.09969927370548248,3.552484691143036,1.9405192136764526,-1.5508759394817773,0.059599711091627386,0.11125382336227033,0.07129891234255423,-0.03769498452729657,0.0008423886785349193,0.024894610047340393,0.061247095465660095,-0.007656095549464234,0.025018062731835905,0.06163689443981767,-0.0032758184354889333
11.219999999999805,-0.09969927370548248,3.552484691143036,1.9405192136764526,-1.5508759394817773,0.059599711091627386,0.11125382336227033,0.07129891234255423,-0.03769498452729657,0.0008423886785349193,0.024894610047340393,0.061247095465660095,-0.007656095549464234,0.025018062731835905,0.06163689443981767,-0.0032758184354889333
11.229999999999805,-0.14155444502830505,3.552931845188141,1.9404387474060059,-1.5524864683604458,0.03411917400000441,0.10970759183178233,0.07241617712077265,-0.035460557357402445,0.0009149218809742672,0.029943522065877914,0.06484099477529526,0.000952964706812046,0.029743373207580297,0.06460210288193105,0.0056454502017260705
11.239999999999805,-0.14155444502830505,3.552931845188141,1.9404387474060059,-1.5524864683604458,0.03411917400000441,0.10970759183178233,0.07241617712077265,-0.035460557357402445,0.0009149218809742672,0.029943522065877914,0.06484099477529526,0.000952964706812046,0.029743373207580297,0.06460210288193105,0.0056454502017260705
11.249999999999805,-0.14155444502830505,3.552931845188141,1.9404387474060059,-1.5524864683604458,0.03411917400000441,0.10970759183178233,0.07241617712077265,-0.035460557357402445,0.0009149218809742672,0.029943522065877914,0.06484099477529526,0.000952964706812046,0.029743373207580297,0.06460210288193105,0.0056454502017260705
11.259999999999804,-0.14155444502830505,3.552931845188141,1.9404387474060059,-1.5524864683604458,0.03411917400000441,0.10970759183178233,0.07241617712077265,-0.035460557357402445,0.0009149218809742672,0.029943522065877914,0.06484099477529526,0.000952964706812046,0.029743373207580297,0.06460210288193105,0.0056454502017260705
11.269999999999804,-0.19948962330818176,3.551841914653778,1.9391794204711914,-1.5532523794307525,-0.0019062232693000912,0.10611920418247855,0.07359291887438842,-0.03275311458200124,0.0010012309680357992,0.031980834901332855,0.06548380106687546,-0.0074389148503542024,0.03206615401348615,0.06585351107831013,-0.002605381800566587
11.279999999999804,-0.19948962330818176,3.551841914653778,1.9391794204711914,-1.5532523794307525,-0.0019062232693000912,0.10611920418247855,0.07359291887438842,-0.03275311458200124,0.0010012309680357992,0.031980834901332855,0.06548380106687546,-0.0074389148503542024,0.03206615401348615,0.06585351107831013,-0.002605381800566587
11.289999999999804,-0.19948962330818176,3.551841914653778,1.9391794204711914,-1.5532523794307525,-0.0019062232693000912,0.10611920418247855,0.07359291887438842,-0.03275311458200124,0.0010012309680357992,0.031980834901332855,0.06548380106687546,-0.0074389148503542024,0.03206615401348615,0.06585351107831013,-0.002605381800566587
11.299999999999804,-0.24638085067272186,3.550098419189453,1.9385522603988647,-1.5534468930153473,-0.03159678435956475,0.10597765209140662,0.07447051151752257,-0.031249996087031856,0.0009952759681685752,0.03448191657662392,0.06123277544975281,-0.005941354203969248,0.03452471376831856,0.06150510662966589,-0.0013697332331221552
11.309999999999803,-0.24638085067272186,3.550098419189453,1.9385522603988647,-1.5534468930153473,-0.03159678435956475,0.10597765209140662,0.07447051151752257,-0.031249996087031856,0.0009952759681685752,0.03448191657662392,0.06123277544975281,-0.005941354203969248,0.03452471376831856,0.06150510662966589,-0.0013697332331221552
11.319999999999803,-0.24638085067272186,3.550098419189453,1.9385522603988647,-1.5534468930153473,-0.03159678435956475,0.10597765209140662,0.07447051151752257,-0.031249996087031856,0.0009952759681685752,0.03448191657662392,0.06123277544975281,-0.005941354203969248,0.03452471376831856,0.06150510662966589,-0.0013697332331221552
11.329999999999803,-0.2872731387615204,3.5477688312530518,1.9377532005310059,-1.5520937589217072,-0.056255672196892585,0.1036539831623339,0.07546593123732162,-0.028798455211045487,0.0009803980353611395,0.022025151178240776,0.06058281287550926,-0.008248455822467811,0.022130507171906948,0.06103226866135566,-0.003658896185692872
11.339999999999803,-0.2872731387615204,3.5477688312530518,1.9377532005310059,-1.5520937589217072,-0.056255672196892585,0.1036539831623339,0.07546593123732162,-0.028798455211045487,0.0009803980353611395,0.022025151178240776,0.06058281287550926,-0.008248455822467811,0.022130507171906948,0.06103226866135566,-0.003658896185692872
11.349999999999802,-0.2872731387615204,3.5477688312530518,1.9377532005310059,-1.5520937589217072,-0.056255672196892585,0.1036539831623339,0.07546593123732162,-0.028798455211045487,0.0009803980353611395,0.022025151178240776,0.06058281287550926,-0.008248455822467811,0.022130507171906948,0.06103226866135566,-0.003658896185692872
11.359999999999802,-0.2872731387615204,3.5477688312530518,1.9377532005310059,-1.5520937589217072,-0.056255672196892585,0.1036539831623339,0.07546593123732162,-0.028798455211045487,0.0009803980353611395,0.022025151178240776,0.06058281287550926,-0.008248455822467811,0.022130507171906948,0.06103226866135566,-0.003658896185692872
11.369999999999802,-0.3462235927581787,3.543456494808197,1.9371227025985718,-1.5496900005868814,-0.09172848363394202,0.10627380571006861,0.07628005854436175,-0.026844373335759314,0.0009323880812222073,0.018965110182762146,0.04675421491265297,-0.004396672826260334,0.018987152857247155,0.04695331102553436,-0.0008212269227499078
11.379999999999802,-0.3462235927581787,3.543456494808197,1.9371227025985718,-1.5496900005868814,-0.09172848363394202,0.10627380571006861,0.07628005854436175,-0.026844373335759314,0.0009323880812222073,0.018965110182762146,0.04675421491265297,-0.004396672826260334,0.018987152857247155,0.04695331102553436,-0.0008212269227499078
11.389999999999802,-0.3462235927581787,3.543456494808197,1.9371227025985718,-1.5496900005868814,-0.09172848363394202,0.10627380571006861,0.07628005854436175,-0.026844373335759314,0.0009323880812222073,0.018965110182762146,0.04675421491265297,-0.004396672826260334,0.018987152857247155,0.04695331102553436,-0.0008212269227499078
11.399999999999801,-0.39369678497314453,3.539082109928131,1.9368196725845337,-1.5475225249406312,-0.12089165680220354,0.10880012140812628,0.07673806581987211,-0.0259099525801843,0.001013911784887474,0.017300065606832504,0.03495843708515167,0.0004025130765512543,0.017220210382820983,0.034824699405757116,0.0030823738204124344
11.409999999999801,-0.39369678497314453,3.539082109928131,1.9368196725845337,-1.5475225249406312,-0.12089165680220354,0.10880012140812628,0.07673806581987211,-0.0259099525801843,0.001013911784887474,0.017300065606832504,0.03495843708515167,0.0004025130765512543,0.017220210382820983,0.034824699405757116,0.0030823738204124344
11.419999999999801,-0.39369678497314453,3.539082109928131,1.9368196725845337,-1.5475225249406312,-0.12089165680220354,0.10880012140812628,0.07673806581987211,-0.0259099525801843,0.001013911784887474,0.017300065606832504,0.03495843708515167,0.0004025130765512543,0.017220210382820983,0.034824699405757116,0.0030823738204124344
11.4299999999998,-0.4350893497467041,3.534471273422241,1.9364509582519531,-1.545676624631311,-0.14572985936384383,0.109277029395932,0.07786224737016623,-0.024567376921315588,0.0009871164541830626,0.03388547524809837,0.03187617287039757,-0.0047702481970191045,0.033941410504763465,0.03215064362217745,-0.0022770393403085958
11.4399999999998,-0.4350893497467041,3.534471273422241,1.9364509582519531,-1.545676624631311,-0.14572985936384383,0.109277029395932,0.07786224737016623,-0.024567376921315588,0.0009871164541830626,0.03388547524809837,0.03187617287039757,-0.0047702481970191045,0.033941410504763465,0.03215064362217745,-0.0022770393403085958
11.4499999999998,-0.4350893497467041,3.534471273422241,1.9364509582519531,-1.545676624631311,-0.14572985936384383,0.109277029395932,0.07786224737016623,-0.024567376921315588,0.0009871164541830626,0.03388547524809837,0.03187617287039757,-0.0047702481970191045,0.033941410504763465,0.03215064362217745,-0.0022770393403085958
11.4599999999998,-0.4350893497467041,3.534471273422241,1.9364509582519531,-1.545676624631311,-0.14572985936384383,0.109277029395932,0.07786224737016623,-0.024567376921315588,0.0009871164541830626,0.03388547524809837,0.03187617287039757,-0.0047702481970191045,0.033941410504763465,0.03215064362217745,-0.0022770393403085958
11.4699999999998,-0.4945646822452545,3.5268046855926514,1.9362186193466187,-1.5425395771473565,-0.18061077655953223,0.10876942274913631,0.07877671573919019,-0.022830765807932054,0.0010808575610217535,0.02238604798913002,0.04484179615974426,0.003348178463056678,0.022229250283610957,0.04443924335890268,0.006868421730005462
11.4799999999998,-0.4945646822452545,3.5268046855926514,1.9362186193466187,-1.5425395771473565,-0.18061077655953223,0.10876942274913631,0.07877671573919019,-0.022830765807932054,0.0010808575610217535,0.02238604798913002,0.04484179615974426,0.003348178463056678,0.022229250283610957,0.04443924335890268,0.006868421730005462
11.4899999999998,-0.4945646822452545,3.5268046855926514,1.9362186193466187,-1.5425395771473565,-0.18061077655953223,0.10876942274913631,0.07877671573919019,-0.022830765807932054,0.0010808575610217535,0.02238604798913002,0.04484179615974426,0.003348178463056678,0.022229250283610957,0.04443924335890268,0.006868421730005462
11.4999999999998,-0.5423591136932373,3.5197871923446655,1.9362860918045044,-1.540728268856643,-0.20846641697687388,0.10997961495788652,0.07929380744657223,-0.02211045987852211,0.001071559662862944,0.026162074878811836,0.032349541783332825,-0.005638928618282084,0.026229716920091888,0.03269455976807414,-0.0030595271809959247
11.509999999999799,-0.5423591136932373,3.5197871923446655,1.9362860918045044,-1.540728268856643,-0.20846641697687388,0.10997961495788652,0.07929380744657223,-0.02211045987852211,0.001071559662862944,0.026162074878811836,0.032349541783332825,-0.005638928618282084,0.026229716920091888,0.03269455976807414,-0.0030595271809959247
11.519999999999799,-0.5423591136932373,3.5197871923446655,1.9362860918045044,-1.540728268856643,-0.20846641697687388,0.10997961495788652,0.07929380744657223,-0.02211045987852211,0.001071559662862944,0.026162074878811836,0.032349541783332825,-0.005638928618282084,0.026229716920091888,0.03269455976807414,-0.0030595271809959247
11.529999999999799,-0.5840407609939575,3.5128742456436157,1.9361095428466797,-1.538215310824419,-0.23399898097677807,0.10912936407434085,0.08012196815230356,-0.020312464564419028,0.0010499444113717979,0.017886966466903687,0.04850490763783455,-0.0013177720829844533,0.017834784544301697,0.048454771122298075,0.002569137336988355
11.539999999999798,-0.5840407609939575,3.5128742456436157,1.9361095428466797,-1.538215310824419,-0.23399898097677807,0.10912936407434085,0.08012196815230356,-0.020312464564419028,0.0010499444113717979,0.017886966466903687,0.04850490763783455,-0.0013177720829844533,0.017834784544301697,0.048454771122298075,0.002569137336988355
11.549999999999798,-0.5840407609939575,3.5128742456436157,1.9361095428466797,-1.538215310824419,-0.23399898097677807,0.10912936407434085,0.08012196815230356,-0.020312464564419028,0.0010499444113717979,0.017886966466903687,0.04850490763783455,-0.0013177720829844533,0.017834784544301697,0.048454771122298075,0.002569137336988355
11.559999999999798,-0.5840407609939575,3.5128742456436157,1.9361095428466797,-1.538215310824419,-0.23399898097677807,0.10912936407434085,0.08012196815230356,-0.020312464564419028,0.0010499444113717979,0.017886966466903687,0.04850490763783455,-0.0013177720829844533,0.017834784544301697,0.048454771122298075,0.002569137336988355
11.569999999999798,-0.6438280344009399,3.5018736124038696,1.936215877532959,-1.5348556110533582,-0.269896342679607,0.10922951885771087,0.0808383443504436,-0.018325252084930937,0.0008657216504281613,0.023831035941839218,0.05448273569345474,-0.010370671749114997,0.023939850752611628,0.055142249846322454,-0.005938303101015726
11.579999999999798,-0.6438280344009399,3.5018736124038696,1.936215877532959,-1.5348556110533582,-0.269896342679607,0.10922951885771087,0.0808383443504436,-0.018325252084930937,0.0008657216504281613,0.023831035941839218,0.05448273569345474,-0.010370671749114997,0.023939850752611628,0.055142249846322454,-0.005938303101015726
11.589999999999797,-0.6438280344009399,3.5018736124038696,1.936215877532959,-1.5348556110533582,-0.269896342679607,0.10922951885771087,0.0808383443504436,-0.018325252084930937,0.0008657216504281613,0.023831035941839218,0.05448273569345474,-0.010370671749114997,0.023939850752611628,0.055142249846322454,-0.005938303101015726
11.599999999999797,-0.6917445659637451,3.492129534482956,1.9365347623825073,-1.5301305826142186,-0.29809776314208136,0.10898292104631202,0.08140511026978767,-0.01689746871954586,0.00086443171845533,0.02413698099553585,0.06075313687324524,-0.003462579101324089,0.024111817546177406,0.060833509231900354,0.0014892554192192278
11.609999999999797,-0.6917445659637451,3.492129534482956,1.9365347623825073,-1.5301305826142186,-0.29809776314208136,0.10898292104631202,0.08140511026978767,-0.01689746871954586,0.00086443171845533,0.02413698099553585,0.06075313687324524,-0.003462579101324089,0.024111817546177406,0.060833509231900354,0.0014892554192192278
11.619999999999797,-0.6917445659637451,3.492129534482956,1.9365347623825073,-1.5301305826142186,-0.29809776314208136,0.10898292104631202,0.08140511026978767,-0.01689746871954586,0.00086443171845533,0.02413698099553585,0.06075313687324524,-0.003462579101324089,0.024111817546177406,0.060833509231900354,0.0014892554192192278
11.629999999999797,-0.7326584458351135,3.482956141233444,1.9362820386886597,-1.524486566778037,-0.32236414969717747,0.10757259280046537,0.08210369158796221,-0.014663592574611412,0.0009590642625891656,0.02326619066298008,0.07149434834718704,-0.0029774699360132304,0.023223723068311435,0.07149769811705209,0.002896228628453194
11.639999999999796,-0.7326584458351135,3.482956141233444,1.9362820386886597,-1.524486566778037,-0.32236414969717747,0.10757259280046537,0.08210369158796221,-0.014663592574611412,0.0009590642625891656,0.02326619066298008,0.07149434834718704,-0.0029774699360132304,0.023223723068311435,0.07149769811705209,0.002896228628453194
11.649999999999796,-0.7326584458351135,3.482956141233444,1.9362820386886597,-1.524486566778037,-0.32236414969717747,0.10757259280046537,0.08210369158796221,-0.014663592574611412,0.0009590642625891656,0.02326619066298008,0.07149434834718704,-0.0029774699360132304,0.023223723068311435,0.07149769811705209,0.002896228628453194
11.659999999999796,-0.7326584458351135,3.482956141233444,1.9362820386886597,-1.524486566778037,-0.32236414969717747,0.10757259280046537,0.08210369158796221,-0.014663592574611412,0.0009590642625891656,0.02326619066298008,0.07149434834718704,-0.0029774699360132304,0.023223723068311435,0.07149769811705209,0.002896228628453194
11.669999999999796,-0.789201557636261,3.4689313173294067,1.9351563453674316,-1.5168569200772253,-0.35742006983466257,0.10538140192030943,0.08292942323817509,-0.011273624428599105,0.0011504391037089603,0.0180825162678957,0.07268811762332916,-0.003387723583728084,0.018052696317548276,0.0727189322870913,0.0026451636920144773
11.679999999999795,-0.789201557636261,3.4689313173294067,1.9351563453674316,-1.5168569200772253,-0.35742006983466257,0.10538140192030943,0.08292942323817509,-0.011273624428599105,0.0011504391037089603,0.0180825162678957,0.07268811762332916,-0.003387723583728084,0.018052696317548276,0.0727189322870913,0.0026451636920144773
11.689999999999795,-0.789201557636261,3.4689313173294067,1.9351563453674316,-1.5168569200772253,-0.35742006983466257,0.10538140192030943,0.08292942323817509,-0.011273624428599105,0.0011504391037089603,0.0180825162678957,0.07268811762332916,-0.003387723583728084,0.018052696317548276,0.0727189322870913,0.0026451636920144773
11.699999999999795,-0.834751546382904,3.456705003976822,1.9346498250961304,-1.5094031748404333,-0.3860338439710218,0.10778966995776501,0.0832191989573639,-0.010144740166027389,0.0011914215401759758,0.018251312896609306,0.06845246255397797,-0.0016187930013984526,0.018209953447990316,0.06835012699312831,0.004077005164622103
11.709999999999795,-0.834751546382904,3.456705003976822,1.9346498250961304,-1.5094031748404333,-0.3860338439710218,0.10778966995776501,0.0832191989573639,-0.010144740166027389,0.0011914215401759758,0.018251312896609306,0.06845246255397797,-0.0016187930013984526,0.018209953447990316,0.06835012699312831,0.004077005164622103
11.719999999999795,-0.834751546382904,3.456705003976822,1.9346498250961304,-1.5094031748404333,-0.3860338439710218,0.10778966995776501,0.0832191989573639,-0.010144740166027389,0.0011914215401759758,0.018251312896609306,0.06845246255397797,-0.0016187930013984526,0.018209953447990316,0.06835012699312831,0.004077005164622103
11.729999999999794,-0.8743047714233398,3.4452548027038574,1.934152364730835,-1.5035809425629307,-0.4109413623924424,0.10716179818365618,0.08392715261842333,-0.007590341329653156,0.0011579967726802055,0.01852637529373169,0.05825290083885193,-0.0019227922894060683,0.018503852510365258,0.05820904640800004,0.0029673236891823887
11.739999999999794,-0.8743047714233398,3.4452548027038574,1.934152364730835,-1.5035809425629307,-0.4109413623924424,0.10716179818365618,0.08392715261842333,-0.007590341329653156,0.0011579967726802055,0.01852637529373169,0.05825290083885193,-0.0019227922894060683,0.018503852510365258,0.05820904640800004,0.0029673236891823887
11.749999999999794,-0.8743047714233398,3.4452548027038574,1.934152364730835,-1.5035809425629307,-0.4109413623924424,0.10716179818365618,0.08392715261842333,-0.007590341329653156,0.0011579967726802055,0.01852637529373169,0.05825290083885193,-0.0019227922894060683,0.018503852510365258,0.05820904640800004,0.0029673236891823887
11.759999999999794,-0.8743047714233398,3.4452548027038574,1.934152364730835,-1.5035809425629307,-0.4109413623924424,0.10716179818365618,0.08392715261842333,-0.007590341329653156,0.0011579967726802055,0.01852637529373169,0.05825290083885193,-0.0019227922894060683,0.018503852510365258,0.05820904640800004,0.0029673236891823887
11.769999999999794,-0.9311060905456543,3.427743673324585,1.9338927268981934,-1.4941731415629216,-0.4451389231954973,0.10817904476427577,0.08435702750309086,-0.005624464297049477,0.0010997923964616138,0.008335881866514683,0.04944755509495735,-0.004046744666993624,0.008335128468992559,0.0496126889517124,0.00013395080039374063
11.779999999999793,-0.9311060905456543,3.427743673324585,1.9338927268981934,-1.4941731415629216,-0.4451389231954973,0.10817904476427577,0.08435702750309086,-0.005624464297049477,0.0010997923964616138,0.008335881866514683,0.04944755509495735,-0.004046744666993624,0.008335128468992559,0.0496126889517124,0.00013395080039374063
11.789999999999793,-0.9311060905456543,3.427743673324585,1.9338927268981934,-1.4941731415629216,-0.4451389231954973,0.10817904476427577,0.08435702750309086,-0.005624464297049477,0.0010997923964616138,0.008335881866514683,0.04944755509495735,-0.004046744666993624,0.008335128468992559,0.0496126889517124,0.00013395080039374063
11.799999999999793,-0.9766546487808228,3.4127595722675323,1.9340749979019165,-1.485423264903195,-0.4726634227449879,0.1093599093296419,0.08465934659224571,-0.004339543304716688,0.001067397724605857,0.01274778414517641,0.05015193298459053,-0.0031343381851911606,0.012742934036155189,0.05023734987644081,0.0011176577587242308
11.809999999999793,-0.9766546487808228,3.4127595722675323,1.9340749979019165,-1.485423264903195,-0.4726634227449879,0.1093599093296419,0.08465934659224571,-0.004339543304716688,0.001067397724605857,0.01274778414517641,0.05015193298459053,-0.0031343381851911606,0.012742934036155189,0.05023734987644081,0.0011176577587242308
11.819999999999792,-0.9766546487808228,3.4127595722675323,1.9340749979019165,-1.485423264903195,-0.4726634227449879,0.1093599093296419,0.08465934659224571,-0.004339543304716688,0.001067397724605857,0.01274778414517641,0.05015193298459053,-0.0031343381851911606,0.012742934036155189,0.05023734987644081,0.0011176577587242308
11.829999999999792,-1.016198754310608,3.3989424109458923,1.9338293075561523,-1.4777922118150089,-0.49636875965022476,0.10811629313131019,0.08522482912493203,-0.0022911665647384755,0.000935170418647749,0.013408809900283813,0.052657268941402435,-0.008615911938250072,0.013418209117958458,0.053199553695155985,-0.0041023756381361924
11.839999999999792,-1.016198754310608,3.3989424109458923,1.9338293075561523,-1.4777922118150089,-0.49636875965022476,0.10811629313131019,0.08522482912493203,-0.0022911665647384755,0.000935170418647749,0.013408809900283813,0.052657268941402435,-0.008615911938250072,0.013418209117958458,0.053199553695155985,-0.0041023756381361924
11.849999999999792,-1.016198754310608,3.3989424109458923,1.9338293075561523,-1.4777922118150089,-0.49636875965022476,0.10811629313131019,0.08522482912493203,-0.0022911665647384755,0.000935170418647749,0.013408809900283813,0.052657268941402435,-0.008615911938250072,0.013418209117958458,0.053199553695155985,-0.0041023756381361924
11.859999999999792,-1.016198754310608,3.3989424109458923,1.9338293075561523,-1.4777922118150089,-0.49636875965022476,0.10811629313131019,0.08522482912493203,-0.0022911665647384755,0.000935170418647749,0.013408809900283813,0.052657268941402435,-0.008615911938250072,0.013418209117958458,0.053199553695155985,-0.0041023756381361924
11.869999999999791,-1.0727671384811401,3.378075420856476,1.9339758157730103,-1.4669231413704142,-0.5296042902483769,0.1080149076939488,0.08566510999012057,-0.000422721904184766,0.0010755006285340968,0.017030104994773865,0.05635832995176315,0.0013668995816260507,0.017027490913280666,0.056034710831870435,0.006183927412262966
11.879999999999791,-1.0727671384811401,3.378075420856476,1.9339758157730103,-1.4669231413704142,-0.5296042902483769,0.1080149076939488,0.08566510999012057,-0.000422721904184766,0.0010755006285340968,0.017030104994773865,0.05635832995176315,0.0013668995816260507,0.017027490913280666,0.056034710831870435,0.006183927412262966
11.889999999999791,-1.0727671384811401,3.378075420856476,1.9339758157730103,-1.4669231413704142,-0.5296042902483769,0.1080149076939488,0.08566510999012057,-0.000422721904184766,0.0010755006285340968,0.017030104994773865,0.05635832995176315,0.0013668995816260507,0.017027490913280666,0.056034710831870435,0.006183927412262966
11.89999999999979,-1.1179875135421753,3.360400438308716,1.934201955795288,-1.4579935452794475,-0.5579584932191404,0.10990274993909524,0.0860720968798226,0.0008552504278973144,0.0011360254453194741,0.015367185696959496,0.05240984261035919,-0.004068871028721339,0.01536757196987348,0.05256560973928338,0.0004516489538917966
11.90999999999979,-1.1179875135421753,3.360400438308716,1.934201955795288,-1.4579935452794475,-0.5579584932191404,0.10990274993909524,0.0860720968798226,0.0008552504278973144,0.0011360254453194741,0.015367185696959496,0.05240984261035919,-0.004068871028721339,0.01536757196987348,0.05256560973928338,0.0004516489538917966
11.91999999999979,-1.1179875135421753,3.360400438308716,1.934201955795288,-1.4579935452794475,-0.5579584932191404,0.10990274993909524,0.0860720968798226,0.0008552504278973144,0.0011360254453194741,0.015367185696959496,0.05240984261035919,-0.004068871028721339,0.01536757196987348,0.05256560973928338,0.0004516489538917966
11.92999999999979,-1.1572651863098145,3.3442120254039764,1.934382677078247,-1.4495484214617713,-0.5819361363947253,0.10941089557001851,0.08679001588499148,0.0031983624086390364,0.0010995539106127396,0.017439408227801323,0.05951898545026779,-0.0021652225404977872,0.017449010058571406,0.059482646411182054,0.0030021135548997067
11.93999999999979,-1.1572651863098145,3.3442120254039764,1.934382677078247,-1.4495484214617713,-0.5819361363947253,0.10941089557001851,0.08679001588499148,0.0031983624086390364,0.0010995539106127396,0.017439408227801323,0.05951898545026779,-0.0021652225404977872,0.017449010058571406,0.059482646411182054,0.0030021135548997067
11.94999999999979,-1.1572651863098145,3.3442120254039764,1.934382677078247,-1.4495484214617713,-0.5819361363947253,0.10941089557001851,0.08679001588499148,0.0031983624086390364,0.0010995539106127396,0.017439408227801323,0.05951898545026779,-0.0021652225404977872,0.017449010058571406,0.059482646411182054,0.0030021135548997067
11.95999999999979,-1.1572651863098145,3.3442120254039764,1.934382677078247,-1.4495484214617713,-0.5819361363947253,0.10941089557001851,0.08679001588499148,0.0031983624086390364,0.0010995539106127396,0.017439408227801323,0.05951898545026779,-0.0021652225404977872,0.017449010058571406,0.059482646411182054,0.0030021135548997067
11.96999999999979,-1.2133041620254517,3.3199323117733,1.9345951080322266,-1.4370590797130651,-0.6164147534755758,0.10843435644954132,0.08699366571228451,0.005520185474015709,0.0010215643095503133,0.0012081755558028817,0.06771985441446304,-0.009962311014533052,0.0011858689917961331,0.06832933274562791,-0.004040928950923703
11.979999999999789,-1.2133041620254517,3.3199323117733,1.9345951080322266,-1.4370590797130651,-0.6164147534755758,0.10843435644954132,0.08699366571228451,0.005520185474015709,0.0010215643095503133,0.0012081755558028817,0.06771985441446304,-0.009962311014533052,0.0011858689917961331,0.06832933274562791,-0.004040928950923703
11.989999999999789,-1.2133041620254517,3.3199323117733,1.9345951080322266,-1.4370590797130651,-0.6164147534755758,0.10843435644954132,0.08699366571228451,0.005520185474015709,0.0010215643095503133,0.0012081755558028817,0.06771985441446304,-0.009962311014533052,0.0011858689917961331,0.06832933274562791,-0.004040928950923703
11.999999999999789,-1.2579851150512695,3.2995631992816925,1.9349411725997925,-1.426363088023616,-0.6425880222559522,0.10796856092455763,0.08709505224264896,0.007154149385029064,0.0009378006875714372,0.002397438045591116,0.06842343509197235,-0.007097781170159587,0.002389431939814035,0.0687814848444511,-0.001119095176960904
12.009999999999788,-1.2579851150512695,3.2995631992816925,1.9349411725997925,-1.426363088023616,-0.6425880222559522,0.10796856092455763,0.08709505224264896,0.007154149385029064,0.0009378006875714372,0.002397438045591116,0.06842343509197235,-0.007097781170159587,0.002389431939814035,0.0687814848444511,-0.001119095176960904
12.019999999999788,-1.2579851150512695,3.2995631992816925,1.9349411725997925,-1.426363088023616,-0.6425880222559522,0.10796856092455763,0.08709505224264896,0.007154149385029064,0.0009378006875714372,0.002397438045591116,0.06842343509197235,-0.007097781170159587,0.002389431939814035,0.0687814848444511,-0.001119095176960904
12.029999999999788,-1.2956942319869995,3.2811819911003113,1.9344844818115234,-1.4148119858928658,-0.6664841647363712,0.10554451860391145,0.08715893322320464,0.009788064466699085,0.0009848872752834111,0.0023448611609637737,0.07529568672180176,-0.00023111578775570718,0.002406764299233127,0.0750299874349617,0.0063244502467075595
12.039999999999788,-1.2956942319869995,3.2811819911003113,1.9344844818115234,-1.4148119858928658,-0.6664841647363712,0.10554451860391145,0.08715893322320464,0.009788064466699085,0.0009848872752834111,0.0023448611609637737,0.07529568672180176,-0.00023111578775570718,0.002406764299233127,0.0750299874349617,0.0063244502467075595
12.049999999999788,-1.2956942319869995,3.2811819911003113,1.9344844818115234,-1.4148119858928658,-0.6664841647363712,0.10554451860391145,0.08715893322320464,0.009788064466699085,0.0009848872752834111,0.0023448611609637737,0.07529568672180176,-0.00023111578775570718,0.002406764299233127,0.0750299874349617,0.0063244502467075595
12.059999999999787,-1.2956942319869995,3.2811819911003113,1.9344844818115234,-1.4148119858928658,-0.6664841647363712,0.10554451860391145,0.08715893322320464,0.009788064466699085,0.0009848872752834111,0.0023448611609637737,0.07529568672180176,-0.00023111578775570718,0.002406764299233127,0.0750299874349617,0.0063244502467075595
12.069999999999787,-1.3468631505966187,3.254063844680786,1.9331551790237427,-1.3979139625916213,-0.7007500799916164,0.10379941390378147,0.0872202745623613,0.012959613843035865,0.0010090155798766214,0.003276480594649911,0.07839558273553848,-0.01039953250437976,0.003230717857497547,0.07900347984970327,-0.0035312794593394103
12.079999999999787,-1.3468631505966187,3.254063844680786,1.9331551790237427,-1.3979139625916213,-0.7007500799916164,0.10379941390378147,0.0872202745623613,0.012959613843035865,0.0010090155798766214,0.003276480594649911,0.07839558273553848,-0.01039953250437976,0.003230717857497547,0.07900347984970327,-0.0035312794593394103
12.089999999999787,-1.3468631505966187,3.254063844680786,1.9331551790237427,-1.3979139625916213,-0.7007500799916164,0.10379941390378147,0.0872202745623613,0.012959613843035865,0.0010090155798766214,0.003276480594649911,0.07839558273553848,-0.01039953250437976,0.003230717857497547,0.07900347984970327,-0.0035312794593394103
12.099999999999786,-1.3879539966583252,3.2313618808984756,1.932410478591919,-1.3836891093053174,-0.7264115883347046,0.10390730619891059,0.08722835451429302,0.014699444788612681,0.0010229029604106803,6.354274228215218e-05,0.0695120245218277,-0.004272809717804202,8.99914276103684e-05,0.06961997880026764,0.001799363051464785
12.109999999999786,-1.3879539966583252,3.2313618808984756,1.932410478591919,-1.3836891093053174,-0.7264115883347046,0.10390730619891059,0.08722835451429302,0.014699444788612681,0.0010229029604106803,6.354274228215218e-05,0.0695120245218277,-0.004272809717804202,8.99914276103684e-05,0.06961997880026764,0.001799363051464785
12.119999999999786,-1.3879539966583252,3.2313618808984756,1.932410478591919,-1.3836891093053174,-0.7264115883347046,0.10390730619891059,0.08722835451429302,0.014699444788612681,0.0010229029604106803,6.354274228215218e-05,0.0695120245218277,-0.004272809717804202,8.99914276103684e-05,0.06961997880026764,0.001799363051464785
12.129999999999786,-1.423412561416626,3.2108581364154816,1.9315640926361084,-1.371311672480219,-0.7483920079836245,0.10345825895085825,0.08698533714589317,0.016912228070744877,0.0009346618550722803,-0.01314982958137989,0.05525252968072891,-0.008559304289519794,-0.01321286478723304,0.05578722414129475,-0.003727374690923554
12.139999999999786,-1.423412561416626,3.2108581364154816,1.9315640926361084,-1.371311672480219,-0.7483920079836245,0.10345825895085825,0.08698533714589317,0.016912228070744877,0.0009346618550722803,-0.01314982958137989,0.05525252968072891,-0.008559304289519794,-0.01321286478723304,0.05578722414129475,-0.003727374690923554
12.149999999999785,-1.423412561416626,3.2108581364154816,1.9315640926361084,-1.371311672480219,-0.7483920079836245,0.10345825895085825,0.08698533714589317,0.016912228070744877,0.0009346618550722803,-0.01314982958137989,0.05525252968072891,-0.008559304289519794,-0.01321286478723304,0.05578722414129475,-0.003727374690923554
12.159999999999785,-1.423412561416626,3.2108581364154816,1.9315640926361084,-1.371311672480219,-0.7483920079836245,0.10345825895085825,0.08698533714589317,0.016912228070744877,0.0009346618550722803,-0.01314982958137989,0.05525252968072891,-0.008559304289519794,-0.01321286478723304,0.05578722414129475,-0.003727374690923554
12.169999999999785,-1.4741542339324951,3.1804178208112717,1.9306644201278687,-1.3525200121618868,-0.7796977000270812,0.10569050812993931,0.08661436529312569,0.019062266629184536,0.000973818000316343,8.120271377265453e-05,0.04120829328894615,0.0005541608552448401,0.0001596887618431459,0.041005878297681944,0.004117600652895782
12.179999999999785,-1.4741542339324951,3.1804178208112717,1.9306644201278687,-1.3525200121618868,-0.7796977000270812,0.10569050812993931,0.08661436529312569,0.019062266629184536,0.000973818000316343,8.120271377265453e-05,0.04120829328894615,0.0005541608552448401,0.0001596887618431459,0.041005878297681944,0.004117600652895782
12.189999999999785,-1.4741542339324951,3.1804178208112717,1.9306644201278687,-1.3525200121618868,-0.7796977000270812,0.10569050812993931,0.08661436529312569,0.019062266629184536,0.000973818000316343,8.120271377265453e-05,0.04120829328894615,0.0005541608552448401,0.0001596887618431459,0.041005878297681944,0.004117600652895782
12.199999999999784,-1.5146727561950684,3.155119016766548,1.930290699005127,-1.3378871731338258,-0.8049325765673889,0.10907695103146448,0.08661112349683522,0.01996295613329605,0.0009944264691769563,-0.00125906802713871,0.04368716478347778,-0.0019135067705065066,-0.0012216778066127193,0.043688931691310044,0.0018731045566522313
12.209999999999784,-1.5146727561950684,3.155119016766548,1.930290699005127,-1.3378871731338258,-0.8049325765673889,0.10907695103146448,0.08661112349683522,0.01996295613329605,0.0009944264691769563,-0.00125906802713871,0.04368716478347778,-0.0019135067705065066,-0.0012216778066127193,0.043688931691310044,0.0018731045566522313
12.219999999999784,-1.5146727561950684,3.155119016766548,1.930290699005127,-1.3378871731338258,-0.8049325765673889,0.10907695103146448,0.08661112349683522,0.01996295613329605,0.0009944264691769563,-0.00125906802713871,0.04368716478347778,-0.0019135067705065066,-0.0012216778066127193,0.043688931691310044,0.0018731045566522313
12.229999999999784,-1.5496426820755005,3.132349044084549,1.9298427104949951,-1.324463206611819,-0.8264768654574376,0.10946004477413979,0.08655314193927727,0.02158017167289964,0.0011426950236013268,0.0031062280759215355,0.039902105927467346,0.004185710102319712,0.0032706812092232955,0.039390902779508845,0.007621158019344646
12.239999999999783,-1.5496426820755005,3.132349044084549,1.9298427104949951,-1.324463206611819,-0.8264768654574376,0.10946004477413979,0.08655314193927727,0.02158017167289964,0.0011426950236013268,0.0031062280759215355,0.039902105927467346,0.004185710102319712,0.0032706812092232955,0.039390902779508845,0.007621158019344646
12.249999999999783,-1.5496426820755005,3.132349044084549,1.9298427104949951,-1.324463206611819,-0.8264768654574376,0.10946004477413979,0.08655314193927727,0.02158017167289964,0.0011426950236013268,0.0031062280759215355,0.039902105927467346,0.004185710102319712,0.0032706812092232955,0.039390902779508845,0.007621158019344646
12.259999999999783,-1.5496426820755005,3.132349044084549,1.9298427104949951,-1.324463206611819,-0.8264768654574376,0.10946004477413979,0.08655314193927727,0.02158017167289964,0.0011426950236013268,0.0031062280759215355,0.039902105927467346,0.004185710102319712,0.0032706812092232955,0.039390902779508845,0.007621158019344646
12.269999999999783,-1.5994646549224854,3.0987197309732437,1.929603099822998,-1.3050707478923154,-0.8572099916776627,0.11100512459010978,0.0865266055345667,0.02350009307153215,0.0010240390667161437,0.004364999942481518,0.04719505459070206,-0.01000339817255736,0.0042266190715453235,0.04788297399848977,-0.005889066406779878
12.279999999999783,-1.5994646549224854,3.0987197309732437,1.929603099822998,-1.3050707478923154,-0.8572099916776627,0.11100512459010978,0.0865266055345667,0.02350009307153215,0.0010240390667161437,0.004364999942481518,0.04719505459070206,-0.01000339817255736,0.0042266190715453235,0.04788297399848977,-0.005889066406779878
12.289999999999782,-1.5994646549224854,3.0987197309732437,1.929603099822998,-1.3050707478923154,-0.8572099916776627,0.11100512459010978,0.0865266055345667,0.02350009307153215,0.0010240390667161437,0.004364999942481518,0.04719505459070206,-0.01000339817255736,0.0042266190715453235,0.04788297399848977,-0.005889066406779878
12.299999999999782,-1.639106035232544,3.0709156468510628,1.9297951459884644,-1.2888939952112959,-0.8804351428116425,0.11330269839018425,0.08662485636083973,0.024210909757785986,0.001056259755261512,0.006863224785774946,0.042268719524145126,-0.0006478580762632243,0.00693615056133674,0.0421662797228638,0.003012398180814276
12.309999999999782,-1.639106035232544,3.0709156468510628,1.9297951459884644,-1.2888939952112959,-0.8804351428116425,0.11330269839018425,0.08662485636083973,0.024210909757785986,0.001056259755261512,0.006863224785774946,0.042268719524145126,-0.0006478580762632243,0.00693615056133674,0.0421662797228638,0.003012398180814276
12.319999999999782,-1.639106035232544,3.0709156468510628,1.9297951459884644,-1.2888939952112959,-0.8804351428116425,0.11330269839018425,0.08662485636083973,0.024210909757785986,0.001056259755261512,0.006863224785774946,0.042268719524145126,-0.0006478580762632243,0.00693615056133674,0.0421662797228638,0.003012398180814276
12.329999999999782,-1.6733068227767944,3.0459903217852116,1.92976975440979,-1.2752341890705654,-0.9006720438167306,0.11289115316179021,0.0863345693395518,0.026313574144705826,0.0010840885992615935,-0.009191915392875671,0.047793760895729065,-0.0010576577624306141,-0.00911118220595196,0.04770695136843569,0.003068473476784992
12.339999999999781,-1.6733068227767944,3.0459903217852116,1.92976975440979,-1.2752341890705654,-0.9006720438167306,0.11289115316179021,0.0863345693395518,0.026313574144705826,0.0010840885992615935,-0.009191915392875671,0.047793760895729065,-0.0010576577624306141,-0.00911118220595196,0.04770695136843569,0.003068473476784992
12.349999999999781,-1.6733068227767944,3.0459903217852116,1.92976975440979,-1.2752341890705654,-0.9006720438167306,0.11289115316179021,0.0863345693395518,0.026313574144705826,0.0010840885992615935,-0.009191915392875671,0.047793760895729065,-0.0010576577624306141,-0.00911118220595196,0.04770695136843569,0.003068473476784992
12.359999999999781,-1.6733068227767944,3.0459903217852116,1.92976975440979,-1.2752341890705654,-0.9006720438167306,0.11289115316179021,0.0863345693395518,0.026313574144705826,0.0010840885992615935,-0.009191915392875671,0.047793760895729065,-0.0010576577624306141,-0.00911118220595196,0.04770695136843569,0.003068473476784992
12.36999999999978,-1.7219163179397583,3.0093606784939766,1.9301196336746216,-1.2561852533582694,-0.9306696766655286,0.1111576890994238,0.08589260630276085,0.028459536460129976,0.0010749793317330776,-0.007890313863754272,0.05147772654891014,-1.862604403868948e-05,-0.007765127430177503,0.05128955164769253,0.0043993455190194375
12.37999999999978,-1.7219163179397583,3.0093606784939766,1.9301196336746216,-1.2561852533582694,-0.9306696766655286,0.1111576890994238,0.08589260630276085,0.028459536460129976,0.0010749793317330776,-0.007890313863754272,0.05147772654891014,-1.862604403868948e-05,-0.007765127430177503,0.05128955164769253,0.0043993455190194375
12.38999999999978,-1.7219163179397583,3.0093606784939766,1.9301196336746216,-1.2561852533582694,-0.9306696766655286,0.1111576890994238,0.08589260630276085,0.028459536460129976,0.0010749793317330776,-0.007890313863754272,0.05147772654891014,-1.862604403868948e-05,-0.007765127430177503,0.05128955164769253,0.0043993455190194375
12.39999999999978,-1.7604857683181763,2.979188308119774,1.9305742979049683,-1.239157126734655,-0.9530510073868249,0.1113116378502271,0.08577164986131988,0.029490489139810803,0.0010393675122214062,-0.010036190040409565,0.06264059245586395,-0.007469960488379009,-0.010097438848605873,0.06305024281035321,-0.002077201456669818
12.40999999999978,-1.7604857683181763,2.979188308119774,1.9305742979049683,-1.239157126734655,-0.9530510073868249,0.1113116378502271,0.08577164986131988,0.029490489139810803,0.0010393675122214062,-0.010036190040409565,0.06264059245586395,-0.007469960488379009,-0.010097438848605873,0.06305024281035321,-0.002077201456669818
12.41999999999978,-1.7604857683181763,2.979188308119774,1.9305742979049683,-1.239157126734655,-0.9530510073868249,0.1113116378502271,0.08577164986131988,0.029490489139810803,0.0010393675122214062,-0.010036190040409565,0.06264059245586395,-0.007469960488379009,-0.010097438848605873,0.06305024281035321,-0.002077201456669818
12.42999999999978,-1.7930021286010742,2.952393937855959,1.930343747138977,-1.2244506264297759,-0.9737375306571919,0.10857894682412284,0.08547292940965796,0.03258092089489578,0.0009014181824339148,-0.0027105703484266996,0.07101206481456757,-0.011762063950300225,-0.0028949427322987093,0.0717569434614966,-0.005659907758860745
12.43999999999978,-1.7930021286010742,2.952393937855959,1.930343747138977,-1.2244506264297759,-0.9737375306571919,0.10857894682412284,0.08547292940965796,0.03258092089489578,0.0009014181824339148,-0.0027105703484266996,0.07101206481456757,-0.011762063950300225,-0.0028949427322987093,0.0717569434614966,-0.005659907758860745
12.449999999999779,-1.7930021286010742,2.952393937855959,1.930343747138977,-1.2244506264297759,-0.9737375306571919,0.10857894682412284,0.08547292940965796,0.03258092089489578,0.0009014181824339148,-0.0027105703484266996,0.07101206481456757,-0.011762063950300225,-0.0028949427322987093,0.0717569434614966,-0.005659907758860745
12.459999999999779,-1.7930021286010742,2.952393937855959,1.930343747138977,-1.2244506264297759,-0.9737375306571919,0.10857894682412284,0.08547292940965796,0.03258092089489578,0.0009014181824339148,-0.0027105703484266996,0.07101206481456757,-0.011762063950300225,-0.0028949427322987093,0.0717569434614966,-0.005659907758860745
12.469999999999779,-1.8372504711151123,2.913563460111618,1.9288458824157715,-1.2005051491941041,-1.0019442066189426,0.1072257673478857,0.08502016908674273,0.03561396114243449,0.0009003772276244173,-0.015161460265517235,0.07133612036705017,-0.006249482743442067,-0.015167488855815682,0.07160914378367782,-0.00016931182860944024
12.479999999999778,-1.8372504711151123,2.913563460111618,1.9288458824157715,-1.2005051491941041,-1.0019442066189426,0.1072257673478857,0.08502016908674273,0.03561396114243449,0.0009003772276244173,-0.015161460265517235,0.07133612036705017,-0.006249482743442067,-0.015167488855815682,0.07160914378367782,-0.00016931182860944024
12.489999999999778,-1.8372504711151123,2.913563460111618,1.9288458824157715,-1.2005051491941041,-1.0019442066189426,0.1072257673478857,0.08502016908674273,0.03561396114243449,0.0009003772276244173,-0.015161460265517235,0.07133612036705017,-0.006249482743442067,-0.015167488855815682,0.07160914378367782,-0.00016931182860944024
12.499999999999778,-1.8725016117095947,2.881584882736206,1.9282371997833252,-1.1815397573408388,-1.0234527647900715,0.10928538620004749,0.0847663466375956,0.03680331039702407,0.0009725439374722203,-0.015559550374746323,0.07488029450178146,-3.913175896742367e-05,-0.015327557561455917,0.07461474868656606,0.006305008729104866
12.509999999999778,-1.8725016117095947,2.881584882736206,1.9282371997833252,-1.1815397573408388,-1.0234527647900715,0.10928538620004749,0.0847663466375956,0.03680331039702407,0.0009725439374722203,-0.015559550374746323,0.07488029450178146,-3.913175896742367e-05,-0.015327557561455917,0.07461474868656606,0.006305008729104866
12.519999999999778,-1.8725016117095947,2.881584882736206,1.9282371997833252,-1.1815397573408388,-1.0234527647900715,0.10928538620004749,0.0847663466375956,0.03680331039702407,0.0009725439374722203,-0.015559550374746323,0.07488029450178146,-3.913175896742367e-05,-0.015327557561455917,0.07461474868656606,0.006305008729104866
12.529999999999777,-1.902736783027649,2.8530718982219696,1.927714467048645,-1.164083872608876,-1.0419689220379957,0.10919123019218187,0.08418541161557269,0.039743846694947724,0.0009544990019490607,-0.015394240617752075,0.07215523719787598,-0.011712599545717248,-0.015617077451678037,0.0728845651978583,-0.0056083023611229665
12.539999999999777,-1.902736783027649,2.8530718982219696,1.927714467048645,-1.164083872608876,-1.0419689220379957,0.10919123019218187,0.08418541161557269,0.039743846694947724,0.0009544990019490607,-0.015394240617752075,0.07215523719787598,-0.011712599545717248,-0.015617077451678037,0.0728845651978583,-0.0056083023611229665
12.549999999999777,-1.902736783027649,2.8530718982219696,1.927714467048645,-1.164083872608876,-1.0419689220379957,0.10919123019218187,0.08418541161557269,0.039743846694947724,0.0009544990019490607,-0.015394240617752075,0.07215523719787598,-0.011712599545717248,-0.015617077451678037,0.0728845651978583,-0.0056083023611229665
12.559999999999777,-1.902736783027649,2.8530718982219696,1.927714467048645,-1.164083872608876,-1.0419689220379957,0.10919123019218187,0.08418541161557269,0.039743846694947724,0.0009544990019490607,-0.015394240617752075,0.07215523719787598,-0.011712599545717248,-0.015617077451678037,0.0728845651978583,-0.0056083023611229665
12.569999999999776,-1.9456979036331177,2.8113043904304504,1.9275779724121094,-1.1402613256346426,-1.0688423453733584,0.11023493819564159,0.08334779500117091,0.042624435621352486,0.0009506404932122161,-0.013083023950457573,0.06311910599470139,-0.0027873895596712906,-0.012977377699988824,0.0631320471293555,0.002479287904779702
12.579999999999776,-1.9456979036331177,2.8113043904304504,1.9275779724121094,-1.1402613256346426,-1.0688423453733584,0.11023493819564159,0.08334779500117091,0.042624435621352486,0.0009506404932122161,-0.013083023950457573,0.06311910599470139,-0.0027873895596712906,-0.012977377699988824,0.0631320471293555,0.002479287904779702
12.589999999999776,-1.9456979036331177,2.8113043904304504,1.9275779724121094,-1.1402613256346426,-1.0688423453733584,0.11023493819564159,0.08334779500117091,0.042624435621352486,0.0009506404932122161,-0.013083023950457573,0.06311910599470139,-0.0027873895596712906,-0.012977377699988824,0.0631320471293555,0.002479287904779702
12.599999999999776,-1.979770302772522,2.777053028345108,1.9278008937835693,-1.1207409141996636,-1.090071136004431,0.11228834340625055,0.08312916600548598,0.04348455766510944,0.0009693513276988843,-0.013026825152337551,0.05119867995381355,-0.00478392885997892,-0.013049286278620216,0.05141910477874111,-0.0005166939184903044
12.609999999999776,-1.979770302772522,2.777053028345108,1.9278008937835693,-1.1207409141996636,-1.090071136004431,0.11228834340625055,0.08312916600548598,0.04348455766510944,0.0009693513276988843,-0.013026825152337551,0.05119867995381355,-0.00478392885997892,-0.013049286278620216,0.05141910477874111,-0.0005166939184903044
12.619999999999775,-1.979770302772522,2.777053028345108,1.9278008937835693,-1.1207409141996636,-1.090071136004431,0.11228834340625055,0.08312916600548598,0.04348455766510944,0.0009693513276988843,-0.013026825152337551,0.05119867995381355,-0.00478392885997892,-0.013049286278620216,0.05141910477874111,-0.0005166939184903044
12.629999999999775,-2.0089855194091797,2.7465563118457794,1.9278976917266846,-1.1027442847328448,-1.1077567157044785,0.11066657219558768,0.0825187854138462,0.04547865161830859,0.0009864273264878797,-0.014838025905191898,0.04208889231085777,-0.00335728819482029,-0.014832413617556285,0.04222239965003571,0.00012344743212726382
12.639999999999775,-2.0089855194091797,2.7465563118457794,1.9278976917266846,-1.1027442847328448,-1.1077567157044785,0.11066657219558768,0.0825187854138462,0.04547865161830859,0.0009864273264878797,-0.014838025905191898,0.04208889231085777,-0.00335728819482029,-0.014832413617556285,0.04222239965003571,0.00012344743212726382
12.649999999999775,-2.0089855194091797,2.7465563118457794,1.9278976917266846,-1.1027442847328448,-1.1077567157044785,0.11066657219558768,0.0825187854138462,0.04547865161830859,0.0009864273264878797,-0.014838025905191898,0.04208889231085777,-0.00335728819482029,-0.014832413617556285,0.04222239965003571,0.00012344743212726382
12.659999999999775,-2.0089855194091797,2.7465563118457794,1.9278976917266846,-1.1027442847328448,-1.1077567157044785,0.11066657219558768,0.0825187854138462,0.04547865161830859,0.0009864273264878797,-0.014838025905191898,0.04208889231085777,-0.00335728819482029,-0.014832413617556285,0.04222239965003571,0.00012344743212726382
12.669999999999774,-2.0503246784210205,2.702003836631775,1.928333044052124,-1.0784262885626263,-1.1344508202642918,0.10903691336928026,0.08193332693728934,0.047785465754416806,0.0011168816121960672,-0.01394483633339405,0.06354576349258423,-0.0011996419634670097,-0.01375330615794545,0.06343076992794558,0.0040096519614678736
12.679999999999774,-2.0503246784210205,2.702003836631775,1.928333044052124,-1.0784262885626263,-1.1344508202642918,0.10903691336928026,0.08193332693728934,0.047785465754416806,0.0011168816121960672,-0.01394483633339405,0.06354576349258423,-0.0011996419634670097,-0.01375330615794545,0.06343076992794558,0.0040096519614678736
12.689999999999774,-2.0503246784210205,2.702003836631775,1.928333044052124,-1.0784262885626263,-1.1344508202642918,0.10903691336928026,0.08193332693728934,0.047785465754416806,0.0011168816121960672,-0.01394483633339405,0.06354576349258423,-0.0011996419634670097,-0.01375330615794545,0.06343076992794558,0.0040096519614678736
12.699999999999774,-2.0829532146453857,2.6655648946762085,1.9287998676300049,-1.0574371557266653,-1.154128220026479,0.11039723710743848,0.08155460799572554,0.04898773921210817,0.0011822929346560003,-0.02012237161397934,0.06033497676253319,-0.0009662055526860132,-0.019928609775440868,0.060213150530318296,0.003956895369953945
12.709999999999773,-2.0829532146453857,2.6655648946762085,1.9287998676300049,-1.0574371557266653,-1.154128220026479,0.11039723710743848,0.08155460799572554,0.04898773921210817,0.0011822929346560003,-0.02012237161397934,0.06033497676253319,-0.0009662055526860132,-0.019928609775440868,0.060213150530318296,0.003956895369953945
12.719999999999773,-2.0829532146453857,2.6655648946762085,1.9287998676300049,-1.0574371557266653,-1.154128220026479,0.11039723710743848,0.08155460799572554,0.04898773921210817,0.0011822929346560003,-0.02012237161397934,0.06033497676253319,-0.0009662055526860132,-0.019928609775440868,0.060213150530318296,0.003956895369953945
12.729999999999773,-2.110901117324829,2.6331761479377747,1.929109811782837,-1.0381576631155642,-1.1709981841969674,0.10963771775347694,0.08037059183222389,0.05169114494772064,0.0011662965207064149,-0.03454200178384781,0.0699368566274643,-0.005731004290282735,-0.03454705586434761,0.07017121049447488,-9.78181453659e-05
12.739999999999773,-2.110901117324829,2.6331761479377747,1.929109811782837,-1.0381576631155642,-1.1709981841969674,0.10963771775347694,0.08037059183222389,0.05169114494772064,0.0011662965207064149,-0.03454200178384781,0.0699368566274643,-0.005731004290282735,-0.03454705586434761,0.07017121049447488,-9.78181453659e-05
12.749999999999773,-2.110901117324829,2.6331761479377747,1.929109811782837,-1.0381576631155642,-1.1709981841969674,0.10963771775347694,0.08037059183222389,0.05169114494772064,0.0011662965207064149,-0.03454200178384781,0.0699368566274643,-0.005731004290282735,-0.03454705586434761,0.07017121049447488,-9.78181453659e-05
12.759999999999772,-2.110901117324829,2.6331761479377747,1.929109811782837,-1.0381576631155642,-1.1709981841969674,0.10963771775347694,0.08037059183222389,0.05169114494772064,0.0011662965207064149,-0.03454200178384781,0.0699368566274643,-0.005731004290282735,-0.03454705586434761,0.07017121049447488,-9.78181453659e-05
12.769999999999772,-2.1502249240875244,2.586066484451294,1.929797887802124,-1.0116260573882683,-1.1939652814001982,0.10934983592444966,0.07917394685688432,0.05411216202369158,0.0012046798099098455,-0.032929278910160065,0.06520165503025055,-0.0009370307670906266,-0.032700551573551166,0.0650715139608432,0.004228975334590144
12.779999999999772,-2.1502249240875244,2.586066484451294,1.929797887802124,-1.0116260573882683,-1.1939652814001982,0.10934983592444966,0.07917394685688432,0.05411216202369158,0.0012046798099098455,-0.032929278910160065,0.06520165503025055,-0.0009370307670906266,-0.032700551573551166,0.0650715139608432,0.004228975334590144
12.789999999999772,-2.1502249240875244,2.586066484451294,1.929797887802124,-1.0116260573882683,-1.1939652814001982,0.10934983592444966,0.07917394685688432,0.05411216202369158,0.0012046798099098455,-0.032929278910160065,0.06520165503025055,-0.0009370307670906266,-0.032700551573551166,0.0650715139608432,0.004228975334590144
12.799999999999772,-2.1811182498931885,2.547657310962677,1.9305027723312378,-0.9885710666778046,-1.2130043830913142,0.10970828895756446,0.07852559948949725,0.05541838566647259,0.001253896079153686,-0.034546613693237305,0.06346426904201508,-0.004279734101146467,-0.03450712069554778,0.06360442407567662,0.0007129983956103802
12.809999999999771,-2.1811182498931885,2.547657310962677,1.9305027723312378,-0.9885710666778046,-1.2130043830913142,0.10970828895756446,0.07852559948949725,0.05541838566647259,0.001253896079153686,-0.034546613693237305,0.06346426904201508,-0.004279734101146467,-0.03450712069554778,0.06360442407567662,0.0007129983956103802
12.819999999999771,-2.1811182498931885,2.547657310962677,1.9305027723312378,-0.9885710666778046,-1.2130043830913142,0.10970828895756446,0.07852559948949725,0.05541838566647259,0.001253896079153686,-0.034546613693237305,0.06346426904201508,-0.004279734101146467,-0.03450712069554778,0.06360442407567662,0.0007129983956103802
12.829999999999771,-2.2066824436187744,2.5141013860702515,1.9303827285766602,-0.9675271175355691,-1.228763457378477,0.1075935007002276,0.07745849985306719,0.05800770821764618,0.0010011132091857324,-0.022282257676124573,0.06285182386636734,-0.01219868008047343,-0.022706106053721805,0.06360731520943587,-0.007310858932386898
12.83999999999977,-2.2066824436187744,2.5141013860702515,1.9303827285766602,-0.9675271175355691,-1.228763457378477,0.1075935007002276,0.07745849985306719,0.05800770821764618,0.0010011132091857324,-0.022282257676124573,0.06285182386636734,-0.01219868008047343,-0.022706106053721805,0.06360731520943587,-0.007310858932386898
12.84999999999977,-2.2066824436187744,2.5141013860702515,1.9303827285766602,-0.9675271175355691,-1.228763457378477,0.1075935007002276,0.07745849985306719,0.05800770821764618,0.0010011132091857324,-0.022282257676124573,0.06285182386636734,-0.01219868008047343,-0.022706106053721805,0.06360731520943587,-0.007310858932386898
12.85999999999977,-2.2066824436187744,2.5141013860702515,1.9303827285766602,-0.9675271175355691,-1.228763457378477,0.1075935007002276,0.07745849985306719,0.05800770821764618,0.0010011132091857324,-0.022282257676124573,0.06285182386636734,-0.01219868008047343,-0.022706106053721805,0.06360731520943587,-0.007310858932386898
12.86999999999977,-2.240541696548462,2.466598629951477,1.9293534755706787,-0.9359776645769553,-1.2497269396862365,0.1055742649115808,0.07618669673623556,0.06067073175677403,0.001030954163451513,-0.028345482423901558,0.06827209144830704,-0.00692110415548087,-0.02844903081887265,0.06860083367484981,-0.0017077748220143125
12.87999999999977,-2.240541696548462,2.466598629951477,1.9293534755706787,-0.9359776645769553,-1.2497269396862365,0.1055742649115808,0.07618669673623556,0.06067073175677403,0.001030954163451513,-0.028345482423901558,0.06827209144830704,-0.00692110415548087,-0.02844903081887265,0.06860083367484981,-0.0017077748220143125
12.88999999999977,-2.240541696548462,2.466598629951477,1.9293534755706787,-0.9359776645769553,-1.2497269396862365,0.1055742649115808,0.07618669673623556,0.06067073175677403,0.001030954163451513,-0.028345482423901558,0.06827209144830704,-0.00692110415548087,-0.02844903081887265,0.06860083367484981,-0.0017077748220143125
12.89999999999977,-2.2672669887542725,2.4277082681655884,1.9287974834442139,-0.9113013652740949,-1.2662561776708312,0.10580457319054626,0.07559543962200266,0.06197919520881862,0.001036424637870109,-0.029077894985675812,0.06361815333366394,-0.003955895546823748,-0.029024520460335053,0.06373522441020722,0.0008617200145268169
12.90999999999977,-2.2672669887542725,2.4277082681655884,1.9287974834442139,-0.9113013652740949,-1.2662561776708312,0.10580457319054626,0.07559543962200266,0.06197919520881862,0.001036424637870109,-0.029077894985675812,0.06361815333366394,-0.003955895546823748,-0.029024520460335053,0.06373522441020722,0.0008617200145268169
12.919999999999769,-2.2672669887542725,2.4277082681655884,1.9287974834442139,-0.9113013652740949,-1.2662561776708312,0.10580457319054626,0.07559543962200266,0.06197919520881862,0.001036424637870109,-0.029077894985675812,0.06361815333366394,-0.003955895546823748,-0.029024520460335053,0.06373522441020722,0.0008617200145268169
12.929999999999769,-2.289893627166748,2.3933148980140686,1.9281541109085083,-0.8886534028943693,-1.2801218995756412,0.10558543762525804,0.07446391791184669,0.06421573772158586,0.0008773969055998979,-0.023361168801784515,0.04433269798755646,-0.006631630938500171,-0.02357434460046019,0.044703206123527635,-0.003321964171827721
12.939999999999769,-2.289893627166748,2.3933148980140686,1.9281541109085083,-0.8886534028943693,-1.2801218995756412,0.10558543762525804,0.07446391791184669,0.06421573772158586,0.0008773969055998979,-0.023361168801784515,0.04433269798755646,-0.006631630938500171,-0.02357434460046019,0.044703206123527635,-0.003321964171827721
12.949999999999768,-2.289893627166748,2.3933148980140686,1.9281541109085083,-0.8886534028943693,-1.2801218995756412,0.10558543762525804,0.07446391791184669,0.06421573772158586,0.0008773969055998979,-0.023361168801784515,0.04433269798755646,-0.006631630938500171,-0.02357434460046019,0.044703206123527635,-0.003321964171827721
12.959999999999768,-2.289893627166748,2.3933148980140686,1.9281541109085083,-0.8886534028943693,-1.2801218995756412,0.10558543762525804,0.07446391791184669,0.06421573772158586,0.0008773969055998979,-0.023361168801784515,0.04433269798755646,-0.006631630938500171,-0.02357434460046019,0.044703206123527635,-0.003321964171827721
12.969999999999768,-2.3217387199401855,2.3432393074035645,1.9277503490447998,-0.8576920754324479,-1.2984188441285494,0.10664296144492988,0.07338933357104517,0.06580732442148586,0.000895746729844435,-0.025151321664452553,0.032683804631233215,-0.004499049857258801,-0.025289087468515655,0.032925712694042,-0.002094983961010837
12.979999999999768,-2.3217387199401855,2.3432393074035645,1.9277503490447998,-0.8576920754324479,-1.2984188441285494,0.10664296144492988,0.07338933357104517,0.06580732442148586,0.000895746729844435,-0.025151321664452553,0.032683804631233215,-0.004499049857258801,-0.025289087468515655,0.032925712694042,-0.002094983961010837
12.989999999999768,-2.3217387199401855,2.3432393074035645,1.9277503490447998,-0.8576920754324479,-1.2984188441285494,0.10664296144492988,0.07338933357104517,0.06580732442148586,0.000895746729844435,-0.025151321664452553,0.032683804631233215,-0.004499049857258801,-0.025289087468515655,0.032925712694042,-0.002094983961010837
12.999999999999767,-2.3467259407043457,2.30244243144989,1.9278490543365479,-0.8332588233277335,-1.3130550062831925,0.10908137226673409,0.07296422131903618,0.0665593641335844,0.0008421111018362607,-0.020177247002720833,0.035591717809438705,-0.005416973959654574,-0.02036441835895231,0.03589191331940025,-0.002814173927735209
13.009999999999767,-2.3467259407043457,2.30244243144989,1.9278490543365479,-0.8332588233277335,-1.3130550062831925,0.10908137226673409,0.07296422131903618,0.0665593641335844,0.0008421111018362607,-0.020177247002720833,0.035591717809438705,-0.005416973959654574,-0.02036441835895231,0.03589191331940025,-0.002814173927735209
13.019999999999767,-2.3467259407043457,2.30244243144989,1.9278490543365479,-0.8332588233277335,-1.3130550062831925,0.10908137226673409,0.07296422131903618,0.0665593641335844,0.0008421111018362607,-0.020177247002720833,0.035591717809438705,-0.005416973959654574,-0.02036441835895231,0.03589191331940025,-0.002814173927735209
13.029999999999767,-2.3678736686706543,2.2664209604263306,1.9276888370513916,-0.8116135094803041,-1.3257066500195653,0.10984836639803458,0.07222163302220438,0.06767641353210123,0.0007552905523855672,-0.01965378224849701,0.030040428042411804,-0.0002083320287056304,-0.019520940763328998,0.02997715019318244,0.001964391091679469
13.039999999999766,-2.3678736686706543,2.2664209604263306,1.9276888370513916,-0.8116135094803041,-1.3257066500195653,0.10984836639803458,0.07222163302220438,0.06767641353210123,0.0007552905523855672,-0.01965378224849701,0.030040428042411804,-0.0002083320287056304,-0.019520940763328998,0.02997715019318244,0.001964391091679469
13.049999999999766,-2.3678736686706543,2.2664209604263306,1.9276888370513916,-0.8116135094803041,-1.3257066500195653,0.10984836639803458,0.07222163302220438,0.06767641353210123,0.0007552905523855672,-0.01965378224849701,0.030040428042411804,-0.0002083320287056304,-0.019520940763328998,0.02997715019318244,0.001964391091679469
13.059999999999766,-2.3678736686706543,2.2664209604263306,1.9276888370513916,-0.8116135094803041,-1.3257066500195653,0.10984836639803458,0.07222163302220438,0.06767641353210123,0.0007552905523855672,-0.01965378224849701,0.030040428042411804,-0.0002083320287056304,-0.019520940763328998,0.02997715019318244,0.001964391091679469
13.069999999999766,-2.397475004196167,2.2141196727752686,1.9279332160949707,-0.7805225033242412,-1.3433656113270789,0.11258313679717867,0.07144575818533216,0.06903779624111553,0.0008555857632060075,-0.015023645013570786,0.04453577846288681,0.004037699662148947,-0.01452532631738145,0.04413392929076981,0.0072237932374447636
13.079999999999766,-2.397475004196167,2.2141196727752686,1.9279332160949707,-0.7805225033242412,-1.3433656113270789,0.11258313679717867,0.07144575818533216,0.06903779624111553,0.0008555857632060075,-0.015023645013570786,0.04453577846288681,0.004037699662148947,-0.01452532631738145,0.04413392929076981,0.0072237932374447636
13.089999999999765,-2.397475004196167,2.2141196727752686,1.9279332160949707,-0.7805225033242412,-1.3433656113270789,0.11258313679717867,0.07144575818533216,0.06903779624111553,0.0008555857632060075,-0.015023645013570786,0.04453577846288681,0.004037699662148947,-0.01452532631738145,0.04413392929076981,0.0072237932374447636
13.099999999999765,-2.4205026626586914,2.171642243862152,1.9283292293548584,-0.7550891388301788,-1.355429338629533,0.11471473446349392,0.07112989016810543,0.07020032379626295,0.0009930713539476788,-0.012603952549397945,0.04950972646474838,-0.000612494710367179,-0.012399494628252494,0.04942806294394486,0.0029148861101899177
13.109999999999765,-2.4205026626586914,2.171642243862152,1.9283292293548584,-0.7550891388301788,-1.355429338629533,0.11471473446349392,0.07112989016810543,0.07020032379626295,0.0009930713539476788,-0.012603952549397945,0.04950972646474838,-0.000612494710367179,-0.012399494628252494,0.04942806294394486,0.0029148861101899177
13.119999999999765,-2.4205026626586914,2.171642243862152,1.9283292293548584,-0.7550891388301788,-1.355429338629533,0.11471473446349392,0.07112989016810543,0.07020032379626295,0.0009930713539476788,-0.012603952549397945,0.04950972646474838,-0.000612494710367179,-0.012399494628252494,0.04942806294394486,0.0029148861101899177
13.129999999999765,-2.4399638175964355,2.134192109107971,1.9286397695541382,-0.7338337484005175,-1.3663268367426298,0.11384530631250472,0.07043665675596365,0.07218571319336041,0.00098629019789186,-0.021979596465826035,0.04887793958187103,-0.0037218094803392948,-0.021999310580336228,0.0490186751906306,-0.0002733400423388525
13.139999999999764,-2.4399638175964355,2.134192109107971,1.9286397695541382,-0.7338337484005175,-1.3663268367426298,0.11384530631250472,0.07043665675596365,0.07218571319336041,0.00098629019789186,-0.021979596465826035,0.04887793958187103,-0.0037218094803392948,-0.021999310580336228,0.0490186751906306,-0.0002733400423388525
13.149999999999764,-2.4399638175964355,2.134192109107971,1.9286397695541382,-0.7338337484005175,-1.3663268367426298,0.11384530631250472,0.07043665675596365,0.07218571319336041,0.00098629019789186,-0.021979596465826035,0.04887793958187103,-0.0037218094803392948,-0.021999310580336228,0.0490186751906306,-0.0002733400423388525
13.159999999999764,-2.4399638175964355,2.134192109107971,1.9286397695541382,-0.7338337484005175,-1.3663268367426298,0.11384530631250472,0.07043665675596365,0.07218571319336041,0.00098629019789186,-0.021979596465826035,0.04887793958187103,-0.0037218094803392948,-0.021999310580336228,0.0490186751906306,-0.0002733400423388525
13.169999999999764,-2.467043161392212,2.0799556970596313,1.9292548894882202,-0.7016936834395904,-1.3838026208318135,0.11432021523562044,0.06948442209925083,0.07382015591513727,0.0009001855597141937,-0.02806558832526207,0.044938378036022186,-0.006135340780019765,-0.028287491185854524,0.04525590617093102,-0.0030087247336440625
13.179999999999763,-2.467043161392212,2.0799556970596313,1.9292548894882202,-0.7016936834395904,-1.3838026208318135,0.11432021523562044,0.06948442209925083,0.07382015591513727,0.0009001855597141937,-0.02806558832526207,0.044938378036022186,-0.006135340780019765,-0.028287491185854524,0.04525590617093102,-0.0030087247336440625
13.189999999999763,-2.467043161392212,2.0799556970596313,1.9292548894882202,-0.7016936834395904,-1.3838026208318135,0.11432021523562044,0.06948442209925083,0.07382015591513727,0.0009001855597141937,-0.02806558832526207,0.044938378036022186,-0.006135340780019765,-0.028287491185854524,0.04525590617093102,-0.0030087247336440625
13.199999999999763,-2.48799991607666,2.0359541177749634,1.9299311637878418,-0.6772113181885246,-1.39645223714426,0.11574257727636172,0.06910402824983725,0.07480895987910662,0.0008001382349827852,-0.016423285007476807,0.049088381230831146,-0.006476735696196562,-0.016653510695322372,0.049418432749021045,-0.0030803872548156195
13.209999999999763,-2.48799991607666,2.0359541177749634,1.9299311637878418,-0.6772113181885246,-1.39645223714426,0.11574257727636172,0.06910402824983725,0.07480895987910662,0.0008001382349827852,-0.016423285007476807,0.049088381230831146,-0.006476735696196562,-0.016653510695322372,0.049418432749021045,-0.0030803872548156195
13.219999999999763,-2.48799991607666,2.0359541177749634,1.9299311637878418,-0.6772113181885246,-1.39645223714426,0.11574257727636172,0.06910402824983725,0.07480895987910662,0.0008001382349827852,-0.016423285007476807,0.049088381230831146,-0.006476735696196562,-0.016653510695322372,0.049418432749021045,-0.0030803872548156195
13.229999999999762,-2.505040407180786,1.9976227283477783,1.9297935962677002,-0.6535909395641627,-1.4079201834671655,0.11416868711940695,0.0679583231043403,0.07696438690859678,0.0006655372975395706,-0.03402610868215561,0.05405663698911667,-0.007503415457904346,-0.034320333939977785,0.054441386354998185,-0.0038266521079412807
13.239999999999762,-2.505040407180786,1.9976227283477783,1.9297935962677002,-0.6535909395641627,-1.4079201834671655,0.11416868711940695,0.0679583231043403,0.07696438690859678,0.0006655372975395706,-0.03402610868215561,0.05405663698911667,-0.007503415457904346,-0.034320333939977785,0.054441386354998185,-0.0038266521079412807
13.249999999999762,-2.505040407180786,1.9976227283477783,1.9297935962677002,-0.6535909395641627,-1.4079201834671655,0.11416868711940695,0.0679583231043403,0.07696438690859678,0.0006655372975395706,-0.03402610868215561,0.05405663698911667,-0.007503415457904346,-0.034320333939977785,0.054441386354998185,-0.0038266521079412807
13.259999999999762,-2.505040407180786,1.9976227283477783,1.9297935962677002,-0.6535909395641627,-1.4079201834671655,0.11416868711940695,0.0679583231043403,0.07696438690859678,0.0006655372975395706,-0.03402610868215561,0.05405663698911667,-0.007503415457904346,-0.034320333939977785,0.054441386354998185,-0.0038266521079412807
13.269999999999762,-2.527071475982666,1.9433075189590454,1.92881441116333,-0.6194024894848392,-1.4226242395144524,0.11249637210756736,0.06608412321986103,0.07971702273202269,0.0005079689621944069,-0.04312958940863609,0.05899498239159584,-0.006936870515346534,-0.04337132014996114,0.059324293855992805,-0.003035574438306896
13.279999999999761,-2.527071475982666,1.9433075189590454,1.92881441116333,-0.6194024894848392,-1.4226242395144524,0.11249637210756736,0.06608412321986103,0.07971702273202269,0.0005079689621944069,-0.04312958940863609,0.05899498239159584,-0.006936870515346534,-0.04337132014996114,0.059324293855992805,-0.003035574438306896
13.289999999999761,-2.527071475982666,1.9433075189590454,1.92881441116333,-0.6194024894848392,-1.4226242395144524,0.11249637210756736,0.06608412321986103,0.07971702273202269,0.0005079689621944069,-0.04312958940863609,0.05899498239159584,-0.006936870515346534,-0.04337132014996114,0.059324293855992805,-0.003035574438306896
13.299999999999761,-2.5441484451293945,1.899144172668457,1.9283971786499023,-0.5916962096103557,-1.433010331425168,0.11362482351211345,0.06546298288233025,0.080724294270712,0.0005350917652105975,-0.04195770248770714,0.06488434970378876,-0.002375218318775304,-0.04180606664326759,0.06490074942525509,0.0018804829206796215
13.30999999999976,-2.5441484451293945,1.899144172668457,1.9283971786499023,-0.5916962096103557,-1.433010331425168,0.11362482351211345,0.06546298288233025,0.080724294270712,0.0005350917652105975,-0.04195770248770714,0.06488434970378876,-0.002375218318775304,-0.04180606664326759,0.06490074942525509,0.0018804829206796215
13.31999999999976,-2.5441484451293945,1.899144172668457,1.9283971786499023,-0.5916962096103557,-1.433010331425168,0.11362482351211345,0.06546298288233025,0.080724294270712,0.0005350917652105975,-0.04195770248770714,0.06488434970378876,-0.002375218318775304,-0.04180606664326759,0.06490074942525509,0.0018804829206796215
13.32999999999976,-2.558292865753174,1.8602945804595947,1.927918553352356,-0.5676731489606767,-1.4428097535404356,0.1125011236410364,0.06327016425315385,0.0832745999324946,0.0005789092009480435,-0.04584593325853348,0.05091797187924385,-0.005076276604086167,-0.046000071264730644,0.051137053270722974,-0.0018531016617702861
13.33999999999976,-2.558292865753174,1.8602945804595947,1.927918553352356,-0.5676731489606767,-1.4428097535404356,0.1125011236410364,0.06327016425315385,0.0832745999324946,0.0005789092009480435,-0.04584593325853348,0.05091797187924385,-0.005076276604086167,-0.046000071264730644,0.051137053270722974,-0.0018531016617702861
13.34999999999976,-2.558292865753174,1.8602945804595947,1.927918553352356,-0.5676731489606767,-1.4428097535404356,0.1125011236410364,0.06327016425315385,0.0832745999324946,0.0005789092009480435,-0.04584593325853348,0.05091797187924385,-0.005076276604086167,-0.046000071264730644,0.051137053270722974,-0.0018531016617702861
13.35999999999976,-2.558292865753174,1.8602945804595947,1.927918553352356,-0.5676731489606767,-1.4428097535404356,0.1125011236410364,0.06327016425315385,0.0832745999324946,0.0005789092009480435,-0.04584593325853348,0.05091797187924385,-0.005076276604086167,-0.046000071264730644,0.051137053270722974,-0.0018531016617702861
13.36999999999976,-2.5778415203094482,1.8039735555648804,1.9277507066726685,-0.5347327967387674,-1.4556698313284098,0.1145868569488871,0.06168379290095547,0.0849957393744761,0.000576729236733801,-0.03905019909143448,0.04270100221037865,-0.002117703203111892,-0.03900601264563668,0.04275033679440457,0.000520493068353148
13.37999999999976,-2.5778415203094482,1.8039735555648804,1.9277507066726685,-0.5347327967387674,-1.4556698313284098,0.1145868569488871,0.06168379290095547,0.0849957393744761,0.000576729236733801,-0.03905019909143448,0.04270100221037865,-0.002117703203111892,-0.03900601264563668,0.04275033679440457,0.000520493068353148
13.389999999999759,-2.5778415203094482,1.8039735555648804,1.9277507066726685,-0.5347327967387674,-1.4556698313284098,0.1145868569488871,0.06168379290095547,0.0849957393744761,0.000576729236733801,-0.03905019909143448,0.04270100221037865,-0.002117703203111892,-0.03900601264563668,0.04275033679440457,0.000520493068353148
13.399999999999759,-2.5928428173065186,1.758339524269104,1.927773118019104,-0.5085793513868745,-1.4652662097914204,0.11649769975421535,0.06076419121812164,0.08588739390388488,0.0006727713072557139,-0.037332307547330856,0.03675128519535065,-0.0003469805815257177,-0.03716997197824235,0.03670452894604902,0.0018924235042920155
13.409999999999759,-2.5928428173065186,1.758339524269104,1.927773118019104,-0.5085793513868745,-1.4652662097914204,0.11649769975421535,0.06076419121812164,0.08588739390388488,0.0006727713072557139,-0.037332307547330856,0.03675128519535065,-0.0003469805815257177,-0.03716997197824235,0.03670452894604902,0.0018924235042920155
13.419999999999758,-2.5928428173065186,1.758339524269104,1.927773118019104,-0.5085793513868745,-1.4652662097914204,0.11649769975421535,0.06076419121812164,0.08588739390388488,0.0006727713072557139,-0.037332307547330856,0.03675128519535065,-0.0003469805815257177,-0.03716997197824235,0.03670452894604902,0.0018924235042920155
13.429999999999758,-2.605195999145508,1.7182270288467407,1.927626609802246,-0.4838410949018654,-1.472766934247426,0.1164229308923318,0.05917790563836925,0.08728221179200539,0.0005873142951567572,-0.04535279422998428,0.035200607031583786,-0.005497441161423926,-0.04565082900993819,0.03546412552651793,-0.00341895014364726
13.439999999999758,-2.605195999145508,1.7182270288467407,1.927626609802246,-0.4838410949018654,-1.472766934247426,0.1164229308923318,0.05917790563836925,0.08728221179200539,0.0005873142951567572,-0.04535279422998428,0.035200607031583786,-0.005497441161423926,-0.04565082900993819,0.03546412552651793,-0.00341895014364726
13.449999999999758,-2.605195999145508,1.7182270288467407,1.927626609802246,-0.4838410949018654,-1.472766934247426,0.1164229308923318,0.05917790563836925,0.08728221179200539,0.0005873142951567572,-0.04535279422998428,0.035200607031583786,-0.005497441161423926,-0.04565082900993819,0.03546412552651793,-0.00341895014364726
13.459999999999757,-2.605195999145508,1.7182270288467407,1.927626609802246,-0.4838410949018654,-1.472766934247426,0.1164229308923318,0.05917790563836925,0.08728221179200539,0.0005873142951567572,-0.04535279422998428,0.035200607031583786,-0.005497441161423926,-0.04565082900993819,0.03546412552651793,-0.00341895014364726
13.469999999999757,-2.622020721435547,1.660275936126709,1.9276982545852661,-0.44959638696236204,-1.48436099358735,0.11620794725874078,0.05724505208409232,0.08920174856055596,0.0006311426373524909,-0.0404006727039814,0.045549891889095306,-0.002708568004891282,-0.04040944213551434,0.04563024630768765,-9.844058145933813e-05
13.479999999999757,-2.622020721435547,1.660275936126709,1.9276982545852661,-0.44959638696236204,-1.48436099358735,0.11620794725874078,0.05724505208409232,0.08920174856055596,0.0006311426373524909,-0.0404006727039814,0.045549891889095306,-0.002708568004891282,-0.04040944213551434,0.04563024630768765,-9.844058145933813e-05
13.489999999999757,-2.622020721435547,1.660275936126709,1.9276982545852661,-0.44959638696236204,-1.48436099358735,0.11620794725874078,0.05724505208409232,0.08920174856055596,0.0006311426373524909,-0.0404006727039814,0.045549891889095306,-0.002708568004891282,-0.04040944213551434,0.04563024630768765,-9.844058145933813e-05
13.499999999999757,-2.634714126586914,1.613426923751831,1.928049921989441,-0.4219110696833401,-1.4931316483681976,0.11567440120004235,0.056424257233794343,0.09018477624900591,0.0007092024815081153,-0.04133741557598114,0.05092313885688782,0.0007848269306123194,-0.04100686165694366,0.05079783866082623,0.0036702694221203125
13.509999999999756,-2.634714126586914,1.613426923751831,1.928049921989441,-0.4219110696833401,-1.4931316483681976,0.11567440120004235,0.056424257233794343,0.09018477624900591,0.0007092024815081153,-0.04133741557598114,0.05092313885688782,0.0007848269306123194,-0.04100686165694366,0.05079783866082623,0.0036702694221203125
13.519999999999756,-2.634714126586914,1.613426923751831,1.928049921989441,-0.4219110696833401,-1.4931316483681976,0.11567440120004235,0.056424257233794343,0.09018477624900591,0.0007092024815081153,-0.04133741557598114,0.05092313885688782,0.0007848269306123194,-0.04100686165694366,0.05079783866082623,0.0036702694221203125
13.529999999999756,-2.645068645477295,1.5722417831420898,1.9280409812927246,-0.3972360644839858,-1.500987319958069,0.11492282121031572,0.05438814595077733,0.09188816731868174,0.000636232330561343,-0.05995853617787361,0.044632405042648315,-0.0021007102914154586,-0.05992824971762991,0.04468060583287317,0.0003300655943473496
13.539999999999756,-2.645068645477295,1.5722417831420898,1.9280409812927246,-0.3972360644839858,-1.500987319958069,0.11492282121031572,0.05438814595077733,0.09188816731868174,0.000636232330561343,-0.05995853617787361,0.044632405042648315,-0.0021007102914154586,-0.05992824971762991,0.04468060583287317,0.0003300655943473496
13.549999999999756,-2.645068645477295,1.5722417831420898,1.9280409812927246,-0.3972360644839858,-1.500987319958069,0.11492282121031572,0.05438814595077733,0.09188816731868174,0.000636232330561343,-0.05995853617787361,0.044632405042648315,-0.0021007102914154586,-0.05992824971762991,0.04468060583287317,0.0003300655943473496
13.559999999999755,-2.645068645477295,1.5722417831420898,1.9280409812927246,-0.3972360644839858,-1.500987319958069,0.11492282121031572,0.05438814595077733,0.09188816731868174,0.000636232330561343,-0.05995853617787361,0.044632405042648315,-0.0021007102914154586,-0.05992824971762991,0.04468060583287317,0.0003300655943473496
13.569999999999755,-2.6589317321777344,1.5128495693206787,1.9285781383514404,-0.362933506598819,-1.5101513962276616,0.11562183870418,0.05224358780798248,0.09331361059756317,0.000579436755121744,-0.05929241701960564,0.04036489874124527,-0.0027489855419844437,-0.059352067125848756,0.040453376989390936,-0.0006401720006486276
13.579999999999755,-2.6589317321777344,1.5128495693206787,1.9285781383514404,-0.362933506598819,-1.5101513962276616,0.11562183870418,0.05224358780798248,0.09331361059756317,0.000579436755121744,-0.05929241701960564,0.04036489874124527,-0.0027489855419844437,-0.059352067125848756,0.040453376989390936,-0.0006401720006486276
13.589999999999755,-2.6589317321777344,1.5128495693206787,1.9285781383514404,-0.362933506598819,-1.5101513962276616,0.11562183870418,0.05224358780798248,0.09331361059756317,0.000579436755121744,-0.05929241701960564,0.04036489874124527,-0.0027489855419844437,-0.059352067125848756,0.040453376989390936,-0.0006401720006486276
13.599999999999755,-2.6691935062408447,1.4649604558944702,1.9290097951889038,-0.335188777990142,-1.517068831743621,0.11686790028128673,0.05097780071209045,0.09432367657742477,0.0005040523374296952,-0.06349547207355499,0.05012865364551544,-0.007668000180274254,-0.06397830429606172,0.05045426067791046,-0.005126485099684237
13.609999999999754,-2.6691935062408447,1.4649604558944702,1.9290097951889038,-0.335188777990142,-1.517068831743621,0.11686790028128673,0.05097780071209045,0.09432367657742477,0.0005040523374296952,-0.06349547207355499,0.05012865364551544,-0.007668000180274254,-0.06397830429606172,0.05045426067791046,-0.005126485099684237
13.619999999999754,-2.6691935062408447,1.4649604558944702,1.9290097951889038,-0.335188777990142,-1.517068831743621,0.11686790028128673,0.05097780071209045,0.09432367657742477,0.0005040523374296952,-0.06349547207355499,0.05012865364551544,-0.007668000180274254,-0.06397830429606172,0.05045426067791046,-0.005126485099684237
13.629999999999754,-2.6768126487731934,1.423441767692566,1.9288320541381836,-0.31059191302699724,-1.522763916462611,0.11375824515049279,0.04812354743848888,0.0965075591846202,0.0004682486783100418,-0.06541598588228226,0.047223810106515884,-0.005995997227728373,-0.06577585671457924,0.04745757571499221,-0.003734733993595527
13.639999999999754,-2.6768126487731934,1.423441767692566,1.9288320541381836,-0.31059191302699724,-1.522763916462611,0.11375824515049279,0.04812354743848888,0.0965075591846202,0.0004682486783100418,-0.06541598588228226,0.047223810106515884,-0.005995997227728373,-0.06577585671457924,0.04745757571499221,-0.003734733993595527
13.649999999999753,-2.6768126487731934,1.423441767692566,1.9288320541381836,-0.31059191302699724,-1.522763916462611,0.11375824515049279,0.04812354743848888,0.0965075591846202,0.0004682486783100418,-0.06541598588228226,0.047223810106515884,-0.005995997227728373,-0.06577585671457924,0.04745757571499221,-0.003734733993595527
13.659999999999753,-2.6768126487731934,1.423441767692566,1.9288320541381836,-0.31059191302699724,-1.522763916462611,0.11375824515049279,0.04812354743848888,0.0965075591846202,0.0004682486783100418,-0.06541598588228226,0.047223810106515884,-0.005995997227728373,-0.06577585671457924,0.04745757571499221,-0.003734733993595527
13.669999999999753,-2.6851963996887207,1.365012526512146,1.927306890487671,-0.27399067476905925,-1.5275151286290667,0.11067668040693804,0.04517235529480442,0.09844529749612915,0.0003629235826093996,-0.06971635669469833,0.051670413464307785,-0.002603297354653484,-0.06974276250429777,0.05173526169538485,-0.00026866199227118125
13.679999999999753,-2.6851963996887207,1.365012526512146,1.927306890487671,-0.27399067476905925,-1.5275151286290667,0.11067668040693804,0.04517235529480442,0.09844529749612915,0.0003629235826093996,-0.06971635669469833,0.051670413464307785,-0.002603297354653484,-0.06974276250429777,0.05173526169538485,-0.00026866199227118125
13.689999999999753,-2.6851963996887207,1.365012526512146,1.927306890487671,-0.27399067476905925,-1.5275151286290667,0.11067668040693804,0.04517235529480442,0.09844529749612915,0.0003629235826093996,-0.06971635669469833,0.051670413464307785,-0.002603297354653484,-0.06974276250429777,0.05173526169538485,-0.00026866199227118125
13.699999999999752,-2.6912877559661865,1.3178092241287231,1.9265950918197632,-0.2453507611389001,-1.5304297195289347,0.11138261950152539,0.043875806217045565,0.09936977076393895,0.00039295157869822595,-0.06261660903692245,0.04576851800084114,0.0006384910666383747,-0.06235287127279007,0.04569646556976361,0.002658477548360356
13.709999999999752,-2.6912877559661865,1.3178092241287231,1.9265950918197632,-0.2453507611389001,-1.5304297195289347,0.11138261950152539,0.043875806217045565,0.09936977076393895,0.00039295157869822595,-0.06261660903692245,0.04576851800084114,0.0006384910666383747,-0.06235287127279007,0.04569646556976361,0.002658477548360356
13.719999999999752,-2.6912877559661865,1.3178092241287231,1.9265950918197632,-0.2453507611389001,-1.5304297195289347,0.11138261950152539,0.043875806217045565,0.09936977076393895,0.00039295157869822595,-0.06261660903692245,0.04576851800084114,0.0006384910666383747,-0.06235287127279007,0.04569646556976361,0.002658477548360356
13.729999999999752,-2.6957850456237793,1.2765192985534668,1.925811529159546,-0.21934850858131505,-1.5316205549145785,0.11247317560693579,0.04157379444803405,0.10107081071593996,0.00027349834734906276,-0.05514016002416611,0.030293721705675125,-0.004581889137625698,-0.05547674758884217,0.030457977588691478,-0.0033358919715492626
13.739999999999752,-2.6957850456237793,1.2765192985534668,1.925811529159546,-0.21934850858131505,-1.5316205549145785,0.11247317560693579,0.04157379444803405,0.10107081071593996,0.00027349834734906276,-0.05514016002416611,0.030293721705675125,-0.004581889137625698,-0.05547674758884217,0.030457977588691478,-0.0033358919715492626
13.749999999999751,-2.6957850456237793,1.2765192985534668,1.925811529159546,-0.21934850858131505,-1.5316205549145785,0.11247317560693579,0.04157379444803405,0.10107081071593996,0.00027349834734906276,-0.05514016002416611,0.030293721705675125,-0.004581889137625698,-0.05547674758884217,0.030457977588691478,-0.0033358919715492626
13.759999999999751,-2.6957850456237793,1.2765192985534668,1.925811529159546,-0.21934850858131505,-1.5316205549145785,0.11247317560693579,0.04157379444803405,0.10107081071593996,0.00027349834734906276,-0.05514016002416611,0.030293721705675125,-0.004581889137625698,-0.05547674758884217,0.030457977588691478,-0.0033358919715492626
13.76999999999975,-2.7014310359954834,1.217077612876892,1.92543625831604,-0.18295030722954211,-1.5343146138219053,0.11564062154583343,0.03992895874883639,0.10228392224488855,0.0002444991701974246,-0.03745231777429581,0.03188002109527588,-0.0037312775384634772,-0.0377043766096427,0.032003557407537755,-0.0024686077094567263
13.77999999999975,-2.7014310359954834,1.217077612876892,1.92543625831604,-0.18295030722954211,-1.5343146138219053,0.11564062154583343,0.03992895874883639,0.10228392224488855,0.0002444991701974246,-0.03745231777429581,0.03188002109527588,-0.0037312775384634772,-0.0377043766096427,0.032003557407537755,-0.0024686077094567263
13.78999999999975,-2.7014310359954834,1.217077612876892,1.92543625831604,-0.18295030722954211,-1.5343146138219053,0.11564062154583343,0.03992895874883639,0.10228392224488855,0.0002444991701974246,-0.03745231777429581,0.03188002109527588,-0.0037312775384634772,-0.0377043766096427,0.032003557407537755,-0.0024686077094567263
13.79999999999975,-2.705158233642578,1.1691879034042358,1.9255332946777344,-0.15343209224477952,-1.5362888231959368,0.11845702760793307,0.03913499598146347,0.10290810090550506,0.00018365785194886586,-0.03460060805082321,0.025729836896061897,-0.0010812173131853375,-0.03460822023501261,0.02575243880686208,-7.410142004114117e-05
13.80999999999975,-2.705158233642578,1.1691879034042358,1.9255332946777344,-0.15343209224477952,-1.5362888231959368,0.11845702760793307,0.03913499598146347,0.10290810090550506,0.00018365785194886586,-0.03460060805082321,0.025729836896061897,-0.0010812173131853375,-0.03460822023501261,0.02575243880686208,-7.410142004114117e-05
13.81999999999975,-2.705158233642578,1.1691879034042358,1.9255332946777344,-0.15343209224477952,-1.5362888231959368,0.11845702760793307,0.03913499598146347,0.10290810090550506,0.00018365785194886586,-0.03460060805082321,0.025729836896061897,-0.0010812173131853375,-0.03460822023501261,0.02575243880686208,-7.410142004114117e-05
13.82999999999975,-2.7075998783111572,1.1272730827331543,1.9255541563034058,-0.1269231021023421,-1.5391901264573842,0.11937110727222275,0.03762115417714134,0.104048261993425,7.885687728930506e-05,-0.0357222855091095,0.01849166676402092,-0.007232571020722392,-0.03640438572743912,0.01875061569402437,-0.006567457276925498
13.83999999999975,-2.7075998783111572,1.1272730827331543,1.9255541563034058,-0.1269231021023421,-1.5391901264573842,0.11937110727222275,0.03762115417714134,0.104048261993425,7.885687728930506e-05,-0.0357222855091095,0.01849166676402092,-0.007232571020722392,-0.03640438572743912,0.01875061569402437,-0.006567457276925498
13.84999999999975,-2.7075998783111572,1.1272730827331543,1.9255541563034058,-0.1269231021023421,-1.5391901264573842,0.11937110727222275,0.03762115417714134,0.104048261993425,7.885687728930506e-05,-0.0357222855091095,0.01849166676402092,-0.007232571020722392,-0.03640438572743912,0.01875061569402437,-0.006567457276925498
13.859999999999749,-2.7075998783111572,1.1272730827331543,1.9255541563034058,-0.1269231021023421,-1.5391901264573842,0.11937110727222275,0.03762115417714134,0.104048261993425,7.885687728930506e-05,-0.0357222855091095,0.01849166676402092,-0.007232571020722392,-0.03640438572743912,0.01875061569402437,-0.006567457276925498
13.869999999999749,-2.7101621627807617,1.0670080184936523,1.9260339736938477,-0.09077082347599023,-1.5411702071860371,0.12088676036074614,0.03619740640422703,0.10488269001807395,-5.6747998428195105e-05,-0.03690711781382561,0.021935362368822098,-0.006593945901840928,-0.03751723537547817,0.02215962512947396,-0.0058278214083964915
13.879999999999749,-2.7101621627807617,1.0670080184936523,1.9260339736938477,-0.09077082347599023,-1.5411702071860371,0.12088676036074614,0.03619740640422703,0.10488269001807395,-5.6747998428195105e-05,-0.03690711781382561,0.021935362368822098,-0.006593945901840928,-0.03751723537547817,0.02215962512947396,-0.0058278214083964915
13.889999999999748,-2.7101621627807617,1.0670080184936523,1.9260339736938477,-0.09077082347599023,-1.5411702071860371,0.12088676036074614,0.03619740640422703,0.10488269001807395,-5.6747998428195105e-05,-0.03690711781382561,0.021935362368822098,-0.006593945901840928,-0.03751723537547817,0.02215962512947396,-0.0058278214083964915
13.899999999999748,-2.7113683223724365,1.0185644626617432,1.9266375303268433,-0.06072831331086686,-1.5419276233381087,0.12271053052624573,0.03523412661662556,0.10520900320615778,-0.00011380229172852693,-0.04993538558483124,0.013413205742835999,-0.0020774058066308516,-0.05010472523151185,0.013478061169870178,-0.0016125278919286697
13.909999999999748,-2.7113683223724365,1.0185644626617432,1.9266375303268433,-0.06072831331086686,-1.5419276233381087,0.12271053052624573,0.03523412661662556,0.10520900320615778,-0.00011380229172852693,-0.04993538558483124,0.013413205742835999,-0.0020774058066308516,-0.05010472523151185,0.013478061169870178,-0.0016125278919286697
13.919999999999748,-2.7113683223724365,1.0185644626617432,1.9266375303268433,-0.06072831331086686,-1.5419276233381087,0.12271053052624573,0.03523412661662556,0.10520900320615778,-0.00011380229172852693,-0.04993538558483124,0.013413205742835999,-0.0020774058066308516,-0.05010472523151185,0.013478061169870178,-0.0016125278919286697
13.929999999999747,-2.711622476577759,0.9761810302734375,1.92704176902771,-0.03474022616908613,-1.543034032132187,0.12084508161246901,0.03303530870527757,0.10581003911878858,-8.642866088648392e-05,-0.06410849094390869,0.017432037740945816,0.0004069651768077144,-0.0640041416876391,0.017409084763946734,0.0009880368950071143
13.939999999999747,-2.711622476577759,0.9761810302734375,1.92704176902771,-0.03474022616908613,-1.543034032132187,0.12084508161246901,0.03303530870527757,0.10581003911878858,-8.642866088648392e-05,-0.06410849094390869,0.017432037740945816,0.0004069651768077144,-0.0640041416876391,0.017409084763946734,0.0009880368950071143
13.949999999999747,-2.711622476577759,0.9761810302734375,1.92704176902771,-0.03474022616908613,-1.543034032132187,0.12084508161246901,0.03303530870527757,0.10581003911878858,-8.642866088648392e-05,-0.06410849094390869,0.017432037740945816,0.0004069651768077144,-0.0640041416876391,0.017409084763946734,0.0009880368950071143
13.959999999999747,-2.711622476577759,0.9761810302734375,1.92704176902771,-0.03474022616908613,-1.543034032132187,0.12084508161246901,0.03303530870527757,0.10581003911878858,-8.642866088648392e-05,-0.06410849094390869,0.017432037740945816,0.0004069651768077144,-0.0640041416876391,0.017409084763946734,0.0009880368950071143
13.969999999999747,-2.7109768390655518,0.9154167175292969,1.927812933921814,0.0014553266876856695,-1.5428737766671607,0.11953341241850265,0.030486435485029707,0.10654398324214664,-0.00010772550002652309,-0.055747177451848984,0.022706255316734314,0.0001799968013074221,-0.055653913807412886,0.022690217667975354,0.0008770117698634822
13.979999999999746,-2.7109768390655518,0.9154167175292969,1.927812933921814,0.0014553266876856695,-1.5428737766671607,0.11953341241850265,0.030486435485029707,0.10654398324214664,-0.00010772550002652309,-0.055747177451848984,0.022706255316734314,0.0001799968013074221,-0.055653913807412886,0.022690217667975354,0.0008770117698634822
13.989999999999746,-2.7109768390655518,0.9154167175292969,1.927812933921814,0.0014553266876856695,-1.5428737766671607,0.11953341241850265,0.030486435485029707,0.10654398324214664,-0.00010772550002652309,-0.055747177451848984,0.022706255316734314,0.0001799968013074221,-0.055653913807412886,0.022690217667975354,0.0008770117698634822
13.999999999999746,-2.709571123123169,0.8666856288909912,1.9286795854568481,0.03097421987175373,-1.5421279121966072,0.12073026141516882,0.029098912886645616,0.10707381759119894,-0.00010114576204180488,-0.05708573758602142,0.022539522498846054,-8.885620627552547e-05,-0.0570247974702925,0.022532565792804576,0.0005702301219854529
14.009999999999746,-2.709571123123169,0.8666856288909912,1.9286795854568481,0.03097421987175373,-1.5421279121966072,0.12073026141516882,0.029098912886645616,0.10707381759119894,-0.00010114576204180488,-0.05708573758602142,0.022539522498846054,-8.885620627552547e-05,-0.0570247974702925,0.022532565792804576,0.0005702301219854529
14.019999999999746,-2.709571123123169,0.8666856288909912,1.9286795854568481,0.03097421987175373,-1.5421279121966072,0.12073026141516882,0.029098912886645616,0.10707381759119894,-0.00010114576204180488,-0.05708573758602142,0.022539522498846054,-8.885620627552547e-05,-0.0570247974702925,0.022532565792804576,0.0005702301219854529
14.029999999999745,-2.7073042392730713,0.8249673843383789,1.9289649724960327,0.05567233447216563,-1.5409910324464482,0.11825338578270939,0.026427391778458223,0.10773933901765173,-0.00017574222594721878,-0.07139776647090912,0.020217057317495346,-0.006595403887331488,-0.07205308364079169,0.02038427689536381,-0.006094214884806718
14.039999999999745,-2.7073042392730713,0.8249673843383789,1.9289649724960327,0.05567233447216563,-1.5409910324464482,0.11825338578270939,0.026427391778458223,0.10773933901765173,-0.00017574222594721878,-0.07139776647090912,0.020217057317495346,-0.006595403887331488,-0.07205308364079169,0.02038427689536381,-0.006094214884806718
14.049999999999745,-2.7073042392730713,0.8249673843383789,1.9289649724960327,0.05567233447216563,-1.5409910324464482,0.11825338578270939,0.026427391778458223,0.10773933901765173,-0.00017574222594721878,-0.07139776647090912,0.020217057317495346,-0.006595403887331488,-0.07205308364079169,0.02038427689536381,-0.006094214884806718
14.059999999999745,-2.7073042392730713,0.8249673843383789,1.9289649724960327,0.05567233447216563,-1.5409910324464482,0.11825338578270939,0.026427391778458223,0.10773933901765173,-0.00017574222594721878,-0.07139776647090912,0.020217057317495346,-0.006595403887331488,-0.07205308364079169,0.02038427689536381,-0.006094214884806718
14.069999999999744,-2.70241379737854,0.7673368453979492,1.9289028644561768,0.09192631640542116,-1.5371699958551792,0.11695410896696556,0.023989879524685877,0.10845623586844566,-0.00023163196206399462,-0.0646008774638176,0.018344275653362274,-0.006229012273252013,-0.06523100640676682,0.01848841613076984,-0.005821389405210426
14.079999999999744,-2.70241379737854,0.7673368453979492,1.9289028644561768,0.09192631640542116,-1.5371699958551792,0.11695410896696556,0.023989879524685877,0.10845623586844566,-0.00023163196206399462,-0.0646008774638176,0.018344275653362274,-0.006229012273252013,-0.06523100640676682,0.01848841613076984,-0.005821389405210426
14.089999999999744,-2.70241379737854,0.7673368453979492,1.9289028644561768,0.09192631640542116,-1.5371699958551792,0.11695410896696556,0.023989879524685877,0.10845623586844566,-0.00023163196206399462,-0.0646008774638176,0.018344275653362274,-0.006229012273252013,-0.06523100640676682,0.01848841613076984,-0.005821389405210426
14.099999999999744,-2.69767427444458,0.7208414077758789,1.9290508031845093,0.12177708760688818,-1.5331379963595244,0.11708916714928952,0.02244516691769489,0.10907754545060407,-0.0003312210717524286,-0.060714688152074814,0.029439792037010193,-0.002504144795238975,-0.060916495995745924,0.029488577906634197,-0.0018538057579110662
14.109999999999744,-2.69767427444458,0.7208414077758789,1.9290508031845093,0.12177708760688818,-1.5331379963595244,0.11708916714928952,0.02244516691769489,0.10907754545060407,-0.0003312210717524286,-0.060714688152074814,0.029439792037010193,-0.002504144795238975,-0.060916495995745924,0.029488577906634197,-0.0018538057579110662
14.119999999999743,-2.69767427444458,0.7208414077758789,1.9290508031845093,0.12177708760688818,-1.5331379963595244,0.11708916714928952,0.02244516691769489,0.10907754545060407,-0.0003312210717524286,-0.060714688152074814,0.029439792037010193,-0.002504144795238975,-0.060916495995745924,0.029488577906634197,-0.0018538057579110662
14.129999999999743,-2.69275164604187,0.6803832054138184,1.929138422012329,0.14598744565045632,-1.5288811577116883,0.11571042443688734,0.01999741040764691,0.11001201072190052,-0.00031106191879394545,-0.061881229281425476,0.02091440185904503,-0.0016595300985500243,-0.062018306784871066,0.020943404293815252,-0.0012485399862925627
14.139999999999743,-2.69275164604187,0.6803832054138184,1.929138422012329,0.14598744565045632,-1.5288811577116883,0.11571042443688734,0.01999741040764691,0.11001201072190052,-0.00031106191879394545,-0.061881229281425476,0.02091440185904503,-0.0016595300985500243,-0.062018306784871066,0.020943404293815252,-0.0012485399862925627
14.149999999999743,-2.69275164604187,0.6803832054138184,1.929138422012329,0.14598744565045632,-1.5288811577116883,0.11571042443688734,0.01999741040764691,0.11001201072190052,-0.00031106191879394545,-0.061881229281425476,0.02091440185904503,-0.0016595300985500243,-0.062018306784871066,0.020943404293815252,-0.0012485399862925627
14.159999999999743,-2.69275164604187,0.6803832054138184,1.929138422012329,0.14598744565045632,-1.5288811577116883,0.11571042443688734,0.01999741040764691,0.11001201072190052,-0.00031106191879394545,-0.061881229281425476,0.02091440185904503,-0.0016595300985500243,-0.062018306784871066,0.020943404293815252,-0.0012485399862925627
14.169999999999742,-2.6847758293151855,0.62221360206604,1.929789662361145,0.1809635643936063,-1.5233821487413552,0.11872231471451314,0.018282384356751998,0.11069660809373641,-0.00016976911536865057,-0.03730848431587219,0.01770269125699997,0.004310008138418196,-0.03679353100434154,0.017620939980434906,0.004661448166917806
14.179999999999742,-2.6847758293151855,0.62221360206604,1.929789662361145,0.1809635643936063,-1.5233821487413552,0.11872231471451314,0.018282384356751998,0.11069660809373641,-0.00016976911536865057,-0.03730848431587219,0.01770269125699997,0.004310008138418196,-0.03679353100434154,0.017620939980434906,0.004661448166917806
14.189999999999742,-2.6847758293151855,0.62221360206604,1.929789662361145,0.1809635643936063,-1.5233821487413552,0.11872231471451314,0.018282384356751998,0.11069660809373641,-0.00016976911536865057,-0.03730848431587219,0.01770269125699997,0.004310008138418196,-0.03679353100434154,0.017620939980434906,0.004661448166917806
14.199999999999742,-2.6775338649749756,0.5754690170288086,1.9306925535202026,0.20940885893004108,-1.5184028819554534,0.12200765941951393,0.017610972270847368,0.1110252535711708,-0.00014843859924980308,-0.031146366149187088,0.015592864714562893,0.001212210045196114,-0.030980632985313616,0.015569099648064655,0.0014958231281055592
14.209999999999742,-2.6775338649749756,0.5754690170288086,1.9306925535202026,0.20940885893004108,-1.5184028819554534,0.12200765941951393,0.017610972270847368,0.1110252535711708,-0.00014843859924980308,-0.031146366149187088,0.015592864714562893,0.001212210045196114,-0.030980632985313616,0.015569099648064655,0.0014958231281055592
14.219999999999741,-2.6775338649749756,0.5754690170288086,1.9306925535202026,0.20940885893004108,-1.5184028819554534,0.12200765941951393,0.017610972270847368,0.1110252535711708,-0.00014843859924980308,-0.031146366149187088,0.015592864714562893,0.001212210045196114,-0.030980632985313616,0.015569099648064655,0.0014958231281055592
14.229999999999741,-2.670448064804077,0.5348024368286133,1.9312527179718018,0.23334271607693136,-1.5134910575082785,0.12204790280025912,0.016289381453361666,0.11191070985143188,-6.269992777702538e-05,-0.036753810942173004,0.017259273678064346,0.0026557554956525543,-0.03642380255298424,0.017213725205602715,0.002955018651370302
14.23999999999974,-2.670448064804077,0.5348024368286133,1.9312527179718018,0.23334271607693136,-1.5134910575082785,0.12204790280025912,0.016289381453361666,0.11191070985143188,-6.269992777702538e-05,-0.036753810942173004,0.017259273678064346,0.0026557554956525543,-0.03642380255298424,0.017213725205602715,0.002955018651370302
14.24999999999974,-2.670448064804077,0.5348024368286133,1.9312527179718018,0.23334271607693136,-1.5134910575082785,0.12204790280025912,0.016289381453361666,0.11191070985143188,-6.269992777702538e-05,-0.036753810942173004,0.017259273678064346,0.0026557554956525543,-0.03642380255298424,0.017213725205602715,0.002955018651370302
14.25999999999974,-2.670448064804077,0.5348024368286133,1.9312527179718018,0.23334271607693136,-1.5134910575082785,0.12204790280025912,0.016289381453361666,0.11191070985143188,-6.269992777702538e-05,-0.036753810942173004,0.017259273678064346,0.0026557554956525543,-0.03642380255298424,0.017213725205602715,0.002955018651370302
14.26999999999974,-2.659363269805908,0.4764881134033203,1.9323910474777222,0.2667188027681052,-1.5072514305797955,0.12282767149077056,0.014392491544323562,0.11288020675495634,5.1629934087580616e-05,-0.04434765502810478,0.019593071192502975,-0.00010220104013569893,-0.04432727332491017,0.019592512812620422,0.00018094448934621442
14.27999999999974,-2.659363269805908,0.4764881134033203,1.9323910474777222,0.2667188027681052,-1.5072514305797955,0.12282767149077056,0.014392491544323562,0.11288020675495634,5.1629934087580616e-05,-0.04434765502810478,0.019593071192502975,-0.00010220104013569893,-0.04432727332491017,0.019592512812620422,0.00018094448934621442
14.28999999999974,-2.659363269805908,0.4764881134033203,1.9323910474777222,0.2667188027681052,-1.5072514305797955,0.12282767149077056,0.014392491544323562,0.11288020675495634,5.1629934087580616e-05,-0.04434765502810478,0.019593071192502975,-0.00010220104013569893,-0.04432727332491017,0.019592512812620422,0.00018094448934621442
14.29999999999974,-2.649627923965454,0.42976903915405273,1.9334325790405273,0.2937930459154147,-1.5010257725513467,0.12282157155523768,0.013717154192631384,0.11318397072996095,0.00011450974378179365,-0.042350638657808304,0.01745534874498844,0.001110367360524831,-0.042197219341536626,0.017438475966090945,0.0013583846845287328
14.30999999999974,-2.649627923965454,0.42976903915405273,1.9334325790405273,0.2937930459154147,-1.5010257725513467,0.12282157155523768,0.013717154192631384,0.11318397072996095,0.00011450974378179365,-0.042350638657808304,0.01745534874498844,0.001110367360524831,-0.042197219341536626,0.017438475966090945,0.0013583846845287328
14.31999999999974,-2.649627923965454,0.42976903915405273,1.9334325790405273,0.2937930459154147,-1.5010257725513467,0.12282157155523768,0.013717154192631384,0.11318397072996095,0.00011450974378179365,-0.042350638657808304,0.01745534874498844,0.001110367360524831,-0.042197219341536626,0.017438475966090945,0.0013583846845287328
14.329999999999739,-2.640399932861328,0.3891124725341797,1.9341473579406738,0.3188775344045916,-1.4956136567478933,0.12090009186468276,0.011535518510008351,0.11422860959682193,-1.1672795780218835e-05,-0.05240362137556076,0.029543783515691757,-0.004859885666519407,-0.05292205066516196,0.029597877926371512,-0.004548408985307654
14.339999999999739,-2.640399932861328,0.3891124725341797,1.9341473579406738,0.3188775344045916,-1.4956136567478933,0.12090009186468276,0.011535518510008351,0.11422860959682193,-1.1672795780218835e-05,-0.05240362137556076,0.029543783515691757,-0.004859885666519407,-0.05292205066516196,0.029597877926371512,-0.004548408985307654
14.349999999999739,-2.640399932861328,0.3891124725341797,1.9341473579406738,0.3188775344045916,-1.4956136567478933,0.12090009186468276,0.011535518510008351,0.11422860959682193,-1.1672795780218835e-05,-0.05240362137556076,0.029543783515691757,-0.004859885666519407,-0.05292205066516196,0.029597877926371512,-0.004548408985307654
14.359999999999738,-2.640399932861328,0.3891124725341797,1.9341473579406738,0.3188775344045916,-1.4956136567478933,0.12090009186468276,0.011535518510008351,0.11422860959682193,-1.1672795780218835e-05,-0.05240362137556076,0.029543783515691757,-0.004859885666519407,-0.05292205066516196,0.029597877926371512,-0.004548408985307654
14.369999999999738,-2.6261284351348877,0.3310227394104004,1.9351005554199219,0.35417830480517076,-1.4861062825772566,0.12043377874715948,0.009310245451558565,0.11524830775145184,0.00014844032803409949,-0.05267117917537689,0.026995865628123283,0.004997578449547287,-0.05206358335298022,0.026948167616867733,0.00528374735842499
14.379999999999738,-2.6261284351348877,0.3310227394104004,1.9351005554199219,0.35417830480517076,-1.4861062825772566,0.12043377874715948,0.009310245451558565,0.11524830775145184,0.00014844032803409949,-0.05267117917537689,0.026995865628123283,0.004997578449547287,-0.05206358335298022,0.026948167616867733,0.00528374735842499
14.389999999999738,-2.6261284351348877,0.3310227394104004,1.9351005554199219,0.35417830480517076,-1.4861062825772566,0.12043377874715948,0.009310245451558565,0.11524830775145184,0.00014844032803409949,-0.05267117917537689,0.026995865628123283,0.004997578449547287,-0.05206358335298022,0.026948167616867733,0.00528374735842499
14.399999999999737,-2.6137819290161133,0.284595251083374,1.9358595609664917,0.381771965923361,-1.480056455302248,0.12147531711564351,0.00804446002295289,0.11594494427425067,6.53886641361991e-05,-0.052646465599536896,0.029601458460092545,-0.0036247877869755064,-0.05304088742852617,0.029629659806622386,-0.003409436579289996
14.409999999999737,-2.6137819290161133,0.284595251083374,1.9358595609664917,0.381771965923361,-1.480056455302248,0.12147531711564351,0.00804446002295289,0.11594494427425067,6.53886641361991e-05,-0.052646465599536896,0.029601458460092545,-0.0036247877869755064,-0.05304088742852617,0.029629659806622386,-0.003409436579289996
14.419999999999737,-2.6137819290161133,0.284595251083374,1.9358595609664917,0.381771965923361,-1.480056455302248,0.12147531711564351,0.00804446002295289,0.11594494427425067,6.53886641361991e-05,-0.052646465599536896,0.029601458460092545,-0.0036247877869755064,-0.05304088742852617,0.029629659806622386,-0.003409436579289996
14.429999999999737,-2.6020970344543457,0.24516558647155762,1.936026692390442,0.405569035328714,-1.4732605054071652,0.12172456459100577,0.0061553302732961215,0.11666078594173937,-6.332390607432781e-06,-0.055261895060539246,0.015934575349092484,-0.000101243145763876,-0.0552622653049957,0.01593489666579182,-3.180894167454568e-06
14.439999999999737,-2.6020970344543457,0.24516558647155762,1.936026692390442,0.405569035328714,-1.4732605054071652,0.12172456459100577,0.0061553302732961215,0.11666078594173937,-6.332390607432781e-06,-0.055261895060539246,0.015934575349092484,-0.000101243145763876,-0.0552622653049957,0.01593489666579182,-3.180894167454568e-06
14.449999999999736,-2.6020970344543457,0.24516558647155762,1.936026692390442,0.405569035328714,-1.4732605054071652,0.12172456459100577,0.0061553302732961215,0.11666078594173937,-6.332390607432781e-06,-0.055261895060539246,0.015934575349092484,-0.000101243145763876,-0.0552622653049957,0.01593489666579182,-3.180894167454568e-06
14.459999999999736,-2.6020970344543457,0.24516558647155762,1.936026692390442,0.405569035328714,-1.4732605054071652,0.12172456459100577,0.0061553302732961215,0.11666078594173937,-6.332390607432781e-06,-0.055261895060539246,0.015934575349092484,-0.000101243145763876,-0.0552622653049957,0.01593489666579182,-3.180894167454568e-06
14.469999999999736,-2.583920478820801,0.1912236213684082,1.9356540441513062,0.4390979997848496,-1.4613286359667192,0.12284387780496869,0.0033965364267139085,0.11731328758570962,-5.022781078117915e-05,-0.07147657126188278,0.016654817387461662,-0.0057528582401573675,-0.07214790036632253,0.01667426107373967,-0.00573567960683647
14.479999999999736,-2.583920478820801,0.1912236213684082,1.9356540441513062,0.4390979997848496,-1.4613286359667192,0.12284387780496869,0.0033965364267139085,0.11731328758570962,-5.022781078117915e-05,-0.07147657126188278,0.016654817387461662,-0.0057528582401573675,-0.07214790036632253,0.01667426107373967,-0.00573567960683647
14.489999999999736,-2.583920478820801,0.1912236213684082,1.9356540441513062,0.4390979997848496,-1.4613286359667192,0.12284387780496869,0.0033965364267139085,0.11731328758570962,-5.022781078117915e-05,-0.07147657126188278,0.016654817387461662,-0.0057528582401573675,-0.07214790036632253,0.01667426107373967,-0.00573567960683647
14.499999999999735,-2.5685441493988037,0.14780235290527344,1.9357199668884277,0.4656100892840019,-1.4520303242616275,0.12382841648355075,0.0020994329949441484,0.11765163097288825,-5.2751185468924395e-05,-0.06258819997310638,0.01544770784676075,0.0023844437673687918,-0.06230253200462442,0.015442667826726323,0.0024336939783435843
14.509999999999735,-2.5685441493988037,0.14780235290527344,1.9357199668884277,0.4656100892840019,-1.4520303242616275,0.12382841648355075,0.0020994329949441484,0.11765163097288825,-5.2751185468924395e-05,-0.06258819997310638,0.01544770784676075,0.0023844437673687918,-0.06230253200462442,0.015442667826726323,0.0024336939783435843
14.519999999999735,-2.5685441493988037,0.14780235290527344,1.9357199668884277,0.4656100892840019,-1.4520303242616275,0.12382841648355075,0.0020994329949441484,0.11765163097288825,-5.2751185468924395e-05,-0.06258819997310638,0.01544770784676075,0.0023844437673687918,-0.06230253200462442,0.015442667826726323,0.0024336939783435843
14.529999999999735,-2.554380416870117,0.11018562316894531,1.9356391429901123,0.4902421149008703,-1.4428966413818143,0.12221877967746399,-0.000438837896160897,0.11828197584325663,1.8601410489472183e-05,-0.06305862963199615,0.014924581162631512,0.005036932416260241,-0.06246083561423915,0.014926790122307031,0.005065777865067897
14.539999999999734,-2.554380416870117,0.11018562316894531,1.9356391429901123,0.4902421149008703,-1.4428966413818143,0.12221877967746399,-0.000438837896160897,0.11828197584325663,1.8601410489472183e-05,-0.06305862963199615,0.014924581162631512,0.005036932416260241,-0.06246083561423915,0.014926790122307031,0.005065777865067897
14.549999999999734,-2.554380416870117,0.11018562316894531,1.9356391429901123,0.4902421149008703,-1.4428966413818143,0.12221877967746399,-0.000438837896160897,0.11828197584325663,1.8601410489472183e-05,-0.06305862963199615,0.014924581162631512,0.005036932416260241,-0.06246083561423915,0.014926790122307031,0.005065777865067897
14.559999999999734,-2.554380416870117,0.11018562316894531,1.9356391429901123,0.4902421149008703,-1.4428966413818143,0.12221877967746399,-0.000438837896160897,0.11828197584325663,1.8601410489472183e-05,-0.06305862963199615,0.014924581162631512,0.005036932416260241,-0.06246083561423915,0.014926790122307031,0.005065777865067897
14.569999999999734,-2.5331287384033203,0.0562291145324707,1.935947299003601,0.5236523793257667,-1.4298547640130885,0.12361674282583943,-0.0026245159789712205,0.11884315475649142,2.389528161995145e-05,-0.050327446311712265,0.010790443047881126,0.0003852047957479941,-0.050284832302096606,0.010791416860143737,0.00035941898760973024
14.579999999999734,-2.5331287384033203,0.0562291145324707,1.935947299003601,0.5236523793257667,-1.4298547640130885,0.12361674282583943,-0.0026245159789712205,0.11884315475649142,2.389528161995145e-05,-0.050327446311712265,0.010790443047881126,0.0003852047957479941,-0.050284832302096606,0.010791416860143737,0.00035941898760973024
14.589999999999733,-2.5331287384033203,0.0562291145324707,1.935947299003601,0.5236523793257667,-1.4298547640130885,0.12361674282583943,-0.0026245159789712205,0.11884315475649142,2.389528161995145e-05,-0.050327446311712265,0.010790443047881126,0.0003852047957479941,-0.050284832302096606,0.010791416860143737,0.00035941898760973024
14.599999999999733,-2.515254497528076,0.013004302978515625,1.9364174604415894,0.5498556913235723,-1.419150696027017,0.12508046020183833,-0.003783764875275893,0.11911428388784683,7.22995984224409e-05,-0.04342547431588173,0.010503542609512806,0.0017797375330701457,-0.04321723181589003,0.010510201512936933,0.0017523989650563953
14.609999999999733,-2.515254497528076,0.013004302978515625,1.9364174604415894,0.5498556913235723,-1.419150696027017,0.12508046020183833,-0.003783764875275893,0.11911428388784683,7.22995984224409e-05,-0.04342547431588173,0.010503542609512806,0.0017797375330701457,-0.04321723181589003,0.010510201512936933,0.0017523989650563953
14.619999999999733,-2.515254497528076,0.013004302978515625,1.9364174604415894,0.5498556913235723,-1.419150696027017,0.12508046020183833,-0.003783764875275893,0.11911428388784683,7.22995984224409e-05,-0.04342547431588173,0.010503542609512806,0.0017797375330701457,-0.04321723181589003,0.010510201512936933,0.0017523989650563953
14.629999999999733,-2.4989168643951416,-0.024440526962280273,1.9367504119873047,0.5736109760828798,-1.4091458872397526,0.12573243456431224,-0.005665522605660619,0.11946256165631357,-2.2145495078720633e-05,-0.044952068477869034,0.012311209924519062,-0.0018259742064401523,-0.04517961643514965,0.012300667298737387,-0.0019093018846679654
14.639999999999732,-2.4989168643951416,-0.024440526962280273,1.9367504119873047,0.5736109760828798,-1.4091458872397526,0.12573243456431224,-0.005665522605660619,0.11946256165631357,-2.2145495078720633e-05,-0.044952068477869034,0.012311209924519062,-0.0018259742064401523,-0.04517961643514965,0.012300667298737387,-0.0019093018846679654
14.649999999999732,-2.4989168643951416,-0.024440526962280273,1.9367504119873047,0.5736109760828798,-1.4091458872397526,0.12573243456431224,-0.005665522605660619,0.11946256165631357,-2.2145495078720633e-05,-0.044952068477869034,0.012311209924519062,-0.0018259742064401523,-0.04517961643514965,0.012300667298737387,-0.0019093018846679654
14.659999999999732,-2.4989168643951416,-0.024440526962280273,1.9367504119873047,0.5736109760828798,-1.4091458872397526,0.12573243456431224,-0.005665522605660619,0.11946256165631357,-2.2145495078720633e-05,-0.044952068477869034,0.012311209924519062,-0.0018259742064401523,-0.04517961643514965,0.012300667298737387,-0.0019093018846679654
14.669999999999732,-2.474529981613159,-0.0779271125793457,1.9372059106826782,0.6069289056187113,-1.3945935376567278,0.12702947574300577,-0.007455725041161345,0.11947424968423231,-3.551392445822127e-05,-0.05027845874428749,-8.5250940173864e-05,0.0030000389087945223,-0.04991824985201597,-6.288131273636814e-05,0.0030221346038291517
14.679999999999731,-2.474529981613159,-0.0779271125793457,1.9372059106826782,0.6069289056187113,-1.3945935376567278,0.12702947574300577,-0.007455725041161345,0.11947424968423231,-3.551392445822127e-05,-0.05027845874428749,-8.5250940173864e-05,0.0030000389087945223,-0.04991824985201597,-6.288131273636814e-05,0.0030221346038291517
14.689999999999731,-2.474529981613159,-0.0779271125793457,1.9372059106826782,0.6069289056187113,-1.3945935376567278,0.12702947574300577,-0.007455725041161345,0.11947424968423231,-3.551392445822127e-05,-0.05027845874428749,-8.5250940173864e-05,0.0030000389087945223,-0.04991824985201597,-6.288131273636814e-05,0.0030221346038291517
14.699999999999731,-2.454123020172119,-0.12060737609863281,1.937789797782898,0.6335627331241284,-1.3824132852717035,0.12904181710059237,-0.008468805409077716,0.119586628080151,-4.3549176847929936e-05,-0.052072592079639435,0.0071982815861701965,-0.00081553589552641,-0.05217790830540604,0.0071911169226958754,-0.0008827714892404033
14.70999999999973,-2.454123020172119,-0.12060737609863281,1.937789797782898,0.6335627331241284,-1.3824132852717035,0.12904181710059237,-0.008468805409077716,0.119586628080151,-4.3549176847929936e-05,-0.052072592079639435,0.0071982815861701965,-0.00081553589552641,-0.05217790830540604,0.0071911169226958754,-0.0008827714892404033
14.71999999999973,-2.454123020172119,-0.12060737609863281,1.937789797782898,0.6335627331241284,-1.3824132852717035,0.12904181710059237,-0.008468805409077716,0.119586628080151,-4.3549176847929936e-05,-0.052072592079639435,0.0071982815861701965,-0.00081553589552641,-0.05217790830540604,0.0071911169226958754,-0.0008827714892404033
14.72999999999973,-2.4355926513671875,-0.15758228302001953,1.9379034042358398,0.6563869427127166,-1.3725544372102176,0.1269743654088328,-0.010920842259380413,0.11956575321895814,-4.447270491843344e-05,-0.05591404438018799,-0.00409072358161211,-0.0012093326076865192,-0.05605395649273909,-0.004103686312509454,-0.0011729615615749592
14.73999999999973,-2.4355926513671875,-0.15758228302001953,1.9379034042358398,0.6563869427127166,-1.3725544372102176,0.1269743654088328,-0.010920842259380413,0.11956575321895814,-4.447270491843344e-05,-0.05591404438018799,-0.00409072358161211,-0.0012093326076865192,-0.05605395649273909,-0.004103686312509454,-0.0011729615615749592
14.74999999999973,-2.4355926513671875,-0.15758228302001953,1.9379034042358398,0.6563869427127166,-1.3725544372102176,0.1269743654088328,-0.010920842259380413,0.11956575321895814,-4.447270491843344e-05,-0.05591404438018799,-0.00409072358161211,-0.0012093326076865192,-0.05605395649273909,-0.004103686312509454,-0.0011729615615749592
14.75999999999973,-2.4355926513671875,-0.15758228302001953,1.9379034042358398,0.6563869427127166,-1.3725544372102176,0.1269743654088328,-0.010920842259380413,0.11956575321895814,-4.447270491843344e-05,-0.05591404438018799,-0.00409072358161211,-0.0012093326076865192,-0.05605395649273909,-0.004103686312509454,-0.0011729615615749592
14.76999999999973,-2.408106803894043,-0.21027207374572754,1.9383666515350342,0.688143124278136,-1.3562980396410211,0.12711177228433101,-0.012921621740268056,0.11932790990849709,-0.00011438761297919852,-0.053879305720329285,-0.007782273925840855,-0.00046041765017434857,-0.053922447538891055,-0.0077875734154851176,-0.00036239948172258257
14.77999999999973,-2.408106803894043,-0.21027207374572754,1.9383666515350342,0.688143124278136,-1.3562980396410211,0.12711177228433101,-0.012921621740268056,0.11932790990849709,-0.00011438761297919852,-0.053879305720329285,-0.007782273925840855,-0.00046041765017434857,-0.053922447538891055,-0.0077875734154851176,-0.00036239948172258257
14.78999999999973,-2.408106803894043,-0.21027207374572754,1.9383666515350342,0.688143124278136,-1.3562980396410211,0.12711177228433101,-0.012921621740268056,0.11932790990849709,-0.00011438761297919852,-0.053879305720329285,-0.007782273925840855,-0.00046041765017434857,-0.053922447538891055,-0.0077875734154851176,-0.00036239948172258257
14.799999999999729,-2.3852577209472656,-0.2521977424621582,1.9388375282287598,0.7126531469519112,-1.343145284264963,0.12841360782731293,-0.014439728235281113,0.11928968566488889,-0.00011038541242841172,-0.06504872441291809,-0.002915189834311604,0.0018307565478608017,-0.06482426985988218,-0.002888451214306404,0.0018860622302987059
14.809999999999729,-2.3852577209472656,-0.2521977424621582,1.9388375282287598,0.7126531469519112,-1.343145284264963,0.12841360782731293,-0.014439728235281113,0.11928968566488889,-0.00011038541242841172,-0.06504872441291809,-0.002915189834311604,0.0018307565478608017,-0.06482426985988218,-0.002888451214306404,0.0018860622302987059
14.819999999999729,-2.3852577209472656,-0.2521977424621582,1.9388375282287598,0.7126531469519112,-1.343145284264963,0.12841360782731293,-0.014439728235281113,0.11928968566488889,-0.00011038541242841172,-0.06504872441291809,-0.002915189834311604,0.0018307565478608017,-0.06482426985988218,-0.002888451214306404,0.0018860622302987059
14.829999999999728,-2.364593029022217,-0.2875247001647949,1.9389007091522217,0.7349514079138039,-1.3305736612673211,0.12734476020874802,-0.017131126791499286,0.11915649906441259,-3.5287108109439e-05,-0.06852097809314728,-0.00899452529847622,0.0038580384571105255,-0.06804070050857944,-0.008927116181060991,0.0040401991695397715
14.839999999999728,-2.364593029022217,-0.2875247001647949,1.9389007091522217,0.7349514079138039,-1.3305736612673211,0.12734476020874802,-0.017131126791499286,0.11915649906441259,-3.5287108109439e-05,-0.06852097809314728,-0.00899452529847622,0.0038580384571105255,-0.06804070050857944,-0.008927116181060991,0.0040401991695397715
14.849999999999728,-2.364593029022217,-0.2875247001647949,1.9389007091522217,0.7349514079138039,-1.3305736612673211,0.12734476020874802,-0.017131126791499286,0.11915649906441259,-3.5287108109439e-05,-0.06852097809314728,-0.00899452529847622,0.0038580384571105255,-0.06804070050857944,-0.008927116181060991,0.0040401991695397715
14.859999999999728,-2.364593029022217,-0.2875247001647949,1.9389007091522217,0.7349514079138039,-1.3305736612673211,0.12734476020874802,-0.017131126791499286,0.11915649906441259,-3.5287108109439e-05,-0.06852097809314728,-0.00899452529847622,0.0038580384571105255,-0.06804070050857944,-0.008927116181060991,0.0040401991695397715
14.869999999999727,-2.333948850631714,-0.33548760414123535,1.938241958618164,0.7658445403186388,-1.3122308668418496,0.12788015418254076,-0.02000177474206224,0.11894059881004015,-5.767411771125595e-05,-0.0648188665509224,-0.0014561571879312403,-0.00588593352586031,-0.06551864196576473,-0.0015735871812036044,-0.005897297367538769
14.879999999999727,-2.333948850631714,-0.33548760414123535,1.938241958618164,0.7658445403186388,-1.3122308668418496,0.12788015418254076,-0.02000177474206224,0.11894059881004015,-5.767411771125595e-05,-0.0648188665509224,-0.0014561571879312403,-0.00588593352586031,-0.06551864196576473,-0.0015735871812036044,-0.005897297367538769
14.889999999999727,-2.333948850631714,-0.33548760414123535,1.938241958618164,0.7658445403186388,-1.3122308668418496,0.12788015418254076,-0.02000177474206224,0.11894059881004015,-5.767411771125595e-05,-0.0648188665509224,-0.0014561571879312403,-0.00588593352586031,-0.06551864196576473,-0.0015735871812036044,-0.005897297367538769
14.899999999999727,-2.3085813522338867,-0.37392497062683105,1.9381107091903687,0.7908532355874891,-1.2960720846078964,0.12952045027031778,-0.02112392861217373,0.11888516009021358,-0.00010549297984352497,-0.06903308629989624,-0.004350512754172087,-0.0029277179855853315,-0.06937174313832957,-0.004411382452998612,-0.0028553260995773234
14.909999999999727,-2.3085813522338867,-0.37392497062683105,1.9381107091903687,0.7908532355874891,-1.2960720846078964,0.12952045027031778,-0.02112392861217373,0.11888516009021358,-0.00010549297984352497,-0.06903308629989624,-0.004350512754172087,-0.0029277179855853315,-0.06937174313832957,-0.004411382452998612,-0.0028553260995773234
14.919999999999726,-2.3085813522338867,-0.37392497062683105,1.9381107091903687,0.7908532355874891,-1.2960720846078964,0.12952045027031778,-0.02112392861217373,0.11888516009021358,-0.00010549297984352497,-0.06903308629989624,-0.004350512754172087,-0.0029277179855853315,-0.06937174313832957,-0.004411382452998612,-0.0028553260995773234
14.929999999999726,-2.2857565879821777,-0.4070155620574951,1.9378513097763062,0.8125127193523164,-1.281627342845053,0.12822795981077367,-0.023895088072291657,0.11871008578948934,-9.807375593681573e-05,-0.06336577236652374,-0.00961347110569477,-0.0004165184800513077,-0.06338804103678693,-0.00962067850798643,-0.00018803000796633798
14.939999999999726,-2.2857565879821777,-0.4070155620574951,1.9378513097763062,0.8125127193523164,-1.281627342845053,0.12822795981077367,-0.023895088072291657,0.11871008578948934,-9.807375593681573e-05,-0.06336577236652374,-0.00961347110569477,-0.0004165184800513077,-0.06338804103678693,-0.00962067850798643,-0.00018803000796633798
14.949999999999726,-2.2857565879821777,-0.4070155620574951,1.9378513097763062,0.8125127193523164,-1.281627342845053,0.12822795981077367,-0.023895088072291657,0.11871008578948934,-9.807375593681573e-05,-0.06336577236652374,-0.00961347110569477,-0.0004165184800513077,-0.06338804103678693,-0.00962067850798643,-0.00018803000796633798
14.959999999999726,-2.2857565879821777,-0.4070155620574951,1.9378513097763062,0.8125127193523164,-1.281627342845053,0.12822795981077367,-0.023895088072291657,0.11871008578948934,-9.807375593681573e-05,-0.06336577236652374,-0.00961347110569477,-0.0004165184800513077,-0.06338804103678693,-0.00962067850798643,-0.00018803000796633798
14.969999999999725,-2.2521729469299316,-0.4542551040649414,1.9378736019134521,0.841505565550462,-1.2603775988032324,0.1292413699152282,-0.02586595971863582,0.11822413426541613,-0.00010832847337463215,-0.0426737517118454,-0.015901925042271614,0.002442812081426384,-0.04233484618771561,-0.01583342713086934,0.002873324409273038
14.979999999999725,-2.2521729469299316,-0.4542551040649414,1.9378736019134521,0.841505565550462,-1.2603775988032324,0.1292413699152282,-0.02586595971863582,0.11822413426541613,-0.00010832847337463215,-0.0426737517118454,-0.015901925042271614,0.002442812081426384,-0.04233484618771561,-0.01583342713086934,0.002873324409273038
14.989999999999725,-2.2521729469299316,-0.4542551040649414,1.9378736019134521,0.841505565550462,-1.2603775988032324,0.1292413699152282,-0.02586595971863582,0.11822413426541613,-0.00010832847337463215,-0.0426737517118454,-0.015901925042271614,0.002442812081426384,-0.04233484618771561,-0.01583342713086934,0.002873324409273038
14.999999999999725,-2.2244930267333984,-0.4918649196624756,1.938197135925293,0.8650005904134911,-1.2433480631219418,0.1318565753413144,-0.02658091333211008,0.11804381282791473,-9.858766105614587e-05,-0.04462456330657005,-0.011540241539478302,-0.0005862386897206292,-0.04465768902120769,-0.011551745854682606,-0.0002812749768809792
15.009999999999724,-2.2244930267333984,-0.4918649196624756,1.938197135925293,0.8650005904134911,-1.2433480631219418,0.1318565753413144,-0.02658091333211008,0.11804381282791473,-9.858766105614587e-05,-0.04462456330657005,-0.011540241539478302,-0.0005862386897206292,-0.04465768902120769,-0.011551745854682606,-0.0002812749768809792
15.019999999999724,-2.2244930267333984,-0.4918649196624756,1.938197135925293,0.8650005904134911,-1.2433480631219418,0.1318565753413144,-0.02658091333211008,0.11804381282791473,-9.858766105614587e-05,-0.04462456330657005,-0.011540241539478302,-0.0005862386897206292,-0.04465768902120769,-0.011551745854682606,-0.0002812749768809792
15.029999999999724,-2.1996943950653076,-0.5242409706115723,1.9383538961410522,0.8841306879856066,-1.2288615027728387,0.13288279527560626,-0.02825874209760981,0.11753661940104215,1.844505083012101e-05,-0.03345499932765961,-0.016532333567738533,0.0027231492567807458,-0.03307841782251093,-0.016448790474649966,0.0032113393811250206
15.039999999999724,-2.1996943950653076,-0.5242409706115723,1.9383538961410522,0.8841306879856066,-1.2288615027728387,0.13288279527560626,-0.02825874209760981,0.11753661940104215,1.844505083012101e-05,-0.03345499932765961,-0.016532333567738533,0.0027231492567807458,-0.03307841782251093,-0.016448790474649966,0.0032113393811250206
15.049999999999724,-2.1996943950653076,-0.5242409706115723,1.9383538961410522,0.8841306879856066,-1.2288615027728387,0.13288279527560626,-0.02825874209760981,0.11753661940104215,1.844505083012101e-05,-0.03345499932765961,-0.016532333567738533,0.0027231492567807458,-0.03307841782251093,-0.016448790474649966,0.0032113393811250206
15.059999999999723,-2.1996943950653076,-0.5242409706115723,1.9383538961410522,0.8841306879856066,-1.2288615027728387,0.13288279527560626,-0.02825874209760981,0.11753661940104215,1.844505083012101e-05,-0.03345499932765961,-0.016532333567738533,0.0027231492567807458,-0.03307841782251093,-0.016448790474649966,0.0032113393811250206
15.069999999999723,-2.1633076667785645,-0.570270299911499,1.9387608766555786,0.9135847989079616,-1.2081805245681692,0.13444330664131493,-0.03012010763581035,0.1168731977793079,-0.00010995824259494948,-0.044414691627025604,-0.016570016741752625,-0.004276913590729235,-0.04485802033366738,-0.016691302597752155,-0.0038018946088669466
15.079999999999723,-2.1633076667785645,-0.570270299911499,1.9387608766555786,0.9135847989079616,-1.2081805245681692,0.13444330664131493,-0.03012010763581035,0.1168731977793079,-0.00010995824259494948,-0.044414691627025604,-0.016570016741752625,-0.004276913590729235,-0.04485802033366738,-0.016691302597752155,-0.0038018946088669466
15.089999999999723,-2.1633076667785645,-0.570270299911499,1.9387608766555786,0.9135847989079616,-1.2081805245681692,0.13444330664131493,-0.03012010763581035,0.1168731977793079,-0.00010995824259494948,-0.044414691627025604,-0.016570016741752625,-0.004276913590729235,-0.04485802033366738,-0.016691302597752155,-0.0038018946088669466
15.099999999999723,-2.133392810821533,-0.6068630218505859,1.9392542839050293,0.935419971517242,-1.192888078123462,0.13593689019563682,-0.030988420966927558,0.11678399952082706,-6.918546227884735e-05,-0.04336199909448624,-0.0033658358734101053,0.002858144231140614,-0.043014614275739514,-0.0032756647245012296,0.0029813648548426145
15.109999999999722,-2.133392810821533,-0.6068630218505859,1.9392542839050293,0.935419971517242,-1.192888078123462,0.13593689019563682,-0.030988420966927558,0.11678399952082706,-6.918546227884735e-05,-0.04336199909448624,-0.0033658358734101053,0.002858144231140614,-0.043014614275739514,-0.0032756647245012296,0.0029813648548426145
15.119999999999722,-2.133392810821533,-0.6068630218505859,1.9392542839050293,0.935419971517242,-1.192888078123462,0.13593689019563682,-0.030988420966927558,0.11678399952082706,-6.918546227884735e-05,-0.04336199909448624,-0.0033658358734101053,0.002858144231140614,-0.043014614275739514,-0.0032756647245012296,0.0029813648548426145
15.129999999999722,-2.106666088104248,-0.6383922100067139,1.9395774602890015,0.9545682757153101,-1.1779049287212773,0.13440157794166563,-0.033174068452845075,0.11627223609958504,-3.1862929648381736e-06,-0.06169694662094116,-0.013784032315015793,0.003583489917218687,-0.06122522947924496,-0.013657591080855642,0.004066161553370718
15.139999999999722,-2.106666088104248,-0.6383922100067139,1.9395774602890015,0.9545682757153101,-1.1779049287212773,0.13440157794166563,-0.033174068452845075,0.11627223609958504,-3.1862929648381736e-06,-0.06169694662094116,-0.013784032315015793,0.003583489917218687,-0.06122522947924496,-0.013657591080855642,0.004066161553370718
15.149999999999721,-2.106666088104248,-0.6383922100067139,1.9395774602890015,0.9545682757153101,-1.1779049287212773,0.13440157794166563,-0.033174068452845075,0.11627223609958504,-3.1862929648381736e-06,-0.06169694662094116,-0.013784032315015793,0.003583489917218687,-0.06122522947924496,-0.013657591080855642,0.004066161553370718
15.159999999999721,-2.106666088104248,-0.6383922100067139,1.9395774602890015,0.9545682757153101,-1.1779049287212773,0.13440157794166563,-0.033174068452845075,0.11627223609958504,-3.1862929648381736e-06,-0.06169694662094116,-0.013784032315015793,0.003583489917218687,-0.06122522947924496,-0.013657591080855642,0.004066161553370718
15.169999999999721,-2.0675745010375977,-0.6830930709838867,1.9401825666427612,0.9808894648974109,-1.1575585644448494,0.1324725431918724,-0.03585744704126284,0.11557038561941707,-5.937380983230739e-05,-0.06798864901065826,-0.01664682850241661,-0.003309380495920775,-0.06830330101433098,-0.016754768273247365,-0.002728670820903429
15.17999999999972,-2.0675745010375977,-0.6830930709838867,1.9401825666427612,0.9808894648974109,-1.1575585644448494,0.1324725431918724,-0.03585744704126284,0.11557038561941707,-5.937380983230739e-05,-0.06798864901065826,-0.01664682850241661,-0.003309380495920775,-0.06830330101433098,-0.016754768273247365,-0.002728670820903429
15.18999999999972,-2.0675745010375977,-0.6830930709838867,1.9401825666427612,0.9808894648974109,-1.1575585644448494,0.1324725431918724,-0.03585744704126284,0.11557038561941707,-5.937380983230739e-05,-0.06798864901065826,-0.01664682850241661,-0.003309380495920775,-0.06830330101433098,-0.016754768273247365,-0.002728670820903429
15.19999999999972,-2.0355589389801025,-0.7184998989105225,1.940859317779541,1.002696974143436,-1.1400384685467777,0.13329487860986639,-0.03734264165978072,0.11521712784784302,-5.238878828860233e-05,-0.07648900896310806,-0.019124334678053856,2.859348023776199e-05,-0.07640307264066422,-0.01910993453646384,0.0007475169087768087
15.20999999999972,-2.0355589389801025,-0.7184998989105225,1.940859317779541,1.002696974143436,-1.1400384685467777,0.13329487860986639,-0.03734264165978072,0.11521712784784302,-5.238878828860233e-05,-0.07648900896310806,-0.019124334678053856,2.859348023776199e-05,-0.07640307264066422,-0.01910993453646384,0.0007475169087768087
15.21999999999972,-2.0355589389801025,-0.7184998989105225,1.940859317779541,1.002696974143436,-1.1400384685467777,0.13329487860986639,-0.03734264165978072,0.11521712784784302,-5.238878828860233e-05,-0.07648900896310806,-0.019124334678053856,2.859348023776199e-05,-0.07640307264066422,-0.01910993453646384,0.0007475169087768087
15.22999999999972,-2.0070743560791016,-0.747748851776123,1.9410326480865479,1.020982921453125,-1.1238222214132254,0.13282209256997116,-0.04035250288032843,0.11466487367560559,-8.351987551273677e-06,-0.08353734761476517,-0.00808680895715952,0.0010052811121568095,-0.08338409112625451,-0.00803967127511035,0.0013394933980766075
15.23999999999972,-2.0070743560791016,-0.747748851776123,1.9410326480865479,1.020982921453125,-1.1238222214132254,0.13282209256997116,-0.04035250288032843,0.11466487367560559,-8.351987551273677e-06,-0.08353734761476517,-0.00808680895715952,0.0010052811121568095,-0.08338409112625451,-0.00803967127511035,0.0013394933980766075
15.24999999999972,-2.0070743560791016,-0.747748851776123,1.9410326480865479,1.020982921453125,-1.1238222214132254,0.13282209256997116,-0.04035250288032843,0.11466487367560559,-8.351987551273677e-06,-0.08353734761476517,-0.00808680895715952,0.0010052811121568095,-0.08338409112625451,-0.00803967127511035,0.0013394933980766075
15.25999999999972,-2.0070743560791016,-0.747748851776123,1.9410326480865479,1.020982921453125,-1.1238222214132254,0.13282209256997116,-0.04035250288032843,0.11466487367560559,-8.351987551273677e-06,-0.08353734761476517,-0.00808680895715952,0.0010052811121568095,-0.08338409112625451,-0.00803967127511035,0.0013394933980766075
15.269999999999719,-1.9655975103378296,-0.7861576080322266,1.9410860538482666,1.0473909617772208,-1.0983704725796068,0.1305652096152684,-0.04416989908078139,0.11399364082632091,-0.00010393782746345846,-0.08755837380886078,-0.020991627126932144,-0.0030379067175090287,-0.08779972409940026,-0.021105293739391774,-0.002121818276189993
15.279999999999719,-1.9655975103378296,-0.7861576080322266,1.9410860538482666,1.0473909617772208,-1.0983704725796068,0.1305652096152684,-0.04416989908078139,0.11399364082632091,-0.00010393782746345846,-0.08755837380886078,-0.020991627126932144,-0.0030379067175090287,-0.08779972409940026,-0.021105293739391774,-0.002121818276189993
15.289999999999718,-1.9655975103378296,-0.7861576080322266,1.9410860538482666,1.0473909617772208,-1.0983704725796068,0.1305652096152684,-0.04416989908078139,0.11399364082632091,-0.00010393782746345846,-0.08755837380886078,-0.020991627126932144,-0.0030379067175090287,-0.08779972409940026,-0.021105293739391774,-0.002121818276189993
15.299999999999718,-1.931645154953003,-0.8168947696685791,1.9411677122116089,1.0680324885451917,-1.0780165806161859,0.13020162033382793,-0.04573781224585572,0.11363976065549752,-0.00010930046976306875,-0.07492813467979431,-0.017177997156977654,-0.0011611091904342153,-0.07497087518612815,-0.017213120635269134,-0.00037691593730805465
15.309999999999718,-1.931645154953003,-0.8168947696685791,1.9411677122116089,1.0680324885451917,-1.0780165806161859,0.13020162033382793,-0.04573781224585572,0.11363976065549752,-0.00010930046976306875,-0.07492813467979431,-0.017177997156977654,-0.0011611091904342153,-0.07497087518612815,-0.017213120635269134,-0.00037691593730805465
15.319999999999718,-1.931645154953003,-0.8168947696685791,1.9411677122116089,1.0680324885451917,-1.0780165806161859,0.13020162033382793,-0.04573781224585572,0.11363976065549752,-0.00010930046976306875,-0.07492813467979431,-0.017177997156977654,-0.0011611091904342153,-0.07497087518612815,-0.017213120635269134,-0.00037691593730805465
15.329999999999718,-1.901427149772644,-0.8431081771850586,1.941206693649292,1.0858799213247494,-1.0595544729465916,0.13059774287003806,-0.048299020513366056,0.1128021927216121,7.788967174606956e-05,-0.06581123918294907,-0.026921896263957024,0.005504568573087457,-0.06504114700012127,-0.02662473881602919,0.006841425185688023
15.339999999999717,-1.901427149772644,-0.8431081771850586,1.941206693649292,1.0858799213247494,-1.0595544729465916,0.13059774287003806,-0.048299020513366056,0.1128021927216121,7.788967174606956e-05,-0.06581123918294907,-0.026921896263957024,0.005504568573087457,-0.06504114700012127,-0.02662473881602919,0.006841425185688023
15.349999999999717,-1.901427149772644,-0.8431081771850586,1.941206693649292,1.0858799213247494,-1.0595544729465916,0.13059774287003806,-0.048299020513366056,0.1128021927216121,7.788967174606956e-05,-0.06581123918294907,-0.026921896263957024,0.005504568573087457,-0.06504114700012127,-0.02662473881602919,0.006841425185688023
15.359999999999717,-1.901427149772644,-0.8431081771850586,1.941206693649292,1.0858799213247494,-1.0595544729465916,0.13059774287003806,-0.048299020513366056,0.1128021927216121,7.788967174606956e-05,-0.06581123918294907,-0.026921896263957024,0.005504568573087457,-0.06504114700012127,-0.02662473881602919,0.006841425185688023
15.369999999999717,-1.8573397397994995,-0.8804583549499512,1.9413901567459106,1.1112932230415749,-1.0325775744618193,0.1324162093961967,-0.050769738888557785,0.11153315629838975,-5.570870386592457e-06,-0.05206455662846565,-0.02676423266530037,0.001575764734297994,-0.05173618270369559,-0.026649779979995927,0.002950295089048853
15.379999999999717,-1.8573397397994995,-0.8804583549499512,1.9413901567459106,1.1112932230415749,-1.0325775744618193,0.1324162093961967,-0.050769738888557785,0.11153315629838975,-5.570870386592457e-06,-0.05206455662846565,-0.02676423266530037,0.001575764734297994,-0.05173618270369559,-0.026649779979995927,0.002950295089048853
15.389999999999716,-1.8573397397994995,-0.8804583549499512,1.9413901567459106,1.1112932230415749,-1.0325775744618193,0.1324162093961967,-0.050769738888557785,0.11153315629838975,-5.570870386592457e-06,-0.05206455662846565,-0.02676423266530037,0.001575764734297994,-0.05173618270369559,-0.026649779979995927,0.002950295089048853
15.399999999999716,-1.8213306665420532,-0.9100747108459473,1.9418803453445435,1.1304469705261182,-1.0103539906571297,0.1342389406816413,-0.051668648211917856,0.11094731462488369,4.73854235944965e-05,-0.043634213507175446,-0.030523089691996574,0.0007767813513055481,-0.0433721749589431,-0.030442238397272964,0.0023666810469015263
15.409999999999716,-1.8213306665420532,-0.9100747108459473,1.9418803453445435,1.1304469705261182,-1.0103539906571297,0.1342389406816413,-0.051668648211917856,0.11094731462488369,4.73854235944965e-05,-0.043634213507175446,-0.030523089691996574,0.0007767813513055481,-0.0433721749589431,-0.030442238397272964,0.0023666810469015263
15.419999999999716,-1.8213306665420532,-0.9100747108459473,1.9418803453445435,1.1304469705261182,-1.0103539906571297,0.1342389406816413,-0.051668648211917856,0.11094731462488369,4.73854235944965e-05,-0.043634213507175446,-0.030523089691996574,0.0007767813513055481,-0.0433721749589431,-0.030442238397272964,0.0023666810469015263
15.429999999999715,-1.7893601655960083,-0.9352893829345703,1.9419230222702026,1.1468382669643873,-0.9907289545181824,0.13408000527736363,-0.05318026969053452,0.10952247461604471,0.00017083194622774512,-0.03428998216986656,-0.040553487837314606,-0.0004974947078153441,-0.03410757223717852,-0.040522600292454795,0.0016688366238231725
15.439999999999715,-1.7893601655960083,-0.9352893829345703,1.9419230222702026,1.1468382669643873,-0.9907289545181824,0.13408000527736363,-0.05318026969053452,0.10952247461604471,0.00017083194622774512,-0.03428998216986656,-0.040553487837314606,-0.0004974947078153441,-0.03410757223717852,-0.040522600292454795,0.0016688366238231725
15.449999999999715,-1.7893601655960083,-0.9352893829345703,1.9419230222702026,1.1468382669643873,-0.9907289545181824,0.13408000527736363,-0.05318026969053452,0.10952247461604471,0.00017083194622774512,-0.03428998216986656,-0.040553487837314606,-0.0004974947078153441,-0.03410757223717852,-0.040522600292454795,0.0016688366238231725
15.459999999999715,-1.7893601655960083,-0.9352893829345703,1.9419230222702026,1.1468382669643873,-0.9907289545181824,0.13408000527736363,-0.05318026969053452,0.10952247461604471,0.00017083194622774512,-0.03428998216986656,-0.040553487837314606,-0.0004974947078153441,-0.03410757223717852,-0.040522600292454795,0.0016688366238231725
15.469999999999715,-1.7428746223449707,-0.9709794521331787,1.94229257106781,1.1702657007574566,-0.9629889124412968,0.13299036479976284,-0.05451957371198264,0.10788111288786531,0.00012451833680366948,-0.03709392249584198,-0.040282562375068665,-0.002354955766350026,-0.037110856143775184,-0.04035103717173988,-0.0001572707094841032
15.479999999999714,-1.7428746223449707,-0.9709794521331787,1.94229257106781,1.1702657007574566,-0.9629889124412968,0.13299036479976284,-0.05451957371198264,0.10788111288786531,0.00012451833680366948,-0.03709392249584198,-0.040282562375068665,-0.002354955766350026,-0.037110856143775184,-0.04035103717173988,-0.0001572707094841032
15.489999999999714,-1.7428746223449707,-0.9709794521331787,1.94229257106781,1.1702657007574566,-0.9629889124412968,0.13299036479976284,-0.05451957371198264,0.10788111288786531,0.00012451833680366948,-0.03709392249584198,-0.040282562375068665,-0.002354955766350026,-0.037110856143775184,-0.04035103717173988,-0.0001572707094841032
15.499999999999714,-1.705012321472168,-0.9991390705108643,1.9426519870758057,1.1874616255537256,-0.9412693404160959,0.13586811996208484,-0.05521660509706856,0.10714332154099337,0.0001462713981100791,-0.03238740563392639,-0.038197506219148636,-0.000612052273936565,-0.03222640134975936,-0.038173069608714284,0.0015055790831783183
15.509999999999714,-1.705012321472168,-0.9991390705108643,1.9426519870758057,1.1874616255537256,-0.9412693404160959,0.13586811996208484,-0.05521660509706856,0.10714332154099337,0.0001462713981100791,-0.03238740563392639,-0.038197506219148636,-0.000612052273936565,-0.03222640134975936,-0.038173069608714284,0.0015055790831783183
15.519999999999714,-1.705012321472168,-0.9991390705108643,1.9426519870758057,1.1874616255537256,-0.9412693404160959,0.13586811996208484,-0.05521660509706856,0.10714332154099337,0.0001462713981100791,-0.03238740563392639,-0.038197506219148636,-0.000612052273936565,-0.03222640134975936,-0.038173069608714284,0.0015055790831783183
15.529999999999713,-1.6714518070220947,-1.0231199264526367,1.9428989887237549,1.202743628631135,-0.9213548791620817,0.13544732939879375,-0.056868126514841154,0.10564948233548017,0.0003514242437739298,-0.049362409859895706,-0.04295669123530388,0.00867603905498982,-0.04818493992741394,-0.04239412513706633,0.01116582128074785
15.539999999999713,-1.6714518070220947,-1.0231199264526367,1.9428989887237549,1.202743628631135,-0.9213548791620817,0.13544732939879375,-0.056868126514841154,0.10564948233548017,0.0003514242437739298,-0.049362409859895706,-0.04295669123530388,0.00867603905498982,-0.04818493992741394,-0.04239412513706633,0.01116582128074785
15.549999999999713,-1.6714518070220947,-1.0231199264526367,1.9428989887237549,1.202743628631135,-0.9213548791620817,0.13544732939879375,-0.056868126514841154,0.10564948233548017,0.0003514242437739298,-0.049362409859895706,-0.04295669123530388,0.00867603905498982,-0.04818493992741394,-0.04239412513706633,0.01116582128074785
15.559999999999713,-1.6714518070220947,-1.0231199264526367,1.9428989887237549,1.202743628631135,-0.9213548791620817,0.13544732939879375,-0.056868126514841154,0.10564948233548017,0.0003514242437739298,-0.049362409859895706,-0.04295669123530388,0.00867603905498982,-0.04818493992741394,-0.04239412513706633,0.01116582128074785
15.569999999999713,-1.6227608919143677,-1.056826114654541,1.9433979988098145,1.2239774698569519,-0.891620224276326,0.13426905779639473,-0.05883334543706707,0.10410286178927945,0.00041867577677011294,-0.048799145966768265,-0.0385301299393177,-0.002280464628711338,-0.048800292126342404,-0.03859755577392153,-1.1029787343677615e-05
15.579999999999712,-1.6227608919143677,-1.056826114654541,1.9433979988098145,1.2239774698569519,-0.891620224276326,0.13426905779639473,-0.05883334543706707,0.10410286178927945,0.00041867577677011294,-0.048799145966768265,-0.0385301299393177,-0.002280464628711338,-0.048800292126342404,-0.03859755577392153,-1.1029787343677615e-05
15.589999999999712,-1.6227608919143677,-1.056826114654541,1.9433979988098145,1.2239774698569519,-0.891620224276326,0.13426905779639473,-0.05883334543706707,0.10410286178927945,0.00041867577677011294,-0.048799145966768265,-0.0385301299393177,-0.002280464628711338,-0.048800292126342404,-0.03859755577392153,-1.1029787343677615e-05
15.599999999999712,-1.5832115411758423,-1.083247184753418,1.94390869140625,1.238646429466184,-0.8695496305949904,0.1342077342641869,-0.05974642819817727,0.10327568459821619,0.00036879849002454133,-0.04372818022966385,-0.041685935109853745,-0.006654418073594565,-0.044158661207791806,-0.04200889665803586,-0.004175689323706074
15.609999999999712,-1.5832115411758423,-1.083247184753418,1.94390869140625,1.238646429466184,-0.8695496305949904,0.1342077342641869,-0.05974642819817727,0.10327568459821619,0.00036879849002454133,-0.04372818022966385,-0.041685935109853745,-0.006654418073594565,-0.044158661207791806,-0.04200889665803586,-0.004175689323706074
15.619999999999711,-1.5832115411758423,-1.083247184753418,1.94390869140625,1.238646429466184,-0.8695496305949904,0.1342077342641869,-0.05974642819817727,0.10327568459821619,0.00036879849002454133,-0.04372818022966385,-0.041685935109853745,-0.006654418073594565,-0.044158661207791806,-0.04200889665803586,-0.004175689323706074
15.629999999999711,-1.5485261678695679,-1.10459566116333,1.944060206413269,1.2517167138154421,-0.848522838408768,0.13299678865563747,-0.061701368872373326,0.10175954905418298,0.00025028549230491146,-0.04986531287431717,-0.03592626005411148,-0.00500591471791267,-0.05014929681039122,-0.03616657089863106,-0.002795557180402868
15.639999999999711,-1.5485261678695679,-1.10459566116333,1.944060206413269,1.2517167138154421,-0.848522838408768,0.13299678865563747,-0.061701368872373326,0.10175954905418298,0.00025028549230491146,-0.04986531287431717,-0.03592626005411148,-0.00500591471791267,-0.05014929681039122,-0.03616657089863106,-0.002795557180402868
15.64999999999971,-1.5485261678695679,-1.10459566116333,1.944060206413269,1.2517167138154421,-0.848522838408768,0.13299678865563747,-0.061701368872373326,0.10175954905418298,0.00025028549230491146,-0.04986531287431717,-0.03592626005411148,-0.00500591471791267,-0.05014929681039122,-0.03616657089863106,-0.002795557180402868
15.65999999999971,-1.5485261678695679,-1.10459566116333,1.944060206413269,1.2517167138154421,-0.848522838408768,0.13299678865563747,-0.061701368872373326,0.10175954905418298,0.00025028549230491146,-0.04986531287431717,-0.03592626005411148,-0.00500591471791267,-0.05014929681039122,-0.03616657089863106,-0.002795557180402868
15.66999999999971,-1.4990007877349854,-1.1317863464355469,1.9440008401870728,1.2688172887175933,-0.8171052438133116,0.13149386873259286,-0.06390614588522517,0.10022313167721564,0.00021498622083272905,-0.052202481776475906,-0.040185075253248215,-0.007868726737797255,-0.052734076281814216,-0.040605563132607214,-0.005312999998616876
15.67999999999971,-1.4990007877349854,-1.1317863464355469,1.9440008401870728,1.2688172887175933,-0.8171052438133116,0.13149386873259286,-0.06390614588522517,0.10022313167721564,0.00021498622083272905,-0.052202481776475906,-0.040185075253248215,-0.007868726737797255,-0.052734076281814216,-0.040605563132607214,-0.005312999998616876
15.68999999999971,-1.4990007877349854,-1.1317863464355469,1.9440008401870728,1.2688172887175933,-0.8171052438133116,0.13149386873259286,-0.06390614588522517,0.10022313167721564,0.00021498622083272905,-0.052202481776475906,-0.040185075253248215,-0.007868726737797255,-0.052734076281814216,-0.040605563132607214,-0.005312999998616876
15.69999999999971,-1.4587353467941284,-1.1533842086791992,1.9441827535629272,1.2823125224515435,-0.7925993239847009,0.13367331716192657,-0.06480205308438215,0.09978587594968569,0.0001882799029479389,-0.05316995829343796,-0.02352341264486313,-0.004222286865115163,-0.053439289381503594,-0.02374746032194036,-0.0027035747307402893
15.70999999999971,-1.4587353467941284,-1.1533842086791992,1.9441827535629272,1.2823125224515435,-0.7925993239847009,0.13367331716192657,-0.06480205308438215,0.09978587594968569,0.0001882799029479389,-0.05316995829343796,-0.02352341264486313,-0.004222286865115163,-0.053439289381503594,-0.02374746032194036,-0.0027035747307402893
15.71999999999971,-1.4587353467941284,-1.1533842086791992,1.9441827535629272,1.2823125224515435,-0.7925993239847009,0.13367331716192657,-0.06480205308438215,0.09978587594968569,0.0001882799029479389,-0.05316995829343796,-0.02352341264486313,-0.004222286865115163,-0.053439289381503594,-0.02374746032194036,-0.0027035747307402893
15.729999999999709,-1.4232265949249268,-1.1715168952941895,1.9442658424377441,1.2929970429433586,-0.771743319743557,0.13295434645706772,-0.06685198960816316,0.09875690196810791,0.00022714822195139757,-0.04119192808866501,-0.023988159373402596,-0.002976163523271677,-0.041327374681262435,-0.024133389816966812,-0.0013737471247592696
15.739999999999709,-1.4232265949249268,-1.1715168952941895,1.9442658424377441,1.2929970429433586,-0.771743319743557,0.13295434645706772,-0.06685198960816316,0.09875690196810791,0.00022714822195139757,-0.04119192808866501,-0.023988159373402596,-0.002976163523271677,-0.041327374681262435,-0.024133389816966812,-0.0013737471247592696
15.749999999999709,-1.4232265949249268,-1.1715168952941895,1.9442658424377441,1.2929970429433586,-0.771743319743557,0.13295434645706772,-0.06685198960816316,0.09875690196810791,0.00022714822195139757,-0.04119192808866501,-0.023988159373402596,-0.002976163523271677,-0.041327374681262435,-0.024133389816966812,-0.0013737471247592696
15.759999999999708,-1.4232265949249268,-1.1715168952941895,1.9442658424377441,1.2929970429433586,-0.771743319743557,0.13295434645706772,-0.06685198960816316,0.09875690196810791,0.00022714822195139757,-0.04119192808866501,-0.023988159373402596,-0.002976163523271677,-0.041327374681262435,-0.024133389816966812,-0.0013737471247592696
15.769999999999708,-1.3718376159667969,-1.1972203254699707,1.9447176456451416,1.3071511163443776,-0.7411074953601638,0.13406622829192588,-0.06832168530563196,0.09777328531487225,0.0002835543959942339,-0.03365200012922287,-0.02232644148170948,-0.0034681414254009698,-0.033841880627506433,-0.02251111844751571,-0.001945146531325177
15.779999999999708,-1.3718376159667969,-1.1972203254699707,1.9447176456451416,1.3071511163443776,-0.7411074953601638,0.13406622829192588,-0.06832168530563196,0.09777328531487225,0.0002835543959942339,-0.03365200012922287,-0.02232644148170948,-0.0034681414254009698,-0.033841880627506433,-0.02251111844751571,-0.001945146531325177
15.789999999999708,-1.3718376159667969,-1.1972203254699707,1.9447176456451416,1.3071511163443776,-0.7411074953601638,0.13406622829192588,-0.06832168530563196,0.09777328531487225,0.0002835543959942339,-0.03365200012922287,-0.02232644148170948,-0.0034681414254009698,-0.033841880627506433,-0.02251111844751571,-0.001945146531325177
15.799999999999708,-1.3301769495010376,-1.2174205780029297,1.945068359375,1.3201532937716272,-0.7165400268978164,0.1367268970746906,-0.06910210611988893,0.09747281207925163,0.0003814121617071183,-0.03730339556932449,-0.01344781182706356,0.0023798143956810253,-0.036980451878630846,-0.01325139793056919,0.003318419052360126
15.809999999999707,-1.3301769495010376,-1.2174205780029297,1.945068359375,1.3201532937716272,-0.7165400268978164,0.1367268970746906,-0.06910210611988893,0.09747281207925163,0.0003814121617071183,-0.03730339556932449,-0.01344781182706356,0.0023798143956810253,-0.036980451878630846,-0.01325139793056919,0.003318419052360126
15.819999999999707,-1.3301769495010376,-1.2174205780029297,1.945068359375,1.3201532937716272,-0.7165400268978164,0.1367268970746906,-0.06910210611988893,0.09747281207925163,0.0003814121617071183,-0.03730339556932449,-0.01344781182706356,0.0023798143956810253,-0.036980451878630846,-0.01325139793056919,0.003318419052360126
15.829999999999707,-1.2934350967407227,-1.2343487739562988,1.9453725814819336,1.3310539977211766,-0.6957760474645348,0.13790177602160147,-0.07078100617272526,0.09689878690776925,0.00034366688187520357,-0.04017157107591629,-0.0179598331451416,-0.004255478270351884,-0.040460718429401785,-0.01821581857548479,-0.002988688964715935
15.839999999999707,-1.2934350967407227,-1.2343487739562988,1.9453725814819336,1.3310539977211766,-0.6957760474645348,0.13790177602160147,-0.07078100617272526,0.09689878690776925,0.00034366688187520357,-0.04017157107591629,-0.0179598331451416,-0.004255478270351884,-0.040460718429401785,-0.01821581857548479,-0.002988688964715935
15.849999999999707,-1.2934350967407227,-1.2343487739562988,1.9453725814819336,1.3310539977211766,-0.6957760474645348,0.13790177602160147,-0.07078100617272526,0.09689878690776925,0.00034366688187520357,-0.04017157107591629,-0.0179598331451416,-0.004255478270351884,-0.040460718429401785,-0.01821581857548479,-0.002988688964715935
15.859999999999706,-1.2934350967407227,-1.2343487739562988,1.9453725814819336,1.3310539977211766,-0.6957760474645348,0.13790177602160147,-0.07078100617272526,0.09689878690776925,0.00034366688187520357,-0.04017157107591629,-0.0179598331451416,-0.004255478270351884,-0.040460718429401785,-0.01821581857548479,-0.002988688964715935
15.869999999999706,-1.24030339717865,-1.2581233978271484,1.9458575248718262,1.3463505125771638,-0.665489270275854,0.1387108325541429,-0.07206275050443468,0.09600766895348375,0.0004240119866297634,-0.03500692546367645,-0.023369397968053818,-0.0007930159335955949,-0.034921056407866184,-0.02336584257444236,0.000895773376104106
15.879999999999706,-1.24030339717865,-1.2581233978271484,1.9458575248718262,1.3463505125771638,-0.665489270275854,0.1387108325541429,-0.07206275050443468,0.09600766895348375,0.0004240119866297634,-0.03500692546367645,-0.023369397968053818,-0.0007930159335955949,-0.034921056407866184,-0.02336584257444236,0.000895773376104106
15.889999999999706,-1.24030339717865,-1.2581233978271484,1.9458575248718262,1.3463505125771638,-0.665489270275854,0.1387108325541429,-0.07206275050443468,0.09600766895348375,0.0004240119866297634,-0.03500692546367645,-0.023369397968053818,-0.0007930159335955949,-0.034921056407866184,-0.02336584257444236,0.000895773376104106
15.899999999999705,-1.1972821950912476,-1.2766566276550293,1.9464058876037598,1.3574049460074178,-0.6407481164989133,0.13870287670430187,-0.0731250146128103,0.09548200758738973,0.00040090874216080845,-0.04524014890193939,-0.02482662722468376,-0.003455792088061568,-0.045396520419211786,-0.025012759179547633,-0.0016401977279240994
15.909999999999705,-1.1972821950912476,-1.2766566276550293,1.9464058876037598,1.3574049460074178,-0.6407481164989133,0.13870287670430187,-0.0731250146128103,0.09548200758738973,0.00040090874216080845,-0.04524014890193939,-0.02482662722468376,-0.003455792088061568,-0.045396520419211786,-0.025012759179547633,-0.0016401977279240994
15.919999999999705,-1.1972821950912476,-1.2766566276550293,1.9464058876037598,1.3574049460074178,-0.6407481164989133,0.13870287670430187,-0.0731250146128103,0.09548200758738973,0.00040090874216080845,-0.04524014890193939,-0.02482662722468376,-0.003455792088061568,-0.045396520419211786,-0.025012759179547633,-0.0016401977279240994
15.929999999999705,-1.159400463104248,-1.2921524047851562,1.946714162826538,1.367210037795601,-0.6184202772413494,0.13734154517742833,-0.07499554039982957,0.0941413555186922,0.0003668191020092171,-0.045604318380355835,-0.041249558329582214,-3.637804911704229e-05,-0.04531592449248794,-0.04113633773652308,0.0030679430257632245
15.939999999999705,-1.159400463104248,-1.2921524047851562,1.946714162826538,1.367210037795601,-0.6184202772413494,0.13734154517742833,-0.07499554039982957,0.0941413555186922,0.0003668191020092171,-0.045604318380355835,-0.041249558329582214,-3.637804911704229e-05,-0.04531592449248794,-0.04113633773652308,0.0030679430257632245
15.949999999999704,-1.159400463104248,-1.2921524047851562,1.946714162826538,1.367210037795601,-0.6184202772413494,0.13734154517742833,-0.07499554039982957,0.0941413555186922,0.0003668191020092171,-0.045604318380355835,-0.041249558329582214,-3.637804911704229e-05,-0.04531592449248794,-0.04113633773652308,0.0030679430257632245
15.959999999999704,-1.159400463104248,-1.2921524047851562,1.946714162826538,1.367210037795601,-0.6184202772413494,0.13734154517742833,-0.07499554039982957,0.0941413555186922,0.0003668191020092171,-0.045604318380355835,-0.041249558329582214,-3.637804911704229e-05,-0.04531592449248794,-0.04113633773652308,0.0030679430257632245
15.969999999999704,-1.1047515869140625,-1.3136687278747559,1.9473752975463867,1.378778220106086,-0.5873367907986491,0.13797942753032533,-0.07702028594024175,0.09269013052156297,0.0004011658918249797,-0.05902034044265747,-0.04293040558695793,-0.0028505644295364566,-0.05897747538496787,-0.043022468551398046,0.0004631183269789485
15.979999999999704,-1.1047515869140625,-1.3136687278747559,1.9473752975463867,1.378778220106086,-0.5873367907986491,0.13797942753032533,-0.07702028594024175,0.09269013052156297,0.0004011658918249797,-0.05902034044265747,-0.04293040558695793,-0.0028505644295364566,-0.05897747538496787,-0.043022468551398046,0.0004631183269789485
15.989999999999704,-1.1047515869140625,-1.3136687278747559,1.9473752975463867,1.378778220106086,-0.5873367907986491,0.13797942753032533,-0.07702028594024175,0.09269013052156297,0.0004011658918249797,-0.05902034044265747,-0.04293040558695793,-0.0028505644295364566,-0.05897747538496787,-0.043022468551398046,0.0004631183269789485
15.999999999999703,-1.0606335401535034,-1.3302702903747559,1.9479161500930786,1.388248902880698,-0.562176030412476,0.13844571429994074,-0.07836814776685534,0.09165205221315255,0.00044463015877031206,-0.05398835241794586,-0.04237694293260574,-0.0034544381778687187,-0.05399995430380993,-0.042517320012319844,-0.00012676360590743567
16.009999999999703,-1.0606335401535034,-1.3302702903747559,1.9479161500930786,1.388248902880698,-0.562176030412476,0.13844571429994074,-0.07836814776685534,0.09165205221315255,0.00044463015877031206,-0.05398835241794586,-0.04237694293260574,-0.0034544381778687187,-0.05399995430380993,-0.042517320012319844,-0.00012676360590743567
16.019999999999705,-1.0606335401535034,-1.3302702903747559,1.9479161500930786,1.388248902880698,-0.562176030412476,0.13844571429994074,-0.07836814776685534,0.09165205221315255,0.00044463015877031206,-0.05398835241794586,-0.04237694293260574,-0.0034544381778687187,-0.05399995430380993,-0.042517320012319844,-0.00012676360590743567
16.029999999999706,-1.0224299430847168,-1.3432211875915527,1.948000431060791,1.3971479582291908,-0.539417259961422,0.1380063451071756,-0.08018359659258757,0.09017352296623041,0.00042330483430630573,-0.05206027254462242,-0.03806201368570328,-0.006309445016086097,-0.05235327380671508,-0.038445093146225254,-0.003253712485658372
16.039999999999708,-1.0224299430847168,-1.3432211875915527,1.948000431060791,1.3971479582291908,-0.539417259961422,0.1380063451071756,-0.08018359659258757,0.09017352296623041,0.00042330483430630573,-0.05206027254462242,-0.03806201368570328,-0.006309445016086097,-0.05235327380671508,-0.038445093146225254,-0.003253712485658372
16.04999999999971,-1.0224299430847168,-1.3432211875915527,1.948000431060791,1.3971479582291908,-0.539417259961422,0.1380063451071756,-0.08018359659258757,0.09017352296623041,0.00042330483430630573,-0.05206027254462242,-0.03806201368570328,-0.006309445016086097,-0.05235327380671508,-0.038445093146225254,-0.003253712485658372
16.05999999999971,-1.0224299430847168,-1.3432211875915527,1.948000431060791,1.3971479582291908,-0.539417259961422,0.1380063451071756,-0.08018359659258757,0.09017352296623041,0.00042330483430630573,-0.05206027254462242,-0.03806201368570328,-0.006309445016086097,-0.05235327380671508,-0.038445093146225254,-0.003253712485658372
16.069999999999713,-0.9688122868537903,-1.3589134216308594,1.9475288391113281,1.407577432215619,-0.5067386880476075,0.13603701907629034,-0.08282082916823742,0.08840111103762475,0.00048611165680644203,-0.05984655022621155,-0.03858588635921478,-6.353632488753174e-05,-0.0595692430035968,-0.03845888221624394,0.003141009545290709
16.079999999999714,-0.9688122868537903,-1.3589134216308594,1.9475288391113281,1.407577432215619,-0.5067386880476075,0.13603701907629034,-0.08282082916823742,0.08840111103762475,0.00048611165680644203,-0.05984655022621155,-0.03858588635921478,-6.353632488753174e-05,-0.0595692430035968,-0.03845888221624394,0.003141009545290709
16.089999999999716,-0.9688122868537903,-1.3589134216308594,1.9475288391113281,1.407577432215619,-0.5067386880476075,0.13603701907629034,-0.08282082916823742,0.08840111103762475,0.00048611165680644203,-0.05984655022621155,-0.03858588635921478,-6.353632488753174e-05,-0.0595692430035968,-0.03845888221624394,0.003141009545290709
16.099999999999717,-0.9252777099609375,-1.371124267578125,1.9473968744277954,1.4154595622356816,-0.4783978993716448,0.1377492238984207,-0.08403008748493095,0.08766436633981592,0.0005705167267403403,-0.060469649732112885,-0.03465655446052551,0.00044190546032041734,-0.06017529739274562,-0.034497180841591195,0.003362023913281369
16.10999999999972,-0.9252777099609375,-1.371124267578125,1.9473968744277954,1.4154595622356816,-0.4783978993716448,0.1377492238984207,-0.08403008748493095,0.08766436633981592,0.0005705167267403403,-0.060469649732112885,-0.03465655446052551,0.00044190546032041734,-0.06017529739274562,-0.034497180841591195,0.003362023913281369
16.11999999999972,-0.9252777099609375,-1.371124267578125,1.9473968744277954,1.4154595622356816,-0.4783978993716448,0.1377492238984207,-0.08403008748493095,0.08766436633981592,0.0005705167267403403,-0.060469649732112885,-0.03465655446052551,0.00044190546032041734,-0.06017529739274562,-0.034497180841591195,0.003362023913281369
16.129999999999722,-0.8870758414268494,-1.380967617034912,1.9470531940460205,1.4222723984838035,-0.4544363282089784,0.138370154137328,-0.0859169182933531,0.08605105668096541,0.0005454564115316098,-0.03854777663946152,-0.04206738993525505,-0.0029000649228692003,-0.03848562442402595,-0.042161078851611127,0.0007231635276800264
16.139999999999723,-0.8870758414268494,-1.380967617034912,1.9470531940460205,1.4222723984838035,-0.4544363282089784,0.138370154137328,-0.0859169182933531,0.08605105668096541,0.0005454564115316098,-0.03854777663946152,-0.04206738993525505,-0.0029000649228692003,-0.03848562442402595,-0.042161078851611127,0.0007231635276800264
16.149999999999725,-0.8870758414268494,-1.380967617034912,1.9470531940460205,1.4222723984838035,-0.4544363282089784,0.138370154137328,-0.0859169182933531,0.08605105668096541,0.0005454564115316098,-0.03854777663946152,-0.04206738993525505,-0.0029000649228692003,-0.03848562442402595,-0.042161078851611127,0.0007231635276800264
16.159999999999727,-0.8870758414268494,-1.380967617034912,1.9470531940460205,1.4222723984838035,-0.4544363282089784,0.138370154137328,-0.0859169182933531,0.08605105668096541,0.0005454564115316098,-0.03854777663946152,-0.04206738993525505,-0.0029000649228692003,-0.03848562442402595,-0.042161078851611127,0.0007231635276800264
16.169999999999728,-0.8318040370941162,-1.3945436477661133,1.9468597173690796,1.430995823709376,-0.42030308288413104,0.1386895031245391,-0.08731547849936618,0.08437941580693542,0.0006911922404554962,-0.03576324135065079,-0.03750067204236984,-0.0018487022025510623,-0.035642412497258656,-0.03751902569946529,0.0014336713841641782
16.17999999999973,-0.8318040370941162,-1.3945436477661133,1.9468597173690796,1.430995823709376,-0.42030308288413104,0.1386895031245391,-0.08731547849936618,0.08437941580693542,0.0006911922404554962,-0.03576324135065079,-0.03750067204236984,-0.0018487022025510623,-0.035642412497258656,-0.03751902569946529,0.0014336713841641782
16.18999999999973,-0.8318040370941162,-1.3945436477661133,1.9468597173690796,1.430995823709376,-0.42030308288413104,0.1386895031245391,-0.08731547849936618,0.08437941580693542,0.0006911922404554962,-0.03576324135065079,-0.03750067204236984,-0.0018487022025510623,-0.035642412497258656,-0.03751902569946529,0.0014336713841641782
16.199999999999733,-0.7871146202087402,-1.4048666954040527,1.9468814134597778,1.4366664264304334,-0.39299335756679554,0.13955088539192795,-0.08786830128228504,0.08368646869039043,0.0007218782481402725,-0.02498110942542553,-0.0343058779835701,-0.0012875054962933022,-0.024836162063565644,-0.03428651350070792,0.0017340519975101863
16.209999999999734,-0.7871146202087402,-1.4048666954040527,1.9468814134597778,1.4366664264304334,-0.39299335756679554,0.13955088539192795,-0.08786830128228504,0.08368646869039043,0.0007218782481402725,-0.02498110942542553,-0.0343058779835701,-0.0012875054962933022,-0.024836162063565644,-0.03428651350070792,0.0017340519975101863
16.219999999999736,-0.7871146202087402,-1.4048666954040527,1.9468814134597778,1.4366664264304334,-0.39299335756679554,0.13955088539192795,-0.08786830128228504,0.08368646869039043,0.0007218782481402725,-0.02498110942542553,-0.0343058779835701,-0.0012875054962933022,-0.024836162063565644,-0.03428651350070792,0.0017340519975101863
16.229999999999738,-0.7479339838027954,-1.4131217002868652,1.946843147277832,1.4426214087022233,-0.36973890516559144,0.1401984477744853,-0.08884683514062648,0.08209080372083524,0.0007768290081719306,-0.023374885320663452,-0.0406370684504509,0.0008970960625447383,-0.02300470353336579,-0.04039718496763071,0.004514487217696257
16.23999999999974,-0.7479339838027954,-1.4131217002868652,1.946843147277832,1.4426214087022233,-0.36973890516559144,0.1401984477744853,-0.08884683514062648,0.08209080372083524,0.0007768290081719306,-0.023374885320663452,-0.0406370684504509,0.0008970960625447383,-0.02300470353336579,-0.04039718496763071,0.004514487217696257
16.24999999999974,-0.7479339838027954,-1.4131217002868652,1.946843147277832,1.4426214087022233,-0.36973890516559144,0.1401984477744853,-0.08884683514062648,0.08209080372083524,0.0007768290081719306,-0.023374885320663452,-0.0406370684504509,0.0008970960625447383,-0.02300470353336579,-0.04039718496763071,0.004514487217696257
16.259999999999742,-0.7479339838027954,-1.4131217002868652,1.946843147277832,1.4426214087022233,-0.36973890516559144,0.1401984477744853,-0.08884683514062648,0.08209080372083524,0.0007768290081719306,-0.023374885320663452,-0.0406370684504509,0.0008970960625447383,-0.02300470353336579,-0.04039718496763071,0.004514487217696257
16.269999999999744,-0.6913899183273315,-1.4242596626281738,1.9471771717071533,1.450369021909121,-0.335744833558503,0.14121018195244725,-0.08994510742683184,0.08047009621637381,0.000748412354853991,-0.030637390911579132,-0.04326939210295677,-0.005132215097546572,-0.030736167552854653,-0.043555478198610054,-0.0012288207689360015
16.279999999999745,-0.6913899183273315,-1.4242596626281738,1.9471771717071533,1.450369021909121,-0.335744833558503,0.14121018195244725,-0.08994510742683184,0.08047009621637381,0.000748412354853991,-0.030637390911579132,-0.04326939210295677,-0.005132215097546572,-0.030736167552854653,-0.043555478198610054,-0.0012288207689360015
16.289999999999747,-0.6913899183273315,-1.4242596626281738,1.9471771717071533,1.450369021909121,-0.335744833558503,0.14121018195244725,-0.08994510742683184,0.08047009621637381,0.000748412354853991,-0.030637390911579132,-0.04326939210295677,-0.005132215097546572,-0.030736167552854653,-0.043555478198610054,-0.0012288207689360015
16.29999999999975,-0.6457394957542419,-1.432508945465088,1.947543740272522,1.4574484025884356,-0.30793415145841235,0.14310188317163716,-0.0905128585840403,0.07979558970443934,0.00075323147115825,-0.026894455775618553,-0.03377144783735275,-0.0032161469571292357,-0.026906482846675673,-0.033923909991003955,-0.00015088357627465263
16.30999999999975,-0.6457394957542419,-1.432508945465088,1.947543740272522,1.4574484025884356,-0.30793415145841235,0.14310188317163716,-0.0905128585840403,0.07979558970443934,0.00075323147115825,-0.026894455775618553,-0.03377144783735275,-0.0032161469571292357,-0.026906482846675673,-0.033923909991003955,-0.00015088357627465263
16.31999999999975,-0.6457394957542419,-1.432508945465088,1.947543740272522,1.4574484025884356,-0.30793415145841235,0.14310188317163716,-0.0905128585840403,0.07979558970443934,0.00075323147115825,-0.026894455775618553,-0.03377144783735275,-0.0032161469571292357,-0.026906482846675673,-0.033923909991003955,-0.00015088357627465263
16.329999999999753,-0.6056804060935974,-1.4389653205871582,1.9477540254592896,1.4629336162013087,-0.28304280778564567,0.14153605365969746,-0.09188026808724856,0.07783827697570085,0.0007609240331429298,-0.03454989939928055,-0.04986228793859482,-0.0011069376487284838,-0.03427904718314843,-0.04975353033962617,0.003483195242358903
16.339999999999755,-0.6056804060935974,-1.4389653205871582,1.9477540254592896,1.4629336162013087,-0.28304280778564567,0.14153605365969746,-0.09188026808724856,0.07783827697570085,0.0007609240331429298,-0.03454989939928055,-0.04986228793859482,-0.0011069376487284838,-0.03427904718314843,-0.04975353033962617,0.003483195242358903
16.349999999999756,-0.6056804060935974,-1.4389653205871582,1.9477540254592896,1.4629336162013087,-0.28304280778564567,0.14153605365969746,-0.09188026808724856,0.07783827697570085,0.0007609240331429298,-0.03454989939928055,-0.04986228793859482,-0.0011069376487284838,-0.03427904718314843,-0.04975353033962617,0.003483195242358903
16.359999999999758,-0.6056804060935974,-1.4389653205871582,1.9477540254592896,1.4629336162013087,-0.28304280778564567,0.14153605365969746,-0.09188026808724856,0.07783827697570085,0.0007609240331429298,-0.03454989939928055,-0.04986228793859482,-0.0011069376487284838,-0.03427904718314843,-0.04975353033962617,0.003483195242358903
16.36999999999976,-0.5480003952980042,-1.4473495483398438,1.9482194185256958,1.469311206957538,-0.24861817099300174,0.14270781506279662,-0.09315328455703402,0.0757750240839462,0.0008197592711303689,-0.03533114492893219,-0.051641710102558136,-0.007503584958612913,-0.03553365585184036,-0.05211578383650061,-0.002675087910483482
16.37999999999976,-0.5480003952980042,-1.4473495483398438,1.9482194185256958,1.469311206957538,-0.24861817099300174,0.14270781506279662,-0.09315328455703402,0.0757750240839462,0.0008197592711303689,-0.03533114492893219,-0.051641710102558136,-0.007503584958612913,-0.03553365585184036,-0.05211578383650061,-0.002675087910483482
16.389999999999763,-0.5480003952980042,-1.4473495483398438,1.9482194185256958,1.469311206957538,-0.24861817099300174,0.14270781506279662,-0.09315328455703402,0.0757750240839462,0.0008197592711303689,-0.03533114492893219,-0.051641710102558136,-0.007503584958612913,-0.03553365585184036,-0.05211578383650061,-0.002675087910483482
16.399999999999764,-0.5015521049499512,-1.4533309936523438,1.948818564414978,1.473311233854463,-0.2222298639516191,0.14306469587968035,-0.09412931314904589,0.07441283964265898,0.0009547549966627116,-0.04128975048661232,-0.060678258538246155,0.004163824487477549,-0.040555535206719076,-0.06001828292518619,0.009875893903150818
16.409999999999766,-0.5015521049499512,-1.4533309936523438,1.948818564414978,1.473311233854463,-0.2222298639516191,0.14306469587968035,-0.09412931314904589,0.07441283964265898,0.0009547549966627116,-0.04128975048661232,-0.060678258538246155,0.004163824487477549,-0.040555535206719076,-0.06001828292518619,0.009875893903150818
16.419999999999767,-0.5015521049499512,-1.4533309936523438,1.948818564414978,1.473311233854463,-0.2222298639516191,0.14306469587968035,-0.09412931314904589,0.07441283964265898,0.0009547549966627116,-0.04128975048661232,-0.060678258538246155,0.004163824487477549,-0.040555535206719076,-0.06001828292518619,0.009875893903150818
16.42999999999977,-0.4614972770214081,-1.4567055702209473,1.94883131980896,1.4756585891016365,-0.19870648387834294,0.14072939995373548,-0.09555398551370423,0.07183970125849724,0.001015789151607615,-0.03919282928109169,-0.06609616428613663,-0.003912827931344501,-0.03901931316683938,-0.06616796377383577,0.002417402247565021
16.43999999999977,-0.4614972770214081,-1.4567055702209473,1.94883131980896,1.4756585891016365,-0.19870648387834294,0.14072939995373548,-0.09555398551370423,0.07183970125849724,0.001015789151607615,-0.03919282928109169,-0.06609616428613663,-0.003912827931344501,-0.03901931316683938,-0.06616796377383577,0.002417402247565021
16.449999999999772,-0.4614972770214081,-1.4567055702209473,1.94883131980896,1.4756585891016365,-0.19870648387834294,0.14072939995373548,-0.09555398551370423,0.07183970125849724,0.001015789151607615,-0.03919282928109169,-0.06609616428613663,-0.003912827931344501,-0.03901931316683938,-0.06616796377383577,0.002417402247565021
16.459999999999773,-0.4614972770214081,-1.4567055702209473,1.94883131980896,1.4756585891016365,-0.19870648387834294,0.14072939995373548,-0.09555398551370423,0.07183970125849724,0.001015789151607615,-0.03919282928109169,-0.06609616428613663,-0.003912827931344501,-0.03901931316683938,-0.06616796377383577,0.002417402247565021
16.469999999999775,-0.40548136830329895,-1.4580073356628418,1.9486010074615479,1.4773419288805545,-0.16228476615342272,0.13912339011912608,-0.09715808393738032,0.0690334933202194,0.0010904254822544895,-0.04049530252814293,-0.07147346436977386,-0.008862223476171485,-0.04062578458064396,-0.07199606850227877,-0.0018916288589851547
16.479999999999777,-0.40548136830329895,-1.4580073356628418,1.9486010074615479,1.4773419288805545,-0.16228476615342272,0.13912339011912608,-0.09715808393738032,0.0690334933202194,0.0010904254822544895,-0.04049530252814293,-0.07147346436977386,-0.008862223476171485,-0.04062578458064396,-0.07199606850227877,-0.0018916288589851547
16.489999999999778,-0.40548136830329895,-1.4580073356628418,1.9486010074615479,1.4773419288805545,-0.16228476615342272,0.13912339011912608,-0.09715808393738032,0.0690334933202194,0.0010904254822544895,-0.04049530252814293,-0.07147346436977386,-0.008862223476171485,-0.04062578458064396,-0.07199606850227877,-0.0018916288589851547
16.49999999999978,-0.3602225184440613,-1.4586939811706543,1.9486744403839111,1.4790276083835936,-0.13241051200915094,0.13945830220988426,-0.09791893008503592,0.06768611189786493,0.0010020671616972588,-0.037383463233709335,-0.06664730608463287,-0.011251430958509437,-0.037700849363091295,-0.06742801855793755,-0.004692670269516033
16.50999999999978,-0.3602225184440613,-1.4586939811706543,1.9486744403839111,1.4790276083835936,-0.13241051200915094,0.13945830220988426,-0.09791893008503592,0.06768611189786493,0.0010020671616972588,-0.037383463233709335,-0.06664730608463287,-0.011251430958509437,-0.037700849363091295,-0.06742801855793755,-0.004692670269516033
16.519999999999783,-0.3602225184440613,-1.4586939811706543,1.9486744403839111,1.4790276083835936,-0.13241051200915094,0.13945830220988426,-0.09791893008503592,0.06768611189786493,0.0010020671616972588,-0.037383463233709335,-0.06664730608463287,-0.011251430958509437,-0.037700849363091295,-0.06742801855793755,-0.004692670269516033
16.529999999999784,-0.320694237947464,-1.4584240913391113,1.9487011432647705,1.4797038976177583,-0.10736802876956254,0.1379377199909406,-0.09916806384511065,0.0657138194173145,0.0008745753083105349,-0.025988414883613586,-0.054825399070978165,-0.005788318347185843,-0.02601025398317649,-0.05512911102920037,-0.0003325757909837356
16.539999999999786,-0.320694237947464,-1.4584240913391113,1.9487011432647705,1.4797038976177583,-0.10736802876956254,0.1379377199909406,-0.09916806384511065,0.0657138194173145,0.0008745753083105349,-0.025988414883613586,-0.054825399070978165,-0.005788318347185843,-0.02601025398317649,-0.05512911102920037,-0.0003325757909837356
16.549999999999788,-0.320694237947464,-1.4584240913391113,1.9487011432647705,1.4797038976177583,-0.10736802876956254,0.1379377199909406,-0.09916806384511065,0.0657138194173145,0.0008745753083105349,-0.025988414883613586,-0.054825399070978165,-0.005788318347185843,-0.02601025398317649,-0.05512911102920037,-0.0003325757909837356
16.55999999999979,-0.320694237947464,-1.4584240913391113,1.9487011432647705,1.4797038976177583,-0.10736802876956254,0.1379377199909406,-0.09916806384511065,0.0657138194173145,0.0008745753083105349,-0.025988414883613586,-0.054825399070978165,-0.005788318347185843,-0.02601025398317649,-0.05512911102920037,-0.0003325757909837356
16.56999999999979,-0.2637684941291809,-1.4576148986816406,1.9488306045532227,1.4798804509051688,-0.07124199229952413,0.1393269003508854,-0.10003550868799702,0.06347759251121823,0.000841717546040122,-0.017632652074098587,-0.043210625648498535,-0.0015584424836561032,-0.017456916945625123,-0.043150238997235434,0.002770319336535895
16.579999999999792,-0.2637684941291809,-1.4576148986816406,1.9488306045532227,1.4798804509051688,-0.07124199229952413,0.1393269003508854,-0.10003550868799702,0.06347759251121823,0.000841717546040122,-0.017632652074098587,-0.043210625648498535,-0.0015584424836561032,-0.017456916945625123,-0.043150238997235434,0.002770319336535895
16.589999999999794,-0.2637684941291809,-1.4576148986816406,1.9488306045532227,1.4798804509051688,-0.07124199229952413,0.1393269003508854,-0.10003550868799702,0.06347759251121823,0.000841717546040122,-0.017632652074098587,-0.043210625648498535,-0.0015584424836561032,-0.017456916945625123,-0.043150238997235434,0.002770319336535895
16.599999999999795,-0.21793293952941895,-1.4564094543457031,1.949147343635559,1.4786273129197631,-0.04236145020139372,0.14147815125958685,-0.10020769831109118,0.06263370311307297,0.0009427357367078638,-0.005699045956134796,-0.04181431233882904,-0.00014456771896220231,-0.005445720514367336,-0.0416190095839827,0.004047200417859114
16.609999999999797,-0.21793293952941895,-1.4564094543457031,1.949147343635559,1.4786273129197631,-0.04236145020139372,0.14147815125958685,-0.10020769831109118,0.06263370311307297,0.0009427357367078638,-0.005699045956134796,-0.04181431233882904,-0.00014456771896220231,-0.005445720514367336,-0.0416190095839827,0.004047200417859114
16.6199999999998,-0.21793293952941895,-1.4564094543457031,1.949147343635559,1.4786273129197631,-0.04236145020139372,0.14147815125958685,-0.10020769831109118,0.06263370311307297,0.0009427357367078638,-0.005699045956134796,-0.04181431233882904,-0.00014456771896220231,-0.005445720514367336,-0.0416190095839827,0.004047200417859114
16.6299999999998,-0.17794249951839447,-1.4545354843139648,1.9491690397262573,1.4783479484290118,-0.018060307136201756,0.14010839910838108,-0.10040680989518122,0.061034455588554026,0.0010484141587150469,-0.007179707754403353,-0.040223345160484314,-0.00265562604181468,-0.007094784875584139,-0.0402869542016666,0.0013922566651251615
16.6399999999998,-0.17794249951839447,-1.4545354843139648,1.9491690397262573,1.4783479484290118,-0.018060307136201756,0.14010839910838108,-0.10040680989518122,0.061034455588554026,0.0010484141587150469,-0.007179707754403353,-0.040223345160484314,-0.00265562604181468,-0.007094784875584139,-0.0402869542016666,0.0013922566651251615
16.649999999999803,-0.17794249951839447,-1.4545354843139648,1.9491690397262573,1.4783479484290118,-0.018060307136201756,0.14010839910838108,-0.10040680989518122,0.061034455588554026,0.0010484141587150469,-0.007179707754403353,-0.040223345160484314,-0.00265562604181468,-0.007094784875584139,-0.0402869542016666,0.0013922566651251615
16.659999999999805,-0.17794249951839447,-1.4545354843139648,1.9491690397262573,1.4783479484290118,-0.018060307136201756,0.14010839910838108,-0.10040680989518122,0.061034455588554026,0.0010484141587150469,-0.007179707754403353,-0.040223345160484314,-0.00265562604181468,-0.007094784875584139,-0.0402869542016666,0.0013922566651251615
16.669999999999806,-0.12048641592264175,-1.451272964477539,1.9494903087615967,1.477980103661146,0.01539618839986412,0.13990881349886367,-0.10056809388951453,0.059219377238314566,0.0011267902173126005,0.0009203503141179681,-0.043469443917274475,-0.004040190484374756,0.0009407751046357941,-0.0436554351177048,0.00034510213421063936
16.679999999999808,-0.12048641592264175,-1.451272964477539,1.9494903087615967,1.477980103661146,0.01539618839986412,0.13990881349886367,-0.10056809388951453,0.059219377238314566,0.0011267902173126005,0.0009203503141179681,-0.043469443917274475,-0.004040190484374756,0.0009407751046357941,-0.0436554351177048,0.00034510213421063936
16.68999999999981,-0.12048641592264175,-1.451272964477539,1.9494903087615967,1.477980103661146,0.01539618839986412,0.13990881349886367,-0.10056809388951453,0.059219377238314566,0.0011267902173126005,0.0009203503141179681,-0.043469443917274475,-0.004040190484374756,0.0009407751046357941,-0.0436554351177048,0.00034510213421063936
16.69999999999981,-0.07434508204460144,-1.4480624198913574,1.949883222579956,1.4763560598200771,0.04247603708820501,0.14136018937198833,-0.10064456040582,0.058471603144619924,0.001214696347452993,-0.0048978691920638084,-0.04569745436310768,-0.0008522704010829273,-0.004678731997878238,-0.045551839062214244,0.003749890567053751
16.709999999999813,-0.07434508204460144,-1.4480624198913574,1.949883222579956,1.4763560598200771,0.04247603708820501,0.14136018937198833,-0.10064456040582,0.058471603144619924,0.001214696347452993,-0.0048978691920638084,-0.04569745436310768,-0.0008522704010829273,-0.004678731997878238,-0.045551839062214244,0.003749890567053751
16.719999999999814,-0.07434508204460144,-1.4480624198913574,1.949883222579956,1.4763560598200771,0.04247603708820501,0.14136018937198833,-0.10064456040582,0.058471603144619924,0.001214696347452993,-0.0048978691920638084,-0.04569745436310768,-0.0008522704010829273,-0.004678731997878238,-0.045551839062214244,0.003749890567053751
16.729999999999816,-0.034061238169670105,-1.4445114135742188,1.9501211643218994,1.4750919387624177,0.06534657569997024,0.14130595639744792,-0.10111997418582173,0.05649896324601888,0.0012116835611571761,-0.012461765669286251,-0.04570995271205902,-0.009427706710994238,-0.0127312831398572,-0.04642815956864709,-0.004772847106537459
16.739999999999817,-0.034061238169670105,-1.4445114135742188,1.9501211643218994,1.4750919387624177,0.06534657569997024,0.14130595639744792,-0.10111997418582173,0.05649896324601888,0.0012116835611571761,-0.012461765669286251,-0.04570995271205902,-0.009427706710994238,-0.0127312831398572,-0.04642815956864709,-0.004772847106537459
16.74999999999982,-0.034061238169670105,-1.4445114135742188,1.9501211643218994,1.4750919387624177,0.06534657569997024,0.14130595639744792,-0.10111997418582173,0.05649896324601888,0.0012116835611571761,-0.012461765669286251,-0.04570995271205902,-0.009427706710994238,-0.0127312831398572,-0.04642815956864709,-0.004772847106537459
16.75999999999982,-0.034061238169670105,-1.4445114135742188,1.9501211643218994,1.4750919387624177,0.06534657569997024,0.14130595639744792,-0.10111997418582173,0.05649896324601888,0.0012116835611571761,-0.012461765669286251,-0.04570995271205902,-0.009427706710994238,-0.0127312831398572,-0.04642815956864709,-0.004772847106537459
16.769999999999822,0.023665806278586388,-1.4387245178222656,1.950546145439148,1.4733163585096447,0.09986061433820673,0.14103122743921223,-0.10206250354787454,0.05420181168809291,0.0009910576250540858,-0.025078367441892624,-0.05846254155039787,-0.008984347805380814,-0.025240107693547745,-0.059073684696313966,-0.002985499343415558
16.779999999999824,0.023665806278586388,-1.4387245178222656,1.950546145439148,1.4733163585096447,0.09986061433820673,0.14103122743921223,-0.10206250354787454,0.05420181168809291,0.0009910576250540858,-0.025078367441892624,-0.05846254155039787,-0.008984347805380814,-0.025240107693547745,-0.059073684696313966,-0.002985499343415558
16.789999999999825,0.023665806278586388,-1.4387245178222656,1.950546145439148,1.4733163585096447,0.09986061433820673,0.14103122743921223,-0.10206250354787454,0.05420181168809291,0.0009910576250540858,-0.025078367441892624,-0.05846254155039787,-0.008984347805380814,-0.025240107693547745,-0.059073684696313966,-0.002985499343415558
16.799999999999827,0.06992115825414658,-1.4333972930908203,1.950980544090271,1.4690449951365536,0.12659593007765413,0.14129297848004302,-0.10260814847952715,0.05292055837158543,0.0009831190488184555,-0.027148254215717316,-0.06550328433513641,-0.006121287122368805,-0.027115397368511863,-0.06578575570189722,0.0006211610313839266
16.809999999999828,0.06992115825414658,-1.4333972930908203,1.950980544090271,1.4690449951365536,0.12659593007765413,0.14129297848004302,-0.10260814847952715,0.05292055837158543,0.0009831190488184555,-0.027148254215717316,-0.06550328433513641,-0.006121287122368805,-0.027115397368511863,-0.06578575570189722,0.0006211610313839266
16.81999999999983,0.06992115825414658,-1.4333972930908203,1.950980544090271,1.4690449951365536,0.12659593007765413,0.14129297848004302,-0.10260814847952715,0.05292055837158543,0.0009831190488184555,-0.027148254215717316,-0.06550328433513641,-0.006121287122368805,-0.027115397368511863,-0.06578575570189722,0.0006211610313839266
16.82999999999983,0.10966643691062927,-1.4272661209106445,1.9509071111679077,1.4663829369614134,0.15109926786986183,0.14014880748534045,-0.10363375660444414,0.05037026846528187,0.0010603699425800603,-0.024849621579051018,-0.0645512044429779,-0.00016472639981656475,-0.024521238272499506,-0.06422191671496397,0.0065221452665653
16.839999999999833,0.10966643691062927,-1.4272661209106445,1.9509071111679077,1.4663829369614134,0.15109926786986183,0.14014880748534045,-0.10363375660444414,0.05037026846528187,0.0010603699425800603,-0.024849621579051018,-0.0645512044429779,-0.00016472639981656475,-0.024521238272499506,-0.06422191671496397,0.0065221452665653
16.849999999999834,0.10966643691062927,-1.4272661209106445,1.9509071111679077,1.4663829369614134,0.15109926786986183,0.14014880748534045,-0.10363375660444414,0.05037026846528187,0.0010603699425800603,-0.024849621579051018,-0.0645512044429779,-0.00016472639981656475,-0.024521238272499506,-0.06422191671496397,0.0065221452665653
16.859999999999836,0.10966643691062927,-1.4272661209106445,1.9509071111679077,1.4663829369614134,0.15109926786986183,0.14014880748534045,-0.10363375660444414,0.05037026846528187,0.0010603699425800603,-0.024849621579051018,-0.0645512044429779,-0.00016472639981656475,-0.024521238272499506,-0.06422191671496397,0.0065221452665653
16.869999999999838,0.16511815786361694,-1.415940284729004,1.9501192569732666,1.4602602517156018,0.18552800568269517,0.1381218580894781,-0.10498676867642061,0.04759419102702347,0.001179830019701638,-0.03873971104621887,-0.06545811146497726,-0.004449942614883177,-0.03862377080470624,-0.06556402312352162,0.002436936567714471
16.87999999999984,0.16511815786361694,-1.415940284729004,1.9501192569732666,1.4602602517156018,0.18552800568269517,0.1381218580894781,-0.10498676867642061,0.04759419102702347,0.001179830019701638,-0.03873971104621887,-0.06545811146497726,-0.004449942614883177,-0.03862377080470624,-0.06556402312352162,0.002436936567714471
16.88999999999984,0.16511815786361694,-1.415940284729004,1.9501192569732666,1.4602602517156018,0.18552800568269517,0.1381218580894781,-0.10498676867642061,0.04759419102702347,0.001179830019701638,-0.03873971104621887,-0.06545811146497726,-0.004449942614883177,-0.03862377080470624,-0.06556402312352162,0.002436936567714471
16.899999999999842,0.20967303216457367,-1.4064459800720215,1.9498190879821777,1.4536860192187717,0.21307229859999333,0.13913708042287135,-0.10544580482062804,0.04666518475599688,0.001178162345557023,-0.026316972449421883,-0.05618903785943985,-0.005304917693138116,-0.02628715639075397,-0.05643529463764992,0.000639167786680068
16.909999999999844,0.20967303216457367,-1.4064459800720215,1.9498190879821777,1.4536860192187717,0.21307229859999333,0.13913708042287135,-0.10544580482062804,0.04666518475599688,0.001178162345557023,-0.026316972449421883,-0.05618903785943985,-0.005304917693138116,-0.02628715639075397,-0.05643529463764992,0.000639167786680068
16.919999999999845,0.20967303216457367,-1.4064459800720215,1.9498190879821777,1.4536860192187717,0.21307229859999333,0.13913708042287135,-0.10544580482062804,0.04666518475599688,0.001178162345557023,-0.026316972449421883,-0.05618903785943985,-0.005304917693138116,-0.02628715639075397,-0.05643529463764992,0.000639167786680068
16.929999999999847,0.2484096735715866,-1.3973417282104492,1.9495187997817993,1.4490392871871893,0.23740601996673852,0.13851859454135576,-0.10631984610799124,0.04400771649258899,0.0013237292846566338,-0.016305960714817047,-0.0561724528670311,-0.0019560763612389495,-0.016129112857848175,-0.05606284580254332,0.004019862126316357
16.93999999999985,0.2484096735715866,-1.3973417282104492,1.9495187997817993,1.4490392871871893,0.23740601996673852,0.13851859454135576,-0.10631984610799124,0.04400771649258899,0.0013237292846566338,-0.016305960714817047,-0.0561724528670311,-0.0019560763612389495,-0.016129112857848175,-0.05606284580254332,0.004019862126316357
16.94999999999985,0.2484096735715866,-1.3973417282104492,1.9495187997817993,1.4490392871871893,0.23740601996673852,0.13851859454135576,-0.10631984610799124,0.04400771649258899,0.0013237292846566338,-0.016305960714817047,-0.0561724528670311,-0.0019560763612389495,-0.016129112857848175,-0.05606284580254332,0.004019862126316357
16.95999999999985,0.2484096735715866,-1.3973417282104492,1.9495187997817993,1.4490392871871893,0.23740601996673852,0.13851859454135576,-0.10631984610799124,0.04400771649258899,0.0013237292846566338,-0.016305960714817047,-0.0561724528670311,-0.0019560763612389495,-0.016129112857848175,-0.05606284580254332,0.004019862126316357
16.969999999999853,0.3039205074310303,-1.3837776184082031,1.9495601654052734,1.4417438841316608,0.27026538403397626,0.13924906373031115,-0.10667629836766639,0.041653138829911285,0.0014133701775342685,-0.012210249900817871,-0.0547235831618309,-0.0049000647850334575,-0.01217047175054649,-0.05493423564628166,0.0009552618632516196
16.979999999999855,0.3039205074310303,-1.3837776184082031,1.9495601654052734,1.4417438841316608,0.27026538403397626,0.13924906373031115,-0.10667629836766639,0.041653138829911285,0.0014133701775342685,-0.012210249900817871,-0.0547235831618309,-0.0049000647850334575,-0.01217047175054649,-0.05493423564628166,0.0009552618632516196
16.989999999999856,0.3039205074310303,-1.3837776184082031,1.9495601654052734,1.4417438841316608,0.27026538403397626,0.13924906373031115,-0.10667629836766639,0.041653138829911285,0.0014133701775342685,-0.012210249900817871,-0.0547235831618309,-0.0049000647850334575,-0.01217047175054649,-0.05493423564628166,0.0009552618632516196
16.999999999999858,0.34839871525764465,-1.3723602294921875,1.9496814012527466,1.4345362523933236,0.2971395793849875,0.14254744124142257,-0.10670748608008236,0.04083304889782584,0.0014173299810315825,-0.0009380682604387403,-0.04918823763728142,-0.005497422069311136,-0.0009473570438204148,-0.04949396610419957,-0.00022754522112371808
17.00999999999986,0.34839871525764465,-1.3723602294921875,1.9496814012527466,1.4345362523933236,0.2971395793849875,0.14254744124142257,-0.10670748608008236,0.04083304889782584,0.0014173299810315825,-0.0009380682604387403,-0.04918823763728142,-0.005497422069311136,-0.0009473570438204148,-0.04949396610419957,-0.00022754522112371808
17.01999999999986,0.34839871525764465,-1.3723602294921875,1.9496814012527466,1.4345362523933236,0.2971395793849875,0.14254744124142257,-0.10670748608008236,0.04083304889782584,0.0014173299810315825,-0.0009380682604387403,-0.04918823763728142,-0.005497422069311136,-0.0009473570438204148,-0.04949396610419957,-0.00022754522112371808
17.029999999999863,0.3870595693588257,-1.3616113662719727,1.949809193611145,1.4280201962378842,0.32034091668468273,0.1431552946492088,-0.10685780212665447,0.03904037486541562,0.0015352721752275114,-0.005672598257660866,-0.046507734805345535,-0.006227643694728607,-0.005720714989598839,-0.04690666757697284,-0.0012327995603905473
17.039999999999864,0.3870595693588257,-1.3616113662719727,1.949809193611145,1.4280201962378842,0.32034091668468273,0.1431552946492088,-0.10685780212665447,0.03904037486541562,0.0015352721752275114,-0.005672598257660866,-0.046507734805345535,-0.006227643694728607,-0.005720714989598839,-0.04690666757697284,-0.0012327995603905473
17.049999999999866,0.3870595693588257,-1.3616113662719727,1.949809193611145,1.4280201962378842,0.32034091668468273,0.1431552946492088,-0.10685780212665447,0.03904037486541562,0.0015352721752275114,-0.005672598257660866,-0.046507734805345535,-0.006227643694728607,-0.005720714989598839,-0.04690666757697284,-0.0012327995603905473
17.059999999999867,0.3870595693588257,-1.3616113662719727,1.949809193611145,1.4280201962378842,0.32034091668468273,0.1431552946492088,-0.10685780212665447,0.03904037486541562,0.0015352721752275114,-0.005672598257660866,-0.046507734805345535,-0.006227643694728607,-0.005720714989598839,-0.04690666757697284,-0.0012327995603905473
17.06999999999987,0.4422975182533264,-1.345583438873291,1.9498403072357178,1.4195058636957205,0.35326213624219793,0.14408947968508115,-0.1071627135588774,0.03688161079355115,0.0013776925322579127,-0.006911025382578373,-0.0504208579659462,-0.013781070709228509,-0.007217618003556641,-0.05160561417169201,-0.008314770767289634
17.07999999999987,0.4422975182533264,-1.345583438873291,1.9498403072357178,1.4195058636957205,0.35326213624219793,0.14408947968508115,-0.1071627135588774,0.03688161079355115,0.0013776925322579127,-0.006911025382578373,-0.0504208579659462,-0.013781070709228509,-0.007217618003556641,-0.05160561417169201,-0.008314770767289634
17.089999999999872,0.4422975182533264,-1.345583438873291,1.9498403072357178,1.4195058636957205,0.35326213624219793,0.14408947968508115,-0.1071627135588774,0.03688161079355115,0.0013776925322579127,-0.006911025382578373,-0.0504208579659462,-0.013781070709228509,-0.007217618003556641,-0.05160561417169201,-0.008314770767289634
17.099999999999874,0.48645684123039246,-1.332118034362793,1.9501547813415527,1.4115138942274803,0.37827292767224163,0.14293143459484228,-0.10740639781256239,0.0356030952548389,0.0013006678101799083,-0.011504564434289932,-0.053147997707128525,-0.006758879870176308,-0.011540982773906581,-0.05356628306008901,-0.0010231142645343854
17.109999999999875,0.48645684123039246,-1.332118034362793,1.9501547813415527,1.4115138942274803,0.37827292767224163,0.14293143459484228,-0.10740639781256239,0.0356030952548389,0.0013006678101799083,-0.011504564434289932,-0.053147997707128525,-0.006758879870176308,-0.011540982773906581,-0.05356628306008901,-0.0010231142645343854
17.119999999999877,0.48645684123039246,-1.332118034362793,1.9501547813415527,1.4115138942274803,0.37827292767224163,0.14293143459484228,-0.10740639781256239,0.0356030952548389,0.0013006678101799083,-0.011504564434289932,-0.053147997707128525,-0.006758879870176308,-0.011540982773906581,-0.05356628306008901,-0.0010231142645343854
17.129999999999878,0.5248099565505981,-1.3196759223937988,1.9502404928207397,1.4037573744414829,0.40004508478964773,0.1419714077434726,-0.10758629294262433,0.03349541501351328,0.0013945560012544878,-0.007950305007398129,-0.06756353378295898,0.0016190167516470038,-0.00765327208565861,-0.06699904507211624,0.008869526507333221
17.13999999999988,0.5248099565505981,-1.3196759223937988,1.9502404928207397,1.4037573744414829,0.40004508478964773,0.1419714077434726,-0.10758629294262433,0.03349541501351328,0.0013945560012544878,-0.007950305007398129,-0.06756353378295898,0.0016190167516470038,-0.00765327208565861,-0.06699904507211624,0.008869526507333221
17.14999999999988,0.5248099565505981,-1.3196759223937988,1.9502404928207397,1.4037573744414829,0.40004508478964773,0.1419714077434726,-0.10758629294262433,0.03349541501351328,0.0013945560012544878,-0.007950305007398129,-0.06756353378295898,0.0016190167516470038,-0.00765327208565861,-0.06699904507211624,0.008869526507333221
17.159999999999883,0.5248099565505981,-1.3196759223937988,1.9502404928207397,1.4037573744414829,0.40004508478964773,0.1419714077434726,-0.10758629294262433,0.03349541501351328,0.0013945560012544878,-0.007950305007398129,-0.06756353378295898,0.0016190167516470038,-0.00765327208565861,-0.06699904507211624,0.008869526507333221
17.169999999999884,0.5794995427131653,-1.3011531829833984,1.9506394863128662,1.3929606397770435,0.4320162500842588,0.14076361051176323,-0.10791320533138717,0.0307876884186057,0.0012939270689527188,-0.01283353939652443,-0.06079535558819771,-0.012348791584372514,-0.013009979759289516,-0.06177172290109172,-0.0057317794551101815
17.179999999999886,0.5794995427131653,-1.3011531829833984,1.9506394863128662,1.3929606397770435,0.4320162500842588,0.14076361051176323,-0.10791320533138717,0.0307876884186057,0.0012939270689527188,-0.01283353939652443,-0.06079535558819771,-0.012348791584372514,-0.013009979759289516,-0.06177172290109172,-0.0057317794551101815
17.189999999999888,0.5794995427131653,-1.3011531829833984,1.9506394863128662,1.3929606397770435,0.4320162500842588,0.14076361051176323,-0.10791320533138717,0.0307876884186057,0.0012939270689527188,-0.01283353939652443,-0.06079535558819771,-0.012348791584372514,-0.013009979759289516,-0.06177172290109172,-0.0057317794551101815
17.19999999999989,0.6230789422988892,-1.2856125831604004,1.9510551691055298,1.3835336015932778,0.45792212358582635,0.14142225798928137,-0.10822121173408414,0.029484563795203853,0.0013656747678394386,-0.021520322188735008,-0.06551505625247955,-0.0019990771543234504,-0.021370234549242986,-0.06534770042602796,0.005091117810867403
17.20999999999989,0.6230789422988892,-1.2856125831604004,1.9510551691055298,1.3835336015932778,0.45792212358582635,0.14142225798928137,-0.10822121173408414,0.029484563795203853,0.0013656747678394386,-0.021520322188735008,-0.06551505625247955,-0.0019990771543234504,-0.021370234549242986,-0.06534770042602796,0.005091117810867403
17.219999999999892,0.6230789422988892,-1.2856125831604004,1.9510551691055298,1.3835336015932778,0.45792212358582635,0.14142225798928137,-0.10822121173408414,0.029484563795203853,0.0013656747678394386,-0.021520322188735008,-0.06551505625247955,-0.0019990771543234504,-0.021370234549242986,-0.06534770042602796,0.005091117810867403
17.229999999999894,0.6601706147193909,-1.2709064483642578,1.950964093208313,1.3746778641000854,0.47877501443363146,0.13910368673446166,-0.10911375421169718,0.026786401451403402,0.0015096646811701654,-0.017201516777276993,-0.06993281841278076,-0.001146393944509319,-0.017028008589155628,-0.06964176709664496,0.006478247523750378
17.239999999999895,0.6601706147193909,-1.2709064483642578,1.950964093208313,1.3746778641000854,0.47877501443363146,0.13910368673446166,-0.10911375421169718,0.026786401451403402,0.0015096646811701654,-0.017201516777276993,-0.06993281841278076,-0.001146393944509319,-0.017028008589155628,-0.06964176709664496,0.006478247523750378
17.249999999999897,0.6601706147193909,-1.2709064483642578,1.950964093208313,1.3746778641000854,0.47877501443363146,0.13910368673446166,-0.10911375421169718,0.026786401451403402,0.0015096646811701654,-0.017201516777276993,-0.06993281841278076,-0.001146393944509319,-0.017028008589155628,-0.06964176709664496,0.006478247523750378
17.2599999999999,0.6601706147193909,-1.2709064483642578,1.950964093208313,1.3746778641000854,0.47877501443363146,0.13910368673446166,-0.10911375421169718,0.026786401451403402,0.0015096646811701654,-0.017201516777276993,-0.06993281841278076,-0.001146393944509319,-0.017028008589155628,-0.06964176709664496,0.006478247523750378
17.2699999999999,0.7111911773681641,-1.248032569885254,1.9501112699508667,1.3609439574488436,0.5105540397361346,0.13727974717080577,-0.10987314626389304,0.02353679091064542,0.0015808504006234686,-0.021459225565195084,-0.07560819387435913,-0.005211358889937391,-0.021385996822411952,-0.075723714690444,0.003111533119124669
17.2799999999999,0.7111911773681641,-1.248032569885254,1.9501112699508667,1.3609439574488436,0.5105540397361346,0.13727974717080577,-0.10987314626389304,0.02353679091064542,0.0015808504006234686,-0.021459225565195084,-0.07560819387435913,-0.005211358889937391,-0.021385996822411952,-0.075723714690444,0.003111533119124669
17.289999999999903,0.7111911773681641,-1.248032569885254,1.9501112699508667,1.3609439574488436,0.5105540397361346,0.13727974717080577,-0.10987314626389304,0.02353679091064542,0.0015808504006234686,-0.021459225565195084,-0.07560819387435913,-0.005211358889937391,-0.021385996822411952,-0.075723714690444,0.003111533119124669
17.299999999999905,0.7520703077316284,-1.2291898727416992,1.9494807720184326,1.3494899583887234,0.5358156645441652,0.13879378292721167,-0.11024008249735089,0.022114849085768964,0.001604673118478975,-0.01905297301709652,-0.06733652949333191,-0.007998168468475333,-0.019064949255851855,-0.06780771139847362,-0.0005415915324984042
17.309999999999906,0.7520703077316284,-1.2291898727416992,1.9494807720184326,1.3494899583887234,0.5358156645441652,0.13879378292721167,-0.11024008249735089,0.022114849085768964,0.001604673118478975,-0.01905297301709652,-0.06733652949333191,-0.007998168468475333,-0.019064949255851855,-0.06780771139847362,-0.0005415915324984042
17.319999999999908,0.7520703077316284,-1.2291898727416992,1.9494807720184326,1.3494899583887234,0.5358156645441652,0.13879378292721167,-0.11024008249735089,0.022114849085768964,0.001604673118478975,-0.01905297301709652,-0.06733652949333191,-0.007998168468475333,-0.019064949255851855,-0.06780771139847362,-0.0005415915324984042
17.32999999999991,0.7874135375022888,-1.2119975090026855,1.9487500190734863,1.3381462198706093,0.5584545357371952,0.13897860816253554,-0.11080080868747512,0.019434269349427952,0.0016367852247874224,-0.016907019540667534,-0.064893938601017,-0.005261821206659071,-0.01686919486358311,-0.06507782224370137,0.0019464101024226788
17.33999999999991,0.7874135375022888,-1.2119975090026855,1.9487500190734863,1.3381462198706093,0.5584545357371952,0.13897860816253554,-0.11080080868747512,0.019434269349427952,0.0016367852247874224,-0.016907019540667534,-0.064893938601017,-0.005261821206659071,-0.01686919486358311,-0.06507782224370137,0.0019464101024226788
17.349999999999913,0.7874135375022888,-1.2119975090026855,1.9487500190734863,1.3381462198706093,0.5584545357371952,0.13897860816253554,-0.11080080868747512,0.019434269349427952,0.0016367852247874224,-0.016907019540667534,-0.064893938601017,-0.005261821206659071,-0.01686919486358311,-0.06507782224370137,0.0019464101024226788
17.359999999999914,0.7874135375022888,-1.2119975090026855,1.9487500190734863,1.3381462198706093,0.5584545357371952,0.13897860816253554,-0.11080080868747512,0.019434269349427952,0.0016367852247874224,-0.016907019540667534,-0.064893938601017,-0.005261821206659071,-0.01686919486358311,-0.06507782224370137,0.0019464101024226788
17.369999999999916,0.8379008769989014,-1.186753273010254,1.94826078414917,1.3234984478077298,0.5901664674649161,0.1389571185284277,-0.11106396942515664,0.016990213018599768,0.001628331308899097,-0.006118716672062874,-0.06349579989910126,-0.007991673424839967,-0.006134091376377225,-0.06399034876272103,-0.0009049588735738464
17.379999999999917,0.8379008769989014,-1.186753273010254,1.94826078414917,1.3234984478077298,0.5901664674649161,0.1389571185284277,-0.11106396942515664,0.016990213018599768,0.001628331308899097,-0.006118716672062874,-0.06349579989910126,-0.007991673424839967,-0.006134091376377225,-0.06399034876272103,-0.0009049588735738464
17.38999999999992,0.8379008769989014,-1.186753273010254,1.94826078414917,1.3234984478077298,0.5901664674649161,0.1389571185284277,-0.11106396942515664,0.016990213018599768,0.001628331308899097,-0.006118716672062874,-0.06349579989910126,-0.007991673424839967,-0.006134091376377225,-0.06399034876272103,-0.0009049588735738464
17.39999999999992,0.8781567215919495,-1.1659116744995117,1.948198914527893,1.3093185435525982,0.6149688339772367,0.1405227161740313,-0.11110388723331936,0.015858912409558914,0.0016138997437983025,0.0024817483499646187,-0.05223490297794342,-0.008101191371679299,0.002445909379611602,-0.05281106196588407,-0.0022599577923230704
17.409999999999922,0.8781567215919495,-1.1659116744995117,1.948198914527893,1.3093185435525982,0.6149688339772367,0.1405227161740313,-0.11110388723331936,0.015858912409558914,0.0016138997437983025,0.0024817483499646187,-0.05223490297794342,-0.008101191371679299,0.002445909379611602,-0.05281106196588407,-0.0022599577923230704
17.419999999999924,0.8781567215919495,-1.1659116744995117,1.948198914527893,1.3093185435525982,0.6149688339772367,0.1405227161740313,-0.11110388723331936,0.015858912409558914,0.0016138997437983025,0.0024817483499646187,-0.05223490297794342,-0.008101191371679299,0.002445909379611602,-0.05281106196588407,-0.0022599577923230704
17.429999999999925,0.9129577875137329,-1.1470332145690918,1.9480806589126587,1.2986926655304942,0.6357971809046062,0.14001991365088692,-0.11081780749161925,0.013808920104246922,0.0015517095581902246,0.010364885441958904,-0.04923634231090546,-0.010011833161115641,0.010302667913910386,-0.05004154593004499,-0.004505747369157202
17.439999999999927,0.9129577875137329,-1.1470332145690918,1.9480806589126587,1.2986926655304942,0.6357971809046062,0.14001991365088692,-0.11081780749161925,0.013808920104246922,0.0015517095581902246,0.010364885441958904,-0.04923634231090546,-0.010011833161115641,0.010302667913910386,-0.05004154593004499,-0.004505747369157202
17.44999999999993,0.9129577875137329,-1.1470332145690918,1.9480806589126587,1.2986926655304942,0.6357971809046062,0.14001991365088692,-0.11081780749161925,0.013808920104246922,0.0015517095581902246,0.010364885441958904,-0.04923634231090546,-0.010011833161115641,0.010302667913910386,-0.05004154593004499,-0.004505747369157202
17.45999999999993,0.9129577875137329,-1.1470332145690918,1.9480806589126587,1.2986926655304942,0.6357971809046062,0.14001991365088692,-0.11081780749161925,0.013808920104246922,0.0015517095581902246,0.010364885441958904,-0.04923634231090546,-0.010011833161115641,0.010302667913910386,-0.05004154593004499,-0.004505747369157202
17.46999999999993,0.9625322818756104,-1.1193766593933105,1.9483357667922974,1.2825096387707877,0.6644709359261046,0.14130303939141675,-0.11037807061030712,0.011427188168624045,0.0014701693293750124,0.00879022479057312,-0.05393262952566147,-0.00828017853200435,0.008764068068625553,-0.05451651918420679,-0.0022890400359611984
17.479999999999933,0.9625322818756104,-1.1193766593933105,1.9483357667922974,1.2825096387707877,0.6644709359261046,0.14130303939141675,-0.11037807061030712,0.011427188168624045,0.0014701693293750124,0.00879022479057312,-0.05393262952566147,-0.00828017853200435,0.008764068068625553,-0.05451651918420679,-0.0022890400359611984
17.489999999999934,0.9625322818756104,-1.1193766593933105,1.9483357667922974,1.2825096387707877,0.6644709359261046,0.14130303939141675,-0.11037807061030712,0.011427188168624045,0.0014701693293750124,0.00879022479057312,-0.05393262952566147,-0.00828017853200435,0.008764068068625553,-0.05451651918420679,-0.0022890400359611984
17.499999999999936,1.0019575357437134,-1.0966110229492188,1.9487409591674805,1.268445043241744,0.6876277367050784,0.14260057961406278,-0.11031576101506886,0.010252076167022128,0.0014699725181027933,0.0006883073365315795,-0.05666942894458771,-0.004632452502846711,0.0007050656141725512,-0.05683495393296473,0.0016346514535066554
17.509999999999938,1.0019575357437134,-1.0966110229492188,1.9487409591674805,1.268445043241744,0.6876277367050784,0.14260057961406278,-0.11031576101506886,0.010252076167022128,0.0014699725181027933,0.0006883073365315795,-0.05666942894458771,-0.004632452502846711,0.0007050656141725512,-0.05683495393296473,0.0016346514535066554
17.51999999999994,1.0019575357437134,-1.0966110229492188,1.9487409591674805,1.268445043241744,0.6876277367050784,0.14260057961406278,-0.11031576101506886,0.010252076167022128,0.0014699725181027933,0.0006883073365315795,-0.05666942894458771,-0.004632452502846711,0.0007050656141725512,-0.05683495393296473,0.0016346514535066554
17.52999999999994,1.036023736000061,-1.0760798454284668,1.949082851409912,1.2557457498614122,0.7081414405439364,0.14186353199841167,-0.11044023769942883,0.007869527592543354,0.0014933058595028425,-0.005431130062788725,-0.05895920842885971,-0.0022446250077336953,-0.005397547811064799,-0.05884740294852759,0.0042674224028469805
17.539999999999942,1.036023736000061,-1.0760798454284668,1.949082851409912,1.2557457498614122,0.7081414405439364,0.14186353199841167,-0.11044023769942883,0.007869527592543354,0.0014933058595028425,-0.005431130062788725,-0.05895920842885971,-0.0022446250077336953,-0.005397547811064799,-0.05884740294852759,0.0042674224028469805
17.549999999999944,1.036023736000061,-1.0760798454284668,1.949082851409912,1.2557457498614122,0.7081414405439364,0.14186353199841167,-0.11044023769942883,0.007869527592543354,0.0014933058595028425,-0.005431130062788725,-0.05895920842885971,-0.0022446250077336953,-0.005397547811064799,-0.05884740294852759,0.0042674224028469805
17.559999999999945,1.036023736000061,-1.0760798454284668,1.949082851409912,1.2557457498614122,0.7081414405439364,0.14186353199841167,-0.11044023769942883,0.007869527592543354,0.0014933058595028425,-0.005431130062788725,-0.05895920842885971,-0.0022446250077336953,-0.005397547811064799,-0.05884740294852759,0.0042674224028469805
17.569999999999947,1.0843561887741089,-1.0459671020507812,1.9497277736663818,1.2360242704437787,0.7377529165831532,0.14011505953562836,-0.11056095100861632,0.005552591070306381,0.001483263483604738,-0.0007882746867835522,-0.06902887672185898,-0.00994723290205001,-0.0008008799715576073,-0.06970494768256645,-0.0022701743001597614
17.57999999999995,1.0843561887741089,-1.0459671020507812,1.9497277736663818,1.2360242704437787,0.7377529165831532,0.14011505953562836,-0.11056095100861632,0.005552591070306381,0.001483263483604738,-0.0007882746867835522,-0.06902887672185898,-0.00994723290205001,-0.0008008799715576073,-0.06970494768256645,-0.0022701743001597614
17.58999999999995,1.0843561887741089,-1.0459671020507812,1.9497277736663818,1.2360242704437787,0.7377529165831532,0.14011505953562836,-0.11056095100861632,0.005552591070306381,0.001483263483604738,-0.0007882746867835522,-0.06902887672185898,-0.00994723290205001,-0.0008008799715576073,-0.06970494768256645,-0.0022701743001597614
17.59999999999995,1.122620940208435,-1.0211806297302246,1.9503986835479736,1.219709989820704,0.7601010708719659,0.13999059532874336,-0.11057936147115385,0.004177611022300723,0.0014661074926350776,0.0016976676415652037,-0.06963937729597092,-0.008153212256729594,0.001695919629638696,-0.07011378369354311,-0.00041842502849052775
17.609999999999953,1.122620940208435,-1.0211806297302246,1.9503986835479736,1.219709989820704,0.7601010708719659,0.13999059532874336,-0.11057936147115385,0.004177611022300723,0.0014661074926350776,0.0016976676415652037,-0.06963937729597092,-0.008153212256729594,0.001695919629638696,-0.07011378369354311,-0.00041842502849052775
17.619999999999955,1.122620940208435,-1.0211806297302246,1.9503986835479736,1.219709989820704,0.7601010708719659,0.13999059532874336,-0.11057936147115385,0.004177611022300723,0.0014661074926350776,0.0016976676415652037,-0.06963937729597092,-0.008153212256729594,0.001695919629638696,-0.07011378369354311,-0.00041842502849052775
17.629999999999956,1.1546237468719482,-0.9982905387878418,1.9506562948226929,1.2055075022959498,0.7810104611134749,0.13856836629328603,-0.11043529693040555,0.0012599212004539132,0.001515727361732569,0.0056382580660283566,-0.06447649002075195,-0.01225379016250371,0.005631866322253841,-0.06543421520976143,-0.005073131131738351
17.639999999999958,1.1546237468719482,-0.9982905387878418,1.9506562948226929,1.2055075022959498,0.7810104611134749,0.13856836629328603,-0.11043529693040555,0.0012599212004539132,0.001515727361732569,0.0056382580660283566,-0.06447649002075195,-0.01225379016250371,0.005631866322253841,-0.06543421520976143,-0.005073131131738351
17.64999999999996,1.1546237468719482,-0.9982905387878418,1.9506562948226929,1.2055075022959498,0.7810104611134749,0.13856836629328603,-0.11043529693040555,0.0012599212004539132,0.001515727361732569,0.0056382580660283566,-0.06447649002075195,-0.01225379016250371,0.005631866322253841,-0.06543421520976143,-0.005073131131738351
17.65999999999996,1.1546237468719482,-0.9982905387878418,1.9506562948226929,1.2055075022959498,0.7810104611134749,0.13856836629328603,-0.11043529693040555,0.0012599212004539132,0.001515727361732569,0.0056382580660283566,-0.06447649002075195,-0.01225379016250371,0.005631866322253841,-0.06543421520976143,-0.005073131131738351
17.669999999999963,1.1974761486053467,-0.9633705615997314,1.9504280090332031,1.182680368762665,0.8086917219778011,0.13782260708179994,-0.11014557342668518,-0.0012872571855499664,0.001563709298687059,0.001981815556064248,-0.054655615240335464,-0.0069289193488657405,0.0019829470840881627,-0.055086055594389866,-0.000879022738511542
17.679999999999964,1.1974761486053467,-0.9633705615997314,1.9504280090332031,1.182680368762665,0.8086917219778011,0.13782260708179994,-0.11014557342668518,-0.0012872571855499664,0.001563709298687059,0.001981815556064248,-0.054655615240335464,-0.0069289193488657405,0.0019829470840881627,-0.055086055594389866,-0.000879022738511542
17.689999999999966,1.1974761486053467,-0.9633705615997314,1.9504280090332031,1.182680368762665,0.8086917219778011,0.13782260708179994,-0.11014557342668518,-0.0012872571855499664,0.001563709298687059,0.001981815556064248,-0.054655615240335464,-0.0069289193488657405,0.0019829470840881627,-0.055086055594389866,-0.000879022738511542
17.699999999999967,1.23174250125885,-0.93499755859375,1.9503278732299805,1.1653142691984144,0.8323052938877095,0.13912545998362374,-0.11009509192300311,-0.002316401294923858,0.0015677054394158461,0.005583685822784901,-0.06333129107952118,-0.007503924891352646,0.005584844271385145,-0.06377233892852818,-0.0005001074894782798
17.70999999999997,1.23174250125885,-0.93499755859375,1.9503278732299805,1.1653142691984144,0.8323052938877095,0.13912545998362374,-0.11009509192300311,-0.002316401294923858,0.0015677054394158461,0.005583685822784901,-0.06333129107952118,-0.007503924891352646,0.005584844271385145,-0.06377233892852818,-0.0005001074894782798
17.71999999999997,1.23174250125885,-0.93499755859375,1.9503278732299805,1.1653142691984144,0.8323052938877095,0.13912545998362374,-0.11009509192300311,-0.002316401294923858,0.0015677054394158461,0.005583685822784901,-0.06333129107952118,-0.007503924891352646,0.005584844271385145,-0.06377233892852818,-0.0005001074894782798
17.729999999999972,1.261130452156067,-0.9095404148101807,1.950169563293457,1.1491369927397848,0.8514900686401954,0.13903825108690485,-0.10951537489650509,-0.004520796828320348,0.0015347017950862862,0.016951799392700195,-0.04057631641626358,-0.005685331299901003,0.01695729861070932,-0.040954618446815694,-0.0012164308527479286
17.739999999999974,1.261130452156067,-0.9095404148101807,1.950169563293457,1.1491369927397848,0.8514900686401954,0.13903825108690485,-0.10951537489650509,-0.004520796828320348,0.0015347017950862862,0.016951799392700195,-0.04057631641626358,-0.005685331299901003,0.01695729861070932,-0.040954618446815694,-0.0012164308527479286
17.749999999999975,1.261130452156067,-0.9095404148101807,1.950169563293457,1.1491369927397848,0.8514900686401954,0.13903825108690485,-0.10951537489650509,-0.004520796828320348,0.0015347017950862862,0.016951799392700195,-0.04057631641626358,-0.005685331299901003,0.01695729861070932,-0.040954618446815694,-0.0012164308527479286
17.759999999999977,1.261130452156067,-0.9095404148101807,1.950169563293457,1.1491369927397848,0.8514900686401954,0.13903825108690485,-0.10951537489650509,-0.004520796828320348,0.0015347017950862862,0.016951799392700195,-0.04057631641626358,-0.005685331299901003,0.01695729861070932,-0.040954618446815694,-0.0012164308527479286
17.76999999999998,1.3029911518096924,-0.8726589679718018,1.9502414464950562,1.1251222732429225,0.8787662276499445,0.13941031357630537,-0.10849013965813235,-0.0061795565051422805,0.0014619337137567743,0.02454826422035694,-0.03967205435037613,-0.005168730858713383,0.024553472131848924,-0.03999846798281741,-0.0008427699679542765
17.77999999999998,1.3029911518096924,-0.8726589679718018,1.9502414464950562,1.1251222732429225,0.8787662276499445,0.13941031357630537,-0.10849013965813235,-0.0061795565051422805,0.0014619337137567743,0.02454826422035694,-0.03967205435037613,-0.005168730858713383,0.024553472131848924,-0.03999846798281741,-0.0008427699679542765
17.78999999999998,1.3029911518096924,-0.8726589679718018,1.9502414464950562,1.1251222732429225,0.8787662276499445,0.13941031357630537,-0.10849013965813235,-0.0061795565051422805,0.0014619337137567743,0.02454826422035694,-0.03967205435037613,-0.005168730858713383,0.024553472131848924,-0.03999846798281741,-0.0008427699679542765
17.799999999999983,1.3362510204315186,-0.8426783084869385,1.9504706859588623,1.1069386243820913,0.8986275737114652,0.1396657799687156,-0.10804218405003649,-0.006732072443788184,0.0014083560973307979,0.028972547501325607,-0.03413431718945503,-0.007080666720867153,0.02899515821369676,-0.03469880725661501,-0.003358680904003239
17.809999999999985,1.3362510204315186,-0.8426783084869385,1.9504706859588623,1.1069386243820913,0.8986275737114652,0.1396657799687156,-0.10804218405003649,-0.006732072443788184,0.0014083560973307979,0.028972547501325607,-0.03413431718945503,-0.007080666720867153,0.02899515821369676,-0.03469880725661501,-0.003358680904003239
17.819999999999986,1.3362510204315186,-0.8426783084869385,1.9504706859588623,1.1069386243820913,0.8986275737114652,0.1396657799687156,-0.10804218405003649,-0.006732072443788184,0.0014083560973307979,0.028972547501325607,-0.03413431718945503,-0.007080666720867153,0.02899515821369676,-0.03469880725661501,-0.003358680904003239
17.829999999999988,1.3647711277008057,-0.8159258365631104,1.950461745262146,1.0900767536137055,0.9155579904525719,0.137098668372244,-0.10673260147741509,-0.008192896386722572,0.0013460278090672865,0.0345219187438488,-0.038799434900283813,-0.003493496682494874,0.03451651385404887,-0.038950808428463886,0.0006597117809351016
17.83999999999999,1.3647711277008057,-0.8159258365631104,1.950461745262146,1.0900767536137055,0.9155579904525719,0.137098668372244,-0.10673260147741509,-0.008192896386722572,0.0013460278090672865,0.0345219187438488,-0.038799434900283813,-0.003493496682494874,0.03451651385404887,-0.038950808428463886,0.0006597117809351016
17.84999999999999,1.3647711277008057,-0.8159258365631104,1.950461745262146,1.0900767536137055,0.9155579904525719,0.137098668372244,-0.10673260147741509,-0.008192896386722572,0.0013460278090672865,0.0345219187438488,-0.038799434900283813,-0.003493496682494874,0.03451651385404887,-0.038950808428463886,0.0006597117809351016
17.859999999999992,1.3647711277008057,-0.8159258365631104,1.950461745262146,1.0900767536137055,0.9155579904525719,0.137098668372244,-0.10673260147741509,-0.008192896386722572,0.0013460278090672865,0.0345219187438488,-0.038799434900283813,-0.003493496682494874,0.03451651385404887,-0.038950808428463886,0.0006597117809351016
17.869999999999994,1.4052249193191528,-0.7771663665771484,1.9506874084472656,1.0670102819794056,0.9405566568741014,0.13838057024192457,-0.10565367146666385,-0.009791287018134427,0.0012679020737901177,0.019807154312729836,-0.03709328547120094,-0.005671408027410503,0.019824074478110874,-0.037484538318912464,-0.0017281115043197282
17.879999999999995,1.4052249193191528,-0.7771663665771484,1.9506874084472656,1.0670102819794056,0.9405566568741014,0.13838057024192457,-0.10565367146666385,-0.009791287018134427,0.0012679020737901177,0.019807154312729836,-0.03709328547120094,-0.005671408027410503,0.019824074478110874,-0.037484538318912464,-0.0017281115043197282
17.889999999999997,1.4052249193191528,-0.7771663665771484,1.9506874084472656,1.0670102819794056,0.9405566568741014,0.13838057024192457,-0.10565367146666385,-0.009791287018134427,0.0012679020737901177,0.019807154312729836,-0.03709328547120094,-0.005671408027410503,0.019824074478110874,-0.037484538318912464,-0.0017281115043197282
17.9,1.4372329711914062,-0.7456569671630859,1.9510753154754639,1.047038347475727,0.9592529238582053,0.1395828439986635,-0.10532292306337002,-0.010796570900714843,0.001260513104346188,0.011357646435499191,-0.041449420154094696,-0.0040629198774695344,0.011354222693384937,-0.04164686297508033,0.0003171200061512661
17.91,1.4372329711914062,-0.7456569671630859,1.9510753154754639,1.047038347475727,0.9592529238582053,0.1395828439986635,-0.10532292306337002,-0.010796570900714843,0.001260513104346188,0.011357646435499191,-0.041449420154094696,-0.0040629198774695344,0.011354222693384937,-0.04164686297508033,0.0003171200061512661
17.92,1.4372329711914062,-0.7456569671630859,1.9510753154754639,1.047038347475727,0.9592529238582053,0.1395828439986635,-0.10532292306337002,-0.010796570900714843,0.001260513104346188,0.011357646435499191,-0.041449420154094696,-0.0040629198774695344,0.011354222693384937,-0.04164686297508033,0.0003171200061512661
17.930000000000003,1.4646484851837158,-0.7175958156585693,1.9513325691223145,1.0298585313695068,0.9756652444881677,0.13863379196070158,-0.10465059932532911,-0.01254422673403047,0.0012200092715755919,0.01796688325703144,-0.04761339724063873,-0.006335922982543701,0.01798353758748991,-0.048014758666438666,-0.0013276838501560593
17.940000000000005,1.4646484851837158,-0.7175958156585693,1.9513325691223145,1.0298585313695068,0.9756652444881677,0.13863379196070158,-0.10465059932532911,-0.01254422673403047,0.0012200092715755919,0.01796688325703144,-0.04761339724063873,-0.006335922982543701,0.01798353758748991,-0.048014758666438666,-0.0013276838501560593
17.950000000000006,1.4646484851837158,-0.7175958156585693,1.9513325691223145,1.0298585313695068,0.9756652444881677,0.13863379196070158,-0.10465059932532911,-0.01254422673403047,0.0012200092715755919,0.01796688325703144,-0.04761339724063873,-0.006335922982543701,0.01798353758748991,-0.048014758666438666,-0.0013276838501560593
17.960000000000008,1.4646484851837158,-0.7175958156585693,1.9513325691223145,1.0298585313695068,0.9756652444881677,0.13863379196070158,-0.10465059932532911,-0.01254422673403047,0.0012200092715755919,0.01796688325703144,-0.04761339724063873,-0.006335922982543701,0.01798353758748991,-0.048014758666438666,-0.0013276838501560593
17.97000000000001,1.5033701658248901,-0.6769149303436279,1.9519051313400269,1.0057734410239911,0.9988376215361681,0.13937809446388447,-0.10398633836140134,-0.014362404032354684,0.0012605612841953015,0.01779259368777275,-0.04982095956802368,-0.0032058684155344902,0.017764113720095637,-0.04988460728464028,0.001983020862760656
17.98000000000001,1.5033701658248901,-0.6769149303436279,1.9519051313400269,1.0057734410239911,0.9988376215361681,0.13937809446388447,-0.10398633836140134,-0.014362404032354684,0.0012605612841953015,0.01779259368777275,-0.04982095956802368,-0.0032058684155344902,0.017764113720095637,-0.04988460728464028,0.001983020862760656
17.990000000000013,1.5033701658248901,-0.6769149303436279,1.9519051313400269,1.0057734410239911,0.9988376215361681,0.13937809446388447,-0.10398633836140134,-0.014362404032354684,0.0012605612841953015,0.01779259368777275,-0.04982095956802368,-0.0032058684155344902,0.017764113720095637,-0.04988460728464028,0.001983020862760656
18.000000000000014,1.5338972806930542,-0.64385986328125,1.952487826347351,0.9859665852097299,1.0168931000495578,0.13821833377546083,-0.10361981641039986,-0.015551285394584146,0.0013176324766241356,0.013964321464300156,-0.04658622294664383,-0.004892163909971708,0.013965057123965483,-0.04684236542615056,-4.7307299672664294e-05
18.010000000000016,1.5338972806930542,-0.64385986328125,1.952487826347351,0.9859665852097299,1.0168931000495578,0.13821833377546083,-0.10361981641039986,-0.015551285394584146,0.0013176324766241356,0.013964321464300156,-0.04658622294664383,-0.004892163909971708,0.013965057123965483,-0.04684236542615056,-4.7307299672664294e-05
18.020000000000017,1.5338972806930542,-0.64385986328125,1.952487826347351,0.9859665852097299,1.0168931000495578,0.13821833377546083,-0.10361981641039986,-0.015551285394584146,0.0013176324766241356,0.013964321464300156,-0.04658622294664383,-0.004892163909971708,0.013965057123965483,-0.04684236542615056,-4.7307299672664294e-05
18.03000000000002,1.5588241815567017,-0.6140313148498535,1.9524857997894287,0.9673232387378659,1.0328837345461936,0.13582988551675393,-0.10264194867874582,-0.01782106643425169,0.0012235966935595724,0.026260217651724815,-0.06155550479888916,-0.009381506592035287,0.02631413284093025,-0.06219278057386258,-0.0030255228178738144
18.04000000000002,1.5588241815567017,-0.6140313148498535,1.9524857997894287,0.9673232387378659,1.0328837345461936,0.13582988551675393,-0.10264194867874582,-0.01782106643425169,0.0012235966935595724,0.026260217651724815,-0.06155550479888916,-0.009381506592035287,0.02631413284093025,-0.06219278057386258,-0.0030255228178738144
18.050000000000022,1.5588241815567017,-0.6140313148498535,1.9524857997894287,0.9673232387378659,1.0328837345461936,0.13582988551675393,-0.10264194867874582,-0.01782106643425169,0.0012235966935595724,0.026260217651724815,-0.06155550479888916,-0.009381506592035287,0.02631413284093025,-0.06219278057386258,-0.0030255228178738144
18.060000000000024,1.5588241815567017,-0.6140313148498535,1.9524857997894287,0.9673232387378659,1.0328837345461936,0.13582988551675393,-0.10264194867874582,-0.01782106643425169,0.0012235966935595724,0.026260217651724815,-0.06155550479888916,-0.009381506592035287,0.02631413284093025,-0.06219278057386258,-0.0030255228178738144
18.070000000000025,1.5910371541976929,-0.5697987079620361,1.9515535831451416,0.9393995479625787,1.0558012547011446,0.13511107391718272,-0.10183676533723128,-0.019957752023972132,0.0012647802264763423,0.02055647410452366,-0.06561148911714554,-0.005899720359593622,0.02054048653561858,-0.06587133413509887,0.0008011238076777261
18.080000000000027,1.5910371541976929,-0.5697987079620361,1.9515535831451416,0.9393995479625787,1.0558012547011446,0.13511107391718272,-0.10183676533723128,-0.019957752023972132,0.0012647802264763423,0.02055647410452366,-0.06561148911714554,-0.005899720359593622,0.02054048653561858,-0.06587133413509887,0.0008011238076777261
18.09000000000003,1.5910371541976929,-0.5697987079620361,1.9515535831451416,0.9393995479625787,1.0558012547011446,0.13511107391718272,-0.10183676533723128,-0.019957752023972132,0.0012647802264763423,0.02055647410452366,-0.06561148911714554,-0.005899720359593622,0.02054048653561858,-0.06587133413509887,0.0008011238076777261
18.10000000000003,1.6167587041854858,-0.5340678691864014,1.951153039932251,0.9171370847626112,1.0732350033975968,0.1363061576644148,-0.10139200317007709,-0.021365440206796947,0.001241109297521159,0.018960632383823395,-0.054180704057216644,-0.009705439209938042,0.019049772135220095,-0.05488481330128088,-0.0041724641606987216
18.11000000000003,1.6167587041854858,-0.5340678691864014,1.951153039932251,0.9171370847626112,1.0732350033975968,0.1363061576644148,-0.10139200317007709,-0.021365440206796947,0.001241109297521159,0.018960632383823395,-0.054180704057216644,-0.009705439209938042,0.019049772135220095,-0.05488481330128088,-0.0041724641606987216
18.120000000000033,1.6167587041854858,-0.5340678691864014,1.951153039932251,0.9171370847626112,1.0732350033975968,0.1363061576644148,-0.10139200317007709,-0.021365440206796947,0.001241109297521159,0.018960632383823395,-0.054180704057216644,-0.009705439209938042,0.019049772135220095,-0.05488481330128088,-0.0041724641606987216
18.130000000000035,1.6385279893875122,-0.5023164749145508,1.9504425525665283,0.8970918133830017,1.0894463775062677,0.1357792105536335,-0.10055526543672913,-0.023455462076569674,0.0012040518975262322,0.02474287524819374,-0.0510285422205925,-0.007707346696406597,0.02480260070877182,-0.05154448438999271,-0.0025465683493357876
18.140000000000036,1.6385279893875122,-0.5023164749145508,1.9504425525665283,0.8970918133830017,1.0894463775062677,0.1357792105536335,-0.10055526543672913,-0.023455462076569674,0.0012040518975262322,0.02474287524819374,-0.0510285422205925,-0.007707346696406597,0.02480260070877182,-0.05154448438999271,-0.0025465683493357876
18.150000000000038,1.6385279893875122,-0.5023164749145508,1.9504425525665283,0.8970918133830017,1.0894463775062677,0.1357792105536335,-0.10055526543672913,-0.023455462076569674,0.0012040518975262322,0.02474287524819374,-0.0510285422205925,-0.007707346696406597,0.02480260070877182,-0.05154448438999271,-0.0025465683493357876
18.16000000000004,1.6385279893875122,-0.5023164749145508,1.9504425525665283,0.8970918133830017,1.0894463775062677,0.1357792105536335,-0.10055526543672913,-0.023455462076569674,0.0012040518975262322,0.02474287524819374,-0.0510285422205925,-0.007707346696406597,0.02480260070877182,-0.05154448438999271,-0.0025465683493357876
18.17000000000004,1.669468641281128,-0.4565398693084717,1.949999213218689,0.8686228930518566,1.111026796667256,0.1370234266062861,-0.09879102165518698,-0.024900354254536,0.001189082113609465,0.04867682605981827,-0.030293099582195282,-0.0032816100865602454,0.04868374452684166,-0.030469061037290548,-0.00027787484244267676
18.180000000000042,1.669468641281128,-0.4565398693084717,1.949999213218689,0.8686228930518566,1.111026796667256,0.1370234266062861,-0.09879102165518698,-0.024900354254536,0.001189082113609465,0.04867682605981827,-0.030293099582195282,-0.0032816100865602454,0.04868374452684166,-0.030469061037290548,-0.00027787484244267676
18.190000000000044,1.669468641281128,-0.4565398693084717,1.949999213218689,0.8686228930518566,1.111026796667256,0.1370234266062861,-0.09879102165518698,-0.024900354254536,0.001189082113609465,0.04867682605981827,-0.030293099582195282,-0.0032816100865602454,0.04868374452684166,-0.030469061037290548,-0.00027787484244267676
18.200000000000045,1.6939526796340942,-0.4195401668548584,1.9499263763427734,0.8460213061649938,1.1263568948979816,0.13992212233279558,-0.0981560878574915,-0.025172295824029314,0.0012123260526058434,0.03961353749036789,-0.019577201455831528,-0.00040637690108269215,0.039575415650145135,-0.019522792072558342,0.0015145963139730056
18.210000000000047,1.6939526796340942,-0.4195401668548584,1.9499263763427734,0.8460213061649938,1.1263568948979816,0.13992212233279558,-0.0981560878574915,-0.025172295824029314,0.0012123260526058434,0.03961353749036789,-0.019577201455831528,-0.00040637690108269215,0.039575415650145135,-0.019522792072558342,0.0015145963139730056
18.22000000000005,1.6939526796340942,-0.4195401668548584,1.9499263763427734,0.8460213061649938,1.1263568948979816,0.13992212233279558,-0.0981560878574915,-0.025172295824029314,0.0012123260526058434,0.03961353749036789,-0.019577201455831528,-0.00040637690108269215,0.039575415650145135,-0.019522792072558342,0.0015145963139730056
18.23000000000005,1.714660406112671,-0.38675665855407715,1.949877142906189,0.8257499569528538,1.1395805107572672,0.1399827560109524,-0.09600568321477072,-0.026298650887256237,0.0011428481534022708,0.05393920838832855,-0.030526641756296158,-0.005118139088153836,0.05399624592834437,-0.030876682313446615,-0.0021690890342251894
18.24000000000005,1.714660406112671,-0.38675665855407715,1.949877142906189,0.8257499569528538,1.1395805107572672,0.1399827560109524,-0.09600568321477072,-0.026298650887256237,0.0011428481534022708,0.05393920838832855,-0.030526641756296158,-0.005118139088153836,0.05399624592834437,-0.030876682313446615,-0.0021690890342251894
18.250000000000053,1.714660406112671,-0.38675665855407715,1.949877142906189,0.8257499569528538,1.1395805107572672,0.1399827560109524,-0.09600568321477072,-0.026298650887256237,0.0011428481534022708,0.05393920838832855,-0.030526641756296158,-0.005118139088153836,0.05399624592834437,-0.030876682313446615,-0.0021690890342251894
18.260000000000055,1.714660406112671,-0.38675665855407715,1.949877142906189,0.8257499569528538,1.1395805107572672,0.1399827560109524,-0.09600568321477072,-0.026298650887256237,0.0011428481534022708,0.05393920838832855,-0.030526641756296158,-0.005118139088153836,0.05399624592834437,-0.030876682313446615,-0.0021690890342251894
18.270000000000056,1.7439088821411133,-0.3395352363586426,1.9498207569122314,0.7981735942368874,1.1586705737471117,0.13816382056710297,-0.09408741494209116,-0.027410914687988,0.0011766105950832668,0.04895269125699997,-0.021937720477581024,-0.00206712959334254,0.04895260810833608,-0.02203489494667846,3.0337943171701157e-06
18.280000000000058,1.7439088821411133,-0.3395352363586426,1.9498207569122314,0.7981735942368874,1.1586705737471117,0.13816382056710297,-0.09408741494209116,-0.027410914687988,0.0011766105950832668,0.04895269125699997,-0.021937720477581024,-0.00206712959334254,0.04895260810833608,-0.02203489494667846,3.0337943171701157e-06
18.29000000000006,1.7439088821411133,-0.3395352363586426,1.9498207569122314,0.7981735942368874,1.1586705737471117,0.13816382056710297,-0.09408741494209116,-0.027410914687988,0.0011766105950832668,0.04895269125699997,-0.021937720477581024,-0.00206712959334254,0.04895260810833608,-0.02203489494667846,3.0337943171701157e-06
18.30000000000006,1.76692533493042,-0.3013772964477539,1.9498977661132812,0.7765479621247906,1.1723782446779658,0.138571853081321,-0.09311142875306631,-0.028103604857723213,0.001091764820499655,0.03936704248189926,-0.029983650892972946,-0.008743334561586377,0.03953339420833175,-0.03066669810648672,-0.00592001015793036
18.310000000000063,1.76692533493042,-0.3013772964477539,1.9498977661132812,0.7765479621247906,1.1723782446779658,0.138571853081321,-0.09311142875306631,-0.028103604857723213,0.001091764820499655,0.03936704248189926,-0.029983650892972946,-0.008743334561586377,0.03953339420833175,-0.03066669810648672,-0.00592001015793036
18.320000000000064,1.76692533493042,-0.3013772964477539,1.9498977661132812,0.7765479621247906,1.1723782446779658,0.138571853081321,-0.09311142875306631,-0.028103604857723213,0.001091764820499655,0.03936704248189926,-0.029983650892972946,-0.008743334561586377,0.03953339420833175,-0.03066669810648672,-0.00592001015793036
18.330000000000066,1.7864069938659668,-0.26767468452453613,1.949666976928711,0.7569102740855532,1.1832857417650278,0.13682266692806805,-0.09144614742525135,-0.029347984501168448,0.0010401174180127014,0.046857696026563644,-0.03522120788693428,-0.006990029010921712,0.04696762011849063,-0.03571236431272134,-0.0037460791622203385
18.340000000000067,1.7864069938659668,-0.26767468452453613,1.949666976928711,0.7569102740855532,1.1832857417650278,0.13682266692806805,-0.09144614742525135,-0.029347984501168448,0.0010401174180127014,0.046857696026563644,-0.03522120788693428,-0.006990029010921712,0.04696762011849063,-0.03571236431272134,-0.0037460791622203385
18.35000000000007,1.7864069938659668,-0.26767468452453613,1.949666976928711,0.7569102740855532,1.1832857417650278,0.13682266692806805,-0.09144614742525135,-0.029347984501168448,0.0010401174180127014,0.046857696026563644,-0.03522120788693428,-0.006990029010921712,0.04696762011849063,-0.03571236431272134,-0.0037460791622203385
18.36000000000007,1.7864069938659668,-0.26767468452453613,1.949666976928711,0.7569102740855532,1.1832857417650278,0.13682266692806805,-0.09144614742525135,-0.029347984501168448,0.0010401174180127014,0.046857696026563644,-0.03522120788693428,-0.006990029010921712,0.04696762011849063,-0.03571236431272134,-0.0037460791622203385
18.370000000000072,1.8137606382369995,-0.2191605567932129,1.9496397972106934,0.7292391727841939,1.1989100278317792,0.13459144419817695,-0.08973880315218134,-0.03110434158830224,0.000934147868020923,0.033039581030607224,-0.04567353054881096,-0.0018119347514584604,0.03296837437442659,-0.045652130961158756,0.002289652687593631
18.380000000000074,1.8137606382369995,-0.2191605567932129,1.9496397972106934,0.7292391727841939,1.1989100278317792,0.13459144419817695,-0.08973880315218134,-0.03110434158830224,0.000934147868020923,0.033039581030607224,-0.04567353054881096,-0.0018119347514584604,0.03296837437442659,-0.045652130961158756,0.002289652687593631
18.390000000000075,1.8137606382369995,-0.2191605567932129,1.9496397972106934,0.7292391727841939,1.1989100278317792,0.13459144419817695,-0.08973880315218134,-0.03110434158830224,0.000934147868020923,0.033039581030607224,-0.04567353054881096,-0.0018119347514584604,0.03296837437442659,-0.045652130961158756,0.002289652687593631
18.400000000000077,1.8351385593414307,-0.1800081729888916,1.9496878385543823,0.7063699924055861,1.2116099012153414,0.1349668812448649,-0.08925654269437573,-0.03191739126386221,0.0008988170018935098,0.030522534623742104,-0.0496368333697319,-0.005757956765592092,0.030564376705724983,-0.049952496154403885,-0.0013111719159009008
18.41000000000008,1.8351385593414307,-0.1800081729888916,1.9496878385543823,0.7063699924055861,1.2116099012153414,0.1349668812448649,-0.08925654269437573,-0.03191739126386221,0.0008988170018935098,0.030522534623742104,-0.0496368333697319,-0.005757956765592092,0.030564376705724983,-0.049952496154403885,-0.0013111719159009008
18.42000000000008,1.8351385593414307,-0.1800081729888916,1.9496878385543823,0.7063699924055861,1.2116099012153414,0.1349668812448649,-0.08925654269437573,-0.03191739126386221,0.0008988170018935098,0.030522534623742104,-0.0496368333697319,-0.005757956765592092,0.030564376705724983,-0.049952496154403885,-0.0013111719159009008
18.43000000000008,1.852221965789795,-0.14519810676574707,1.949275255203247,0.6848351539916339,1.2217862670590627,0.13361596131180828,-0.08787695280034291,-0.03433661370768315,0.0008869537688705303,0.031379155814647675,-0.059831585735082626,-0.005816776771098368,0.031397817499439575,-0.060111216855556246,-0.0005435991005340509
18.440000000000083,1.852221965789795,-0.14519810676574707,1.949275255203247,0.6848351539916339,1.2217862670590627,0.13361596131180828,-0.08787695280034291,-0.03433661370768315,0.0008869537688705303,0.031379155814647675,-0.059831585735082626,-0.005816776771098368,0.031397817499439575,-0.060111216855556246,-0.0005435991005340509
18.450000000000085,1.852221965789795,-0.14519810676574707,1.949275255203247,0.6848351539916339,1.2217862670590627,0.13361596131180828,-0.08787695280034291,-0.03433661370768315,0.0008869537688705303,0.031379155814647675,-0.059831585735082626,-0.005816776771098368,0.031397817499439575,-0.060111216855556246,-0.0005435991005340509
18.460000000000086,1.852221965789795,-0.14519810676574707,1.949275255203247,0.6848351539916339,1.2217862670590627,0.13361596131180828,-0.08787695280034291,-0.03433661370768315,0.0008869537688705303,0.031379155814647675,-0.059831585735082626,-0.005816776771098368,0.031397817499439575,-0.060111216855556246,-0.0005435991005340509
18.470000000000088,1.8737424612045288,-0.09453678131103516,1.948103427886963,0.654675612167276,1.235593872767678,0.1333281591599194,-0.08663813635826004,-0.03688866658718864,0.0009784963049693832,0.03314734622836113,-0.0619189627468586,-0.0040455497801303785,0.033098355816937736,-0.062036781618730406,0.0013283625712656561
18.48000000000009,1.8737424612045288,-0.09453678131103516,1.948103427886963,0.654675612167276,1.235593872767678,0.1333281591599194,-0.08663813635826004,-0.03688866658718864,0.0009784963049693832,0.03314734622836113,-0.0619189627468586,-0.0040455497801303785,0.033098355816937736,-0.062036781618730406,0.0013283625712656561
18.49000000000009,1.8737424612045288,-0.09453678131103516,1.948103427886963,0.654675612167276,1.235593872767678,0.1333281591599194,-0.08663813635826004,-0.03688866658718864,0.0009784963049693832,0.03314734622836113,-0.0619189627468586,-0.0040455497801303785,0.033098355816937736,-0.062036781618730406,0.0013283625712656561
18.500000000000092,1.8907634019851685,-0.05382180213928223,1.9473944902420044,0.630693273355671,1.24577344806769,0.13354218983291727,-0.08592323133621835,-0.038005315534688354,0.0010111127140968832,0.03649137169122696,-0.05350600183010101,-0.004529913887381547,0.03648838488773042,-0.05369735730340823,7.860802103208335e-05
18.510000000000094,1.8907634019851685,-0.05382180213928223,1.9473944902420044,0.630693273355671,1.24577344806769,0.13354218983291727,-0.08592323133621835,-0.038005315534688354,0.0010111127140968832,0.03649137169122696,-0.05350600183010101,-0.004529913887381547,0.03648838488773042,-0.05369735730340823,7.860802103208335e-05
18.520000000000095,1.8907634019851685,-0.05382180213928223,1.9473944902420044,0.630693273355671,1.24577344806769,0.13354218983291727,-0.08592323133621835,-0.038005315534688354,0.0010111127140968832,0.03649137169122696,-0.05350600183010101,-0.004529913887381547,0.03648838488773042,-0.05369735730340823,7.860802103208335e-05
18.530000000000097,1.9048930406570435,-0.01794576644897461,1.9466233253479004,0.6091397325274032,1.2539826258716091,0.13188007680219327,-0.08456090232190522,-0.03993866502920349,0.0010543457767073876,0.036178186535835266,-0.04179958254098892,-0.0061040357686579175,0.036280157269262876,-0.042165774499090376,-0.00255386221013115
18.5400000000001,1.9048930406570435,-0.01794576644897461,1.9466233253479004,0.6091397325274032,1.2539826258716091,0.13188007680219327,-0.08456090232190522,-0.03993866502920349,0.0010543457767073876,0.036178186535835266,-0.04179958254098892,-0.0061040357686579175,0.036280157269262876,-0.042165774499090376,-0.00255386221013115
18.5500000000001,1.9048930406570435,-0.01794576644897461,1.9466233253479004,0.6091397325274032,1.2539826258716091,0.13188007680219327,-0.08456090232190522,-0.03993866502920349,0.0010543457767073876,0.036178186535835266,-0.04179958254098892,-0.0061040357686579175,0.036280157269262876,-0.042165774499090376,-0.00255386221013115
18.5600000000001,1.9048930406570435,-0.01794576644897461,1.9466233253479004,0.6091397325274032,1.2539826258716091,0.13188007680219327,-0.08456090232190522,-0.03993866502920349,0.0010543457767073876,0.036178186535835266,-0.04179958254098892,-0.0061040357686579175,0.036280157269262876,-0.042165774499090376,-0.00255386221013115
18.570000000000103,1.924755334854126,0.033477067947387695,1.9459916353225708,0.5779701541505594,1.2652649511493386,0.13276767377908988,-0.0832141502605543,-0.0413957732228866,0.0010139215268706572,0.031467895954847336,-0.027165982872247696,-0.004442314617335793,0.03155773291731618,-0.02744121737869781,-0.002170816443076021
18.580000000000105,1.924755334854126,0.033477067947387695,1.9459916353225708,0.5779701541505594,1.2652649511493386,0.13276767377908988,-0.0832141502605543,-0.0413957732228866,0.0010139215268706572,0.031467895954847336,-0.027165982872247696,-0.004442314617335793,0.03155773291731618,-0.02744121737869781,-0.002170816443076021
18.590000000000106,1.924755334854126,0.033477067947387695,1.9459916353225708,0.5779701541505594,1.2652649511493386,0.13276767377908988,-0.0832141502605543,-0.0413957732228866,0.0010139215268706572,0.031467895954847336,-0.027165982872247696,-0.004442314617335793,0.03155773291731618,-0.02744121737869781,-0.002170816443076021
18.600000000000108,1.9402531385421753,0.07482266426086426,1.9459036588668823,0.5535537696289135,1.2746782744172522,0.13558101814904006,-0.08267643926253054,-0.04193997988691268,0.0009852961520789875,0.03386465832591057,-0.032239846885204315,-0.004857321735471483,0.03395606937354081,-0.03253085233493321,-0.002180207321724532
18.61000000000011,1.9402531385421753,0.07482266426086426,1.9459036588668823,0.5535537696289135,1.2746782744172522,0.13558101814904006,-0.08267643926253054,-0.04193997988691268,0.0009852961520789875,0.03386465832591057,-0.032239846885204315,-0.004857321735471483,0.03395606937354081,-0.03253085233493321,-0.002180207321724532
18.62000000000011,1.9402531385421753,0.07482266426086426,1.9459036588668823,0.5535537696289135,1.2746782744172522,0.13558101814904006,-0.08267643926253054,-0.04193997988691268,0.0009852961520789875,0.03386465832591057,-0.032239846885204315,-0.004857321735471483,0.03395606937354081,-0.03253085233493321,-0.002180207321724532
18.630000000000113,1.9530909061431885,0.11122584342956543,1.9457474946975708,0.5318608495175009,1.2826770323318788,0.1356302943129031,-0.0815597280596127,-0.04334309417470951,0.0008311960049935145,0.030103903263807297,-0.03272780403494835,-0.0048134848475456194,0.030196332724262073,-0.033011163274924156,-0.00213317504415155
18.640000000000114,1.9530909061431885,0.11122584342956543,1.9457474946975708,0.5318608495175009,1.2826770323318788,0.1356302943129031,-0.0815597280596127,-0.04334309417470951,0.0008311960049935145,0.030103903263807297,-0.03272780403494835,-0.0048134848475456194,0.030196332724262073,-0.033011163274924156,-0.00213317504415155
18.650000000000116,1.9530909061431885,0.11122584342956543,1.9457474946975708,0.5318608495175009,1.2826770323318788,0.1356302943129031,-0.0815597280596127,-0.04334309417470951,0.0008311960049935145,0.030103903263807297,-0.03272780403494835,-0.0048134848475456194,0.030196332724262073,-0.033011163274924156,-0.00213317504415155
18.660000000000117,1.9530909061431885,0.11122584342956543,1.9457474946975708,0.5318608495175009,1.2826770323318788,0.1356302943129031,-0.0815597280596127,-0.04334309417470951,0.0008311960049935145,0.030103903263807297,-0.03272780403494835,-0.0048134848475456194,0.030196332724262073,-0.033011163274924156,-0.00213317504415155
18.67000000000012,1.9709374904632568,0.1634368896484375,1.9459195137023926,0.5018077564535608,1.2923442635845,0.13523520196143354,-0.0800460025543946,-0.04487160982566794,0.0007803484474071866,0.03710685297846794,-0.03701350465416908,-0.0051755392923951106,0.03720560751634537,-0.03730882744925923,-0.002201563210874191
18.68000000000012,1.9709374904632568,0.1634368896484375,1.9459195137023926,0.5018077564535608,1.2923442635845,0.13523520196143354,-0.0800460025543946,-0.04487160982566794,0.0007803484474071866,0.03710685297846794,-0.03701350465416908,-0.0051755392923951106,0.03720560751634537,-0.03730882744925923,-0.002201563210874191
18.690000000000122,1.9709374904632568,0.1634368896484375,1.9459195137023926,0.5018077564535608,1.2923442635845,0.13523520196143354,-0.0800460025543946,-0.04487160982566794,0.0007803484474071866,0.03710685297846794,-0.03701350465416908,-0.0051755392923951106,0.03720560751634537,-0.03730882744925923,-0.002201563210874191
18.700000000000124,1.9846792221069336,0.20540523529052734,1.9461157321929932,0.47669316097834646,1.3002304683211243,0.1359306715441022,-0.0791918524419481,-0.04578675279330794,0.0007546499861540949,0.0360020250082016,-0.03562461584806442,-0.0044113709591329054,0.036074387246152355,-0.03586194661599126,-0.001580970988512556
18.710000000000125,1.9846792221069336,0.20540523529052734,1.9461157321929932,0.47669316097834646,1.3002304683211243,0.1359306715441022,-0.0791918524419481,-0.04578675279330794,0.0007546499861540949,0.0360020250082016,-0.03562461584806442,-0.0044113709591329054,0.036074387246152355,-0.03586194661599126,-0.001580970988512556
18.720000000000127,1.9846792221069336,0.20540523529052734,1.9461157321929932,0.47669316097834646,1.3002304683211243,0.1359306715441022,-0.0791918524419481,-0.04578675279330794,0.0007546499861540949,0.0360020250082016,-0.03562461584806442,-0.0044113709591329054,0.036074387246152355,-0.03586194661599126,-0.001580970988512556
18.73000000000013,1.9959995746612549,0.24230527877807617,1.9462542533874512,0.4553817936854064,1.3064307735251157,0.1331780545805453,-0.07753803385991367,-0.04735328597114515,0.0007712064430928767,0.04615042731165886,-0.04549572244286537,-0.003466818016022438,0.04614721846028815,-0.045627568449877594,6.778940126185837e-05
18.74000000000013,1.9959995746612549,0.24230527877807617,1.9462542533874512,0.4553817936854064,1.3064307735251157,0.1331780545805453,-0.07753803385991367,-0.04735328597114515,0.0007712064430928767,0.04615042731165886,-0.04549572244286537,-0.003466818016022438,0.04614721846028815,-0.045627568449877594,6.778940126185837e-05
18.75000000000013,1.9959995746612549,0.24230527877807617,1.9462542533874512,0.4553817936854064,1.3064307735251157,0.1331780545805453,-0.07753803385991367,-0.04735328597114515,0.0007712064430928767,0.04615042731165886,-0.04549572244286537,-0.003466818016022438,0.04614721846028815,-0.045627568449877594,6.778940126185837e-05
18.760000000000133,1.9959995746612549,0.24230527877807617,1.9462542533874512,0.4553817936854064,1.3064307735251157,0.1331780545805453,-0.07753803385991367,-0.04735328597114515,0.0007712064430928767,0.04615042731165886,-0.04549572244286537,-0.003466818016022438,0.04614721846028815,-0.045627568449877594,6.778940126185837e-05
18.770000000000135,2.0115251541137695,0.2951996326446533,1.9465363025665283,0.4238831497006032,1.3157227118843506,0.13219208072705052,-0.075868567055474,-0.04894144898543826,0.000893783124347787,0.04974345117807388,-0.040006011724472046,-0.004113588947802777,0.04979583431244655,-0.04020272163363237,-0.0010707499108168342
18.780000000000136,2.0115251541137695,0.2951996326446533,1.9465363025665283,0.4238831497006032,1.3157227118843506,0.13219208072705052,-0.075868567055474,-0.04894144898543826,0.000893783124347787,0.04974345117807388,-0.040006011724472046,-0.004113588947802777,0.04979583431244655,-0.04020272163363237,-0.0010707499108168342
18.790000000000138,2.0115251541137695,0.2951996326446533,1.9465363025665283,0.4238831497006032,1.3157227118843506,0.13219208072705052,-0.075868567055474,-0.04894144898543826,0.000893783124347787,0.04974345117807388,-0.040006011724472046,-0.004113588947802777,0.04979583431244655,-0.04020272163363237,-0.0010707499108168342
18.80000000000014,2.0233161449432373,0.3377065658569336,1.947035551071167,0.3992440161616962,1.3216634075501696,0.13201971577774688,-0.07504019850961499,-0.04990241340578666,0.0009336255596908324,0.041026823222637177,-0.04513488709926605,-0.0023669938091188613,0.04097570963403221,-0.04518532177190773,0.0010246961130016597
18.81000000000014,2.0233161449432373,0.3377065658569336,1.947035551071167,0.3992440161616962,1.3216634075501696,0.13201971577774688,-0.07504019850961499,-0.04990241340578666,0.0009336255596908324,0.041026823222637177,-0.04513488709926605,-0.0023669938091188613,0.04097570963403221,-0.04518532177190773,0.0010246961130016597
18.820000000000142,2.0233161449432373,0.3377065658569336,1.947035551071167,0.3992440161616962,1.3216634075501696,0.13201971577774688,-0.07504019850961499,-0.04990241340578666,0.0009336255596908324,0.041026823222637177,-0.04513488709926605,-0.0023669938091188613,0.04097570963403221,-0.04518532177190773,0.0010246961130016597
18.830000000000144,2.031874895095825,0.3750739097595215,1.9468138217926025,0.3770908571379688,1.3267097321991197,0.12964306769399847,-0.07340180989692048,-0.05159445336787125,0.0009265054565347011,0.04174228012561798,-0.04192577302455902,-0.000907748588360841,0.04163025372758027,-0.04187944992050115,0.002172251246197217
18.840000000000146,2.031874895095825,0.3750739097595215,1.9468138217926025,0.3770908571379688,1.3267097321991197,0.12964306769399847,-0.07340180989692048,-0.05159445336787125,0.0009265054565347011,0.04174228012561798,-0.04192577302455902,-0.000907748588360841,0.04163025372758027,-0.04187944992050115,0.002172251246197217
18.850000000000147,2.031874895095825,0.3750739097595215,1.9468138217926025,0.3770908571379688,1.3267097321991197,0.12964306769399847,-0.07340180989692048,-0.05159445336787125,0.0009265054565347011,0.04174228012561798,-0.04192577302455902,-0.000907748588360841,0.04163025372758027,-0.04187944992050115,0.002172251246197217
18.86000000000015,2.031874895095825,0.3750739097595215,1.9468138217926025,0.3770908571379688,1.3267097321991197,0.12964306769399847,-0.07340180989692048,-0.05159445336787125,0.0009265054565347011,0.04174228012561798,-0.04192577302455902,-0.000907748588360841,0.04163025372758027,-0.04187944992050115,0.002172251246197217
18.87000000000015,2.040860652923584,0.4287149906158447,1.9458909034729004,0.34380876054641824,1.332535645134759,0.12830918310033204,-0.07164232636415387,-0.05354885683020295,0.0009706305266827848,0.0429970845580101,-0.052083197981119156,-0.004499860573559993,0.043037828519273943,-0.05227169820723139,-0.00076123828361175
18.88000000000015,2.040860652923584,0.4287149906158447,1.9458909034729004,0.34380876054641824,1.332535645134759,0.12830918310033204,-0.07164232636415387,-0.05354885683020295,0.0009706305266827848,0.0429970845580101,-0.052083197981119156,-0.004499860573559993,0.043037828519273943,-0.05227169820723139,-0.00076123828361175
18.890000000000153,2.040860652923584,0.4287149906158447,1.9458909034729004,0.34380876054641824,1.332535645134759,0.12830918310033204,-0.07164232636415387,-0.05354885683020295,0.0009706305266827848,0.0429970845580101,-0.052083197981119156,-0.004499860573559993,0.043037828519273943,-0.05227169820723139,-0.00076123828361175
18.900000000000155,2.047771692276001,0.4717373847961426,1.945460319519043,0.3169034509768,1.336682048462335,0.12832967265052714,-0.0707369418869434,-0.05463315090169359,0.0009489719432412706,0.04729308560490608,-0.053299762308597565,-0.006215119268745177,0.047426110807628666,-0.05360574147836427,-0.0024360923498630083
18.910000000000156,2.047771692276001,0.4717373847961426,1.945460319519043,0.3169034509768,1.336682048462335,0.12832967265052714,-0.0707369418869434,-0.05463315090169359,0.0009489719432412706,0.04729308560490608,-0.053299762308597565,-0.006215119268745177,0.047426110807628666,-0.05360574147836427,-0.0024360923498630083
18.920000000000158,2.047771692276001,0.4717373847961426,1.945460319519043,0.3169034509768,1.336682048462335,0.12832967265052714,-0.0707369418869434,-0.05463315090169359,0.0009489719432412706,0.04729308560490608,-0.053299762308597565,-0.006215119268745177,0.047426110807628666,-0.05360574147836427,-0.0024360923498630083
18.93000000000016,2.0529801845550537,0.5094478130340576,1.9449975490570068,0.2924705478885391,1.3391439785659534,0.12868620158392977,-0.06890464400830693,-0.05648057372153942,0.0008558375229260177,0.04160720854997635,-0.0358024463057518,-0.005564261693507429,0.041781696266753855,-0.036100587759075195,-0.003090983513817493
18.94000000000016,2.0529801845550537,0.5094478130340576,1.9449975490570068,0.2924705478885391,1.3391439785659534,0.12868620158392977,-0.06890464400830693,-0.05648057372153942,0.0008558375229260177,0.04160720854997635,-0.0358024463057518,-0.005564261693507429,0.041781696266753855,-0.036100587759075195,-0.003090983513817493
18.950000000000163,2.0529801845550537,0.5094478130340576,1.9449975490570068,0.2924705478885391,1.3391439785659534,0.12868620158392977,-0.06890464400830693,-0.05648057372153942,0.0008558375229260177,0.04160720854997635,-0.0358024463057518,-0.005564261693507429,0.041781696266753855,-0.036100587759075195,-0.003090983513817493
18.960000000000164,2.0529801845550537,0.5094478130340576,1.9449975490570068,0.2924705478885391,1.3391439785659534,0.12868620158392977,-0.06890464400830693,-0.05648057372153942,0.0008558375229260177,0.04160720854997635,-0.0358024463057518,-0.005564261693507429,0.041781696266753855,-0.036100587759075195,-0.003090983513817493
18.970000000000166,2.0600523948669434,0.5633676052093506,1.9447250366210938,0.25882576841217414,1.3432801455469032,0.12948912939089952,-0.06704608374587252,-0.05769921205540309,0.0006322402037093364,0.04576791077852249,-0.028396988287568092,-0.009474563412368294,0.04620406986790259,-0.02896794400865985,-0.007563382201215554
18.980000000000167,2.0600523948669434,0.5633676052093506,1.9447250366210938,0.25882576841217414,1.3432801455469032,0.12948912939089952,-0.06704608374587252,-0.05769921205540309,0.0006322402037093364,0.04576791077852249,-0.028396988287568092,-0.009474563412368294,0.04620406986790259,-0.02896794400865985,-0.007563382201215554
18.99000000000017,2.0600523948669434,0.5633676052093506,1.9447250366210938,0.25882576841217414,1.3432801455469032,0.12948912939089952,-0.06704608374587252,-0.05769921205540309,0.0006322402037093364,0.04576791077852249,-0.028396988287568092,-0.009474563412368294,0.04620406986790259,-0.02896794400865985,-0.007563382201215554
19.00000000000017,2.0652244091033936,0.6065847873687744,1.9447184801101685,0.23163356655150716,1.3464342827920137,0.13109095179482144,-0.06625835680913325,-0.05798540759773745,0.0005741842482576712,0.0379074402153492,-0.010612692683935165,-0.004002352710813283,0.03809847885539125,-0.010854400762564654,-0.003296445521016606
19.010000000000172,2.0652244091033936,0.6065847873687744,1.9447184801101685,0.23163356655150716,1.3464342827920137,0.13109095179482144,-0.06625835680913325,-0.05798540759773745,0.0005741842482576712,0.0379074402153492,-0.010612692683935165,-0.004002352710813283,0.03809847885539125,-0.010854400762564654,-0.003296445521016606
19.020000000000174,2.0652244091033936,0.6065847873687744,1.9447184801101685,0.23163356655150716,1.3464342827920137,0.13109095179482144,-0.06625835680913325,-0.05798540759773745,0.0005741842482576712,0.0379074402153492,-0.010612692683935165,-0.004002352710813283,0.03809847885539125,-0.010854400762564654,-0.003296445521016606
19.030000000000175,2.068967819213867,0.6444332599639893,1.944615364074707,0.20879529839176442,1.3480119676307103,0.13042045897880417,-0.06487186420573698,-0.05842204602823862,0.0004171005330088878,0.03601402789354324,-0.012845791876316072,-0.008095858618617056,0.036437841196060514,-0.013343596655209594,-0.007258466898783378
19.040000000000177,2.068967819213867,0.6444332599639893,1.944615364074707,0.20879529839176442,1.3480119676307103,0.13042045897880417,-0.06487186420573698,-0.05842204602823862,0.0004171005330088878,0.03601402789354324,-0.012845791876316072,-0.008095858618617056,0.036437841196060514,-0.013343596655209594,-0.007258466898783378
19.05000000000018,2.068967819213867,0.6444332599639893,1.944615364074707,0.20879529839176442,1.3480119676307103,0.13042045897880417,-0.06487186420573698,-0.05842204602823862,0.0004171005330088878,0.03601402789354324,-0.012845791876316072,-0.008095858618617056,0.036437841196060514,-0.013343596655209594,-0.007258466898783378
19.06000000000018,2.068967819213867,0.6444332599639893,1.944615364074707,0.20879529839176442,1.3480119676307103,0.13042045897880417,-0.06487186420573698,-0.05842204602823862,0.0004171005330088878,0.03601402789354324,-0.012845791876316072,-0.008095858618617056,0.036437841196060514,-0.013343596655209594,-0.007258466898783378
19.07000000000018,2.073782205581665,0.6985740661621094,1.9446816444396973,0.17653536922235225,1.3517529188449275,0.12960714307966498,-0.0633697427392446,-0.058776429197575884,0.0003828313584090675,0.03587714582681656,-0.006294428836554289,-6.840957212261778e-05,0.035857707398186965,-0.0062861269160733235,0.0003309085908982197
19.080000000000183,2.073782205581665,0.6985740661621094,1.9446816444396973,0.17653536922235225,1.3517529188449275,0.12960714307966498,-0.0633697427392446,-0.058776429197575884,0.0003828313584090675,0.03587714582681656,-0.006294428836554289,-6.840957212261778e-05,0.035857707398186965,-0.0062861269160733235,0.0003309085908982197
19.090000000000185,2.073782205581665,0.6985740661621094,1.9446816444396973,0.17653536922235225,1.3517529188449275,0.12960714307966498,-0.0633697427392446,-0.058776429197575884,0.0003828313584090675,0.03587714582681656,-0.006294428836554289,-6.840957212261778e-05,0.035857707398186965,-0.0062861269160733235,0.0003309085908982197
19.100000000000186,2.077070474624634,0.741943359375,1.9448766708374023,0.1505715690209666,1.3540458474109331,0.12945962618366855,-0.06246404522856944,-0.05886404454458269,0.0003372558030268832,0.04619768634438515,-0.0010985785629600286,-0.0007438335451297461,0.046237395155464364,-0.0011428687100915019,-0.0006749748906638819
19.110000000000188,2.077070474624634,0.741943359375,1.9448766708374023,0.1505715690209666,1.3540458474109331,0.12945962618366855,-0.06246404522856944,-0.05886404454458269,0.0003372558030268832,0.04619768634438515,-0.0010985785629600286,-0.0007438335451297461,0.046237395155464364,-0.0011428687100915019,-0.0006749748906638819
19.12000000000019,2.077070474624634,0.741943359375,1.9448766708374023,0.1505715690209666,1.3540458474109331,0.12945962618366855,-0.06246404522856944,-0.05886404454458269,0.0003372558030268832,0.04619768634438515,-0.0010985785629600286,-0.0007438335451297461,0.046237395155464364,-0.0011428687100915019,-0.0006749748906638819
19.13000000000019,2.0792248249053955,0.7799170017242432,1.9448672533035278,0.12752202268844534,1.355097572700957,0.12756858326065346,-0.06037163471594293,-0.0595176162119808,0.0003163896883515532,0.05841078981757164,-0.017493940889835358,2.6828056434190837e-06,0.05834773533526243,-0.017461908321614324,0.00106005126752216
19.140000000000192,2.0792248249053955,0.7799170017242432,1.9448672533035278,0.12752202268844534,1.355097572700957,0.12756858326065346,-0.06037163471594293,-0.0595176162119808,0.0003163896883515532,0.05841078981757164,-0.017493940889835358,2.6828056434190837e-06,0.05834773533526243,-0.017461908321614324,0.00106005126752216
19.150000000000194,2.0792248249053955,0.7799170017242432,1.9448672533035278,0.12752202268844534,1.355097572700957,0.12756858326065346,-0.06037163471594293,-0.0595176162119808,0.0003163896883515532,0.05841078981757164,-0.017493940889835358,2.6828056434190837e-06,0.05834773533526243,-0.017461908321614324,0.00106005126752216
19.160000000000196,2.0792248249053955,0.7799170017242432,1.9448672533035278,0.12752202268844534,1.355097572700957,0.12756858326065346,-0.06037163471594293,-0.0595176162119808,0.0003163896883515532,0.05841078981757164,-0.017493940889835358,2.6828056434190837e-06,0.05834773533526243,-0.017461908321614324,0.00106005126752216
19.170000000000197,2.081641435623169,0.8341529369354248,1.9451347589492798,0.09680946948825576,1.355571653504606,0.1254778774637264,-0.05838590911764102,-0.06036671214027113,0.0002609769926358455,0.05172954872250557,-0.030513446778059006,-0.0029584355652332267,0.05180043601969942,-0.030634085516319277,-0.0011749914292527174
19.1800000000002,2.081641435623169,0.8341529369354248,1.9451347589492798,0.09680946948825576,1.355571653504606,0.1254778774637264,-0.05838590911764102,-0.06036671214027113,0.0002609769926358455,0.05172954872250557,-0.030513446778059006,-0.0029584355652332267,0.05180043601969942,-0.030634085516319277,-0.0011749914292527174
19.1900000000002,2.081641435623169,0.8341529369354248,1.9451347589492798,0.09680946948825576,1.355571653504606,0.1254778774637264,-0.05838590911764102,-0.06036671214027113,0.0002609769926358455,0.05172954872250557,-0.030513446778059006,-0.0029584355652332267,0.05180043601969942,-0.030634085516319277,-0.0011749914292527174
19.200000000000202,2.082956552505493,0.8775403499603271,1.9453771114349365,0.07151507274263134,1.3554564732224386,0.12543264155332579,-0.05718604234094473,-0.061149365197680876,0.00012243780919042832,0.04881969466805458,-0.03129204735159874,-0.00931407883763313,0.04927952170267913,-0.0317732400340571,-0.007524423611699837
19.210000000000203,2.082956552505493,0.8775403499603271,1.9453771114349365,0.07151507274263134,1.3554564732224386,0.12543264155332579,-0.05718604234094473,-0.061149365197680876,0.00012243780919042832,0.04881969466805458,-0.03129204735159874,-0.00931407883763313,0.04927952170267913,-0.0317732400340571,-0.007524423611699837
19.220000000000205,2.082956552505493,0.8775403499603271,1.9453771114349365,0.07151507274263134,1.3554564732224386,0.12543264155332579,-0.05718604234094473,-0.061149365197680876,0.00012243780919042832,0.04881969466805458,-0.03129204735159874,-0.00931407883763313,0.04927952170267913,-0.0317732400340571,-0.007524423611699837
19.230000000000206,2.0824296474456787,0.9151947498321533,1.945091724395752,0.04889866795109706,1.3548225294154757,0.1258338114568024,-0.055080774295412104,-0.06246331788366478,0.00019523166058598143,0.05145277455449104,-0.03144795075058937,0.002411745022982363,0.051193877773943214,-0.031267484349278354,0.0041474776042778085
19.240000000000208,2.0824296474456787,0.9151947498321533,1.945091724395752,0.04889866795109706,1.3548225294154757,0.1258338114568024,-0.055080774295412104,-0.06246331788366478,0.00019523166058598143,0.05145277455449104,-0.03144795075058937,0.002411745022982363,0.051193877773943214,-0.031267484349278354,0.0041474776042778085
19.25000000000021,2.0824296474456787,0.9151947498321533,1.945091724395752,0.04889866795109706,1.3548225294154757,0.1258338114568024,-0.055080774295412104,-0.06246331788366478,0.00019523166058598143,0.05145277455449104,-0.03144795075058937,0.002411745022982363,0.051193877773943214,-0.031267484349278354,0.0041474776042778085
19.26000000000021,2.0824296474456787,0.9151947498321533,1.945091724395752,0.04889866795109706,1.3548225294154757,0.1258338114568024,-0.055080774295412104,-0.06246331788366478,0.00019523166058598143,0.05145277455449104,-0.03144795075058937,0.002411745022982363,0.051193877773943214,-0.031267484349278354,0.0041474776042778085
19.270000000000213,2.0785818099975586,0.9682481288909912,1.9440737962722778,0.014900408682137307,1.3515226942224863,0.12501846921822024,-0.05287941049490606,-0.06398184111109388,0.0002512339637425062,0.05448051542043686,-0.04418051242828369,-0.0032801514025777526,0.05454076718221391,-0.04429212898615543,-0.0009423437791649276
19.280000000000214,2.0785818099975586,0.9682481288909912,1.9440737962722778,0.014900408682137307,1.3515226942224863,0.12501846921822024,-0.05287941049490606,-0.06398184111109388,0.0002512339637425062,0.05448051542043686,-0.04418051242828369,-0.0032801514025777526,0.05454076718221391,-0.04429212898615543,-0.0009423437791649276
19.290000000000216,2.0785818099975586,0.9682481288909912,1.9440737962722778,0.014900408682137307,1.3515226942224863,0.12501846921822024,-0.05287941049490606,-0.06398184111109388,0.0002512339637425062,0.05448051542043686,-0.04418051242828369,-0.0032801514025777526,0.05454076718221391,-0.04429212898615543,-0.0009423437791649276
19.300000000000217,2.0751872062683105,1.010735034942627,1.9436964988708496,-0.011874334493761258,1.3489297056392875,0.12535383378975073,-0.0519198849153707,-0.06478144263959769,0.00029629645269994376,0.04758649319410324,-0.03884439915418625,-0.0011505580041557503,0.047530256561930925,-0.038851764991454804,0.0008687053460394209
19.31000000000022,2.0751872062683105,1.010735034942627,1.9436964988708496,-0.011874334493761258,1.3489297056392875,0.12535383378975073,-0.0519198849153707,-0.06478144263959769,0.00029629645269994376,0.04758649319410324,-0.03884439915418625,-0.0011505580041557503,0.047530256561930925,-0.038851764991454804,0.0008687053460394209
19.32000000000022,2.0751872062683105,1.010735034942627,1.9436964988708496,-0.011874334493761258,1.3489297056392875,0.12535383378975073,-0.0519198849153707,-0.06478144263959769,0.00029629645269994376,0.04758649319410324,-0.03884439915418625,-0.0011505580041557503,0.047530256561930925,-0.038851764991454804,0.0008687053460394209
19.330000000000222,2.0714194774627686,1.0477627515792847,1.9431328773498535,-0.03456207193996379,1.3465879650782122,0.12500630119291156,-0.05013816271555485,-0.06584524702932398,0.0001947076982582447,0.03896364942193031,-0.01733252964913845,-0.004054066725075243,0.03917336121311176,-0.017513926955587244,-0.003187221780695676
19.340000000000224,2.0714194774627686,1.0477627515792847,1.9431328773498535,-0.03456207193996379,1.3465879650782122,0.12500630119291156,-0.05013816271555485,-0.06584524702932398,0.0001947076982582447,0.03896364942193031,-0.01733252964913845,-0.004054066725075243,0.03917336121311176,-0.017513926955587244,-0.003187221780695676
19.350000000000225,2.0714194774627686,1.0477627515792847,1.9431328773498535,-0.03456207193996379,1.3465879650782122,0.12500630119291156,-0.05013816271555485,-0.06584524702932398,0.0001947076982582447,0.03896364942193031,-0.01733252964913845,-0.004054066725075243,0.03917336121311176,-0.017513926955587244,-0.003187221780695676
19.360000000000227,2.0714194774627686,1.0477627515792847,1.9431328773498535,-0.03456207193996379,1.3465879650782122,0.12500630119291156,-0.05013816271555485,-0.06584524702932398,0.0001947076982582447,0.03896364942193031,-0.01733252964913845,-0.004054066725075243,0.03917336121311176,-0.017513926955587244,-0.003187221780695676
19.37000000000023,2.065624475479126,1.1006852388381958,1.9428367614746094,-0.06884404994525214,1.3428361033646508,0.12509822024196282,-0.04853667150887585,-0.06652018533692461,0.0001460271629378507,0.03454809635877609,-0.011751249432563782,-0.0026410575956106173,0.034685850353398294,-0.011865548122969147,-0.00207238808001805
19.38000000000023,2.065624475479126,1.1006852388381958,1.9428367614746094,-0.06884404994525214,1.3428361033646508,0.12509822024196282,-0.04853667150887585,-0.06652018533692461,0.0001460271629378507,0.03454809635877609,-0.011751249432563782,-0.0026410575956106173,0.034685850353398294,-0.011865548122969147,-0.00207238808001805
19.39000000000023,2.065624475479126,1.1006852388381958,1.9428367614746094,-0.06884404994525214,1.3428361033646508,0.12509822024196282,-0.04853667150887585,-0.06652018533692461,0.0001460271629378507,0.03454809635877609,-0.011751249432563782,-0.0026410575956106173,0.034685850353398294,-0.011865548122969147,-0.00207238808001805
19.400000000000233,2.0604872703552246,1.1430015563964844,1.9428582191467285,-0.09484645982402011,1.3397269588482748,0.12681333085696092,-0.04788086249463275,-0.06683726416303216,9.746246017156678e-05,0.03126940503716469,-0.01401619240641594,-0.0024421708658337576,0.03138778446959508,-0.014117017448343946,-0.0017724785371829462
19.410000000000235,2.0604872703552246,1.1430015563964844,1.9428582191467285,-0.09484645982402011,1.3397269588482748,0.12681333085696092,-0.04788086249463275,-0.06683726416303216,9.746246017156678e-05,0.03126940503716469,-0.01401619240641594,-0.0024421708658337576,0.03138778446959508,-0.014117017448343946,-0.0017724785371829462
19.420000000000236,2.0604872703552246,1.1430015563964844,1.9428582191467285,-0.09484645982402011,1.3397269588482748,0.12681333085696092,-0.04788086249463275,-0.06683726416303216,9.746246017156678e-05,0.03126940503716469,-0.01401619240641594,-0.0024421708658337576,0.03138778446959508,-0.014117017448343946,-0.0017724785371829462
19.430000000000238,2.055245876312256,1.1798988580703735,1.9428627490997314,-0.11621993185138693,1.3373193013952211,0.12648022239847878,-0.046534568462584656,-0.06687210338230806,0.0001369526782244308,0.03320939093828201,0.005239356309175491,-0.002489940728992224,0.0333922892587699,0.0051178580049596745,-0.0027370861522975167
19.44000000000024,2.055245876312256,1.1798988580703735,1.9428627490997314,-0.11621993185138693,1.3373193013952211,0.12648022239847878,-0.046534568462584656,-0.06687210338230806,0.0001369526782244308,0.03320939093828201,0.005239356309175491,-0.002489940728992224,0.0333922892587699,0.0051178580049596745,-0.0027370861522975167
19.45000000000024,2.055245876312256,1.1798988580703735,1.9428627490997314,-0.11621993185138693,1.3373193013952211,0.12648022239847878,-0.046534568462584656,-0.06687210338230806,0.0001369526782244308,0.03320939093828201,0.005239356309175491,-0.002489940728992224,0.0333922892587699,0.0051178580049596745,-0.0027370861522975167
19.460000000000242,2.055245876312256,1.1798988580703735,1.9428627490997314,-0.11621993185138693,1.3373193013952211,0.12648022239847878,-0.046534568462584656,-0.06687210338230806,0.0001369526782244308,0.03320939093828201,0.005239356309175491,-0.002489940728992224,0.0333922892587699,0.0051178580049596745,-0.0027370861522975167
19.470000000000244,2.04724383354187,1.2325677871704102,1.9428631067276,-0.14731539125582616,1.332171348142052,0.12702458059795954,-0.04506915984942601,-0.06676275898866198,0.00023369470238174866,0.045198503881692886,-0.0023140122648328543,0.0008442439720965925,0.04513514252133548,-0.0022736260313326456,0.0009497578522187728
19.480000000000246,2.04724383354187,1.2325677871704102,1.9428631067276,-0.14731539125582616,1.332171348142052,0.12702458059795954,-0.04506915984942601,-0.06676275898866198,0.00023369470238174866,0.045198503881692886,-0.0023140122648328543,0.0008442439720965925,0.04513514252133548,-0.0022736260313326456,0.0009497578522187728
19.490000000000247,2.04724383354187,1.2325677871704102,1.9428631067276,-0.14731539125582616,1.332171348142052,0.12702458059795954,-0.04506915984942601,-0.06676275898866198,0.00023369470238174866,0.045198503881692886,-0.0023140122648328543,0.0008442439720965925,0.04513514252133548,-0.0022736260313326456,0.0009497578522187728
19.50000000000025,2.0402791500091553,1.2746185064315796,1.9431178569793701,-0.17342362079651744,1.3266609560048426,0.12608648526305116,-0.04392141471861687,-0.06675827877360288,0.00010769918010251382,0.044192422181367874,-0.0002544777817092844,-0.006488543003797531,0.04462506539263953,-0.0005391267355332051,-0.006485558708762594
19.51000000000025,2.0402791500091553,1.2746185064315796,1.9431178569793701,-0.17342362079651744,1.3266609560048426,0.12608648526305116,-0.04392141471861687,-0.06675827877360288,0.00010769918010251382,0.044192422181367874,-0.0002544777817092844,-0.006488543003797531,0.04462506539263953,-0.0005391267355332051,-0.006485558708762594
19.520000000000252,2.0402791500091553,1.2746185064315796,1.9431178569793701,-0.17342362079651744,1.3266609560048426,0.12608648526305116,-0.04392141471861687,-0.06675827877360288,0.00010769918010251382,0.044192422181367874,-0.0002544777817092844,-0.006488543003797531,0.04462506539263953,-0.0005391267355332051,-0.006485558708762594
19.530000000000253,2.0334761142730713,1.311231255531311,1.9431753158569336,-0.19532202704754165,1.3235844074490057,0.12463388324272173,-0.04192010170867443,-0.06737353602503754,-9.807533236843672e-07,0.050787001848220825,-0.01867135614156723,-0.003600217867642639,0.05097691743481769,-0.01880583030496225,-0.002820979143972818
19.540000000000255,2.0334761142730713,1.311231255531311,1.9431753158569336,-0.19532202704754165,1.3235844074490057,0.12463388324272173,-0.04192010170867443,-0.06737353602503754,-9.807533236843672e-07,0.050787001848220825,-0.01867135614156723,-0.003600217867642639,0.05097691743481769,-0.01880583030496225,-0.002820979143972818
19.550000000000257,2.0334761142730713,1.311231255531311,1.9431753158569336,-0.19532202704754165,1.3235844074490057,0.12463388324272173,-0.04192010170867443,-0.06737353602503754,-9.807533236843672e-07,0.050787001848220825,-0.01867135614156723,-0.003600217867642639,0.05097691743481769,-0.01880583030496225,-0.002820979143972818
19.560000000000258,2.0334761142730713,1.311231255531311,1.9431753158569336,-0.19532202704754165,1.3235844074490057,0.12463388324272173,-0.04192010170867443,-0.06737353602503754,-9.807533236843672e-07,0.050787001848220825,-0.01867135614156723,-0.003600217867642639,0.05097691743481769,-0.01880583030496225,-0.002820979143972818
19.57000000000026,2.0230724811553955,1.363429307937622,1.9434603452682495,-0.22714346443180988,1.3160888745893469,0.1236029972591697,-0.039828642140752206,-0.06794845003011342,6.020035116714298e-05,0.05141755938529968,-0.015019343234598637,0.003942753188312055,0.051108756466446595,-0.01485043907027333,0.0045481636476077236
19.58000000000026,2.0230724811553955,1.363429307937622,1.9434603452682495,-0.22714346443180988,1.3160888745893469,0.1236029972591697,-0.039828642140752206,-0.06794845003011342,6.020035116714298e-05,0.05141755938529968,-0.015019343234598637,0.003942753188312055,0.051108756466446595,-0.01485043907027333,0.0045481636476077236
19.590000000000263,2.0230724811553955,1.363429307937622,1.9434603452682495,-0.22714346443180988,1.3160888745893469,0.1236029972591697,-0.039828642140752206,-0.06794845003011342,6.020035116714298e-05,0.05141755938529968,-0.015019343234598637,0.003942753188312055,0.051108756466446595,-0.01485043907027333,0.0045481636476077236
19.600000000000264,2.0141000747680664,1.4050027132034302,1.9438668489456177,-0.2514715547650543,1.309118478100044,0.12481427359385341,-0.03885787638672923,-0.06837168134890767,-2.0668231563034968e-05,0.04636276513338089,-0.022266456857323647,-0.006411361042410133,0.04674223910257035,-0.022498717710220016,-0.005554489471077822
19.610000000000266,2.0141000747680664,1.4050027132034302,1.9438668489456177,-0.2514715547650543,1.309118478100044,0.12481427359385341,-0.03885787638672923,-0.06837168134890767,-2.0668231563034968e-05,0.04636276513338089,-0.022266456857323647,-0.006411361042410133,0.04674223910257035,-0.022498717710220016,-0.005554489471077822
19.620000000000267,2.0141000747680664,1.4050027132034302,1.9438668489456177,-0.2514715547650543,1.309118478100044,0.12481427359385341,-0.03885787638672923,-0.06837168134890767,-2.0668231563034968e-05,0.04636276513338089,-0.022266456857323647,-0.006411361042410133,0.04674223910257035,-0.022498717710220016,-0.005554489471077822
19.63000000000027,2.0049943923950195,1.4409178495407104,1.9437434673309326,-0.2729853960103991,1.3037044031539324,0.1221004698452496,-0.03697740311194401,-0.06887161753616265,0.00011508367435481787,0.05201032757759094,-0.013567832298576832,0.002288434188812973,0.051817977694067346,-0.013473956443796798,0.00279508506975925
19.64000000000027,2.0049943923950195,1.4409178495407104,1.9437434673309326,-0.2729853960103991,1.3037044031539324,0.1221004698452496,-0.03697740311194401,-0.06887161753616265,0.00011508367435481787,0.05201032757759094,-0.013567832298576832,0.002288434188812973,0.051817977694067346,-0.013473956443796798,0.00279508506975925
19.650000000000272,2.0049943923950195,1.4409178495407104,1.9437434673309326,-0.2729853960103991,1.3037044031539324,0.1221004698452496,-0.03697740311194401,-0.06887161753616265,0.00011508367435481787,0.05201032757759094,-0.013567832298576832,0.002288434188812973,0.051817977694067346,-0.013473956443796798,0.00279508506975925
19.660000000000274,2.0049943923950195,1.4409178495407104,1.9437434673309326,-0.2729853960103991,1.3037044031539324,0.1221004698452496,-0.03697740311194401,-0.06887161753616265,0.00011508367435481787,0.05201032757759094,-0.013567832298576832,0.002288434188812973,0.051817977694067346,-0.013473956443796798,0.00279508506975925
19.670000000000275,1.989850640296936,1.491415023803711,1.9427920579910278,-0.30530382762498387,1.2945611785252618,0.11981904341728958,-0.03465366651259414,-0.06953033932947801,0.00015248311335012846,0.0490463487803936,-0.01791190356016159,-0.0016023067291825988,0.04911465117028576,-0.01795666433389355,-0.0009831313336750532
19.680000000000277,1.989850640296936,1.491415023803711,1.9427920579910278,-0.30530382762498387,1.2945611785252618,0.11981904341728958,-0.03465366651259414,-0.06953033932947801,0.00015248311335012846,0.0490463487803936,-0.01791190356016159,-0.0016023067291825988,0.04911465117028576,-0.01795666433389355,-0.0009831313336750532
19.69000000000028,1.989850640296936,1.491415023803711,1.9427920579910278,-0.30530382762498387,1.2945611785252618,0.11981904341728958,-0.03465366651259414,-0.06953033932947801,0.00015248311335012846,0.0490463487803936,-0.01791190356016159,-0.0016023067291825988,0.04911465117028576,-0.01795666433389355,-0.0009831313336750532
19.70000000000028,1.9772869348526,1.531713843345642,1.9423284530639648,-0.3300288873810227,1.2868939078863955,0.120801763250729,-0.03370970710174495,-0.06987188228918605,0.00016741965789952983,0.04623017460107803,-0.015819715335965157,0.0009331820183433612,0.04612758738030276,-0.01577927652986219,0.0014694142786625163
19.71000000000028,1.9772869348526,1.531713843345642,1.9423284530639648,-0.3300288873810227,1.2868939078863955,0.120801763250729,-0.03370970710174495,-0.06987188228918605,0.00016741965789952983,0.04623017460107803,-0.015819715335965157,0.0009331820183433612,0.04612758738030276,-0.01577927652986219,0.0014694142786625163
19.720000000000283,1.9772869348526,1.531713843345642,1.9423284530639648,-0.3300288873810227,1.2868939078863955,0.120801763250729,-0.03370970710174495,-0.06987188228918605,0.00016741965789952983,0.04623017460107803,-0.015819715335965157,0.0009331820183433612,0.04612758738030276,-0.01577927652986219,0.0014694142786625163
19.730000000000285,1.9655766487121582,1.56670081615448,1.9418187141418457,-0.35223411768929497,1.2795756260231144,0.11964891481754406,-0.031790077478775776,-0.0704582895095509,0.00010981771745228429,0.04650860279798508,-0.012833613902330399,-0.0007815582794137284,0.046534944996590014,-0.012851971178998688,-0.00037417891953281005
19.740000000000286,1.9655766487121582,1.56670081615448,1.9418187141418457,-0.35223411768929497,1.2795756260231144,0.11964891481754406,-0.031790077478775776,-0.0704582895095509,0.00010981771745228429,0.04650860279798508,-0.012833613902330399,-0.0007815582794137284,0.046534944996590014,-0.012851971178998688,-0.00037417891953281005
19.750000000000288,1.9655766487121582,1.56670081615448,1.9418187141418457,-0.35223411768929497,1.2795756260231144,0.11964891481754406,-0.031790077478775776,-0.0704582895095509,0.00010981771745228429,0.04650860279798508,-0.012833613902330399,-0.0007815582794137284,0.046534944996590014,-0.012851971178998688,-0.00037417891953281005
19.76000000000029,1.9655766487121582,1.56670081615448,1.9418187141418457,-0.35223411768929497,1.2795756260231144,0.11964891481754406,-0.031790077478775776,-0.0704582895095509,0.00010981771745228429,0.04650860279798508,-0.012833613902330399,-0.0007815582794137284,0.046534944996590014,-0.012851971178998688,-0.00037417891953281005
19.77000000000029,1.9482698440551758,1.6165266036987305,1.9414637088775635,-0.3842263977509189,1.2696215431056128,0.12093091288018912,-0.029646996183835348,-0.07063017217320912,-7.966047145259426e-05,0.05198092386126518,-0.0018162816995754842,-0.0036482107825577255,0.05223510450905066,-0.0019236262003682041,-0.0036017483489478963
19.780000000000292,1.9482698440551758,1.6165266036987305,1.9414637088775635,-0.3842263977509189,1.2696215431056128,0.12093091288018912,-0.029646996183835348,-0.07063017217320912,-7.966047145259426e-05,0.05198092386126518,-0.0018162816995754842,-0.0036482107825577255,0.05223510450905066,-0.0019236262003682041,-0.0036017483489478963
19.790000000000294,1.9482698440551758,1.6165266036987305,1.9414637088775635,-0.3842263977509189,1.2696215431056128,0.12093091288018912,-0.029646996183835348,-0.07063017217320912,-7.966047145259426e-05,0.05198092386126518,-0.0018162816995754842,-0.0036482107825577255,0.05223510450905066,-0.0019236262003682041,-0.0036017483489478963
19.800000000000296,1.9338685274124146,1.6562341451644897,1.9415704011917114,-0.40794915268247034,1.2616936227455051,0.12359099622598668,-0.028665604949958054,-0.07066209647642749,-0.0001298176213894629,0.045098770409822464,-0.0012903296155855064,-0.003876580623909831,0.04537042417387899,-0.0014009088195859154,-0.0038476068012808498
19.810000000000297,1.9338685274124146,1.6562341451644897,1.9415704011917114,-0.40794915268247034,1.2616936227455051,0.12359099622598668,-0.028665604949958054,-0.07066209647642749,-0.0001298176213894629,0.045098770409822464,-0.0012903296155855064,-0.003876580623909831,0.04537042417387899,-0.0014009088195859154,-0.0038476068012808498
19.8200000000003,1.9338685274124146,1.6562341451644897,1.9415704011917114,-0.40794915268247034,1.2616936227455051,0.12359099622598668,-0.028665604949958054,-0.07066209647642749,-0.0001298176213894629,0.045098770409822464,-0.0012903296155855064,-0.003876580623909831,0.04537042417387899,-0.0014009088195859154,-0.0038476068012808498
19.8300000000003,1.9205981492996216,1.6906955242156982,1.9416793584823608,-0.42860808565097086,1.25413345199107,0.12160348446267319,-0.026727920722110304,-0.07057579802322135,-7.014319467895976e-05,0.0516471341252327,0.009264371357858181,0.0070609007962048045,0.05116565745016853,0.009449763133401868,0.006827788311113527
19.840000000000302,1.9205981492996216,1.6906955242156982,1.9416793584823608,-0.42860808565097086,1.25413345199107,0.12160348446267319,-0.026727920722110304,-0.07057579802322135,-7.014319467895976e-05,0.0516471341252327,0.009264371357858181,0.0070609007962048045,0.05116565745016853,0.009449763133401868,0.006827788311113527
19.850000000000303,1.9205981492996216,1.6906955242156982,1.9416793584823608,-0.42860808565097086,1.25413345199107,0.12160348446267319,-0.026727920722110304,-0.07057579802322135,-7.014319467895976e-05,0.0516471341252327,0.009264371357858181,0.0070609007962048045,0.05116565745016853,0.009449763133401868,0.006827788311113527
19.860000000000305,1.9205981492996216,1.6906955242156982,1.9416793584823608,-0.42860808565097086,1.25413345199107,0.12160348446267319,-0.026727920722110304,-0.07057579802322135,-7.014319467895976e-05,0.0516471341252327,0.009264371357858181,0.0070609007962048045,0.05116565745016853,0.009449763133401868,0.006827788311113527
19.870000000000307,1.9010074138641357,1.7396808862686157,1.942237377166748,-0.4587960921321454,1.2414608937890805,0.12016384440254488,-0.024490656249872764,-0.07030667109934344,-0.00015520134080082096,0.05628971755504608,0.0022593722678720947,-0.002251690719276667,0.05645213658816226,0.002203554853834474,-0.002312055381812274
19.880000000000308,1.9010074138641357,1.7396808862686157,1.942237377166748,-0.4587960921321454,1.2414608937890805,0.12016384440254488,-0.024490656249872764,-0.07030667109934344,-0.00015520134080082096,0.05628971755504608,0.0022593722678720947,-0.002251690719276667,0.05645213658816226,0.002203554853834474,-0.002312055381812274
19.89000000000031,1.9010074138641357,1.7396808862686157,1.942237377166748,-0.4587960921321454,1.2414608937890805,0.12016384440254488,-0.024490656249872764,-0.07030667109934344,-0.00015520134080082096,0.05628971755504608,0.0022593722678720947,-0.002251690719276667,0.05645213658816226,0.002203554853834474,-0.002312055381812274
19.90000000000031,1.884709358215332,1.7785944938659668,1.9425806999206543,-0.482367735374246,1.2309882278709083,0.11907929595801724,-0.023367249431831705,-0.07027466813770188,-0.00014227774272544056,0.05630020424723625,0.0013597538927569985,2.8904993087053133e-05,0.05630040652970129,0.0013600580462817381,-2.880825519097231e-06
19.910000000000313,1.884709358215332,1.7785944938659668,1.9425806999206543,-0.482367735374246,1.2309882278709083,0.11907929595801724,-0.023367249431831705,-0.07027466813770188,-0.00014227774272544056,0.05630020424723625,0.0013597538927569985,2.8904993087053133e-05,0.05630040652970129,0.0013600580462817381,-2.880825519097231e-06
19.920000000000314,1.884709358215332,1.7785944938659668,1.9425806999206543,-0.482367735374246,1.2309882278709083,0.11907929595801724,-0.023367249431831705,-0.07027466813770188,-0.00014227774272544056,0.05630020424723625,0.0013597538927569985,2.8904993087053133e-05,0.05630040652970129,0.0013600580462817381,-2.880825519097231e-06
19.930000000000316,1.8698184490203857,1.8123315572738647,1.9428571462631226,-0.5031805833103238,1.2226232241357162,0.11786048928253864,-0.02131610454301818,-0.07027424685841388,-0.00010194239317773394,0.06078684329986572,-0.0018104428891092537,0.0024240454658865933,0.06061353685692027,-0.0017583642998728194,0.002468175436939358
19.940000000000317,1.8698184490203857,1.8123315572738647,1.9428571462631226,-0.5031805833103238,1.2226232241357162,0.11786048928253864,-0.02131610454301818,-0.07027424685841388,-0.00010194239317773394,0.06078684329986572,-0.0018104428891092537,0.0024240454658865933,0.06061353685692027,-0.0017583642998728194,0.002468175436939358
19.95000000000032,1.8698184490203857,1.8123315572738647,1.9428571462631226,-0.5031805833103238,1.2226232241357162,0.11786048928253864,-0.02131610454301818,-0.07027424685841388,-0.00010194239317773394,0.06078684329986572,-0.0018104428891092537,0.0024240454658865933,0.06061353685692027,-0.0017583642998728194,0.002468175436939358
19.96000000000032,1.8698184490203857,1.8123315572738647,1.9428571462631226,-0.5031805833103238,1.2226232241357162,0.11786048928253864,-0.02131610454301818,-0.07027424685841388,-0.00010194239317773394,0.06078684329986572,-0.0018104428891092537,0.0024240454658865933,0.06061353685692027,-0.0017583642998728194,0.002468175436939358
19.970000000000322,1.8478282690048218,1.8602179288864136,1.9434744119644165,-0.5317932505439843,1.2097867011510306,0.11665082565318793,-0.018850213163044194,-0.07028421204095638,-0.00012298708650289395,0.05491195619106293,-0.002171012805774808,-0.00015502631140407148,0.05491998724134926,-0.002173549209580131,-0.00011435948307004372
19.980000000000324,1.8478282690048218,1.8602179288864136,1.9434744119644165,-0.5317932505439843,1.2097867011510306,0.11665082565318793,-0.018850213163044194,-0.07028421204095638,-0.00012298708650289395,0.05491195619106293,-0.002171012805774808,-0.00015502631140407148,0.05491998724134926,-0.002173549209580131,-0.00011435948307004372
19.990000000000325,1.8478282690048218,1.8602179288864136,1.9434744119644165,-0.5317932505439843,1.2097867011510306,0.11665082565318793,-0.018850213163044194,-0.07028421204095638,-0.00012298708650289395,0.05491195619106293,-0.002171012805774808,-0.00015502631140407148,0.05491998724134926,-0.002173549209580131,-0.00011435948307004372
20.000000000000327,1.829602599143982,1.8982349634170532,1.9440736770629883,-0.5531500328811255,1.1989531352966083,0.11643500208970196,-0.017566158695370634,-0.07038689210435203,-0.00016638412904848546,0.0521622896194458,-0.0034162937663495545,-0.003949614241719246,0.05243647697203581,-0.0034851426796732245,-0.0038986504027715527
20.01000000000033,1.829602599143982,1.8982349634170532,1.9440736770629883,-0.5531500328811255,1.1989531352966083,0.11643500208970196,-0.017566158695370634,-0.07038689210435203,-0.00016638412904848546,0.0521622896194458,-0.0034162937663495545,-0.003949614241719246,0.05243647697203581,-0.0034851426796732245,-0.0038986504027715527
20.02000000000033,1.829602599143982,1.8982349634170532,1.9440736770629883,-0.5531500328811255,1.1989531352966083,0.11643500208970196,-0.017566158695370634,-0.07038689210435203,-0.00016638412904848546,0.0521622896194458,-0.0034162937663495545,-0.003949614241719246,0.05243647697203581,-0.0034851426796732245,-0.0038986504027715527
20.03000000000033,1.8127095699310303,1.9309180974960327,1.9437003135681152,-0.5716419958547547,1.1892276647196611,0.11269010762159995,-0.015114373388378842,-0.07037162135993744,-0.00018466642134110214,0.06341242045164108,-0.0008665440254844727,-0.0013595588970929384,0.06350731894936142,-0.0008869931472984878,-0.0013496472962528031
20.040000000000333,1.8127095699310303,1.9309180974960327,1.9437003135681152,-0.5716419958547547,1.1892276647196611,0.11269010762159995,-0.015114373388378842,-0.07037162135993744,-0.00018466642134110214,0.06341242045164108,-0.0008665440254844727,-0.0013595588970929384,0.06350731894936142,-0.0008869931472984878,-0.0013496472962528031
20.050000000000335,1.8127095699310303,1.9309180974960327,1.9437003135681152,-0.5716419958547547,1.1892276647196611,0.11269010762159995,-0.015114373388378842,-0.07037162135993744,-0.00018466642134110214,0.06341242045164108,-0.0008665440254844727,-0.0013595588970929384,0.06350731894936142,-0.0008869931472984878,-0.0013496472962528031
20.060000000000336,1.8127095699310303,1.9309180974960327,1.9437003135681152,-0.5716419958547547,1.1892276647196611,0.11269010762159995,-0.015114373388378842,-0.07037162135993744,-0.00018466642134110214,0.06341242045164108,-0.0008665440254844727,-0.0013595588970929384,0.06350731894936142,-0.0008869931472984878,-0.0013496472962528031
20.070000000000338,1.7869212627410889,1.9766106605529785,1.9420933723449707,-0.6012024181023169,1.1731954988993363,0.1098689810673809,-0.012485694182547021,-0.07044832384243406,-0.00027545104399545085,0.07005786895751953,-0.003557145129889251,-0.009739958681166172,0.07074198258647588,-0.0036784748530444837,-0.009718894525549823
20.08000000000034,1.7869212627410889,1.9766106605529785,1.9420933723449707,-0.6012024181023169,1.1731954988993363,0.1098689810673809,-0.012485694182547021,-0.07044832384243406,-0.00027545104399545085,0.07005786895751953,-0.003557145129889251,-0.009739958681166172,0.07074198258647588,-0.0036784748530444837,-0.009718894525549823
20.09000000000034,1.7869212627410889,1.9766106605529785,1.9420933723449707,-0.6012024181023169,1.1731954988993363,0.1098689810673809,-0.012485694182547021,-0.07044832384243406,-0.00027545104399545085,0.07005786895751953,-0.003557145129889251,-0.009739958681166172,0.07074198258647588,-0.0036784748530444837,-0.009718894525549823
20.100000000000342,1.765767216682434,2.0128642916679382,1.9411653280258179,-0.6239217473212377,1.1593522654698662,0.10961987589089411,-0.01090039847771893,-0.07077254751905893,-0.0003971951423373385,0.06629295647144318,-0.014555650763213634,-0.005273883230984209,0.0666555573245267,-0.01461227232043935,-0.0051277471161005166
20.110000000000344,1.765767216682434,2.0128642916679382,1.9411653280258179,-0.6239217473212377,1.1593522654698662,0.10961987589089411,-0.01090039847771893,-0.07077254751905893,-0.0003971951423373385,0.06629295647144318,-0.014555650763213634,-0.005273883230984209,0.0666555573245267,-0.01461227232043935,-0.0051277471161005166
20.120000000000346,1.765767216682434,2.0128642916679382,1.9411653280258179,-0.6239217473212377,1.1593522654698662,0.10961987589089411,-0.01090039847771893,-0.07077254751905893,-0.0003971951423373385,0.06629295647144318,-0.014555650763213634,-0.005273883230984209,0.0666555573245267,-0.01461227232043935,-0.0051277471161005166
20.130000000000347,1.74664306640625,2.04416024684906,1.9402875900268555,-0.6432810481341413,1.1474438590336868,0.11007886809053316,-0.00825410109384879,-0.07103608251837222,-0.0003031274220436332,0.06700773537158966,0.00034669158048927795,0.0006939754821360111,0.06695856028538755,0.00035240784921876985,0.0006928375846474041
20.14000000000035,1.74664306640625,2.04416024684906,1.9402875900268555,-0.6432810481341413,1.1474438590336868,0.11007886809053316,-0.00825410109384879,-0.07103608251837222,-0.0003031274220436332,0.06700773537158966,0.00034669158048927795,0.0006939754821360111,0.06695856028538755,0.00035240784921876985,0.0006928375846474041
20.15000000000035,1.74664306640625,2.04416024684906,1.9402875900268555,-0.6432810481341413,1.1474438590336868,0.11007886809053316,-0.00825410109384879,-0.07103608251837222,-0.0003031274220436332,0.06700773537158966,0.00034669158048927795,0.0006939754821360111,0.06695856028538755,0.00035240784921876985,0.0006928375846474041
20.160000000000352,1.74664306640625,2.04416024684906,1.9402875900268555,-0.6432810481341413,1.1474438590336868,0.11007886809053316,-0.00825410109384879,-0.07103608251837222,-0.0003031274220436332,0.06700773537158966,0.00034669158048927795,0.0006939754821360111,0.06695856028538755,0.00035240784921876985,0.0006928375846474041
20.170000000000353,1.7187074422836304,2.0884861946105957,1.9396833181381226,-0.6704534501416985,1.1297606486046794,0.11281128305085537,-0.006235549863781773,-0.07084717260589597,-0.0003849703022973556,0.04744163528084755,0.008375369012355804,0.0005287672975100567,0.047407817713599414,0.00837850332047389,0.0004777307659221101
20.180000000000355,1.7187074422836304,2.0884861946105957,1.9396833181381226,-0.6704534501416985,1.1297606486046794,0.11281128305085537,-0.006235549863781773,-0.07084717260589597,-0.0003849703022973556,0.04744163528084755,0.008375369012355804,0.0005287672975100567,0.047407817713599414,0.00837850332047389,0.0004777307659221101
20.190000000000357,1.7187074422836304,2.0884861946105957,1.9396833181381226,-0.6704534501416985,1.1297606486046794,0.11281128305085537,-0.006235549863781773,-0.07084717260589597,-0.0003849703022973556,0.04744163528084755,0.008375369012355804,0.0005287672975100567,0.047407817713599414,0.00837850332047389,0.0004777307659221101
20.200000000000358,1.695818305015564,2.123569905757904,1.9394298791885376,-0.6906570346406545,1.116139977722429,0.11470383798309296,-0.0051660750148426,-0.07053164330673517,-0.00035114493136818,0.04533291608095169,0.014454962685704231,0.0022021962795406563,0.045182611264120015,0.014466146457291766,0.0021327946251039104
20.21000000000036,1.695818305015564,2.123569905757904,1.9394298791885376,-0.6906570346406545,1.116139977722429,0.11470383798309296,-0.0051660750148426,-0.07053164330673517,-0.00035114493136818,0.04533291608095169,0.014454962685704231,0.0022021962795406563,0.045182611264120015,0.014466146457291766,0.0021327946251039104
20.22000000000036,1.695818305015564,2.123569905757904,1.9394298791885376,-0.6906570346406545,1.116139977722429,0.11470383798309296,-0.0051660750148426,-0.07053164330673517,-0.00035114493136818,0.04533291608095169,0.014454962685704231,0.0022021962795406563,0.045182611264120015,0.014466146457291766,0.0021327946251039104
20.230000000000363,1.6752474308013916,2.153822958469391,1.9390789270401,-0.7090807149670043,1.1026656994218094,0.11389489640238501,-0.0030992624107834413,-0.07005245934614264,-0.0003233334859834963,0.05617118626832962,0.01682150736451149,0.005520206876099108,0.05578750836648724,0.01683853511797319,0.005481490470883995
20.240000000000364,1.6752474308013916,2.153822958469391,1.9390789270401,-0.7090807149670043,1.1026656994218094,0.11389489640238501,-0.0030992624107834413,-0.07005245934614264,-0.0003233334859834963,0.05617118626832962,0.01682150736451149,0.005520206876099108,0.05578750836648724,0.01683853511797319,0.005481490470883995
20.250000000000366,1.6752474308013916,2.153822958469391,1.9390789270401,-0.7090807149670043,1.1026656994218094,0.11389489640238501,-0.0030992624107834413,-0.07005245934614264,-0.0003233334859834963,0.05617118626832962,0.01682150736451149,0.005520206876099108,0.05578750836648724,0.01683853511797319,0.005481490470883995
20.260000000000367,1.6752474308013916,2.153822958469391,1.9390789270401,-0.7090807149670043,1.1026656994218094,0.11389489640238501,-0.0030992624107834413,-0.07005245934614264,-0.0003233334859834963,0.05617118626832962,0.01682150736451149,0.005520206876099108,0.05578750836648724,0.01683853511797319,0.005481490470883995
20.27000000000037,1.6451998949050903,2.1965748071670532,1.9387555122375488,-0.7344670263782879,1.084426376810768,0.1115348515474675,-0.0009423399879995415,-0.06965246245290502,-0.00029754734523033846,0.04767642915248871,0.014152662828564644,0.003680235939100383,0.04742060686082221,0.014156124577727303,0.003675810616892546
20.28000000000037,1.6451998949050903,2.1965748071670532,1.9387555122375488,-0.7344670263782879,1.084426376810768,0.1115348515474675,-0.0009423399879995415,-0.06965246245290502,-0.00029754734523033846,0.04767642915248871,0.014152662828564644,0.003680235939100383,0.04742060686082221,0.014156124577727303,0.003675810616892546
20.290000000000372,1.6451998949050903,2.1965748071670532,1.9387555122375488,-0.7344670263782879,1.084426376810768,0.1115348515474675,-0.0009423399879995415,-0.06965246245290502,-0.00029754734523033846,0.04767642915248871,0.014152662828564644,0.003680235939100383,0.04742060686082221,0.014156124577727303,0.003675810616892546
20.300000000000374,1.6206011772155762,2.2303149104118347,1.9387537240982056,-0.7548012539100998,1.0679766848409344,0.11053831909659675,-0.00017857758645550462,-0.06943254948912224,-0.0002270948972371215,0.04880406707525253,0.012754677794873714,0.0031873674597591144,0.0485825621123914,0.012755246783885753,0.003192782627320582
20.310000000000375,1.6206011772155762,2.2303149104118347,1.9387537240982056,-0.7548012539100998,1.0679766848409344,0.11053831909659675,-0.00017857758645550462,-0.06943254948912224,-0.0002270948972371215,0.04880406707525253,0.012754677794873714,0.0031873674597591144,0.0485825621123914,0.012755246783885753,0.003192782627320582
20.320000000000377,1.6206011772155762,2.2303149104118347,1.9387537240982056,-0.7548012539100998,1.0679766848409344,0.11053831909659675,-0.00017857758645550462,-0.06943254948912224,-0.0002270948972371215,0.04880406707525253,0.012754677794873714,0.0031873674597591144,0.0485825621123914,0.012755246783885753,0.003192782627320582
20.33000000000038,1.5985583066940308,2.2593812942504883,1.9385159015655518,-0.7716123057279953,1.0545349693632338,0.10990299855164021,0.0022866027201731416,-0.06909540605744759,-0.00010315075606460533,0.05954738333821297,0.008303015492856503,0.002681965008378028,0.05936046297979731,0.008296861203352355,0.0027074039176812922
20.34000000000038,1.5985583066940308,2.2593812942504883,1.9385159015655518,-0.7716123057279953,1.0545349693632338,0.10990299855164021,0.0022866027201731416,-0.06909540605744759,-0.00010315075606460533,0.05954738333821297,0.008303015492856503,0.002681965008378028,0.05936046297979731,0.008296861203352355,0.0027074039176812922
20.35000000000038,1.5985583066940308,2.2593812942504883,1.9385159015655518,-0.7716123057279953,1.0545349693632338,0.10990299855164021,0.0022866027201731416,-0.06909540605744759,-0.00010315075606460533,0.05954738333821297,0.008303015492856503,0.002681965008378028,0.05936046297979731,0.008296861203352355,0.0027074039176812922
20.360000000000383,1.5985583066940308,2.2593812942504883,1.9385159015655518,-0.7716123057279953,1.0545349693632338,0.10990299855164021,0.0022866027201731416,-0.06909540605744759,-0.00010315075606460533,0.05954738333821297,0.008303015492856503,0.002681965008378028,0.05936046297979731,0.008296861203352355,0.0027074039176812922
20.370000000000385,1.5663928985595703,2.3003355264663696,1.9385769367218018,-0.7965381139453982,1.0339497772323718,0.1096032103446728,0.0044040831687192005,-0.06891731129154828,-0.0001100688612288348,0.05447172746062279,0.0021466980688273907,-0.0010958870407193901,0.05454671952296661,0.0021515036123072213,-0.0010890073555157964
20.380000000000386,1.5663928985595703,2.3003355264663696,1.9385769367218018,-0.7965381139453982,1.0339497772323718,0.1096032103446728,0.0044040831687192005,-0.06891731129154828,-0.0001100688612288348,0.05447172746062279,0.0021466980688273907,-0.0010958870407193901,0.05454671952296661,0.0021515036123072213,-0.0010890073555157964
20.390000000000388,1.5663928985595703,2.3003355264663696,1.9385769367218018,-0.7965381139453982,1.0339497772323718,0.1096032103446728,0.0044040831687192005,-0.06891731129154828,-0.0001100688612288348,0.05447172746062279,0.0021466980688273907,-0.0010958870407193901,0.05454671952296661,0.0021515036123072213,-0.0010890073555157964
20.40000000000039,1.5400770902633667,2.332594394683838,1.9390021562576294,-0.8147579501811779,1.0179065936978624,0.11155037822650943,0.005465597337776579,-0.06876584711573579,-0.00011132920202173046,0.053022824227809906,0.010138193145394325,0.0008885342394933093,0.05295781143747205,0.010133185371699986,0.0009461681847036457
20.41000000000039,1.5400770902633667,2.332594394683838,1.9390021562576294,-0.8147579501811779,1.0179065936978624,0.11155037822650943,0.005465597337776579,-0.06876584711573579,-0.00011132920202173046,0.053022824227809906,0.010138193145394325,0.0008885342394933093,0.05295781143747205,0.010133185371699986,0.0009461681847036457
20.420000000000393,1.5400770902633667,2.332594394683838,1.9390021562576294,-0.8147579501811779,1.0179065936978624,0.11155037822650943,0.005465597337776579,-0.06876584711573579,-0.00011132920202173046,0.053022824227809906,0.010138193145394325,0.0008885342394933093,0.05295781143747205,0.010133185371699986,0.0009461681847036457
20.430000000000394,1.5161375999450684,2.3601722717285156,1.9389437437057495,-0.83189985896544,1.0032843460938357,0.11062770905076941,0.007707087229527216,-0.0683120498888225,-0.0001765577092213074,0.06104214861989021,0.012563582509756088,-0.004940332379192116,0.06137352395103374,0.012601284573915756,-0.004854680853941526
20.440000000000396,1.5161375999450684,2.3601722717285156,1.9389437437057495,-0.83189985896544,1.0032843460938357,0.11062770905076941,0.007707087229527216,-0.0683120498888225,-0.0001765577092213074,0.06104214861989021,0.012563582509756088,-0.004940332379192116,0.06137352395103374,0.012601284573915756,-0.004854680853941526
20.450000000000397,1.5161375999450684,2.3601722717285156,1.9389437437057495,-0.83189985896544,1.0032843460938357,0.11062770905076941,0.007707087229527216,-0.0683120498888225,-0.0001765577092213074,0.06104214861989021,0.012563582509756088,-0.004940332379192116,0.06137352395103374,0.012601284573915756,-0.004854680853941526
20.4600000000004,1.5161375999450684,2.3601722717285156,1.9389437437057495,-0.83189985896544,1.0032843460938357,0.11062770905076941,0.007707087229527216,-0.0683120498888225,-0.0001765577092213074,0.06104214861989021,0.012563582509756088,-0.004940332379192116,0.06137352395103374,0.012601284573915756,-0.004854680853941526
20.4700000000004,1.480246901512146,2.3984737396240234,1.938025712966919,-0.8562322852615469,0.9812491227001514,0.10969209126998207,0.009908865565773953,-0.06808509912215634,-0.0004002078066359667,0.061249371618032455,0.0064224451780319205,-0.004943018313497306,0.061582082442947494,0.006471108787185585,-0.004890468246479103
20.480000000000402,1.480246901512146,2.3984737396240234,1.938025712966919,-0.8562322852615469,0.9812491227001514,0.10969209126998207,0.009908865565773953,-0.06808509912215634,-0.0004002078066359667,0.061249371618032455,0.0064224451780319205,-0.004943018313497306,0.061582082442947494,0.006471108787185585,-0.004890468246479103
20.490000000000403,1.480246901512146,2.3984737396240234,1.938025712966919,-0.8562322852615469,0.9812491227001514,0.10969209126998207,0.009908865565773953,-0.06808509912215634,-0.0004002078066359667,0.061249371618032455,0.0064224451780319205,-0.004943018313497306,0.061582082442947494,0.006471108787185585,-0.004890468246479103
20.500000000000405,1.4511350393295288,2.428642213344574,1.937688946723938,-0.875093666529157,0.963316719597778,0.10885233000090101,0.01100328828498318,-0.06781236734595812,-0.0003702742876937322,0.05212882161140442,0.015854768455028534,0.0008249147213064115,0.05206095157197371,0.015844732086317495,0.0010016179486556638
20.510000000000407,1.4511350393295288,2.428642213344574,1.937688946723938,-0.875093666529157,0.963316719597778,0.10885233000090101,0.01100328828498318,-0.06781236734595812,-0.0003702742876937322,0.05212882161140442,0.015854768455028534,0.0008249147213064115,0.05206095157197371,0.015844732086317495,0.0010016179486556638
20.520000000000408,1.4511350393295288,2.428642213344574,1.937688946723938,-0.875093666529157,0.963316719597778,0.10885233000090101,0.01100328828498318,-0.06781236734595812,-0.0003702742876937322,0.05212882161140442,0.015854768455028534,0.0008249147213064115,0.05206095157197371,0.015844732086317495,0.0010016179486556638
20.53000000000041,1.4251514673233032,2.4545090794563293,1.936966896057129,-0.8912770368785536,0.9471162509537092,0.1077963266522178,0.013120007144050158,-0.06714291856807408,-0.00021163832449751994,0.05384645611047745,0.024393156170845032,0.0031933842692524164,0.053610218623152954,0.02434916072558035,0.003521072446942379
20.54000000000041,1.4251514673233032,2.4545090794563293,1.936966896057129,-0.8912770368785536,0.9471162509537092,0.1077963266522178,0.013120007144050158,-0.06714291856807408,-0.00021163832449751994,0.05384645611047745,0.024393156170845032,0.0031933842692524164,0.053610218623152954,0.02434916072558035,0.003521072446942379
20.550000000000413,1.4251514673233032,2.4545090794563293,1.936966896057129,-0.8912770368785536,0.9471162509537092,0.1077963266522178,0.013120007144050158,-0.06714291856807408,-0.00021163832449751994,0.05384645611047745,0.024393156170845032,0.0031933842692524164,0.053610218623152954,0.02434916072558035,0.003521072446942379
20.560000000000414,1.4251514673233032,2.4545090794563293,1.936966896057129,-0.8912770368785536,0.9471162509537092,0.1077963266522178,0.013120007144050158,-0.06714291856807408,-0.00021163832449751994,0.05384645611047745,0.024393156170845032,0.0031933842692524164,0.053610218623152954,0.02434916072558035,0.003521072446942379
20.570000000000416,1.3875635862350464,2.49081552028656,1.936510443687439,-0.9132271712650776,0.9234253321403688,0.10715779358151159,0.01567667547220005,-0.06610136472560245,-0.00024083786219164958,0.05723012238740921,0.022976238280534744,-0.0026835107710212495,0.05738390020886088,0.023015481843794445,-0.0023280890658297715
20.580000000000418,1.3875635862350464,2.49081552028656,1.936510443687439,-0.9132271712650776,0.9234253321403688,0.10715779358151159,0.01567667547220005,-0.06610136472560245,-0.00024083786219164958,0.05723012238740921,0.022976238280534744,-0.0026835107710212495,0.05738390020886088,0.023015481843794445,-0.0023280890658297715
20.59000000000042,1.3875635862350464,2.49081552028656,1.936510443687439,-0.9132271712650776,0.9234253321403688,0.10715779358151159,0.01567667547220005,-0.06610136472560245,-0.00024083786219164958,0.05723012238740921,0.022976238280534744,-0.0026835107710212495,0.05738390020886088,0.023015481843794445,-0.0023280890658297715
20.60000000000042,1.357059359550476,2.519282281398773,1.936403751373291,-0.930569136302657,0.9035132874885807,0.10722533089173439,0.016637689282910654,-0.06579162708649652,-0.00027695053597059276,0.04486728459596634,0.013621490448713303,-0.0021694125607609766,0.04499526906235747,0.013655697538318013,-0.0019467043095416576
20.610000000000422,1.357059359550476,2.519282281398773,1.936403751373291,-0.930569136302657,0.9035132874885807,0.10722533089173439,0.016637689282910654,-0.06579162708649652,-0.00027695053597059276,0.04486728459596634,0.013621490448713303,-0.0021694125607609766,0.04499526906235747,0.013655697538318013,-0.0019467043095416576
20.620000000000424,1.357059359550476,2.519282281398773,1.936403751373291,-0.930569136302657,0.9035132874885807,0.10722533089173439,0.016637689282910654,-0.06579162708649652,-0.00027695053597059276,0.04486728459596634,0.013621490448713303,-0.0021694125607609766,0.04499526906235747,0.013655697538318013,-0.0019467043095416576
20.630000000000425,1.3299163579940796,2.5436469316482544,1.9361172914505005,-0.9451268600481209,0.8874244259498213,0.10662223692080683,0.018032968879340753,-0.0653169773281477,-0.0002554976108479528,0.03934963792562485,0.018174227327108383,0.0016640973044559338,0.0392193709691223,0.018141265398647907,0.001995800088156999
20.640000000000427,1.3299163579940796,2.5436469316482544,1.9361172914505005,-0.9451268600481209,0.8874244259498213,0.10662223692080683,0.018032968879340753,-0.0653169773281477,-0.0002554976108479528,0.03934963792562485,0.018174227327108383,0.0016640973044559338,0.0392193709691223,0.018141265398647907,0.001995800088156999
20.65000000000043,1.3299163579940796,2.5436469316482544,1.9361172914505005,-0.9451268600481209,0.8874244259498213,0.10662223692080683,0.018032968879340753,-0.0653169773281477,-0.0002554976108479528,0.03934963792562485,0.018174227327108383,0.0016640973044559338,0.0392193709691223,0.018141265398647907,0.001995800088156999
20.66000000000043,1.3299163579940796,2.5436469316482544,1.9361172914505005,-0.9451268600481209,0.8874244259498213,0.10662223692080683,0.018032968879340753,-0.0653169773281477,-0.0002554976108479528,0.03934963792562485,0.018174227327108383,0.0016640973044559338,0.0392193709691223,0.018141265398647907,0.001995800088156999
20.67000000000043,1.290648341178894,2.57777738571167,1.9358761310577393,-0.9660991714986993,0.8634031590758761,0.10665913378074879,0.020005371071087148,-0.06415519833017984,-0.0002873950536090677,0.048241641372442245,0.03641713410615921,-0.0013671908527612732,0.04828265610725129,0.036437196345851734,-0.0006397436956932922
20.680000000000433,1.290648341178894,2.57777738571167,1.9358761310577393,-0.9660991714986993,0.8634031590758761,0.10665913378074879,0.020005371071087148,-0.06415519833017984,-0.0002873950536090677,0.048241641372442245,0.03641713410615921,-0.0013671908527612732,0.04828265610725129,0.036437196345851734,-0.0006397436956932922
20.690000000000435,1.290648341178894,2.57777738571167,1.9358761310577393,-0.9660991714986993,0.8634031590758761,0.10665913378074879,0.020005371071087148,-0.06415519833017984,-0.0002873950536090677,0.048241641372442245,0.03641713410615921,-0.0013671908527612732,0.04828265610725129,0.036437196345851734,-0.0006397436956932922
20.700000000000436,1.2587735652923584,2.604452610015869,1.936008334159851,-0.982567568135474,0.8430987356220628,0.10813054260011454,0.02089893066737032,-0.06352068011777885,-0.0003285810814022444,0.04001478850841522,0.028592165559530258,-0.0022070952691137825,0.04011713803324199,0.028632044327241892,-0.0016123628557556675
20.710000000000438,1.2587735652923584,2.604452610015869,1.936008334159851,-0.982567568135474,0.8430987356220628,0.10813054260011454,0.02089893066737032,-0.06352068011777885,-0.0003285810814022444,0.04001478850841522,0.028592165559530258,-0.0022070952691137825,0.04011713803324199,0.028632044327241892,-0.0016123628557556675
20.72000000000044,1.2587735652923584,2.604452610015869,1.936008334159851,-0.982567568135474,0.8430987356220628,0.10813054260011454,0.02089893066737032,-0.06352068011777885,-0.0003285810814022444,0.04001478850841522,0.028592165559530258,-0.0022070952691137825,0.04011713803324199,0.028632044327241892,-0.0016123628557556675
20.73000000000044,1.2304649353027344,2.6272351145744324,1.935916543006897,-0.9963819254047125,0.8251793033912809,0.10564137841741517,0.023302248687930627,-0.062063052604659226,-0.00038643089362758003,0.05249733477830887,0.03582892566919327,-0.002966596977785234,0.05262975951269571,0.035888320773938304,-0.002135083271061539
20.740000000000443,1.2304649353027344,2.6272351145744324,1.935916543006897,-0.9963819254047125,0.8251793033912809,0.10564137841741517,0.023302248687930627,-0.062063052604659226,-0.00038643089362758003,0.05249733477830887,0.03582892566919327,-0.002966596977785234,0.05262975951269571,0.035888320773938304,-0.002135083271061539
20.750000000000444,1.2304649353027344,2.6272351145744324,1.935916543006897,-0.9963819254047125,0.8251793033912809,0.10564137841741517,0.023302248687930627,-0.062063052604659226,-0.00038643089362758003,0.05249733477830887,0.03582892566919327,-0.002966596977785234,0.05262975951269571,0.035888320773938304,-0.002135083271061539
20.760000000000446,1.2304649353027344,2.6272351145744324,1.935916543006897,-0.9963819254047125,0.8251793033912809,0.10564137841741517,0.023302248687930627,-0.062063052604659226,-0.00038643089362758003,0.05249733477830887,0.03582892566919327,-0.002966596977785234,0.05262975951269571,0.035888320773938304,-0.002135083271061539
20.770000000000447,1.1895095109939575,2.6589700281620026,1.9360469579696655,-1.016598186402432,0.7981156493095368,0.10203293239991021,0.02549681842922141,-0.06053343315807156,-0.0003933839827706079,0.05128462240099907,0.036736756563186646,-0.00361450901255012,0.051446854396561645,0.03681696464750396,-0.002681677003196169
20.78000000000045,1.1895095109939575,2.6589700281620026,1.9360469579696655,-1.016598186402432,0.7981156493095368,0.10203293239991021,0.02549681842922141,-0.06053343315807156,-0.0003933839827706079,0.05128462240099907,0.036736756563186646,-0.00361450901255012,0.051446854396561645,0.03681696464750396,-0.002681677003196169
20.79000000000045,1.1895095109939575,2.6589700281620026,1.9360469579696655,-1.016598186402432,0.7981156493095368,0.10203293239991021,0.02549681842922141,-0.06053343315807156,-0.0003933839827706079,0.05128462240099907,0.036736756563186646,-0.00361450901255012,0.051446854396561645,0.03681696464750396,-0.002681677003196169
20.800000000000452,1.1562778949737549,2.6836515963077545,1.9362924098968506,-1.0316442832561215,0.7764681121846705,0.10143631932912714,0.026495496529512993,-0.05981605331191086,-0.00030902764098261347,0.05099179595708847,0.0369444340467453,0.0047194203361868815,0.05065064621147622,0.0368064383442528,0.005706716648264321
20.810000000000453,1.1562778949737549,2.6836515963077545,1.9362924098968506,-1.0316442832561215,0.7764681121846705,0.10143631932912714,0.026495496529512993,-0.05981605331191086,-0.00030902764098261347,0.05099179595708847,0.0369444340467453,0.0047194203361868815,0.05065064621147622,0.0368064383442528,0.005706716648264321
20.820000000000455,1.1562778949737549,2.6836515963077545,1.9362924098968506,-1.0316442832561215,0.7764681121846705,0.10143631932912714,0.026495496529512993,-0.05981605331191086,-0.00030902764098261347,0.05099179595708847,0.0369444340467453,0.0047194203361868815,0.05065064621147622,0.0368064383442528,0.005706716648264321
20.830000000000457,1.1265504360198975,2.704451948404312,1.9358747005462646,-1.043350280008704,0.757712447536054,0.10092526327800048,0.02832836473530891,-0.058311817528168955,-0.00024109159156458155,0.04440674930810928,0.03910166025161743,0.001578365918248887,0.044249988582928196,0.03904126528759954,0.0026898423881416295
20.840000000000458,1.1265504360198975,2.704451948404312,1.9358747005462646,-1.043350280008704,0.757712447536054,0.10092526327800048,0.02832836473530891,-0.058311817528168955,-0.00024109159156458155,0.04440674930810928,0.03910166025161743,0.001578365918248887,0.044249988582928196,0.03904126528759954,0.0026898423881416295
20.85000000000046,1.1265504360198975,2.704451948404312,1.9358747005462646,-1.043350280008704,0.757712447536054,0.10092526327800048,0.02832836473530891,-0.058311817528168955,-0.00024109159156458155,0.04440674930810928,0.03910166025161743,0.001578365918248887,0.044249988582928196,0.03904126528759954,0.0026898423881416295
20.86000000000046,1.1265504360198975,2.704451948404312,1.9358747005462646,-1.043350280008704,0.757712447536054,0.10092526327800048,0.02832836473530891,-0.058311817528168955,-0.00024109159156458155,0.04440674930810928,0.03910166025161743,0.001578365918248887,0.044249988582928196,0.03904126528759954,0.0026898423881416295
20.870000000000463,1.082931637763977,2.732815831899643,1.9346604347229004,-1.0613250459526875,0.7293978485101191,0.10115757982663688,0.02999986865325485,-0.056877418081139094,-0.00017824735168821756,0.043692611157894135,0.03216053545475006,0.003084039082750674,0.04346216157286582,0.03205355753585218,0.004053873962917896
20.880000000000464,1.082931637763977,2.732815831899643,1.9346604347229004,-1.0613250459526875,0.7293978485101191,0.10115757982663688,0.02999986865325485,-0.056877418081139094,-0.00017824735168821756,0.043692611157894135,0.03216053545475006,0.003084039082750674,0.04346216157286582,0.03205355753585218,0.004053873962917896
20.890000000000466,1.082931637763977,2.732815831899643,1.9346604347229004,-1.0613250459526875,0.7293978485101191,0.10115757982663688,0.02999986865325485,-0.056877418081139094,-0.00017824735168821756,0.043692611157894135,0.03216053545475006,0.003084039082750674,0.04346216157286582,0.03205355753585218,0.004053873962917896
20.900000000000468,1.0477343797683716,2.7548137307167053,1.9342145919799805,-1.0744843666398756,0.7060441162528165,0.10141720572991417,0.03084880550242276,-0.05618698260637418,-0.00020549238216737906,0.04366755485534668,0.03616338595747948,-0.0032876501791179224,0.04378964651478596,0.036247583896264035,-0.0021740965172878804
20.91000000000047,1.0477343797683716,2.7548137307167053,1.9342145919799805,-1.0744843666398756,0.7060441162528165,0.10141720572991417,0.03084880550242276,-0.05618698260637418,-0.00020549238216737906,0.04366755485534668,0.03616338595747948,-0.0032876501791179224,0.04378964651478596,0.036247583896264035,-0.0021740965172878804
20.92000000000047,1.0477343797683716,2.7548137307167053,1.9342145919799805,-1.0744843666398756,0.7060441162528165,0.10141720572991417,0.03084880550242276,-0.05618698260637418,-0.00020549238216737906,0.04366755485534668,0.03616338595747948,-0.0032876501791179224,0.04378964651478596,0.036247583896264035,-0.0021740965172878804
20.930000000000472,1.0165820121765137,2.773419573903084,1.933758020401001,-1.0862179418382276,0.686544765833539,0.10137978095028717,0.03219198085753647,-0.05497818293102754,-8.951304521807468e-05,0.03760300949215889,0.035573914647102356,0.002248610137030478,0.037416311047790383,0.035483108482351526,0.003397575548311349
20.940000000000474,1.0165820121765137,2.773419573903084,1.933758020401001,-1.0862179418382276,0.686544765833539,0.10137978095028717,0.03219198085753647,-0.05497818293102754,-8.951304521807468e-05,0.03760300949215889,0.035573914647102356,0.002248610137030478,0.037416311047790383,0.035483108482351526,0.003397575548311349
20.950000000000475,1.0165820121765137,2.773419573903084,1.933758020401001,-1.0862179418382276,0.686544765833539,0.10137978095028717,0.03219198085753647,-0.05497818293102754,-8.951304521807468e-05,0.03760300949215889,0.035573914647102356,0.002248610137030478,0.037416311047790383,0.035483108482351526,0.003397575548311349
20.960000000000477,1.0165820121765137,2.773419573903084,1.933758020401001,-1.0862179418382276,0.686544765833539,0.10137978095028717,0.03219198085753647,-0.05497818293102754,-8.951304521807468e-05,0.03760300949215889,0.035573914647102356,0.002248610137030478,0.037416311047790383,0.035483108482351526,0.003397575548311349
20.97000000000048,0.9717649817466736,2.7992165237665176,1.9336320161819458,-1.1015913406083297,0.6593902541001635,0.10165667453485554,0.03352559010914944,-0.053437373846825655,-3.929114215668838e-05,0.026206957176327705,0.03754391521215439,-0.004211118444800381,0.026364764015601744,0.03766397194678009,-0.0029545233463725657
20.98000000000048,0.9717649817466736,2.7992165237665176,1.9336320161819458,-1.1015913406083297,0.6593902541001635,0.10165667453485554,0.03352559010914944,-0.053437373846825655,-3.929114215668838e-05,0.026206957176327705,0.03754391521215439,-0.004211118444800381,0.026364764015601744,0.03766397194678009,-0.0029545233463725657
20.99000000000048,0.9717649817466736,2.7992165237665176,1.9336320161819458,-1.1015913406083297,0.6593902541001635,0.10165667453485554,0.03352559010914944,-0.053437373846825655,-3.929114215668838e-05,0.026206957176327705,0.03754391521215439,-0.004211118444800381,0.026364764015601744,0.03766397194678009,-0.0029545233463725657
21.000000000000483,0.9356204271316528,2.8191885352134705,1.9338901042938232,-1.1128777770702496,0.6374949531732371,0.10083639581448917,0.034118940870638756,-0.05250001165442811,7.903317282287424e-06,0.024673808366060257,0.03961213305592537,0.0023476670030504417,0.02447950774536214,0.03950899463651951,0.00370266405986611
21.010000000000485,0.9356204271316528,2.8191885352134705,1.9338901042938232,-1.1128777770702496,0.6374949531732371,0.10083639581448917,0.034118940870638756,-0.05250001165442811,7.903317282287424e-06,0.024673808366060257,0.03961213305592537,0.0023476670030504417,0.02447950774536214,0.03950899463651951,0.00370266405986611
21.020000000000486,0.9356204271316528,2.8191885352134705,1.9338901042938232,-1.1128777770702496,0.6374949531732371,0.10083639581448917,0.034118940870638756,-0.05250001165442811,7.903317282287424e-06,0.024673808366060257,0.03961213305592537,0.0023476670030504417,0.02447950774536214,0.03950899463651951,0.00370266405986611
21.030000000000488,0.9037045836448669,2.83603897690773,1.9337881803512573,-1.1222311373157077,0.6179607401190109,0.0980213584509092,0.03543194156998032,-0.050970809627364576,4.041350683212302e-05,0.037188220769166946,0.03237968683242798,-0.00013386528007686534,0.03713652962614512,0.03236410597970328,0.0010145715293273284
21.04000000000049,0.9037045836448669,2.83603897690773,1.9337881803512573,-1.1222311373157077,0.6179607401190109,0.0980213584509092,0.03543194156998032,-0.050970809627364576,4.041350683212302e-05,0.037188220769166946,0.03237968683242798,-0.00013386528007686534,0.03713652962614512,0.03236410597970328,0.0010145715293273284
21.05000000000049,0.9037045836448669,2.83603897690773,1.9337881803512573,-1.1222311373157077,0.6179607401190109,0.0980213584509092,0.03543194156998032,-0.050970809627364576,4.041350683212302e-05,0.037188220769166946,0.03237968683242798,-0.00013386528007686534,0.03713652962614512,0.03236410597970328,0.0010145715293273284
21.060000000000493,0.9037045836448669,2.83603897690773,1.9337881803512573,-1.1222311373157077,0.6179607401190109,0.0980213584509092,0.03543194156998032,-0.050970809627364576,4.041350683212302e-05,0.037188220769166946,0.03237968683242798,-0.00013386528007686534,0.03713652962614512,0.03236410597970328,0.0010145715293273284
21.070000000000494,0.8578364849090576,2.859301522374153,1.934104084968567,-1.136072984989116,0.5896398569644307,0.09726576836869928,0.03715055288027705,-0.04942712861432656,9.68043747888207e-06,0.04253745824098587,0.03938201442360878,-0.002422257326543336,0.042584841047129195,0.03944480823876373,-0.0009590301115182002
21.080000000000496,0.8578364849090576,2.859301522374153,1.934104084968567,-1.136072984989116,0.5896398569644307,0.09726576836869928,0.03715055288027705,-0.04942712861432656,9.68043747888207e-06,0.04253745824098587,0.03938201442360878,-0.002422257326543336,0.042584841047129195,0.03944480823876373,-0.0009590301115182002
21.090000000000497,0.8578364849090576,2.859301522374153,1.934104084968567,-1.136072984989116,0.5896398569644307,0.09726576836869928,0.03715055288027705,-0.04942712861432656,9.68043747888207e-06,0.04253745824098587,0.03938201442360878,-0.002422257326543336,0.042584841047129195,0.03944480823876373,-0.0009590301115182002
21.1000000000005,0.8208408355712891,2.8771617636084557,1.9347022771835327,-1.146923897000398,0.5671248307824834,0.09908572327114554,0.03800103931813583,-0.04868641466951794,-1.0844510920810533e-05,0.041508231312036514,0.03631531447172165,-0.0024499814026057764,0.041560295109364584,0.03638217596919714,-0.0010697927081993093
21.1100000000005,0.8208408355712891,2.8771617636084557,1.9347022771835327,-1.146923897000398,0.5671248307824834,0.09908572327114554,0.03800103931813583,-0.04868641466951794,-1.0844510920810533e-05,0.041508231312036514,0.03631531447172165,-0.0024499814026057764,0.041560295109364584,0.03638217596919714,-0.0010697927081993093
21.120000000000502,0.8208408355712891,2.8771617636084557,1.9347022771835327,-1.146923897000398,0.5671248307824834,0.09908572327114554,0.03800103931813583,-0.04868641466951794,-1.0844510920810533e-05,0.041508231312036514,0.03631531447172165,-0.0024499814026057764,0.041560295109364584,0.03638217596919714,-0.0010697927081993093
21.130000000000503,0.7882133722305298,2.8921717703342438,1.9352508783340454,-1.1555673961205142,0.5471196916129006,0.0982334393670421,0.03990775615243666,-0.04725178107247466,4.9117140101107525e-05,0.048287224024534225,0.033928364515304565,-0.0008151009678840678,0.048261727190534724,0.0339338706691829,0.0005397960419788988
21.140000000000505,0.7882133722305298,2.8921717703342438,1.9352508783340454,-1.1555673961205142,0.5471196916129006,0.0982334393670421,0.03990775615243666,-0.04725178107247466,4.9117140101107525e-05,0.048287224024534225,0.033928364515304565,-0.0008151009678840678,0.048261727190534724,0.0339338706691829,0.0005397960419788988
21.150000000000507,0.7882133722305298,2.8921717703342438,1.9352508783340454,-1.1555673961205142,0.5471196916129006,0.0982334393670421,0.03990775615243666,-0.04725178107247466,4.9117140101107525e-05,0.048287224024534225,0.033928364515304565,-0.0008151009678840678,0.048261727190534724,0.0339338706691829,0.0005397960419788988
21.160000000000508,0.7882133722305298,2.8921717703342438,1.9352508783340454,-1.1555673961205142,0.5471196916129006,0.0982334393670421,0.03990775615243666,-0.04725178107247466,4.9117140101107525e-05,0.048287224024534225,0.033928364515304565,-0.0008151009678840678,0.048261727190534724,0.0339338706691829,0.0005397960419788988
21.17000000000051,0.7413008809089661,2.9127126410603523,1.9360532760620117,-1.166891200316414,0.5172550121081599,0.09707339792346711,0.04171397041662409,-0.04576862608986963,-3.591190961264385e-05,0.04326098784804344,0.035967133939266205,-0.005172926001250748,0.04342900872613523,0.03615156678351129,-0.0036723748899492206
21.18000000000051,0.7413008809089661,2.9127126410603523,1.9360532760620117,-1.166891200316414,0.5172550121081599,0.09707339792346711,0.04171397041662409,-0.04576862608986963,-3.591190961264385e-05,0.04326098784804344,0.035967133939266205,-0.005172926001250748,0.04342900872613523,0.03615156678351129,-0.0036723748899492206
21.190000000000513,0.7413008809089661,2.9127126410603523,1.9360532760620117,-1.166891200316414,0.5172550121081599,0.09707339792346711,0.04171397041662409,-0.04576862608986963,-3.591190961264385e-05,0.04326098784804344,0.035967133939266205,-0.005172926001250748,0.04342900872613523,0.03615156678351129,-0.0036723748899492206
21.200000000000514,0.703554630279541,2.9283503964543343,1.9368207454681396,-1.1738379397764276,0.4930711036482696,0.09521188266130493,0.04233258604235944,-0.04516508499021038,-1.8909470891254298e-05,0.038427744060754776,0.03825775906443596,-0.0008990408387035178,0.03839516552099748,0.03826153167362948,0.0007215666366939118
21.210000000000516,0.703554630279541,2.9283503964543343,1.9368207454681396,-1.1738379397764276,0.4930711036482696,0.09521188266130493,0.04233258604235944,-0.04516508499021038,-1.8909470891254298e-05,0.038427744060754776,0.03825775906443596,-0.0008990408387035178,0.03839516552099748,0.03826153167362948,0.0007215666366939118
21.220000000000518,0.703554630279541,2.9283503964543343,1.9368207454681396,-1.1738379397764276,0.4930711036482696,0.09521188266130493,0.04233258604235944,-0.04516508499021038,-1.8909470891254298e-05,0.038427744060754776,0.03825775906443596,-0.0008990408387035178,0.03839516552099748,0.03826153167362948,0.0007215666366939118
21.23000000000052,0.6703276634216309,2.941005151718855,1.936835765838623,-1.18136989929983,0.4733262872447239,0.09171636885357021,0.04409056573315087,-0.04345866873090161,0.00015762830986259778,0.04526972770690918,0.0437580943107605,0.0011590431677177494,0.04513550319544487,0.043664482501002175,0.003089527943423834
21.24000000000052,0.6703276634216309,2.941005151718855,1.936835765838623,-1.18136989929983,0.4733262872447239,0.09171636885357021,0.04409056573315087,-0.04345866873090161,0.00015762830986259778,0.04526972770690918,0.0437580943107605,0.0011590431677177494,0.04513550319544487,0.043664482501002175,0.003089527943423834
21.250000000000522,0.6703276634216309,2.941005151718855,1.936835765838623,-1.18136989929983,0.4733262872447239,0.09171636885357021,0.04409056573315087,-0.04345866873090161,0.00015762830986259778,0.04526972770690918,0.0437580943107605,0.0011590431677177494,0.04513550319544487,0.043664482501002175,0.003089527943423834
21.260000000000524,0.6703276634216309,2.941005151718855,1.936835765838623,-1.18136989929983,0.4733262872447239,0.09171636885357021,0.04409056573315087,-0.04345866873090161,0.00015762830986259778,0.04526972770690918,0.0437580943107605,0.0011590431677177494,0.04513550319544487,0.043664482501002175,0.003089527943423834
21.270000000000525,0.6225316524505615,2.957316741347313,1.936061143875122,-1.191387574119185,0.4436649607890686,0.09053167489446193,0.04568523821876778,-0.04209190115415129,0.00025320668011638044,0.03823333978652954,0.033108189702034,-0.005679524969309573,0.03840861168554077,0.03333302518307734,-0.004165258888208004
21.280000000000527,0.6225316524505615,2.957316741347313,1.936061143875122,-1.191387574119185,0.4436649607890686,0.09053167489446193,0.04568523821876778,-0.04209190115415129,0.00025320668011638044,0.03823333978652954,0.033108189702034,-0.005679524969309573,0.03840861168554077,0.03333302518307734,-0.004165258888208004
21.29000000000053,0.6225316524505615,2.957316741347313,1.936061143875122,-1.191387574119185,0.4436649607890686,0.09053167489446193,0.04568523821876778,-0.04209190115415129,0.00025320668011638044,0.03823333978652954,0.033108189702034,-0.005679524969309573,0.03840861168554077,0.03333302518307734,-0.004165258888208004
21.30000000000053,0.5840899348258972,2.9697032440453768,1.935753583908081,-1.1981151714043505,0.418539039703031,0.09182203444464865,0.046305085948273206,-0.04154327535224303,0.0002472138583602934,0.03895921632647514,0.03520429879426956,-0.002237983746454124,0.03898440726122231,0.035270156695975254,-0.0006065526111953762
21.31000000000053,0.5840899348258972,2.9697032440453768,1.935753583908081,-1.1981151714043505,0.418539039703031,0.09182203444464865,0.046305085948273206,-0.04154327535224303,0.0002472138583602934,0.03895921632647514,0.03520429879426956,-0.002237983746454124,0.03898440726122231,0.035270156695975254,-0.0006065526111953762
21.320000000000533,0.5840899348258972,2.9697032440453768,1.935753583908081,-1.1981151714043505,0.418539039703031,0.09182203444464865,0.046305085948273206,-0.04154327535224303,0.0002472138583602934,0.03895921632647514,0.03520429879426956,-0.002237983746454124,0.03898440726122231,0.035270156695975254,-0.0006065526111953762
21.330000000000535,0.5502781867980957,2.9798287823796272,1.9353400468826294,-1.2053357138677872,0.3972454036888715,0.09137147597591373,0.04769640606923444,-0.040283373510781435,0.00024296506221648857,0.04136017709970474,0.04030996561050415,-0.0009403021540492823,0.041320570056168515,0.0403089548120354,0.0009834766596736701
21.340000000000536,0.5502781867980957,2.9798287823796272,1.9353400468826294,-1.2053357138677872,0.3972454036888715,0.09137147597591373,0.04769640606923444,-0.040283373510781435,0.00024296506221648857,0.04136017709970474,0.04030996561050415,-0.0009403021540492823,0.041320570056168515,0.0403089548120354,0.0009834766596736701
21.350000000000538,0.5502781867980957,2.9798287823796272,1.9353400468826294,-1.2053357138677872,0.3972454036888715,0.09137147597591373,0.04769640606923444,-0.040283373510781435,0.00024296506221648857,0.04136017709970474,0.04030996561050415,-0.0009403021540492823,0.041320570056168515,0.0403089548120354,0.0009834766596736701
21.36000000000054,0.5502781867980957,2.9798287823796272,1.9353400468826294,-1.2053357138677872,0.3972454036888715,0.09137147597591373,0.04769640606923444,-0.040283373510781435,0.00024296506221648857,0.04136017709970474,0.04030996561050415,-0.0009403021540492823,0.041320570056168515,0.0403089548120354,0.0009834766596736701
21.37000000000054,0.5017284154891968,2.9934958685189486,1.9350255727767944,-1.2138574479638138,0.3663363046360593,0.09191209441751998,0.049069927733008945,-0.0386387740040567,0.000249582482982466,0.027441874146461487,0.0393037348985672,-0.0009016672847792554,0.027402161712305143,0.039300652484893846,0.0010280429019863598
21.380000000000543,0.5017284154891968,2.9934958685189486,1.9350255727767944,-1.2138574479638138,0.3663363046360593,0.09191209441751998,0.049069927733008945,-0.0386387740040567,0.000249582482982466,0.027441874146461487,0.0393037348985672,-0.0009016672847792554,0.027402161712305143,0.039300652484893846,0.0010280429019863598
21.390000000000544,0.5017284154891968,2.9934958685189486,1.9350255727767944,-1.2138574479638138,0.3663363046360593,0.09191209441751998,0.049069927733008945,-0.0386387740040567,0.000249582482982466,0.027441874146461487,0.0393037348985672,-0.0009016672847792554,0.027402161712305143,0.039300652484893846,0.0010280429019863598
21.400000000000546,0.46269506216049194,3.003713009878993,1.9350988864898682,-1.2195518021172718,0.3419409353041986,0.09307174485571416,0.049270826327447115,-0.03802984141823565,0.00032867783370404247,0.009086793288588524,0.036977194249629974,0.001252491027116771,0.008969904280716085,0.03687063384317274,0.00307435381677558
21.410000000000547,0.46269506216049194,3.003713009878993,1.9350988864898682,-1.2195518021172718,0.3419409353041986,0.09307174485571416,0.049270826327447115,-0.03802984141823565,0.00032867783370404247,0.009086793288588524,0.036977194249629974,0.001252491027116771,0.008969904280716085,0.03687063384317274,0.00307435381677558
21.42000000000055,0.46269506216049194,3.003713009878993,1.9350988864898682,-1.2195518021172718,0.3419409353041986,0.09307174485571416,0.049270826327447115,-0.03802984141823565,0.00032867783370404247,0.009086793288588524,0.036977194249629974,0.001252491027116771,0.008969904280716085,0.03687063384317274,0.00307435381677558
21.43000000000055,0.4284040629863739,3.011978861875832,1.9350967407226562,-1.2256289001981011,0.3216232327741271,0.09179985478317035,0.05012422569012248,-0.03623456080694035,0.00026788661011843326,0.022250289097428322,0.043490760028362274,-0.005792158655822282,0.02238100291758946,0.04372634345834582,-0.0036082244393012093
21.440000000000552,0.4284040629863739,3.011978861875832,1.9350967407226562,-1.2256289001981011,0.3216232327741271,0.09179985478317035,0.05012422569012248,-0.03623456080694035,0.00026788661011843326,0.022250289097428322,0.043490760028362274,-0.005792158655822282,0.02238100291758946,0.04372634345834582,-0.0036082244393012093
21.450000000000554,0.4284040629863739,3.011978861875832,1.9350967407226562,-1.2256289001981011,0.3216232327741271,0.09179985478317035,0.05012422569012248,-0.03623456080694035,0.00026788661011843326,0.022250289097428322,0.043490760028362274,-0.005792158655822282,0.02238100291758946,0.04372634345834582,-0.0036082244393012093
21.460000000000555,0.4284040629863739,3.011978861875832,1.9350967407226562,-1.2256289001981011,0.3216232327741271,0.09179985478317035,0.05012422569012248,-0.03623456080694035,0.00026788661011843326,0.022250289097428322,0.043490760028362274,-0.005792158655822282,0.02238100291758946,0.04372634345834582,-0.0036082244393012093
21.470000000000557,0.37921902537345886,3.0229351818561554,1.935410499572754,-1.2315628848141578,0.29075582534956423,0.09103912454909636,0.050962868390594995,-0.03428143500879455,0.00039413876300443805,0.02241826243698597,0.047300245612859726,-0.0011721536284312664,0.02237577517048632,0.04729854493355362,0.0012396094150677016
21.480000000000558,0.37921902537345886,3.0229351818561554,1.935410499572754,-1.2315628848141578,0.29075582534956423,0.09103912454909636,0.050962868390594995,-0.03428143500879455,0.00039413876300443805,0.02241826243698597,0.047300245612859726,-0.0011721536284312664,0.02237577517048632,0.04729854493355362,0.0012396094150677016
21.49000000000056,0.37921902537345886,3.0229351818561554,1.935410499572754,-1.2315628848141578,0.29075582534956423,0.09103912454909636,0.050962868390594995,-0.03428143500879455,0.00039413876300443805,0.02241826243698597,0.047300245612859726,-0.0011721536284312664,0.02237577517048632,0.04729854493355362,0.0012396094150677016
21.50000000000056,0.3397398889064789,3.030964642763138,1.9359569549560547,-1.2356584385505855,0.2669607699364852,0.09102803163591289,0.051288610422345816,-0.03350603570512359,0.0003980696194523059,0.0196819044649601,0.048836201429367065,-0.0022861906327307285,0.019674515006768187,0.0488891873084207,0.00022058237723891693
21.510000000000563,0.3397398889064789,3.030964642763138,1.9359569549560547,-1.2356584385505855,0.2669607699364852,0.09102803163591289,0.051288610422345816,-0.03350603570512359,0.0003980696194523059,0.0196819044649601,0.048836201429367065,-0.0022861906327307285,0.019674515006768187,0.0488891873084207,0.00022058237723891693
21.520000000000564,0.3397398889064789,3.030964642763138,1.9359569549560547,-1.2356584385505855,0.2669607699364852,0.09102803163591289,0.051288610422345816,-0.03350603570512359,0.0003980696194523059,0.0196819044649601,0.048836201429367065,-0.0022861906327307285,0.019674515006768187,0.0488891873084207,0.00022058237723891693
21.530000000000566,0.3051275908946991,3.0373069047927856,1.93610417842865,-1.2388424339857151,0.24494241889921853,0.0896779090017811,0.05254407413759947,-0.03139980779239984,0.0004255508782150318,0.033221516758203506,0.045189015567302704,-0.002218660898506647,0.03321656263666613,0.04524317304704656,0.00015780146643261684
21.540000000000568,0.3051275908946991,3.0373069047927856,1.93610417842865,-1.2388424339857151,0.24494241889921853,0.0896779090017811,0.05254407413759947,-0.03139980779239984,0.0004255508782150318,0.033221516758203506,0.045189015567302704,-0.002218660898506647,0.03321656263666613,0.04524317304704656,0.00015780146643261684
21.55000000000057,0.3051275908946991,3.0373069047927856,1.93610417842865,-1.2388424339857151,0.24494241889921853,0.0896779090017811,0.05254407413759947,-0.03139980779239984,0.0004255508782150318,0.033221516758203506,0.045189015567302704,-0.002218660898506647,0.03321656263666613,0.04524317304704656,0.00015780146643261684
21.56000000000057,0.3051275908946991,3.0373069047927856,1.93610417842865,-1.2388424339857151,0.24494241889921853,0.0896779090017811,0.05254407413759947,-0.03139980779239984,0.0004255508782150318,0.033221516758203506,0.045189015567302704,-0.002218660898506647,0.03321656263666613,0.04524317304704656,0.00015780146643261684
21.570000000000572,0.2555447518825531,3.0454318039119244,1.9367576837539673,-1.243119024604754,0.2132745058998478,0.08918484655477193,0.05374383149331298,-0.029455251063365814,0.0003372028396070285,0.03052642196416855,0.04293365031480789,-0.006055506411939865,0.030636629877305997,0.04319694994160989,-0.0037420781372675804
21.580000000000574,0.2555447518825531,3.0454318039119244,1.9367576837539673,-1.243119024604754,0.2132745058998478,0.08918484655477193,0.05374383149331298,-0.029455251063365814,0.0003372028396070285,0.03052642196416855,0.04293365031480789,-0.006055506411939865,0.030636629877305997,0.04319694994160989,-0.0037420781372675804
21.590000000000575,0.2555447518825531,3.0454318039119244,1.9367576837539673,-1.243119024604754,0.2132745058998478,0.08918484655477193,0.05374383149331298,-0.029455251063365814,0.0003372028396070285,0.03052642196416855,0.04293365031480789,-0.006055506411939865,0.030636629877305997,0.04319694994160989,-0.0037420781372675804
21.600000000000577,0.2157796323299408,3.051136899739504,1.937400221824646,-1.2461331516802967,0.18866158187171467,0.0888702942099397,0.05419435021377406,-0.028513131225260956,0.0003836790002043501,0.02269071340560913,0.047687165439128876,0.0012320904061198176,0.022581952195409403,0.04755041365846341,0.003814942240396331
21.61000000000058,0.2157796323299408,3.051136899739504,1.937400221824646,-1.2461331516802967,0.18866158187171467,0.0888702942099397,0.05419435021377406,-0.028513131225260956,0.0003836790002043501,0.02269071340560913,0.047687165439128876,0.0012320904061198176,0.022581952195409403,0.04755041365846341,0.003814942240396331
21.62000000000058,0.2157796323299408,3.051136899739504,1.937400221824646,-1.2461331516802967,0.18866158187171467,0.0888702942099397,0.05419435021377406,-0.028513131225260956,0.0003836790002043501,0.02269071340560913,0.047687165439128876,0.0012320904061198176,0.022581952195409403,0.04755041365846341,0.003814942240396331
21.63000000000058,0.18121157586574554,3.055098708719015,1.937530279159546,-1.2485819398197726,0.16696126242065543,0.08707506696299833,0.05507908879061446,-0.02707118830474566,0.00036549892133440424,0.021621040999889374,0.036973245441913605,-0.00028961242060177484,0.021573756387917396,0.03693312016412498,0.0017468899905221861
21.640000000000583,0.18121157586574554,3.055098708719015,1.937530279159546,-1.2485819398197726,0.16696126242065543,0.08707506696299833,0.05507908879061446,-0.02707118830474566,0.00036549892133440424,0.021621040999889374,0.036973245441913605,-0.00028961242060177484,0.021573756387917396,0.03693312016412498,0.0017468899905221861
21.650000000000585,0.18121157586574554,3.055098708719015,1.937530279159546,-1.2485819398197726,0.16696126242065543,0.08707506696299833,0.05507908879061446,-0.02707118830474566,0.00036549892133440424,0.021621040999889374,0.036973245441913605,-0.00028961242060177484,0.021573756387917396,0.03693312016412498,0.0017468899905221861
21.660000000000586,0.18121157586574554,3.055098708719015,1.937530279159546,-1.2485819398197726,0.16696126242065543,0.08707506696299833,0.05507908879061446,-0.02707118830474566,0.00036549892133440424,0.021621040999889374,0.036973245441913605,-0.00028961242060177484,0.021573756387917396,0.03693312016412498,0.0017468899905221861
21.670000000000588,0.1323445439338684,3.058983538299799,1.9366918802261353,-1.2511165276947727,0.13564988053337423,0.0853290171524333,0.05570636419369641,-0.025420544028274362,0.0004705453473018064,0.01647372916340828,0.04858439415693283,-0.0019791517406702102,0.0164551941354309,0.048619224461651976,0.0007292143056546109
21.68000000000059,0.1323445439338684,3.058983538299799,1.9366918802261353,-1.2511165276947727,0.13564988053337423,0.0853290171524333,0.05570636419369641,-0.025420544028274362,0.0004705453473018064,0.01647372916340828,0.04858439415693283,-0.0019791517406702102,0.0164551941354309,0.048619224461651976,0.0007292143056546109
21.69000000000059,0.1323445439338684,3.058983538299799,1.9366918802261353,-1.2511165276947727,0.13564988053337423,0.0853290171524333,0.05570636419369641,-0.025420544028274362,0.0004705453473018064,0.01647372916340828,0.04858439415693283,-0.0019791517406702102,0.0164551941354309,0.048619224461651976,0.0007292143056546109
21.700000000000593,0.09307302534580231,3.061428476125002,1.9364758729934692,-1.2527565497249415,0.1106837613113003,0.08539712380521763,0.05624019842907883,-0.02427283319265684,0.0005922663739329873,0.024779273197054863,0.045781947672367096,0.003054929664358491,0.02464274741833907,0.04553784422808569,0.00562518535484777
21.710000000000594,0.09307302534580231,3.061428476125002,1.9364758729934692,-1.2527565497249415,0.1106837613113003,0.08539712380521763,0.05624019842907883,-0.02427283319265684,0.0005922663739329873,0.024779273197054863,0.045781947672367096,0.003054929664358491,0.02464274741833907,0.04553784422808569,0.00562518535484777
21.720000000000596,0.09307302534580231,3.061428476125002,1.9364758729934692,-1.2527565497249415,0.1106837613113003,0.08539712380521763,0.05624019842907883,-0.02427283319265684,0.0005922663739329873,0.024779273197054863,0.045781947672367096,0.003054929664358491,0.02464274741833907,0.04553784422808569,0.00562518535484777
21.730000000000597,0.05874773859977722,3.0628532767295837,1.9359937906265259,-1.2528236393909584,0.08899781601328505,0.08478819141475095,0.056955910922294795,-0.022709741329084876,0.0005522058533542127,0.01976819336414337,0.04052717238664627,-0.006704833358526235,0.01986783692403511,0.04084312902864824,-0.004388078396151268
21.7400000000006,0.05874773859977722,3.0628532767295837,1.9359937906265259,-1.2528236393909584,0.08899781601328505,0.08478819141475095,0.056955910922294795,-0.022709741329084876,0.0005522058533542127,0.01976819336414337,0.04052717238664627,-0.006704833358526235,0.01986783692403511,0.04084312902864824,-0.004388078396151268
21.7500000000006,0.05874773859977722,3.0628532767295837,1.9359937906265259,-1.2528236393909584,0.08899781601328505,0.08478819141475095,0.056955910922294795,-0.022709741329084876,0.0005522058533542127,0.01976819336414337,0.04052717238664627,-0.006704833358526235,0.01986783692403511,0.04084312902864824,-0.004388078396151268
21.760000000000602,0.05874773859977722,3.0628532767295837,1.9359937906265259,-1.2528236393909584,0.08899781601328505,0.08478819141475095,0.056955910922294795,-0.022709741329084876,0.0005522058533542127,0.01976819336414337,0.04052717238664627,-0.006704833358526235,0.01986783692403511,0.04084312902864824,-0.004388078396151268
21.770000000000604,0.009545558132231236,3.0641057938337326,1.9358388185501099,-1.2537811230879676,0.05859649611430237,0.0853586478256497,0.05754583867474305,-0.02091854791358822,0.0006200811371474093,0.014701437205076218,0.04431832581758499,-0.0010873520513996536,0.014670821043972434,0.04430750353203709,0.0014636959606233013
21.780000000000605,0.009545558132231236,3.0641057938337326,1.9358388185501099,-1.2537811230879676,0.05859649611430237,0.0853586478256497,0.05754583867474305,-0.02091854791358822,0.0006200811371474093,0.014701437205076218,0.04431832581758499,-0.0010873520513996536,0.014670821043972434,0.04430750353203709,0.0014636959606233013
21.790000000000607,0.009545558132231236,3.0641057938337326,1.9358388185501099,-1.2537811230879676,0.05859649611430237,0.0853586478256497,0.05754583867474305,-0.02091854791358822,0.0006200811371474093,0.014701437205076218,0.04431832581758499,-0.0010873520513996536,0.014670821043972434,0.04430750353203709,0.0014636959606233013
21.80000000000061,-0.029912138357758522,3.06441979855299,1.9359816312789917,-1.2536271109575043,0.03450367426675959,0.08722293494247274,0.05783955873127937,-0.019919147136532343,0.0007224090535272195,0.010823337361216545,0.04125766083598137,0.0014972386416047762,0.01074604623632824,0.04110211673864606,0.003880499288427108
21.81000000000061,-0.029912138357758522,3.06441979855299,1.9359816312789917,-1.2536271109575043,0.03450367426675959,0.08722293494247274,0.05783955873127937,-0.019919147136532343,0.0007224090535272195,0.010823337361216545,0.04125766083598137,0.0014972386416047762,0.01074604623632824,0.04110211673864606,0.003880499288427108
21.82000000000061,-0.029912138357758522,3.06441979855299,1.9359816312789917,-1.2536271109575043,0.03450367426675959,0.08722293494247274,0.05783955873127937,-0.019919147136532343,0.0007224090535272195,0.010823337361216545,0.04125766083598137,0.0014972386416047762,0.01074604623632824,0.04110211673864606,0.003880499288427108
21.830000000000613,-0.06437746435403824,3.064012698829174,1.9360401630401611,-1.2542564136483154,0.013919797951636276,0.08642696575809686,0.05842989368386265,-0.018138599636904378,0.0006549658528914636,0.018051574006676674,0.04126027226448059,-0.004784619435667997,0.01809451264546148,0.04146926569045328,-0.0023673819515517905
21.840000000000614,-0.06437746435403824,3.064012698829174,1.9360401630401611,-1.2542564136483154,0.013919797951636276,0.08642696575809686,0.05842989368386265,-0.018138599636904378,0.0006549658528914636,0.018051574006676674,0.04126027226448059,-0.004784619435667997,0.01809451264546148,0.04146926569045328,-0.0023673819515517905
21.850000000000616,-0.06437746435403824,3.064012698829174,1.9360401630401611,-1.2542564136483154,0.013919797951636276,0.08642696575809686,0.05842989368386265,-0.018138599636904378,0.0006549658528914636,0.018051574006676674,0.04126027226448059,-0.004784619435667997,0.01809451264546148,0.04146926569045328,-0.0023673819515517905
21.860000000000618,-0.06437746435403824,3.064012698829174,1.9360401630401611,-1.2542564136483154,0.013919797951636276,0.08642696575809686,0.05842989368386265,-0.018138599636904378,0.0006549658528914636,0.018051574006676674,0.04126027226448059,-0.004784619435667997,0.01809451264546148,0.04146926569045328,-0.0023673819515517905
21.87000000000062,-0.1137477308511734,3.0626229494810104,1.9364497661590576,-1.2540381232951547,-0.016841367492104443,0.08540888280710582,0.05900286550478875,-0.01643105707194035,0.0006983040795273683,0.013328556902706623,0.044053349643945694,-0.0027204272337257914,0.01333049474690115,0.04413710946973483,-0.00011794319654544671
21.88000000000062,-0.1137477308511734,3.0626229494810104,1.9364497661590576,-1.2540381232951547,-0.016841367492104443,0.08540888280710582,0.05900286550478875,-0.01643105707194035,0.0006983040795273683,0.013328556902706623,0.044053349643945694,-0.0027204272337257914,0.01333049474690115,0.04413710946973483,-0.00011794319654544671
21.890000000000622,-0.1137477308511734,3.0626229494810104,1.9364497661590576,-1.2540381232951547,-0.016841367492104443,0.08540888280710582,0.05900286550478875,-0.01643105707194035,0.0006983040795273683,0.013328556902706623,0.044053349643945694,-0.0027204272337257914,0.01333049474690115,0.04413710946973483,-0.00011794319654544671
21.900000000000624,-0.15328483283519745,3.060779508203268,1.9369038343429565,-1.2526271428644613,-0.040442695484644006,0.08409313420597057,0.05941029614931102,-0.015354657465447421,0.0006437048570850604,0.016594426706433296,0.044674649834632874,-0.005739612504839902,0.01664167536704465,0.04493662309372263,-0.0030772758929646232
21.910000000000625,-0.15328483283519745,3.060779508203268,1.9369038343429565,-1.2526271428644613,-0.040442695484644006,0.08409313420597057,0.05941029614931102,-0.015354657465447421,0.0006437048570850604,0.016594426706433296,0.044674649834632874,-0.005739612504839902,0.01664167536704465,0.04493662309372263,-0.0030772758929646232
21.920000000000627,-0.15328483283519745,3.060779508203268,1.9369038343429565,-1.2526271428644613,-0.040442695484644006,0.08409313420597057,0.05941029614931102,-0.015354657465447421,0.0006437048570850604,0.016594426706433296,0.044674649834632874,-0.005739612504839902,0.01664167536704465,0.04493662309372263,-0.0030772758929646232
21.93000000000063,-0.1877853125333786,3.0585158206522465,1.9371811151504517,-1.2506593557389658,-0.060798112914281534,0.0833991043525969,0.06019617711609658,-0.01359359616320233,0.00066041929030035,0.022094737738370895,0.04957249015569687,-0.005054573994129902,0.022122785044704482,0.049786784647222256,-0.0020633370159293452
21.94000000000063,-0.1877853125333786,3.0585158206522465,1.9371811151504517,-1.2506593557389658,-0.060798112914281534,0.0833991043525969,0.06019617711609658,-0.01359359616320233,0.00066041929030035,0.022094737738370895,0.04957249015569687,-0.005054573994129902,0.022122785044704482,0.049786784647222256,-0.0020633370159293452
21.95000000000063,-0.1877853125333786,3.0585158206522465,1.9371811151504517,-1.2506593557389658,-0.060798112914281534,0.0833991043525969,0.06019617711609658,-0.01359359616320233,0.00066041929030035,0.022094737738370895,0.04957249015569687,-0.005054573994129902,0.022122785044704482,0.049786784647222256,-0.0020633370159293452
21.960000000000633,-0.1877853125333786,3.0585158206522465,1.9371811151504517,-1.2506593557389658,-0.060798112914281534,0.0833991043525969,0.06019617711609658,-0.01359359616320233,0.00066041929030035,0.022094737738370895,0.04957249015569687,-0.005054573994129902,0.022122785044704482,0.049786784647222256,-0.0020633370159293452
21.970000000000635,-0.23706473410129547,3.054450124502182,1.937770128250122,-1.2474979206989099,-0.0905766561643735,0.0816425381015245,0.060935535517707605,-0.011142804459713086,0.0005812395551740475,0.018631769344210625,0.050987496972084045,-0.007304219994694001,0.01867841099099654,0.05133767557859419,-0.004185895225563414
21.980000000000636,-0.23706473410129547,3.054450124502182,1.937770128250122,-1.2474979206989099,-0.0905766561643735,0.0816425381015245,0.060935535517707605,-0.011142804459713086,0.0005812395551740475,0.018631769344210625,0.050987496972084045,-0.007304219994694001,0.01867841099099654,0.05133767557859419,-0.004185895225563414
21.990000000000638,-0.23706473410129547,3.054450124502182,1.937770128250122,-1.2474979206989099,-0.0905766561643735,0.0816425381015245,0.060935535517707605,-0.011142804459713086,0.0005812395551740475,0.018631769344210625,0.050987496972084045,-0.007304219994694001,0.01867841099099654,0.05133767557859419,-0.004185895225563414
22.00000000000064,-0.27645015716552734,3.0504486560821533,1.9383794069290161,-1.2440561249994349,-0.11392745601654224,0.08279885154169733,0.06116310652265519,-0.010413257418945044,0.0006662155247435245,0.013761306181550026,0.04408242180943489,0.0024933244567364402,0.013707330241403873,0.043847588575203024,0.005183480391912498
22.01000000000064,-0.27645015716552734,3.0504486560821533,1.9383794069290161,-1.2440561249994349,-0.11392745601654224,0.08279885154169733,0.06116310652265519,-0.010413257418945044,0.0006662155247435245,0.013761306181550026,0.04408242180943489,0.0024933244567364402,0.013707330241403873,0.043847588575203024,0.005183480391912498
22.020000000000643,-0.27645015716552734,3.0504486560821533,1.9383794069290161,-1.2440561249994349,-0.11392745601654224,0.08279885154169733,0.06116310652265519,-0.010413257418945044,0.0006662155247435245,0.013761306181550026,0.04408242180943489,0.0024933244567364402,0.013707330241403873,0.043847588575203024,0.005183480391912498
22.030000000000644,-0.310209184885025,3.046392973512411,1.9384236335754395,-1.2396753735960169,-0.13430396933753533,0.08172735436204415,0.06198951490758944,-0.008422940109836088,0.0006727731025707927,0.02194162830710411,0.04561512544751167,-0.0031139210332185086,0.02194400440011047,0.04572041774065066,-0.00028210115129540566
22.040000000000646,-0.310209184885025,3.046392973512411,1.9384236335754395,-1.2396753735960169,-0.13430396933753533,0.08172735436204415,0.06198951490758944,-0.008422940109836088,0.0006727731025707927,0.02194162830710411,0.04561512544751167,-0.0031139210332185086,0.02194400440011047,0.04572041774065066,-0.00028210115129540566
22.050000000000647,-0.310209184885025,3.046392973512411,1.9384236335754395,-1.2396753735960169,-0.13430396933753533,0.08172735436204415,0.06198951490758944,-0.008422940109836088,0.0006727731025707927,0.02194162830710411,0.04561512544751167,-0.0031139210332185086,0.02194400440011047,0.04572041774065066,-0.00028210115129540566
22.06000000000065,-0.310209184885025,3.046392973512411,1.9384236335754395,-1.2396753735960169,-0.13430396933753533,0.08172735436204415,0.06198951490758944,-0.008422940109836088,0.0006727731025707927,0.02194162830710411,0.04561512544751167,-0.0031139210332185086,0.02194400440011047,0.04572041774065066,-0.00028210115129540566
22.07000000000065,-0.35708650946617126,3.0398316830396652,1.9378660917282104,-1.234234366669178,-0.16564315225499582,0.07917662693552394,0.06296908751843593,-0.006445723022510005,0.0007547947236946674,0.023239824920892715,0.04703158512711525,-0.0030646342784166392,0.02324046293533417,0.047131223043172334,-9.898328817648182e-05
22.080000000000652,-0.35708650946617126,3.0398316830396652,1.9378660917282104,-1.234234366669178,-0.16564315225499582,0.07917662693552394,0.06296908751843593,-0.006445723022510005,0.0007547947236946674,0.023239824920892715,0.04703158512711525,-0.0030646342784166392,0.02324046293533417,0.047131223043172334,-9.898328817648182e-05
22.090000000000654,-0.35708650946617126,3.0398316830396652,1.9378660917282104,-1.234234366669178,-0.16564315225499582,0.07917662693552394,0.06296908751843593,-0.006445723022510005,0.0007547947236946674,0.023239824920892715,0.04703158512711525,-0.0030646342784166392,0.02324046293533417,0.047131223043172334,-9.898328817648182e-05
22.100000000000655,-0.3947286903858185,3.033765986561775,1.9377403259277344,-1.229597940378056,-0.18833374481243628,0.0795705735167774,0.06328457241443781,-0.0057429491056485696,0.0007480261078665482,0.019931796938180923,0.04245346784591675,-0.002497775247320538,0.019930693812298558,0.042526449629175664,0.00019208457638765497
22.110000000000657,-0.3947286903858185,3.033765986561775,1.9377403259277344,-1.229597940378056,-0.18833374481243628,0.0795705735167774,0.06328457241443781,-0.0057429491056485696,0.0007480261078665482,0.019931796938180923,0.04245346784591675,-0.002497775247320538,0.019930693812298558,0.042526449629175664,0.00019208457638765497
22.12000000000066,-0.3947286903858185,3.033765986561775,1.9377403259277344,-1.229597940378056,-0.18833374481243628,0.0795705735167774,0.06328457241443781,-0.0057429491056485696,0.0007480261078665482,0.019931796938180923,0.04245346784591675,-0.002497775247320538,0.019930693812298558,0.042526449629175664,0.00019208457638765497
22.13000000000066,-0.4274153709411621,3.0278379395604134,1.9375786781311035,-1.2233698569740712,-0.2088991522743036,0.07826199612139906,0.06381601050726911,-0.004031795752072561,0.0006241842048164271,0.008806129917502403,0.028598841279745102,-0.003314627101644877,0.00881211335479243,0.028752009624221583,-0.0014840666215512085
22.14000000000066,-0.4274153709411621,3.0278379395604134,1.9375786781311035,-1.2233698569740712,-0.2088991522743036,0.07826199612139906,0.06381601050726911,-0.004031795752072561,0.0006241842048164271,0.008806129917502403,0.028598841279745102,-0.003314627101644877,0.00881211335479243,0.028752009624221583,-0.0014840666215512085
22.150000000000663,-0.4274153709411621,3.0278379395604134,1.9375786781311035,-1.2233698569740712,-0.2088991522743036,0.07826199612139906,0.06381601050726911,-0.004031795752072561,0.0006241842048164271,0.008806129917502403,0.028598841279745102,-0.003314627101644877,0.00881211335479243,0.028752009624221583,-0.0014840666215512085
22.160000000000664,-0.4274153709411621,3.0278379395604134,1.9375786781311035,-1.2233698569740712,-0.2088991522743036,0.07826199612139906,0.06381601050726911,-0.004031795752072561,0.0006241842048164271,0.008806129917502403,0.028598841279745102,-0.003314627101644877,0.00881211335479243,0.028752009624221583,-0.0014840666215512085
22.170000000000666,-0.47418710589408875,3.018452774733305,1.9377144575119019,-1.2163453443855068,-0.23741747675761782,0.07920725205986096,0.06426026943008076,-0.002716956787601949,0.000617058854504341,0.012918341904878616,0.03236322104930878,-0.00014212843962014117,0.012913080768063826,0.032305550912398784,0.0019364103660491024
22.180000000000668,-0.47418710589408875,3.018452774733305,1.9377144575119019,-1.2163453443855068,-0.23741747675761782,0.07920725205986096,0.06426026943008076,-0.002716956787601949,0.000617058854504341,0.012918341904878616,0.03236322104930878,-0.00014212843962014117,0.012913080768063826,0.032305550912398784,0.0019364103660491024
22.19000000000067,-0.47418710589408875,3.018452774733305,1.9377144575119019,-1.2163453443855068,-0.23741747675761782,0.07920725205986096,0.06426026943008076,-0.002716956787601949,0.000617058854504341,0.012918341904878616,0.03236322104930878,-0.00014212843962014117,0.012913080768063826,0.032305550912398784,0.0019364103660491024
22.20000000000067,-0.5116261839866638,3.0101695051416755,1.9381827116012573,-1.2110196734549403,-0.26008325259517606,0.0816053619042552,0.06445852900375208,-0.002154080562141798,0.0005577697873880484,0.011441417038440704,0.026852816343307495,-0.00447370391339064,0.011447307851635006,0.02708521897077828,-0.0027347249000148704
22.210000000000672,-0.5116261839866638,3.0101695051416755,1.9381827116012573,-1.2110196734549403,-0.26008325259517606,0.0816053619042552,0.06445852900375208,-0.002154080562141798,0.0005577697873880484,0.011441417038440704,0.026852816343307495,-0.00447370391339064,0.011447307851635006,0.02708521897077828,-0.0027347249000148704
22.220000000000674,-0.5116261839866638,3.0101695051416755,1.9381827116012573,-1.2110196734549403,-0.26008325259517606,0.0816053619042552,0.06445852900375208,-0.002154080562141798,0.0005577697873880484,0.011441417038440704,0.026852816343307495,-0.00447370391339064,0.011447307851635006,0.02708521897077828,-0.0027347249000148704
22.230000000000675,-0.5441758632659912,3.0023191068321466,1.9383288621902466,-1.2062642820848646,-0.27993241904139915,0.08210428281202363,0.06505191697485888,-0.0010175638243001264,0.000440113342673282,0.017734263092279434,0.02597055770456791,-0.005936081521213058,0.017738572764194185,0.026301507790356865,-0.004235284859351006
22.240000000000677,-0.5441758632659912,3.0023191068321466,1.9383288621902466,-1.2062642820848646,-0.27993241904139915,0.08210428281202363,0.06505191697485888,-0.0010175638243001264,0.000440113342673282,0.017734263092279434,0.02597055770456791,-0.005936081521213058,0.017738572764194185,0.026301507790356865,-0.004235284859351006
22.25000000000068,-0.5441758632659912,3.0023191068321466,1.9383288621902466,-1.2062642820848646,-0.27993241904139915,0.08210428281202363,0.06505191697485888,-0.0010175638243001264,0.000440113342673282,0.017734263092279434,0.02597055770456791,-0.005936081521213058,0.017738572764194185,0.026301507790356865,-0.004235284859351006
22.26000000000068,-0.5441758632659912,3.0023191068321466,1.9383288621902466,-1.2062642820848646,-0.27993241904139915,0.08210428281202363,0.06505191697485888,-0.0010175638243001264,0.000440113342673282,0.017734263092279434,0.02597055770456791,-0.005936081521213058,0.017738572764194185,0.026301507790356865,-0.004235284859351006
22.27000000000068,-0.590701162815094,2.990156326442957,1.9389058351516724,-1.1991183354457466,-0.30886888736204854,0.08312381583779206,0.06585286238497931,0.0004229887477691759,0.0004725702938829998,0.01994434744119644,0.0335870236158371,-0.001715170335955922,0.01994455840714223,0.033627090453879016,0.000498750742643352
22.280000000000683,-0.590701162815094,2.990156326442957,1.9389058351516724,-1.1991183354457466,-0.30886888736204854,0.08312381583779206,0.06585286238497931,0.0004229887477691759,0.0004725702938829998,0.01994434744119644,0.0335870236158371,-0.001715170335955922,0.01994455840714223,0.033627090453879016,0.000498750742643352
22.290000000000685,-0.590701162815094,2.990156326442957,1.9389058351516724,-1.1991183354457466,-0.30886888736204854,0.08312381583779206,0.06585286238497931,0.0004229887477691759,0.0004725702938829998,0.01994434744119644,0.0335870236158371,-0.001715170335955922,0.01994455840714223,0.033627090453879016,0.000498750742643352
22.300000000000686,-0.627876341342926,2.9796253722161055,1.939507007598877,-1.192861269573684,-0.3318871231168221,0.08323341083977194,0.06609506498035854,0.0010869796963295475,0.0005367445659023688,0.013804045505821705,0.040808629244565964,0.002103655599057669,0.013809256866681099,0.040580584225316484,0.004794350716225059
22.310000000000688,-0.627876341342926,2.9796253722161055,1.939507007598877,-1.192861269573684,-0.3318871231168221,0.08323341083977194,0.06609506498035854,0.0010869796963295475,0.0005367445659023688,0.013804045505821705,0.040808629244565964,0.002103655599057669,0.013809256866681099,0.040580584225316484,0.004794350716225059
22.32000000000069,-0.627876341342926,2.9796253722161055,1.939507007598877,-1.192861269573684,-0.3318871231168221,0.08323341083977194,0.06609506498035854,0.0010869796963295475,0.0005367445659023688,0.013804045505821705,0.040808629244565964,0.002103655599057669,0.013809256866681099,0.040580584225316484,0.004794350716225059
22.33000000000069,-0.6601794362068176,2.9698055125772953,1.93992018699646,-1.1873872042387392,-0.3518051179252716,0.08097176395140437,0.0667914958679559,0.0030064329249262626,0.0005748566148713329,0.00819034967571497,0.05229320377111435,-0.0036268150433898037,0.008189963097538102,0.05241866475165001,-0.00012858386296217542
22.340000000000693,-0.6601794362068176,2.9698055125772953,1.93992018699646,-1.1873872042387392,-0.3518051179252716,0.08097176395140437,0.0667914958679559,0.0030064329249262626,0.0005748566148713329,0.00819034967571497,0.05229320377111435,-0.0036268150433898037,0.008189963097538102,0.05241866475165001,-0.00012858386296217542
22.350000000000694,-0.6601794362068176,2.9698055125772953,1.93992018699646,-1.1873872042387392,-0.3518051179252716,0.08097176395140437,0.0667914958679559,0.0030064329249262626,0.0005748566148713329,0.00819034967571497,0.05229320377111435,-0.0036268150433898037,0.008189963097538102,0.05241866475165001,-0.00012858386296217542
22.360000000000696,-0.6601794362068176,2.9698055125772953,1.93992018699646,-1.1873872042387392,-0.3518051179252716,0.08097176395140437,0.0667914958679559,0.0030064329249262626,0.0005748566148713329,0.00819034967571497,0.05229320377111435,-0.0036268150433898037,0.008189963097538102,0.05241866475165001,-0.00012858386296217542
22.370000000000697,-0.7062243819236755,2.9548505023121834,1.940712809562683,-1.1779426375916353,-0.3801565246526758,0.07925266249451271,0.06739759379536782,0.005638891063125699,0.0006166977112110313,0.013626092113554478,0.06193247810006142,-0.0050189290195703585,0.013621374603208359,0.06212987689683547,-0.0008366069310293107
22.3800000000007,-0.7062243819236755,2.9548505023121834,1.940712809562683,-1.1779426375916353,-0.3801565246526758,0.07925266249451271,0.06739759379536782,0.005638891063125699,0.0006166977112110313,0.013626092113554478,0.06193247810006142,-0.0050189290195703585,0.013621374603208359,0.06212987689683547,-0.0008366069310293107
22.3900000000007,-0.7062243819236755,2.9548505023121834,1.940712809562683,-1.1779426375916353,-0.3801565246526758,0.07925266249451271,0.06739759379536782,0.005638891063125699,0.0006166977112110313,0.013626092113554478,0.06193247810006142,-0.0050189290195703585,0.013621374603208359,0.06212987689683547,-0.0008366069310293107
22.400000000000702,-0.7429154515266418,2.9420747607946396,1.9415401220321655,-1.1698422253615892,-0.40311191147802516,0.07945411238595187,0.06754362176116231,0.00656144818363191,0.0006253390305000307,0.010105596855282784,0.05853144824504852,-0.004769119434058673,0.010100296282589172,0.05871986336753553,-0.0008078415891375677
22.410000000000704,-0.7429154515266418,2.9420747607946396,1.9415401220321655,-1.1698422253615892,-0.40311191147802516,0.07945411238595187,0.06754362176116231,0.00656144818363191,0.0006253390305000307,0.010105596855282784,0.05853144824504852,-0.004769119434058673,0.010100296282589172,0.05871986336753553,-0.0008078415891375677
22.420000000000705,-0.7429154515266418,2.9420747607946396,1.9415401220321655,-1.1698422253615892,-0.40311191147802516,0.07945411238595187,0.06754362176116231,0.00656144818363191,0.0006253390305000307,0.010105596855282784,0.05853144824504852,-0.004769119434058673,0.010100296282589172,0.05871986336753553,-0.0008078415891375677
22.430000000000707,-0.7742717266082764,2.9302470982074738,1.942214012145996,-1.1632624600870105,-0.42322709028598277,0.07737825453422026,0.0676214883778135,0.009178190970794165,0.0006582716101297326,-0.002058071084320545,0.057786572724580765,-0.004830908495932824,-0.002066471484534811,0.05798092804085961,-0.0009152694885779168
22.44000000000071,-0.7742717266082764,2.9302470982074738,1.942214012145996,-1.1632624600870105,-0.42322709028598277,0.07737825453422026,0.0676214883778135,0.009178190970794165,0.0006582716101297326,-0.002058071084320545,0.057786572724580765,-0.004830908495932824,-0.002066471484534811,0.05798092804085961,-0.0009152694885779168
22.45000000000071,-0.7742717266082764,2.9302470982074738,1.942214012145996,-1.1632624600870105,-0.42322709028598277,0.07737825453422026,0.0676214883778135,0.009178190970794165,0.0006582716101297326,-0.002058071084320545,0.057786572724580765,-0.004830908495932824,-0.002066471484534811,0.05798092804085961,-0.0009152694885779168
22.46000000000071,-0.7742717266082764,2.9302470982074738,1.942214012145996,-1.1632624600870105,-0.42322709028598277,0.07737825453422026,0.0676214883778135,0.009178190970794165,0.0006582716101297326,-0.002058071084320545,0.057786572724580765,-0.004830908495932824,-0.002066471484534811,0.05798092804085961,-0.0009152694885779168
22.470000000000713,-0.8177661299705505,2.912298761308193,1.9434173107147217,-1.1531492181767036,-0.45032269378527856,0.07582113210989777,0.06799246715208669,0.011463037734576657,0.0006388375117744018,0.0076197050511837006,0.05619394779205322,-0.004807554185390479,0.007608486556913657,0.0563907318708501,-0.0009786882169377036
22.480000000000715,-0.8177661299705505,2.912298761308193,1.9434173107147217,-1.1531492181767036,-0.45032269378527856,0.07582113210989777,0.06799246715208669,0.011463037734576657,0.0006388375117744018,0.0076197050511837006,0.05619394779205322,-0.004807554185390479,0.007608486556913657,0.0563907318708501,-0.0009786882169377036
22.490000000000716,-0.8177661299705505,2.912298761308193,1.9434173107147217,-1.1531492181767036,-0.45032269378527856,0.07582113210989777,0.06799246715208669,0.011463037734576657,0.0006388375117744018,0.0076197050511837006,0.05619394779205322,-0.004807554185390479,0.007608486556913657,0.0563907318708501,-0.0009786882169377036
22.500000000000718,-0.8525945544242859,2.897204488515854,1.944411277770996,-1.1440114527736707,-0.47200338555628313,0.07458318584932498,0.06792901465226928,0.012297940824489817,0.0006320930279498169,-0.005539518781006336,0.05360681191086769,-0.005440257955342538,-0.005561521559247916,0.05385244635964061,-0.0017891883836240819
22.51000000000072,-0.8525945544242859,2.897204488515854,1.944411277770996,-1.1440114527736707,-0.47200338555628313,0.07458318584932498,0.06792901465226928,0.012297940824489817,0.0006320930279498169,-0.005539518781006336,0.05360681191086769,-0.005440257955342538,-0.005561521559247916,0.05385244635964061,-0.0017891883836240819
22.52000000000072,-0.8525945544242859,2.897204488515854,1.944411277770996,-1.1440114527736707,-0.47200338555628313,0.07458318584932498,0.06792901465226928,0.012297940824489817,0.0006320930279498169,-0.005539518781006336,0.05360681191086769,-0.005440257955342538,-0.005561521559247916,0.05385244635964061,-0.0017891883836240819
22.530000000000722,-0.8827206492424011,2.883418522775173,1.9451688528060913,-1.1352372142294835,-0.49198717483833854,0.0710264053805093,0.06774109364759796,0.014877873587855292,0.0005344034329238087,-0.004669523332268,0.06018171086907387,-0.009779151529073722,-0.004754081492224217,0.06070562495640276,-0.0056836939126217725
22.540000000000724,-0.8827206492424011,2.883418522775173,1.9451688528060913,-1.1352372142294835,-0.49198717483833854,0.0710264053805093,0.06774109364759796,0.014877873587855292,0.0005344034329238087,-0.004669523332268,0.06018171086907387,-0.009779151529073722,-0.004754081492224217,0.06070562495640276,-0.0056836939126217725
22.550000000000725,-0.8827206492424011,2.883418522775173,1.9451688528060913,-1.1352372142294835,-0.49198717483833854,0.0710264053805093,0.06774109364759796,0.014877873587855292,0.0005344034329238087,-0.004669523332268,0.06018171086907387,-0.009779151529073722,-0.004754081492224217,0.06070562495640276,-0.0056836939126217725
22.560000000000727,-0.8827206492424011,2.883418522775173,1.9451688528060913,-1.1352372142294835,-0.49198717483833854,0.0710264053805093,0.06774109364759796,0.014877873587855292,0.0005344034329238087,-0.004669523332268,0.06018171086907387,-0.009779151529073722,-0.004754081492224217,0.06070562495640276,-0.0056836939126217725
22.57000000000073,-0.9256923794746399,2.862806499004364,1.9464075565338135,-1.1220336281781957,-0.5198539630641441,0.07062267658383406,0.06788224165113031,0.01719323196310205,0.000618546416752588,0.0024240275379270315,0.057720307260751724,-0.0034912964329123566,0.002431454367025647,0.05782418582519057,0.00043198364514778316
22.58000000000073,-0.9256923794746399,2.862806499004364,1.9464075565338135,-1.1220336281781957,-0.5198539630641441,0.07062267658383406,0.06788224165113031,0.01719323196310205,0.000618546416752588,0.0024240275379270315,0.057720307260751724,-0.0034912964329123566,0.002431454367025647,0.05782418582519057,0.00043198364514778316
22.59000000000073,-0.9256923794746399,2.862806499004364,1.9464075565338135,-1.1220336281781957,-0.5198539630641441,0.07062267658383406,0.06788224165113031,0.01719323196310205,0.000618546416752588,0.0024240275379270315,0.057720307260751724,-0.0034912964329123566,0.002431454367025647,0.05782418582519057,0.00043198364514778316
22.600000000000733,-0.9599249958992004,2.845560774207115,1.9475044012069702,-1.1110364439281009,-0.5413352386725422,0.07052886549567147,0.06777361780589018,0.018431012367154054,0.0006670822288146224,-0.004463437478989363,0.04912932962179184,0.0009636953473091066,-0.004384385160098175,0.04895127769989229,0.00428933545275344
22.610000000000735,-0.9599249958992004,2.845560774207115,1.9475044012069702,-1.1110364439281009,-0.5413352386725422,0.07052886549567147,0.06777361780589018,0.018431012367154054,0.0006670822288146224,-0.004463437478989363,0.04912932962179184,0.0009636953473091066,-0.004384385160098175,0.04895127769989229,0.00428933545275344
22.620000000000736,-0.9599249958992004,2.845560774207115,1.9475044012069702,-1.1110364439281009,-0.5413352386725422,0.07052886549567147,0.06777361780589018,0.018431012367154054,0.0006670822288146224,-0.004463437478989363,0.04912932962179184,0.0009636953473091066,-0.004384385160098175,0.04895127769989229,0.00428933545275344
22.630000000000738,-0.9895123243331909,2.8299124240875244,1.9484163522720337,-1.1009765171038253,-0.5600836117499395,0.06856963554398779,0.06738485750037804,0.020383472486033487,0.0006718701744452229,-0.006005416624248028,0.045910440385341644,-0.006742492783814674,-0.0060795384019389,0.0462602447692294,-0.0036366183804070243
22.64000000000074,-0.9895123243331909,2.8299124240875244,1.9484163522720337,-1.1009765171038253,-0.5600836117499395,0.06856963554398779,0.06738485750037804,0.020383472486033487,0.0006718701744452229,-0.006005416624248028,0.045910440385341644,-0.006742492783814674,-0.0060795384019389,0.0462602447692294,-0.0036366183804070243
22.65000000000074,-0.9895123243331909,2.8299124240875244,1.9484163522720337,-1.1009765171038253,-0.5600836117499395,0.06856963554398779,0.06738485750037804,0.020383472486033487,0.0006718701744452229,-0.006005416624248028,0.045910440385341644,-0.006742492783814674,-0.0060795384019389,0.0462602447692294,-0.0036366183804070243
22.660000000000743,-0.9895123243331909,2.8299124240875244,1.9484163522720337,-1.1009765171038253,-0.5600836117499395,0.06856963554398779,0.06738485750037804,0.020383472486033487,0.0006718701744452229,-0.006005416624248028,0.045910440385341644,-0.006742492783814674,-0.0060795384019389,0.0462602447692294,-0.0036366183804070243
22.670000000000744,-1.0315847396850586,2.80668106675148,1.9496822357177734,-1.0867908717208203,-0.5862638430753124,0.0674244805301306,0.0670532564166441,0.022467471573074382,0.0007159540907225778,-0.006411513313651085,0.04567433148622513,-0.006698619574308401,-0.006492932236756691,0.04602051862349567,-0.0036241627419877054
22.680000000000746,-1.0315847396850586,2.80668106675148,1.9496822357177734,-1.0867908717208203,-0.5862638430753124,0.0674244805301306,0.0670532564166441,0.022467471573074382,0.0007159540907225778,-0.006411513313651085,0.04567433148622513,-0.006698619574308401,-0.006492932236756691,0.04602051862349567,-0.0036241627419877054
22.690000000000747,-1.0315847396850586,2.80668106675148,1.9496822357177734,-1.0867908717208203,-0.5862638430753124,0.0674244805301306,0.0670532564166441,0.022467471573074382,0.0007159540907225778,-0.006411513313651085,0.04567433148622513,-0.006698619574308401,-0.006492932236756691,0.04602051862349567,-0.0036241627419877054
22.70000000000075,-1.0650291442871094,2.7873813062906265,1.9507806301116943,-1.075407504167884,-0.606258168326375,0.06707501105557154,0.06677718983472075,0.023441075671457305,0.0007162732910397017,-0.01228283904492855,0.04807906225323677,-0.003377806395292288,-0.01228663904593901,0.04819729799073915,-0.0001621234918003283
22.71000000000075,-1.0650291442871094,2.7873813062906265,1.9507806301116943,-1.075407504167884,-0.606258168326375,0.06707501105557154,0.06677718983472075,0.023441075671457305,0.0007162732910397017,-0.01228283904492855,0.04807906225323677,-0.003377806395292288,-0.01228663904593901,0.04819729799073915,-0.0001621234918003283
22.720000000000752,-1.0650291442871094,2.7873813062906265,1.9507806301116943,-1.075407504167884,-0.606258168326375,0.06707501105557154,0.06677718983472075,0.023441075671457305,0.0007162732910397017,-0.01228283904492855,0.04807906225323677,-0.003377806395292288,-0.01228663904593901,0.04819729799073915,-0.0001621234918003283
22.730000000000754,-1.093906283378601,2.769966647028923,1.9514576196670532,-1.0644176345675664,-0.6244765636404215,0.06556405675963776,0.06625545945879116,0.025308217348904656,0.000775073571738496,-0.012243760749697685,0.05452507734298706,-0.0013646777952089973,-0.012186849196737548,0.054495795624811286,0.002248978187336867
22.740000000000755,-1.093906283378601,2.769966647028923,1.9514576196670532,-1.0644176345675664,-0.6244765636404215,0.06556405675963776,0.06625545945879116,0.025308217348904656,0.000775073571738496,-0.012243760749697685,0.05452507734298706,-0.0013646777952089973,-0.012186849196737548,0.054495795624811286,0.002248978187336867
22.750000000000757,-1.093906283378601,2.769966647028923,1.9514576196670532,-1.0644176345675664,-0.6244765636404215,0.06556405675963776,0.06625545945879116,0.025308217348904656,0.000775073571738496,-0.012243760749697685,0.05452507734298706,-0.0013646777952089973,-0.012186849196737548,0.054495795624811286,0.002248978187336867
22.76000000000076,-1.093906283378601,2.769966647028923,1.9514576196670532,-1.0644176345675664,-0.6244765636404215,0.06556405675963776,0.06625545945879116,0.025308217348904656,0.000775073571738496,-0.012243760749697685,0.05452507734298706,-0.0013646777952089973,-0.012186849196737548,0.054495795624811286,0.002248978187336867
22.77000000000076,-1.1348447799682617,2.7442478835582733,1.9525648355484009,-1.0482281336083477,-0.6490446552650863,0.0629593888382953,0.0656266277676746,0.027677063511220568,0.0008071749050777285,-0.014331048354506493,0.044412389397621155,-0.0035858377814292964,-0.014349474222977835,0.04455194243164144,-0.0006658300691571774
22.78000000000076,-1.1348447799682617,2.7442478835582733,1.9525648355484009,-1.0482281336083477,-0.6490446552650863,0.0629593888382953,0.0656266277676746,0.027677063511220568,0.0008071749050777285,-0.014331048354506493,0.044412389397621155,-0.0035858377814292964,-0.014349474222977835,0.04455194243164144,-0.0006658300691571774
22.790000000000763,-1.1348447799682617,2.7442478835582733,1.9525648355484009,-1.0482281336083477,-0.6490446552650863,0.0629593888382953,0.0656266277676746,0.027677063511220568,0.0008071749050777285,-0.014331048354506493,0.044412389397621155,-0.0035858377814292964,-0.014349474222977835,0.04455194243164144,-0.0006658300691571774
22.800000000000765,-1.1672933101654053,2.7229954302310944,1.9534913301467896,-1.0358285826537024,-0.6682952596570357,0.06274976287945641,0.06556616648408375,0.0287747748295012,0.0007929152227040655,-0.0019587851129472256,0.05572541803121567,-0.00543865421786905,-0.002009899867902384,0.055962017586825556,-0.0017766189195440414
22.810000000000766,-1.1672933101654053,2.7229954302310944,1.9534913301467896,-1.0358285826537024,-0.6682952596570357,0.06274976287945641,0.06556616648408375,0.0287747748295012,0.0007929152227040655,-0.0019587851129472256,0.05572541803121567,-0.00543865421786905,-0.002009899867902384,0.055962017586825556,-0.0017766189195440414
22.820000000000768,-1.1672933101654053,2.7229954302310944,1.9534913301467896,-1.0358285826537024,-0.6682952596570357,0.06274976287945641,0.06556616648408375,0.0287747748295012,0.0007929152227040655,-0.0019587851129472256,0.05572541803121567,-0.00543865421786905,-0.002009899867902384,0.055962017586825556,-0.0017766189195440414
22.83000000000077,-1.1945559978485107,2.7040012180805206,1.9542694091796875,-1.023753651488904,-0.6848751880342062,0.0618010448448726,0.06516288702976025,0.03080376122218828,0.0008341034781548641,-0.01676337979733944,0.05095209926366806,-0.004890192765742546,-0.016811509799485785,0.0511623946990209,-0.0015627187269337203
22.84000000000077,-1.1945559978485107,2.7040012180805206,1.9542694091796875,-1.023753651488904,-0.6848751880342062,0.0618010448448726,0.06516288702976025,0.03080376122218828,0.0008341034781548641,-0.01676337979733944,0.05095209926366806,-0.004890192765742546,-0.016811509799485785,0.0511623946990209,-0.0015627187269337203
22.850000000000772,-1.1945559978485107,2.7040012180805206,1.9542694091796875,-1.023753651488904,-0.6848751880342062,0.0618010448448726,0.06516288702976025,0.03080376122218828,0.0008341034781548641,-0.01676337979733944,0.05095209926366806,-0.004890192765742546,-0.016811509799485785,0.0511623946990209,-0.0015627187269337203
22.860000000000774,-1.1945559978485107,2.7040012180805206,1.9542694091796875,-1.023753651488904,-0.6848751880342062,0.0618010448448726,0.06516288702976025,0.03080376122218828,0.0008341034781548641,-0.01676337979733944,0.05095209926366806,-0.004890192765742546,-0.016811509799485785,0.0511623946990209,-0.0015627187269337203
22.870000000000775,-1.231361985206604,2.6763346195220947,1.9552972316741943,-1.0042126331546632,-0.7068464273309736,0.05994772458498249,0.06454025241455794,0.03289678013494793,0.0008432462711671095,-0.012887726537883282,0.058214221149683,-0.005382111296057708,-0.012940918538198959,0.05844014090410773,-0.0016172280495602392
22.880000000000777,-1.231361985206604,2.6763346195220947,1.9552972316741943,-1.0042126331546632,-0.7068464273309736,0.05994772458498249,0.06454025241455794,0.03289678013494793,0.0008432462711671095,-0.012887726537883282,0.058214221149683,-0.005382111296057708,-0.012940918538198959,0.05844014090410773,-0.0016172280495602392
22.89000000000078,-1.231361985206604,2.6763346195220947,1.9552972316741943,-1.0042126331546632,-0.7068464273309736,0.05994772458498249,0.06454025241455794,0.03289678013494793,0.0008432462711671095,-0.012887726537883282,0.058214221149683,-0.005382111296057708,-0.012940918538198959,0.05844014090410773,-0.0016172280495602392
22.90000000000078,-1.2607007026672363,2.653526544570923,1.956190824508667,-0.9891723103526187,-0.7253107086835239,0.059412107301948486,0.06423404514456856,0.03422430258659127,0.0009011935912565914,-0.00988095160573721,0.051285162568092346,-0.0003360736882314149,-0.009779724234721076,0.05120096985954672,0.0029583403424916074
22.91000000000078,-1.2607007026672363,2.653526544570923,1.956190824508667,-0.9891723103526187,-0.7253107086835239,0.059412107301948486,0.06423404514456856,0.03422430258659127,0.0009011935912565914,-0.00988095160573721,0.051285162568092346,-0.0003360736882314149,-0.009779724234721076,0.05120096985954672,0.0029583403424916074
22.920000000000783,-1.2607007026672363,2.653526544570923,1.956190824508667,-0.9891723103526187,-0.7253107086835239,0.059412107301948486,0.06423404514456856,0.03422430258659127,0.0009011935912565914,-0.00988095160573721,0.051285162568092346,-0.0003360736882314149,-0.009779724234721076,0.05120096985954672,0.0029583403424916074
22.930000000000785,-1.2858710289001465,2.633109986782074,1.956881046295166,-0.976102917310288,-0.7408567723270499,0.056892404778297385,0.0641035682734698,0.03622238652402813,0.0010409793768196643,-0.0005046545993536711,0.04652595520019531,-0.0013542211381718573,-0.00044562258878751745,0.046517145098623904,0.0016300671254563667
22.940000000000786,-1.2858710289001465,2.633109986782074,1.956881046295166,-0.976102917310288,-0.7408567723270499,0.056892404778297385,0.0641035682734698,0.03622238652402813,0.0010409793768196643,-0.0005046545993536711,0.04652595520019531,-0.0013542211381718573,-0.00044562258878751745,0.046517145098623904,0.0016300671254563667
22.950000000000788,-1.2858710289001465,2.633109986782074,1.956881046295166,-0.976102917310288,-0.7408567723270499,0.056892404778297385,0.0641035682734698,0.03622238652402813,0.0010409793768196643,-0.0005046545993536711,0.04652595520019531,-0.0013542211381718573,-0.00044562258878751745,0.046517145098623904,0.0016300671254563667
22.96000000000079,-1.2858710289001465,2.633109986782074,1.956881046295166,-0.976102917310288,-0.7408567723270499,0.056892404778297385,0.0641035682734698,0.03622238652402813,0.0010409793768196643,-0.0005046545993536711,0.04652595520019531,-0.0013542211381718573,-0.00044562258878751745,0.046517145098623904,0.0016300671254563667
22.97000000000079,-1.321678876876831,2.603134661912918,1.9578986167907715,-0.9562050650606947,-0.7637602596068013,0.056945632700545826,0.06384326954641893,0.03800994000259427,0.0008412311407443414,-0.005609210580587387,0.039892733097076416,-0.01253957580775023,-0.005988309559142,0.04061148383667971,-0.009976081997033445
22.980000000000793,-1.321678876876831,2.603134661912918,1.9578986167907715,-0.9562050650606947,-0.7637602596068013,0.056945632700545826,0.06384326954641893,0.03800994000259427,0.0008412311407443414,-0.005609210580587387,0.039892733097076416,-0.01253957580775023,-0.005988309559142,0.04061148383667971,-0.009976081997033445
22.990000000000794,-1.321678876876831,2.603134661912918,1.9578986167907715,-0.9562050650606947,-0.7637602596068013,0.056945632700545826,0.06384326954641893,0.03800994000259427,0.0008412311407443414,-0.005609210580587387,0.039892733097076416,-0.01253957580775023,-0.005988309559142,0.04061148383667971,-0.009976081997033445
23.000000000000796,-1.3501064777374268,2.578476458787918,1.958625316619873,-0.9408246856124596,-0.7822152801428348,0.05583896462195733,0.0636778398189912,0.038700410773672346,0.0008316547474129345,-0.006659505423158407,0.03553121164441109,-0.0005785054527223154,-0.0065943134140564645,0.035496011896138505,0.0016849507250980057
23.010000000000797,-1.3501064777374268,2.578476458787918,1.958625316619873,-0.9408246856124596,-0.7822152801428348,0.05583896462195733,0.0636778398189912,0.038700410773672346,0.0008316547474129345,-0.006659505423158407,0.03553121164441109,-0.0005785054527223154,-0.0065943134140564645,0.035496011896138505,0.0016849507250980057
23.0200000000008,-1.3501064777374268,2.578476458787918,1.958625316619873,-0.9408246856124596,-0.7822152801428348,0.05583896462195733,0.0636778398189912,0.038700410773672346,0.0008316547474129345,-0.006659505423158407,0.03553121164441109,-0.0005785054527223154,-0.0065943134140564645,0.035496011896138505,0.0016849507250980057
23.0300000000008,-1.3744854927062988,2.556458353996277,1.959214687347412,-0.9272138798992333,-0.7964883075462541,0.055363339204095086,0.06331057125157723,0.03991743623979428,0.0008476540100100787,-0.015330816619098186,0.03828193619847298,-0.00041441101348028053,-0.015250601766324362,0.038231459523355354,0.0020100529168895257
23.040000000000802,-1.3744854927062988,2.556458353996277,1.959214687347412,-0.9272138798992333,-0.7964883075462541,0.055363339204095086,0.06331057125157723,0.03991743623979428,0.0008476540100100787,-0.015330816619098186,0.03828193619847298,-0.00041441101348028053,-0.015250601766324362,0.038231459523355354,0.0020100529168895257
23.050000000000804,-1.3744854927062988,2.556458353996277,1.959214687347412,-0.9272138798992333,-0.7964883075462541,0.055363339204095086,0.06331057125157723,0.03991743623979428,0.0008476540100100787,-0.015330816619098186,0.03828193619847298,-0.00041441101348028053,-0.015250601766324362,0.038231459523355354,0.0020100529168895257
23.060000000000805,-1.3744854927062988,2.556458353996277,1.959214687347412,-0.9272138798992333,-0.7964883075462541,0.055363339204095086,0.06331057125157723,0.03991743623979428,0.0008476540100100787,-0.015330816619098186,0.03828193619847298,-0.00041441101348028053,-0.015250601766324362,0.038231459523355354,0.0020100529168895257
23.070000000000807,-1.4090169668197632,2.5242589712142944,1.9601951837539673,-0.9060544698931761,-0.8184046545020549,0.05410655755749821,0.062455956091917855,0.041843086887745976,0.0007868308978328147,-0.02127939462661743,0.041499655693769455,-0.007726149633526807,-0.021493792763385568,0.04190097259326238,-0.0051253559057671556
23.08000000000081,-1.4090169668197632,2.5242589712142944,1.9601951837539673,-0.9060544698931761,-0.8184046545020549,0.05410655755749821,0.062455956091917855,0.041843086887745976,0.0007868308978328147,-0.02127939462661743,0.041499655693769455,-0.007726149633526807,-0.021493792763385568,0.04190097259326238,-0.0051253559057671556
23.09000000000081,-1.4090169668197632,2.5242589712142944,1.9601951837539673,-0.9060544698931761,-0.8184046545020549,0.05410655755749821,0.062455956091917855,0.041843086887745976,0.0007868308978328147,-0.02127939462661743,0.041499655693769455,-0.007726149633526807,-0.021493792763385568,0.04190097259326238,-0.0051253559057671556
23.10000000000081,-1.4362906217575073,2.49786239862442,1.9609452486038208,-0.8904147617611968,-0.8354816119488016,0.05552551156883069,0.062065918479837896,0.04254622809697813,0.0008164409383528928,-0.019992848858237267,0.03368714451789856,0.0008512882632203359,-0.019867724429512932,0.03356947882940178,0.002941792773444184
23.110000000000813,-1.4362906217575073,2.49786239862442,1.9609452486038208,-0.8904147617611968,-0.8354816119488016,0.05552551156883069,0.062065918479837896,0.04254622809697813,0.0008164409383528928,-0.019992848858237267,0.03368714451789856,0.0008512882632203359,-0.019867724429512932,0.03356947882940178,0.002941792773444184
23.120000000000815,-1.4362906217575073,2.49786239862442,1.9609452486038208,-0.8904147617611968,-0.8354816119488016,0.05552551156883069,0.062065918479837896,0.04254622809697813,0.0008164409383528928,-0.019992848858237267,0.03368714451789856,0.0008512882632203359,-0.019867724429512932,0.03356947882940178,0.002941792773444184
23.130000000000816,-1.4596829414367676,2.474316954612732,1.9615508317947388,-0.8765023230472945,-0.8502321838060867,0.05440123702175866,0.06127068743275987,0.04396553766262001,0.0007245862165308538,-0.025379033759236336,0.03657444193959236,-0.001701767090708022,-0.025355234581451457,0.03661001462295004,0.0005414888104815799
23.140000000000818,-1.4596829414367676,2.474316954612732,1.9615508317947388,-0.8765023230472945,-0.8502321838060867,0.05440123702175866,0.06127068743275987,0.04396553766262001,0.0007245862165308538,-0.025379033759236336,0.03657444193959236,-0.001701767090708022,-0.025355234581451457,0.03661001462295004,0.0005414888104815799
23.15000000000082,-1.4596829414367676,2.474316954612732,1.9615508317947388,-0.8765023230472945,-0.8502321838060867,0.05440123702175866,0.06127068743275987,0.04396553766262001,0.0007245862165308538,-0.025379033759236336,0.03657444193959236,-0.001701767090708022,-0.025355234581451457,0.03661001462295004,0.0005414888104815799
23.16000000000082,-1.4596829414367676,2.474316954612732,1.9615508317947388,-0.8765023230472945,-0.8502321838060867,0.05440123702175866,0.06127068743275987,0.04396553766262001,0.0007245862165308538,-0.025379033759236336,0.03657444193959236,-0.001701767090708022,-0.025355234581451457,0.03661001462295004,0.0005414888104815799
23.170000000000822,-1.4927102327346802,2.4399508833885193,1.9624276161193848,-0.8557838713089142,-0.8705426424619906,0.053465538356066836,0.06006663231190684,0.04587890570039968,0.0007911955277818398,-0.028626881539821625,0.04379889369010925,-0.0001748095091898048,-0.028514180015110926,0.04373039813824785,0.002457361826430248
23.180000000000824,-1.4927102327346802,2.4399508833885193,1.9624276161193848,-0.8557838713089142,-0.8705426424619906,0.053465538356066836,0.06006663231190684,0.04587890570039968,0.0007911955277818398,-0.028626881539821625,0.04379889369010925,-0.0001748095091898048,-0.028514180015110926,0.04373039813824785,0.002457361826430248
23.190000000000826,-1.4927102327346802,2.4399508833885193,1.9624276161193848,-0.8557838713089142,-0.8705426424619906,0.053465538356066836,0.06006663231190684,0.04587890570039968,0.0007911955277818398,-0.028626881539821625,0.04379889369010925,-0.0001748095091898048,-0.028514180015110926,0.04373039813824785,0.002457361826430248
23.200000000000827,-1.5187147855758667,2.411881387233734,1.9631863832473755,-0.8392655734425825,-0.8860309375534875,0.051903294179334133,0.05935820481966253,0.04688119449510887,0.000732238322872426,-0.0371549092233181,0.05108540505170822,-0.008266756311059005,-0.037399885419705625,0.05148584611512975,-0.005227382935035988
23.21000000000083,-1.5187147855758667,2.411881387233734,1.9631863832473755,-0.8392655734425825,-0.8860309375534875,0.051903294179334133,0.05935820481966253,0.04688119449510887,0.000732238322872426,-0.0371549092233181,0.05108540505170822,-0.008266756311059005,-0.037399885419705625,0.05148584611512975,-0.005227382935035988
23.22000000000083,-1.5187147855758667,2.411881387233734,1.9631863832473755,-0.8392655734425825,-0.8860309375534875,0.051903294179334133,0.05935820481966253,0.04688119449510887,0.000732238322872426,-0.0371549092233181,0.05108540505170822,-0.008266756311059005,-0.037399885419705625,0.05148584611512975,-0.005227382935035988
23.23000000000083,-1.5401177406311035,2.387283146381378,1.963797688484192,-0.8240198383694428,-0.8989649744889009,0.05006609204831938,0.05799797482043672,0.04889517020792135,0.0007882104481890815,-0.02826225757598877,0.05149614438414574,-0.001029585022479302,-0.02816648634914433,0.05146923856794175,0.001959485931433824
23.240000000000833,-1.5401177406311035,2.387283146381378,1.963797688484192,-0.8240198383694428,-0.8989649744889009,0.05006609204831938,0.05799797482043672,0.04889517020792135,0.0007882104481890815,-0.02826225757598877,0.05149614438414574,-0.001029585022479302,-0.02816648634914433,0.05146923856794175,0.001959485931433824
23.250000000000835,-1.5401177406311035,2.387283146381378,1.963797688484192,-0.8240198383694428,-0.8989649744889009,0.05006609204831938,0.05799797482043672,0.04889517020792135,0.0007882104481890815,-0.02826225757598877,0.05149614438414574,-0.001029585022479302,-0.02816648634914433,0.05146923856794175,0.001959485931433824
23.260000000000836,-1.5401177406311035,2.387283146381378,1.963797688484192,-0.8240198383694428,-0.8989649744889009,0.05006609204831938,0.05799797482043672,0.04889517020792135,0.0007882104481890815,-0.02826225757598877,0.05149614438414574,-0.001029585022479302,-0.02816648634914433,0.05146923856794175,0.001959485931433824
23.270000000000838,-1.5681899785995483,2.352231442928314,1.9648611545562744,-0.8009267100986744,-0.9177131842195423,0.0491697685690644,0.057087719021607204,0.05110748297273156,0.0007938688356118203,-0.023203294724225998,0.05853835865855217,-0.004622851964086301,-0.023268529648508264,0.058706760832948665,-0.001276981917435211
23.28000000000084,-1.5681899785995483,2.352231442928314,1.9648611545562744,-0.8009267100986744,-0.9177131842195423,0.0491697685690644,0.057087719021607204,0.05110748297273156,0.0007938688356118203,-0.023203294724225998,0.05853835865855217,-0.004622851964086301,-0.023268529648508264,0.058706760832948665,-0.001276981917435211
23.29000000000084,-1.5681899785995483,2.352231442928314,1.9648611545562744,-0.8009267100986744,-0.9177131842195423,0.0491697685690644,0.057087719021607204,0.05110748297273156,0.0007938688356118203,-0.023203294724225998,0.05853835865855217,-0.004622851964086301,-0.023268529648508264,0.058706760832948665,-0.001276981917435211
23.300000000000843,-1.5905201435089111,2.323503017425537,1.9656652212142944,-0.7822154852565852,-0.9327215189999856,0.048565958806591536,0.05640239644970947,0.05242861038611453,0.0007538171421913179,-0.030013643205165863,0.05187041312456131,-0.004627417307347065,-0.030102643382922564,0.052048788194510164,-0.001698327755074868
23.310000000000844,-1.5905201435089111,2.323503017425537,1.9656652212142944,-0.7822154852565852,-0.9327215189999856,0.048565958806591536,0.05640239644970947,0.05242861038611453,0.0007538171421913179,-0.030013643205165863,0.05187041312456131,-0.004627417307347065,-0.030102643382922564,0.052048788194510164,-0.001698327755074868
23.320000000000846,-1.5905201435089111,2.323503017425537,1.9656652212142944,-0.7822154852565852,-0.9327215189999856,0.048565958806591536,0.05640239644970947,0.05242861038611453,0.0007538171421913179,-0.030013643205165863,0.05187041312456131,-0.004627417307347065,-0.030102643382922564,0.052048788194510164,-0.001698327755074868
23.330000000000847,-1.6094460487365723,2.2980273962020874,1.9663840532302856,-0.7659375041481805,-0.944467035727638,0.04715647031393462,0.05528564801505463,0.05427179798257891,0.0007264950121911321,-0.02877892553806305,0.04919404536485672,-5.2787188906228606e-05,-0.02863411464448054,0.04912180052904032,0.002669563415048912
23.34000000000085,-1.6094460487365723,2.2980273962020874,1.9663840532302856,-0.7659375041481805,-0.944467035727638,0.04715647031393462,0.05528564801505463,0.05427179798257891,0.0007264950121911321,-0.02877892553806305,0.04919404536485672,-5.2787188906228606e-05,-0.02863411464448054,0.04912180052904032,0.002669563415048912
23.35000000000085,-1.6094460487365723,2.2980273962020874,1.9663840532302856,-0.7659375041481805,-0.944467035727638,0.04715647031393462,0.05528564801505463,0.05427179798257891,0.0007264950121911321,-0.02877892553806305,0.04919404536485672,-5.2787188906228606e-05,-0.02863411464448054,0.04912180052904032,0.002669563415048912
23.360000000000852,-1.6094460487365723,2.2980273962020874,1.9663840532302856,-0.7659375041481805,-0.944467035727638,0.04715647031393462,0.05528564801505463,0.05427179798257891,0.0007264950121911321,-0.02877892553806305,0.04919404536485672,-5.2787188906228606e-05,-0.02863411464448054,0.04912180052904032,0.002669563415048912
23.370000000000854,-1.636270523071289,2.2608646154403687,1.9674886465072632,-0.7407298084122661,-0.9616109800231065,0.04562023929241834,0.054029527076844226,0.05612051135186531,0.0007677531787578749,-0.031739845871925354,0.04175209999084473,-0.002494557760655885,-0.03175311371583651,0.041825887873191046,-0.00023654116275461683
23.380000000000855,-1.636270523071289,2.2608646154403687,1.9674886465072632,-0.7407298084122661,-0.9616109800231065,0.04562023929241834,0.054029527076844226,0.05612051135186531,0.0007677531787578749,-0.031739845871925354,0.04175209999084473,-0.002494557760655885,-0.03175311371583651,0.041825887873191046,-0.00023654116275461683
23.390000000000857,-1.636270523071289,2.2608646154403687,1.9674886465072632,-0.7407298084122661,-0.9616109800231065,0.04562023929241834,0.054029527076844226,0.05612051135186531,0.0007677531787578749,-0.031739845871925354,0.04175209999084473,-0.002494557760655885,-0.03175311371583651,0.041825887873191046,-0.00023654116275461683
23.40000000000086,-1.6574352979660034,2.230526387691498,1.9683949947357178,-0.7222892859888063,-0.9747687199935682,0.04479356688183351,0.05346716972111367,0.05676247262653454,0.0007016500810579722,-0.026514871045947075,0.029879312962293625,-0.004342852625995878,-0.026670558684696245,0.03006870398951591,-0.0027442651223117138
23.41000000000086,-1.6574352979660034,2.230526387691498,1.9683949947357178,-0.7222892859888063,-0.9747687199935682,0.04479356688183351,0.05346716972111367,0.05676247262653454,0.0007016500810579722,-0.026514871045947075,0.029879312962293625,-0.004342852625995878,-0.026670558684696245,0.03006870398951591,-0.0027442651223117138
23.42000000000086,-1.6574352979660034,2.230526387691498,1.9683949947357178,-0.7222892859888063,-0.9747687199935682,0.04479356688183351,0.05346716972111367,0.05676247262653454,0.0007016500810579722,-0.026514871045947075,0.029879312962293625,-0.004342852625995878,-0.026670558684696245,0.03006870398951591,-0.0027442651223117138
23.430000000000863,-1.67535400390625,2.203698515892029,1.968934178352356,-0.7040961390895873,-0.9847548619660965,0.04382700438542324,0.05245317809579751,0.05780196207214461,0.0005608586377557112,-0.031990423798561096,0.02775035798549652,-0.004870156757533554,-0.03218766331859636,0.027967529534830303,-0.003414233488327725
23.440000000000865,-1.67535400390625,2.203698515892029,1.968934178352356,-0.7040961390895873,-0.9847548619660965,0.04382700438542324,0.05245317809579751,0.05780196207214461,0.0005608586377557112,-0.031990423798561096,0.02775035798549652,-0.004870156757533554,-0.03218766331859636,0.027967529534830303,-0.003414233488327725
23.450000000000866,-1.67535400390625,2.203698515892029,1.968934178352356,-0.7040961390895873,-0.9847548619660965,0.04382700438542324,0.05245317809579751,0.05780196207214461,0.0005608586377557112,-0.031990423798561096,0.02775035798549652,-0.004870156757533554,-0.03218766331859636,0.027967529534830303,-0.003414233488327725
23.460000000000868,-1.67535400390625,2.203698515892029,1.968934178352356,-0.7040961390895873,-0.9847548619660965,0.04382700438542324,0.05245317809579751,0.05780196207214461,0.0005608586377557112,-0.031990423798561096,0.02775035798549652,-0.004870156757533554,-0.03218766331859636,0.027967529534830303,-0.003414233488327725
23.47000000000087,-1.7005542516708374,2.1647504568099976,1.9698197841644287,-0.6793666233559157,-0.9993049766790502,0.042766816192354035,0.05123654857415914,0.05895734201177152,0.0005504845599289412,-0.024493703618645668,0.027720119804143906,-0.00014879240188747983,-0.02441867806825957,0.02769136283102713,0.0012732770824021382
23.48000000000087,-1.7005542516708374,2.1647504568099976,1.9698197841644287,-0.6793666233559157,-0.9993049766790502,0.042766816192354035,0.05123654857415914,0.05895734201177152,0.0005504845599289412,-0.024493703618645668,0.027720119804143906,-0.00014879240188747983,-0.02441867806825957,0.02769136283102713,0.0012732770824021382
23.490000000000872,-1.7005542516708374,2.1647504568099976,1.9698197841644287,-0.6793666233559157,-0.9993049766790502,0.042766816192354035,0.05123654857415914,0.05895734201177152,0.0005504845599289412,-0.024493703618645668,0.027720119804143906,-0.00014879240188747983,-0.02441867806825957,0.02769136283102713,0.0012732770824021382
23.500000000000874,-1.72031569480896,2.1331079602241516,1.9706411361694336,-0.6599238926390377,-1.0099397756828212,0.04416058158697847,0.050712890231504,0.05955370559321812,0.0005025069770096174,-0.02672700211405754,0.029046274721622467,-0.0036912178620696103,-0.02685901507228466,0.02919604426105108,-0.0022180152021824056
23.510000000000876,-1.72031569480896,2.1331079602241516,1.9706411361694336,-0.6599238926390377,-1.0099397756828212,0.04416058158697847,0.050712890231504,0.05955370559321812,0.0005025069770096174,-0.02672700211405754,0.029046274721622467,-0.0036912178620696103,-0.02685901507228466,0.02919604426105108,-0.0022180152021824056
23.520000000000877,-1.72031569480896,2.1331079602241516,1.9706411361694336,-0.6599238926390377,-1.0099397756828212,0.04416058158697847,0.050712890231504,0.05955370559321812,0.0005025069770096174,-0.02672700211405754,0.029046274721622467,-0.0036912178620696103,-0.02685901507228466,0.02919604426105108,-0.0022180152021824056
23.53000000000088,-1.737031102180481,2.1051366329193115,1.9712992906570435,-0.6432510371551555,-1.0202868853823095,0.042368256794367586,0.04976910714351635,0.060584901637895795,0.00045687215818011754,-0.020467083901166916,0.028341198340058327,0.0013271373463794554,-0.0203011552021897,0.028240082343488813,0.002740455884117783
23.54000000000088,-1.737031102180481,2.1051366329193115,1.9712992906570435,-0.6432510371551555,-1.0202868853823095,0.042368256794367586,0.04976910714351635,0.060584901637895795,0.00045687215818011754,-0.020467083901166916,0.028341198340058327,0.0013271373463794554,-0.0203011552021897,0.028240082343488813,0.002740455884117783
23.550000000000882,-1.737031102180481,2.1051366329193115,1.9712992906570435,-0.6432510371551555,-1.0202868853823095,0.042368256794367586,0.04976910714351635,0.060584901637895795,0.00045687215818011754,-0.020467083901166916,0.028341198340058327,0.0013271373463794554,-0.0203011552021897,0.028240082343488813,0.002740455884117783
23.560000000000883,-1.737031102180481,2.1051366329193115,1.9712992906570435,-0.6432510371551555,-1.0202868853823095,0.042368256794367586,0.04976910714351635,0.060584901637895795,0.00045687215818011754,-0.020467083901166916,0.028341198340058327,0.0013271373463794554,-0.0203011552021897,0.028240082343488813,0.002740455884117783
23.570000000000885,-1.760448932647705,2.064600884914398,1.972110629081726,-0.6197487906580252,-1.0338641429389517,0.040301186314549584,0.048899893769268336,0.062026811152264744,0.0005662723960410371,-0.02508705109357834,0.03835314139723778,0.002614649944007392,-0.02480842641611278,0.03817949036980824,0.004494885557923008
23.580000000000886,-1.760448932647705,2.064600884914398,1.972110629081726,-0.6197487906580252,-1.0338641429389517,0.040301186314549584,0.048899893769268336,0.062026811152264744,0.0005662723960410371,-0.02508705109357834,0.03835314139723778,0.002614649944007392,-0.02480842641611278,0.03817949036980824,0.004494885557923008
23.590000000000888,-1.760448932647705,2.064600884914398,1.972110629081726,-0.6197487906580252,-1.0338641429389517,0.040301186314549584,0.048899893769268336,0.062026811152264744,0.0005662723960410371,-0.02508705109357834,0.03835314139723778,0.002614649944007392,-0.02480842641611278,0.03817949036980824,0.004494885557923008
23.60000000000089,-1.7787169218063354,2.0317370891571045,1.972715139389038,-0.5997266675375054,-1.0433546333699093,0.04054643962297318,0.04836678629817166,0.06272877848378018,0.0005144966079236687,-0.027144696563482285,0.034486737102270126,-0.004645462147891526,-0.02733141331135669,0.03467100524200248,-0.0029785253367331887
23.61000000000089,-1.7787169218063354,2.0317370891571045,1.972715139389038,-0.5997266675375054,-1.0433546333699093,0.04054643962297318,0.04836678629817166,0.06272877848378018,0.0005144966079236687,-0.027144696563482285,0.034486737102270126,-0.004645462147891526,-0.02733141331135669,0.03467100524200248,-0.0029785253367331887
23.620000000000893,-1.7787169218063354,2.0317370891571045,1.972715139389038,-0.5997266675375054,-1.0433546333699093,0.04054643962297318,0.04836678629817166,0.06272877848378018,0.0005144966079236687,-0.027144696563482285,0.034486737102270126,-0.004645462147891526,-0.02733141331135669,0.03467100524200248,-0.0029785253367331887
23.630000000000894,-1.7932995557785034,2.002963662147522,1.9732547998428345,-0.5818813947449991,-1.0522354703953625,0.03902437963083209,0.04735262429659234,0.0643131879508137,0.0003917224977143725,-0.02917986363172531,0.04409599304199219,-0.0003757081576623077,-0.029069607802433072,0.04406434881454742,0.0017155404037632678
23.640000000000896,-1.7932995557785034,2.002963662147522,1.9732547998428345,-0.5818813947449991,-1.0522354703953625,0.03902437963083209,0.04735262429659234,0.0643131879508137,0.0003917224977143725,-0.02917986363172531,0.04409599304199219,-0.0003757081576623077,-0.029069607802433072,0.04406434881454742,0.0017155404037632678
23.650000000000897,-1.7932995557785034,2.002963662147522,1.9732547998428345,-0.5818813947449991,-1.0522354703953625,0.03902437963083209,0.04735262429659234,0.0643131879508137,0.0003917224977143725,-0.02917986363172531,0.04409599304199219,-0.0003757081576623077,-0.029069607802433072,0.04406434881454742,0.0017155404037632678
23.6600000000009,-1.7932995557785034,2.002963662147522,1.9732547998428345,-0.5818813947449991,-1.0522354703953625,0.03902437963083209,0.04735262429659234,0.0643131879508137,0.0003917224977143725,-0.02917986363172531,0.04409599304199219,-0.0003757081576623077,-0.029069607802433072,0.04406434881454742,0.0017155404037632678
23.6700000000009,-1.8115935325622559,1.961884617805481,1.9741102457046509,-0.5549820697259384,-1.063422050259646,0.040101432719792565,0.04613690165915236,0.06639777222236128,0.00043632067828162317,-0.029503799974918365,0.042738743126392365,-0.0025292537175118975,-0.02954073348670316,0.04280991459334346,-0.0005566551771344246
23.680000000000902,-1.8115935325622559,1.961884617805481,1.9741102457046509,-0.5549820697259384,-1.063422050259646,0.040101432719792565,0.04613690165915236,0.06639777222236128,0.00043632067828162317,-0.029503799974918365,0.042738743126392365,-0.0025292537175118975,-0.02954073348670316,0.04280991459334346,-0.0005566551771344246
23.690000000000904,-1.8115935325622559,1.961884617805481,1.9741102457046509,-0.5549820697259384,-1.063422050259646,0.040101432719792565,0.04613690165915236,0.06639777222236128,0.00043632067828162317,-0.029503799974918365,0.042738743126392365,-0.0025292537175118975,-0.02954073348670316,0.04280991459334346,-0.0005566551771344246
23.700000000000905,-1.826011300086975,1.9285781383514404,1.9748001098632812,-0.5331980140769473,-1.0705765168806203,0.04082944439151799,0.04551017917696394,0.06721242496732152,0.0004526098704326656,-0.03131520003080368,0.04018735885620117,-0.0026771675329655457,-0.03137215377803549,0.04026754480435716,-0.000848007662151672
23.710000000000907,-1.826011300086975,1.9285781383514404,1.9748001098632812,-0.5331980140769473,-1.0705765168806203,0.04082944439151799,0.04551017917696394,0.06721242496732152,0.0004526098704326656,-0.03131520003080368,0.04018735885620117,-0.0026771675329655457,-0.03137215377803549,0.04026754480435716,-0.000848007662151672
23.72000000000091,-1.826011300086975,1.9285781383514404,1.9748001098632812,-0.5331980140769473,-1.0705765168806203,0.04082944439151799,0.04551017917696394,0.06721242496732152,0.0004526098704326656,-0.03131520003080368,0.04018735885620117,-0.0026771675329655457,-0.03137215377803549,0.04026754480435716,-0.000848007662151672
23.73000000000091,-1.837936520576477,1.8992657661437988,1.975220799446106,-0.5139210704785929,-1.077377667327786,0.040412700050666064,0.044301177714539786,0.06892885159219084,0.0004961448496191745,-0.02754795365035534,0.0394391193985939,-0.0026853922754526186,-0.027612582372149592,0.03951935136196899,-0.0009383578264858254
23.74000000000091,-1.837936520576477,1.8992657661437988,1.975220799446106,-0.5139210704785929,-1.077377667327786,0.040412700050666064,0.044301177714539786,0.06892885159219084,0.0004961448496191745,-0.02754795365035534,0.0394391193985939,-0.0026853922754526186,-0.027612582372149592,0.03951935136196899,-0.0009383578264858254
23.750000000000913,-1.837936520576477,1.8992657661437988,1.975220799446106,-0.5139210704785929,-1.077377667327786,0.040412700050666064,0.044301177714539786,0.06892885159219084,0.0004961448496191745,-0.02754795365035534,0.0394391193985939,-0.0026853922754526186,-0.027612582372149592,0.03951935136196899,-0.0009383578264858254
23.760000000000915,-1.837936520576477,1.8992657661437988,1.975220799446106,-0.5139210704785929,-1.077377667327786,0.040412700050666064,0.044301177714539786,0.06892885159219084,0.0004961448496191745,-0.02754795365035534,0.0394391193985939,-0.0026853922754526186,-0.027612582372149592,0.03951935136196899,-0.0009383578264858254
23.770000000000916,-1.854662537574768,1.856874942779541,1.975793480873108,-0.48706717733610383,-1.0868868558668348,0.039779967621985685,0.04323518931607653,0.07009797204977619,0.00042873897129376413,-0.026084840297698975,0.022581616416573524,-0.0006926864152774243,-0.026064901401924134,0.022590453102930307,0.000284676340857525
23.780000000000918,-1.854662537574768,1.856874942779541,1.975793480873108,-0.48706717733610383,-1.0868868558668348,0.039779967621985685,0.04323518931607653,0.07009797204977619,0.00042873897129376413,-0.026084840297698975,0.022581616416573524,-0.0006926864152774243,-0.026064901401924134,0.022590453102930307,0.000284676340857525
23.79000000000092,-1.854662537574768,1.856874942779541,1.975793480873108,-0.48706717733610383,-1.0868868558668348,0.039779967621985685,0.04323518931607653,0.07009797204977619,0.00042873897129376413,-0.026084840297698975,0.022581616416573524,-0.0006926864152774243,-0.026064901401924134,0.022590453102930307,0.000284676340857525
23.80000000000092,-1.8676940202713013,1.8225643634796143,1.9762452840805054,-0.46632026750233696,-1.095189124509061,0.04079654963591366,0.04274056454240996,0.0704023763070975,0.0005334822819512257,-0.02776016853749752,0.01219214778393507,0.005499485880136488,-0.02733596870931799,0.011946033866136763,0.0060303426846635
23.810000000000922,-1.8676940202713013,1.8225643634796143,1.9762452840805054,-0.46632026750233696,-1.095189124509061,0.04079654963591366,0.04274056454240996,0.0704023763070975,0.0005334822819512257,-0.02776016853749752,0.01219214778393507,0.005499485880136488,-0.02733596870931799,0.011946033866136763,0.0060303426846635
23.820000000000924,-1.8676940202713013,1.8225643634796143,1.9762452840805054,-0.46632026750233696,-1.095189124509061,0.04079654963591366,0.04274056454240996,0.0704023763070975,0.0005334822819512257,-0.02776016853749752,0.01219214778393507,0.005499485880136488,-0.02733596870931799,0.011946033866136763,0.0060303426846635
23.830000000000926,-1.8784778118133545,1.7923684120178223,1.9766508340835571,-0.4485454730431751,-1.1015042893510647,0.04069858725637614,0.04189151145747593,0.07094465230098722,0.0004885361813794977,-0.02813289687037468,0.020865123718976974,-0.003933380823582413,-0.028350076306123653,0.021011545384724783,-0.0030638211378121337
23.840000000000927,-1.8784778118133545,1.7923684120178223,1.9766508340835571,-0.4485454730431751,-1.1015042893510647,0.04069858725637614,0.04189151145747593,0.07094465230098722,0.0004885361813794977,-0.02813289687037468,0.020865123718976974,-0.003933380823582413,-0.028350076306123653,0.021011545384724783,-0.0030638211378121337
23.85000000000093,-1.8784778118133545,1.7923684120178223,1.9766508340835571,-0.4485454730431751,-1.1015042893510647,0.04069858725637614,0.04189151145747593,0.07094465230098722,0.0004885361813794977,-0.02813289687037468,0.020865123718976974,-0.003933380823582413,-0.028350076306123653,0.021011545384724783,-0.0030638211378121337
23.86000000000093,-1.8784778118133545,1.7923684120178223,1.9766508340835571,-0.4485454730431751,-1.1015042893510647,0.04069858725637614,0.04189151145747593,0.07094465230098722,0.0004885361813794977,-0.02813289687037468,0.020865123718976974,-0.003933380823582413,-0.028350076306123653,0.021011545384724783,-0.0030638211378121337
23.870000000000932,-1.893437147140503,1.74879789352417,1.9771445989608765,-0.42108051864090035,-1.1103136181000708,0.03947426756385183,0.040663466263719084,0.07191010375328237,0.00046172181407784724,-0.029763124883174896,0.02327509969472885,-0.00035036000190303017,-0.029720184146377494,0.02327010238012971,0.0005976596486789461
23.880000000000933,-1.893437147140503,1.74879789352417,1.9771445989608765,-0.42108051864090035,-1.1103136181000708,0.03947426756385183,0.040663466263719084,0.07191010375328237,0.00046172181407784724,-0.029763124883174896,0.02327509969472885,-0.00035036000190303017,-0.029720184146377494,0.02327010238012971,0.0005976596486789461
23.890000000000935,-1.893437147140503,1.74879789352417,1.9771445989608765,-0.42108051864090035,-1.1103136181000708,0.03947426756385183,0.040663466263719084,0.07191010375328237,0.00046172181407784724,-0.029763124883174896,0.02327509969472885,-0.00035036000190303017,-0.029720184146377494,0.02327010238012971,0.0005976596486789461
23.900000000000936,-1.904923915863037,1.713608980178833,1.977528691291809,-0.39907740254655155,-1.1169426289612647,0.0388720810288536,0.03994277409854872,0.07234211817578645,0.0004928532839275366,-0.03678257763385773,0.019610118120908737,0.0029178909026086304,-0.03651454259904776,0.01947795929339895,0.0037083371718465157
23.910000000000938,-1.904923915863037,1.713608980178833,1.977528691291809,-0.39907740254655155,-1.1169426289612647,0.0388720810288536,0.03994277409854872,0.07234211817578645,0.0004928532839275366,-0.03678257763385773,0.019610118120908737,0.0029178909026086304,-0.03651454259904776,0.01947795929339895,0.0037083371718465157
23.92000000000094,-1.904923915863037,1.713608980178833,1.977528691291809,-0.39907740254655155,-1.1169426289612647,0.0388720810288536,0.03994277409854872,0.07234211817578645,0.0004928532839275366,-0.03678257763385773,0.019610118120908737,0.0029178909026086304,-0.03651454259904776,0.01947795929339895,0.0037083371718465157
23.93000000000094,-1.914350152015686,1.682660460472107,1.9776502847671509,-0.3807499524505338,-1.1229037935652568,0.03866187658742912,0.03817486280694,0.0735791745453622,0.0004024661129856109,-0.042684875428676605,0.03262723982334137,-0.0021562788169831077,-0.042751914498635635,0.032685764199486635,-0.0009119373656463358
23.940000000000943,-1.914350152015686,1.682660460472107,1.9776502847671509,-0.3807499524505338,-1.1229037935652568,0.03866187658742912,0.03817486280694,0.0735791745453622,0.0004024661129856109,-0.042684875428676605,0.03262723982334137,-0.0021562788169831077,-0.042751914498635635,0.032685764199486635,-0.0009119373656463358
23.950000000000944,-1.914350152015686,1.682660460472107,1.9776502847671509,-0.3807499524505338,-1.1229037935652568,0.03866187658742912,0.03817486280694,0.0735791745453622,0.0004024661129856109,-0.042684875428676605,0.03262723982334137,-0.0021562788169831077,-0.042751914498635635,0.032685764199486635,-0.0009119373656463358
23.960000000000946,-1.914350152015686,1.682660460472107,1.9776502847671509,-0.3807499524505338,-1.1229037935652568,0.03866187658742912,0.03817486280694,0.0735791745453622,0.0004024661129856109,-0.042684875428676605,0.03262723982334137,-0.0021562788169831077,-0.042751914498635635,0.032685764199486635,-0.0009119373656463358
23.970000000000947,-1.9272688627243042,1.6380822658538818,1.9779956340789795,-0.3548405628857203,-1.1305160721461294,0.038776010029837826,0.03648753775451846,0.07471033914381833,0.00047818771861737983,-0.04638843610882759,0.02536403015255928,0.004539896268397566,-0.04597959681506359,0.025181535063579806,0.005477419567421576
23.98000000000095,-1.9272688627243042,1.6380822658538818,1.9779956340789795,-0.3548405628857203,-1.1305160721461294,0.038776010029837826,0.03648753775451846,0.07471033914381833,0.00047818771861737983,-0.04638843610882759,0.02536403015255928,0.004539896268397566,-0.04597959681506359,0.025181535063579806,0.005477419567421576
23.99000000000095,-1.9272688627243042,1.6380822658538818,1.9779956340789795,-0.3548405628857203,-1.1305160721461294,0.038776010029837826,0.03648753775451846,0.07471033914381833,0.00047818771861737983,-0.04638843610882759,0.02536403015255928,0.004539896268397566,-0.04597959681506359,0.025181535063579806,0.005477419567421576
24.000000000000952,-1.9370990991592407,1.6021493673324585,1.9783754348754883,-0.33457902077860474,-1.1358048603742417,0.03856027123772647,0.03571609947396128,0.07526516838048876,0.0004267866151600885,-0.0387040451169014,0.027079228311777115,-0.0060793654993176495,-0.039089267137904116,0.02727904353987999,-0.005123033319278964
24.010000000000954,-1.9370990991592407,1.6021493673324585,1.9783754348754883,-0.33457902077860474,-1.1358048603742417,0.03856027123772647,0.03571609947396128,0.07526516838048876,0.0004267866151600885,-0.0387040451169014,0.027079228311777115,-0.0060793654993176495,-0.039089267137904116,0.02727904353987999,-0.005123033319278964
24.020000000000955,-1.9370990991592407,1.6021493673324585,1.9783754348754883,-0.33457902077860474,-1.1358048603742417,0.03856027123772647,0.03571609947396128,0.07526516838048876,0.0004267866151600885,-0.0387040451169014,0.027079228311777115,-0.0060793654993176495,-0.039089267137904116,0.02727904353987999,-0.005123033319278964
24.030000000000957,-1.9441051483154297,1.571035623550415,1.9788992404937744,-0.31494415954397814,-1.139720603434987,0.036663225150171175,0.033619728058582356,0.07665540144200628,0.0004368697816627895,-0.055286288261413574,0.03490117937326431,-0.0013424793723970695,-0.05529923570976762,0.034926582361361334,-0.00016907010836987634
24.04000000000096,-1.9441051483154297,1.571035623550415,1.9788992404937744,-0.31494415954397814,-1.139720603434987,0.036663225150171175,0.033619728058582356,0.07665540144200628,0.0004368697816627895,-0.055286288261413574,0.03490117937326431,-0.0013424793723970695,-0.05529923570976762,0.034926582361361334,-0.00016907010836987634
24.05000000000096,-1.9441051483154297,1.571035623550415,1.9788992404937744,-0.31494415954397814,-1.139720603434987,0.036663225150171175,0.033619728058582356,0.07665540144200628,0.0004368697816627895,-0.055286288261413574,0.03490117937326431,-0.0013424793723970695,-0.05529923570976762,0.034926582361361334,-0.00016907010836987634
24.06000000000096,-1.9441051483154297,1.571035623550415,1.9788992404937744,-0.31494415954397814,-1.139720603434987,0.036663225150171175,0.033619728058582356,0.07665540144200628,0.0004368697816627895,-0.055286288261413574,0.03490117937326431,-0.0013424793723970695,-0.05529923570976762,0.034926582361361334,-0.00016907010836987634
24.070000000000963,-1.9511172771453857,1.5273901224136353,1.980209231376648,-0.28549371993407463,-1.1451978463519823,0.03683641373683774,0.0316472423808627,0.07818465167381482,0.0004620435567172337,-0.0477074533700943,0.04173097759485245,-0.0035837891045957856,-0.04788463262195386,0.04182347966271693,-0.00226847454424554
24.080000000000965,-1.9511172771453857,1.5273901224136353,1.980209231376648,-0.28549371993407463,-1.1451978463519823,0.03683641373683774,0.0316472423808627,0.07818465167381482,0.0004620435567172337,-0.0477074533700943,0.04173097759485245,-0.0035837891045957856,-0.04788463262195386,0.04182347966271693,-0.00226847454424554
24.090000000000966,-1.9511172771453857,1.5273901224136353,1.980209231376648,-0.28549371993407463,-1.1451978463519823,0.03683641373683774,0.0316472423808627,0.07818465167381482,0.0004620435567172337,-0.0477074533700943,0.04173097759485245,-0.0035837891045957856,-0.04788463262195386,0.04182347966271693,-0.00226847454424554
24.100000000000968,-1.956536889076233,1.492079496383667,1.9812155961990356,-0.2630446219873024,-1.1478124300218588,0.03804884948266911,0.030499791585675264,0.07907568048830074,0.0004282257647447288,-0.04839157313108444,0.03515390306711197,-0.00179630890488625,-0.04844890020561226,0.03519233215233232,-0.0007257207500610629
24.11000000000097,-1.956536889076233,1.492079496383667,1.9812155961990356,-0.2630446219873024,-1.1478124300218588,0.03804884948266911,0.030499791585675264,0.07907568048830074,0.0004282257647447288,-0.04839157313108444,0.03515390306711197,-0.00179630890488625,-0.04844890020561226,0.03519233215233232,-0.0007257207500610629
24.12000000000097,-1.956536889076233,1.492079496383667,1.9812155961990356,-0.2630446219873024,-1.1478124300218588,0.03804884948266911,0.030499791585675264,0.07907568048830074,0.0004282257647447288,-0.04839157313108444,0.03515390306711197,-0.00179630890488625,-0.04844890020561226,0.03519233215233232,-0.0007257207500610629
24.130000000000972,-1.960571050643921,1.461156964302063,1.9820497035980225,-0.2435437074099012,-1.1509715250437338,0.035874801264689185,0.028619490148847765,0.08022320975774483,0.00041000711001902215,-0.04328291863203049,0.025063835084438324,-0.00045448302989825915,-0.04326178103301326,0.025066576499010028,0.00026376766624750317
24.140000000000974,-1.960571050643921,1.461156964302063,1.9820497035980225,-0.2435437074099012,-1.1509715250437338,0.035874801264689185,0.028619490148847765,0.08022320975774483,0.00041000711001902215,-0.04328291863203049,0.025063835084438324,-0.00045448302989825915,-0.04326178103301326,0.025066576499010028,0.00026376766624750317
24.150000000000976,-1.960571050643921,1.461156964302063,1.9820497035980225,-0.2435437074099012,-1.1509715250437338,0.035874801264689185,0.028619490148847765,0.08022320975774483,0.00041000711001902215,-0.04328291863203049,0.025063835084438324,-0.00045448302989825915,-0.04326178103301326,0.025066576499010028,0.00026376766624750317
24.160000000000977,-1.960571050643921,1.461156964302063,1.9820497035980225,-0.2435437074099012,-1.1509715250437338,0.035874801264689185,0.028619490148847765,0.08022320975774483,0.00041000711001902215,-0.04328291863203049,0.025063835084438324,-0.00045448302989825915,-0.04326178103301326,0.025066576499010028,0.00026376766624750317
24.17000000000098,-1.9661037921905518,1.4165858030319214,1.9831854104995728,-0.21644801426729326,-1.1533567503030397,0.03414390734288113,0.026749098131076697,0.08070649385927924,0.00041421624179546973,-0.044587671756744385,0.006989247165620327,-0.00036311027361080137,-0.04460191079047846,0.006996458575834036,-0.0001766215152623031
24.18000000000098,-1.9661037921905518,1.4165858030319214,1.9831854104995728,-0.21644801426729326,-1.1533567503030397,0.03414390734288113,0.026749098131076697,0.08070649385927924,0.00041421624179546973,-0.044587671756744385,0.006989247165620327,-0.00036311027361080137,-0.04460191079047846,0.006996458575834036,-0.0001766215152623031
24.190000000000982,-1.9661037921905518,1.4165858030319214,1.9831854104995728,-0.21644801426729326,-1.1533567503030397,0.03414390734288113,0.026749098131076697,0.08070649385927924,0.00041421624179546973,-0.044587671756744385,0.006989247165620327,-0.00036311027361080137,-0.04460191079047846,0.006996458575834036,-0.0001766215152623031
24.200000000000983,-1.970198631286621,1.380681037902832,1.9840443134307861,-0.19434490853199196,-1.154566788748182,0.03269137474790159,0.025773982237570527,0.08091570310195999,0.0004177854195489689,-0.041230667382478714,0.009720347821712494,-0.002709130756556989,-0.04142997122197816,0.009786936753326035,-0.0024657944435879427
24.210000000000985,-1.970198631286621,1.380681037902832,1.9840443134307861,-0.19434490853199196,-1.154566788748182,0.03269137474790159,0.025773982237570527,0.08091570310195999,0.0004177854195489689,-0.041230667382478714,0.009720347821712494,-0.002709130756556989,-0.04142997122197816,0.009786936753326035,-0.0024657944435879427
24.220000000000987,-1.970198631286621,1.380681037902832,1.9840443134307861,-0.19434490853199196,-1.154566788748182,0.03269137474790159,0.025773982237570527,0.08091570310195999,0.0004177854195489689,-0.041230667382478714,0.009720347821712494,-0.002709130756556989,-0.04142997122197816,0.009786936753326035,-0.0024657944435879427
24.230000000000988,-1.9731214046478271,1.3492894172668457,1.9846619367599487,-0.17473136219922017,-1.1552741886223545,0.030153336994653866,0.024335489464393747,0.08122427143370316,0.00034314454021107816,-0.03328198567032814,0.00808407086879015,-0.0038267616182565698,-0.0335773918236217,0.008174794154193468,-0.003640921810002404
24.24000000000099,-1.9731214046478271,1.3492894172668457,1.9846619367599487,-0.17473136219922017,-1.1552741886223545,0.030153336994653866,0.024335489464393747,0.08122427143370316,0.00034314454021107816,-0.03328198567032814,0.00808407086879015,-0.0038267616182565698,-0.0335773918236217,0.008174794154193468,-0.003640921810002404
24.25000000000099,-1.9731214046478271,1.3492894172668457,1.9846619367599487,-0.17473136219922017,-1.1552741886223545,0.030153336994653866,0.024335489464393747,0.08122427143370316,0.00034314454021107816,-0.03328198567032814,0.00808407086879015,-0.0038267616182565698,-0.0335773918236217,0.008174794154193468,-0.003640921810002404
24.260000000000993,-1.9731214046478271,1.3492894172668457,1.9846619367599487,-0.17473136219922017,-1.1552741886223545,0.030153336994653866,0.024335489464393747,0.08122427143370316,0.00034314454021107816,-0.03328198567032814,0.00808407086879015,-0.0038267616182565698,-0.0335773918236217,0.008174794154193468,-0.003640921810002404
24.270000000000994,-1.97688889503479,1.3041744232177734,1.985259771347046,-0.14743189277623023,-1.1565047056117206,0.03134583514085731,0.02298904580210828,0.08182550513793288,0.00025687211950523834,-0.03502646088600159,0.01769200526177883,-0.0007877505850046895,-0.03505769435360023,0.01770543842783441,-0.00038213449811296094
24.280000000000996,-1.97688889503479,1.3041744232177734,1.985259771347046,-0.14743189277623023,-1.1565047056117206,0.03134583514085731,0.02298904580210828,0.08182550513793288,0.00025687211950523834,-0.03502646088600159,0.01769200526177883,-0.0007877505850046895,-0.03505769435360023,0.01770543842783441,-0.00038213449811296094
24.290000000000997,-1.97688889503479,1.3041744232177734,1.985259771347046,-0.14743189277623023,-1.1565047056117206,0.03134583514085731,0.02298904580210828,0.08182550513793288,0.00025687211950523834,-0.03502646088600159,0.01769200526177883,-0.0007877505850046895,-0.03505769435360023,0.01770543842783441,-0.00038213449811296094
24.300000000001,-1.979440450668335,1.2679105997085571,1.9857597351074219,-0.1259623309213832,-1.1568744028220777,0.03311692758850882,0.022213305281983443,0.08215114404182099,0.00029892997837238644,-0.030152171850204468,0.010097766295075417,0.0015146931400522577,-0.030009021219483237,0.010061631548225772,0.0017444890797325874
24.310000000001,-1.979440450668335,1.2679105997085571,1.9857597351074219,-0.1259623309213832,-1.1568744028220777,0.03311692758850882,0.022213305281983443,0.08215114404182099,0.00029892997837238644,-0.030152171850204468,0.010097766295075417,0.0015146931400522577,-0.030009021219483237,0.010061631548225772,0.0017444890797325874
24.320000000001002,-1.979440450668335,1.2679105997085571,1.9857597351074219,-0.1259623309213832,-1.1568744028220777,0.03311692758850882,0.022213305281983443,0.08215114404182099,0.00029892997837238644,-0.030152171850204468,0.010097766295075417,0.0015146931400522577,-0.030009021219483237,0.010061631548225772,0.0017444890797325874
24.330000000001004,-1.9810707569122314,1.236207365989685,1.9862024784088135,-0.10810078353818761,-1.157211256447742,0.0333846267362098,0.020942673159303146,0.08261095065033275,0.000288562653124025,-0.03749753534793854,0.015472855418920517,-0.001947654178366067,-0.03763193596958587,0.015510248483399557,-0.0016287624515643143
24.340000000001005,-1.9810707569122314,1.236207365989685,1.9862024784088135,-0.10810078353818761,-1.157211256447742,0.0333846267362098,0.020942673159303146,0.08261095065033275,0.000288562653124025,-0.03749753534793854,0.015472855418920517,-0.001947654178366067,-0.03763193596958587,0.015510248483399557,-0.0016287624515643143
24.350000000001007,-1.9810707569122314,1.236207365989685,1.9862024784088135,-0.10810078353818761,-1.157211256447742,0.0333846267362098,0.020942673159303146,0.08261095065033275,0.000288562653124025,-0.03749753534793854,0.015472855418920517,-0.001947654178366067,-0.03763193596958587,0.015510248483399557,-0.0016287624515643143
24.36000000000101,-1.9810707569122314,1.236207365989685,1.9862024784088135,-0.10810078353818761,-1.157211256447742,0.0333846267362098,0.020942673159303146,0.08261095065033275,0.000288562653124025,-0.03749753534793854,0.015472855418920517,-0.001947654178366067,-0.03763193596958587,0.015510248483399557,-0.0016287624515643143
24.37000000000101,-1.982917308807373,1.190719723701477,1.9864424467086792,-0.08254171563297381,-1.1573702788979017,0.03180551819862938,0.019172391339146992,0.08355402457053117,0.00043275397449737567,-0.042552847415208817,0.02278139442205429,0.005561835598200557,-0.042050557681747154,0.022670580395083136,0.006018556850361273
24.38000000000101,-1.982917308807373,1.190719723701477,1.9864424467086792,-0.08254171563297381,-1.1573702788979017,0.03180551819862938,0.019172391339146992,0.08355402457053117,0.00043275397449737567,-0.042552847415208817,0.02278139442205429,0.005561835598200557,-0.042050557681747154,0.022670580395083136,0.006018556850361273
24.390000000001013,-1.982917308807373,1.190719723701477,1.9864424467086792,-0.08254171563297381,-1.1573702788979017,0.03180551819862938,0.019172391339146992,0.08355402457053117,0.00043275397449737567,-0.042552847415208817,0.02278139442205429,0.005561835598200557,-0.042050557681747154,0.022670580395083136,0.006018556850361273
24.400000000001015,-1.9839049577713013,1.1542404890060425,1.9865727424621582,-0.061779785760134306,-1.157019548670093,0.03134541264356083,0.018320688174391322,0.08399311434976632,0.0005473920353145094,-0.042377620935440063,0.02363329380750656,0.006056359037756917,-0.04183136350151357,0.02351837723064019,0.006511251078523485
24.410000000001016,-1.9839049577713013,1.1542404890060425,1.9865727424621582,-0.061779785760134306,-1.157019548670093,0.03134541264356083,0.018320688174391322,0.08399311434976632,0.0005473920353145094,-0.042377620935440063,0.02363329380750656,0.006056359037756917,-0.04183136350151357,0.02351837723064019,0.006511251078523485
24.420000000001018,-1.9839049577713013,1.1542404890060425,1.9865727424621582,-0.061779785760134306,-1.157019548670093,0.03134541264356083,0.018320688174391322,0.08399311434976632,0.0005473920353145094,-0.042377620935440063,0.02363329380750656,0.006056359037756917,-0.04183136350151357,0.02351837723064019,0.006511251078523485
24.43000000000102,-1.983445405960083,1.1227853298187256,1.9867057800292969,-0.04327311076298376,-1.154945588711285,0.03125494373867184,0.016558913595663013,0.08502567850658102,0.0005109400553932284,-0.05062896013259888,0.02549230121076107,-0.0008046111906878682,-0.050661552135219126,0.02550212920478117,-0.0003837817734504135
24.44000000000102,-1.983445405960083,1.1227853298187256,1.9867057800292969,-0.04327311076298376,-1.154945588711285,0.03125494373867184,0.016558913595663013,0.08502567850658102,0.0005109400553932284,-0.05062896013259888,0.02549230121076107,-0.0008046111906878682,-0.050661552135219126,0.02550212920478117,-0.0003837817734504135
24.450000000001022,-1.983445405960083,1.1227853298187256,1.9867057800292969,-0.04327311076298376,-1.154945588711285,0.03125494373867184,0.016558913595663013,0.08502567850658102,0.0005109400553932284,-0.05062896013259888,0.02549230121076107,-0.0008046111906878682,-0.050661552135219126,0.02550212920478117,-0.0003837817734504135
24.460000000001024,-1.983445405960083,1.1227853298187256,1.9867057800292969,-0.04327311076298376,-1.154945588711285,0.03125494373867184,0.016558913595663013,0.08502567850658102,0.0005109400553932284,-0.05062896013259888,0.02549230121076107,-0.0008046111906878682,-0.050661552135219126,0.02550212920478117,-0.0003837817734504135
24.470000000001026,-1.9804608821868896,1.078760027885437,1.9870800971984863,-0.015744129476347856,-1.1524784388502485,0.031855018281150026,0.01425379417355324,0.08644299282571016,0.0004522716177665285,-0.05048350989818573,0.026321055367588997,0.00025009748060255923,-0.050429327752104645,0.026314816862615702,0.0006275775692611951
24.480000000001027,-1.9804608821868896,1.078760027885437,1.9870800971984863,-0.015744129476347856,-1.1524784388502485,0.031855018281150026,0.01425379417355324,0.08644299282571016,0.0004522716177665285,-0.05048350989818573,0.026321055367588997,0.00025009748060255923,-0.050429327752104645,0.026314816862615702,0.0006275775692611951
24.49000000000103,-1.9804608821868896,1.078760027885437,1.9870800971984863,-0.015744129476347856,-1.1524784388502485,0.031855018281150026,0.01425379417355324,0.08644299282571016,0.0004522716177665285,-0.05048350989818573,0.026321055367588997,0.00025009748060255923,-0.050429327752104645,0.026314816862615702,0.0006275775692611951
24.50000000000103,-1.9778214693069458,1.043326735496521,1.9874507188796997,0.005908328179102541,-1.1507390344081943,0.03327378675467853,0.013568532655743407,0.08709923554067123,0.0003781544655391762,-0.042364317923784256,0.039813462644815445,-0.003806895576417451,-0.0426495362519664,0.0398614501727114,-0.0032787804627696184
24.510000000001032,-1.9778214693069458,1.043326735496521,1.9874507188796997,0.005908328179102541,-1.1507390344081943,0.03327378675467853,0.013568532655743407,0.08709923554067123,0.0003781544655391762,-0.042364317923784256,0.039813462644815445,-0.003806895576417451,-0.0426495362519664,0.0398614501727114,-0.0032787804627696184
24.520000000001033,-1.9778214693069458,1.043326735496521,1.9874507188796997,0.005908328179102541,-1.1507390344081943,0.03327378675467853,0.013568532655743407,0.08709923554067123,0.0003781544655391762,-0.042364317923784256,0.039813462644815445,-0.003806895576417451,-0.0426495362519664,0.0398614501727114,-0.0032787804627696184
24.530000000001035,-1.974835991859436,1.0124510526657104,1.9877711534500122,0.02553065651536226,-1.1477088238889093,0.03287129375012682,0.01192276003144406,0.08825634224187431,0.00019124646451549617,-0.044468726962804794,0.020441075786948204,-0.0024079103022813823,-0.044660213847597385,0.02046833118868602,-0.002172486347230658
24.540000000001037,-1.974835991859436,1.0124510526657104,1.9877711534500122,0.02553065651536226,-1.1477088238889093,0.03287129375012682,0.01192276003144406,0.08825634224187431,0.00019124646451549617,-0.044468726962804794,0.020441075786948204,-0.0024079103022813823,-0.044660213847597385,0.02046833118868602,-0.002172486347230658
24.550000000001038,-1.974835991859436,1.0124510526657104,1.9877711534500122,0.02553065651536226,-1.1477088238889093,0.03287129375012682,0.01192276003144406,0.08825634224187431,0.00019124646451549617,-0.044468726962804794,0.020441075786948204,-0.0024079103022813823,-0.044660213847597385,0.02046833118868602,-0.002172486347230658
24.56000000000104,-1.974835991859436,1.0124510526657104,1.9877711534500122,0.02553065651536226,-1.1477088238889093,0.03287129375012682,0.01192276003144406,0.08825634224187431,0.00019124646451549617,-0.044468726962804794,0.020441075786948204,-0.0024079103022813823,-0.044660213847597385,0.02046833118868602,-0.002172486347230658
24.57000000000104,-1.9702459573745728,0.9681975841522217,1.9882107973098755,0.052148385747278675,-1.1425209570202304,0.032530557040363645,0.009894456486477913,0.08897265281503737,2.7262136228273895e-05,-0.049020037055015564,0.013928011059761047,-0.0038272961974144,-0.049349152852280254,0.01396519768509879,-0.0037039518203790633
24.580000000001043,-1.9702459573745728,0.9681975841522217,1.9882107973098755,0.052148385747278675,-1.1425209570202304,0.032530557040363645,0.009894456486477913,0.08897265281503737,2.7262136228273895e-05,-0.049020037055015564,0.013928011059761047,-0.0038272961974144,-0.049349152852280254,0.01396519768509879,-0.0037039518203790633
24.590000000001044,-1.9702459573745728,0.9681975841522217,1.9882107973098755,0.052148385747278675,-1.1425209570202304,0.032530557040363645,0.009894456486477913,0.08897265281503737,2.7262136228273895e-05,-0.049020037055015564,0.013928011059761047,-0.0038272961974144,-0.049349152852280254,0.01396519768509879,-0.0037039518203790633
24.600000000001046,-1.9661922454833984,0.9327402114868164,1.9885783195495605,0.07427867819710053,-1.1392348364287246,0.031870419400088563,0.008865847254942294,0.08922308571659514,-5.4796732214659776e-05,-0.04131973534822464,0.008419905789196491,-0.004201968200504781,-0.041688953073777735,0.008456828395584582,-0.004143636744877004
24.610000000001047,-1.9661922454833984,0.9327402114868164,1.9885783195495605,0.07427867819710053,-1.1392348364287246,0.031870419400088563,0.008865847254942294,0.08922308571659514,-5.4796732214659776e-05,-0.04131973534822464,0.008419905789196491,-0.004201968200504781,-0.041688953073777735,0.008456828395584582,-0.004143636744877004
24.62000000000105,-1.9661922454833984,0.9327402114868164,1.9885783195495605,0.07427867819710053,-1.1392348364287246,0.031870419400088563,0.008865847254942294,0.08922308571659514,-5.4796732214659776e-05,-0.04131973534822464,0.008419905789196491,-0.004201968200504781,-0.041688953073777735,0.008456828395584582,-0.004143636744877004
24.63000000000105,-1.9620260000228882,0.9018661975860596,1.9888659715652466,0.09234299036375508,-1.1351329273661668,0.030456120896995363,0.0075169966948451855,0.08969935212106027,-1.9561086643374998e-05,-0.03236835449934006,0.012942399829626083,0.0006885537295602246,-0.03229767717683535,0.01293685836728243,0.0007889933188485371
24.640000000001052,-1.9620260000228882,0.9018661975860596,1.9888659715652466,0.09234299036375508,-1.1351329273661668,0.030456120896995363,0.0075169966948451855,0.08969935212106027,-1.9561086643374998e-05,-0.03236835449934006,0.012942399829626083,0.0006885537295602246,-0.03229767717683535,0.01293685836728243,0.0007889933188485371
24.650000000001054,-1.9620260000228882,0.9018661975860596,1.9888659715652466,0.09234299036375508,-1.1351329273661668,0.030456120896995363,0.0075169966948451855,0.08969935212106027,-1.9561086643374998e-05,-0.03236835449934006,0.012942399829626083,0.0006885537295602246,-0.03229767717683535,0.01293685836728243,0.0007889933188485371
24.660000000001055,-1.9620260000228882,0.9018661975860596,1.9888659715652466,0.09234299036375508,-1.1351329273661668,0.030456120896995363,0.0075169966948451855,0.08969935212106027,-1.9561086643374998e-05,-0.03236835449934006,0.012942399829626083,0.0006885537295602246,-0.03229767717683535,0.01293685836728243,0.0007889933188485371
24.670000000001057,-1.9556249380111694,0.8576908111572266,1.9892771244049072,0.11819874101446258,-1.1304082116314396,0.030800858622187482,0.005917053544605408,0.08991401154009511,5.684804407788379e-05,-0.041837871074676514,0.006099943071603775,0.0018420835258439177,-0.04166854298646224,0.006088936644514214,0.0018857623746227246
24.68000000000106,-1.9556249380111694,0.8576908111572266,1.9892771244049072,0.11819874101446258,-1.1304082116314396,0.030800858622187482,0.005917053544605408,0.08991401154009511,5.684804407788379e-05,-0.041837871074676514,0.006099943071603775,0.0018420835258439177,-0.04166854298646224,0.006088936644514214,0.0018857623746227246
24.69000000000106,-1.9556249380111694,0.8576908111572266,1.9892771244049072,0.11819874101446258,-1.1304082116314396,0.030800858622187482,0.005917053544605408,0.08991401154009511,5.684804407788379e-05,-0.041837871074676514,0.006099943071603775,0.0018420835258439177,-0.04166854298646224,0.006088936644514214,0.0018857623746227246
24.70000000000106,-1.9500170946121216,0.8223586082458496,1.989571213722229,0.13947726552642994,-1.1263257779119102,0.031845372165713696,0.0052802946771990334,0.08999073772176117,9.810194025095648e-05,-0.039932459592819214,0.00310209789313376,0.003098675515502691,-0.03965137817038957,0.003085692803846141,0.00312766813701326
24.710000000001063,-1.9500170946121216,0.8223586082458496,1.989571213722229,0.13947726552642994,-1.1263257779119102,0.031845372165713696,0.0052802946771990334,0.08999073772176117,9.810194025095648e-05,-0.039932459592819214,0.00310209789313376,0.003098675515502691,-0.03965137817038957,0.003085692803846141,0.00312766813701326
24.720000000001065,-1.9500170946121216,0.8223586082458496,1.989571213722229,0.13947726552642994,-1.1263257779119102,0.031845372165713696,0.0052802946771990334,0.08999073772176117,9.810194025095648e-05,-0.039932459592819214,0.00310209789313376,0.003098675515502691,-0.03965137817038957,0.003085692803846141,0.00312766813701326
24.730000000001066,-1.9445409774780273,0.7915863990783691,1.989823579788208,0.15679514729023686,-1.1217024178028863,0.03132669020776575,0.0034879171865945338,0.09034549694205599,0.00014813129433749337,-0.041526466608047485,0.012396118603646755,-0.0011844723485410229,-0.04162985291620501,0.012400174533906669,-0.0011459020191545216
24.740000000001068,-1.9445409774780273,0.7915863990783691,1.989823579788208,0.15679514729023686,-1.1217024178028863,0.03132669020776575,0.0034879171865945338,0.09034549694205599,0.00014813129433749337,-0.041526466608047485,0.012396118603646755,-0.0011844723485410229,-0.04162985291620501,0.012400174533906669,-0.0011459020191545216
24.75000000000107,-1.9445409774780273,0.7915863990783691,1.989823579788208,0.15679514729023686,-1.1217024178028863,0.03132669020776575,0.0034879171865945338,0.09034549694205599,0.00014813129433749337,-0.041526466608047485,0.012396118603646755,-0.0011844723485410229,-0.04162985291620501,0.012400174533906669,-0.0011459020191545216
24.76000000000107,-1.9445409774780273,0.7915863990783691,1.989823579788208,0.15679514729023686,-1.1217024178028863,0.03132669020776575,0.0034879171865945338,0.09034549694205599,0.00014813129433749337,-0.041526466608047485,0.012396118603646755,-0.0011844723485410229,-0.04162985291620501,0.012400174533906669,-0.0011459020191545216
24.770000000001072,-1.9361459016799927,0.7476813793182373,1.9902135133743286,0.18285781943608534,-1.1153885821690575,0.031355473887349085,0.0014226258689751371,0.09108814101677351,7.951935095952123e-05,-0.05082641914486885,0.01777362823486328,-0.0013761409791186474,-0.050949807400104595,0.017775567982255807,-0.00135647786390755
24.780000000001074,-1.9361459016799927,0.7476813793182373,1.9902135133743286,0.18285781943608534,-1.1153885821690575,0.031355473887349085,0.0014226258689751371,0.09108814101677351,7.951935095952123e-05,-0.05082641914486885,0.01777362823486328,-0.0013761409791186474,-0.050949807400104595,0.017775567982255807,-0.00135647786390755
24.790000000001076,-1.9361459016799927,0.7476813793182373,1.9902135133743286,0.18285781943608534,-1.1153885821690575,0.031355473887349085,0.0014226258689751371,0.09108814101677351,7.951935095952123e-05,-0.05082641914486885,0.01777362823486328,-0.0013761409791186474,-0.050949807400104595,0.017775567982255807,-0.00135647786390755
24.800000000001077,-1.928918480873108,0.7126314640045166,1.990460753440857,0.20260591697489694,-1.1100657221901125,0.03168889513621319,0.0005164560793377024,0.09130469253348357,3.101940744224208e-05,-0.055618736892938614,0.011051585897803307,-0.002274532336741687,-0.0558264687815229,0.011052759119926554,-0.0022783144168054712
24.81000000000108,-1.928918480873108,0.7126314640045166,1.990460753440857,0.20260591697489694,-1.1100657221901125,0.03168889513621319,0.0005164560793377024,0.09130469253348357,3.101940744224208e-05,-0.055618736892938614,0.011051585897803307,-0.002274532336741687,-0.0558264687815229,0.011052759119926554,-0.0022783144168054712
24.82000000000108,-1.928918480873108,0.7126314640045166,1.990460753440857,0.20260591697489694,-1.1100657221901125,0.03168889513621319,0.0005164560793377024,0.09130469253348357,3.101940744224208e-05,-0.055618736892938614,0.011051585897803307,-0.002274532336741687,-0.0558264687815229,0.011052759119926554,-0.0022783144168054712
24.830000000001082,-1.9212086200714111,0.6827304363250732,1.9907537698745728,0.22060167502633385,-1.1041942838455363,0.03071097499476305,-0.0019043295894804295,0.09196134116575484,-0.00015926523776507373,-0.06160531938076019,0.017922626808285713,0.0007213733042590298,-0.061541940975133394,0.017923968042048752,0.0006901576653882208
24.840000000001083,-1.9212086200714111,0.6827304363250732,1.9907537698745728,0.22060167502633385,-1.1041942838455363,0.03071097499476305,-0.0019043295894804295,0.09196134116575484,-0.00015926523776507373,-0.06160531938076019,0.017922626808285713,0.0007213733042590298,-0.061541940975133394,0.017923968042048752,0.0006901576653882208
24.850000000001085,-1.9212086200714111,0.6827304363250732,1.9907537698745728,0.22060167502633385,-1.1041942838455363,0.03071097499476305,-0.0019043295894804295,0.09196134116575484,-0.00015926523776507373,-0.06160531938076019,0.017922626808285713,0.0007213733042590298,-0.061541940975133394,0.017923968042048752,0.0006901576653882208
24.860000000001087,-1.9212086200714111,0.6827304363250732,1.9907537698745728,0.22060167502633385,-1.1041942838455363,0.03071097499476305,-0.0019043295894804295,0.09196134116575484,-0.00015926523776507373,-0.06160531938076019,0.017922626808285713,0.0007213733042590298,-0.061541940975133394,0.017923968042048752,0.0006901576653882208
24.870000000001088,-1.9076201915740967,0.6415259838104248,1.9914054870605469,0.2469943452061886,-1.0962369738657853,0.031030500953012463,-0.004015305362273331,0.09260190968934262,-9.811724942023874e-05,-0.057009123265743256,0.01689060963690281,0.0019208863377571084,-0.056837035116370685,0.016898186400649485,0.0018610236239433556
24.88000000000109,-1.9076201915740967,0.6415259838104248,1.9914054870605469,0.2469943452061886,-1.0962369738657853,0.031030500953012463,-0.004015305362273331,0.09260190968934262,-9.811724942023874e-05,-0.057009123265743256,0.01689060963690281,0.0019208863377571084,-0.056837035116370685,0.016898186400649485,0.0018610236239433556
24.89000000000109,-1.9076201915740967,0.6415259838104248,1.9914054870605469,0.2469943452061886,-1.0962369738657853,0.031030500953012463,-0.004015305362273331,0.09260190968934262,-9.811724942023874e-05,-0.057009123265743256,0.01689060963690281,0.0019208863377571084,-0.056837035116370685,0.016898186400649485,0.0018610236239433556
24.900000000001093,-1.896554946899414,0.608436107635498,1.9919025897979736,0.26795695803743924,-1.0888790160829123,0.03131833658512136,-0.005504525210160987,0.09306916641062576,-0.00013380893710525675,-0.062396660447120667,0.01776748336851597,-0.002634831238538029,-0.06265171739170762,0.017752710771883982,-0.0027444699307669217
24.910000000001094,-1.896554946899414,0.608436107635498,1.9919025897979736,0.26795695803743924,-1.0888790160829123,0.03131833658512136,-0.005504525210160987,0.09306916641062576,-0.00013380893710525675,-0.062396660447120667,0.01776748336851597,-0.002634831238538029,-0.06265171739170762,0.017752710771883982,-0.0027444699307669217
24.920000000001096,-1.896554946899414,0.608436107635498,1.9919025897979736,0.26795695803743924,-1.0888790160829123,0.03131833658512136,-0.005504525210160987,0.09306916641062576,-0.00013380893710525675,-0.062396660447120667,0.01776748336851597,-0.002634831238538029,-0.06265171739170762,0.017752710771883982,-0.0027444699307669217
24.930000000001098,-1.886212706565857,0.5797653198242188,1.9921599626541138,0.28649831695302885,-1.0817518841671498,0.03030762974294851,-0.007627585928187149,0.09359875803299567,-9.563006628662409e-05,-0.05531241372227669,0.0074519673362374314,0.004250920377671718,-0.054918714209251415,0.007484174505356528,0.0042123951046384505
24.9400000000011,-1.886212706565857,0.5797653198242188,1.9921599626541138,0.28649831695302885,-1.0817518841671498,0.03030762974294851,-0.007627585928187149,0.09359875803299567,-9.563006628662409e-05,-0.05531241372227669,0.0074519673362374314,0.004250920377671718,-0.054918714209251415,0.007484174505356528,0.0042123951046384505
24.9500000000011,-1.886212706565857,0.5797653198242188,1.9921599626541138,0.28649831695302885,-1.0817518841671498,0.03030762974294851,-0.007627585928187149,0.09359875803299567,-9.563006628662409e-05,-0.05531241372227669,0.0074519673362374314,0.004250920377671718,-0.054918714209251415,0.007484174505356528,0.0042123951046384505
24.960000000001102,-1.886212706565857,0.5797653198242188,1.9921599626541138,0.28649831695302885,-1.0817518841671498,0.03030762974294851,-0.007627585928187149,0.09359875803299567,-9.563006628662409e-05,-0.05531241372227669,0.0074519673362374314,0.004250920377671718,-0.054918714209251415,0.007484174505356528,0.0042123951046384505
24.970000000001104,-1.8711739778518677,0.5387616157531738,1.9924285411834717,0.31183047378342443,-1.0710640313857769,0.02863124151009764,-0.009855055889054058,0.09364260200243982,-0.00010700398083872462,-0.04723649471998215,-0.004273977130651474,-0.0011716224253177638,-0.047342569210493686,-0.004285315801038725,-0.001134416106966226
24.980000000001105,-1.8711739778518677,0.5387616157531738,1.9924285411834717,0.31183047378342443,-1.0710640313857769,0.02863124151009764,-0.009855055889054058,0.09364260200243982,-0.00010700398083872462,-0.04723649471998215,-0.004273977130651474,-0.0011716224253177638,-0.047342569210493686,-0.004285315801038725,-0.001134416106966226
24.990000000001107,-1.8711739778518677,0.5387616157531738,1.9924285411834717,0.31183047378342443,-1.0710640313857769,0.02863124151009764,-0.009855055889054058,0.09364260200243982,-0.00010700398083872462,-0.04723649471998215,-0.004273977130651474,-0.0011716224253177638,-0.047342569210493686,-0.004285315801038725,-0.001134416106966226
25.00000000000111,-1.8588062524795532,0.5060100555419922,1.9925274848937988,0.33240388901327445,-1.0625734914162381,0.029655993942053156,-0.010780216439413357,0.09344151210561351,-7.45016797729181e-05,-0.046373769640922546,-0.012291107326745987,0.0013241820270195619,-0.046237264904507525,-0.012276118447657665,0.0014629855639798543
25.01000000000111,-1.8588062524795532,0.5060100555419922,1.9925274848937988,0.33240388901327445,-1.0625734914162381,0.029655993942053156,-0.010780216439413357,0.09344151210561351,-7.45016797729181e-05,-0.046373769640922546,-0.012291107326745987,0.0013241820270195619,-0.046237264904507525,-0.012276118447657665,0.0014629855639798543
25.02000000000111,-1.8588062524795532,0.5060100555419922,1.9925274848937988,0.33240388901327445,-1.0625734914162381,0.029655993942053156,-0.010780216439413357,0.09344151210561351,-7.45016797729181e-05,-0.046373769640922546,-0.012291107326745987,0.0013241820270195619,-0.046237264904507525,-0.012276118447657665,0.0014629855639798543
25.030000000001113,-1.847404956817627,0.4776341915130615,1.9926178455352783,0.3489361294151192,-1.05509354128749,0.028792625155434733,-0.012463133094747777,0.09305699116730892,7.857387076585903e-05,-0.03984268009662628,-0.007704745978116989,0.002133600879460574,-0.03963461250521387,-0.0076775569346410055,0.002239146028754456
25.040000000001115,-1.847404956817627,0.4776341915130615,1.9926178455352783,0.3489361294151192,-1.05509354128749,0.028792625155434733,-0.012463133094747777,0.09305699116730892,7.857387076585903e-05,-0.03984268009662628,-0.007704745978116989,0.002133600879460574,-0.03963461250521387,-0.0076775569346410055,0.002239146028754456
25.050000000001116,-1.847404956817627,0.4776341915130615,1.9926178455352783,0.3489361294151192,-1.05509354128749,0.028792625155434733,-0.012463133094747777,0.09305699116730892,7.857387076585903e-05,-0.03984268009662628,-0.007704745978116989,0.002133600879460574,-0.03963461250521387,-0.0076775569346410055,0.002239146028754456
25.060000000001118,-1.847404956817627,0.4776341915130615,1.9926178455352783,0.3489361294151192,-1.05509354128749,0.028792625155434733,-0.012463133094747777,0.09305699116730892,7.857387076585903e-05,-0.03984268009662628,-0.007704745978116989,0.002133600879460574,-0.03963461250521387,-0.0076775569346410055,0.002239146028754456
25.07000000000112,-1.8307174444198608,0.4371960163116455,1.9928276538848877,0.3739345473433752,-1.0427194208938857,0.03042385230345568,-0.014189641286814547,0.09254883805581567,6.035352129420336e-05,-0.04441770166158676,-0.013605508953332901,0.0013187257573008555,-0.044277399979510176,-0.013585427651938157,0.0015181408294812832
25.08000000000112,-1.8307174444198608,0.4371960163116455,1.9928276538848877,0.3739345473433752,-1.0427194208938857,0.03042385230345568,-0.014189641286814547,0.09254883805581567,6.035352129420336e-05,-0.04441770166158676,-0.013605508953332901,0.0013187257573008555,-0.044277399979510176,-0.013585427651938157,0.0015181408294812832
25.090000000001123,-1.8307174444198608,0.4371960163116455,1.9928276538848877,0.3739345473433752,-1.0427194208938857,0.03042385230345568,-0.014189641286814547,0.09254883805581567,6.035352129420336e-05,-0.04441770166158676,-0.013605508953332901,0.0013187257573008555,-0.044277399979510176,-0.013585427651938157,0.0015181408294812832
25.100000000001124,-1.8169512748718262,0.40503501892089844,1.9930728673934937,0.39258570453505587,-1.0318970721891834,0.03234014480123313,-0.014836939944014502,0.09239420936976281,3.447939665256617e-05,-0.03972897678613663,-0.008537931367754936,-0.0012330684112384905,-0.03983148070398944,-0.0085552859278885,-0.0011109993215731985
25.110000000001126,-1.8169512748718262,0.40503501892089844,1.9930728673934937,0.39258570453505587,-1.0318970721891834,0.03234014480123313,-0.014836939944014502,0.09239420936976281,3.447939665256617e-05,-0.03972897678613663,-0.008537931367754936,-0.0012330684112384905,-0.03983148070398944,-0.0085552859278885,-0.0011109993215731985
25.120000000001127,-1.8169512748718262,0.40503501892089844,1.9930728673934937,0.39258570453505587,-1.0318970721891834,0.03234014480123313,-0.014836939944014502,0.09239420936976281,3.447939665256617e-05,-0.03972897678613663,-0.008537931367754936,-0.0012330684112384905,-0.03983148070398944,-0.0085552859278885,-0.0011109993215731985
25.13000000000113,-1.8043910264968872,0.3771789073944092,1.993421196937561,0.40846606979022143,-1.0243277353021145,0.03221947972834083,-0.01673004861523077,0.09185410832946346,-7.687394786942837e-05,-0.043364837765693665,-0.013781711459159851,-0.0038679393474012596,-0.0436998391564528,-0.013844490586007636,-0.0036522365592153894
25.14000000000113,-1.8043910264968872,0.3771789073944092,1.993421196937561,0.40846606979022143,-1.0243277353021145,0.03221947972834083,-0.01673004861523077,0.09185410832946346,-7.687394786942837e-05,-0.043364837765693665,-0.013781711459159851,-0.0038679393474012596,-0.0436998391564528,-0.013844490586007636,-0.0036522365592153894
25.150000000001132,-1.8043910264968872,0.3771789073944092,1.993421196937561,0.40846606979022143,-1.0243277353021145,0.03221947972834083,-0.01673004861523077,0.09185410832946346,-7.687394786942837e-05,-0.043364837765693665,-0.013781711459159851,-0.0038679393474012596,-0.0436998391564528,-0.013844490586007636,-0.0036522365592153894
25.160000000001133,-1.8043910264968872,0.3771789073944092,1.993421196937561,0.40846606979022143,-1.0243277353021145,0.03221947972834083,-0.01673004861523077,0.09185410832946346,-7.687394786942837e-05,-0.043364837765693665,-0.013781711459159851,-0.0038679393474012596,-0.0436998391564528,-0.013844490586007636,-0.0036522365592153894
25.170000000001135,-1.7859877347946167,0.3375105857849121,1.9939100742340088,0.4312895159405564,-1.0144845561691977,0.031821238971977715,-0.018319929631788807,0.09176106417661396,-8.040183203534671e-05,-0.04606391116976738,-0.002833223901689052,0.003660452086478472,-0.045722358839559926,-0.002765692998295603,0.003727421010290568
25.180000000001137,-1.7859877347946167,0.3375105857849121,1.9939100742340088,0.4312895159405564,-1.0144845561691977,0.031821238971977715,-0.018319929631788807,0.09176106417661396,-8.040183203534671e-05,-0.04606391116976738,-0.002833223901689052,0.003660452086478472,-0.045722358839559926,-0.002765692998295603,0.003727421010290568
25.190000000001138,-1.7859877347946167,0.3375105857849121,1.9939100742340088,0.4312895159405564,-1.0144845561691977,0.031821238971977715,-0.018319929631788807,0.09176106417661396,-8.040183203534671e-05,-0.04606391116976738,-0.002833223901689052,0.003660452086478472,-0.045722358839559926,-0.002765692998295603,0.003727421010290568
25.20000000000114,-1.7708301544189453,0.30596375465393066,1.9942359924316406,0.45013010831839473,-1.0040111201899513,0.0314011925117441,-0.019403509894338575,0.09178390002625685,-4.067131386627046e-05,-0.0445164293050766,0.0018945256015285852,0.0011051516048610208,-0.04441811083768842,0.0019156114464155085,0.0010727006255081524
25.21000000000114,-1.7708301544189453,0.30596375465393066,1.9942359924316406,0.45013010831839473,-1.0040111201899513,0.0314011925117441,-0.019403509894338575,0.09178390002625685,-4.067131386627046e-05,-0.0445164293050766,0.0018945256015285852,0.0011051516048610208,-0.04441811083768842,0.0019156114464155085,0.0010727006255081524
25.220000000001143,-1.7708301544189453,0.30596375465393066,1.9942359924316406,0.45013010831839473,-1.0040111201899513,0.0314011925117441,-0.019403509894338575,0.09178390002625685,-4.067131386627046e-05,-0.0445164293050766,0.0018945256015285852,0.0011051516048610208,-0.04441811083768842,0.0019156114464155085,0.0010727006255081524
25.230000000001144,-1.7561672925949097,0.27940845489501953,1.9945811033248901,0.46675839985967377,-0.9937677856809269,0.03022998744131529,-0.021455661067061673,0.09178762834170248,-0.0001612000772987389,-0.06997743248939514,0.004013746045529842,0.0002263555070385332,-0.06996452829825761,0.0040176784606511294,0.00014078507925919522
25.240000000001146,-1.7561672925949097,0.27940845489501953,1.9945811033248901,0.46675839985967377,-0.9937677856809269,0.03022998744131529,-0.021455661067061673,0.09178762834170248,-0.0001612000772987389,-0.06997743248939514,0.004013746045529842,0.0002263555070385332,-0.06996452829825761,0.0040176784606511294,0.00014078507925919522
25.250000000001148,-1.7561672925949097,0.27940845489501953,1.9945811033248901,0.46675839985967377,-0.9937677856809269,0.03022998744131529,-0.021455661067061673,0.09178762834170248,-0.0001612000772987389,-0.06997743248939514,0.004013746045529842,0.0002263555070385332,-0.06996452829825761,0.0040176784606511294,0.00014078507925919522
25.26000000000115,-1.7561672925949097,0.27940845489501953,1.9945811033248901,0.46675839985967377,-0.9937677856809269,0.03022998744131529,-0.021455661067061673,0.09178762834170248,-0.0001612000772987389,-0.06997743248939514,0.004013746045529842,0.0002263555070385332,-0.06996452829825761,0.0040176784606511294,0.00014078507925919522
25.27000000000115,-1.7326440811157227,0.24349546432495117,1.9952783584594727,0.49092504594535796,-0.9781957430135861,0.03145733083144001,-0.024195312242876722,0.09182363867813792,-3.674178531175049e-05,-0.05960530787706375,-0.009240549989044666,0.004772100597620011,-0.05914542350509072,-0.009122394152522714,0.005015388995426287
25.280000000001152,-1.7326440811157227,0.24349546432495117,1.9952783584594727,0.49092504594535796,-0.9781957430135861,0.03145733083144001,-0.024195312242876722,0.09182363867813792,-3.674178531175049e-05,-0.05960530787706375,-0.009240549989044666,0.004772100597620011,-0.05914542350509072,-0.009122394152522714,0.005015388995426287
25.290000000001154,-1.7326440811157227,0.24349546432495117,1.9952783584594727,0.49092504594535796,-0.9781957430135861,0.03145733083144001,-0.024195312242876722,0.09182363867813792,-3.674178531175049e-05,-0.05960530787706375,-0.009240549989044666,0.004772100597620011,-0.05914542350509072,-0.009122394152522714,0.005015388995426287
25.300000000001155,-1.7137069702148438,0.2147679328918457,1.9957221746444702,0.5094972705600256,-0.9657448905307231,0.03116752012543592,-0.02556530379756859,0.09164482960678498,7.028202416701862e-05,-0.05750636011362076,-0.006458951160311698,0.006100025959312917,-0.056930763405416876,-0.006300908509526952,0.00628953339450943
25.310000000001157,-1.7137069702148438,0.2147679328918457,1.9957221746444702,0.5094972705600256,-0.9657448905307231,0.03116752012543592,-0.02556530379756859,0.09164482960678498,7.028202416701862e-05,-0.05750636011362076,-0.006458951160311698,0.006100025959312917,-0.056930763405416876,-0.006300908509526952,0.00628953339450943
25.32000000000116,-1.7137069702148438,0.2147679328918457,1.9957221746444702,0.5094972705600256,-0.9657448905307231,0.03116752012543592,-0.02556530379756859,0.09164482960678498,7.028202416701862e-05,-0.05750636011362076,-0.006458951160311698,0.006100025959312917,-0.056930763405416876,-0.006300908509526952,0.00628953339450943
25.33000000000116,-1.6965563297271729,0.19004464149475098,1.9960540533065796,0.5262759544338894,-0.9542351709045823,0.029224160274209446,-0.027566841399828547,0.09107556783624303,3.183560201214987e-05,-0.04450113698840141,-0.010209268890321255,-0.0003929088707081961,-0.044511307110808467,-0.010216219852059056,-0.00011182138143859512
25.34000000000116,-1.6965563297271729,0.19004464149475098,1.9960540533065796,0.5262759544338894,-0.9542351709045823,0.029224160274209446,-0.027566841399828547,0.09107556783624303,3.183560201214987e-05,-0.04450113698840141,-0.010209268890321255,-0.0003929088707081961,-0.044511307110808467,-0.010216219852059056,-0.00011182138143859512
25.350000000001163,-1.6965563297271729,0.19004464149475098,1.9960540533065796,0.5262759544338894,-0.9542351709045823,0.029224160274209446,-0.027566841399828547,0.09107556783624303,3.183560201214987e-05,-0.04450113698840141,-0.010209268890321255,-0.0003929088707081961,-0.044511307110808467,-0.010216219852059056,-0.00011182138143859512
25.360000000001165,-1.6965563297271729,0.19004464149475098,1.9960540533065796,0.5262759544338894,-0.9542351709045823,0.029224160274209446,-0.027566841399828547,0.09107556783624303,3.183560201214987e-05,-0.04450113698840141,-0.010209268890321255,-0.0003929088707081961,-0.044511307110808467,-0.010216219852059056,-0.00011182138143859512
25.370000000001166,-1.6718976497650146,0.1548011302947998,1.9964805841445923,0.548812421746625,-0.9376300552613334,0.029745978911935932,-0.029054228562955645,0.0900378260900004,-2.795495840481168e-05,-0.02645377814769745,-0.031202327460050583,-0.0021127748768776616,-0.02656260859956128,-0.03125053510040945,-0.001210353919282425
25.380000000001168,-1.6718976497650146,0.1548011302947998,1.9964805841445923,0.548812421746625,-0.9376300552613334,0.029745978911935932,-0.029054228562955645,0.0900378260900004,-2.795495840481168e-05,-0.02645377814769745,-0.031202327460050583,-0.0021127748768776616,-0.02656260859956128,-0.03125053510040945,-0.001210353919282425
25.39000000000117,-1.6718976497650146,0.1548011302947998,1.9964805841445923,0.548812421746625,-0.9376300552613334,0.029745978911935932,-0.029054228562955645,0.0900378260900004,-2.795495840481168e-05,-0.02645377814769745,-0.031202327460050583,-0.0021127748768776616,-0.02656260859956128,-0.03125053510040945,-0.001210353919282425
25.40000000000117,-1.6519461870193481,0.12676668167114258,1.9968055486679077,0.5649217788726463,-0.9239749393720814,0.03011280446015137,-0.02971713955243558,0.0894229481727353,-5.399772498083349e-05,-0.03242295980453491,-0.031840771436691284,-0.004275992978364226,-0.03272135764867835,-0.031953764623320106,-0.0033413783541349964
25.410000000001173,-1.6519461870193481,0.12676668167114258,1.9968055486679077,0.5649217788726463,-0.9239749393720814,0.03011280446015137,-0.02971713955243558,0.0894229481727353,-5.399772498083349e-05,-0.03242295980453491,-0.031840771436691284,-0.004275992978364226,-0.03272135764867835,-0.031953764623320106,-0.0033413783541349964
25.420000000001174,-1.6519461870193481,0.12676668167114258,1.9968055486679077,0.5649217788726463,-0.9239749393720814,0.03011280446015137,-0.02971713955243558,0.0894229481727353,-5.399772498083349e-05,-0.03242295980453491,-0.031840771436691284,-0.004275992978364226,-0.03272135764867835,-0.031953764623320106,-0.0033413783541349964
25.430000000001176,-1.6340041160583496,0.10266375541687012,1.997099757194519,0.5796939982264402,-0.9127339586958001,0.02904704862765195,-0.031182629428624424,0.08821314395929714,7.845185503835633e-05,-0.03495219349861145,-0.03289572522044182,0.003853324335068468,-0.03452085328302639,-0.03275959601898841,0.004896097350370306
25.440000000001177,-1.6340041160583496,0.10266375541687012,1.997099757194519,0.5796939982264402,-0.9127339586958001,0.02904704862765195,-0.031182629428624424,0.08821314395929714,7.845185503835633e-05,-0.03495219349861145,-0.03289572522044182,0.003853324335068468,-0.03452085328302639,-0.03275959601898841,0.004896097350370306
25.45000000000118,-1.6340041160583496,0.10266375541687012,1.997099757194519,0.5796939982264402,-0.9127339586958001,0.02904704862765195,-0.031182629428624424,0.08821314395929714,7.845185503835633e-05,-0.03495219349861145,-0.03289572522044182,0.003853324335068468,-0.03452085328302639,-0.03275959601898841,0.004896097350370306
25.46000000000118,-1.6340041160583496,0.10266375541687012,1.997099757194519,0.5796939982264402,-0.9127339586958001,0.02904704862765195,-0.031182629428624424,0.08821314395929714,7.845185503835633e-05,-0.03495219349861145,-0.03289572522044182,0.003853324335068468,-0.03452085328302639,-0.03275959601898841,0.004896097350370306
25.470000000001182,-1.6081113815307617,0.06841015815734863,1.9975364208221436,0.5997715699518338,-0.8962952493241237,0.030640185635672543,-0.0324972517420066,0.08711620735896526,0.00016424232694719435,-0.03262252360582352,-0.02684570662677288,0.0035912082530558144,-0.03223286228202891,-0.026714848524778227,0.004478553924314167
25.480000000001183,-1.6081113815307617,0.06841015815734863,1.9975364208221436,0.5997715699518338,-0.8962952493241237,0.030640185635672543,-0.0324972517420066,0.08711620735896526,0.00016424232694719435,-0.03262252360582352,-0.02684570662677288,0.0035912082530558144,-0.03223286228202891,-0.026714848524778227,0.004478553924314167
25.490000000001185,-1.6081113815307617,0.06841015815734863,1.9975364208221436,0.5997715699518338,-0.8962952493241237,0.030640185635672543,-0.0324972517420066,0.08711620735896526,0.00016424232694719435,-0.03262252360582352,-0.02684570662677288,0.0035912082530558144,-0.03223286228202891,-0.026714848524778227,0.004478553924314167
25.500000000001187,-1.5871304273605347,0.04123997688293457,1.9977517127990723,0.6149045562620765,-0.8833292003538326,0.030690474213026762,-0.03318516672865456,0.08661132417883208,0.00014339604554972977,-0.0328918993473053,-0.02533751353621483,0.0005703024216927619,-0.032769413464620846,-0.025304641173607638,0.0014159713685229069
25.510000000001188,-1.5871304273605347,0.04123997688293457,1.9977517127990723,0.6149045562620765,-0.8833292003538326,0.030690474213026762,-0.03318516672865456,0.08661132417883208,0.00014339604554972977,-0.0328918993473053,-0.02533751353621483,0.0005703024216927619,-0.032769413464620846,-0.025304641173607638,0.0014159713685229069
25.52000000000119,-1.5871304273605347,0.04123997688293457,1.9977517127990723,0.6149045562620765,-0.8833292003538326,0.030690474213026762,-0.03318516672865456,0.08661132417883208,0.00014339604554972977,-0.0328918993473053,-0.02533751353621483,0.0005703024216927619,-0.032769413464620846,-0.025304641173607638,0.0014159713685229069
25.53000000000119,-1.5683391094207764,0.01785564422607422,1.997862696647644,0.6288677717311322,-0.8718449278147214,0.030780084797616937,-0.03441891767780966,0.08584902339845255,0.00014026720181611709,-0.037004824727773666,-0.01651870645582676,0.0005129674682393691,-0.03691178402937764,-0.016491270581452666,0.0010851035794414094
25.540000000001193,-1.5683391094207764,0.01785564422607422,1.997862696647644,0.6288677717311322,-0.8718449278147214,0.030780084797616937,-0.03441891767780966,0.08584902339845255,0.00014026720181611709,-0.037004824727773666,-0.01651870645582676,0.0005129674682393691,-0.03691178402937764,-0.016491270581452666,0.0010851035794414094
25.550000000001194,-1.5683391094207764,0.01785564422607422,1.997862696647644,0.6288677717311322,-0.8718449278147214,0.030780084797616937,-0.03441891767780966,0.08584902339845255,0.00014026720181611709,-0.037004824727773666,-0.01651870645582676,0.0005129674682393691,-0.03691178402937764,-0.016491270581452666,0.0010851035794414094
25.560000000001196,-1.5683391094207764,0.01785564422607422,1.997862696647644,0.6288677717311322,-0.8718449278147214,0.030780084797616937,-0.03441891767780966,0.08584902339845255,0.00014026720181611709,-0.037004824727773666,-0.01651870645582676,0.0005129674682393691,-0.03691178402937764,-0.016491270581452666,0.0010851035794414094
25.570000000001198,-1.541176676750183,-0.015268802642822266,1.9980019330978394,0.6471859737073881,-0.855069195688753,0.02825659898155787,-0.03679043438890865,0.08495018553145202,0.00011030147272720871,-0.05619580298662186,-0.025182370096445084,-0.006021059118211266,-0.05662930417548624,-0.025386796807504382,-0.0051091474547676615
25.5800000000012,-1.541176676750183,-0.015268802642822266,1.9980019330978394,0.6471859737073881,-0.855069195688753,0.02825659898155787,-0.03679043438890865,0.08495018553145202,0.00011030147272720871,-0.05619580298662186,-0.025182370096445084,-0.006021059118211266,-0.05662930417548624,-0.025386796807504382,-0.0051091474547676615
25.5900000000012,-1.541176676750183,-0.015268802642822266,1.9980019330978394,0.6471859737073881,-0.855069195688753,0.02825659898155787,-0.03679043438890865,0.08495018553145202,0.00011030147272720871,-0.05619580298662186,-0.025182370096445084,-0.006021059118211266,-0.05662930417548624,-0.025386796807504382,-0.0051091474547676615
25.600000000001202,-1.519170880317688,-0.04145526885986328,1.9980965852737427,0.6600160640095372,-0.8408331352078097,0.028879476669031783,-0.03795932712142073,0.08448573487481116,4.9862176323239664e-05,-0.05675874650478363,-0.022556433454155922,-0.0033309485297650073,-0.05696813825418137,-0.02266659470645543,-0.002481378164994371
25.610000000001204,-1.519170880317688,-0.04145526885986328,1.9980965852737427,0.6600160640095372,-0.8408331352078097,0.028879476669031783,-0.03795932712142073,0.08448573487481116,4.9862176323239664e-05,-0.05675874650478363,-0.022556433454155922,-0.0033309485297650073,-0.05696813825418137,-0.02266659470645543,-0.002481378164994371
25.620000000001205,-1.519170880317688,-0.04145526885986328,1.9980965852737427,0.6600160640095372,-0.8408331352078097,0.028879476669031783,-0.03795932712142073,0.08448573487481116,4.9862176323239664e-05,-0.05675874650478363,-0.022556433454155922,-0.0033309485297650073,-0.05696813825418137,-0.02266659470645543,-0.002481378164994371
25.630000000001207,-1.4988361597061157,-0.06306624412536621,1.9983035326004028,0.6729214543539069,-0.8273698915497246,0.028167788334001263,-0.04008143927625631,0.08404892750982977,-1.4877803648467774e-05,-0.06778036803007126,-0.008498255163431168,-0.0006339819519780565,-0.06780504760418025,-0.008516833867079026,-0.0002939794213416072
25.64000000000121,-1.4988361597061157,-0.06306624412536621,1.9983035326004028,0.6729214543539069,-0.8273698915497246,0.028167788334001263,-0.04008143927625631,0.08404892750982977,-1.4877803648467774e-05,-0.06778036803007126,-0.008498255163431168,-0.0006339819519780565,-0.06780504760418025,-0.008516833867079026,-0.0002939794213416072
25.65000000000121,-1.4988361597061157,-0.06306624412536621,1.9983035326004028,0.6729214543539069,-0.8273698915497246,0.028167788334001263,-0.04008143927625631,0.08404892750982977,-1.4877803648467774e-05,-0.06778036803007126,-0.008498255163431168,-0.0006339819519780565,-0.06780504760418025,-0.008516833867079026,-0.0002939794213416072
25.66000000000121,-1.4988361597061157,-0.06306624412536621,1.9983035326004028,0.6729214543539069,-0.8273698915497246,0.028167788334001263,-0.04008143927625631,0.08404892750982977,-1.4877803648467774e-05,-0.06778036803007126,-0.008498255163431168,-0.0006339819519780565,-0.06780504760418025,-0.008516833867079026,-0.0002939794213416072
25.670000000001213,-1.4678263664245605,-0.09141921997070312,1.9993896484375,0.6920133000561609,-0.8068686406944676,0.028222604254712524,-0.04293547267799085,0.08382123251369637,-8.240604675738923e-05,-0.05946910008788109,-0.006130085792392492,-0.002588218078017234,-0.05966425022300342,-0.0062355286192389975,-0.002330899194593622
25.680000000001215,-1.4678263664245605,-0.09141921997070312,1.9993896484375,0.6920133000561609,-0.8068686406944676,0.028222604254712524,-0.04293547267799085,0.08382123251369637,-8.240604675738923e-05,-0.05946910008788109,-0.006130085792392492,-0.002588218078017234,-0.05966425022300342,-0.0062355286192389975,-0.002330899194593622
25.690000000001216,-1.4678263664245605,-0.09141921997070312,1.9993896484375,0.6920133000561609,-0.8068686406944676,0.028222604254712524,-0.04293547267799085,0.08382123251369637,-8.240604675738923e-05,-0.05946910008788109,-0.006130085792392492,-0.002588218078017234,-0.05966425022300342,-0.0062355286192389975,-0.002330899194593622
25.700000000001218,-1.4429851770401,-0.1140601634979248,2.000131845474243,0.7056856610264899,-0.7905316007706822,0.029281341163760015,-0.043785149333429176,0.08369244191223305,-0.00012635716170519156,-0.05133625119924545,-0.009148183278739452,-0.0037124790251255022,-0.051613795484028564,-0.009301915023302361,-0.0033201152905708788
25.71000000000122,-1.4429851770401,-0.1140601634979248,2.000131845474243,0.7056856610264899,-0.7905316007706822,0.029281341163760015,-0.043785149333429176,0.08369244191223305,-0.00012635716170519156,-0.05133625119924545,-0.009148183278739452,-0.0037124790251255022,-0.051613795484028564,-0.009301915023302361,-0.0033201152905708788
25.72000000000122,-1.4429851770401,-0.1140601634979248,2.000131845474243,0.7056856610264899,-0.7905316007706822,0.029281341163760015,-0.043785149333429176,0.08369244191223305,-0.00012635716170519156,-0.05133625119924545,-0.009148183278739452,-0.0037124790251255022,-0.051613795484028564,-0.009301915023302361,-0.0033201152905708788
25.730000000001223,-1.420828938484192,-0.13334918022155762,2.000800132751465,0.7171512657150366,-0.7763282446422167,0.028103841027969555,-0.04552137287744014,0.0832255312967234,-0.00011441739384502236,-0.03932458162307739,-0.014377189800143242,0.001240252051502468,-0.039166653362023685,-0.014305857719618925,0.001899786288575122
25.740000000001224,-1.420828938484192,-0.13334918022155762,2.000800132751465,0.7171512657150366,-0.7763282446422167,0.028103841027969555,-0.04552137287744014,0.0832255312967234,-0.00011441739384502236,-0.03932458162307739,-0.014377189800143242,0.001240252051502468,-0.039166653362023685,-0.014305857719618925,0.001899786288575122
25.750000000001226,-1.420828938484192,-0.13334918022155762,2.000800132751465,0.7171512657150366,-0.7763282446422167,0.028103841027969555,-0.04552137287744014,0.0832255312967234,-0.00011441739384502236,-0.03932458162307739,-0.014377189800143242,0.001240252051502468,-0.039166653362023685,-0.014305857719618925,0.001899786288575122
25.760000000001227,-1.420828938484192,-0.13334918022155762,2.000800132751465,0.7171512657150366,-0.7763282446422167,0.028103841027969555,-0.04552137287744014,0.0832255312967234,-0.00011441739384502236,-0.03932458162307739,-0.014377189800143242,0.001240252051502468,-0.039166653362023685,-0.014305857719618925,0.001899786288575122
25.77000000000123,-1.3891276121139526,-0.16080856323242188,2.001555919647217,0.7344590241746021,-0.7558918587727477,0.027910845688314534,-0.04673101761224202,0.08226412908412307,-0.00015058436219640844,-0.02616703137755394,-0.029347922652959824,-0.004965734668076035,-0.02646297438090516,-0.029547853047422034,-0.003601534032468637
25.78000000000123,-1.3891276121139526,-0.16080856323242188,2.001555919647217,0.7344590241746021,-0.7558918587727477,0.027910845688314534,-0.04673101761224202,0.08226412908412307,-0.00015058436219640844,-0.02616703137755394,-0.029347922652959824,-0.004965734668076035,-0.02646297438090516,-0.029547853047422034,-0.003601534032468637
25.790000000001232,-1.3891276121139526,-0.16080856323242188,2.001555919647217,0.7344590241746021,-0.7558918587727477,0.027910845688314534,-0.04673101761224202,0.08226412908412307,-0.00015058436219640844,-0.02616703137755394,-0.029347922652959824,-0.004965734668076035,-0.02646297438090516,-0.029547853047422034,-0.003601534032468637
25.800000000001234,-1.36362886428833,-0.18256449699401855,2.0020275115966797,0.7480088806782128,-0.7379754883622183,0.026817663114254396,-0.04746440288292809,0.08167271813267508,-6.267803988547823e-05,-0.030761975795030594,-0.023806452751159668,0.004936664365231993,-0.030265883359031194,-0.0235454135133896,0.0060809092935756965
25.810000000001235,-1.36362886428833,-0.18256449699401855,2.0020275115966797,0.7480088806782128,-0.7379754883622183,0.026817663114254396,-0.04746440288292809,0.08167271813267508,-6.267803988547823e-05,-0.030761975795030594,-0.023806452751159668,0.004936664365231993,-0.030265883359031194,-0.0235454135133896,0.0060809092935756965
25.820000000001237,-1.36362886428833,-0.18256449699401855,2.0020275115966797,0.7480088806782128,-0.7379754883622183,0.026817663114254396,-0.04746440288292809,0.08167271813267508,-6.267803988547823e-05,-0.030761975795030594,-0.023806452751159668,0.004936664365231993,-0.030265883359031194,-0.0235454135133896,0.0060809092935756965
25.830000000001238,-1.3409476280212402,-0.20105338096618652,2.0023815631866455,0.7581728232876218,-0.7231924976501742,0.026364369157305473,-0.04855016705073647,0.08062879404585413,-3.63609977852176e-06,-0.029680397361516953,-0.034297388046979904,0.0007696108077652795,-0.02948378563776794,-0.03421962442233737,0.002441124373037341
25.84000000000124,-1.3409476280212402,-0.20105338096618652,2.0023815631866455,0.7581728232876218,-0.7231924976501742,0.026364369157305473,-0.04855016705073647,0.08062879404585413,-3.63609977852176e-06,-0.029680397361516953,-0.034297388046979904,0.0007696108077652795,-0.02948378563776794,-0.03421962442233737,0.002441124373037341
25.85000000000124,-1.3409476280212402,-0.20105338096618652,2.0023815631866455,0.7581728232876218,-0.7231924976501742,0.026364369157305473,-0.04855016705073647,0.08062879404585413,-3.63609977852176e-06,-0.029680397361516953,-0.034297388046979904,0.0007696108077652795,-0.02948378563776794,-0.03421962442233737,0.002441124373037341
25.860000000001243,-1.3409476280212402,-0.20105338096618652,2.0023815631866455,0.7581728232876218,-0.7231924976501742,0.026364369157305473,-0.04855016705073647,0.08062879404585413,-3.63609977852176e-06,-0.029680397361516953,-0.034297388046979904,0.0007696108077652795,-0.02948378563776794,-0.03421962442233737,0.002441124373037341
25.870000000001244,-1.3084274530410767,-0.22719287872314453,2.0027594566345215,0.7728833387585008,-0.7013187368301371,0.026469068090077753,-0.04945715543437886,0.07931352805811998,3.0284663674445082e-05,-0.016903964802622795,-0.036512866616249084,0.0019219535170123027,-0.016607925489127335,-0.036373204687375475,0.0037364359894122776
25.880000000001246,-1.3084274530410767,-0.22719287872314453,2.0027594566345215,0.7728833387585008,-0.7013187368301371,0.026469068090077753,-0.04945715543437886,0.07931352805811998,3.0284663674445082e-05,-0.016903964802622795,-0.036512866616249084,0.0019219535170123027,-0.016607925489127335,-0.036373204687375475,0.0037364359894122776
25.890000000001248,-1.3084274530410767,-0.22719287872314453,2.0027594566345215,0.7728833387585008,-0.7013187368301371,0.026469068090077753,-0.04945715543437886,0.07931352805811998,3.0284663674445082e-05,-0.016903964802622795,-0.036512866616249084,0.0019219535170123027,-0.016607925489127335,-0.036373204687375475,0.0037364359894122776
25.90000000000125,-1.2822704315185547,-0.24778294563293457,2.003002405166626,0.7837295108607286,-0.6858603699456676,0.02762165929413274,-0.04989507004348395,0.0785905729288413,5.2298214316290036e-05,-0.026848211884498596,-0.03134049475193024,-0.001963220536708828,-0.026879531066583164,-0.031399405869194874,-0.00039892120056364246
25.91000000000125,-1.2822704315185547,-0.24778294563293457,2.003002405166626,0.7837295108607286,-0.6858603699456676,0.02762165929413274,-0.04989507004348395,0.0785905729288413,5.2298214316290036e-05,-0.026848211884498596,-0.03134049475193024,-0.001963220536708828,-0.026879531066583164,-0.031399405869194874,-0.00039892120056364246
25.920000000001252,-1.2822704315185547,-0.24778294563293457,2.003002405166626,0.7837295108607286,-0.6858603699456676,0.02762165929413274,-0.04989507004348395,0.0785905729288413,5.2298214316290036e-05,-0.026848211884498596,-0.03134049475193024,-0.001963220536708828,-0.026879531066583164,-0.031399405869194874,-0.00039892120056364246
25.930000000001254,-1.2590749263763428,-0.2653481960296631,2.0032424926757812,0.7928243399011025,-0.6719940876639288,0.027678077756625032,-0.0509346227753468,0.07753461916769891,9.022216173234544e-05,-0.032173193991184235,-0.02522321790456772,-0.0054130568169057335,-0.0324934225612304,-0.025466099036580626,-0.004134277658853673
25.940000000001255,-1.2590749263763428,-0.2653481960296631,2.0032424926757812,0.7928243399011025,-0.6719940876639288,0.027678077756625032,-0.0509346227753468,0.07753461916769891,9.022216173234544e-05,-0.032173193991184235,-0.02522321790456772,-0.0054130568169057335,-0.0324934225612304,-0.025466099036580626,-0.004134277658853673
25.950000000001257,-1.2590749263763428,-0.2653481960296631,2.0032424926757812,0.7928243399011025,-0.6719940876639288,0.027678077756625032,-0.0509346227753468,0.07753461916769891,9.022216173234544e-05,-0.032173193991184235,-0.02522321790456772,-0.0054130568169057335,-0.0324934225612304,-0.025466099036580626,-0.004134277658853673
25.96000000000126,-1.2590749263763428,-0.2653481960296631,2.0032424926757812,0.7928243399011025,-0.6719940876639288,0.027678077756625032,-0.0509346227753468,0.07753461916769891,9.022216173234544e-05,-0.032173193991184235,-0.02522321790456772,-0.0054130568169057335,-0.0324934225612304,-0.025466099036580626,-0.004134277658853673
25.97000000000126,-1.225777268409729,-0.29009032249450684,2.003544569015503,0.8056174545443509,-0.6516044968465291,0.02782435322351585,-0.05247020936065501,0.07661339557964361,-1.6046969497790353e-05,-0.035444363951683044,-0.018515348434448242,-0.0011948565952479818,-0.03546141727854945,-0.018552532378934682,-0.00022280726372837022
25.98000000000126,-1.225777268409729,-0.29009032249450684,2.003544569015503,0.8056174545443509,-0.6516044968465291,0.02782435322351585,-0.05247020936065501,0.07661339557964361,-1.6046969497790353e-05,-0.035444363951683044,-0.018515348434448242,-0.0011948565952479818,-0.03546141727854945,-0.018552532378934682,-0.00022280726372837022
25.990000000001263,-1.225777268409729,-0.29009032249450684,2.003544569015503,0.8056174545443509,-0.6516044968465291,0.02782435322351585,-0.05247020936065501,0.07661339557964361,-1.6046969497790353e-05,-0.035444363951683044,-0.018515348434448242,-0.0011948565952479818,-0.03546141727854945,-0.018552532378934682,-0.00022280726372837022
26.000000000001265,-1.1989649534225464,-0.30950284004211426,2.0037589073181152,0.8163288899592024,-0.6348970053914701,0.028356226606083553,-0.05320547483619517,0.07623141937115095,5.876095281066481e-05,-0.03673967346549034,-0.02028752863407135,0.0030485256575047996,-0.036424752663988966,-0.02009669847036248,0.004135119401574592
26.010000000001266,-1.1989649534225464,-0.30950284004211426,2.0037589073181152,0.8163288899592024,-0.6348970053914701,0.028356226606083553,-0.05320547483619517,0.07623141937115095,5.876095281066481e-05,-0.03673967346549034,-0.02028752863407135,0.0030485256575047996,-0.036424752663988966,-0.02009669847036248,0.004135119401574592
26.020000000001268,-1.1989649534225464,-0.30950284004211426,2.0037589073181152,0.8163288899592024,-0.6348970053914701,0.028356226606083553,-0.05320547483619517,0.07623141937115095,5.876095281066481e-05,-0.03673967346549034,-0.02028752863407135,0.0030485256575047996,-0.036424752663988966,-0.02009669847036248,0.004135119401574592
26.03000000000127,-1.174683690071106,-0.32527780532836914,2.004283905029297,0.8246034750303669,-0.6199111687315562,0.028848385104364292,-0.05516134818571028,0.07561417319409972,8.246818369616181e-05,-0.0541873462498188,-0.015180266462266445,-0.00031144288368522937,-0.054147499477841164,-0.015174348153569604,0.0005274774068198217
26.04000000000127,-1.174683690071106,-0.32527780532836914,2.004283905029297,0.8246034750303669,-0.6199111687315562,0.028848385104364292,-0.05516134818571028,0.07561417319409972,8.246818369616181e-05,-0.0541873462498188,-0.015180266462266445,-0.00031144288368522937,-0.054147499477841164,-0.015174348153569604,0.0005274774068198217
26.050000000001273,-1.174683690071106,-0.32527780532836914,2.004283905029297,0.8246034750303669,-0.6199111687315562,0.028848385104364292,-0.05516134818571028,0.07561417319409972,8.246818369616181e-05,-0.0541873462498188,-0.015180266462266445,-0.00031144288368522937,-0.054147499477841164,-0.015174348153569604,0.0005274774068198217
26.060000000001274,-1.174683690071106,-0.32527780532836914,2.004283905029297,0.8246034750303669,-0.6199111687315562,0.028848385104364292,-0.05516134818571028,0.07561417319409972,8.246818369616181e-05,-0.0541873462498188,-0.015180266462266445,-0.00031144288368522937,-0.054147499477841164,-0.015174348153569604,0.0005274774068198217
26.070000000001276,-1.1385021209716797,-0.3455650806427002,2.0055835247039795,0.8376813936541865,-0.5953161092842026,0.028663817707090124,-0.05727792010785364,0.07498448772466197,0.00017850610388401837,-0.057381585240364075,-0.01748775690793991,0.0034002955071628115,-0.05705134670756686,-0.01726442280468253,0.004408221173776745
26.080000000001277,-1.1385021209716797,-0.3455650806427002,2.0055835247039795,0.8376813936541865,-0.5953161092842026,0.028663817707090124,-0.05727792010785364,0.07498448772466197,0.00017850610388401837,-0.057381585240364075,-0.01748775690793991,0.0034002955071628115,-0.05705134670756686,-0.01726442280468253,0.004408221173776745
26.09000000000128,-1.1385021209716797,-0.3455650806427002,2.0055835247039795,0.8376813936541865,-0.5953161092842026,0.028663817707090124,-0.05727792010785364,0.07498448772466197,0.00017850610388401837,-0.057381585240364075,-0.01748775690793991,0.0034002955071628115,-0.05705134670756686,-0.01726442280468253,0.004408221173776745
26.10000000000128,-1.1095972061157227,-0.3616018295288086,2.006415367126465,0.8470653819064633,-0.5763795289802088,0.027863445159804184,-0.05853982095324823,0.07453305326221037,0.00019848425175983208,-0.047780975699424744,-0.022160347551107407,0.002455866197124126,-0.04750109384266874,-0.021978703758683917,0.0037586164084412394
26.110000000001282,-1.1095972061157227,-0.3616018295288086,2.006415367126465,0.8470653819064633,-0.5763795289802088,0.027863445159804184,-0.05853982095324823,0.07453305326221037,0.00019848425175983208,-0.047780975699424744,-0.022160347551107407,0.002455866197124126,-0.04750109384266874,-0.021978703758683917,0.0037586164084412394
26.120000000001284,-1.1095972061157227,-0.3616018295288086,2.006415367126465,0.8470653819064633,-0.5763795289802088,0.027863445159804184,-0.05853982095324823,0.07453305326221037,0.00019848425175983208,-0.047780975699424744,-0.022160347551107407,0.002455866197124126,-0.04750109384266874,-0.021978703758683917,0.0037586164084412394
26.130000000001285,-1.0840213298797607,-0.37505030632019043,2.007192850112915,0.8548942197066767,-0.5599754056718277,0.027262860244162697,-0.06021549236229423,0.07367957829427882,0.00022416272637491337,-0.041101180016994476,-0.022677507251501083,-0.00219335709698498,-0.04116205151952466,-0.022768400700665364,-0.0008269131577982705
26.140000000001287,-1.0840213298797607,-0.37505030632019043,2.007192850112915,0.8548942197066767,-0.5599754056718277,0.027262860244162697,-0.06021549236229423,0.07367957829427882,0.00022416272637491337,-0.041101180016994476,-0.022677507251501083,-0.00219335709698498,-0.04116205151952466,-0.022768400700665364,-0.0008269131577982705
26.150000000001288,-1.0840213298797607,-0.37505030632019043,2.007192850112915,0.8548942197066767,-0.5599754056718277,0.027262860244162697,-0.06021549236229423,0.07367957829427882,0.00022416272637491337,-0.041101180016994476,-0.022677507251501083,-0.00219335709698498,-0.04116205151952466,-0.022768400700665364,-0.0008269131577982705
26.16000000000129,-1.0840213298797607,-0.37505030632019043,2.007192850112915,0.8548942197066767,-0.5599754056718277,0.027262860244162697,-0.06021549236229423,0.07367957829427882,0.00022416272637491337,-0.041101180016994476,-0.022677507251501083,-0.00219335709698498,-0.04116205151952466,-0.022768400700665364,-0.0008269131577982705
26.17000000000129,-1.0475438833236694,-0.3940002918243408,2.00808048248291,0.8657843680183718,-0.5351669903045255,0.027028821209196773,-0.061075244526836665,0.07246228878830006,0.00020383500696671808,-0.013851558789610863,-0.03205348923802376,-0.0030771789606660565,-0.013932494767863585,-0.03218154772656788,-0.0011179173687172366
26.180000000001293,-1.0475438833236694,-0.3940002918243408,2.00808048248291,0.8657843680183718,-0.5351669903045255,0.027028821209196773,-0.061075244526836665,0.07246228878830006,0.00020383500696671808,-0.013851558789610863,-0.03205348923802376,-0.0030771789606660565,-0.013932494767863585,-0.03218154772656788,-0.0011179173687172366
26.190000000001294,-1.0475438833236694,-0.3940002918243408,2.00808048248291,0.8657843680183718,-0.5351669903045255,0.027028821209196773,-0.061075244526836665,0.07246228878830006,0.00020383500696671808,-0.013851558789610863,-0.03205348923802376,-0.0030771789606660565,-0.013932494767863585,-0.03218154772656788,-0.0011179173687172366
26.200000000001296,-1.0183653831481934,-0.40883779525756836,2.0086777210235596,0.8729326310825909,-0.5161686170674525,0.02665000330973055,-0.061527907470379464,0.07168412135957408,0.00025643617068541396,-0.01960357278585434,-0.03414531797170639,-0.0006172880530357319,-0.01949705083706492,-0.03411866316013728,0.0014872642737661598
26.210000000001298,-1.0183653831481934,-0.40883779525756836,2.0086777210235596,0.8729326310825909,-0.5161686170674525,0.02665000330973055,-0.061527907470379464,0.07168412135957408,0.00025643617068541396,-0.01960357278585434,-0.03414531797170639,-0.0006172880530357319,-0.01949705083706492,-0.03411866316013728,0.0014872642737661598
26.2200000000013,-1.0183653831481934,-0.40883779525756836,2.0086777210235596,0.8729326310825909,-0.5161686170674525,0.02665000330973055,-0.061527907470379464,0.07168412135957408,0.00025643617068541396,-0.01960357278585434,-0.03414531797170639,-0.0006172880530357319,-0.01949705083706492,-0.03411866316013728,0.0014872642737661598
26.2300000000013,-0.9926027655601501,-0.4212489128112793,2.009202003479004,0.8794808238060017,-0.4992130630543292,0.02560424371229753,-0.06240887033599599,0.07045990634656708,0.00030643336448864483,-0.024826833978295326,-0.028489956632256508,-0.00026042904937639486,-0.024719772592959367,-0.028450734874826928,0.0015207233213680074
26.240000000001302,-0.9926027655601501,-0.4212489128112793,2.009202003479004,0.8794808238060017,-0.4992130630543292,0.02560424371229753,-0.06240887033599599,0.07045990634656708,0.00030643336448864483,-0.024826833978295326,-0.028489956632256508,-0.00026042904937639486,-0.024719772592959367,-0.028450734874826928,0.0015207233213680074
26.250000000001304,-0.9926027655601501,-0.4212489128112793,2.009202003479004,0.8794808238060017,-0.4992130630543292,0.02560424371229753,-0.06240887033599599,0.07045990634656708,0.00030643336448864483,-0.024826833978295326,-0.028489956632256508,-0.00026042904937639486,-0.024719772592959367,-0.028450734874826928,0.0015207233213680074
26.260000000001305,-0.9926027655601501,-0.4212489128112793,2.009202003479004,0.8794808238060017,-0.4992130630543292,0.02560424371229753,-0.06240887033599599,0.07045990634656708,0.00030643336448864483,-0.024826833978295326,-0.028489956632256508,-0.00026042904937639486,-0.024719772592959367,-0.028450734874826928,0.0015207233213680074
26.270000000001307,-0.9558221697807312,-0.4386000633239746,2.0098206996917725,0.8876141858172226,-0.47622355274232664,0.025747678655077273,-0.06334510690890137,0.06945442052415729,0.00038216871838950853,-0.019756801426410675,-0.02729989029467106,0.0009680530056357417,-0.019569371009847104,-0.027183856382429195,0.0027007811950086518
26.28000000000131,-0.9558221697807312,-0.4386000633239746,2.0098206996917725,0.8876141858172226,-0.47622355274232664,0.025747678655077273,-0.06334510690890137,0.06945442052415729,0.00038216871838950853,-0.019756801426410675,-0.02729989029467106,0.0009680530056357417,-0.019569371009847104,-0.027183856382429195,0.0027007811950086518
26.29000000000131,-0.9558221697807312,-0.4386000633239746,2.0098206996917725,0.8876141858172226,-0.47622355274232664,0.025747678655077273,-0.06334510690890137,0.06945442052415729,0.00038216871838950853,-0.019756801426410675,-0.02729989029467106,0.0009680530056357417,-0.019569371009847104,-0.027183856382429195,0.0027007811950086518
26.30000000000131,-0.9263728260993958,-0.45209431648254395,2.0102181434631348,0.8942745071640235,-0.4582100116679697,0.026697824586954647,-0.0637186414219437,0.06888934988922712,0.00043192399417247277,-0.019759569317102432,-0.03548445552587509,-0.001313314423896368,-0.019694100584301447,-0.03549607128821908,0.0009510983127234888
26.310000000001313,-0.9263728260993958,-0.45209431648254395,2.0102181434631348,0.8942745071640235,-0.4582100116679697,0.026697824586954647,-0.0637186414219437,0.06888934988922712,0.00043192399417247277,-0.019759569317102432,-0.03548445552587509,-0.001313314423896368,-0.019694100584301447,-0.03549607128821908,0.0009510983127234888
26.320000000001315,-0.9263728260993958,-0.45209431648254395,2.0102181434631348,0.8942745071640235,-0.4582100116679697,0.026697824586954647,-0.0637186414219437,0.06888934988922712,0.00043192399417247277,-0.019759569317102432,-0.03548445552587509,-0.001313314423896368,-0.019694100584301447,-0.03549607128821908,0.0009510983127234888
26.330000000001316,-0.9004298448562622,-0.46338891983032227,2.0105648040771484,0.8994511986590985,-0.4418687799083995,0.025517950978005504,-0.06474011173285377,0.0677079348278684,0.0003526191905338482,-0.032270580530166626,-0.0253477543592453,-0.0011065683793276518,-0.03223425927614606,-0.02536624244338832,0.0005368502319134698
26.340000000001318,-0.9004298448562622,-0.46338891983032227,2.0105648040771484,0.8994511986590985,-0.4418687799083995,0.025517950978005504,-0.06474011173285377,0.0677079348278684,0.0003526191905338482,-0.032270580530166626,-0.0253477543592453,-0.0011065683793276518,-0.03223425927614606,-0.02536624244338832,0.0005368502319134698
26.35000000000132,-0.9004298448562622,-0.46338891983032227,2.0105648040771484,0.8994511986590985,-0.4418687799083995,0.025517950978005504,-0.06474011173285377,0.0677079348278684,0.0003526191905338482,-0.032270580530166626,-0.0253477543592453,-0.0011065683793276518,-0.03223425927614606,-0.02536624244338832,0.0005368502319134698
26.36000000000132,-0.9004298448562622,-0.46338891983032227,2.0105648040771484,0.8994511986590985,-0.4418687799083995,0.025517950978005504,-0.06474011173285377,0.0677079348278684,0.0003526191905338482,-0.032270580530166626,-0.0253477543592453,-0.0011065683793276518,-0.03223425927614606,-0.02536624244338832,0.0005368502319134698
26.370000000001323,-0.8633203506469727,-0.47901487350463867,2.0109379291534424,0.9076803323997367,-0.4177873784659259,0.0256928808191272,-0.06643424225566599,0.0667757230634738,0.00028293435778499373,-0.04143095761537552,-0.020731475204229355,0.004960921593010428,-0.04100788902049081,-0.02035641006649623,0.00634037565418661
26.380000000001324,-0.8633203506469727,-0.47901487350463867,2.0109379291534424,0.9076803323997367,-0.4177873784659259,0.0256928808191272,-0.06643424225566599,0.0667757230634738,0.00028293435778499373,-0.04143095761537552,-0.020731475204229355,0.004960921593010428,-0.04100788902049081,-0.02035641006649623,0.00634037565418661
26.390000000001326,-0.8633203506469727,-0.47901487350463867,2.0109379291534424,0.9076803323997367,-0.4177873784659259,0.0256928808191272,-0.06643424225566599,0.0667757230634738,0.00028293435778499373,-0.04143095761537552,-0.020731475204229355,0.004960921593010428,-0.04100788902049081,-0.02035641006649623,0.00634037565418661
26.400000000001327,-0.8335726857185364,-0.49101972579956055,2.0112061500549316,0.9124623333056857,-0.39773730521896006,0.02637340214282883,-0.06718114939174373,0.06629982251700169,0.00020368560832009452,-0.035044752061367035,-0.02505921944975853,-0.005270540248602625,-0.03528221543837113,-0.02535650540823239,-0.0035842846261138614
26.41000000000133,-0.8335726857185364,-0.49101972579956055,2.0112061500549316,0.9124623333056857,-0.39773730521896006,0.02637340214282883,-0.06718114939174373,0.06629982251700169,0.00020368560832009452,-0.035044752061367035,-0.02505921944975853,-0.005270540248602625,-0.03528221543837113,-0.02535650540823239,-0.0035842846261138614
26.42000000000133,-0.8335726857185364,-0.49101972579956055,2.0112061500549316,0.9124623333056857,-0.39773730521896006,0.02637340214282883,-0.06718114939174373,0.06629982251700169,0.00020368560832009452,-0.035044752061367035,-0.02505921944975853,-0.005270540248602625,-0.03528221543837113,-0.02535650540823239,-0.0035842846261138614
26.430000000001332,-0.8070415258407593,-0.5000545978546143,2.01155424118042,0.917515903255979,-0.3813340465228868,0.025496574883451126,-0.06840251280748584,0.06534159276318352,0.00021259353246432265,-0.03592466935515404,-0.02824465185403824,-0.000954502727836367,-0.03586065923535831,-0.02824384009256265,0.0009803203223739607
26.440000000001334,-0.8070415258407593,-0.5000545978546143,2.01155424118042,0.917515903255979,-0.3813340465228868,0.025496574883451126,-0.06840251280748584,0.06534159276318352,0.00021259353246432265,-0.03592466935515404,-0.02824465185403824,-0.000954502727836367,-0.03586065923535831,-0.02824384009256265,0.0009803203223739607
26.450000000001335,-0.8070415258407593,-0.5000545978546143,2.01155424118042,0.917515903255979,-0.3813340465228868,0.025496574883451126,-0.06840251280748584,0.06534159276318352,0.00021259353246432265,-0.03592466935515404,-0.02824465185403824,-0.000954502727836367,-0.03586065923535831,-0.02824384009256265,0.0009803203223739607
26.460000000001337,-0.8070415258407593,-0.5000545978546143,2.01155424118042,0.917515903255979,-0.3813340465228868,0.025496574883451126,-0.06840251280748584,0.06534159276318352,0.00021259353246432265,-0.03592466935515404,-0.02824465185403824,-0.000954502727836367,-0.03586065923535831,-0.02824384009256265,0.0009803203223739607
26.47000000000134,-0.7682279348373413,-0.5101678371429443,2.012197971343994,0.9237027298071427,-0.35546629198283886,0.02670902761947742,-0.07013347651879376,0.06410573525425926,0.00016477923136020217,-0.03778574615716934,-0.025145426392555237,-0.0025616721250116795,-0.03783666997833552,-0.02526312200186654,-0.0007949166584266296
26.48000000000134,-0.7682279348373413,-0.5101678371429443,2.012197971343994,0.9237027298071427,-0.35546629198283886,0.02670902761947742,-0.07013347651879376,0.06410573525425926,0.00016477923136020217,-0.03778574615716934,-0.025145426392555237,-0.0025616721250116795,-0.03783666997833552,-0.02526312200186654,-0.0007949166584266296
26.49000000000134,-0.7682279348373413,-0.5101678371429443,2.012197971343994,0.9237027298071427,-0.35546629198283886,0.02670902761947742,-0.07013347651879376,0.06410573525425926,0.00016477923136020217,-0.03778574615716934,-0.025145426392555237,-0.0025616721250116795,-0.03783666997833552,-0.02526312200186654,-0.0007949166584266296
26.500000000001343,-0.7372784614562988,-0.518073558807373,2.012575149536133,0.9284000396669084,-0.3330536436492704,0.02806750510236243,-0.0707661474521645,0.06375508207938992,0.0002393550879403831,-0.036830835044384,-0.021840134635567665,0.0024479716084897544,-0.03657635620443983,-0.021612382452024577,0.003994212077881391
26.510000000001344,-0.7372784614562988,-0.518073558807373,2.012575149536133,0.9284000396669084,-0.3330536436492704,0.02806750510236243,-0.0707661474521645,0.06375508207938992,0.0002393550879403831,-0.036830835044384,-0.021840134635567665,0.0024479716084897544,-0.03657635620443983,-0.021612382452024577,0.003994212077881391
26.520000000001346,-0.7372784614562988,-0.518073558807373,2.012575149536133,0.9284000396669084,-0.3330536436492704,0.02806750510236243,-0.0707661474521645,0.06375508207938992,0.0002393550879403831,-0.036830835044384,-0.021840134635567665,0.0024479716084897544,-0.03657635620443983,-0.021612382452024577,0.003994212077881391
26.530000000001348,-0.7100435495376587,-0.5243179798126221,2.012920618057251,0.932580468891064,-0.3145936450506392,0.027380896710626625,-0.07212849268531954,0.06265552242817228,0.0002757551459900097,-0.028054576367139816,-0.026628993451595306,0.002311174757778648,-0.02778955942531324,-0.026393197504661466,0.004232514673983522
26.54000000000135,-0.7100435495376587,-0.5243179798126221,2.012920618057251,0.932580468891064,-0.3145936450506392,0.027380896710626625,-0.07212849268531954,0.06265552242817228,0.0002757551459900097,-0.028054576367139816,-0.026628993451595306,0.002311174757778648,-0.02778955942531324,-0.026393197504661466,0.004232514673983522
26.55000000000135,-0.7100435495376587,-0.5243179798126221,2.012920618057251,0.932580468891064,-0.3145936450506392,0.027380896710626625,-0.07212849268531954,0.06265552242817228,0.0002757551459900097,-0.028054576367139816,-0.026628993451595306,0.002311174757778648,-0.02778955942531324,-0.026393197504661466,0.004232514673983522
26.560000000001352,-0.7100435495376587,-0.5243179798126221,2.012920618057251,0.932580468891064,-0.3145936450506392,0.027380896710626625,-0.07212849268531954,0.06265552242817228,0.0002757551459900097,-0.028054576367139816,-0.026628993451595306,0.002311174757778648,-0.02778955942531324,-0.026393197504661466,0.004232514673983522
26.570000000001354,-0.6712587475776672,-0.533003568649292,2.013190269470215,0.9385675204457219,-0.28821077328910905,0.027194327690936975,-0.07259892760988695,0.06138937975536205,0.0002446264959295967,-0.004344139248132706,-0.03789180889725685,-0.00434454251080751,-0.004441539830708302,-0.038107128517030714,-0.0015876001368221137
26.580000000001355,-0.6712587475776672,-0.533003568649292,2.013190269470215,0.9385675204457219,-0.28821077328910905,0.027194327690936975,-0.07259892760988695,0.06138937975536205,0.0002446264959295967,-0.004344139248132706,-0.03789180889725685,-0.00434454251080751,-0.004441539830708302,-0.038107128517030714,-0.0015876001368221137
26.590000000001357,-0.6712587475776672,-0.533003568649292,2.013190269470215,0.9385675204457219,-0.28821077328910905,0.027194327690936975,-0.07259892760988695,0.06138937975536205,0.0002446264959295967,-0.004344139248132706,-0.03789180889725685,-0.00434454251080751,-0.004441539830708302,-0.038107128517030714,-0.0015876001368221137
26.60000000000136,-0.6402778625488281,-0.5396301746368408,2.0132896900177,0.9421756854208582,-0.2680855037458871,0.02753591660270814,-0.07253015043099786,0.06070435516310287,0.00025665195388167996,0.00693625258281827,-0.03455721214413643,0.00045841641258448785,0.0071162468845124855,-0.03443313588973286,0.002966918861379684
26.61000000000136,-0.6402778625488281,-0.5396301746368408,2.0132896900177,0.9421756854208582,-0.2680855037458871,0.02753591660270814,-0.07253015043099786,0.06070435516310287,0.00025665195388167996,0.00693625258281827,-0.03455721214413643,0.00045841641258448785,0.0071162468845124855,-0.03443313588973286,0.002966918861379684
26.62000000000136,-0.6402778625488281,-0.5396301746368408,2.0132896900177,0.9421756854208582,-0.2680855037458871,0.02753591660270814,-0.07253015043099786,0.06070435516310287,0.00025665195388167996,0.00693625258281827,-0.03455721214413643,0.00045841641258448785,0.0071162468845124855,-0.03443313588973286,0.002966918861379684
26.630000000001363,-0.6130866408348083,-0.5448381900787354,2.013361692428589,0.9440081406223587,-0.2513873712378454,0.027005236425288834,-0.07236170782616849,0.05875995174308034,0.00038791631093459874,0.009857650846242905,-0.04602538049221039,-0.0030263820663094464,0.009875834906667779,-0.04612373673683682,0.0003096416558584008
26.640000000001365,-0.6130866408348083,-0.5448381900787354,2.013361692428589,0.9440081406223587,-0.2513873712378454,0.027005236425288834,-0.07236170782616849,0.05875995174308034,0.00038791631093459874,0.009857650846242905,-0.04602538049221039,-0.0030263820663094464,0.009875834906667779,-0.04612373673683682,0.0003096416558584008
26.650000000001366,-0.6130866408348083,-0.5448381900787354,2.013361692428589,0.9440081406223587,-0.2513873712378454,0.027005236425288834,-0.07236170782616849,0.05875995174308034,0.00038791631093459874,0.009857650846242905,-0.04602538049221039,-0.0030263820663094464,0.009875834906667779,-0.04612373673683682,0.0003096416558584008
26.660000000001368,-0.6130866408348083,-0.5448381900787354,2.013361692428589,0.9440081406223587,-0.2513873712378454,0.027005236425288834,-0.07236170782616849,0.05875995174308034,0.00038791631093459874,0.009857650846242905,-0.04602538049221039,-0.0030263820663094464,0.009875834906667779,-0.04612373673683682,0.0003096416558584008
26.67000000000137,-0.5743730068206787,-0.5519640445709229,2.0133635997772217,0.9463869430084614,-0.22877327952440013,0.02693215582828993,-0.07253585782568782,0.05701633071676913,0.0004200641491925081,-0.008724029175937176,-0.04547955095767975,-0.006120416335761542,-0.008884322789916351,-0.04580351964841815,-0.002812887003578382
26.68000000000137,-0.5743730068206787,-0.5519640445709229,2.0133635997772217,0.9463869430084614,-0.22877327952440013,0.02693215582828993,-0.07253585782568782,0.05701633071676913,0.0004200641491925081,-0.008724029175937176,-0.04547955095767975,-0.006120416335761542,-0.008884322789916351,-0.04580351964841815,-0.002812887003578382
26.690000000001373,-0.5743730068206787,-0.5519640445709229,2.0133635997772217,0.9463869430084614,-0.22877327952440013,0.02693215582828993,-0.07253585782568782,0.05701633071676913,0.0004200641491925081,-0.008724029175937176,-0.04547955095767975,-0.006120416335761542,-0.008884322789916351,-0.04580351964841815,-0.002812887003578382
26.700000000001374,-0.5434942841529846,-0.5573141574859619,2.0134222507476807,0.9473193044005858,-0.20928000376519829,0.027720968248121494,-0.07281450304427264,0.056039234180241364,0.0004322616160735816,-0.012475235387682915,-0.03977904096245766,-0.000677857839036728,-0.01235081734870988,-0.03972294854431916,0.002221357678678073
26.710000000001376,-0.5434942841529846,-0.5573141574859619,2.0134222507476807,0.9473193044005858,-0.20928000376519829,0.027720968248121494,-0.07281450304427264,0.056039234180241364,0.0004322616160735816,-0.012475235387682915,-0.03977904096245766,-0.000677857839036728,-0.01235081734870988,-0.03972294854431916,0.002221357678678073
26.720000000001377,-0.5434942841529846,-0.5573141574859619,2.0134222507476807,0.9473193044005858,-0.20928000376519829,0.027720968248121494,-0.07281450304427264,0.056039234180241364,0.0004322616160735816,-0.012475235387682915,-0.03977904096245766,-0.000677857839036728,-0.01235081734870988,-0.03972294854431916,0.002221357678678073
26.73000000000138,-0.5164583325386047,-0.5614275932312012,2.0135111808776855,0.9481565103014783,-0.19185606855546547,0.028205392082638468,-0.07364067583121392,0.054766798073263026,0.0003408802695300489,-0.02314724400639534,-0.03562258556485176,-0.007923177443444724,-0.023436746164732417,-0.03610898040387123,-0.005288732250551341
26.74000000000138,-0.5164583325386047,-0.5614275932312012,2.0135111808776855,0.9481565103014783,-0.19185606855546547,0.028205392082638468,-0.07364067583121392,0.054766798073263026,0.0003408802695300489,-0.02314724400639534,-0.03562258556485176,-0.007923177443444724,-0.023436746164732417,-0.03610898040387123,-0.005288732250551341
26.750000000001382,-0.5164583325386047,-0.5614275932312012,2.0135111808776855,0.9481565103014783,-0.19185606855546547,0.028205392082638468,-0.07364067583121392,0.054766798073263026,0.0003408802695300489,-0.02314724400639534,-0.03562258556485176,-0.007923177443444724,-0.023436746164732417,-0.03610898040387123,-0.005288732250551341
26.760000000001384,-0.5164583325386047,-0.5614275932312012,2.0135111808776855,0.9481565103014783,-0.19185606855546547,0.028205392082638468,-0.07364067583121392,0.054766798073263026,0.0003408802695300489,-0.02314724400639534,-0.03562258556485176,-0.007923177443444724,-0.023436746164732417,-0.03610898040387123,-0.005288732250551341
26.770000000001385,-0.47793617844581604,-0.5668330192565918,2.0134875774383545,0.9497413573621837,-0.16813839122428276,0.030537072986680524,-0.0749315486751067,0.053390384600037845,0.00022463584058737162,-0.031568851321935654,-0.030547674745321274,-0.002239265013486143,-0.0315659728917415,-0.030629590905990288,5.3938516846705385e-05
26.780000000001387,-0.47793617844581604,-0.5668330192565918,2.0134875774383545,0.9497413573621837,-0.16813839122428276,0.030537072986680524,-0.0749315486751067,0.053390384600037845,0.00022463584058737162,-0.031568851321935654,-0.030547674745321274,-0.002239265013486143,-0.0315659728917415,-0.030629590905990288,5.3938516846705385e-05
26.79000000000139,-0.47793617844581604,-0.5668330192565918,2.0134875774383545,0.9497413573621837,-0.16813839122428276,0.030537072986680524,-0.0749315486751067,0.053390384600037845,0.00022463584058737162,-0.031568851321935654,-0.030547674745321274,-0.002239265013486143,-0.0315659728917415,-0.030629590905990288,5.3938516846705385e-05
26.80000000000139,-0.4471684694290161,-0.5706918239593506,2.013404607772827,0.950481281482658,-0.14806201917677506,0.029832878078085004,-0.07553515207809702,0.05293879038412401,0.00023975990215877927,-0.028816472738981247,-0.021887551993131638,-0.001931047649122772,-0.02883098271296746,-0.02197086462715576,-0.0002742177050522109
26.81000000000139,-0.4471684694290161,-0.5706918239593506,2.013404607772827,0.950481281482658,-0.14806201917677506,0.029832878078085004,-0.07553515207809702,0.05293879038412401,0.00023975990215877927,-0.028816472738981247,-0.021887551993131638,-0.001931047649122772,-0.02883098271296746,-0.02197086462715576,-0.0002742177050522109
26.820000000001393,-0.4471684694290161,-0.5706918239593506,2.013404607772827,0.950481281482658,-0.14806201917677506,0.029832878078085004,-0.07553515207809702,0.05293879038412401,0.00023975990215877927,-0.028816472738981247,-0.021887551993131638,-0.001931047649122772,-0.02883098271296746,-0.02197086462715576,-0.0002742177050522109
26.830000000001395,-0.41984498500823975,-0.5725765228271484,2.013315200805664,0.949902932413587,-0.13162419771986025,0.028239173118441305,-0.07666759399229194,0.05191453390575302,0.0002509190625790416,-0.030536379665136337,-0.02721315622329712,-0.005505347158759829,-0.03071329989664922,-0.02755488536247671,-0.00340944458836405
26.840000000001396,-0.41984498500823975,-0.5725765228271484,2.013315200805664,0.949902932413587,-0.13162419771986025,0.028239173118441305,-0.07666759399229194,0.05191453390575302,0.0002509190625790416,-0.030536379665136337,-0.02721315622329712,-0.005505347158759829,-0.03071329989664922,-0.02755488536247671,-0.00340944458836405
26.850000000001398,-0.41984498500823975,-0.5725765228271484,2.013315200805664,0.949902932413587,-0.13162419771986025,0.028239173118441305,-0.07666759399229194,0.05191453390575302,0.0002509190625790416,-0.030536379665136337,-0.02721315622329712,-0.005505347158759829,-0.03071329989664922,-0.02755488536247671,-0.00340944458836405
26.8600000000014,-0.41984498500823975,-0.5725765228271484,2.013315200805664,0.949902932413587,-0.13162419771986025,0.028239173118441305,-0.07666759399229194,0.05191453390575302,0.0002509190625790416,-0.030536379665136337,-0.02721315622329712,-0.005505347158759829,-0.03071329989664922,-0.02755488536247671,-0.00340944458836405
26.8700000000014,-0.37995630502700806,-0.572399377822876,2.013310670852661,0.9507198870793088,-0.10437427775124294,0.027986221211588322,-0.07790638772907904,0.05057006855952408,0.0002518311555297254,-0.02718333899974823,-0.03365076333284378,-0.0027266638353466944,-0.027188371731462633,-0.03376090462666635,-9.956240042424116e-05
26.880000000001402,-0.37995630502700806,-0.572399377822876,2.013310670852661,0.9507198870793088,-0.10437427775124294,0.027986221211588322,-0.07790638772907904,0.05057006855952408,0.0002518311555297254,-0.02718333899974823,-0.03365076333284378,-0.0027266638353466944,-0.027188371731462633,-0.03376090462666635,-9.956240042424116e-05
26.890000000001404,-0.37995630502700806,-0.572399377822876,2.013310670852661,0.9507198870793088,-0.10437427775124294,0.027986221211588322,-0.07790638772907904,0.05057006855952408,0.0002518311555297254,-0.02718333899974823,-0.03365076333284378,-0.0027266638353466944,-0.027188371731462633,-0.03376090462666635,-9.956240042424116e-05
26.900000000001405,-0.3483031392097473,-0.5721063613891602,2.0132803916931152,0.9508701475522766,-0.08288604487076744,0.0302348977401009,-0.07851318408475347,0.050044974679345884,0.00020977030010608098,-0.028828738257288933,-0.025636572390794754,-0.0039960625581443275,-0.028927560043687663,-0.025871018312120856,-0.001975484030924318
26.910000000001407,-0.3483031392097473,-0.5721063613891602,2.0132803916931152,0.9508701475522766,-0.08288604487076744,0.0302348977401009,-0.07851318408475347,0.050044974679345884,0.00020977030010608098,-0.028828738257288933,-0.025636572390794754,-0.0039960625581443275,-0.028927560043687663,-0.025871018312120856,-0.001975484030924318
26.92000000000141,-0.3483031392097473,-0.5721063613891602,2.0132803916931152,0.9508701475522766,-0.08288604487076744,0.0302348977401009,-0.07851318408475347,0.050044974679345884,0.00020977030010608098,-0.028828738257288933,-0.025636572390794754,-0.0039960625581443275,-0.028927560043687663,-0.025871018312120856,-0.001975484030924318
26.93000000000141,-0.32057806849479675,-0.5711879730224609,2.0133347511291504,0.9512274367097612,-0.06491803679145534,0.0319720437546282,-0.07916132162927418,0.04889729820808271,0.00033317140942326677,-0.011666089296340942,-0.03416701406240463,-0.002781035844236608,-0.011669536598002886,-0.03427993652060446,-7.05289635658633e-05
26.94000000000141,-0.32057806849479675,-0.5711879730224609,2.0133347511291504,0.9512274367097612,-0.06491803679145534,0.0319720437546282,-0.07916132162927418,0.04889729820808271,0.00033317140942326677,-0.011666089296340942,-0.03416701406240463,-0.002781035844236608,-0.011669536598002886,-0.03427993652060446,-7.05289635658633e-05
26.950000000001413,-0.32057806849479675,-0.5711879730224609,2.0133347511291504,0.9512274367097612,-0.06491803679145534,0.0319720437546282,-0.07916132162927418,0.04889729820808271,0.00033317140942326677,-0.011666089296340942,-0.03416701406240463,-0.002781035844236608,-0.011669536598002886,-0.03427993652060446,-7.05289635658633e-05
26.960000000001415,-0.32057806849479675,-0.5711879730224609,2.0133347511291504,0.9512274367097612,-0.06491803679145534,0.0319720437546282,-0.07916132162927418,0.04889729820808271,0.00033317140942326677,-0.011666089296340942,-0.03416701406240463,-0.002781035844236608,-0.011669536598002886,-0.03427993652060446,-7.05289635658633e-05
26.970000000001416,-0.2812674939632416,-0.5697455406188965,2.0133981704711914,0.9510417682484531,-0.040416192761351256,0.03119692044903812,-0.07918488388649146,0.04736554196722731,0.0003851656958217918,0.006090778857469559,-0.050543442368507385,-0.0004436285817064283,0.006259330013659442,-0.05042015722355425,0.0035598494099409166
26.980000000001418,-0.2812674939632416,-0.5697455406188965,2.0133981704711914,0.9510417682484531,-0.040416192761351256,0.03119692044903812,-0.07918488388649146,0.04736554196722731,0.0003851656958217918,0.006090778857469559,-0.050543442368507385,-0.0004436285817064283,0.006259330013659442,-0.05042015722355425,0.0035598494099409166
26.99000000000142,-0.2812674939632416,-0.5697455406188965,2.0133981704711914,0.9510417682484531,-0.040416192761351256,0.03119692044903812,-0.07918488388649146,0.04736554196722731,0.0003851656958217918,0.006090778857469559,-0.050543442368507385,-0.0004436285817064283,0.006259330013659442,-0.05042015722355425,0.0035598494099409166
27.00000000000142,-0.250018835067749,-0.568340539932251,2.013335704803467,0.9497790074333138,-0.021322539741950072,0.030506293295286223,-0.07895894018718634,0.046069124155179296,0.0004369083119092156,0.009925410151481628,-0.05480559170246124,0.00038449658313766794,0.01014237394421179,-0.054604509417033785,0.004711193489102038
27.010000000001423,-0.250018835067749,-0.568340539932251,2.013335704803467,0.9497790074333138,-0.021322539741950072,0.030506293295286223,-0.07895894018718634,0.046069124155179296,0.0004369083119092156,0.009925410151481628,-0.05480559170246124,0.00038449658313766794,0.01014237394421179,-0.054604509417033785,0.004711193489102038
27.020000000001424,-0.250018835067749,-0.568340539932251,2.013335704803467,0.9497790074333138,-0.021322539741950072,0.030506293295286223,-0.07895894018718634,0.046069124155179296,0.0004369083119092156,0.009925410151481628,-0.05480559170246124,0.00038449658313766794,0.01014237394421179,-0.054604509417033785,0.004711193489102038
27.030000000001426,-0.2227078080177307,-0.5665299892425537,2.0132017135620117,0.9491746789336253,-0.004488419972505947,0.02917559525061189,-0.07872163804263302,0.04420343504693708,0.0005997941707103073,-0.00038347538793459535,-0.058574941009283066,-0.0032949035521596596,-0.0003250156257820592,-0.05865264983174293,0.0013229470578075824
27.040000000001427,-0.2227078080177307,-0.5665299892425537,2.0132017135620117,0.9491746789336253,-0.004488419972505947,0.02917559525061189,-0.07872163804263302,0.04420343504693708,0.0005997941707103073,-0.00038347538793459535,-0.058574941009283066,-0.0032949035521596596,-0.0003250156257820592,-0.05865264983174293,0.0013229470578075824
27.05000000000143,-0.2227078080177307,-0.5665299892425537,2.0132017135620117,0.9491746789336253,-0.004488419972505947,0.02917559525061189,-0.07872163804263302,0.04420343504693708,0.0005997941707103073,-0.00038347538793459535,-0.058574941009283066,-0.0032949035521596596,-0.0003250156257820592,-0.05865264983174293,0.0013229470578075824
27.06000000000143,-0.2227078080177307,-0.5665299892425537,2.0132017135620117,0.9491746789336253,-0.004488419972505947,0.02917559525061189,-0.07872163804263302,0.04420343504693708,0.0005997941707103073,-0.00038347538793459535,-0.058574941009283066,-0.0032949035521596596,-0.0003250156257820592,-0.05865264983174293,0.0013229470578075824
27.070000000001432,-0.18397438526153564,-0.5636038780212402,2.012991428375244,0.9457756703988459,0.020631818726611982,0.031274365719699396,-0.07901028718390099,0.041679395748241206,0.0007681758973128524,-0.0018438869155943394,-0.04919654130935669,0.0031280952971428693,-0.0015519067641341366,-0.048796168743117076,0.00700741217521399
27.080000000001434,-0.18397438526153564,-0.5636038780212402,2.012991428375244,0.9457756703988459,0.020631818726611982,0.031274365719699396,-0.07901028718390099,0.041679395748241206,0.0007681758973128524,-0.0018438869155943394,-0.04919654130935669,0.0031280952971428693,-0.0015519067641341366,-0.048796168743117076,0.00700741217521399
27.090000000001435,-0.18397438526153564,-0.5636038780212402,2.012991428375244,0.9457756703988459,0.020631818726611982,0.031274365719699396,-0.07901028718390099,0.041679395748241206,0.0007681758973128524,-0.0018438869155943394,-0.04919654130935669,0.0031280952971428693,-0.0015519067641341366,-0.048796168743117076,0.00700741217521399
27.100000000001437,-0.1532377302646637,-0.5608963966369629,2.0128581523895264,0.9415952158566986,0.03929157550389923,0.031602618064945465,-0.07902216288012667,0.040682124178194376,0.0007570555865570701,-0.0008457143558189273,-0.04798593372106552,-0.004695096053183073,-0.0008820406469504202,-0.048206818164510785,-0.0008931764015738535
27.11000000000144,-0.1532377302646637,-0.5608963966369629,2.0128581523895264,0.9415952158566986,0.03929157550389923,0.031602618064945465,-0.07902216288012667,0.040682124178194376,0.0007570555865570701,-0.0008457143558189273,-0.04798593372106552,-0.004695096053183073,-0.0008820406469504202,-0.048206818164510785,-0.0008931764015738535
27.12000000000144,-0.1532377302646637,-0.5608963966369629,2.0128581523895264,0.9415952158566986,0.03929157550389923,0.031602618064945465,-0.07902216288012667,0.040682124178194376,0.0007570555865570701,-0.0008457143558189273,-0.04798593372106552,-0.004695096053183073,-0.0008820406469504202,-0.048206818164510785,-0.0008931764015738535
27.13000000000144,-0.12644949555397034,-0.5579967498779297,2.0128142833709717,0.9384067174872525,0.05595744726611543,0.029933909488124404,-0.07917250603051162,0.03866162071228338,0.0006616299656630446,-0.007901379838585854,-0.0497276708483696,-0.008716267533600323,-0.008085346611247114,-0.0502612666425209,-0.004759567940889359
27.140000000001443,-0.12644949555397034,-0.5579967498779297,2.0128142833709717,0.9384067174872525,0.05595744726611543,0.029933909488124404,-0.07917250603051162,0.03866162071228338,0.0006616299656630446,-0.007901379838585854,-0.0497276708483696,-0.008716267533600323,-0.008085346611247114,-0.0502612666425209,-0.004759567940889359
27.150000000001445,-0.12644949555397034,-0.5579967498779297,2.0128142833709717,0.9384067174872525,0.05595744726611543,0.029933909488124404,-0.07917250603051162,0.03866162071228338,0.0006616299656630446,-0.007901379838585854,-0.0497276708483696,-0.008716267533600323,-0.008085346611247114,-0.0502612666425209,-0.004759567940889359
27.160000000001446,-0.12644949555397034,-0.5579967498779297,2.0128142833709717,0.9384067174872525,0.05595744726611543,0.029933909488124404,-0.07917250603051162,0.03866162071228338,0.0006616299656630446,-0.007901379838585854,-0.0497276708483696,-0.008716267533600323,-0.008085346611247114,-0.0502612666425209,-0.004759567940889359
27.170000000001448,-0.08850555121898651,-0.5534181594848633,2.0127382278442383,0.9333191948236043,0.08041328752929092,0.030011946393432277,-0.0795487649850113,0.03677936730217068,0.0005688569930879327,-0.011137705296278,-0.042766179889440536,-0.008365540765225882,-0.01131950222086481,-0.043295705717753104,-0.004944019736424428
27.18000000000145,-0.08850555121898651,-0.5534181594848633,2.0127382278442383,0.9333191948236043,0.08041328752929092,0.030011946393432277,-0.0795487649850113,0.03677936730217068,0.0005688569930879327,-0.011137705296278,-0.042766179889440536,-0.008365540765225882,-0.01131950222086481,-0.043295705717753104,-0.004944019736424428
27.19000000000145,-0.08850555121898651,-0.5534181594848633,2.0127382278442383,0.9333191948236043,0.08041328752929092,0.030011946393432277,-0.0795487649850113,0.03677936730217068,0.0005688569930879327,-0.011137705296278,-0.042766179889440536,-0.008365540765225882,-0.01131950222086481,-0.043295705717753104,-0.004944019736424428
27.200000000001452,-0.05840318277478218,-0.549318790435791,2.012803792953491,0.9285819246597687,0.09864181416850247,0.031202446640366754,-0.07969986503246057,0.03608529645937034,0.0005297936472223237,-0.007088641636073589,-0.03211335837841034,-0.0016297772526740989,-0.0070549912812871126,-0.03214117478589204,0.0009327250198563021
27.210000000001454,-0.05840318277478218,-0.549318790435791,2.012803792953491,0.9285819246597687,0.09864181416850247,0.031202446640366754,-0.07969986503246057,0.03608529645937034,0.0005297936472223237,-0.007088641636073589,-0.03211335837841034,-0.0016297772526740989,-0.0070549912812871126,-0.03214117478589204,0.0009327250198563021
27.220000000001455,-0.05840318277478218,-0.549318790435791,2.012803792953491,0.9285819246597687,0.09864181416850247,0.031202446640366754,-0.07969986503246057,0.03608529645937034,0.0005297936472223237,-0.007088641636073589,-0.03211335837841034,-0.0016297772526740989,-0.0070549912812871126,-0.03214117478589204,0.0009327250198563021
27.230000000001457,-0.03187302500009537,-0.5442163944244385,2.0131094455718994,0.9246089758176592,0.11561702161458731,0.03207120620970808,-0.08008978238722687,0.034930496924243555,0.00032037397949626414,-0.01031919289380312,-0.027657194063067436,-0.007596079260110852,-0.010506462955552721,-0.028176257843909574,-0.005362309908762332
27.24000000000146,-0.03187302500009537,-0.5442163944244385,2.0131094455718994,0.9246089758176592,0.11561702161458731,0.03207120620970808,-0.08008978238722687,0.034930496924243555,0.00032037397949626414,-0.01031919289380312,-0.027657194063067436,-0.007596079260110852,-0.010506462955552721,-0.028176257843909574,-0.005362309908762332
27.25000000000146,-0.03187302500009537,-0.5442163944244385,2.0131094455718994,0.9246089758176592,0.11561702161458731,0.03207120620970808,-0.08008978238722687,0.034930496924243555,0.00032037397949626414,-0.01031919289380312,-0.027657194063067436,-0.007596079260110852,-0.010506462955552721,-0.028176257843909574,-0.005362309908762332
27.26000000000146,-0.03187302500009537,-0.5442163944244385,2.0131094455718994,0.9246089758176592,0.11561702161458731,0.03207120620970808,-0.08008978238722687,0.034930496924243555,0.00032037397949626414,-0.01031919289380312,-0.027657194063067436,-0.007596079260110852,-0.010506462955552721,-0.028176257843909574,-0.005362309908762332
27.270000000001463,0.00639562401920557,-0.5340175628662109,2.0136709213256836,0.9185098359426028,0.14168107057184326,0.03193076891542739,-0.08069059225699747,0.03344793312721376,0.0001910215720765924,-0.011972745880484581,-0.028928380459547043,-0.0008678843732923233,-0.011923670985669304,-0.02890420974840852,0.0014674762222997323
27.280000000001465,0.00639562401920557,-0.5340175628662109,2.0136709213256836,0.9185098359426028,0.14168107057184326,0.03193076891542739,-0.08069059225699747,0.03344793312721376,0.0001910215720765924,-0.011972745880484581,-0.028928380459547043,-0.0008678843732923233,-0.011923670985669304,-0.02890420974840852,0.0014674762222997323
27.290000000001466,0.00639562401920557,-0.5340175628662109,2.0136709213256836,0.9185098359426028,0.14168107057184326,0.03193076891542739,-0.08069059225699747,0.03344793312721376,0.0001910215720765924,-0.011972745880484581,-0.028928380459547043,-0.0008678843732923233,-0.011923670985669304,-0.02890420974840852,0.0014674762222997323
27.300000000001468,0.036609478294849396,-0.5258009433746338,2.0139477252960205,0.9122409013573451,0.16062920038367012,0.03271216713522384,-0.08090389050313211,0.0328949725731231,0.0002371715855635783,-0.01043780893087387,-0.03444574028253555,6.17453333688942e-05,-0.010344179136391548,-0.03432808051433682,0.002846838744591674
27.31000000000147,0.036609478294849396,-0.5258009433746338,2.0139477252960205,0.9122409013573451,0.16062920038367012,0.03271216713522384,-0.08090389050313211,0.0328949725731231,0.0002371715855635783,-0.01043780893087387,-0.03444574028253555,6.17453333688942e-05,-0.010344179136391548,-0.03432808051433682,0.002846838744591674
27.32000000000147,0.036609478294849396,-0.5258009433746338,2.0139477252960205,0.9122409013573451,0.16062920038367012,0.03271216713522384,-0.08090389050313211,0.0328949725731231,0.0002371715855635783,-0.01043780893087387,-0.03444574028253555,6.17453333688942e-05,-0.010344179136391548,-0.03432808051433682,0.002846838744591674
27.330000000001473,0.06290627270936966,-0.5180096626281738,2.0141994953155518,0.9077856096624988,0.17789620461022518,0.032865964599247496,-0.0808340215758189,0.03121478937066036,0.00019050234707933166,0.006829220801591873,-0.04277495667338371,-0.003336193738505239,0.006833236559493917,-0.04290466836140371,0.00012867010130550205
27.340000000001474,0.06290627270936966,-0.5180096626281738,2.0141994953155518,0.9077856096624988,0.17789620461022518,0.032865964599247496,-0.0808340215758189,0.03121478937066036,0.00019050234707933166,0.006829220801591873,-0.04277495667338371,-0.003336193738505239,0.006833236559493917,-0.04290466836140371,0.00012867010130550205
27.350000000001476,0.06290627270936966,-0.5180096626281738,2.0141994953155518,0.9077856096624988,0.17789620461022518,0.032865964599247496,-0.0808340215758189,0.03121478937066036,0.00019050234707933166,0.006829220801591873,-0.04277495667338371,-0.003336193738505239,0.006833236559493917,-0.04290466836140371,0.00012867010130550205
27.360000000001477,0.06290627270936966,-0.5180096626281738,2.0141994953155518,0.9077856096624988,0.17789620461022518,0.032865964599247496,-0.0808340215758189,0.03121478937066036,0.00019050234707933166,0.006829220801591873,-0.04277495667338371,-0.003336193738505239,0.006833236559493917,-0.04290466836140371,0.00012867010130550205
27.37000000000148,0.1000015065073967,-0.5067830085754395,2.0143651962280273,0.8999716499028706,0.20163715361988863,0.031622907321502594,-0.08036351757053739,0.029652221468017808,0.0002299512228317555,0.012906701304018497,-0.03799351677298546,0.0002983647282235371,0.013005988517889882,-0.03784694428048917,0.0033488811371204835
27.38000000000148,0.1000015065073967,-0.5067830085754395,2.0143651962280273,0.8999716499028706,0.20163715361988863,0.031622907321502594,-0.08036351757053739,0.029652221468017808,0.0002299512228317555,0.012906701304018497,-0.03799351677298546,0.0002983647282235371,0.013005988517889882,-0.03784694428048917,0.0033488811371204835
27.390000000001482,0.1000015065073967,-0.5067830085754395,2.0143651962280273,0.8999716499028706,0.20163715361988863,0.031622907321502594,-0.08036351757053739,0.029652221468017808,0.0002299512228317555,0.012906701304018497,-0.03799351677298546,0.0002983647282235371,0.013005988517889882,-0.03784694428048917,0.0033488811371204835
27.400000000001484,0.129304900765419,-0.4975857734680176,2.014300584793091,0.8939881744506031,0.22047677429942017,0.03223603628090023,-0.07996232271022438,0.028885874446412416,0.0003408822009421397,0.020664935931563377,-0.04056600108742714,0.0037711025215685415,0.0208671744945363,-0.04013515634286461,0.007002269933634977
27.410000000001485,0.129304900765419,-0.4975857734680176,2.014300584793091,0.8939881744506031,0.22047677429942017,0.03223603628090023,-0.07996232271022438,0.028885874446412416,0.0003408822009421397,0.020664935931563377,-0.04056600108742714,0.0037711025215685415,0.0208671744945363,-0.04013515634286461,0.007002269933634977
27.420000000001487,0.129304900765419,-0.4975857734680176,2.014300584793091,0.8939881744506031,0.22047677429942017,0.03223603628090023,-0.07996232271022438,0.028885874446412416,0.0003408822009421397,0.020664935931563377,-0.04056600108742714,0.0037711025215685415,0.0208671744945363,-0.04013515634286461,0.007002269933634977
27.43000000000149,0.15477918088436127,-0.488997220993042,2.0142662525177,0.8884571888078586,0.23545533223048945,0.031497435612638076,-0.07924853871395515,0.02731905855325466,0.00025848447426690154,0.02203185297548771,-0.042385272681713104,-0.007744800299406046,0.021912574600222594,-0.04286536742394879,-0.004366666339615488
27.44000000000149,0.15477918088436127,-0.488997220993042,2.0142662525177,0.8884571888078586,0.23545533223048945,0.031497435612638076,-0.07924853871395515,0.02731905855325466,0.00025848447426690154,0.02203185297548771,-0.042385272681713104,-0.007744800299406046,0.021912574600222594,-0.04286536742394879,-0.004366666339615488
27.45000000000149,0.15477918088436127,-0.488997220993042,2.0142662525177,0.8884571888078586,0.23545533223048945,0.031497435612638076,-0.07924853871395515,0.02731905855325466,0.00025848447426690154,0.02203185297548771,-0.042385272681713104,-0.007744800299406046,0.021912574600222594,-0.04286536742394879,-0.004366666339615488
27.460000000001493,0.15477918088436127,-0.488997220993042,2.0142662525177,0.8884571888078586,0.23545533223048945,0.031497435612638076,-0.07924853871395515,0.02731905855325466,0.00025848447426690154,0.02203185297548771,-0.042385272681713104,-0.007744800299406046,0.021912574600222594,-0.04286536742394879,-0.004366666339615488
27.470000000001495,0.19073070585727692,-0.47652554512023926,2.014385938644409,0.8797297549939581,0.25684409882132725,0.03064460842957941,-0.07864993142708919,0.02540788799128835,0.00034463426564211764,0.01662609539926052,-0.04968184232711792,-0.002717066789045924,0.016656458738424897,-0.04974173712940027,0.0011951645220425317
27.480000000001496,0.19073070585727692,-0.47652554512023926,2.014385938644409,0.8797297549939581,0.25684409882132725,0.03064460842957941,-0.07864993142708919,0.02540788799128835,0.00034463426564211764,0.01662609539926052,-0.04968184232711792,-0.002717066789045924,0.016656458738424897,-0.04974173712940027,0.0011951645220425317
27.490000000001498,0.19073070585727692,-0.47652554512023926,2.014385938644409,0.8797297549939581,0.25684409882132725,0.03064460842957941,-0.07864993142708919,0.02540788799128835,0.00034463426564211764,0.01662609539926052,-0.04968184232711792,-0.002717066789045924,0.016656458738424897,-0.04974173712940027,0.0011951645220425317
27.5000000000015,0.21913093328475952,-0.4662821292877197,2.014425754547119,0.8721007439633921,0.27353737933023325,0.030834170220314955,-0.07843591901246469,0.02438103059446183,0.000342421845587244,0.009811144322156906,-0.05143224820494652,-0.004734906367957586,0.009794309582295156,-0.05164512477376,-0.0006905535748779729
27.5100000000015,0.21913093328475952,-0.4662821292877197,2.014425754547119,0.8721007439633921,0.27353737933023325,0.030834170220314955,-0.07843591901246469,0.02438103059446183,0.000342421845587244,0.009811144322156906,-0.05143224820494652,-0.004734906367957586,0.009794309582295156,-0.05164512477376,-0.0006905535748779729
27.520000000001502,0.21913093328475952,-0.4662821292877197,2.014425754547119,0.8721007439633921,0.27353737933023325,0.030834170220314955,-0.07843591901246469,0.02438103059446183,0.000342421845587244,0.009811144322156906,-0.05143224820494652,-0.004734906367957586,0.009794309582295156,-0.05164512477376,-0.0006905535748779729
27.530000000001504,0.24376854300498962,-0.4568498134613037,2.0144832134246826,0.8651759895821318,0.2880891261977511,0.02992395739326991,-0.07845972314704192,0.022571302495819755,0.0004350942770142677,-0.005834680981934071,-0.048344071954488754,-0.00330027332529425,-0.005823414822888309,-0.048454019901482966,0.000499178801099975
27.540000000001505,0.24376854300498962,-0.4568498134613037,2.0144832134246826,0.8651759895821318,0.2880891261977511,0.02992395739326991,-0.07845972314704192,0.022571302495819755,0.0004350942770142677,-0.005834680981934071,-0.048344071954488754,-0.00330027332529425,-0.005823414822888309,-0.048454019901482966,0.000499178801099975
27.550000000001507,0.24376854300498962,-0.4568498134613037,2.0144832134246826,0.8651759895821318,0.2880891261977511,0.02992395739326991,-0.07845972314704192,0.022571302495819755,0.0004350942770142677,-0.005834680981934071,-0.048344071954488754,-0.00330027332529425,-0.005823414822888309,-0.048454019901482966,0.000499178801099975
27.56000000000151,0.24376854300498962,-0.4568498134613037,2.0144832134246826,0.8651759895821318,0.2880891261977511,0.02992395739326991,-0.07845972314704192,0.022571302495819755,0.0004350942770142677,-0.005834680981934071,-0.048344071954488754,-0.00330027332529425,-0.005823414822888309,-0.048454019901482966,0.000499178801099975
27.57000000000151,0.27850061655044556,-0.44309234619140625,2.0144054889678955,0.8547168541072915,0.3073728471647384,0.029984684132939747,-0.07844142181321487,0.020744226509267306,0.0004976276886418485,0.0005597667186520994,-0.04793177545070648,-0.004459047690033907,0.0005454645457101433,-0.04813380303729594,-0.0006895026308116157
27.58000000000151,0.27850061655044556,-0.44309234619140625,2.0144054889678955,0.8547168541072915,0.3073728471647384,0.029984684132939747,-0.07844142181321487,0.020744226509267306,0.0004976276886418485,0.0005597667186520994,-0.04793177545070648,-0.004459047690033907,0.0005454645457101433,-0.04813380303729594,-0.0006895026308116157
27.590000000001513,0.27850061655044556,-0.44309234619140625,2.0144054889678955,0.8547168541072915,0.3073728471647384,0.029984684132939747,-0.07844142181321487,0.020744226509267306,0.0004976276886418485,0.0005597667186520994,-0.04793177545070648,-0.004459047690033907,0.0005454645457101433,-0.04813380303729594,-0.0006895026308116157
27.600000000001515,0.3058951795101166,-0.43177127838134766,2.0142323970794678,0.8454145562277756,0.3242414059762201,0.029971678298310985,-0.07850343491894486,0.019877495592638437,0.00040143964338751695,-0.001621318981051445,-0.03303081542253494,-0.009604074992239472,-0.0017601642086445002,-0.03368226541111001,-0.006985506331462257
27.610000000001516,0.3058951795101166,-0.43177127838134766,2.0142323970794678,0.8454145562277756,0.3242414059762201,0.029971678298310985,-0.07850343491894486,0.019877495592638437,0.00040143964338751695,-0.001621318981051445,-0.03303081542253494,-0.009604074992239472,-0.0017601642086445002,-0.03368226541111001,-0.006985506331462257
27.620000000001518,0.3058951795101166,-0.43177127838134766,2.0142323970794678,0.8454145562277756,0.3242414059762201,0.029971678298310985,-0.07850343491894486,0.019877495592638437,0.00040143964338751695,-0.001621318981051445,-0.03303081542253494,-0.009604074992239472,-0.0017601642086445002,-0.03368226541111001,-0.006985506331462257
27.63000000000152,0.3300030529499054,-0.4206523895263672,2.014472246170044,0.8377905570577727,0.33912271167040403,0.03058845390347701,-0.07889514124778375,0.018261869389679136,0.000360498193423139,-0.005139303393661976,-0.04083315655589104,-0.004622521810233588,-0.0051646892337358224,-0.041070456918045596,-0.001390178113706544
27.64000000000152,0.3300030529499054,-0.4206523895263672,2.014472246170044,0.8377905570577727,0.33912271167040403,0.03058845390347701,-0.07889514124778375,0.018261869389679136,0.000360498193423139,-0.005139303393661976,-0.04083315655589104,-0.004622521810233588,-0.0051646892337358224,-0.041070456918045596,-0.001390178113706544
27.650000000001523,0.3300030529499054,-0.4206523895263672,2.014472246170044,0.8377905570577727,0.33912271167040403,0.03058845390347701,-0.07889514124778375,0.018261869389679136,0.000360498193423139,-0.005139303393661976,-0.04083315655589104,-0.004622521810233588,-0.0051646892337358224,-0.041070456918045596,-0.001390178113706544
27.660000000001524,0.3300030529499054,-0.4206523895263672,2.014472246170044,0.8377905570577727,0.33912271167040403,0.03058845390347701,-0.07889514124778375,0.018261869389679136,0.000360498193423139,-0.005139303393661976,-0.04083315655589104,-0.004622521810233588,-0.0051646892337358224,-0.041070456918045596,-0.001390178113706544
27.670000000001526,0.36483797430992126,-0.40265822410583496,2.015650987625122,0.8264234564774771,0.36036888190471844,0.03107047667179064,-0.07930591289235027,0.016660103383404127,0.00033390804029620653,-0.010113121941685677,-0.03799641132354736,-0.007846748456358904,-0.010193296164721808,-0.03849862753599697,-0.004812571096221191
27.680000000001527,0.36483797430992126,-0.40265822410583496,2.015650987625122,0.8264234564774771,0.36036888190471844,0.03107047667179064,-0.07930591289235027,0.016660103383404127,0.00033390804029620653,-0.010113121941685677,-0.03799641132354736,-0.007846748456358904,-0.010193296164721808,-0.03849862753599697,-0.004812571096221191
27.69000000000153,0.36483797430992126,-0.40265822410583496,2.015650987625122,0.8264234564774771,0.36036888190471844,0.03107047667179064,-0.07930591289235027,0.016660103383404127,0.00033390804029620653,-0.010113121941685677,-0.03799641132354736,-0.007846748456358904,-0.010193296164721808,-0.03849862753599697,-0.004812571096221191
27.70000000000153,0.3921370506286621,-0.38819098472595215,2.016453981399536,0.8164276344427366,0.3774884293532301,0.03140624722460764,-0.0793375746251613,0.016061387666967478,0.0003316757236927951,-5.8693040045909584e-05,-0.037810906767845154,-0.004059766884893175,-7.556403929149897e-05,-0.038013723994999825,-0.0010504524877135851
27.710000000001532,0.3921370506286621,-0.38819098472595215,2.016453981399536,0.8164276344427366,0.3774884293532301,0.03140624722460764,-0.0793375746251613,0.016061387666967478,0.0003316757236927951,-5.8693040045909584e-05,-0.037810906767845154,-0.004059766884893175,-7.556403929149897e-05,-0.038013723994999825,-0.0010504524877135851
27.720000000001534,0.3921370506286621,-0.38819098472595215,2.016453981399536,0.8164276344427366,0.3774884293532301,0.03140624722460764,-0.0793375746251613,0.016061387666967478,0.0003316757236927951,-5.8693040045909584e-05,-0.037810906767845154,-0.004059766884893175,-7.556403929149897e-05,-0.038013723994999825,-0.0010504524877135851
27.730000000001535,0.41577616333961487,-0.3750326633453369,2.0171921253204346,0.807901166579352,0.3906075978606281,0.029478816046570235,-0.07939126935265979,0.014325208878388578,0.00034072197104672284,0.0011642647441476583,-0.04029741883277893,0.0004943744279444268,0.0012171100537057894,-0.040131280943580885,0.003689099227932923
27.740000000001537,0.41577616333961487,-0.3750326633453369,2.0171921253204346,0.807901166579352,0.3906075978606281,0.029478816046570235,-0.07939126935265979,0.014325208878388578,0.00034072197104672284,0.0011642647441476583,-0.04029741883277893,0.0004943744279444268,0.0012171100537057894,-0.040131280943580885,0.003689099227932923
27.75000000000154,0.41577616333961487,-0.3750326633453369,2.0171921253204346,0.807901166579352,0.3906075978606281,0.029478816046570235,-0.07939126935265979,0.014325208878388578,0.00034072197104672284,0.0011642647441476583,-0.04029741883277893,0.0004943744279444268,0.0012171100537057894,-0.040131280943580885,0.003689099227932923
27.76000000000154,0.41577616333961487,-0.3750326633453369,2.0171921253204346,0.807901166579352,0.3906075978606281,0.029478816046570235,-0.07939126935265979,0.014325208878388578,0.00034072197104672284,0.0011642647441476583,-0.04029741883277893,0.0004943744279444268,0.0012171100537057894,-0.040131280943580885,0.003689099227932923
27.77000000000154,0.44889920949935913,-0.3562028408050537,2.0180580615997314,0.7953935619544351,0.4095275229571663,0.026629227412923798,-0.078988670986633,0.01243258980654914,0.00035199497656915313,0.014355338178575039,-0.042873676866292953,-1.5609373804176563e-05,0.014397206505084864,-0.04274122913463641,0.003367713869248105
27.780000000001543,0.44889920949935913,-0.3562028408050537,2.0180580615997314,0.7953935619544351,0.4095275229571663,0.026629227412923798,-0.078988670986633,0.01243258980654914,0.00035199497656915313,0.014355338178575039,-0.042873676866292953,-1.5609373804176563e-05,0.014397206505084864,-0.04274122913463641,0.003367713869248105
27.790000000001545,0.44889920949935913,-0.3562028408050537,2.0180580615997314,0.7953935619544351,0.4095275229571663,0.026629227412923798,-0.078988670986633,0.01243258980654914,0.00035199497656915313,0.014355338178575039,-0.042873676866292953,-1.5609373804176563e-05,0.014397206505084864,-0.04274122913463641,0.003367713869248105
27.800000000001546,0.47484925389289856,-0.34098339080810547,2.0185844898223877,0.7841297188820248,0.424541432181198,0.027337909156962485,-0.0787960796105641,0.011528951765955673,0.0003359157619166326,0.009111903607845306,-0.04705486819148064,-0.0049042413011193215,0.009098239801375946,-0.04729490133022136,-0.0011851996124932092
27.810000000001548,0.47484925389289856,-0.34098339080810547,2.0185844898223877,0.7841297188820248,0.424541432181198,0.027337909156962485,-0.0787960796105641,0.011528951765955673,0.0003359157619166326,0.009111903607845306,-0.04705486819148064,-0.0049042413011193215,0.009098239801375946,-0.04729490133022136,-0.0011851996124932092
27.82000000000155,0.47484925389289856,-0.34098339080810547,2.0185844898223877,0.7841297188820248,0.424541432181198,0.027337909156962485,-0.0787960796105641,0.011528951765955673,0.0003359157619166326,0.009111903607845306,-0.04705486819148064,-0.0049042413011193215,0.009098239801375946,-0.04729490133022136,-0.0011851996124932092
27.83000000000155,0.49725618958473206,-0.32721734046936035,2.0192151069641113,0.7737388768534852,0.43768528266686824,0.026734772962032305,-0.07868216110181628,0.009662434712942614,0.00044015510374963856,-0.0008185272454284132,-0.051852717995643616,0.0004835763829760317,-0.0007744868569284544,-0.051654284155955896,0.00455796857662465
27.840000000001552,0.49725618958473206,-0.32721734046936035,2.0192151069641113,0.7737388768534852,0.43768528266686824,0.026734772962032305,-0.07868216110181628,0.009662434712942614,0.00044015510374963856,-0.0008185272454284132,-0.051852717995643616,0.0004835763829760317,-0.0007744868569284544,-0.051654284155955896,0.00455796857662465
27.850000000001554,0.49725618958473206,-0.32721734046936035,2.0192151069641113,0.7737388768534852,0.43768528266686824,0.026734772962032305,-0.07868216110181628,0.009662434712942614,0.00044015510374963856,-0.0008185272454284132,-0.051852717995643616,0.0004835763829760317,-0.0007744868569284544,-0.051654284155955896,0.00455796857662465
27.860000000001556,0.49725618958473206,-0.32721734046936035,2.0192151069641113,0.7737388768534852,0.43768528266686824,0.026734772962032305,-0.07868216110181628,0.009662434712942614,0.00044015510374963856,-0.0008185272454284132,-0.051852717995643616,0.0004835763829760317,-0.0007744868569284544,-0.051654284155955896,0.00455796857662465
27.870000000001557,0.5285598039627075,-0.30733489990234375,2.0198488235473633,0.7575163506224585,0.4577190631003357,0.025818780694776486,-0.07865756639052296,0.007962891097991746,0.00042565605249039246,0.00937382597476244,-0.04338090866804123,-0.008567684330046172,0.009332955774577883,-0.04391999722290218,-0.005132637329656271
27.88000000000156,0.5285598039627075,-0.30733489990234375,2.0198488235473633,0.7575163506224585,0.4577190631003357,0.025818780694776486,-0.07865756639052296,0.007962891097991746,0.00042565605249039246,0.00937382597476244,-0.04338090866804123,-0.008567684330046172,0.009332955774577883,-0.04391999722290218,-0.005132637329656271
27.89000000000156,0.5285598039627075,-0.30733489990234375,2.0198488235473633,0.7575163506224585,0.4577190631003357,0.025818780694776486,-0.07865756639052296,0.007962891097991746,0.00042565605249039246,0.00937382597476244,-0.04338090866804123,-0.008567684330046172,0.009332955774577883,-0.04391999722290218,-0.005132637329656271
27.90000000000156,0.5530377626419067,-0.29116368293762207,2.020216226577759,0.7454575080167608,0.4709334362814807,0.025391341063061647,-0.0784272829958073,0.007180804101016336,0.000368002585966178,0.009461539797484875,-0.036947499960660934,-0.006486461032181974,0.009435890958691906,-0.037342123305765515,-0.0035718923479004026
27.910000000001563,0.5530377626419067,-0.29116368293762207,2.020216226577759,0.7454575080167608,0.4709334362814807,0.025391341063061647,-0.0784272829958073,0.007180804101016336,0.000368002585966178,0.009461539797484875,-0.036947499960660934,-0.006486461032181974,0.009435890958691906,-0.037342123305765515,-0.0035718923479004026
27.920000000001565,0.5530377626419067,-0.29116368293762207,2.020216226577759,0.7454575080167608,0.4709334362814807,0.025391341063061647,-0.0784272829958073,0.007180804101016336,0.000368002585966178,0.009461539797484875,-0.036947499960660934,-0.006486461032181974,0.009435890958691906,-0.037342123305765515,-0.0035718923479004026
27.930000000001566,0.5741528272628784,-0.27663445472717285,2.020559310913086,0.7359951030874051,0.4831198916523568,0.025415677389173726,-0.07798216436261839,0.0058611094942117034,0.0003285382012354012,0.012130544520914555,-0.029620381072163582,-0.0029562355484813417,0.012126794948421464,-0.029760662771065382,-0.0006397413262469219
27.940000000001568,0.5741528272628784,-0.27663445472717285,2.020559310913086,0.7359951030874051,0.4831198916523568,0.025415677389173726,-0.07798216436261839,0.0058611094942117034,0.0003285382012354012,0.012130544520914555,-0.029620381072163582,-0.0029562355484813417,0.012126794948421464,-0.029760662771065382,-0.0006397413262469219
27.95000000000157,0.5741528272628784,-0.27663445472717285,2.020559310913086,0.7359951030874051,0.4831198916523568,0.025415677389173726,-0.07798216436261839,0.0058611094942117034,0.0003285382012354012,0.012130544520914555,-0.029620381072163582,-0.0029562355484813417,0.012126794948421464,-0.029760662771065382,-0.0006397413262469219
27.96000000000157,0.5741528272628784,-0.27663445472717285,2.020559310913086,0.7359951030874051,0.4831198916523568,0.025415677389173726,-0.07798216436261839,0.0058611094942117034,0.0003285382012354012,0.012130544520914555,-0.029620381072163582,-0.0029562355484813417,0.012126794948421464,-0.029760662771065382,-0.0006397413262469219
27.970000000001573,0.6036874055862427,-0.25562405586242676,2.021022319793701,0.7198352122808588,0.49966848769199285,0.025660648316486317,-0.0777921214148033,0.004785855773439555,0.000288435781362333,-0.00019942523795180023,-0.025472836568951607,-0.00014804082456975864,-0.00019065750783388223,-0.02540730433924446,0.001832015840640699
27.980000000001574,0.6036874055862427,-0.25562405586242676,2.021022319793701,0.7198352122808588,0.49966848769199285,0.025660648316486317,-0.0777921214148033,0.004785855773439555,0.000288435781362333,-0.00019942523795180023,-0.025472836568951607,-0.00014804082456975864,-0.00019065750783388223,-0.02540730433924446,0.001832015840640699
27.990000000001576,0.6036874055862427,-0.25562405586242676,2.021022319793701,0.7198352122808588,0.49966848769199285,0.025660648316486317,-0.0777921214148033,0.004785855773439555,0.000288435781362333,-0.00019942523795180023,-0.025472836568951607,-0.00014804082456975864,-0.00019065750783388223,-0.02540730433924446,0.001832015840640699
28.000000000001577,0.6267533302307129,-0.23853397369384766,2.021223545074463,0.7061209296283782,0.5140499875220323,0.024991901620791162,-0.0776709216315782,0.003920405252907902,0.0002068665384396974,0.004625640343874693,-0.04312136024236679,-0.0047843144275248,0.004620057732274384,-0.0433625835428349,-0.0014239920468911858
28.01000000000158,0.6267533302307129,-0.23853397369384766,2.021223545074463,0.7061209296283782,0.5140499875220323,0.024991901620791162,-0.0776709216315782,0.003920405252907902,0.0002068665384396974,0.004625640343874693,-0.04312136024236679,-0.0047843144275248,0.004620057732274384,-0.0433625835428349,-0.0014239920468911858
28.02000000000158,0.6267533302307129,-0.23853397369384766,2.021223545074463,0.7061209296283782,0.5140499875220323,0.024991901620791162,-0.0776709216315782,0.003920405252907902,0.0002068665384396974,0.004625640343874693,-0.04312136024236679,-0.0047843144275248,0.004620057732274384,-0.0433625835428349,-0.0014239920468911858
28.030000000001582,0.6467511057853699,-0.22244668006896973,2.021531820297241,0.6961377861072824,0.5249516023587284,0.02342654616913531,-0.07776962374204185,0.0023868155411591865,0.00015692489673379577,-0.0028627640567719936,-0.03929845616221428,-0.0025088726542890024,-0.002861446873779872,-0.03937459273126605,0.0005518584155539336
28.040000000001584,0.6467511057853699,-0.22244668006896973,2.021531820297241,0.6961377861072824,0.5249516023587284,0.02342654616913531,-0.07776962374204185,0.0023868155411591865,0.00015692489673379577,-0.0028627640567719936,-0.03929845616221428,-0.0025088726542890024,-0.002861446873779872,-0.03937459273126605,0.0005518584155539336
28.050000000001585,0.6467511057853699,-0.22244668006896973,2.021531820297241,0.6961377861072824,0.5249516023587284,0.02342654616913531,-0.07776962374204185,0.0023868155411591865,0.00015692489673379577,-0.0028627640567719936,-0.03929845616221428,-0.0025088726542890024,-0.002861446873779872,-0.03937459273126605,0.0005518584155539336
28.060000000001587,0.6467511057853699,-0.22244668006896973,2.021531820297241,0.6961377861072824,0.5249516023587284,0.02342654616913531,-0.07776962374204185,0.0023868155411591865,0.00015692489673379577,-0.0028627640567719936,-0.03929845616221428,-0.0025088726542890024,-0.002861446873779872,-0.03937459273126605,0.0005518584155539336
28.07000000000159,0.6750780344009399,-0.19733047485351562,2.0221781730651855,0.6813750828805385,0.5435261574715365,0.02189706521026317,-0.0779628840606011,0.000919854133194293,0.0001291284172218143,-0.0015799900284036994,-0.0365213043987751,-0.0036216403823345856,-0.001580694836231158,-0.03669243608654493,-0.0007662170570505139
28.08000000000159,0.6750780344009399,-0.19733047485351562,2.0221781730651855,0.6813750828805385,0.5435261574715365,0.02189706521026317,-0.0779628840606011,0.000919854133194293,0.0001291284172218143,-0.0015799900284036994,-0.0365213043987751,-0.0036216403823345856,-0.001580694836231158,-0.03669243608654493,-0.0007662170570505139
28.09000000000159,0.6750780344009399,-0.19733047485351562,2.0221781730651855,0.6813750828805385,0.5435261574715365,0.02189706521026317,-0.0779628840606011,0.000919854133194293,0.0001291284172218143,-0.0015799900284036994,-0.0365213043987751,-0.0036216403823345856,-0.001580694836231158,-0.03669243608654493,-0.0007662170570505139
28.100000000001593,0.6971836686134338,-0.1772310733795166,2.0224950313568115,0.6680539655495624,0.5572187516460633,0.022452432252621394,-0.07800179014510675,0.00013305532390024086,0.00013172086752123705,-0.0006849567289464176,-0.03781188651919365,-0.002353071002289648,-0.0006848768307324085,-0.037880273476414476,0.0006004886681932154
28.110000000001595,0.6971836686134338,-0.1772310733795166,2.0224950313568115,0.6680539655495624,0.5572187516460633,0.022452432252621394,-0.07800179014510675,0.00013305532390024086,0.00013172086752123705,-0.0006849567289464176,-0.03781188651919365,-0.002353071002289648,-0.0006848768307324085,-0.037880273476414476,0.0006004886681932154
28.120000000001596,0.6971836686134338,-0.1772310733795166,2.0224950313568115,0.6680539655495624,0.5572187516460633,0.022452432252621394,-0.07800179014510675,0.00013305532390024086,0.00013172086752123705,-0.0006849567289464176,-0.03781188651919365,-0.002353071002289648,-0.0006848768307324085,-0.037880273476414476,0.0006004886681932154
28.130000000001598,0.7161410450935364,-0.15918922424316406,2.0227601528167725,0.6557929126508775,0.5699700823799654,0.022671198929196647,-0.07763736889643146,-0.0014968212260245846,0.00022516123707556974,0.01776731386780739,-0.04641018435359001,0.0006892752135172543,0.01776089737224248,-0.04621692471513704,0.004286749712888607
28.1400000000016,0.7161410450935364,-0.15918922424316406,2.0227601528167725,0.6557929126508775,0.5699700823799654,0.022671198929196647,-0.07763736889643146,-0.0014968212260245846,0.00022516123707556974,0.01776731386780739,-0.04641018435359001,0.0006892752135172543,0.01776089737224248,-0.04621692471513704,0.004286749712888607
28.1500000000016,0.7161410450935364,-0.15918922424316406,2.0227601528167725,0.6557929126508775,0.5699700823799654,0.022671198929196647,-0.07763736889643146,-0.0014968212260245846,0.00022516123707556974,0.01776731386780739,-0.04641018435359001,0.0006892752135172543,0.01776089737224248,-0.04621692471513704,0.004286749712888607
28.160000000001602,0.7161410450935364,-0.15918922424316406,2.0227601528167725,0.6557929126508775,0.5699700823799654,0.022671198929196647,-0.07763736889643146,-0.0014968212260245846,0.00022516123707556974,0.01776731386780739,-0.04641018435359001,0.0006892752135172543,0.01776089737224248,-0.04621692471513704,0.004286749712888607
28.170000000001604,0.7424874901771545,-0.1334218978881836,2.0228443145751953,0.637738219743864,0.586793450960354,0.02260375198766473,-0.07676377355081061,-0.003510858476521533,0.0001449424356242324,0.0265106949955225,-0.04643971845507622,-0.003639524104073638,0.026510931692108254,-0.046582067801706525,-6.741857400257697e-05
28.180000000001606,0.7424874901771545,-0.1334218978881836,2.0228443145751953,0.637738219743864,0.586793450960354,0.02260375198766473,-0.07676377355081061,-0.003510858476521533,0.0001449424356242324,0.0265106949955225,-0.04643971845507622,-0.003639524104073638,0.026510931692108254,-0.046582067801706525,-6.741857400257697e-05
28.190000000001607,0.7424874901771545,-0.1334218978881836,2.0228443145751953,0.637738219743864,0.586793450960354,0.02260375198766473,-0.07676377355081061,-0.003510858476521533,0.0001449424356242324,0.0265106949955225,-0.04643971845507622,-0.003639524104073638,0.026510931692108254,-0.046582067801706525,-6.741857400257697e-05
28.20000000000161,0.7629625201225281,-0.11271548271179199,2.022913694381714,0.6228827273453459,0.5986673915409213,0.022781403475700124,-0.0760393669571378,-0.004439947562831008,0.00010907946513315122,0.027867989614605904,-0.03692901134490967,-0.005575013346970077,0.02788021531427177,-0.0372458133620049,-0.002753577527833753
28.21000000000161,0.7629625201225281,-0.11271548271179199,2.022913694381714,0.6228827273453459,0.5986673915409213,0.022781403475700124,-0.0760393669571378,-0.004439947562831008,0.00010907946513315122,0.027867989614605904,-0.03692901134490967,-0.005575013346970077,0.02788021531427177,-0.0372458133620049,-0.002753577527833753
28.220000000001612,0.7629625201225281,-0.11271548271179199,2.022913694381714,0.6228827273453459,0.5986673915409213,0.022781403475700124,-0.0760393669571378,-0.004439947562831008,0.00010907946513315122,0.027867989614605904,-0.03692901134490967,-0.005575013346970077,0.02788021531427177,-0.0372458133620049,-0.002753577527833753
28.230000000001613,0.7804749608039856,-0.09423232078552246,2.0230422019958496,0.6102608015884979,0.6096660551786438,0.021725954186468006,-0.074932098792552,-0.005885356949028137,0.0001179470245348705,0.03454061225056648,-0.03948672115802765,-0.0043664812110364385,0.03454884109659394,-0.03970280111550201,-0.0013981978668850732
28.240000000001615,0.7804749608039856,-0.09423232078552246,2.0230422019958496,0.6102608015884979,0.6096660551786438,0.021725954186468006,-0.074932098792552,-0.005885356949028137,0.0001179470245348705,0.03454061225056648,-0.03948672115802765,-0.0043664812110364385,0.03454884109659394,-0.03970280111550201,-0.0013981978668850732
28.250000000001616,0.7804749608039856,-0.09423232078552246,2.0230422019958496,0.6102608015884979,0.6096660551786438,0.021725954186468006,-0.074932098792552,-0.005885356949028137,0.0001179470245348705,0.03454061225056648,-0.03948672115802765,-0.0043664812110364385,0.03454884109659394,-0.03970280111550201,-0.0013981978668850732
28.260000000001618,0.7804749608039856,-0.09423232078552246,2.0230422019958496,0.6102608015884979,0.6096660551786438,0.021725954186468006,-0.074932098792552,-0.005885356949028137,0.0001179470245348705,0.03454061225056648,-0.03948672115802765,-0.0043664812110364385,0.03454884109659394,-0.03970280111550201,-0.0013981978668850732
28.27000000000162,0.8047828674316406,-0.06771469116210938,2.0231246948242188,0.5915818257525077,0.6242463079792443,0.02095487946553187,-0.07359894517910351,-0.007441102011127662,0.00012279588490744187,0.03262542933225632,-0.03471874073147774,-0.0012973037082701878,0.03261605958594011,-0.034720144858770965,0.001259199614504681
28.28000000000162,0.8047828674316406,-0.06771469116210938,2.0231246948242188,0.5915818257525077,0.6242463079792443,0.02095487946553187,-0.07359894517910351,-0.007441102011127662,0.00012279588490744187,0.03262542933225632,-0.03471874073147774,-0.0012973037082701878,0.03261605958594011,-0.034720144858770965,0.001259199614504681
28.290000000001623,0.8047828674316406,-0.06771469116210938,2.0231246948242188,0.5915818257525077,0.6242463079792443,0.02095487946553187,-0.07359894517910351,-0.007441102011127662,0.00012279588490744187,0.03262542933225632,-0.03471874073147774,-0.0012973037082701878,0.03261605958594011,-0.034720144858770965,0.001259199614504681
28.300000000001624,0.8236083388328552,-0.046355247497558594,2.023111581802368,0.5750249768214758,0.6358604281398738,0.021304045128036193,-0.07307626089146829,-0.007860380037447313,0.00017067600985523545,0.03258439898490906,-0.025570308789610863,0.0031596680637449056,0.03254495356555447,-0.025271373374822045,0.005018310229603522
28.310000000001626,0.8236083388328552,-0.046355247497558594,2.023111581802368,0.5750249768214758,0.6358604281398738,0.021304045128036193,-0.07307626089146829,-0.007860380037447313,0.00017067600985523545,0.03258439898490906,-0.025570308789610863,0.0031596680637449056,0.03254495356555447,-0.025271373374822045,0.005018310229603522
28.320000000001627,0.8236083388328552,-0.046355247497558594,2.023111581802368,0.5750249768214758,0.6358604281398738,0.021304045128036193,-0.07307626089146829,-0.007860380037447313,0.00017067600985523545,0.03258439898490906,-0.025570308789610863,0.0031596680637449056,0.03254495356555447,-0.025271373374822045,0.005018310229603522
28.33000000000163,0.839634358882904,-0.027338504791259766,2.0230557918548584,0.5610847327762785,0.6453871615128856,0.020348057933221635,-0.07204669501110297,-0.008900292803705375,0.0002643295636506779,0.027359267696738243,-0.02644069492816925,-0.0001871074200607804,0.027343988204523505,-0.026385570213962598,0.0017167630640507173
28.34000000000163,0.839634358882904,-0.027338504791259766,2.0230557918548584,0.5610847327762785,0.6453871615128856,0.020348057933221635,-0.07204669501110297,-0.008900292803705375,0.0002643295636506779,0.027359267696738243,-0.02644069492816925,-0.0001871074200607804,0.027343988204523505,-0.026385570213962598,0.0017167630640507173
28.350000000001632,0.839634358882904,-0.027338504791259766,2.0230557918548584,0.5610847327762785,0.6453871615128856,0.020348057933221635,-0.07204669501110297,-0.008900292803705375,0.0002643295636506779,0.027359267696738243,-0.02644069492816925,-0.0001871074200607804,0.027343988204523505,-0.026385570213962598,0.0017167630640507173
28.360000000001634,0.839634358882904,-0.027338504791259766,2.0230557918548584,0.5610847327762785,0.6453871615128856,0.020348057933221635,-0.07204669501110297,-0.008900292803705375,0.0002643295636506779,0.027359267696738243,-0.02644069492816925,-0.0001871074200607804,0.027343988204523505,-0.026385570213962598,0.0017167630640507173
28.370000000001635,0.8618007898330688,-1.9073486328125e-05,2.0227839946746826,0.541673924792485,0.6591079928991982,0.018869895811287146,-0.07113989302716428,-0.010099159482742573,0.00013703955085703613,0.024897906929254532,-0.019516905769705772,-0.007023247890174386,0.024954648195401188,-0.01996675197199756,-0.005618510212719095
28.380000000001637,0.8618007898330688,-1.9073486328125e-05,2.0227839946746826,0.541673924792485,0.6591079928991982,0.018869895811287146,-0.07113989302716428,-0.010099159482742573,0.00013703955085703613,0.024897906929254532,-0.019516905769705772,-0.007023247890174386,0.024954648195401188,-0.01996675197199756,-0.005618510212719095
28.39000000000164,0.8618007898330688,-1.9073486328125e-05,2.0227839946746826,0.541673924792485,0.6591079928991982,0.018869895811287146,-0.07113989302716428,-0.010099159482742573,0.00013703955085703613,0.024897906929254532,-0.019516905769705772,-0.007023247890174386,0.024954648195401188,-0.01996675197199756,-0.005618510212719095
28.40000000000164,0.8789370656013489,0.02202630043029785,2.0224504470825195,0.5264538815450729,0.668772298146188,0.020391148672656907,-0.07056928258498639,-0.010595298221540617,5.298389776698351e-05,0.024516580626368523,-0.020303109660744667,-0.004126151558011768,0.02454502259338542,-0.02054351358987448,-0.0026844453624607
28.41000000000164,0.8789370656013489,0.02202630043029785,2.0224504470825195,0.5264538815450729,0.668772298146188,0.020391148672656907,-0.07056928258498639,-0.010595298221540617,5.298389776698351e-05,0.024516580626368523,-0.020303109660744667,-0.004126151558011768,0.02454502259338542,-0.02054351358987448,-0.0026844453624607
28.420000000001643,0.8789370656013489,0.02202630043029785,2.0224504470825195,0.5264538815450729,0.668772298146188,0.020391148672656907,-0.07056928258498639,-0.010595298221540617,5.298389776698351e-05,0.024516580626368523,-0.020303109660744667,-0.004126151558011768,0.02454502259338542,-0.02054351358987448,-0.0026844453624607
28.430000000001645,0.8937740325927734,0.042241811752319336,2.022336483001709,0.511712683909371,0.6769879621133205,0.01974269964387601,-0.06968546110244334,-0.011370610223998063,9.093000307851062e-05,0.020695749670267105,-0.015089983120560646,-0.005223456304520367,0.020743054324715446,-0.015417063419184985,-0.004160346091757201
28.440000000001646,0.8937740325927734,0.042241811752319336,2.022336483001709,0.511712683909371,0.6769879621133205,0.01974269964387601,-0.06968546110244334,-0.011370610223998063,9.093000307851062e-05,0.020695749670267105,-0.015089983120560646,-0.005223456304520367,0.020743054324715446,-0.015417063419184985,-0.004160346091757201
28.450000000001648,0.8937740325927734,0.042241811752319336,2.022336483001709,0.511712683909371,0.6769879621133205,0.01974269964387601,-0.06968546110244334,-0.011370610223998063,9.093000307851062e-05,0.020695749670267105,-0.015089983120560646,-0.005223456304520367,0.020743054324715446,-0.015417063419184985,-0.004160346091757201
28.46000000000165,0.8937740325927734,0.042241811752319336,2.022336483001709,0.511712683909371,0.6769879621133205,0.01974269964387601,-0.06968546110244334,-0.011370610223998063,9.093000307851062e-05,0.020695749670267105,-0.015089983120560646,-0.005223456304520367,0.020743054324715446,-0.015417063419184985,-0.004160346091757201
28.47000000000165,0.9148091077804565,0.07288289070129395,2.0225255489349365,0.4906569601010186,0.6895252456301918,0.020315228311092337,-0.06897666973062756,-0.012423714966486886,0.0002734530304183005,0.017738794907927513,-0.029108498245477676,0.002065448556095365,0.017688268133692408,-0.028896924948368066,0.004067066427801675
28.480000000001652,0.9148091077804565,0.07288289070129395,2.0225255489349365,0.4906569601010186,0.6895252456301918,0.020315228311092337,-0.06897666973062756,-0.012423714966486886,0.0002734530304183005,0.017738794907927513,-0.029108498245477676,0.002065448556095365,0.017688268133692408,-0.028896924948368066,0.004067066427801675
28.490000000001654,0.9148091077804565,0.07288289070129395,2.0225255489349365,0.4906569601010186,0.6895252456301918,0.020315228311092337,-0.06897666973062756,-0.012423714966486886,0.0002734530304183005,0.017738794907927513,-0.029108498245477676,0.002065448556095365,0.017688268133692408,-0.028896924948368066,0.004067066427801675
28.500000000001656,0.9309059381484985,0.09731340408325195,2.022622585296631,0.47532016273819233,0.7001167074186918,0.022811336875713042,-0.06867589675818386,-0.012915991382638643,0.00032113567007296197,0.015952667221426964,-0.02442907728254795,0.0004396371368784487,0.01592534875343596,-0.024341322782831548,0.0021151475526596628
28.510000000001657,0.9309059381484985,0.09731340408325195,2.022622585296631,0.47532016273819233,0.7001167074186918,0.022811336875713042,-0.06867589675818386,-0.012915991382638643,0.00032113567007296197,0.015952667221426964,-0.02442907728254795,0.0004396371368784487,0.01592534875343596,-0.024341322782831548,0.0021151475526596628
28.52000000000166,0.9309059381484985,0.09731340408325195,2.022622585296631,0.47532016273819233,0.7001167074186918,0.022811336875713042,-0.06867589675818386,-0.012915991382638643,0.00032113567007296197,0.015952667221426964,-0.02442907728254795,0.0004396371368784487,0.01592534875343596,-0.024341322782831548,0.0021151475526596628
28.53000000000166,0.9445958137512207,0.11902260780334473,2.0229523181915283,0.46226892768850036,0.7093252300413773,0.02335138552688916,-0.06795353238435078,-0.013562476204035133,0.0002638808964744711,0.024264711886644363,-0.020830225199460983,-0.0017145796446129654,0.024268729666924765,-0.020898572114609913,-0.00029625146579872254
28.540000000001662,0.9445958137512207,0.11902260780334473,2.0229523181915283,0.46226892768850036,0.7093252300413773,0.02335138552688916,-0.06795353238435078,-0.013562476204035133,0.0002638808964744711,0.024264711886644363,-0.020830225199460983,-0.0017145796446129654,0.024268729666924765,-0.020898572114609913,-0.00029625146579872254
28.550000000001663,0.9445958137512207,0.11902260780334473,2.0229523181915283,0.46226892768850036,0.7093252300413773,0.02335138552688916,-0.06795353238435078,-0.013562476204035133,0.0002638808964744711,0.024264711886644363,-0.020830225199460983,-0.0017145796446129654,0.024268729666924765,-0.020898572114609913,-0.00029625146579872254
28.560000000001665,0.9445958137512207,0.11902260780334473,2.0229523181915283,0.46226892768850036,0.7093252300413773,0.02335138552688916,-0.06795353238435078,-0.013562476204035133,0.0002638808964744711,0.024264711886644363,-0.020830225199460983,-0.0017145796446129654,0.024268729666924765,-0.020898572114609913,-0.00029625146579872254
28.570000000001667,0.9633200168609619,0.14994335174560547,2.023207664489746,0.44247558887190597,0.7209889677007941,0.021006516172315904,-0.06658839963555739,-0.014647982618378809,0.00023240783842324672,0.036963123828172684,-0.023563360795378685,0.0027623341884464056,0.036899779962655074,-0.023327336436801925,0.0043245634868042965
28.580000000001668,0.9633200168609619,0.14994335174560547,2.023207664489746,0.44247558887190597,0.7209889677007941,0.021006516172315904,-0.06658839963555739,-0.014647982618378809,0.00023240783842324672,0.036963123828172684,-0.023563360795378685,0.0027623341884464056,0.036899779962655074,-0.023327336436801925,0.0043245634868042965
28.59000000000167,0.9633200168609619,0.14994335174560547,2.023207664489746,0.44247558887190597,0.7209889677007941,0.021006516172315904,-0.06658839963555739,-0.014647982618378809,0.00023240783842324672,0.036963123828172684,-0.023563360795378685,0.0027623341884464056,0.036899779962655074,-0.023327336436801925,0.0043245634868042965
28.60000000000167,0.9776310324668884,0.17464947700500488,2.0232553482055664,0.42663683768229477,0.7280281745729563,0.019897661427492747,-0.06570845510496058,-0.015331843447044066,0.00027466634364794356,0.04436127841472626,-0.0355866402387619,-0.002102910308167334,0.04435762472391255,-0.03564792299361739,0.0002383166755501266
28.610000000001673,0.9776310324668884,0.17464947700500488,2.0232553482055664,0.42663683768229477,0.7280281745729563,0.019897661427492747,-0.06570845510496058,-0.015331843447044066,0.00027466634364794356,0.04436127841472626,-0.0355866402387619,-0.002102910308167334,0.04435762472391255,-0.03564792299361739,0.0002383166755501266
28.620000000001674,0.9776310324668884,0.17464947700500488,2.0232553482055664,0.42663683768229477,0.7280281745729563,0.019897661427492747,-0.06570845510496058,-0.015331843447044066,0.00027466634364794356,0.04436127841472626,-0.0355866402387619,-0.002102910308167334,0.04435762472391255,-0.03564792299361739,0.0002383166755501266
28.630000000001676,0.9897469878196716,0.19649100303649902,2.0233678817749023,0.4135190269800118,0.7349899917497666,0.019615443516381996,-0.06395269068015536,-0.016672511163145186,0.00030771130556252435,0.04203542694449425,-0.0386921651661396,-0.005764944478869434,0.04209012414591254,-0.03898150013111704,-0.003280833644036121
28.640000000001677,0.9897469878196716,0.19649100303649902,2.0233678817749023,0.4135190269800118,0.7349899917497666,0.019615443516381996,-0.06395269068015536,-0.016672511163145186,0.00030771130556252435,0.04203542694449425,-0.0386921651661396,-0.005764944478869434,0.04209012414591254,-0.03898150013111704,-0.003280833644036121
28.65000000000168,0.9897469878196716,0.19649100303649902,2.0233678817749023,0.4135190269800118,0.7349899917497666,0.019615443516381996,-0.06395269068015536,-0.016672511163145186,0.00030771130556252435,0.04203542694449425,-0.0386921651661396,-0.005764944478869434,0.04209012414591254,-0.03898150013111704,-0.003280833644036121
28.66000000000168,0.9897469878196716,0.19649100303649902,2.0233678817749023,0.4135190269800118,0.7349899917497666,0.019615443516381996,-0.06395269068015536,-0.016672511163145186,0.00030771130556252435,0.04203542694449425,-0.0386921651661396,-0.005764944478869434,0.04209012414591254,-0.03898150013111704,-0.003280833644036121
28.670000000001682,1.0062955617904663,0.2276473045349121,2.0234696865081787,0.3936887811193171,0.7428438845639003,0.01934049231816251,-0.06267403645840168,-0.018306990058281108,0.00041693616145451807,0.03167349472641945,-0.043466098606586456,0.0019158888608217294,0.03158864076908673,-0.04326076047907258,0.00463531672821878
28.680000000001684,1.0062955617904663,0.2276473045349121,2.0234696865081787,0.3936887811193171,0.7428438845639003,0.01934049231816251,-0.06267403645840168,-0.018306990058281108,0.00041693616145451807,0.03167349472641945,-0.043466098606586456,0.0019158888608217294,0.03158864076908673,-0.04326076047907258,0.00463531672821878
28.690000000001685,1.0062955617904663,0.2276473045349121,2.0234696865081787,0.3936887811193171,0.7428438845639003,0.01934049231816251,-0.06267403645840168,-0.018306990058281108,0.00041693616145451807,0.03167349472641945,-0.043466098606586456,0.0019158888608217294,0.03158864076908673,-0.04326076047907258,0.00463531672821878
28.700000000001687,1.0188761949539185,0.25255727767944336,2.023496627807617,0.37748853549490163,0.7489326893581624,0.01819209961597288,-0.061899001558327026,-0.019240503823544867,0.00036865470780044434,0.0333891287446022,-0.03855270519852638,-0.006307781673967834,0.03346438477658776,-0.0388690677990695,-0.0039115750884542435
28.71000000000169,1.0188761949539185,0.25255727767944336,2.023496627807617,0.37748853549490163,0.7489326893581624,0.01819209961597288,-0.061899001558327026,-0.019240503823544867,0.00036865470780044434,0.0333891287446022,-0.03855270519852638,-0.006307781673967834,0.03346438477658776,-0.0388690677990695,-0.0039115750884542435
28.72000000000169,1.0188761949539185,0.25255727767944336,2.023496627807617,0.37748853549490163,0.7489326893581624,0.01819209961597288,-0.061899001558327026,-0.019240503823544867,0.00036865470780044434,0.0333891287446022,-0.03855270519852638,-0.006307781673967834,0.03346438477658776,-0.0388690677990695,-0.0039115750884542435
28.73000000000169,1.0294280052185059,0.2745223045349121,2.0236878395080566,0.3616602244676951,0.7543283011161607,0.017474631393210347,-0.060958763096772395,-0.0208833789647415,0.00039021438298808916,0.023709485307335854,-0.043840233236551285,-0.0013103806413710063,0.023681020363736788,-0.04383863366455085,0.0013631420831371455
28.740000000001693,1.0294280052185059,0.2745223045349121,2.0236878395080566,0.3616602244676951,0.7543283011161607,0.017474631393210347,-0.060958763096772395,-0.0208833789647415,0.00039021438298808916,0.023709485307335854,-0.043840233236551285,-0.0013103806413710063,0.023681020363736788,-0.04383863366455085,0.0013631420831371455
28.750000000001695,1.0294280052185059,0.2745223045349121,2.0236878395080566,0.3616602244676951,0.7543283011161607,0.017474631393210347,-0.060958763096772395,-0.0208833789647415,0.00039021438298808916,0.023709485307335854,-0.043840233236551285,-0.0013103806413710063,0.023681020363736788,-0.04383863366455085,0.0013631420831371455
28.760000000001696,1.0294280052185059,0.2745223045349121,2.0236878395080566,0.3616602244676951,0.7543283011161607,0.017474631393210347,-0.060958763096772395,-0.0208833789647415,0.00039021438298808916,0.023709485307335854,-0.043840233236551285,-0.0013103806413710063,0.023681020363736788,-0.04383863366455085,0.0013631420831371455
28.770000000001698,1.0436733961105347,0.3058629035949707,2.023743152618408,0.3402032687637325,0.7606408057627619,0.016681990435061984,-0.05998758018012366,-0.022585666323143225,0.0004921203347904234,0.016888760030269623,-0.034722715616226196,-3.963068593250905e-07,0.016841744780220064,-0.03466028309216442,0.0020818180341077397
28.7800000000017,1.0436733961105347,0.3058629035949707,2.023743152618408,0.3402032687637325,0.7606408057627619,0.016681990435061984,-0.05998758018012366,-0.022585666323143225,0.0004921203347904234,0.016888760030269623,-0.034722715616226196,-3.963068593250905e-07,0.016841744780220064,-0.03466028309216442,0.0020818180341077397
28.7900000000017,1.0436733961105347,0.3058629035949707,2.023743152618408,0.3402032687637325,0.7606408057627619,0.016681990435061984,-0.05998758018012366,-0.022585666323143225,0.0004921203347904234,0.016888760030269623,-0.034722715616226196,-3.963068593250905e-07,0.016841744780220064,-0.03466028309216442,0.0020818180341077397
28.800000000001702,1.0544137954711914,0.3309633731842041,2.02365779876709,0.3225791687161879,0.7660818307154459,0.01675475759964019,-0.059777867654308675,-0.023155235088145404,0.0005062749230940072,0.010392754338681698,-0.03512761369347572,-0.004025336354970928,0.010437209752979832,-0.03530535272918587,-0.0019200576867224731
28.810000000001704,1.0544137954711914,0.3309633731842041,2.02365779876709,0.3225791687161879,0.7660818307154459,0.01675475759964019,-0.059777867654308675,-0.023155235088145404,0.0005062749230940072,0.010392754338681698,-0.03512761369347572,-0.004025336354970928,0.010437209752979832,-0.03530535272918587,-0.0019200576867224731
28.820000000001706,1.0544137954711914,0.3309633731842041,2.02365779876709,0.3225791687161879,0.7660818307154459,0.01675475759964019,-0.059777867654308675,-0.023155235088145404,0.0005062749230940072,0.010392754338681698,-0.03512761369347572,-0.004025336354970928,0.010437209752979832,-0.03530535272918587,-0.0019200576867224731
28.830000000001707,1.0637577772140503,0.3535146713256836,2.0236330032348633,0.30555423303671814,0.7711814767464611,0.01667194337497006,-0.059168407359987005,-0.024417326751355304,0.00043080825843558757,0.01655708998441696,-0.03307931125164032,-0.0013430293183773715,0.016542059860387353,-0.03310084300257285,0.0006156127488703749
28.84000000000171,1.0637577772140503,0.3535146713256836,2.0236330032348633,0.30555423303671814,0.7711814767464611,0.01667194337497006,-0.059168407359987005,-0.024417326751355304,0.00043080825843558757,0.01655708998441696,-0.03307931125164032,-0.0013430293183773715,0.016542059860387353,-0.03310084300257285,0.0006156127488703749
28.85000000000171,1.0637577772140503,0.3535146713256836,2.0236330032348633,0.30555423303671814,0.7711814767464611,0.01667194337497006,-0.059168407359987005,-0.024417326751355304,0.00043080825843558757,0.01655708998441696,-0.03307931125164032,-0.0013430293183773715,0.016542059860387353,-0.03310084300257285,0.0006156127488703749
28.860000000001712,1.0637577772140503,0.3535146713256836,2.0236330032348633,0.30555423303671814,0.7711814767464611,0.01667194337497006,-0.059168407359987005,-0.024417326751355304,0.00043080825843558757,0.01655708998441696,-0.03307931125164032,-0.0013430293183773715,0.016542059860387353,-0.03310084300257285,0.0006156127488703749
28.870000000001713,1.0772987604141235,0.38678693771362305,2.023604393005371,0.28358192928824366,0.7782248857837273,0.01672447028835987,-0.05827532532455577,-0.02531157377285273,0.0003574118117073908,0.02537516877055168,-0.01923847757279873,-0.0032544562127441146,0.02542905438416305,-0.019395366919295276,-0.0021291196032654186
28.880000000001715,1.0772987604141235,0.38678693771362305,2.023604393005371,0.28358192928824366,0.7782248857837273,0.01672447028835987,-0.05827532532455577,-0.02531157377285273,0.0003574118117073908,0.02537516877055168,-0.01923847757279873,-0.0032544562127441146,0.02542905438416305,-0.019395366919295276,-0.0021291196032654186
28.890000000001717,1.0772987604141235,0.38678693771362305,2.023604393005371,0.28358192928824366,0.7782248857837273,0.01672447028835987,-0.05827532532455577,-0.02531157377285273,0.0003574118117073908,0.02537516877055168,-0.01923847757279873,-0.0032544562127441146,0.02542905438416305,-0.019395366919295276,-0.0021291196032654186
28.900000000001718,1.087253212928772,0.4132697582244873,2.0234756469726562,0.2664907755813869,0.7831304978937288,0.016500565030648513,-0.05790465392559886,-0.025493552894539535,0.0003214716552843975,0.025811312720179558,-0.012129509821534157,-0.0017767946701496824,0.025838644010961996,-0.012212007884707613,-0.001072202515321062
28.91000000000172,1.087253212928772,0.4132697582244873,2.0234756469726562,0.2664907755813869,0.7831304978937288,0.016500565030648513,-0.05790465392559886,-0.025493552894539535,0.0003214716552843975,0.025811312720179558,-0.012129509821534157,-0.0017767946701496824,0.025838644010961996,-0.012212007884707613,-0.001072202515321062
28.92000000000172,1.087253212928772,0.4132697582244873,2.0234756469726562,0.2664907755813869,0.7831304978937288,0.016500565030648513,-0.05790465392559886,-0.025493552894539535,0.0003214716552843975,0.025811312720179558,-0.012129509821534157,-0.0017767946701496824,0.025838644010961996,-0.012212007884707613,-0.001072202515321062
28.930000000001723,1.095560908317566,0.4366028308868408,2.0233726501464844,0.2519068023104834,0.7874006945328624,0.01643240768091508,-0.056988400147117986,-0.026084661030409604,0.00026928865240005945,0.030091486871242523,-0.017882218584418297,-0.004194647539407012,0.030174176014777645,-0.01809210548323841,-0.003170388960143811
28.940000000001724,1.095560908317566,0.4366028308868408,2.0233726501464844,0.2519068023104834,0.7874006945328624,0.01643240768091508,-0.056988400147117986,-0.026084661030409604,0.00026928865240005945,0.030091486871242523,-0.017882218584418297,-0.004194647539407012,0.030174176014777645,-0.01809210548323841,-0.003170388960143811
28.950000000001726,1.095560908317566,0.4366028308868408,2.0233726501464844,0.2519068023104834,0.7874006945328624,0.01643240768091508,-0.056988400147117986,-0.026084661030409604,0.00026928865240005945,0.030091486871242523,-0.017882218584418297,-0.004194647539407012,0.030174176014777645,-0.01809210548323841,-0.003170388960143811
28.960000000001727,1.095560908317566,0.4366028308868408,2.0233726501464844,0.2519068023104834,0.7874006945328624,0.01643240768091508,-0.056988400147117986,-0.026084661030409604,0.00026928865240005945,0.030091486871242523,-0.017882218584418297,-0.004194647539407012,0.030174176014777645,-0.01809210548323841,-0.003170388960143811
28.97000000000173,1.1064082384109497,0.4697580337524414,2.0231525897979736,0.22899466250788528,0.7921641745929126,0.0164981412593954,-0.05559468275078046,-0.027001950337300188,0.00022162586096684952,0.034124549478292465,-0.022879671305418015,-0.005716625601053235,0.03424437168843345,-0.02316197282192922,-0.004438078375247674
28.98000000000173,1.1064082384109497,0.4697580337524414,2.0231525897979736,0.22899466250788528,0.7921641745929126,0.0164981412593954,-0.05559468275078046,-0.027001950337300188,0.00022162586096684952,0.034124549478292465,-0.022879671305418015,-0.005716625601053235,0.03424437168843345,-0.02316197282192922,-0.004438078375247674
28.990000000001732,1.1064082384109497,0.4697580337524414,2.0231525897979736,0.22899466250788528,0.7921641745929126,0.0164981412593954,-0.05559468275078046,-0.027001950337300188,0.00022162586096684952,0.034124549478292465,-0.022879671305418015,-0.005716625601053235,0.03424437168843345,-0.02316197282192922,-0.004438078375247674
29.000000000001734,1.1142394542694092,0.49617671966552734,2.0229156017303467,0.21011690022245746,0.7949691154662025,0.016709902702992937,-0.054816645659575135,-0.02754747941640412,0.00023113522430178755,0.040530771017074585,-0.02863764390349388,5.002997932024651e-05,0.04048616068399653,-0.028591887452204885,0.0016196028353943482
29.010000000001735,1.1142394542694092,0.49617671966552734,2.0229156017303467,0.21011690022245746,0.7949691154662025,0.016709902702992937,-0.054816645659575135,-0.02754747941640412,0.00023113522430178755,0.040530771017074585,-0.02863764390349388,5.002997932024651e-05,0.04048616068399653,-0.028591887452204885,0.0016196028353943482
29.020000000001737,1.1142394542694092,0.49617671966552734,2.0229156017303467,0.21011690022245746,0.7949691154662025,0.016709902702992937,-0.054816645659575135,-0.02754747941640412,0.00023113522430178755,0.040530771017074585,-0.02863764390349388,5.002997932024651e-05,0.04048616068399653,-0.028591887452204885,0.0016196028353943482
29.03000000000174,1.1206327676773071,0.5193707942962646,2.0227386951446533,0.19483859005928425,0.7976106052135118,0.01616688548854982,-0.05347890782366428,-0.02844349572957041,0.00018919138042227873,0.041180819272994995,-0.02250075899064541,-0.006622789427638051,0.04133475655790756,-0.022822601389633886,-0.005412768003111911
29.04000000000174,1.1206327676773071,0.5193707942962646,2.0227386951446533,0.19483859005928425,0.7976106052135118,0.01616688548854982,-0.05347890782366428,-0.02844349572957041,0.00018919138042227873,0.041180819272994995,-0.02250075899064541,-0.006622789427638051,0.04133475655790756,-0.022822601389633886,-0.005412768003111911
29.05000000000174,1.1206327676773071,0.5193707942962646,2.0227386951446533,0.19483859005928425,0.7976106052135118,0.01616688548854982,-0.05347890782366428,-0.02844349572957041,0.00018919138042227873,0.041180819272994995,-0.02250075899064541,-0.006622789427638051,0.04133475655790756,-0.022822601389633886,-0.005412768003111911
29.060000000001743,1.1206327676773071,0.5193707942962646,2.0227386951446533,0.19483859005928425,0.7976106052135118,0.01616688548854982,-0.05347890782366428,-0.02844349572957041,0.00018919138042227873,0.041180819272994995,-0.02250075899064541,-0.006622789427638051,0.04133475655790756,-0.022822601389633886,-0.005412768003111911
29.070000000001745,1.128790020942688,0.5523738861083984,2.022407293319702,0.17051134410790295,0.8007008140032997,0.015886678348737072,-0.05212258928858002,-0.029499709824921547,0.00013654421921167632,0.028050292283296585,-0.01989404298365116,-0.0024625346995890115,0.02809227460829163,-0.019995320963028976,-0.0014233500915466774
29.080000000001746,1.128790020942688,0.5523738861083984,2.022407293319702,0.17051134410790295,0.8007008140032997,0.015886678348737072,-0.05212258928858002,-0.029499709824921547,0.00013654421921167632,0.028050292283296585,-0.01989404298365116,-0.0024625346995890115,0.02809227460829163,-0.019995320963028976,-0.0014233500915466774
29.090000000001748,1.128790020942688,0.5523738861083984,2.022407293319702,0.17051134410790295,0.8007008140032997,0.015886678348737072,-0.05212258928858002,-0.029499709824921547,0.00013654421921167632,0.028050292283296585,-0.01989404298365116,-0.0024625346995890115,0.02809227460829163,-0.019995320963028976,-0.0014233500915466774
29.10000000000175,1.1345269680023193,0.5786929130554199,2.022118330001831,0.15349788613073123,0.8029312486600015,0.015694180058856158,-0.051478922149148724,-0.0300083389303688,0.00011830194122212711,0.026116030290722847,-0.020963149145245552,-0.0010200827382504914,0.026114230679888755,-0.0209878678429634,5.9979359682586554e-05
29.11000000000175,1.1345269680023193,0.5786929130554199,2.022118330001831,0.15349788613073123,0.8029312486600015,0.015694180058856158,-0.051478922149148724,-0.0300083389303688,0.00011830194122212711,0.026116030290722847,-0.020963149145245552,-0.0010200827382504914,0.026114230679888755,-0.0209878678429634,5.9979359682586554e-05
29.120000000001752,1.1345269680023193,0.5786929130554199,2.022118330001831,0.15349788613073123,0.8029312486600015,0.015694180058856158,-0.051478922149148724,-0.0300083389303688,0.00011830194122212711,0.026116030290722847,-0.020963149145245552,-0.0010200827382504914,0.026114230679888755,-0.0209878678429634,5.9979359682586554e-05
29.130000000001754,1.1390901803970337,0.6017699241638184,2.0218632221221924,0.13722378665072799,0.8043402281055405,0.015294378864213545,-0.050394890341535825,-0.03079274887836929,0.0001710531579656941,0.030488435178995132,-0.01923462748527527,0.0010160509264096642,0.030427332976296823,-0.01915902598695021,0.0019846185257892564
29.140000000001756,1.1390901803970337,0.6017699241638184,2.0218632221221924,0.13722378665072799,0.8043402281055405,0.015294378864213545,-0.050394890341535825,-0.03079274887836929,0.0001710531579656941,0.030488435178995132,-0.01923462748527527,0.0010160509264096642,0.030427332976296823,-0.01915902598695021,0.0019846185257892564
29.150000000001757,1.1390901803970337,0.6017699241638184,2.0218632221221924,0.13722378665072799,0.8043402281055405,0.015294378864213545,-0.050394890341535825,-0.03079274887836929,0.0001710531579656941,0.030488435178995132,-0.01923462748527527,0.0010160509264096642,0.030427332976296823,-0.01915902598695021,0.0019846185257892564
29.16000000000176,1.1390901803970337,0.6017699241638184,2.0218632221221924,0.13722378665072799,0.8043402281055405,0.015294378864213545,-0.050394890341535825,-0.03079274887836929,0.0001710531579656941,0.030488435178995132,-0.01923462748527527,0.0010160509264096642,0.030427332976296823,-0.01915902598695021,0.0019846185257892564
29.17000000000176,1.1447457075119019,0.6346116065979004,2.0215494632720947,0.11689789522082729,0.8061343802055297,0.015995362996688228,-0.04945726601642001,-0.0315767904164801,0.0001496120567387428,0.030572617426514626,-0.015239793807268143,-0.0009635261958464962,0.030579217171450183,-0.015268793123945641,-0.00020904093597759978
29.180000000001762,1.1447457075119019,0.6346116065979004,2.0215494632720947,0.11689789522082729,0.8061343802055297,0.015995362996688228,-0.04945726601642001,-0.0315767904164801,0.0001496120567387428,0.030572617426514626,-0.015239793807268143,-0.0009635261958464962,0.030579217171450183,-0.015268793123945641,-0.00020904093597759978
29.190000000001763,1.1447457075119019,0.6346116065979004,2.0215494632720947,0.11689789522082729,0.8061343802055297,0.015995362996688228,-0.04945726601642001,-0.0315767904164801,0.0001496120567387428,0.030572617426514626,-0.015239793807268143,-0.0009635261958464962,0.030579217171450183,-0.015268793123945641,-0.00020904093597759978
29.200000000001765,1.1485549211502075,0.6608266830444336,2.021259069442749,0.09776119347776964,0.8074614924095661,0.01666169150906316,-0.04878579240610874,-0.031742480905440455,0.00011277686182163831,0.03304000571370125,-0.005938448011875153,-0.0006895763799548142,0.03305268026605434,-0.005965010688226077,-0.000399360122147359
29.210000000001767,1.1485549211502075,0.6608266830444336,2.021259069442749,0.09776119347776964,0.8074614924095661,0.01666169150906316,-0.04878579240610874,-0.031742480905440455,0.00011277686182163831,0.03304000571370125,-0.005938448011875153,-0.0006895763799548142,0.03305268026605434,-0.005965010688226077,-0.000399360122147359
29.220000000001768,1.1485549211502075,0.6608266830444336,2.021259069442749,0.09776119347776964,0.8074614924095661,0.01666169150906316,-0.04878579240610874,-0.031742480905440455,0.00011277686182163831,0.03304000571370125,-0.005938448011875153,-0.0006895763799548142,0.03305268026605434,-0.005965010688226077,-0.000399360122147359
29.23000000000177,1.1518486738204956,0.6844239234924316,2.0211875438690186,0.08244843662660875,0.8078639126015555,0.015671463764170602,-0.0478414995287267,-0.03250833092373479,9.376400041978338e-05,0.019707363098859787,-0.02421586401760578,0.001072629587724808,0.019634860764581905,-0.024136859923624986,0.0022306622262052685
29.24000000000177,1.1518486738204956,0.6844239234924316,2.0211875438690186,0.08244843662660875,0.8078639126015555,0.015671463764170602,-0.0478414995287267,-0.03250833092373479,9.376400041978338e-05,0.019707363098859787,-0.02421586401760578,0.001072629587724808,0.019634860764581905,-0.024136859923624986,0.0022306622262052685
29.250000000001773,1.1518486738204956,0.6844239234924316,2.0211875438690186,0.08244843662660875,0.8078639126015555,0.015671463764170602,-0.0478414995287267,-0.03250833092373479,9.376400041978338e-05,0.019707363098859787,-0.02421586401760578,0.001072629587724808,0.019634860764581905,-0.024136859923624986,0.0022306622262052685
29.260000000001774,1.1518486738204956,0.6844239234924316,2.0211875438690186,0.08244843662660875,0.8078639126015555,0.015671463764170602,-0.0478414995287267,-0.03250833092373479,9.376400041978338e-05,0.019707363098859787,-0.02421586401760578,0.001072629587724808,0.019634860764581905,-0.024136859923624986,0.0022306622262052685
29.270000000001776,1.156785011291504,0.7194929122924805,2.0213377475738525,0.06031120298817898,0.8093922748734108,0.016921321567679278,-0.04684317551714534,-0.03350916396672803,3.925217738463101e-05,0.026449047029018402,-0.018601665273308754,0.0021310292650014184,0.0263484908077594,-0.018481472670286034,0.0030014190243312774
29.280000000001777,1.156785011291504,0.7194929122924805,2.0213377475738525,0.06031120298817898,0.8093922748734108,0.016921321567679278,-0.04684317551714534,-0.03350916396672803,3.925217738463101e-05,0.026449047029018402,-0.018601665273308754,0.0021310292650014184,0.0263484908077594,-0.018481472670286034,0.0030014190243312774
29.29000000000178,1.156785011291504,0.7194929122924805,2.0213377475738525,0.06031120298817898,0.8093922748734108,0.016921321567679278,-0.04684317551714534,-0.03350916396672803,3.925217738463101e-05,0.026449047029018402,-0.018601665273308754,0.0021310292650014184,0.0263484908077594,-0.018481472670286034,0.0030014190243312774
29.30000000000178,1.1598005294799805,0.7471890449523926,2.021353244781494,0.0421767012364329,0.8093487311372023,0.017678259790970353,-0.04631720830592286,-0.033853415015673204,6.059105423474651e-05,0.025734949856996536,-0.014593472704291344,-0.001423036912456153,0.025760208179738564,-0.014643709465649858,-0.0007462510928727379
29.310000000001782,1.1598005294799805,0.7471890449523926,2.021353244781494,0.0421767012364329,0.8093487311372023,0.017678259790970353,-0.04631720830592286,-0.033853415015673204,6.059105423474651e-05,0.025734949856996536,-0.014593472704291344,-0.001423036912456153,0.025760208179738564,-0.014643709465649858,-0.0007462510928727379
29.320000000001784,1.1598005294799805,0.7471890449523926,2.021353244781494,0.0421767012364329,0.8093487311372023,0.017678259790970353,-0.04631720830592286,-0.033853415015673204,6.059105423474651e-05,0.025734949856996536,-0.014593472704291344,-0.001423036912456153,0.025760208179738564,-0.014643709465649858,-0.0007462510928727379
29.330000000001785,1.1619932651519775,0.7714776992797852,2.0213124752044678,0.02655330990418501,0.810348948158266,0.016098987027748014,-0.045116193442493124,-0.03460194108491202,8.818031637301905e-05,0.0354401171207428,-0.016443457454442978,0.0023040426895022414,0.035334770545643296,-0.016322810828380923,0.003045135519628112
29.340000000001787,1.1619932651519775,0.7714776992797852,2.0213124752044678,0.02655330990418501,0.810348948158266,0.016098987027748014,-0.045116193442493124,-0.03460194108491202,8.818031637301905e-05,0.0354401171207428,-0.016443457454442978,0.0023040426895022414,0.035334770545643296,-0.016322810828380923,0.003045135519628112
29.35000000000179,1.1619932651519775,0.7714776992797852,2.0213124752044678,0.02655330990418501,0.810348948158266,0.016098987027748014,-0.045116193442493124,-0.03460194108491202,8.818031637301905e-05,0.0354401171207428,-0.016443457454442978,0.0023040426895022414,0.035334770545643296,-0.016322810828380923,0.003045135519628112
29.36000000000179,1.1619932651519775,0.7714776992797852,2.0213124752044678,0.02655330990418501,0.810348948158266,0.016098987027748014,-0.045116193442493124,-0.03460194108491202,8.818031637301905e-05,0.0354401171207428,-0.016443457454442978,0.0023040426895022414,0.035334770545643296,-0.016322810828380923,0.003045135519628112
29.37000000000179,1.1640559434890747,0.8057794570922852,2.0209240913391113,0.0036624532280052973,0.8102487406286304,0.014686364568739504,-0.04354388794337894,-0.035375146019580264,4.753785725819225e-05,0.046347204595804214,-0.018047325313091278,-0.004543149378150699,0.046480031441139324,-0.01822798239657509,-0.0037555902265458555
29.380000000001793,1.1640559434890747,0.8057794570922852,2.0209240913391113,0.0036624532280052973,0.8102487406286304,0.014686364568739504,-0.04354388794337894,-0.035375146019580264,4.753785725819225e-05,0.046347204595804214,-0.018047325313091278,-0.004543149378150699,0.046480031441139324,-0.01822798239657509,-0.0037555902265458555
29.390000000001795,1.1640559434890747,0.8057794570922852,2.0209240913391113,0.0036624532280052973,0.8102487406286304,0.014686364568739504,-0.04354388794337894,-0.035375146019580264,4.753785725819225e-05,0.046347204595804214,-0.018047325313091278,-0.004543149378150699,0.046480031441139324,-0.01822798239657509,-0.0037555902265458555
29.400000000001796,1.164868950843811,0.8329548835754395,2.020545244216919,-0.013451167514996004,0.8108284184151726,0.014859457226982287,-0.04246710996547102,-0.03574667938828855,5.43415437576129e-05,0.045797720551490784,-0.014016922563314438,0.000286857539322229,0.045766190052305464,-0.01399210666583276,0.0008822418138791484
29.410000000001798,1.164868950843811,0.8329548835754395,2.020545244216919,-0.013451167514996004,0.8108284184151726,0.014859457226982287,-0.04246710996547102,-0.03574667938828855,5.43415437576129e-05,0.045797720551490784,-0.014016922563314438,0.000286857539322229,0.045766190052305464,-0.01399210666583276,0.0008822418138791484
29.4200000000018,1.164868950843811,0.8329548835754395,2.020545244216919,-0.013451167514996004,0.8108284184151726,0.014859457226982287,-0.04246710996547102,-0.03574667938828855,5.43415437576129e-05,0.045797720551490784,-0.014016922563314438,0.000286857539322229,0.045766190052305464,-0.01399210666583276,0.0008822418138791484
29.4300000000018,1.165124773979187,0.8567616939544678,2.0202412605285645,-0.030278508892374992,0.8105633982226023,0.014357764620958013,-0.040632318713785316,-0.036553870076098845,8.019187790702952e-05,0.04911499843001366,-0.020429518073797226,0.001985597889870408,0.0490120962426427,-0.020331998728618746,0.0028157102598592907
29.440000000001803,1.165124773979187,0.8567616939544678,2.0202412605285645,-0.030278508892374992,0.8105633982226023,0.014357764620958013,-0.040632318713785316,-0.036553870076098845,8.019187790702952e-05,0.04911499843001366,-0.020429518073797226,0.001985597889870408,0.0490120962426427,-0.020331998728618746,0.0028157102598592907
29.450000000001804,1.165124773979187,0.8567616939544678,2.0202412605285645,-0.030278508892374992,0.8105633982226023,0.014357764620958013,-0.040632318713785316,-0.036553870076098845,8.019187790702952e-05,0.04911499843001366,-0.020429518073797226,0.001985597889870408,0.0490120962426427,-0.020331998728618746,0.0028157102598592907
29.460000000001806,1.165124773979187,0.8567616939544678,2.0202412605285645,-0.030278508892374992,0.8105633982226023,0.014357764620958013,-0.040632318713785316,-0.036553870076098845,8.019187790702952e-05,0.04911499843001366,-0.020429518073797226,0.001985597889870408,0.0490120962426427,-0.020331998728618746,0.0028157102598592907
29.470000000001807,1.1644731760025024,0.8904449939727783,2.0197341442108154,-0.052940936274683735,0.809867397324025,0.013945669795157472,-0.03846903556600696,-0.037274367960365,5.60262914686822e-05,0.06010383367538452,-0.015862422063946724,-0.00017810720601118906,0.060087720474122745,-0.015857536298904303,0.00043238648892441435
29.48000000000181,1.1644731760025024,0.8904449939727783,2.0197341442108154,-0.052940936274683735,0.809867397324025,0.013945669795157472,-0.03846903556600696,-0.037274367960365,5.60262914686822e-05,0.06010383367538452,-0.015862422063946724,-0.00017810720601118906,0.060087720474122745,-0.015857536298904303,0.00043238648892441435
29.49000000000181,1.1644731760025024,0.8904449939727783,2.0197341442108154,-0.052940936274683735,0.809867397324025,0.013945669795157472,-0.03846903556600696,-0.037274367960365,5.60262914686822e-05,0.06010383367538452,-0.015862422063946724,-0.00017810720601118906,0.060087720474122745,-0.015857536298904303,0.00043238648892441435
29.500000000001812,1.163150668144226,0.917180061340332,2.019299268722534,-0.07163099255259624,0.8086965211725641,0.013912751681715935,-0.03746552801102612,-0.037435832909179026,5.8054157086628085e-05,0.04963286966085434,-0.0070469011552631855,0.0013227979652583608,0.049573475277441804,-0.006992408255802537,0.0015869356716347344
29.510000000001813,1.163150668144226,0.917180061340332,2.019299268722534,-0.07163099255259624,0.8086965211725641,0.013912751681715935,-0.03746552801102612,-0.037435832909179026,5.8054157086628085e-05,0.04963286966085434,-0.0070469011552631855,0.0013227979652583608,0.049573475277441804,-0.006992408255802537,0.0015869356716347344
29.520000000001815,1.163150668144226,0.917180061340332,2.019299268722534,-0.07163099255259624,0.8086965211725641,0.013912751681715935,-0.03746552801102612,-0.037435832909179026,5.8054157086628085e-05,0.04963286966085434,-0.0070469011552631855,0.0013227979652583608,0.049573475277441804,-0.006992408255802537,0.0015869356716347344
29.530000000001817,1.161523699760437,0.9405531883239746,2.018843412399292,-0.08643625204367977,0.8073384725768381,0.012573310129002164,-0.035301321649275394,-0.03772504511080921,-6.86759502187397e-05,0.05554603412747383,-0.005001375917345285,0.0012241507647559053,0.05549319752021585,-0.004955054760362363,0.0014009033479618401
29.540000000001818,1.161523699760437,0.9405531883239746,2.018843412399292,-0.08643625204367977,0.8073384725768381,0.012573310129002164,-0.035301321649275394,-0.03772504511080921,-6.86759502187397e-05,0.05554603412747383,-0.005001375917345285,0.0012241507647559053,0.05549319752021585,-0.004955054760362363,0.0014009033479618401
29.55000000000182,1.161523699760437,0.9405531883239746,2.018843412399292,-0.08643625204367977,0.8073384725768381,0.012573310129002164,-0.035301321649275394,-0.03772504511080921,-6.86759502187397e-05,0.05554603412747383,-0.005001375917345285,0.0012241507647559053,0.05549319752021585,-0.004955054760362363,0.0014009033479618401
29.56000000000182,1.161523699760437,0.9405531883239746,2.018843412399292,-0.08643625204367977,0.8073384725768381,0.012573310129002164,-0.035301321649275394,-0.03772504511080921,-6.86759502187397e-05,0.05554603412747383,-0.005001375917345285,0.0012241507647559053,0.05549319752021585,-0.004955054760362363,0.0014009033479618401
29.570000000001823,1.1583232879638672,0.9736113548278809,2.0181264877319336,-0.10788857054348219,0.8031029406846104,0.011909763085530496,-0.033040405245514305,-0.037856474854622485,-0.00013934123773437333,0.05967826396226883,-0.002117490861564875,-0.0020899402443319555,0.05975472702007942,-0.0021853750773627575,-0.0020202970435410084
29.580000000001824,1.1583232879638672,0.9736113548278809,2.0181264877319336,-0.10788857054348219,0.8031029406846104,0.011909763085530496,-0.033040405245514305,-0.037856474854622485,-0.00013934123773437333,0.05967826396226883,-0.002117490861564875,-0.0020899402443319555,0.05975472702007942,-0.0021853750773627575,-0.0020202970435410084
29.590000000001826,1.1583232879638672,0.9736113548278809,2.0181264877319336,-0.10788857054348219,0.8031029406846104,0.011909763085530496,-0.033040405245514305,-0.037856474854622485,-0.00013934123773437333,0.05967826396226883,-0.002117490861564875,-0.0020899402443319555,0.05975472702007942,-0.0021853750773627575,-0.0020202970435410084
29.600000000001828,1.1550447940826416,0.9997763633728027,2.0175528526306152,-0.12544047577020975,0.7993408099358615,0.012305657852378964,-0.032089816516527106,-0.03798974945006556,-0.00012079437263782227,0.06116447597742081,-0.007472932338714599,0.003554438007995487,0.061020335368844957,-0.007355043330594912,0.003795110197583372
29.61000000000183,1.1550447940826416,0.9997763633728027,2.0175528526306152,-0.12544047577020975,0.7993408099358615,0.012305657852378964,-0.032089816516527106,-0.03798974945006556,-0.00012079437263782227,0.06116447597742081,-0.007472932338714599,0.003554438007995487,0.061020335368844957,-0.007355043330594912,0.003795110197583372
29.62000000000183,1.1550447940826416,0.9997763633728027,2.0175528526306152,-0.12544047577020975,0.7993408099358615,0.012305657852378964,-0.032089816516527106,-0.03798974945006556,-0.00012079437263782227,0.06116447597742081,-0.007472932338714599,0.003554438007995487,0.061020335368844957,-0.007355043330594912,0.003795110197583372
29.630000000001832,1.1522011756896973,1.0229427814483643,2.0170602798461914,-0.14107988046867892,0.7955493076121299,0.011978489907104338,-0.02990453643444369,-0.0383041859938677,-2.1261535205505106e-05,0.047448426485061646,-0.01745494268834591,0.0034279362298548243,0.04729711576192352,-0.017344642889914386,0.003951206019137781
29.640000000001834,1.1522011756896973,1.0229427814483643,2.0170602798461914,-0.14107988046867892,0.7955493076121299,0.011978489907104338,-0.02990453643444369,-0.0383041859938677,-2.1261535205505106e-05,0.047448426485061646,-0.01745494268834591,0.0034279362298548243,0.04729711576192352,-0.017344642889914386,0.003951206019137781
29.650000000001835,1.1522011756896973,1.0229427814483643,2.0170602798461914,-0.14107988046867892,0.7955493076121299,0.011978489907104338,-0.02990453643444369,-0.0383041859938677,-2.1261535205505106e-05,0.047448426485061646,-0.01745494268834591,0.0034279362298548243,0.04729711576192352,-0.017344642889914386,0.003951206019137781
29.660000000001837,1.1522011756896973,1.0229427814483643,2.0170602798461914,-0.14107988046867892,0.7955493076121299,0.011978489907104338,-0.02990453643444369,-0.0383041859938677,-2.1261535205505106e-05,0.047448426485061646,-0.01745494268834591,0.0034279362298548243,0.04729711576192352,-0.017344642889914386,0.003951206019137781
29.67000000000184,1.148423433303833,1.0565712451934814,2.0161821842193604,-0.16276008756818208,0.7898397366892828,0.013158359550531646,-0.028598460789047615,-0.03871265816637547,-0.00011101154510786519,0.0335041768848896,-0.005779478698968887,-0.0018625396769493812,0.033569886373391304,-0.00583037393071587,-0.0016977884570681218
29.68000000000184,1.148423433303833,1.0565712451934814,2.0161821842193604,-0.16276008756818208,0.7898397366892828,0.013158359550531646,-0.028598460789047615,-0.03871265816637547,-0.00011101154510786519,0.0335041768848896,-0.005779478698968887,-0.0018625396769493812,0.033569886373391304,-0.00583037393071587,-0.0016977884570681218
29.69000000000184,1.148423433303833,1.0565712451934814,2.0161821842193604,-0.16276008756818208,0.7898397366892828,0.013158359550531646,-0.028598460789047615,-0.03871265816637547,-0.00011101154510786519,0.0335041768848896,-0.005779478698968887,-0.0018625396769493812,0.033569886373391304,-0.00583037393071587,-0.0016977884570681218
29.700000000001843,1.1444958448410034,1.083048701286316,2.015516757965088,-0.17882437745615393,0.7864517047954058,0.012819354378412352,-0.02786857893216989,-0.03872944055417294,-0.0001432036637737789,0.030055051669478416,-0.0028756598476320505,-0.00161642103921622,0.030114556800904056,-0.0029195847447177634,-0.0015368156409866893
29.710000000001845,1.1444958448410034,1.083048701286316,2.015516757965088,-0.17882437745615393,0.7864517047954058,0.012819354378412352,-0.02786857893216989,-0.03872944055417294,-0.0001432036637737789,0.030055051669478416,-0.0028756598476320505,-0.00161642103921622,0.030114556800904056,-0.0029195847447177634,-0.0015368156409866893
29.720000000001846,1.1444958448410034,1.083048701286316,2.015516757965088,-0.17882437745615393,0.7864517047954058,0.012819354378412352,-0.02786857893216989,-0.03872944055417294,-0.0001432036637737789,0.030055051669478416,-0.0028756598476320505,-0.00161642103921622,0.030114556800904056,-0.0029195847447177634,-0.0015368156409866893
29.730000000001848,1.1406548023223877,1.1061166524887085,2.0147831439971924,-0.19346281515631075,0.7817423188415915,0.013065961710900097,-0.026550481334649007,-0.03892822038067532,-6.246560851796873e-05,0.034678176045417786,-0.009831623174250126,-0.0005819143261760461,0.03469066685287086,-0.009843606374606882,-0.0003209487272613433
29.74000000000185,1.1406548023223877,1.1061166524887085,2.0147831439971924,-0.19346281515631075,0.7817423188415915,0.013065961710900097,-0.026550481334649007,-0.03892822038067532,-6.246560851796873e-05,0.034678176045417786,-0.009831623174250126,-0.0005819143261760461,0.03469066685287086,-0.009843606374606882,-0.0003209487272613433
29.75000000000185,1.1406548023223877,1.1061166524887085,2.0147831439971924,-0.19346281515631075,0.7817423188415915,0.013065961710900097,-0.026550481334649007,-0.03892822038067532,-6.246560851796873e-05,0.034678176045417786,-0.009831623174250126,-0.0005819143261760461,0.03469066685287086,-0.009843606374606882,-0.0003209487272613433
29.760000000001853,1.1406548023223877,1.1061166524887085,2.0147831439971924,-0.19346281515631075,0.7817423188415915,0.013065961710900097,-0.026550481334649007,-0.03892822038067532,-6.246560851796873e-05,0.034678176045417786,-0.009831623174250126,-0.0005819143261760461,0.03469066685287086,-0.009843606374606882,-0.0003209487272613433
29.770000000001854,1.1341196298599243,1.1385475397109985,2.0139026641845703,-0.21443854048767982,0.7753598509667621,0.01346305121220267,-0.02507956047104509,-0.03927307322999759,-0.00016265930038153933,0.03717256337404251,-0.010317109525203705,-0.002701504388824104,0.03726851493876755,-0.010381610485395184,-0.002443817781707731
29.780000000001856,1.1341196298599243,1.1385475397109985,2.0139026641845703,-0.21443854048767982,0.7753598509667621,0.01346305121220267,-0.02507956047104509,-0.03927307322999759,-0.00016265930038153933,0.03717256337404251,-0.010317109525203705,-0.002701504388824104,0.03726851493876755,-0.010381610485395184,-0.002443817781707731
29.790000000001857,1.1341196298599243,1.1385475397109985,2.0139026641845703,-0.21443854048767982,0.7753598509667621,0.01346305121220267,-0.02507956047104509,-0.03927307322999759,-0.00016265930038153933,0.03717256337404251,-0.010317109525203705,-0.002701504388824104,0.03726851493876755,-0.010381610485395184,-0.002443817781707731
29.80000000000186,1.1280622482299805,1.1641135215759277,2.013437271118164,-0.23097749641359663,0.7701504929172747,0.014952459472055497,-0.02440183254949849,-0.039368665791489184,-0.00022353717347435977,0.04303593933582306,-0.006544837728142738,-0.0031631640158593646,0.04315420612614638,-0.006620068603587338,-0.0030048604287784713
29.81000000000186,1.1280622482299805,1.1641135215759277,2.013437271118164,-0.23097749641359663,0.7701504929172747,0.014952459472055497,-0.02440183254949849,-0.039368665791489184,-0.00022353717347435977,0.04303593933582306,-0.006544837728142738,-0.0031631640158593646,0.04315420612614638,-0.006620068603587338,-0.0030048604287784713
29.820000000001862,1.1280622482299805,1.1641135215759277,2.013437271118164,-0.23097749641359663,0.7701504929172747,0.014952459472055497,-0.02440183254949849,-0.039368665791489184,-0.00022353717347435977,0.04303593933582306,-0.006544837728142738,-0.0031631640158593646,0.04315420612614638,-0.006620068603587338,-0.0030048604287784713
29.830000000001863,1.122374176979065,1.1863484382629395,2.0131096839904785,-0.24522648146068854,0.764651423773638,0.014828988260027896,-0.022676801028010382,-0.03979775654085932,-0.00032016781179941057,0.038807351142168045,-0.01016910932958126,-0.0026533221825957285,0.03890379449553372,-0.010226658476423914,-0.0024239762557885284
29.840000000001865,1.122374176979065,1.1863484382629395,2.0131096839904785,-0.24522648146068854,0.764651423773638,0.014828988260027896,-0.022676801028010382,-0.03979775654085932,-0.00032016781179941057,0.038807351142168045,-0.01016910932958126,-0.0026533221825957285,0.03890379449553372,-0.010226658476423914,-0.0024239762557885284
29.850000000001867,1.122374176979065,1.1863484382629395,2.0131096839904785,-0.24522648146068854,0.764651423773638,0.014828988260027896,-0.022676801028010382,-0.03979775654085932,-0.00032016781179941057,0.038807351142168045,-0.01016910932958126,-0.0026533221825957285,0.03890379449553372,-0.010226658476423914,-0.0024239762557885284
29.860000000001868,1.122374176979065,1.1863484382629395,2.0131096839904785,-0.24522648146068854,0.764651423773638,0.014828988260027896,-0.022676801028010382,-0.03979775654085932,-0.00032016781179941057,0.038807351142168045,-0.01016910932958126,-0.0026533221825957285,0.03890379449553372,-0.010226658476423914,-0.0024239762557885284
29.87000000000187,1.113277792930603,1.217620849609375,2.0127971172332764,-0.26574428362753877,0.7566264928123698,0.015318384811703827,-0.021091107860926776,-0.040167170706677094,-0.0003771698058457368,0.04145060107111931,-0.006285644136369228,0.001594758592545987,0.041381196432304104,-0.006250613419613789,0.0017283593549968722
29.88000000000187,1.113277792930603,1.217620849609375,2.0127971172332764,-0.26574428362753877,0.7566264928123698,0.015318384811703827,-0.021091107860926776,-0.040167170706677094,-0.0003771698058457368,0.04145060107111931,-0.006285644136369228,0.001594758592545987,0.041381196432304104,-0.006250613419613789,0.0017283593549968722
29.890000000001873,1.113277792930603,1.217620849609375,2.0127971172332764,-0.26574428362753877,0.7566264928123698,0.015318384811703827,-0.021091107860926776,-0.040167170706677094,-0.0003771698058457368,0.04145060107111931,-0.006285644136369228,0.001594758592545987,0.041381196432304104,-0.006250613419613789,0.0017283593549968722
29.900000000001874,1.105258822441101,1.2422645092010498,2.0125322341918945,-0.2825597169130373,0.7491890495671611,0.01575064272508264,-0.020307837585408363,-0.040256080311097425,-0.0004518625359713711,0.030779754742980003,-0.0004193673084955662,0.00022163326502777641,0.030770486674111266,-0.00041478025320635124,0.00023028999598835982
29.910000000001876,1.105258822441101,1.2422645092010498,2.0125322341918945,-0.2825597169130373,0.7491890495671611,0.01575064272508264,-0.020307837585408363,-0.040256080311097425,-0.0004518625359713711,0.030779754742980003,-0.0004193673084955662,0.00022163326502777641,0.030770486674111266,-0.00041478025320635124,0.00023028999598835982
29.920000000001878,1.105258822441101,1.2422645092010498,2.0125322341918945,-0.2825597169130373,0.7491890495671611,0.01575064272508264,-0.020307837585408363,-0.040256080311097425,-0.0004518625359713711,0.030779754742980003,-0.0004193673084955662,0.00022163326502777641,0.030770486674111266,-0.00041478025320635124,0.00023028999598835982
29.93000000000188,1.0978145599365234,1.2636147737503052,2.0122978687286377,-0.2967144580608239,0.7423328764634621,0.015643905691391617,-0.018960152832164175,-0.04044014405006795,-0.00022649328239327259,0.03606419265270233,-0.0008969928603619326,0.008667810820043087,0.035712848857806116,-0.0007324984648735994,0.008690364150296937
29.94000000000188,1.0978145599365234,1.2636147737503052,2.0122978687286377,-0.2967144580608239,0.7423328764634621,0.015643905691391617,-0.018960152832164175,-0.04044014405006795,-0.00022649328239327259,0.03606419265270233,-0.0008969928603619326,0.008667810820043087,0.035712848857806116,-0.0007324984648735994,0.008690364150296937
29.950000000001882,1.0978145599365234,1.2636147737503052,2.0122978687286377,-0.2967144580608239,0.7423328764634621,0.015643905691391617,-0.018960152832164175,-0.04044014405006795,-0.00022649328239327259,0.03606419265270233,-0.0008969928603619326,0.008667810820043087,0.035712848857806116,-0.0007324984648735994,0.008690364150296937
29.960000000001884,1.0978145599365234,1.2636147737503052,2.0122978687286377,-0.2967144580608239,0.7423328764634621,0.015643905691391617,-0.018960152832164175,-0.04044014405006795,-0.00022649328239327259,0.03606419265270233,-0.0008969928603619326,0.008667810820043087,0.035712848857806116,-0.0007324984648735994,0.008690364150296937
29.970000000001885,1.0862879753112793,1.2936221361160278,2.0118725299835205,-0.31779752821877366,0.7319369184477019,0.016046803294732195,-0.017663985658643813,-0.040665408592174435,-7.255866320413598e-05,0.032156407833099365,-0.003404789138585328,0.00542264711111784,0.03193335953262581,-0.0033084773976201284,0.005486475974951879
29.980000000001887,1.0862879753112793,1.2936221361160278,2.0118725299835205,-0.31779752821877366,0.7319369184477019,0.016046803294732195,-0.017663985658643813,-0.040665408592174435,-7.255866320413598e-05,0.032156407833099365,-0.003404789138585328,0.00542264711111784,0.03193335953262581,-0.0033084773976201284,0.005486475974951879
29.99000000000189,1.0862879753112793,1.2936221361160278,2.0118725299835205,-0.31779752821877366,0.7319369184477019,0.016046803294732195,-0.017663985658643813,-0.040665408592174435,-7.255866320413598e-05,0.032156407833099365,-0.003404789138585328,0.00542264711111784,0.03193335953262581,-0.0033084773976201284,0.005486475974951879
30.00000000000189,1.0763530731201172,1.3172240257263184,2.0114705562591553,-0.3341567515708078,0.7236134223749885,0.015429014813540337,-0.016909051419886013,-0.04062333573443646,-5.891152996349085e-06,0.0319058820605278,0.0012569618411362178,0.005015671253204346,0.03170290959487629,0.001341588354403117,0.004997824496662083
