time,ref_x,ref_y,ref_z,ref_vx,ref_vy,ref_vz,ref_phi,ref_theta,ref_psi
0.01,-2.788755777480274,1.6289434167600518,1.9989981938812766,-0.3206094642843295,-0.37719944106812103,0.0,0.0,0.0,0.0
0.02,-2.7992266002475756,1.6164061094859719,1.9989984994615657,-0.3145275801283588,-0.38281161908421396,0.0,0.0,0.0,0.0
0.03,-2.7992266002475756,1.6164061094859719,1.9989984994615657,-0.3145275801283588,-0.38281161908421396,0.0,0.0,0.0,0.0
0.04,-2.7992266002475756,1.6164061094859719,1.9989984994615657,-0.3145275801283588,-0.38281161908421396,0.0,0.0,0.0,0.0
0.05,-2.8094975921858585,1.6036858403170702,1.9989987074627595,-0.3081776410003411,-0.38799385712556694,0.0,0.0,0.0,0.0
0.060000000000000005,-2.8094975921858585,1.6036858403170702,1.9989987074627595,-0.3081776410003411,-0.38799385712556694,0.0,0.0,0.0,0.0
0.07,-2.8094975921858585,1.6036858403170702,1.9989987074627595,-0.3081776410003411,-0.38799385712556694,0.0,0.0,0.0,0.0
0.08,-2.8094975921858585,1.6036858403170702,1.9989987074627595,-0.3081776410003411,-0.38799385712556694,0.0,0.0,0.0,0.0
0.09,-2.8198605264430983,1.5904014313352737,1.9989986276237968,-0.30157846976222386,-0.39326227498191235,0.0,0.0,0.0,0.0
0.09999999999999999,-2.8198605264430983,1.5904014313352737,1.9989986276237968,-0.30157846976222386,-0.39326227498191235,0.0,0.0,0.0,0.0
0.10999999999999999,-2.8198605264430983,1.5904014313352737,1.9989986276237968,-0.30157846976222386,-0.39326227498191235,0.0,0.0,0.0,0.0
0.11999999999999998,-2.8296991046465907,1.577343411762778,1.9989984573097386,-0.294655838321078,-0.3976446382118155,0.0,0.0,0.0,0.0
0.12999999999999998,-2.8296991046465907,1.577343411762778,1.9989984573097386,-0.294655838321078,-0.3976446382118155,0.0,0.0,0.0,0.0
0.13999999999999999,-2.8296991046465907,1.577343411762778,1.9989984573097386,-0.294655838321078,-0.3976446382118155,0.0,0.0,0.0,0.0
0.15,-2.839319545709724,1.5641306587353976,1.9989986210731019,-0.2884951195397267,-0.4029089730494488,0.0,0.0,0.0,0.0
0.16,-2.839319545709724,1.5641306587353976,1.9989986210731019,-0.2884951195397267,-0.4029089730494488,0.0,0.0,0.0,0.0
0.17,-2.839319545709724,1.5641306587353976,1.9989986210731019,-0.2884951195397267,-0.4029089730494488,0.0,0.0,0.0,0.0
0.18000000000000002,-2.8490094208210035,1.5503458458184345,1.9989984382886548,-0.2816625722644625,-0.40777418473397486,0.0,0.0,0.0,0.0
0.19000000000000003,-2.8490094208210035,1.5503458458184345,1.9989984382886548,-0.2816625722644625,-0.40777418473397486,0.0,0.0,0.0,0.0
0.20000000000000004,-2.8490094208210035,1.5503458458184345,1.9989984382886548,-0.2816625722644625,-0.40777418473397486,0.0,0.0,0.0,0.0
0.21000000000000005,-2.8490094208210035,1.5503458458184345,1.9989984382886548,-0.2816625722644625,-0.40777418473397486,0.0,0.0,0.0,0.0
0.22000000000000006,-2.8581846628284033,1.5368182987608499,1.9989984414159143,-0.27433811645553813,-0.41160792503735566,0.0,0.0,0.0,0.0
0.23000000000000007,-2.8581846628284033,1.5368182987608499,1.9989984414159143,-0.27433811645553813,-0.41160792503735566,0.0,0.0,0.0,0.0
0.24000000000000007,-2.8581846628284033,1.5368182987608499,1.9989984414159143,-0.27433811645553813,-0.41160792503735566,0.0,0.0,0.0,0.0
0.25000000000000006,-2.8671309513199956,1.5231424108276301,1.998998583170178,-0.2678803132888449,-0.4167576546424712,0.0,0.0,0.0,0.0
0.26000000000000006,-2.8671309513199956,1.5231424108276301,1.998998583170178,-0.2678803132888449,-0.4167576546424712,0.0,0.0,0.0,0.0
0.2700000000000001,-2.8671309513199956,1.5231424108276301,1.998998583170178,-0.2678803132888449,-0.4167576546424712,0.0,0.0,0.0,0.0
0.2800000000000001,-2.8671309513199956,1.5231424108276301,1.998998583170178,-0.2678803132888449,-0.4167576546424712,0.0,0.0,0.0,0.0
0.2900000000000001,-2.8761153680307707,1.508891201906127,1.9989985495787939,-0.26078593147763046,-0.42134998767965653,0.0,0.0,0.0,0.0
0.3000000000000001,-2.8761153680307707,1.508891201906127,1.9989985495787939,-0.26078593147763046,-0.42134998767965653,0.0,0.0,0.0,0.0
0.3100000000000001,-2.8761153680307707,1.508891201906127,1.9989985495787939,-0.26078593147763046,-0.42134998767965653,0.0,0.0,0.0,0.0
0.3200000000000001,-2.8845970189332917,1.4949239646192993,1.998999053502306,-0.25345396315650864,-0.4249217251181759,0.0,0.0,0.0,0.0
0.3300000000000001,-2.8845970189332917,1.4949239646192993,1.998999053502306,-0.25345396315650864,-0.4249217251181759,0.0,0.0,0.0,0.0
0.34000000000000014,-2.8845970189332917,1.4949239646192993,1.998999053502306,-0.25345396315650864,-0.4249217251181759,0.0,0.0,0.0,0.0
0.35000000000000014,-2.8928526195736985,1.4808141717358545,1.9989987200911021,-0.24682563780082814,-0.4296770468624105,0.0,0.0,0.0,0.0
0.36000000000000015,-2.8928526195736985,1.4808141717358545,1.9989987200911021,-0.24682563780082814,-0.4296770468624105,0.0,0.0,0.0,0.0
0.37000000000000016,-2.8928526195736985,1.4808141717358545,1.9989987200911021,-0.24682563780082814,-0.4296770468624105,0.0,0.0,0.0,0.0
0.38000000000000017,-2.8928526195736985,1.4808141717358545,1.9989987200911021,-0.24682563780082814,-0.4296770468624105,0.0,0.0,0.0,0.0
0.3900000000000002,-2.9011177803799297,1.4661310421947977,1.9989986048495079,-0.23956504302984383,-0.43389904015981773,0.0,0.0,0.0,0.0
0.4000000000000002,-2.9011177803799297,1.4661310421947977,1.9989986048495079,-0.23956504302984383,-0.43389904015981773,0.0,0.0,0.0,0.0
0.4100000000000002,-2.9011177803799297,1.4661310421947977,1.9989986048495079,-0.23956504302984383,-0.43389904015981773,0.0,0.0,0.0,0.0
0.4200000000000002,-2.908901614818521,1.4517463075699057,1.998998363814439,-0.23239220848327571,-0.4377671474452194,0.0,0.0,0.0,0.0
0.4300000000000002,-2.908901614818521,1.4517463075699057,1.998998363814439,-0.23239220848327571,-0.4377671474452194,0.0,0.0,0.0,0.0
0.4400000000000002,-2.908901614818521,1.4517463075699057,1.998998363814439,-0.23239220848327571,-0.4377671474452194,0.0,0.0,0.0,0.0
0.45000000000000023,-2.9164405250564958,1.437246984842736,1.9989988090451012,-0.22475903771379682,-0.4410110642982226,0.0,0.0,0.0,0.0
0.46000000000000024,-2.9164405250564958,1.437246984842736,1.9989988090451012,-0.22475903771379682,-0.4410110642982226,0.0,0.0,0.0,0.0
0.47000000000000025,-2.9164405250564958,1.437246984842736,1.9989988090451012,-0.22475903771379682,-0.4410110642982226,0.0,0.0,0.0,0.0
0.48000000000000026,-2.9164405250564958,1.437246984842736,1.9989988090451012,-0.22475903771379682,-0.4410110642982226,0.0,0.0,0.0,0.0
0.49000000000000027,-2.923957822935515,1.422171681886902,1.9989983522039299,-0.2174196057653307,-0.4451975804330624,0.0,0.0,0.0,0.0
0.5000000000000002,-2.923957822935515,1.422171681886902,1.9989983522039299,-0.2174196057653307,-0.4451975804330624,0.0,0.0,0.0,0.0
0.5100000000000002,-2.923957822935515,1.422171681886902,1.9989983522039299,-0.2174196057653307,-0.4451975804330624,0.0,0.0,0.0,0.0
0.5200000000000002,-2.9310015224194874,1.4074340901811544,1.9989990880927069,-0.21000253104799643,-0.44843789869265316,0.0,0.0,0.0,0.0
0.5300000000000002,-2.9310015224194874,1.4074340901811544,1.9989990880927069,-0.21000253104799643,-0.44843789869265316,0.0,0.0,0.0,0.0
0.5400000000000003,-2.9310015224194874,1.4074340901811544,1.9989990880927069,-0.21000253104799643,-0.44843789869265316,0.0,0.0,0.0,0.0
0.5500000000000003,-2.9378093218935923,1.392569401074903,1.9989987700902532,-0.2027077474915991,-0.452114722487489,0.0,0.0,0.0,0.0
0.5600000000000003,-2.9378093218935923,1.392569401074903,1.9989987700902532,-0.2027077474915991,-0.452114722487489,0.0,0.0,0.0,0.0
0.5700000000000003,-2.9378093218935923,1.392569401074903,1.9989987700902532,-0.2027077474915991,-0.452114722487489,0.0,0.0,0.0,0.0
0.5800000000000003,-2.9445676632905897,1.3771361536571718,1.9989987284478157,-0.1950556558704578,-0.45560165569068484,0.0,0.0,0.0,0.0
0.5900000000000003,-2.9445676632905897,1.3771361536571718,1.9989987284478157,-0.1950556558704578,-0.45560165569068484,0.0,0.0,0.0,0.0
0.6000000000000003,-2.9445676632905897,1.3771361536571718,1.9989987284478157,-0.1950556558704578,-0.45560165569068484,0.0,0.0,0.0,0.0
0.6100000000000003,-2.9445676632905897,1.3771361536571718,1.9989987284478157,-0.1950556558704578,-0.45560165569068484,0.0,0.0,0.0,0.0
0.6200000000000003,-2.950877294680656,1.3620459559216191,1.998998513054261,-0.18756514589848383,-0.4588393153372756,0.0,0.0,0.0,0.0
0.6300000000000003,-2.950877294680656,1.3620459559216191,1.998998513054261,-0.18756514589848383,-0.4588393153372756,0.0,0.0,0.0,0.0
0.6400000000000003,-2.950877294680656,1.3620459559216191,1.998998513054261,-0.18756514589848383,-0.4588393153372756,0.0,0.0,0.0,0.0
0.6500000000000004,-2.9569379539972647,1.346853096273292,1.9989981830358377,-0.17996265462007685,-0.46180918918745717,0.0,0.0,0.0,0.0
0.6600000000000004,-2.9569379539972647,1.346853096273292,1.9989981830358377,-0.17996265462007685,-0.46180918918745717,0.0,0.0,0.0,0.0
0.6700000000000004,-2.9569379539972647,1.346853096273292,1.9989981830358377,-0.17996265462007685,-0.46180918918745717,0.0,0.0,0.0,0.0
0.6800000000000004,-2.9569379539972647,1.346853096273292,1.9989981830358377,-0.17996265462007685,-0.46180918918745717,0.0,0.0,0.0,0.0
0.6900000000000004,-2.9629201030267023,1.3311149436430754,1.998998168615074,-0.1724616086966843,-0.46430438501356897,0.0,0.0,0.0,0.0
0.7000000000000004,-2.9629201030267023,1.3311149436430754,1.998998168615074,-0.1724616086966843,-0.46430438501356897,0.0,0.0,0.0,0.0
0.7100000000000004,-2.9629201030267023,1.3311149436430754,1.998998168615074,-0.1724616086966843,-0.46430438501356897,0.0,0.0,0.0,0.0
0.7200000000000004,-2.9684644888948464,1.31575531769009,1.9989986776246589,-0.16436714206431213,-0.46737129440782427,0.0,0.0,0.0,0.0
0.7300000000000004,-2.9684644888948464,1.31575531769009,1.9989986776246589,-0.16436714206431213,-0.46737129440782427,0.0,0.0,0.0,0.0
0.7400000000000004,-2.9684644888948464,1.31575531769009,1.9989986776246589,-0.16436714206431213,-0.46737129440782427,0.0,0.0,0.0,0.0
0.7500000000000004,-2.9737569075100176,1.3002874998257146,1.9989987730345142,-0.15663700279597303,-0.4700292555457657,0.0,0.0,0.0,0.0
0.7600000000000005,-2.9737569075100176,1.3002874998257146,1.9989987730345142,-0.15663700279597303,-0.4700292555457657,0.0,0.0,0.0,0.0
0.7700000000000005,-2.9737569075100176,1.3002874998257146,1.9989987730345142,-0.15663700279597303,-0.4700292555457657,0.0,0.0,0.0,0.0
0.7800000000000005,-2.9737569075100176,1.3002874998257146,1.9989987730345142,-0.15663700279597303,-0.4700292555457657,0.0,0.0,0.0,0.0
0.7900000000000005,-2.9789432257540236,1.284258790664208,1.9989987779306728,-0.148664401758076,-0.4727317238648869,0.0,0.0,0.0,0.0
0.8000000000000005,-2.9789432257540236,1.284258790664208,1.9989987779306728,-0.148664401758076,-0.4727317238648869,0.0,0.0,0.0,0.0
0.8100000000000005,-2.9789432257540236,1.284258790664208,1.9989987779306728,-0.148664401758076,-0.4727317238648869,0.0,0.0,0.0,0.0
0.8200000000000005,-2.9837169761351383,1.2686160102598594,1.9989986457641054,-0.14088688387258344,-0.4752375891044923,0.0,0.0,0.0,0.0
0.8300000000000005,-2.9837169761351383,1.2686160102598594,1.9989986457641054,-0.14088688387258344,-0.4752375891044923,0.0,0.0,0.0,0.0
0.8400000000000005,-2.9837169761351383,1.2686160102598594,1.9989986457641054,-0.14088688387258344,-0.4752375891044923,0.0,0.0,0.0,0.0
0.8500000000000005,-2.988233134674666,1.2528935671666264,1.9989983137250769,-0.13304646702554845,-0.4775372511047358,0.0,0.0,0.0,0.0
0.8600000000000005,-2.988233134674666,1.2528935671666264,1.9989983137250769,-0.13304646702554845,-0.4775372511047358,0.0,0.0,0.0,0.0
0.8700000000000006,-2.988233134674666,1.2528935671666264,1.9989983137250769,-0.13304646702554845,-0.4775372511047358,0.0,0.0,0.0,0.0
0.8800000000000006,-2.988233134674666,1.2528935671666264,1.9989983137250769,-0.13304646702554845,-0.4775372511047358,0.0,0.0,0.0,0.0
0.8900000000000006,-2.9926278278678344,1.2366297835969793,1.9989979201931989,-0.1267917686802179,-0.47830279435460804,0.0,0.0,0.0,0.0
0.9000000000000006,-2.9926278278678344,1.2366297835969793,1.9989979201931989,-0.1267917686802179,-0.47830279435460804,0.0,0.0,0.0,0.0
0.9100000000000006,-2.9926278278678344,1.2366297835969793,1.9989979201931989,-0.1267917686802179,-0.47830279435460804,0.0,0.0,0.0,0.0
0.9200000000000006,-2.9966810815414178,1.2208092406375801,1.9989982720461978,-0.11703612885622043,-0.48136307357073355,0.0,0.0,0.0,0.0
0.9300000000000006,-2.9966810815414178,1.2208092406375801,1.9989982720461978,-0.11703612885622043,-0.48136307357073355,0.0,0.0,0.0,0.0
0.9400000000000006,-2.9966810815414178,1.2208092406375801,1.9989982720461978,-0.11703612885622043,-0.48136307357073355,0.0,0.0,0.0,0.0
0.9500000000000006,-3.000405701514313,1.204892582200737,1.998998713311642,-0.10901458465623175,-0.4832626952220568,0.0,0.0,0.0,0.0
0.9600000000000006,-3.000405701514313,1.204892582200737,1.998998713311642,-0.10901458465623175,-0.4832626952220568,0.0,0.0,0.0,0.0
0.9700000000000006,-3.000405701514313,1.204892582200737,1.998998713311642,-0.10901458465623175,-0.4832626952220568,0.0,0.0,0.0,0.0
0.9800000000000006,-3.000405701514313,1.204892582200737,1.998998713311642,-0.10901458465623175,-0.4832626952220568,0.0,0.0,0.0,0.0
0.9900000000000007,-3.0039686370490823,1.1884280033196455,1.9989987793984647,-0.10080284288812898,-0.4851557536954302,0.0,0.0,0.0,0.0
1.0000000000000007,-3.0039686370490823,1.1884280033196455,1.9989987793984647,-0.10080284288812898,-0.4851557536954302,0.0,0.0,0.0,0.0
1.0100000000000007,-3.0039686370490823,1.1884280033196455,1.9989987793984647,-0.10080284288812898,-0.4851557536954302,0.0,0.0,0.0,0.0
1.0200000000000007,-3.0071592380517544,1.172388540412703,1.9989986994342173,-0.09280530998722598,-0.48687298256568207,0.0,0.0,0.0,0.0
1.0300000000000007,-3.0071592380517544,1.172388540412703,1.9989986994342173,-0.09280530998722598,-0.48687298256568207,0.0,0.0,0.0,0.0
1.0400000000000007,-3.0071592380517544,1.172388540412703,1.9989986994342173,-0.09280530998722598,-0.48687298256568207,0.0,0.0,0.0,0.0
1.0500000000000007,-3.010085273471706,1.1562954248109085,1.998998430557241,-0.08476901769388878,-0.4884063347641058,0.0,0.0,0.0,0.0
1.0600000000000007,-3.010085273471706,1.1562954248109085,1.998998430557241,-0.08476901769388878,-0.4884063347641058,0.0,0.0,0.0,0.0
1.0700000000000007,-3.010085273471706,1.1562954248109085,1.998998430557241,-0.08476901769388878,-0.4884063347641058,0.0,0.0,0.0,0.0
1.0800000000000007,-3.010085273471706,1.1562954248109085,1.998998430557241,-0.08476901769388878,-0.4884063347641058,0.0,0.0,0.0,0.0
1.0900000000000007,-3.0128208268878804,1.1396783729380744,1.9989986435958536,-0.07638015756110625,-0.4888099479589662,0.0,0.0,0.0,0.0
1.1000000000000008,-3.0128208268878804,1.1396783729380744,1.9989986435958536,-0.07638015756110625,-0.4888099479589662,0.0,0.0,0.0,0.0
1.1100000000000008,-3.0128208268878804,1.1396783729380744,1.9989986435958536,-0.07638015756110625,-0.4888099479589662,0.0,0.0,0.0,0.0
1.1200000000000008,-3.0152090137819147,1.1235090247275183,1.9989982321563915,-0.0684162146612481,-0.49033563520712153,0.0,0.0,0.0,0.0
1.1300000000000008,-3.0152090137819147,1.1235090247275183,1.9989982321563915,-0.0684162146612481,-0.49033563520712153,0.0,0.0,0.0,0.0
1.1400000000000008,-3.0152090137819147,1.1235090247275183,1.9989982321563915,-0.0684162146612481,-0.49033563520712153,0.0,0.0,0.0,0.0
1.1500000000000008,-3.0173287626953056,1.1073043278100916,1.9989986062725487,-0.0603150011510187,-0.4916412394548185,0.0,0.0,0.0,0.0
1.1600000000000008,-3.0173287626953056,1.1073043278100916,1.9989986062725487,-0.0603150011510187,-0.4916412394548185,0.0,0.0,0.0,0.0
1.1700000000000008,-3.0173287626953056,1.1073043278100916,1.9989986062725487,-0.0603150011510187,-0.4916412394548185,0.0,0.0,0.0,0.0
1.1800000000000008,-3.0173287626953056,1.1073043278100916,1.9989986062725487,-0.0603150011510187,-0.4916412394548185,0.0,0.0,0.0,0.0
1.1900000000000008,-3.01923333608584,1.0905678634999099,1.9989987312637973,-0.05195294210055157,-0.49274820367540123,0.0,0.0,0.0,0.0
1.2000000000000008,-3.01923333608584,1.0905678634999099,1.9989987312637973,-0.05195294210055157,-0.49274820367540123,0.0,0.0,0.0,0.0
1.2100000000000009,-3.01923333608584,1.0905678634999099,1.9989987312637973,-0.05195294210055157,-0.49274820367540123,0.0,0.0,0.0,0.0
1.2200000000000009,-3.020809501547528,1.0742914320851722,1.9989986971040523,-0.04381536782534888,-0.4936575453030858,0.0,0.0,0.0,0.0
1.2300000000000009,-3.020809501547528,1.0742914320851722,1.9989986971040523,-0.04381536782534888,-0.4936575453030858,0.0,0.0,0.0,0.0
1.2400000000000009,-3.020809501547528,1.0742914320851722,1.9989986971040523,-0.04381536782534888,-0.4936575453030858,0.0,0.0,0.0,0.0
1.2500000000000009,-3.0221167470285892,1.057988648651313,1.9989984688989102,-0.035658844633407905,-0.49433411597174537,0.0,0.0,0.0,0.0
1.260000000000001,-3.0221167470285892,1.057988648651313,1.9989984688989102,-0.035658844633407905,-0.49433411597174537,0.0,0.0,0.0,0.0
1.270000000000001,-3.0221167470285892,1.057988648651313,1.9989984688989102,-0.035658844633407905,-0.49433411597174537,0.0,0.0,0.0,0.0
1.280000000000001,-3.0221167470285892,1.057988648651313,1.9989984688989102,-0.035658844633407905,-0.49433411597174537,0.0,0.0,0.0,0.0
1.290000000000001,-3.023182303423742,1.041188338996685,1.9989989324129702,-0.027353030221179214,-0.49448143099776043,0.0,0.0,0.0,0.0
1.300000000000001,-3.023182303423742,1.041188338996685,1.9989989324129702,-0.027353030221179214,-0.49448143099776043,0.0,0.0,0.0,0.0
1.310000000000001,-3.023182303423742,1.041188338996685,1.9989989324129702,-0.027353030221179214,-0.49448143099776043,0.0,0.0,0.0,0.0
1.320000000000001,-3.0239474699993196,1.0248526727451215,1.9989984465162425,-0.019248844457295508,-0.49521565499893394,0.0,0.0,0.0,0.0
1.330000000000001,-3.0239474699993196,1.0248526727451215,1.9989984465162425,-0.019248844457295508,-0.49521565499893394,0.0,0.0,0.0,0.0
1.340000000000001,-3.0239474699993196,1.0248526727451215,1.9989984465162425,-0.019248844457295508,-0.49521565499893394,0.0,0.0,0.0,0.0
1.350000000000001,-3.0244437741549013,1.0085116340604074,1.9989985485860606,-0.011037087900542442,-0.4949056637326232,0.0,0.0,0.0,0.0
1.360000000000001,-3.0244437741549013,1.0085116340604074,1.9989985485860606,-0.011037087900542442,-0.4949056637326232,0.0,0.0,0.0,0.0
1.370000000000001,-3.0244437741549013,1.0085116340604074,1.9989985485860606,-0.011037087900542442,-0.4949056637326232,0.0,0.0,0.0,0.0
1.380000000000001,-3.024671814519494,0.9916701574714292,1.9989986045474388,-0.002615342406553645,-0.49544462702776115,0.0,0.0,0.0,0.0
1.390000000000001,-3.024671814519494,0.9916701574714292,1.9989986045474388,-0.002615342406553645,-0.49544462702776115,0.0,0.0,0.0,0.0
1.400000000000001,-3.024671814519494,0.9916701574714292,1.9989986045474388,-0.002615342406553645,-0.49544462702776115,0.0,0.0,0.0,0.0
1.410000000000001,-3.024671814519494,0.9916701574714292,1.9989986045474388,-0.002615342406553645,-0.49544462702776115,0.0,0.0,0.0,0.0
1.420000000000001,-3.024618783288039,0.9753187995611216,1.9989986408148679,0.0055835408158871475,-0.49552216115906994,0.0,0.0,0.0,0.0
1.430000000000001,-3.024618783288039,0.9753187995611216,1.9989986408148679,0.0055835408158871475,-0.49552216115906994,0.0,0.0,0.0,0.0
1.440000000000001,-3.024618783288039,0.9753187995611216,1.9989986408148679,0.0055835408158871475,-0.49552216115906994,0.0,0.0,0.0,0.0
1.450000000000001,-3.0242953370487076,0.9589692154568007,1.9989984117776785,0.013762188981618273,-0.49524620140220205,0.0,0.0,0.0,0.0
1.460000000000001,-3.0242953370487076,0.9589692154568007,1.9989984117776785,0.013762188981618273,-0.49524620140220205,0.0,0.0,0.0,0.0
1.470000000000001,-3.0242953370487076,0.9589692154568007,1.9989984117776785,0.013762188981618273,-0.49524620140220205,0.0,0.0,0.0,0.0
1.480000000000001,-3.0242953370487076,0.9589692154568007,1.9989984117776785,0.013762188981618273,-0.49524620140220205,0.0,0.0,0.0,0.0
1.490000000000001,-3.023682413014418,0.9421483144338283,1.9989987502686792,0.022070477289541826,-0.4951224628562137,0.0,0.0,0.0,0.0
1.500000000000001,-3.023682413014418,0.9421483144338283,1.9989987502686792,0.022070477289541826,-0.4951224628562137,0.0,0.0,0.0,0.0
1.5100000000000011,-3.023682413014418,0.9421483144338283,1.9989987502686792,0.022070477289541826,-0.4951224628562137,0.0,0.0,0.0,0.0
1.5200000000000011,-3.022815725995435,0.9258173688230003,1.9989985956870995,0.030206730812144634,-0.4946999956505538,0.0,0.0,0.0,0.0
1.5300000000000011,-3.022815725995435,0.9258173688230003,1.9989985956870995,0.030206730812144634,-0.4946999956505538,0.0,0.0,0.0,0.0
1.5400000000000011,-3.022815725995435,0.9258173688230003,1.9989985956870995,0.030206730812144634,-0.4946999956505538,0.0,0.0,0.0,0.0
1.5500000000000012,-3.0216809169041388,0.909503355445158,1.9989982601805671,0.038324161540469415,-0.49400611091794244,0.0,0.0,0.0,0.0
1.5600000000000012,-3.0216809169041388,0.909503355445158,1.9989982601805671,0.038324161540469415,-0.49400611091794244,0.0,0.0,0.0,0.0
1.5700000000000012,-3.0216809169041388,0.909503355445158,1.9989982601805671,0.038324161540469415,-0.49400611091794244,0.0,0.0,0.0,0.0
1.5800000000000012,-3.0216809169041388,0.909503355445158,1.9989982601805671,0.038324161540469415,-0.49400611091794244,0.0,0.0,0.0,0.0
1.5900000000000012,-3.0202305942616308,0.8927442647449143,1.9989992106261774,0.04685200662124213,-0.4927342699222081,0.0,0.0,0.0,0.0
1.6000000000000012,-3.0202305942616308,0.8927442647449143,1.9989992106261774,0.04685200662124213,-0.4927342699222081,0.0,0.0,0.0,0.0
1.6100000000000012,-3.0202305942616308,0.8927442647449143,1.9989992106261774,0.04685200662124213,-0.4927342699222081,0.0,0.0,0.0,0.0
1.6200000000000012,-3.0185445587251207,0.8764813989261557,1.998998609956545,0.055055261277633834,-0.4924509741145156,0.0,0.0,0.0,0.0
1.6300000000000012,-3.0185445587251207,0.8764813989261557,1.998998609956545,0.055055261277633834,-0.4924509741145156,0.0,0.0,0.0,0.0
1.6400000000000012,-3.0185445587251207,0.8764813989261557,1.998998609956545,0.055055261277633834,-0.4924509741145156,0.0,0.0,0.0,0.0
1.6500000000000012,-3.01658933555398,0.8602458044697301,1.998998502636679,0.0631992335080176,-0.49145635434021856,0.0,0.0,0.0,0.0
1.6600000000000013,-3.01658933555398,0.8602458044697301,1.998998502636679,0.0631992335080176,-0.49145635434021856,0.0,0.0,0.0,0.0
1.6700000000000013,-3.01658933555398,0.8602458044697301,1.998998502636679,0.0631992335080176,-0.49145635434021856,0.0,0.0,0.0,0.0
1.6800000000000013,-3.01658933555398,0.8602458044697301,1.998998502636679,0.0631992335080176,-0.49145635434021856,0.0,0.0,0.0,0.0
1.6900000000000013,-3.014295147746015,0.8435600388619019,1.9989987016340973,0.07151819921472703,-0.49025772872891077,0.0,0.0,0.0,0.0
1.7000000000000013,-3.014295147746015,0.8435600388619019,1.9989987016340973,0.07151819921472703,-0.49025772872891077,0.0,0.0,0.0,0.0
1.7100000000000013,-3.014295147746015,0.8435600388619019,1.9989987016340973,0.07151819921472703,-0.49025772872891077,0.0,0.0,0.0,0.0
1.7200000000000013,-3.011797622723532,0.8273996859822405,1.9989986829752993,0.0795992701729453,-0.4891507672183638,0.0,0.0,0.0,0.0
1.7300000000000013,-3.011797622723532,0.8273996859822405,1.9989986829752993,0.0795992701729453,-0.4891507672183638,0.0,0.0,0.0,0.0
1.7400000000000013,-3.011797622723532,0.8273996859822405,1.9989986829752993,0.0795992701729453,-0.4891507672183638,0.0,0.0,0.0,0.0
1.7500000000000013,-3.0090339672457045,0.8112795116070043,1.9989984740258988,0.08764692343368247,-0.48783681389132605,0.0,0.0,0.0,0.0
1.7600000000000013,-3.0090339672457045,0.8112795116070043,1.9989984740258988,0.08764692343368247,-0.48783681389132605,0.0,0.0,0.0,0.0
1.7700000000000014,-3.0090339672457045,0.8112795116070043,1.9989984740258988,0.08764692343368247,-0.48783681389132605,0.0,0.0,0.0,0.0
1.7800000000000014,-3.0090339672457045,0.8112795116070043,1.9989984740258988,0.08764692343368247,-0.48783681389132605,0.0,0.0,0.0,0.0
1.7900000000000014,-3.005910270519718,0.7947235059968769,1.9989981098913272,0.09580855270355972,-0.48581995526267713,0.0,0.0,0.0,0.0
1.8000000000000014,-3.005910270519718,0.7947235059968769,1.9989981098913272,0.09580855270355972,-0.48581995526267713,0.0,0.0,0.0,0.0
1.8100000000000014,-3.005910270519718,0.7947235059968769,1.9989981098913272,0.09580855270355972,-0.48581995526267713,0.0,0.0,0.0,0.0
1.8200000000000014,-3.002610481518752,0.7787323292090347,1.9989986753070763,0.10410200302262548,-0.48456125505517356,0.0,0.0,0.0,0.0
1.8300000000000014,-3.002610481518752,0.7787323292090347,1.9989986753070763,0.10410200302262548,-0.48456125505517356,0.0,0.0,0.0,0.0
1.8400000000000014,-3.002610481518752,0.7787323292090347,1.9989986753070763,0.10410200302262548,-0.48456125505517356,0.0,0.0,0.0,0.0
1.8500000000000014,-2.999040426445508,0.7627776575807642,1.9989985276018953,0.11199440283819105,-0.48225589184906015,0.0,0.0,0.0,0.0
1.8600000000000014,-2.999040426445508,0.7627776575807642,1.9989985276018953,0.11199440283819105,-0.48225589184906015,0.0,0.0,0.0,0.0
1.8700000000000014,-2.999040426445508,0.7627776575807642,1.9989985276018953,0.11199440283819105,-0.48225589184906015,0.0,0.0,0.0,0.0
1.8800000000000014,-2.999040426445508,0.7627776575807642,1.9989985276018953,0.11199440283819105,-0.48225589184906015,0.0,0.0,0.0,0.0
1.8900000000000015,-2.99508776051647,0.7464062126224238,1.998998727094252,0.12023603039779776,-0.4806213841161676,0.0,0.0,0.0,0.0
1.9000000000000015,-2.99508776051647,0.7464062126224238,1.998998727094252,0.12023603039779776,-0.4806213841161676,0.0,0.0,0.0,0.0
1.9100000000000015,-2.99508776051647,0.7464062126224238,1.998998727094252,0.12023603039779776,-0.4806213841161676,0.0,0.0,0.0,0.0
1.9200000000000015,-2.99098507478066,0.7305783403746775,1.998998766488223,0.12816773779557353,-0.47867883789105786,0.0,0.0,0.0,0.0
1.9300000000000015,-2.99098507478066,0.7305783403746775,1.998998766488223,0.12816773779557353,-0.47867883789105786,0.0,0.0,0.0,0.0
1.9400000000000015,-2.99098507478066,0.7305783403746775,1.998998766488223,0.12816773779557353,-0.47867883789105786,0.0,0.0,0.0,0.0
1.9500000000000015,-2.986621212745683,0.7148168444386945,1.99899864004078,0.1360695400371268,-0.47661766831318075,0.0,0.0,0.0,0.0
1.9600000000000015,-2.986621212745683,0.7148168444386945,1.99899864004078,0.1360695400371268,-0.47661766831318075,0.0,0.0,0.0,0.0
1.9700000000000015,-2.986621212745683,0.7148168444386945,1.99899864004078,0.1360695400371268,-0.47661766831318075,0.0,0.0,0.0,0.0
1.9800000000000015,-2.986621212745683,0.7148168444386945,1.99899864004078,0.1360695400371268,-0.47661766831318075,0.0,0.0,0.0,0.0
1.9900000000000015,-2.9818534048196454,0.6986524954909654,1.998998332284855,0.14414899355884514,-0.47427517102414357,0.0,0.0,0.0,0.0
2.0000000000000013,-2.9818534048196454,0.6986524954909654,1.998998332284855,0.14414899355884514,-0.47427517102414357,0.0,0.0,0.0,0.0
2.010000000000001,-2.9818534048196454,0.6986524954909654,1.998998332284855,0.14414899355884514,-0.47427517102414357,0.0,0.0,0.0,0.0
2.020000000000001,-2.9769806333138193,0.6830473772011342,1.9989980904179607,0.14985175205581586,-0.47139638330124073,0.0,0.0,0.0,0.0
2.0300000000000007,-2.9769806333138193,0.6830473772011342,1.9989980904179607,0.14985175205581586,-0.47139638330124073,0.0,0.0,0.0,0.0
2.0400000000000005,-2.9769806333138193,0.6830473772011342,1.9989980904179607,0.14985175205581586,-0.47139638330124073,0.0,0.0,0.0,0.0
2.0500000000000003,-2.971965909319635,0.667509365475973,1.998998674600528,0.15555390642546893,-0.4702409252244867,0.0,0.0,0.0,0.0
2.06,-2.971965909319635,0.667509365475973,1.998998674600528,0.15555390642546893,-0.4702409252244867,0.0,0.0,0.0,0.0
2.07,-2.971965909319635,0.667509365475973,1.998998674600528,0.15555390642546893,-0.4702409252244867,0.0,0.0,0.0,0.0
2.0799999999999996,-2.971965909319635,0.667509365475973,1.998998674600528,0.15555390642546893,-0.4702409252244867,0.0,0.0,0.0,0.0
2.0899999999999994,-2.966440896735806,0.6515991302253212,1.9989987187802958,0.16768676337690744,-0.46614542640540657,0.0,0.0,0.0,0.0
2.099999999999999,-2.966440896735806,0.6515991302253212,1.9989987187802958,0.16768676337690744,-0.46614542640540657,0.0,0.0,0.0,0.0
2.109999999999999,-2.966440896735806,0.6515991302253212,1.9989987187802958,0.16768676337690744,-0.46614542640540657,0.0,0.0,0.0,0.0
2.1199999999999988,-2.9607760812536443,0.636262102882061,1.9989987966295226,0.17539220908805694,-0.4634192615146465,0.0,0.0,0.0,0.0
2.1299999999999986,-2.9607760812536443,0.636262102882061,1.9989987966295226,0.17539220908805694,-0.4634192615146465,0.0,0.0,0.0,0.0
2.1399999999999983,-2.9607760812536443,0.636262102882061,1.9989987966295226,0.17539220908805694,-0.4634192615146465,0.0,0.0,0.0,0.0
2.149999999999998,-2.954857833682303,0.6210174482486801,1.998998733713321,0.18305533256427772,-0.46057238787268917,0.0,0.0,0.0,0.0
2.159999999999998,-2.954857833682303,0.6210174482486801,1.998998733713321,0.18305533256427772,-0.46057238787268917,0.0,0.0,0.0,0.0
2.1699999999999977,-2.954857833682303,0.6210174482486801,1.998998733713321,0.18305533256427772,-0.46057238787268917,0.0,0.0,0.0,0.0
2.1799999999999975,-2.954857833682303,0.6210174482486801,1.998998733713321,0.18305533256427772,-0.46057238787268917,0.0,0.0,0.0,0.0
2.1899999999999973,-2.94849665037688,0.6054114864922288,1.9989984755945616,0.19090214682426312,-0.4575109970541735,0.0,0.0,0.0,0.0
2.199999999999997,-2.94849665037688,0.6054114864922288,1.9989984755945616,0.19090214682426312,-0.4575109970541735,0.0,0.0,0.0,0.0
2.209999999999997,-2.94849665037688,0.6054114864922288,1.9989984755945616,0.19090214682426312,-0.4575109970541735,0.0,0.0,0.0,0.0
2.2199999999999966,-2.942071419418923,0.5903685903397968,1.9989980592021481,0.19789036602048785,-0.4543954495517357,0.0,0.0,0.0,0.0
2.2299999999999964,-2.942071419418923,0.5903685903397968,1.9989980592021481,0.19789036602048785,-0.4543954495517357,0.0,0.0,0.0,0.0
2.239999999999996,-2.942071419418923,0.5903685903397968,1.9989980592021481,0.19789036602048785,-0.4543954495517357,0.0,0.0,0.0,0.0
2.249999999999996,-2.9355055356940047,0.5754149166217776,1.9989986960772055,0.20080503222247092,-0.4517125300146172,0.0,0.0,0.0,0.0
2.259999999999996,-2.9355055356940047,0.5754149166217776,1.9989986960772055,0.20080503222247092,-0.4517125300146172,0.0,0.0,0.0,0.0
2.2699999999999956,-2.9355055356940047,0.5754149166217776,1.9989986960772055,0.20080503222247092,-0.4517125300146172,0.0,0.0,0.0,0.0
2.2799999999999954,-2.9355055356940047,0.5754149166217776,1.9989986960772055,0.20080503222247092,-0.4517125300146172,0.0,0.0,0.0,0.0
2.289999999999995,-2.928464703993052,0.560124066031652,1.9989986879938357,0.21344582868551756,-0.44701525714614765,0.0,0.0,0.0,0.0
2.299999999999995,-2.928464703993052,0.560124066031652,1.9989986879938357,0.21344582868551756,-0.44701525714614765,0.0,0.0,0.0,0.0
2.3099999999999947,-2.928464703993052,0.560124066031652,1.9989986879938357,0.21344582868551756,-0.44701525714614765,0.0,0.0,0.0,0.0
2.3199999999999945,-2.9212950857112476,0.5454313394590816,1.9989987801449813,0.22084044317474963,-0.4435215041027848,0.0,0.0,0.0,0.0
2.3299999999999943,-2.9212950857112476,0.5454313394590816,1.9989987801449813,0.22084044317474963,-0.4435215041027848,0.0,0.0,0.0,0.0
2.339999999999994,-2.9212950857112476,0.5454313394590816,1.9989987801449813,0.22084044317474963,-0.4435215041027848,0.0,0.0,0.0,0.0
2.349999999999994,-2.9138823552922903,0.5308560996343138,1.9989987646507426,0.22818731927572408,-0.43991765960517926,0.0,0.0,0.0,0.0
2.3599999999999937,-2.9138823552922903,0.5308560996343138,1.9989987646507426,0.22818731927572408,-0.43991765960517926,0.0,0.0,0.0,0.0
2.3699999999999934,-2.9138823552922903,0.5308560996343138,1.9989987646507426,0.22818731927572408,-0.43991765960517926,0.0,0.0,0.0,0.0
2.3799999999999932,-2.9138823552922903,0.5308560996343138,1.9989987646507426,0.22818731927572408,-0.43991765960517926,0.0,0.0,0.0,0.0
2.389999999999993,-2.905992592713271,0.5159659760480667,1.998998575033406,0.23569120188352966,-0.4360686842253988,0.0,0.0,0.0,0.0
2.399999999999993,-2.905992592713271,0.5159659760480667,1.998998575033406,0.23569120188352966,-0.4360686842253988,0.0,0.0,0.0,0.0
2.4099999999999926,-2.905992592713271,0.5159659760480667,1.998998575033406,0.23569120188352966,-0.4360686842253988,0.0,0.0,0.0,0.0
2.4199999999999924,-2.898093726678301,0.5016434150402209,1.9989981967932524,0.2427227847650837,-0.4319155694555287,0.0,0.0,0.0,0.0
2.429999999999992,-2.898093726678301,0.5016434150402209,1.9989981967932524,0.2427227847650837,-0.4319155694555287,0.0,0.0,0.0,0.0
2.439999999999992,-2.898093726678301,0.5016434150402209,1.9989981967932524,0.2427227847650837,-0.4319155694555287,0.0,0.0,0.0,0.0
2.4499999999999917,-2.8899651765417786,0.4874601778067422,1.9989982427570754,0.24975565159558305,-0.427894706289387,0.0,0.0,0.0,0.0
2.4599999999999915,-2.8899651765417786,0.4874601778067422,1.9989982427570754,0.24975565159558305,-0.427894706289387,0.0,0.0,0.0,0.0
2.4699999999999913,-2.8899651765417786,0.4874601778067422,1.9989982427570754,0.24975565159558305,-0.427894706289387,0.0,0.0,0.0,0.0
2.479999999999991,-2.8899651765417786,0.4874601778067422,1.9989982427570754,0.24975565159558305,-0.427894706289387,0.0,0.0,0.0,0.0
2.489999999999991,-2.8813564166477876,0.47300656071746705,1.9989991642759477,0.25683244339347977,-0.42304679638307285,0.0,0.0,0.0,0.0
2.4999999999999907,-2.8813564166477876,0.47300656071746705,1.9989991642759477,0.25683244339347977,-0.42304679638307285,0.0,0.0,0.0,0.0
2.5099999999999905,-2.8813564166477876,0.47300656071746705,1.9989991642759477,0.25683244339347977,-0.42304679638307285,0.0,0.0,0.0,0.0
2.5199999999999902,-2.8727545451212495,0.4591052221592438,1.9989986907419757,0.2640558898385851,-0.41919374869998405,0.0,0.0,0.0,0.0
2.52999999999999,-2.8727545451212495,0.4591052221592438,1.9989986907419757,0.2640558898385851,-0.41919374869998405,0.0,0.0,0.0,0.0
2.53999999999999,-2.8727545451212495,0.4591052221592438,1.9989986907419757,0.2640558898385851,-0.41919374869998405,0.0,0.0,0.0,0.0
2.5499999999999896,-2.863922317771078,0.4453451399802461,1.9989987506442741,0.2710109749501938,-0.4148659549202139,0.0,0.0,0.0,0.0
2.5599999999999894,-2.863922317771078,0.4453451399802461,1.9989987506442741,0.2710109749501938,-0.4148659549202139,0.0,0.0,0.0,0.0
2.569999999999989,-2.863922317771078,0.4453451399802461,1.9989987506442741,0.2710109749501938,-0.4148659549202139,0.0,0.0,0.0,0.0
2.579999999999989,-2.863922317771078,0.4453451399802461,1.9989987506442741,0.2710109749501938,-0.4148659549202139,0.0,0.0,0.0,0.0
2.5899999999999888,-2.85458389393404,0.431319851182473,1.9989986058406082,0.2780865164270133,-0.41026250973897943,0.0,0.0,0.0,0.0
2.5999999999999885,-2.85458389393404,0.431319851182473,1.9989986058406082,0.2780865164270133,-0.41026250973897943,0.0,0.0,0.0,0.0
2.6099999999999883,-2.85458389393404,0.431319851182473,1.9989986058406082,0.2780865164270133,-0.41026250973897943,0.0,0.0,0.0,0.0
2.619999999999988,-2.8452957732593043,0.417864430970984,1.9989985793910787,0.28442632916828325,-0.4050951691756239,0.0,0.0,0.0,0.0
2.629999999999988,-2.8452957732593043,0.417864430970984,1.9989985793910787,0.28442632916828325,-0.4050951691756239,0.0,0.0,0.0,0.0
2.6399999999999877,-2.8452957732593043,0.417864430970984,1.9989985793910787,0.28442632916828325,-0.4050951691756239,0.0,0.0,0.0,0.0
2.6499999999999875,-2.8357882160048717,0.4045627091890591,1.9989984569532324,0.2913727482321757,-0.40087177106678223,0.0,0.0,0.0,0.0
2.6599999999999873,-2.8357882160048717,0.4045627091890591,1.9989984569532324,0.2913727482321757,-0.40087177106678223,0.0,0.0,0.0,0.0
2.669999999999987,-2.8357882160048717,0.4045627091890591,1.9989984569532324,0.2913727482321757,-0.40087177106678223,0.0,0.0,0.0,0.0
2.679999999999987,-2.8357882160048717,0.4045627091890591,1.9989984569532324,0.2913727482321757,-0.40087177106678223,0.0,0.0,0.0,0.0
2.6899999999999866,-2.8257648497860526,0.391022045114978,1.9989981910843106,0.2979138352286902,-0.395619316859477,0.0,0.0,0.0,0.0
2.6999999999999864,-2.8257648497860526,0.391022045114978,1.9989981910843106,0.2979138352286902,-0.395619316859477,0.0,0.0,0.0,0.0
2.709999999999986,-2.8257648497860526,0.391022045114978,1.9989981910843106,0.2979138352286902,-0.395619316859477,0.0,0.0,0.0,0.0
2.719999999999986,-2.815828435191428,0.3780630896637286,1.998998758691016,0.3047025757922489,-0.3908003520140967,0.0,0.0,0.0,0.0
2.7299999999999858,-2.815828435191428,0.3780630896637286,1.998998758691016,0.3047025757922489,-0.3908003520140967,0.0,0.0,0.0,0.0
2.7399999999999856,-2.815828435191428,0.3780630896637286,1.998998758691016,0.3047025757922489,-0.3908003520140967,0.0,0.0,0.0,0.0
2.7499999999999853,-2.8056655297473716,0.3652549997567603,1.998998674813032,0.3110985226068358,-0.38567200404544455,0.0,0.0,0.0,0.0
2.759999999999985,-2.8056655297473716,0.3652549997567603,1.998998674813032,0.3110985226068358,-0.38567200404544455,0.0,0.0,0.0,0.0
2.769999999999985,-2.8056655297473716,0.3652549997567603,1.998998674813032,0.3110985226068358,-0.38567200404544455,0.0,0.0,0.0,0.0
2.7799999999999847,-2.8056655297473716,0.3652549997567603,1.998998674813032,0.3110985226068358,-0.38567200404544455,0.0,0.0,0.0,0.0
2.7899999999999845,-2.7949728968813483,0.3522346382519506,1.9989985716139491,0.31766266487245015,-0.3803597267656444,0.0,0.0,0.0,0.0
2.7999999999999843,-2.7949728968813483,0.3522346382519506,1.9989985716139491,0.31766266487245015,-0.3803597267656444,0.0,0.0,0.0,0.0
2.809999999999984,-2.7949728968813483,0.3522346382519506,1.9989985716139491,0.31766266487245015,-0.3803597267656444,0.0,0.0,0.0,0.0
2.819999999999984,-2.7843910246855628,0.33978042027646627,1.9989990270417977,0.32364202939676595,-0.37485233462073486,0.0,0.0,0.0,0.0
2.8299999999999836,-2.7843910246855628,0.33978042027646627,1.9989990270417977,0.32364202939676595,-0.37485233462073486,0.0,0.0,0.0,0.0
2.8399999999999834,-2.7843910246855628,0.33978042027646627,1.9989990270417977,0.32364202939676595,-0.37485233462073486,0.0,0.0,0.0,0.0
2.849999999999983,-2.7736003817112818,0.3274942613044074,1.9989986420459231,0.3299837659740599,-0.36972964066746544,0.0,0.0,0.0,0.0
2.859999999999983,-2.7736003817112818,0.3274942613044074,1.9989986420459231,0.3299837659740599,-0.36972964066746544,0.0,0.0,0.0,0.0
2.869999999999983,-2.7736003817112818,0.3274942613044074,1.9989986420459231,0.3299837659740599,-0.36972964066746544,0.0,0.0,0.0,0.0
2.8799999999999826,-2.7736003817112818,0.3274942613044074,1.9989986420459231,0.3299837659740599,-0.36972964066746544,0.0,0.0,0.0,0.0
2.8899999999999824,-2.7622712156659253,0.3150210620709735,1.9989984525109732,0.3362286844237318,-0.36412146201589296,0.0,0.0,0.0,0.0
2.899999999999982,-2.7622712156659253,0.3150210620709735,1.9989984525109732,0.3362286844237318,-0.36412146201589296,0.0,0.0,0.0,0.0
2.909999999999982,-2.7622712156659253,0.3150210620709735,1.9989984525109732,0.3362286844237318,-0.36412146201589296,0.0,0.0,0.0,0.0
2.9199999999999817,-2.7510786939573633,0.3031043567414358,1.9989982302688027,0.34166313178040575,-0.35793198760954476,0.0,0.0,0.0,0.0
2.9299999999999815,-2.7510786939573633,0.3031043567414358,1.9989982302688027,0.34166313178040575,-0.35793198760954476,0.0,0.0,0.0,0.0
2.9399999999999813,-2.7510786939573633,0.3031043567414358,1.9989982302688027,0.34166313178040575,-0.35793198760954476,0.0,0.0,0.0,0.0
2.949999999999981,-2.739696602425097,0.29138512185326565,1.9989984280287143,0.3480496470089995,-0.35263967169353916,0.0,0.0,0.0,0.0
2.959999999999981,-2.739696602425097,0.29138512185326565,1.9989984280287143,0.3480496470089995,-0.35263967169353916,0.0,0.0,0.0,0.0
2.9699999999999807,-2.739696602425097,0.29138512185326565,1.9989984280287143,0.3480496470089995,-0.35263967169353916,0.0,0.0,0.0,0.0
2.9799999999999804,-2.739696602425097,0.29138512185326565,1.9989984280287143,0.3480496470089995,-0.35263967169353916,0.0,0.0,0.0,0.0
2.9899999999999802,-2.7277580434408333,0.279499735465264,1.9989984472012985,0.35399207321586823,-0.3466341365007736,0.0,0.0,0.0,0.0
2.99999999999998,-2.7277580434408333,0.279499735465264,1.9989984472012985,0.35399207321586823,-0.3466341365007736,0.0,0.0,0.0,0.0
3.00999999999998,-2.7277580434408333,0.279499735465264,1.9989984472012985,0.35399207321586823,-0.3466341365007736,0.0,0.0,0.0,0.0
3.0199999999999796,-2.7159877433007535,0.2681673914423059,1.9989987775623708,0.35969193398410015,-0.34085773881350756,0.0,0.0,0.0,0.0
3.0299999999999794,-2.7159877433007535,0.2681673914423059,1.9989987775623708,0.35969193398410015,-0.34085773881350756,0.0,0.0,0.0,0.0
3.039999999999979,-2.7159877433007535,0.2681673914423059,1.9989987775623708,0.35969193398410015,-0.34085773881350756,0.0,0.0,0.0,0.0
3.049999999999979,-2.704024461709065,0.2570217037295699,1.998998748703802,0.3652450287256818,-0.3348774571936285,0.0,0.0,0.0,0.0
3.0599999999999787,-2.704024461709065,0.2570217037295699,1.998998748703802,0.3652450287256818,-0.3348774571936285,0.0,0.0,0.0,0.0
3.0699999999999785,-2.704024461709065,0.2570217037295699,1.998998748703802,0.3652450287256818,-0.3348774571936285,0.0,0.0,0.0,0.0
3.0799999999999783,-2.704024461709065,0.2570217037295699,1.998998748703802,0.3652450287256818,-0.3348774571936285,0.0,0.0,0.0,0.0
3.089999999999978,-2.691505903281113,0.24574348618330105,1.9989986198217282,0.3709631447212247,-0.3287172778325664,0.0,0.0,0.0,0.0
3.099999999999978,-2.691505903281113,0.24574348618330105,1.9989986198217282,0.3709631447212247,-0.3287172778325664,0.0,0.0,0.0,0.0
3.1099999999999777,-2.691505903281113,0.24574348618330105,1.9989986198217282,0.3709631447212247,-0.3287172778325664,0.0,0.0,0.0,0.0
3.1199999999999775,-2.679172750529213,0.23500010227364218,1.9989983553377957,0.3763245740343153,-0.3225717913913998,0.0,0.0,0.0,0.0
3.1299999999999772,-2.679172750529213,0.23500010227364218,1.9989983553377957,0.3763245740343153,-0.3225717913913998,0.0,0.0,0.0,0.0
3.139999999999977,-2.679172750529213,0.23500010227364218,1.9989983553377957,0.3763245740343153,-0.3225717913913998,0.0,0.0,0.0,0.0
3.149999999999977,-2.6666736857774778,0.22446983911130272,1.9989985664770489,0.3808358647928945,-0.3155686109661888,0.0,0.0,0.0,0.0
3.1599999999999766,-2.6666736857774778,0.22446983911130272,1.9989985664770489,0.3808358647928945,-0.3155686109661888,0.0,0.0,0.0,0.0
3.1699999999999764,-2.6666736857774778,0.22446983911130272,1.9989985664770489,0.3808358647928945,-0.3155686109661888,0.0,0.0,0.0,0.0
3.179999999999976,-2.6666736857774778,0.22446983911130272,1.9989985664770489,0.3808358647928945,-0.3155686109661888,0.0,0.0,0.0,0.0
3.189999999999976,-2.6536135143466337,0.21384070013812562,1.9989982664980117,0.3866020344105152,-0.3093653343124947,0.0,0.0,0.0,0.0
3.1999999999999758,-2.6536135143466337,0.21384070013812562,1.9989982664980117,0.3866020344105152,-0.3093653343124947,0.0,0.0,0.0,0.0
3.2099999999999755,-2.6536135143466337,0.21384070013812562,1.9989982664980117,0.3866020344105152,-0.3093653343124947,0.0,0.0,0.0,0.0
3.2199999999999753,-2.64077125854118,0.203740737338062,1.998998611438137,0.3917871244954898,-0.30310640707238906,0.0,0.0,0.0,0.0
3.229999999999975,-2.64077125854118,0.203740737338062,1.998998611438137,0.3917871244954898,-0.30310640707238906,0.0,0.0,0.0,0.0
3.239999999999975,-2.64077125854118,0.203740737338062,1.998998611438137,0.3917871244954898,-0.30310640707238906,0.0,0.0,0.0,0.0
3.2499999999999747,-2.627755762522266,0.19384662422732435,1.9989987851504984,0.3968365832819671,-0.2966933872628258,0.0,0.0,0.0,0.0
3.2599999999999745,-2.627755762522266,0.19384662422732435,1.9989987851504984,0.3968365832819671,-0.2966933872628258,0.0,0.0,0.0,0.0
3.2699999999999743,-2.627755762522266,0.19384662422732435,1.9989987851504984,0.3968365832819671,-0.2966933872628258,0.0,0.0,0.0,0.0
3.279999999999974,-2.627755762522266,0.19384662422732435,1.9989987851504984,0.3968365832819671,-0.2966933872628258,0.0,0.0,0.0,0.0
3.289999999999974,-2.614174240912111,0.18387626107175056,1.9989987308348727,0.4019138315930689,-0.289983087286046,0.0,0.0,0.0,0.0
3.2999999999999736,-2.614174240912111,0.18387626107175056,1.9989987308348727,0.4019138315930689,-0.289983087286046,0.0,0.0,0.0,0.0
3.3099999999999734,-2.614174240912111,0.18387626107175056,1.9989987308348727,0.4019138315930689,-0.289983087286046,0.0,0.0,0.0,0.0
3.319999999999973,-2.6008291431269632,0.17441886147825825,1.9989985031630984,0.4067276746395683,-0.28338699062414274,0.0,0.0,0.0,0.0
3.329999999999973,-2.6008291431269632,0.17441886147825825,1.9989985031630984,0.4067276746395683,-0.28338699062414274,0.0,0.0,0.0,0.0
3.3399999999999728,-2.6008291431269632,0.17441886147825825,1.9989985031630984,0.4067276746395683,-0.28338699062414274,0.0,0.0,0.0,0.0
3.3499999999999726,-2.5873292087441646,0.16518201949785574,1.9989981345060395,0.4112808919111141,-0.27660747307275807,0.0,0.0,0.0,0.0
3.3599999999999723,-2.5873292087441646,0.16518201949785574,1.9989981345060395,0.4112808919111141,-0.27660747307275807,0.0,0.0,0.0,0.0
3.369999999999972,-2.5873292087441646,0.16518201949785574,1.9989981345060395,0.4112808919111141,-0.27660747307275807,0.0,0.0,0.0,0.0
3.379999999999972,-2.5873292087441646,0.16518201949785574,1.9989981345060395,0.4112808919111141,-0.27660747307275807,0.0,0.0,0.0,0.0
3.3899999999999717,-2.5733135073098667,0.15586603578010685,1.9989987683934078,0.4129933125444239,-0.2717697678504511,0.0,0.0,0.0,0.0
3.3999999999999715,-2.5733135073098667,0.15586603578010685,1.9989987683934078,0.4129933125444239,-0.2717697678504511,0.0,0.0,0.0,0.0
3.4099999999999713,-2.5733135073098667,0.15586603578010685,1.9989987683934078,0.4129933125444239,-0.2717697678504511,0.0,0.0,0.0,0.0
3.419999999999971,-2.559556949838818,0.14705013938871417,1.9989986515850522,0.42004826063095957,-0.262505273942205,0.0,0.0,0.0,0.0
3.429999999999971,-2.559556949838818,0.14705013938871417,1.9989986515850522,0.42004826063095957,-0.262505273942205,0.0,0.0,0.0,0.0
3.4399999999999706,-2.559556949838818,0.14705013938871417,1.9989986515850522,0.42004826063095957,-0.262505273942205,0.0,0.0,0.0,0.0
3.4499999999999704,-2.545620130939849,0.13850432454525244,1.9989987779648117,0.42442557648168194,-0.2556002343738665,0.0,0.0,0.0,0.0
3.45999999999997,-2.545620130939849,0.13850432454525244,1.9989987779648117,0.42442557648168194,-0.2556002343738665,0.0,0.0,0.0,0.0
3.46999999999997,-2.545620130939849,0.13850432454525244,1.9989987779648117,0.42442557648168194,-0.2556002343738665,0.0,0.0,0.0,0.0
3.47999999999997,-2.545620130939849,0.13850432454525244,1.9989987779648117,0.42442557648168194,-0.2556002343738665,0.0,0.0,0.0,0.0
3.4899999999999696,-2.5311126231908685,0.1299395461766079,1.9989987738343826,0.4288085700848996,-0.24840719187056273,0.0,0.0,0.0,0.0
3.4999999999999694,-2.5311126231908685,0.1299395461766079,1.9989987738343826,0.4288085700848996,-0.24840719187056273,0.0,0.0,0.0,0.0
3.509999999999969,-2.5311126231908685,0.1299395461766079,1.9989987738343826,0.4288085700848996,-0.24840719187056273,0.0,0.0,0.0,0.0
3.519999999999969,-2.5168914017364648,0.1218618311316604,1.9989986237705644,0.43295848884408206,-0.24136247223055143,0.0,0.0,0.0,0.0
3.5299999999999687,-2.5168914017364648,0.1218618311316604,1.9989986237705644,0.43295848884408206,-0.24136247223055143,0.0,0.0,0.0,0.0
3.5399999999999685,-2.5168914017364648,0.1218618311316604,1.9989986237705644,0.43295848884408206,-0.24136247223055143,0.0,0.0,0.0,0.0
3.5499999999999683,-2.502536417344543,0.11401840949547955,1.998998260737036,0.4368884541990148,-0.234199114386734,0.0,0.0,0.0,0.0
3.559999999999968,-2.502536417344543,0.11401840949547955,1.998998260737036,0.4368884541990148,-0.234199114386734,0.0,0.0,0.0,0.0
3.569999999999968,-2.502536417344543,0.11401840949547955,1.998998260737036,0.4368884541990148,-0.234199114386734,0.0,0.0,0.0,0.0
3.5799999999999677,-2.502536417344543,0.11401840949547955,1.998998260737036,0.4368884541990148,-0.234199114386734,0.0,0.0,0.0,0.0
3.5899999999999674,-2.4876366781561394,0.10617748324683976,1.9989985426749641,0.4392366870338118,-0.22779219275987592,0.0,0.0,0.0,0.0
3.5999999999999672,-2.4876366781561394,0.10617748324683976,1.9989985426749641,0.4392366870338118,-0.22779219275987592,0.0,0.0,0.0,0.0
3.609999999999967,-2.4876366781561394,0.10617748324683976,1.9989985426749641,0.4392366870338118,-0.22779219275987592,0.0,0.0,0.0,0.0
3.619999999999967,-2.4730692173305697,0.09879113120438075,1.9989985769104868,0.4443177573586514,-0.21939068360898772,0.0,0.0,0.0,0.0
3.6299999999999666,-2.4730692173305697,0.09879113120438075,1.9989985769104868,0.4443177573586514,-0.21939068360898772,0.0,0.0,0.0,0.0
3.6399999999999664,-2.4730692173305697,0.09879113120438075,1.9989985769104868,0.4443177573586514,-0.21939068360898772,0.0,0.0,0.0,0.0
3.649999999999966,-2.458350039455393,0.09167831584939248,1.9989987106028757,0.44777121224979666,-0.21197177382098958,0.0,0.0,0.0,0.0
3.659999999999966,-2.458350039455393,0.09167831584939248,1.9989987106028757,0.44777121224979666,-0.21197177382098958,0.0,0.0,0.0,0.0
3.6699999999999657,-2.458350039455393,0.09167831584939248,1.9989987106028757,0.44777121224979666,-0.21197177382098958,0.0,0.0,0.0,0.0
3.6799999999999655,-2.458350039455393,0.09167831584939248,1.9989987106028757,0.44777121224979666,-0.21197177382098958,0.0,0.0,0.0,0.0
3.6899999999999653,-2.443061537462325,0.08460407274925191,1.9989987676812095,0.4514183714959911,-0.20436914650667717,0.0,0.0,0.0,0.0
3.699999999999965,-2.443061537462325,0.08460407274925191,1.9989987676812095,0.4514183714959911,-0.20436914650667717,0.0,0.0,0.0,0.0
3.709999999999965,-2.443061537462325,0.08460407274925191,1.9989987676812095,0.4514183714959911,-0.20436914650667717,0.0,0.0,0.0,0.0
3.7199999999999647,-2.428106391130573,0.0779861670296186,1.99899866007579,0.4548422355635892,-0.19693446957904662,0.0,0.0,0.0,0.0
3.7299999999999645,-2.428106391130573,0.0779861670296186,1.99899866007579,0.4548422355635892,-0.19693446957904662,0.0,0.0,0.0,0.0
3.7399999999999642,-2.428106391130573,0.0779861670296186,1.99899866007579,0.4548422355635892,-0.19693446957904662,0.0,0.0,0.0,0.0
3.749999999999964,-2.4130420469104794,0.07161524764764245,1.9989983469335981,0.4580039893158048,-0.18939479892447147,0.0,0.0,0.0,0.0
3.759999999999964,-2.4130420469104794,0.07161524764764245,1.9989983469335981,0.4580039893158048,-0.18939479892447147,0.0,0.0,0.0,0.0
3.7699999999999636,-2.4130420469104794,0.07161524764764245,1.9989983469335981,0.4580039893158048,-0.18939479892447147,0.0,0.0,0.0,0.0
3.7799999999999634,-2.4130420469104794,0.07161524764764245,1.9989983469335981,0.4580039893158048,-0.18939479892447147,0.0,0.0,0.0,0.0
3.789999999999963,-2.397429701934623,0.06531655768926103,1.9989986568302194,0.4610658649485095,-0.18168279205104962,0.0,0.0,0.0,0.0
3.799999999999963,-2.397429701934623,0.06531655768926103,1.9989986568302194,0.4610658649485095,-0.18168279205104962,0.0,0.0,0.0,0.0
3.8099999999999627,-2.397429701934623,0.06531655768926103,1.9989986568302194,0.4610658649485095,-0.18168279205104962,0.0,0.0,0.0,0.0
3.8199999999999625,-2.38216737952736,0.059451240405390446,1.9989982490138896,0.46357348422994243,-0.17390418251758602,0.0,0.0,0.0,0.0
3.8299999999999623,-2.38216737952736,0.059451240405390446,1.9989982490138896,0.46357348422994243,-0.17390418251758602,0.0,0.0,0.0,0.0
3.839999999999962,-2.38216737952736,0.059451240405390446,1.9989982490138896,0.46357348422994243,-0.17390418251758602,0.0,0.0,0.0,0.0
3.849999999999962,-2.366818937070251,0.05384350381548397,1.9989985003346302,0.466608076784458,-0.1662570440172042,0.0,0.0,0.0,0.0
3.8599999999999617,-2.366818937070251,0.05384350381548397,1.9989985003346302,0.466608076784458,-0.1662570440172042,0.0,0.0,0.0,0.0
3.8699999999999615,-2.366818937070251,0.05384350381548397,1.9989985003346302,0.466608076784458,-0.1662570440172042,0.0,0.0,0.0,0.0
3.8799999999999613,-2.366818937070251,0.05384350381548397,1.9989985003346302,0.466608076784458,-0.1662570440172042,0.0,0.0,0.0,0.0
3.889999999999961,-2.350902633502209,0.04832917090418894,1.9989987097616417,0.46951032714348934,-0.15833011242988074,0.0,0.0,0.0,0.0
3.899999999999961,-2.350902633502209,0.04832917090418894,1.9989987097616417,0.46951032714348934,-0.15833011242988074,0.0,0.0,0.0,0.0
3.9099999999999606,-2.350902633502209,0.04832917090418894,1.9989987097616417,0.46951032714348934,-0.15833011242988074,0.0,0.0,0.0,0.0
3.9199999999999604,-2.335363293343424,0.043235899435370054,1.9989986468602068,0.47216120556187274,-0.15057796961528164,0.0,0.0,0.0,0.0
3.92999999999996,-2.335363293343424,0.043235899435370054,1.9989986468602068,0.47216120556187274,-0.15057796961528164,0.0,0.0,0.0,0.0
3.93999999999996,-2.335363293343424,0.043235899435370054,1.9989986468602068,0.47216120556187274,-0.15057796961528164,0.0,0.0,0.0,0.0
3.9499999999999598,-2.3197418487206103,0.03840002728758876,1.9989983474794006,0.47430591136479894,-0.14267858698522104,0.0,0.0,0.0,0.0
3.9599999999999596,-2.3197418487206103,0.03840002728758876,1.9989983474794006,0.47430591136479894,-0.14267858698522104,0.0,0.0,0.0,0.0
3.9699999999999593,-2.3197418487206103,0.03840002728758876,1.9989983474794006,0.47430591136479894,-0.14267858698522104,0.0,0.0,0.0,0.0
3.979999999999959,-2.3197418487206103,0.03840002728758876,1.9989983474794006,0.47430591136479894,-0.14267858698522104,0.0,0.0,0.0,0.0
3.989999999999959,-2.3035800393085113,0.03368952867188916,1.998998527429944,0.4769134431254531,-0.13479455259034642,0.0,0.0,0.0,0.0
3.9999999999999587,-2.3035800393085113,0.03368952867188916,1.998998527429944,0.4769134431254531,-0.13479455259034642,0.0,0.0,0.0,0.0
4.009999999999959,-2.3035800393085113,0.03368952867188916,1.998998527429944,0.4769134431254531,-0.13479455259034642,0.0,0.0,0.0,0.0
4.019999999999959,-2.287805447511347,0.029374743170327528,1.9989984596736134,0.47906333161187414,-0.12694524462028756,0.0,0.0,0.0,0.0
4.0299999999999585,-2.287805447511347,0.029374743170327528,1.9989984596736134,0.47906333161187414,-0.12694524462028756,0.0,0.0,0.0,0.0
4.039999999999958,-2.287805447511347,0.029374743170327528,1.9989984596736134,0.47906333161187414,-0.12694524462028756,0.0,0.0,0.0,0.0
4.049999999999958,-2.2719675533993886,0.025321369224412946,1.9989984429782688,0.4804325212490347,-0.11883287981613448,0.0,0.0,0.0,0.0
4.059999999999958,-2.2719675533993886,0.025321369224412946,1.9989984429782688,0.4804325212490347,-0.11883287981613448,0.0,0.0,0.0,0.0
4.069999999999958,-2.2719675533993886,0.025321369224412946,1.9989984429782688,0.4804325212490347,-0.11883287981613448,0.0,0.0,0.0,0.0
4.079999999999957,-2.2555836846120063,0.02142147071052511,1.9989986036400271,0.4829221304450541,-0.1107440146656738,0.0,0.0,0.0,0.0
4.089999999999957,-2.2555836846120063,0.02142147071052511,1.9989986036400271,0.4829221304450541,-0.1107440146656738,0.0,0.0,0.0,0.0
4.099999999999957,-2.2555836846120063,0.02142147071052511,1.9989986036400271,0.4829221304450541,-0.1107440146656738,0.0,0.0,0.0,0.0
4.109999999999957,-2.2555836846120063,0.02142147071052511,1.9989986036400271,0.4829221304450541,-0.1107440146656738,0.0,0.0,0.0,0.0
4.119999999999957,-2.239615284368888,0.017902649299251772,1.9989985775269277,0.4847669347692225,-0.10275014365352066,0.0,0.0,0.0,0.0
4.129999999999956,-2.239615284368888,0.017902649299251772,1.9989985775269277,0.4847669347692225,-0.10275014365352066,0.0,0.0,0.0,0.0
4.139999999999956,-2.239615284368888,0.017902649299251772,1.9989985775269277,0.4847669347692225,-0.10275014365352066,0.0,0.0,0.0,0.0
4.149999999999956,-2.2235962652546832,0.014649326395923125,1.9989985416106444,0.4855429164059137,-0.09458818192838601,0.0,0.0,0.0,0.0
4.159999999999956,-2.2235962652546832,0.014649326395923125,1.9989985416106444,0.4855429164059137,-0.09458818192838601,0.0,0.0,0.0,0.0
4.1699999999999555,-2.2235962652546832,0.014649326395923125,1.9989985416106444,0.4855429164059137,-0.09458818192838601,0.0,0.0,0.0,0.0
4.179999999999955,-2.2235962652546832,0.014649326395923125,1.9989985416106444,0.4855429164059137,-0.09458818192838601,0.0,0.0,0.0,0.0
4.189999999999955,-2.2070434176767626,0.011572302093699076,1.9989987348284395,0.48788768570649976,-0.08656199140038812,0.0,0.0,0.0,0.0
4.199999999999955,-2.2070434176767626,0.011572302093699076,1.9989987348284395,0.48788768570649976,-0.08656199140038812,0.0,0.0,0.0,0.0
4.209999999999955,-2.2070434176767626,0.011572302093699076,1.9989987348284395,0.48788768570649976,-0.08656199140038812,0.0,0.0,0.0,0.0
4.2199999999999545,-2.190917312340029,0.008851810674953272,1.9989986143719487,0.4893729042449502,-0.07855113939741765,0.0,0.0,0.0,0.0
4.229999999999954,-2.190917312340029,0.008851810674953272,1.9989986143719487,0.4893729042449502,-0.07855113939741765,0.0,0.0,0.0,0.0
4.239999999999954,-2.190917312340029,0.008851810674953272,1.9989986143719487,0.4893729042449502,-0.07855113939741765,0.0,0.0,0.0,0.0
4.249999999999954,-2.1747468664544733,0.006396532422760394,1.99899840872307,0.49060394603988017,-0.07049829224156516,0.0,0.0,0.0,0.0
4.259999999999954,-2.1747468664544733,0.006396532422760394,1.99899840872307,0.49060394603988017,-0.07049829224156516,0.0,0.0,0.0,0.0
4.269999999999953,-2.1747468664544733,0.006396532422760394,1.99899840872307,0.49060394603988017,-0.07049829224156516,0.0,0.0,0.0,0.0
4.279999999999953,-2.1747468664544733,0.006396532422760394,1.99899840872307,0.49060394603988017,-0.07049829224156516,0.0,0.0,0.0,0.0
4.289999999999953,-2.1580555717150487,0.0041474847121122154,1.9989987051431184,0.4913288723088265,-0.06202958306120163,0.0,0.0,0.0,0.0
4.299999999999953,-2.1580555717150487,0.0041474847121122154,1.9989987051431184,0.4913288723088265,-0.06202958306120163,0.0,0.0,0.0,0.0
4.3099999999999525,-2.1580555717150487,0.0041474847121122154,1.9989987051431184,0.4913288723088265,-0.06202958306120163,0.0,0.0,0.0,0.0
4.319999999999952,-2.141816426417561,0.0022374774165529543,1.9989984108022296,0.4925395647988686,-0.05392549180851747,0.0,0.0,0.0,0.0
4.329999999999952,-2.141816426417561,0.0022374774165529543,1.9989984108022296,0.4925395647988686,-0.05392549180851747,0.0,0.0,0.0,0.0
4.339999999999952,-2.141816426417561,0.0022374774165529543,1.9989984108022296,0.4925395647988686,-0.05392549180851747,0.0,0.0,0.0,0.0
4.349999999999952,-2.125562159554319,0.0005972213651233957,1.9989990529221626,0.49251925615117526,-0.04576616700725316,0.0,0.0,0.0,0.0
4.3599999999999515,-2.125562159554319,0.0005972213651233957,1.9989990529221626,0.49251925615117526,-0.04576616700725316,0.0,0.0,0.0,0.0
4.369999999999951,-2.125562159554319,0.0005972213651233957,1.9989990529221626,0.49251925615117526,-0.04576616700725316,0.0,0.0,0.0,0.0
4.379999999999951,-2.125562159554319,0.0005972213651233957,1.9989990529221626,0.49251925615117526,-0.04576616700725316,0.0,0.0,0.0,0.0
4.389999999999951,-2.1087801760177842,-0.0008157452508999507,1.998998754629226,0.4940614665130061,-0.03750574625573135,0.0,0.0,0.0,0.0
4.399999999999951,-2.1087801760177842,-0.0008157452508999507,1.998998754629226,0.4940614665130061,-0.03750574625573135,0.0,0.0,0.0,0.0
4.40999999999995,-2.1087801760177842,-0.0008157452508999507,1.998998754629226,0.4940614665130061,-0.03750574625573135,0.0,0.0,0.0,0.0
4.41999999999995,-2.0924645824879247,-0.0019152412577748436,1.9989987341492812,0.49472609345326984,-0.02937386240322479,0.0,0.0,0.0,0.0
4.42999999999995,-2.0924645824879247,-0.0019152412577748436,1.9989987341492812,0.49472609345326984,-0.02937386240322479,0.0,0.0,0.0,0.0
4.43999999999995,-2.0924645824879247,-0.0019152412577748436,1.9989987341492812,0.49472609345326984,-0.02937386240322479,0.0,0.0,0.0,0.0
4.4499999999999496,-2.076129565023281,-0.0027461970954801053,1.9989985374699981,0.49523658140389537,-0.02123239710401199,0.0,0.0,0.0,0.0
4.459999999999949,-2.076129565023281,-0.0027461970954801053,1.9989985374699981,0.49523658140389537,-0.02123239710401199,0.0,0.0,0.0,0.0
4.469999999999949,-2.076129565023281,-0.0027461970954801053,1.9989985374699981,0.49523658140389537,-0.02123239710401199,0.0,0.0,0.0,0.0
4.479999999999949,-2.076129565023281,-0.0027461970954801053,1.9989985374699981,0.49523658140389537,-0.02123239710401199,0.0,0.0,0.0,0.0
4.489999999999949,-2.0592861919054313,-0.0033210745702736692,1.998998257313312,0.49552806912941405,-0.012831958138931805,0.0,0.0,0.0,0.0
4.4999999999999485,-2.0592861919054313,-0.0033210745702736692,1.998998257313312,0.49552806912941405,-0.012831958138931805,0.0,0.0,0.0,0.0
4.509999999999948,-2.0592861919054313,-0.0033210745702736692,1.998998257313312,0.49552806912941405,-0.012831958138931805,0.0,0.0,0.0,0.0
4.519999999999948,-2.042941142070334,-0.0036042847581985987,1.9989982419469348,0.4954436702796682,-0.0045964452815410745,0.0,0.0,0.0,0.0
4.529999999999948,-2.042941142070334,-0.0036042847581985987,1.9989982419469348,0.4954436702796682,-0.0045964452815410745,0.0,0.0,0.0,0.0
4.539999999999948,-2.042941142070334,-0.0036042847581985987,1.9989982419469348,0.4954436702796682,-0.0045964452815410745,0.0,0.0,0.0,0.0
4.549999999999947,-2.0266100080620713,-0.003618069652042156,1.9989989987815433,0.4951263038480908,0.0034769537013823997,0.0,0.0,0.0,0.0
4.559999999999947,-2.0266100080620713,-0.003618069652042156,1.9989989987815433,0.4951263038480908,0.0034769537013823997,0.0,0.0,0.0,0.0
4.569999999999947,-2.0266100080620713,-0.003618069652042156,1.9989989987815433,0.4951263038480908,0.0034769537013823997,0.0,0.0,0.0,0.0
4.579999999999947,-2.0266100080620713,-0.003618069652042156,1.9989989987815433,0.4951263038480908,0.0034769537013823997,0.0,0.0,0.0,0.0
4.589999999999947,-2.009768418668269,-0.003352441730582632,1.9989987611843576,0.49529693362536137,0.0118972882221227,0.0,0.0,0.0,0.0
4.599999999999946,-2.009768418668269,-0.003352441730582632,1.9989987611843576,0.49529693362536137,0.0118972882221227,0.0,0.0,0.0,0.0
4.609999999999946,-2.009768418668269,-0.003352441730582632,1.9989987611843576,0.49529693362536137,0.0118972882221227,0.0,0.0,0.0,0.0
4.619999999999946,-1.9934256936742032,-0.002821033144575777,1.9989987803776132,0.49514702357430784,0.020063395941828443,0.0,0.0,0.0,0.0
4.629999999999946,-1.9934256936742032,-0.002821033144575777,1.9989987803776132,0.49514702357430784,0.020063395941828443,0.0,0.0,0.0,0.0
4.6399999999999455,-1.9934256936742032,-0.002821033144575777,1.9989987803776132,0.49514702357430784,0.020063395941828443,0.0,0.0,0.0,0.0
4.649999999999945,-1.9770904286459958,-0.0020201782446712144,1.9989986654088612,0.49487246644235444,0.02822733769973474,0.0,0.0,0.0,0.0
4.659999999999945,-1.9770904286459958,-0.0020201782446712144,1.9989986654088612,0.49487246644235444,0.02822733769973474,0.0,0.0,0.0,0.0
4.669999999999945,-1.9770904286459958,-0.0020201782446712144,1.9989986654088612,0.49487246644235444,0.02822733769973474,0.0,0.0,0.0,0.0
4.679999999999945,-1.9770904286459958,-0.0020201782446712144,1.9989986654088612,0.49487246644235444,0.02822733769973474,0.0,0.0,0.0,0.0
4.689999999999944,-1.9602732020316314,-0.0009134497260603618,1.9989983274932404,0.4943663555100595,0.036631525011564976,0.0,0.0,0.0,0.0
4.699999999999944,-1.9602732020316314,-0.0009134497260603618,1.9989983274932404,0.4943663555100595,0.036631525011564976,0.0,0.0,0.0,0.0
4.709999999999944,-1.9602732020316314,-0.0009134497260603618,1.9989983274932404,0.4943663555100595,0.036631525011564976,0.0,0.0,0.0,0.0
4.719999999999944,-1.9439733832368618,0.00040335424380421144,1.9989978654748581,0.49334608010133235,0.041182975259208235,0.0,0.0,0.0,0.0
4.729999999999944,-1.9439733832368618,0.00040335424380421144,1.9989978654748581,0.49334608010133235,0.041182975259208235,0.0,0.0,0.0,0.0
4.739999999999943,-1.9439733832368618,0.00040335424380421144,1.9989978654748581,0.49334608010133235,0.041182975259208235,0.0,0.0,0.0,0.0
4.749999999999943,-1.9277071799363732,0.0018235278965011105,1.9989983829867415,0.4932831142302208,0.04697924076846604,0.0,0.0,0.0,0.0
4.759999999999943,-1.9277071799363732,0.0018235278965011105,1.9989983829867415,0.4932831142302208,0.04697924076846604,0.0,0.0,0.0,0.0
4.769999999999943,-1.9277071799363732,0.0018235278965011105,1.9989983829867415,0.4932831142302208,0.04697924076846604,0.0,0.0,0.0,0.0
4.7799999999999425,-1.9277071799363732,0.0018235278965011105,1.9989983829867415,0.4932831142302208,0.04697924076846604,0.0,0.0,0.0,0.0
4.789999999999942,-1.9109701767448057,0.003699375328737366,1.9989987290119764,0.4915813194412147,0.06140040647702574,0.0,0.0,0.0,0.0
4.799999999999942,-1.9109701767448057,0.003699375328737366,1.9989987290119764,0.4915813194412147,0.06140040647702574,0.0,0.0,0.0,0.0
4.809999999999942,-1.9109701767448057,0.003699375328737366,1.9989987290119764,0.4915813194412147,0.06140040647702574,0.0,0.0,0.0,0.0
4.819999999999942,-1.8947640302792315,0.005863655701247897,1.9989987988652929,0.4906075621765996,0.0695208309600848,0.0,0.0,0.0,0.0
4.8299999999999415,-1.8947640302792315,0.005863655701247897,1.9989987988652929,0.4906075621765996,0.0695208309600848,0.0,0.0,0.0,0.0
4.839999999999941,-1.8947640302792315,0.005863655701247897,1.9989987988652929,0.4906075621765996,0.0695208309600848,0.0,0.0,0.0,0.0
4.849999999999941,-1.878592419435142,0.008295618822734342,1.998998730871453,0.4895127719768261,0.07762686544296793,0.0,0.0,0.0,0.0
4.859999999999941,-1.878592419435142,0.008295618822734342,1.998998730871453,0.4895127719768261,0.07762686544296793,0.0,0.0,0.0,0.0
4.869999999999941,-1.878592419435142,0.008295618822734342,1.998998730871453,0.4895127719768261,0.07762686544296793,0.0,0.0,0.0,0.0
4.87999999999994,-1.878592419435142,0.008295618822734342,1.998998730871453,0.4895127719768261,0.07762686544296793,0.0,0.0,0.0,0.0
4.88999999999994,-1.8619712680763805,0.011080694411973499,1.9989984692111409,0.488227971402199,0.08595703390366805,0.0,0.0,0.0,0.0
4.89999999999994,-1.8619712680763805,0.011080694411973499,1.9989984692111409,0.488227971402199,0.08595703390366805,0.0,0.0,0.0,0.0
4.90999999999994,-1.8619712680763805,0.011080694411973499,1.9989984692111409,0.488227971402199,0.08595703390366805,0.0,0.0,0.0,0.0
4.9199999999999395,-1.845885433581323,0.014047684720152328,1.9989980651951498,0.48664004257466986,0.09302047026682347,0.0,0.0,0.0,0.0
4.929999999999939,-1.845885433581323,0.014047684720152328,1.9989980651951498,0.48664004257466986,0.09302047026682347,0.0,0.0,0.0,0.0
4.939999999999939,-1.845885433581323,0.014047684720152328,1.9989980651951498,0.48664004257466986,0.09302047026682347,0.0,0.0,0.0,0.0
4.949999999999939,-1.829858107691817,0.017204460188133784,1.9989984145256718,0.48419738807445223,0.09858383517382904,0.0,0.0,0.0,0.0
4.959999999999939,-1.829858107691817,0.017204460188133784,1.9989984145256718,0.48419738807445223,0.09858383517382904,0.0,0.0,0.0,0.0
4.9699999999999385,-1.829858107691817,0.017204460188133784,1.9989984145256718,0.48419738807445223,0.09858383517382904,0.0,0.0,0.0,0.0
4.979999999999938,-1.829858107691817,0.017204460188133784,1.9989984145256718,0.48419738807445223,0.09858383517382904,0.0,0.0,0.0,0.0
4.989999999999938,-1.8134138604782626,0.020770264614675415,1.9989985718623764,0.4828969637753904,0.11028589485347812,0.0,0.0,0.0,0.0
4.999999999999938,-1.8134138604782626,0.020770264614675415,1.9989985718623764,0.4828969637753904,0.11028589485347812,0.0,0.0,0.0,0.0
5.009999999999938,-1.8134138604782626,0.020770264614675415,1.9989985718623764,0.4828969637753904,0.11028589485347812,0.0,0.0,0.0,0.0
5.019999999999937,-1.797507031781281,0.024545856384829652,1.9989987731950958,0.48114505447594885,0.11828404521275238,0.0,0.0,0.0,0.0
5.029999999999937,-1.797507031781281,0.024545856384829652,1.9989987731950958,0.48114505447594885,0.11828404521275238,0.0,0.0,0.0,0.0
5.039999999999937,-1.797507031781281,0.024545856384829652,1.9989987731950958,0.48114505447594885,0.11828404521275238,0.0,0.0,0.0,0.0
5.049999999999937,-1.781661325683557,0.028584637172137422,1.9989987502411546,0.47924248752580906,0.1262481715248794,0.0,0.0,0.0,0.0
5.0599999999999365,-1.781661325683557,0.028584637172137422,1.9989987502411546,0.47924248752580906,0.1262481715248794,0.0,0.0,0.0,0.0
5.069999999999936,-1.781661325683557,0.028584637172137422,1.9989987502411546,0.47924248752580906,0.1262481715248794,0.0,0.0,0.0,0.0
5.079999999999936,-1.781661325683557,0.028584637172137422,1.9989987502411546,0.47924248752580906,0.1262481715248794,0.0,0.0,0.0,0.0
5.089999999999936,-1.7654041344557971,0.03301996069238374,1.9989985544984266,0.47710907005330466,0.13440870179820094,0.0,0.0,0.0,0.0
5.099999999999936,-1.7654041344557971,0.03301996069238374,1.9989985544984266,0.47710907005330466,0.13440870179820094,0.0,0.0,0.0,0.0
5.1099999999999355,-1.7654041344557971,0.03301996069238374,1.9989985544984266,0.47710907005330466,0.13440870179820094,0.0,0.0,0.0,0.0
5.119999999999935,-1.7497024373722567,0.0375874770934102,1.998998533670976,0.47442675725578004,0.1421268132669752,0.0,0.0,0.0,0.0
5.129999999999935,-1.7497024373722567,0.0375874770934102,1.998998533670976,0.47442675725578004,0.1421268132669752,0.0,0.0,0.0,0.0
5.139999999999935,-1.7497024373722567,0.0375874770934102,1.998998533670976,0.47442675725578004,0.1421268132669752,0.0,0.0,0.0,0.0
5.149999999999935,-1.7340782559717345,0.042412188518602525,1.9989982645719355,0.472266946050008,0.14995806009686619,0.0,0.0,0.0,0.0
5.159999999999934,-1.7340782559717345,0.042412188518602525,1.9989982645719355,0.472266946050008,0.14995806009686619,0.0,0.0,0.0,0.0
5.169999999999934,-1.7340782559717345,0.042412188518602525,1.9989982645719355,0.472266946050008,0.14995806009686619,0.0,0.0,0.0,0.0
5.179999999999934,-1.7340782559717345,0.042412188518602525,1.9989982645719355,0.472266946050008,0.14995806009686619,0.0,0.0,0.0,0.0
5.189999999999934,-1.7180877530790877,0.04764515076781561,1.998999147132786,0.4686082580947511,0.1577448589846667,0.0,0.0,0.0,0.0
5.199999999999934,-1.7180877530790877,0.04764515076781561,1.998999147132786,0.4686082580947511,0.1577448589846667,0.0,0.0,0.0,0.0
5.209999999999933,-1.7180877530790877,0.04764515076781561,1.998999147132786,0.4686082580947511,0.1577448589846667,0.0,0.0,0.0,0.0
5.219999999999933,-1.7026432235577142,0.05299187370233254,1.998998699778929,0.46686513826234183,0.16582308031118095,0.0,0.0,0.0,0.0
5.229999999999933,-1.7026432235577142,0.05299187370233254,1.998998699778929,0.46686513826234183,0.16582308031118095,0.0,0.0,0.0,0.0
5.239999999999933,-1.7026432235577142,0.05299187370233254,1.998998699778929,0.46686513826234183,0.16582308031118095,0.0,0.0,0.0,0.0
5.2499999999999325,-1.687282266577852,0.0585957091929747,1.9989987222917547,0.4641674922659822,0.17356227370932628,0.0,0.0,0.0,0.0
5.259999999999932,-1.687282266577852,0.0585957091929747,1.9989987222917547,0.4641674922659822,0.17356227370932628,0.0,0.0,0.0,0.0
5.269999999999932,-1.687282266577852,0.0585957091929747,1.9989987222917547,0.4641674922659822,0.17356227370932628,0.0,0.0,0.0,0.0
5.279999999999932,-1.687282266577852,0.0585957091929747,1.9989987222917547,0.4641674922659822,0.17356227370932628,0.0,0.0,0.0,0.0
5.289999999999932,-1.6715521557624295,0.06463531656978357,1.9989985674928885,0.4611974540498488,0.1814649354063009,0.0,0.0,0.0,0.0
5.299999999999931,-1.6715521557624295,0.06463531656978357,1.9989985674928885,0.4611974540498488,0.1814649354063009,0.0,0.0,0.0,0.0
5.309999999999931,-1.6715521557624295,0.06463531656978357,1.9989985674928885,0.4611974540498488,0.1814649354063009,0.0,0.0,0.0,0.0
5.319999999999931,-1.6563908405463408,0.0707498399846169,1.9989987270124214,0.4581694714366361,0.18902986513358852,0.0,0.0,0.0,0.0
5.329999999999931,-1.6563908405463408,0.0707498399846169,1.9989987270124214,0.4581694714366361,0.18902986513358852,0.0,0.0,0.0,0.0
5.339999999999931,-1.6563908405463408,0.0707498399846169,1.9989987270124214,0.4581694714366361,0.18902986513358852,0.0,0.0,0.0,0.0
5.34999999999993,-1.6413266516021663,0.07711477507785225,1.9989985058061852,0.45496189526563363,0.19651516190842355,0.0,0.0,0.0,0.0
5.35999999999993,-1.6413266516021663,0.07711477507785225,1.9989985058061852,0.45496189526563363,0.19651516190842355,0.0,0.0,0.0,0.0
5.36999999999993,-1.6413266516021663,0.07711477507785225,1.9989985058061852,0.45496189526563363,0.19651516190842355,0.0,0.0,0.0,0.0
5.37999999999993,-1.6413266516021663,0.07711477507785225,1.9989985058061852,0.45496189526563363,0.19651516190842355,0.0,0.0,0.0,0.0
5.3899999999999295,-1.6259181570368284,0.08393018403833219,1.998998227294329,0.4514064766440648,0.20411082522303572,0.0,0.0,0.0,0.0
5.399999999999929,-1.6259181570368284,0.08393018403833219,1.998998227294329,0.4514064766440648,0.20411082522303572,0.0,0.0,0.0,0.0
5.409999999999929,-1.6259181570368284,0.08393018403833219,1.998998227294329,0.4514064766440648,0.20411082522303572,0.0,0.0,0.0,0.0
5.419999999999929,-1.6111002789278541,0.09078579094723523,1.998999126414534,0.4476837290383439,0.21158880490082232,0.0,0.0,0.0,0.0
5.429999999999929,-1.6111002789278541,0.09078579094723523,1.998999126414534,0.4476837290383439,0.21158880490082232,0.0,0.0,0.0,0.0
5.4399999999999284,-1.6111002789278541,0.09078579094723523,1.998999126414534,0.4476837290383439,0.21158880490082232,0.0,0.0,0.0,0.0
5.449999999999928,-1.5963775629506718,0.09789799685293134,1.9989986189070756,0.44443292344694096,0.21911418952853257,0.0,0.0,0.0,0.0
5.459999999999928,-1.5963775629506718,0.09789799685293134,1.9989986189070756,0.44443292344694096,0.21911418952853257,0.0,0.0,0.0,0.0
5.469999999999928,-1.5963775629506718,0.09789799685293134,1.9989986189070756,0.44443292344694096,0.21911418952853257,0.0,0.0,0.0,0.0
5.479999999999928,-1.5963775629506718,0.09789799685293134,1.9989986189070756,0.44443292344694096,0.21911418952853257,0.0,0.0,0.0,0.0
5.489999999999927,-1.5813324998508214,0.10548024167376475,1.9989984885188794,0.4405979599612863,0.22663469705832273,0.0,0.0,0.0,0.0
5.499999999999927,-1.5813324998508214,0.10548024167376475,1.9989984885188794,0.4405979599612863,0.22663469705832273,0.0,0.0,0.0,0.0
5.509999999999927,-1.5813324998508214,0.10548024167376475,1.9989984885188794,0.4405979599612863,0.22663469705832273,0.0,0.0,0.0,0.0
5.519999999999927,-1.5668616284460615,0.1130795017166863,1.9989985757075817,0.43680399350535243,0.2338427659573677,0.0,0.0,0.0,0.0
5.5299999999999265,-1.5668616284460615,0.1130795017166863,1.9989985757075817,0.43680399350535243,0.2338427659573677,0.0,0.0,0.0,0.0
5.539999999999926,-1.5668616284460615,0.1130795017166863,1.9989985757075817,0.43680399350535243,0.2338427659573677,0.0,0.0,0.0,0.0
5.549999999999926,-1.5525115227646373,0.12091885904376347,1.9989986764546563,0.43300329743953664,0.24105162015073853,0.0,0.0,0.0,0.0
5.559999999999926,-1.5525115227646373,0.12091885904376347,1.9989986764546563,0.43300329743953664,0.24105162015073853,0.0,0.0,0.0,0.0
5.569999999999926,-1.5525115227646373,0.12091885904376347,1.9989986764546563,0.43300329743953664,0.24105162015073853,0.0,0.0,0.0,0.0
5.5799999999999255,-1.5525115227646373,0.12091885904376347,1.9989986764546563,0.43300329743953664,0.24105162015073853,0.0,0.0,0.0,0.0
5.589999999999925,-1.5378605313284452,0.1292432139766073,1.998998467092266,0.4289072218526379,0.24838371534631934,0.0,0.0,0.0,0.0
5.599999999999925,-1.5378605313284452,0.1292432139766073,1.998998467092266,0.4289072218526379,0.24838371534631934,0.0,0.0,0.0,0.0
5.609999999999925,-1.5378605313284452,0.1292432139766073,1.998998467092266,0.4289072218526379,0.24838371534631934,0.0,0.0,0.0,0.0
5.619999999999925,-1.5237801906505395,0.1375573168591283,1.998998132535601,0.4243089265441588,0.25514300114405025,0.0,0.0,0.0,0.0
5.629999999999924,-1.5237801906505395,0.1375573168591283,1.998998132535601,0.4243089265441588,0.25514300114405025,0.0,0.0,0.0,0.0
5.639999999999924,-1.5237801906505395,0.1375573168591283,1.998998132535601,0.4243089265441588,0.25514300114405025,0.0,0.0,0.0,0.0
5.649999999999924,-1.5098580487648139,0.14609561217068157,1.9989984698725256,0.42040335969835857,0.26253172768027166,0.0,0.0,0.0,0.0
5.659999999999924,-1.5098580487648139,0.14609561217068157,1.9989984698725256,0.42040335969835857,0.26253172768027166,0.0,0.0,0.0,0.0
5.6699999999999235,-1.5098580487648139,0.14609561217068157,1.9989984698725256,0.42040335969835857,0.26253172768027166,0.0,0.0,0.0,0.0
5.679999999999923,-1.5098580487648139,0.14609561217068157,1.9989984698725256,0.42040335969835857,0.26253172768027166,0.0,0.0,0.0,0.0
5.689999999999923,-1.49565005481965,0.1551422977434864,1.9989983986713395,0.4153531347398404,0.2693299962896959,0.0,0.0,0.0,0.0
5.699999999999923,-1.49565005481965,0.1551422977434864,1.9989983986713395,0.4153531347398404,0.2693299962896959,0.0,0.0,0.0,0.0
5.709999999999923,-1.49565005481965,0.1551422977434864,1.9989983986713395,0.4153531347398404,0.2693299962896959,0.0,0.0,0.0,0.0
5.7199999999999225,-1.4820132949402165,0.1641490472147683,1.9989987549307715,0.4111899436422,0.27631452562842734,0.0,0.0,0.0,0.0
5.729999999999922,-1.4820132949402165,0.1641490472147683,1.9989987549307715,0.4111899436422,0.27631452562842734,0.0,0.0,0.0,0.0
5.739999999999922,-1.4820132949402165,0.1641490472147683,1.9989987549307715,0.4111899436422,0.27631452562842734,0.0,0.0,0.0,0.0
5.749999999999922,-1.4685199148411305,0.17338355830276223,1.998998763711601,0.4066879052638677,0.2831231684978646,0.0,0.0,0.0,0.0
5.759999999999922,-1.4685199148411305,0.17338355830276223,1.998998763711601,0.4066879052638677,0.2831231684978646,0.0,0.0,0.0,0.0
5.769999999999921,-1.4685199148411305,0.17338355830276223,1.998998763711601,0.4066879052638677,0.2831231684978646,0.0,0.0,0.0,0.0
5.779999999999921,-1.4685199148411305,0.17338355830276223,1.998998763711601,0.4066879052638677,0.2831231684978646,0.0,0.0,0.0,0.0
5.789999999999921,-1.4547756975891977,0.18313113468266773,1.9989986324300482,0.40192552190288305,0.2900554971901652,0.0,0.0,0.0,0.0
5.799999999999921,-1.4547756975891977,0.18313113468266773,1.9989986324300482,0.40192552190288305,0.2900554971901652,0.0,0.0,0.0,0.0
5.809999999999921,-1.4547756975891977,0.18313113468266773,1.9989986324300482,0.40192552190288305,0.2900554971901652,0.0,0.0,0.0,0.0
5.81999999999992,-1.4415936643715719,0.19281521426927345,1.9989983455811995,0.3971160930394827,0.29665053826432447,0.0,0.0,0.0,0.0
5.82999999999992,-1.4415936643715719,0.19281521426927345,1.9989983455811995,0.3971160930394827,0.29665053826432447,0.0,0.0,0.0,0.0
5.83999999999992,-1.4415936643715719,0.19281521426927345,1.9989983455811995,0.3971160930394827,0.29665053826432447,0.0,0.0,0.0,0.0
5.84999999999992,-1.4285774602909267,0.20270543122376625,1.9989981831008392,0.39175154583836036,0.30194851409159434,0.0,0.0,0.0,0.0
5.8599999999999195,-1.4285774602909267,0.20270543122376625,1.9989981831008392,0.39175154583836036,0.30194851409159434,0.0,0.0,0.0,0.0
5.869999999999919,-1.4285774602909267,0.20270543122376625,1.9989981831008392,0.39175154583836036,0.30194851409159434,0.0,0.0,0.0,0.0
5.879999999999919,-1.4285774602909267,0.20270543122376625,1.9989981831008392,0.39175154583836036,0.30194851409159434,0.0,0.0,0.0,0.0
5.889999999999919,-1.4153231704287839,0.21306443379505963,1.9989988087625123,0.38717624810707035,0.30785808196163306,0.0,0.0,0.0,0.0
5.899999999999919,-1.4153231704287839,0.21306443379505963,1.9989988087625123,0.38717624810707035,0.30785808196163306,0.0,0.0,0.0,0.0
5.909999999999918,-1.4153231704287839,0.21306443379505963,1.9989988087625123,0.38717624810707035,0.30785808196163306,0.0,0.0,0.0,0.0
5.919999999999918,-1.4026467469322517,0.22338202910957744,1.9989987043872834,0.3815294364511809,0.31599076034749274,0.0,0.0,0.0,0.0
5.929999999999918,-1.4026467469322517,0.22338202910957744,1.9989987043872834,0.3815294364511809,0.31599076034749274,0.0,0.0,0.0,0.0
5.939999999999918,-1.4026467469322517,0.22338202910957744,1.9989987043872834,0.3815294364511809,0.31599076034749274,0.0,0.0,0.0,0.0
5.949999999999918,-1.3901440856991787,0.2339173048838456,1.998998794069581,0.3763426670805809,0.3223040106017107,0.0,0.0,0.0,0.0
5.959999999999917,-1.3901440856991787,0.2339173048838456,1.998998794069581,0.3763426670805809,0.3223040106017107,0.0,0.0,0.0,0.0
5.969999999999917,-1.3901440856991787,0.2339173048838456,1.998998794069581,0.3763426670805809,0.3223040106017107,0.0,0.0,0.0,0.0
5.979999999999917,-1.3901440856991787,0.2339173048838456,1.998998794069581,0.3763426670805809,0.3223040106017107,0.0,0.0,0.0,0.0
5.989999999999917,-1.3774434029072946,0.24498824315052067,1.9989987309881956,0.3709027437845475,0.3287304480055565,0.0,0.0,0.0,0.0
5.9999999999999165,-1.3774434029072946,0.24498824315052067,1.9989987309881956,0.3709027437845475,0.3287304480055565,0.0,0.0,0.0,0.0
6.009999999999916,-1.3774434029072946,0.24498824315052067,1.9989987309881956,0.3709027437845475,0.3287304480055565,0.0,0.0,0.0,0.0
6.019999999999916,-1.3652950244286153,0.25594091239733957,1.9989984880525375,0.36552485616327407,0.334883059840035,0.0,0.0,0.0,0.0
6.029999999999916,-1.3652950244286153,0.25594091239733957,1.9989984880525375,0.36552485616327407,0.334883059840035,0.0,0.0,0.0,0.0
6.039999999999916,-1.3652950244286153,0.25594091239733957,1.9989984880525375,0.36552485616327407,0.334883059840035,0.0,0.0,0.0,0.0
6.0499999999999154,-1.3533280069263807,0.2670926938659016,1.9989980862660024,0.3599703169713744,0.3407030442935477,0.0,0.0,0.0,0.0
6.059999999999915,-1.3533280069263807,0.2670926938659016,1.9989980862660024,0.3599703169713744,0.3407030442935477,0.0,0.0,0.0,0.0
6.069999999999915,-1.3533280069263807,0.2670926938659016,1.9989980862660024,0.3599703169713744,0.3407030442935477,0.0,0.0,0.0,0.0
6.079999999999915,-1.3533280069263807,0.2670926938659016,1.9989980862660024,0.3599703169713744,0.3407030442935477,0.0,0.0,0.0,0.0
6.089999999999915,-1.3411518652030838,0.2787026125686813,1.998999071766581,0.3562481985830421,0.3428914767012149,0.0,0.0,0.0,0.0
6.099999999999914,-1.3411518652030838,0.2787026125686813,1.998999071766581,0.3562481985830421,0.3428914767012149,0.0,0.0,0.0,0.0
6.109999999999914,-1.3411518652030838,0.2787026125686813,1.998999071766581,0.3562481985830421,0.3428914767012149,0.0,0.0,0.0,0.0
6.119999999999914,-1.3295246205750308,0.29018669292996974,1.9989986571697476,0.34804604751074186,0.35248822903666205,0.0,0.0,0.0,0.0
6.129999999999914,-1.3295246205750308,0.29018669292996974,1.9989986571697476,0.34804604751074186,0.35248822903666205,0.0,0.0,0.0,0.0
6.1399999999999135,-1.3295246205750308,0.29018669292996974,1.9989986571697476,0.34804604751074186,0.35248822903666205,0.0,0.0,0.0,0.0
6.149999999999913,-1.3181373492454007,0.3019171358835342,1.99899877709784,0.34224379491393725,0.3582525650500641,0.0,0.0,0.0,0.0
6.159999999999913,-1.3181373492454007,0.3019171358835342,1.99899877709784,0.34224379491393725,0.3582525650500641,0.0,0.0,0.0,0.0
6.169999999999913,-1.3181373492454007,0.3019171358835342,1.99899877709784,0.34224379491393725,0.3582525650500641,0.0,0.0,0.0,0.0
6.179999999999913,-1.3181373492454007,0.3019171358835342,1.99899877709784,0.34224379491393725,0.3582525650500641,0.0,0.0,0.0,0.0
6.1899999999999125,-1.3066068708147158,0.3142004209758088,1.9989987646006435,0.3361813174795685,0.36410749751183036,0.0,0.0,0.0,0.0
6.199999999999912,-1.3066068708147158,0.3142004209758088,1.9989987646006435,0.3361813174795685,0.36410749751183036,0.0,0.0,0.0,0.0
6.209999999999912,-1.3066068708147158,0.3142004209758088,1.9989987646006435,0.3361813174795685,0.36410749751183036,0.0,0.0,0.0,0.0
6.219999999999912,-1.2956143678192882,0.3263110185707893,1.9989985892248099,0.330203890740625,0.36969459503594265,0.0,0.0,0.0,0.0
6.229999999999912,-1.2956143678192882,0.3263110185707893,1.9989985892248099,0.330203890740625,0.36969459503594265,0.0,0.0,0.0,0.0
6.239999999999911,-1.2956143678192882,0.3263110185707893,1.9989985892248099,0.330203890740625,0.36969459503594265,0.0,0.0,0.0,0.0
6.249999999999911,-1.284822078718784,0.33860247872015053,1.998998185210454,0.32400348091900727,0.374997835196799,0.0,0.0,0.0,0.0
6.259999999999911,-1.284822078718784,0.33860247872015053,1.998998185210454,0.32400348091900727,0.374997835196799,0.0,0.0,0.0,0.0
6.269999999999911,-1.284822078718784,0.33860247872015053,1.998998185210454,0.32400348091900727,0.374997835196799,0.0,0.0,0.0,0.0
6.2799999999999105,-1.284822078718784,0.33860247872015053,1.998998185210454,0.32400348091900727,0.374997835196799,0.0,0.0,0.0,0.0
6.28999999999991,-1.2739249608050094,0.35143756373223783,1.9989981100572678,0.3176059520205914,0.3803268261731326,0.0,0.0,0.0,0.0
6.29999999999991,-1.2739249608050094,0.35143756373223783,1.9989981100572678,0.3176059520205914,0.3803268261731326,0.0,0.0,0.0,0.0
6.30999999999991,-1.2739249608050094,0.35143756373223783,1.9989981100572678,0.3176059520205914,0.3803268261731326,0.0,0.0,0.0,0.0
6.31999999999991,-1.2635645055229041,0.36406313064462215,1.9989990323386897,0.31100424316171327,0.3853363212836587,0.0,0.0,0.0,0.0
6.3299999999999095,-1.2635645055229041,0.36406313064462215,1.9989990323386897,0.31100424316171327,0.3853363212836587,0.0,0.0,0.0,0.0
6.339999999999909,-1.2635645055229041,0.36406313064462215,1.9989990323386897,0.31100424316171327,0.3853363212836587,0.0,0.0,0.0,0.0
6.349999999999909,-1.2534052985142432,0.3768715375912409,1.9989986889239526,0.3047453308654744,0.39060022124409205,0.0,0.0,0.0,0.0
6.359999999999909,-1.2534052985142432,0.3768715375912409,1.9989986889239526,0.3047453308654744,0.39060022124409205,0.0,0.0,0.0,0.0
6.369999999999909,-1.2534052985142432,0.3768715375912409,1.9989986889239526,0.3047453308654744,0.39060022124409205,0.0,0.0,0.0,0.0
6.379999999999908,-1.2534052985142432,0.3768715375912409,1.9989986889239526,0.3047453308654744,0.39060022124409205,0.0,0.0,0.0,0.0
6.389999999999908,-1.2431595843789176,0.3902437333217559,1.9989987531909033,0.29812132699875693,0.395826775260942,0.0,0.0,0.0,0.0
6.399999999999908,-1.2431595843789176,0.3902437333217559,1.9989987531909033,0.29812132699875693,0.395826775260942,0.0,0.0,0.0,0.0
6.409999999999908,-1.2431595843789176,0.3902437333217559,1.9989987531909033,0.29812132699875693,0.395826775260942,0.0,0.0,0.0,0.0
6.419999999999908,-1.2334322254045889,0.4033904493176143,1.9989986189015063,0.2915970108763474,0.4007761376846732,0.0,0.0,0.0,0.0
6.429999999999907,-1.2334322254045889,0.4033904493176143,1.9989986189015063,0.2915970108763474,0.4007761376846732,0.0,0.0,0.0,0.0
6.439999999999907,-1.2334322254045889,0.4033904493176143,1.9989986189015063,0.2915970108763474,0.4007761376846732,0.0,0.0,0.0,0.0
6.449999999999907,-1.2239240775283355,0.4166947083832937,1.9989983158383375,0.2846635091697185,0.4051260106907716,0.0,0.0,0.0,0.0
6.459999999999907,-1.2239240775283355,0.4166947083832937,1.9989983158383375,0.2846635091697185,0.4051260106907716,0.0,0.0,0.0,0.0
6.4699999999999065,-1.2239240775283355,0.4166947083832937,1.9989983158383375,0.2846635091697185,0.4051260106907716,0.0,0.0,0.0,0.0
6.479999999999906,-1.2239240775283355,0.4166947083832937,1.9989983158383375,0.2846635091697185,0.4051260106907716,0.0,0.0,0.0,0.0
6.489999999999906,-1.2143617740568458,0.43055545885292323,1.9989984530486133,0.27804656466196415,0.41016755335552957,0.0,0.0,0.0,0.0
6.499999999999906,-1.2143617740568458,0.43055545885292323,1.9989984530486133,0.27804656466196415,0.41016755335552957,0.0,0.0,0.0,0.0
6.509999999999906,-1.2143617740568458,0.43055545885292323,1.9989984530486133,0.27804656466196415,0.41016755335552957,0.0,0.0,0.0,0.0
6.519999999999905,-1.2053015383620864,0.444167241240955,1.9989982310563106,0.2711327086000141,0.4144593263566447,0.0,0.0,0.0,0.0
6.529999999999905,-1.2053015383620864,0.444167241240955,1.9989982310563106,0.2711327086000141,0.4144593263566447,0.0,0.0,0.0,0.0
6.539999999999905,-1.2053015383620864,0.444167241240955,1.9989982310563106,0.2711327086000141,0.4144593263566447,0.0,0.0,0.0,0.0
6.549999999999905,-1.1964766362979435,0.45791564350265657,1.9989984519114625,0.26432377282896163,0.4191639716081827,0.0,0.0,0.0,0.0
6.559999999999905,-1.1964766362979435,0.45791564350265657,1.9989984519114625,0.26432377282896163,0.4191639716081827,0.0,0.0,0.0,0.0
6.569999999999904,-1.1964766362979435,0.45791564350265657,1.9989984519114625,0.26432377282896163,0.4191639716081827,0.0,0.0,0.0,0.0
6.579999999999904,-1.1964766362979435,0.45791564350265657,1.9989984519114625,0.26432377282896163,0.4191639716081827,0.0,0.0,0.0,0.0
6.589999999999904,-1.187616941531029,0.472242428637621,1.9989986807216988,0.2571159511529245,0.4235703254387417,0.0,0.0,0.0,0.0
6.599999999999904,-1.187616941531029,0.472242428637621,1.9989986807216988,0.2571159511529245,0.4235703254387417,0.0,0.0,0.0,0.0
6.6099999999999035,-1.187616941531029,0.472242428637621,1.9989986807216988,0.2571159511529245,0.4235703254387417,0.0,0.0,0.0,0.0
6.619999999999903,-1.1792509075904656,0.4862930811704864,1.9989985920483129,0.2501104120851519,0.42782763269761725,0.0,0.0,0.0,0.0
6.629999999999903,-1.1792509075904656,0.4862930811704864,1.9989985920483129,0.2501104120851519,0.42782763269761725,0.0,0.0,0.0,0.0
6.639999999999903,-1.1792509075904656,0.4862930811704864,1.9989985920483129,0.2501104120851519,0.42782763269761725,0.0,0.0,0.0,0.0
6.649999999999903,-1.1711221849146654,0.5004725177557495,1.998998849276204,0.2426372318079296,0.43113097792772276,0.0,0.0,0.0,0.0
6.659999999999902,-1.1711221849146654,0.5004725177557495,1.998998849276204,0.2426372318079296,0.43113097792772276,0.0,0.0,0.0,0.0
6.669999999999902,-1.1711221849146654,0.5004725177557495,1.998998849276204,0.2426372318079296,0.43113097792772276,0.0,0.0,0.0,0.0
6.679999999999902,-1.1711221849146654,0.5004725177557495,1.998998849276204,0.2426372318079296,0.43113097792772276,0.0,0.0,0.0,0.0
6.689999999999902,-1.1629889316936655,0.5152212841060697,1.998998642529411,0.23574193312793026,0.4359157375512579,0.0,0.0,0.0,0.0
6.699999999999902,-1.1629889316936655,0.5152212841060697,1.998998642529411,0.23574193312793026,0.4359157375512579,0.0,0.0,0.0,0.0
6.709999999999901,-1.1629889316936655,0.5152212841060697,1.998998642529411,0.23574193312793026,0.4359157375512579,0.0,0.0,0.0,0.0
6.719999999999901,-1.1553312307607997,0.52967230956849,1.9989984692875407,0.2285633889034707,0.4397621371769196,0.0,0.0,0.0,0.0
6.729999999999901,-1.1553312307607997,0.52967230956849,1.9989984692875407,0.2285633889034707,0.4397621371769196,0.0,0.0,0.0,0.0
6.739999999999901,-1.1553312307607997,0.52967230956849,1.9989984692875407,0.2285633889034707,0.4397621371769196,0.0,0.0,0.0,0.0
6.7499999999999005,-1.1479144711961917,0.5442429690019086,1.9989982871469896,0.22096186856709912,0.44288304685890306,0.0,0.0,0.0,0.0
6.7599999999999,-1.1479144711961917,0.5442429690019086,1.9989982871469896,0.22096186856709912,0.44288304685890306,0.0,0.0,0.0,0.0
6.7699999999999,-1.1479144711961917,0.5442429690019086,1.9989982871469896,0.22096186856709912,0.44288304685890306,0.0,0.0,0.0,0.0
6.7799999999999,-1.1479144711961917,0.5442429690019086,1.9989982871469896,0.22096186856709912,0.44288304685890306,0.0,0.0,0.0,0.0
6.7899999999999,-1.1405311273715584,0.5593757422143054,1.9989985336484326,0.2135476935287435,0.44703201512168,0.0,0.0,0.0,0.0
6.7999999999998995,-1.1405311273715584,0.5593757422143054,1.9989985336484326,0.2135476935287435,0.44703201512168,0.0,0.0,0.0,0.0
6.809999999999899,-1.1405311273715584,0.5593757422143054,1.9989985336484326,0.2135476935287435,0.44703201512168,0.0,0.0,0.0,0.0
6.819999999999899,-1.1336092060001461,0.574189432382583,1.9989984897533073,0.2061531396491045,0.45057609771440243,0.0,0.0,0.0,0.0
6.829999999999899,-1.1336092060001461,0.574189432382583,1.9989984897533073,0.2061531396491045,0.45057609771440243,0.0,0.0,0.0,0.0
6.839999999999899,-1.1336092060001461,0.574189432382583,1.9989984897533073,0.2061531396491045,0.45057609771440243,0.0,0.0,0.0,0.0
6.849999999999898,-1.126938444218585,0.5891016300792664,1.9989991062958121,0.19857483031630171,0.45344755777948886,0.0,0.0,0.0,0.0
6.859999999999898,-1.126938444218585,0.5891016300792664,1.9989991062958121,0.19857483031630171,0.45344755777948886,0.0,0.0,0.0,0.0
6.869999999999898,-1.126938444218585,0.5891016300792664,1.9989991062958121,0.19857483031630171,0.45344755777948886,0.0,0.0,0.0,0.0
6.879999999999898,-1.126938444218585,0.5891016300792664,1.9989991062958121,0.19857483031630171,0.45344755777948886,0.0,0.0,0.0,0.0
6.8899999999998975,-1.120315793936614,0.6045907096458764,1.998998736890311,0.19105390437232028,0.4572124205280664,0.0,0.0,0.0,0.0
6.899999999999897,-1.120315793936614,0.6045907096458764,1.998998736890311,0.19105390437232028,0.4572124205280664,0.0,0.0,0.0,0.0
6.909999999999897,-1.120315793936614,0.6045907096458764,1.998998736890311,0.19105390437232028,0.4572124205280664,0.0,0.0,0.0,0.0
6.919999999999897,-1.1141384325245887,0.6197332530803747,1.9989986278737184,0.18355140028716055,0.4604069329917813,0.0,0.0,0.0,0.0
6.929999999999897,-1.1141384325245887,0.6197332530803747,1.9989986278737184,0.18355140028716055,0.4604069329917813,0.0,0.0,0.0,0.0
6.9399999999998965,-1.1141384325245887,0.6197332530803747,1.9989986278737184,0.18355140028716055,0.4604069329917813,0.0,0.0,0.0,0.0
6.949999999999896,-1.1082102621416174,0.634977325622282,1.9989983893566459,0.17595715007047644,0.463372598518287,0.0,0.0,0.0,0.0
6.959999999999896,-1.1082102621416174,0.634977325622282,1.9989983893566459,0.17595715007047644,0.463372598518287,0.0,0.0,0.0,0.0
6.969999999999896,-1.1082102621416174,0.634977325622282,1.9989983893566459,0.17595715007047644,0.463372598518287,0.0,0.0,0.0,0.0
6.979999999999896,-1.1082102621416174,0.634977325622282,1.9989983893566459,0.17595715007047644,0.463372598518287,0.0,0.0,0.0,0.0
6.989999999999895,-1.1023699308344166,0.650773705396207,1.9989986090985528,0.16772517108848906,0.4656120523940715,0.0,0.0,0.0,0.0
6.999999999999895,-1.1023699308344166,0.650773705396207,1.9989986090985528,0.16772517108848906,0.4656120523940715,0.0,0.0,0.0,0.0
7.009999999999895,-1.1023699308344166,0.650773705396207,1.9989986090985528,0.16772517108848906,0.4656120523940715,0.0,0.0,0.0,0.0
7.019999999999895,-1.09696035966938,0.6662017494524864,1.9989982540048117,0.16014201911966294,0.46870206969379896,0.0,0.0,0.0,0.0
7.0299999999998946,-1.09696035966938,0.6662017494524864,1.9989982540048117,0.16014201911966294,0.46870206969379896,0.0,0.0,0.0,0.0
7.039999999999894,-1.09696035966938,0.6662017494524864,1.9989982540048117,0.16014201911966294,0.46870206969379896,0.0,0.0,0.0,0.0
7.049999999999894,-1.0918102589468517,0.681700049461259,1.9989988871443427,0.15252780022020426,0.4713943800905427,0.0,0.0,0.0,0.0
7.059999999999894,-1.0918102589468517,0.681700049461259,1.9989988871443427,0.15252780022020426,0.4713943800905427,0.0,0.0,0.0,0.0
7.069999999999894,-1.0918102589468517,0.681700049461259,1.9989988871443427,0.15252780022020426,0.4713943800905427,0.0,0.0,0.0,0.0
7.0799999999998935,-1.0918102589468517,0.681700049461259,1.9989988871443427,0.15252780022020426,0.4713943800905427,0.0,0.0,0.0,0.0
7.089999999999893,-1.0867648632351983,0.6977717592961206,1.9989987827746587,0.14450698353700447,0.47394439861583126,0.0,0.0,0.0,0.0
7.099999999999893,-1.0867648632351983,0.6977717592961206,1.9989987827746587,0.14450698353700447,0.47394439861583126,0.0,0.0,0.0,0.0
7.109999999999893,-1.0867648632351983,0.6977717592961206,1.9989987827746587,0.14450698353700447,0.47394439861583126,0.0,0.0,0.0,0.0
7.119999999999893,-1.0821285223179635,0.7134534890645998,1.9989987368128248,0.13671229530628368,0.4763727407230056,0.0,0.0,0.0,0.0
7.129999999999892,-1.0821285223179635,0.7134534890645998,1.9989987368128248,0.13671229530628368,0.4763727407230056,0.0,0.0,0.0,0.0
7.139999999999892,-1.0821285223179635,0.7134534890645998,1.9989987368128248,0.13671229530628368,0.4763727407230056,0.0,0.0,0.0,0.0
7.149999999999892,-1.07775014583381,0.7292129364822351,1.9989985256061502,0.1288775517184946,0.478663763731591,0.0,0.0,0.0,0.0
7.159999999999892,-1.07775014583381,0.7292129364822351,1.9989985256061502,0.1288775517184946,0.478663763731591,0.0,0.0,0.0,0.0
7.169999999999892,-1.07775014583381,0.7292129364822351,1.9989985256061502,0.1288775517184946,0.478663763731591,0.0,0.0,0.0,0.0
7.179999999999891,-1.073510821717802,0.7455244170569045,1.9989981876650746,0.12072820215571772,0.48074534651044076,0.0,0.0,0.0,0.0
7.189999999999891,-1.073510821717802,0.7455244170569045,1.9989981876650746,0.12072820215571772,0.48074534651044076,0.0,0.0,0.0,0.0
7.199999999999891,-1.073510821717802,0.7455244170569045,1.9989981876650746,0.12072820215571772,0.48074534651044076,0.0,0.0,0.0,0.0
7.209999999999891,-1.073510821717802,0.7455244170569045,1.9989981876650746,0.12072820215571772,0.48074534651044076,0.0,0.0,0.0,0.0
7.2199999999998905,-1.069644190765412,0.7614022731384683,1.9989983282086285,0.1141504288904354,0.48148679040158093,0.0,0.0,0.0,0.0
7.22999999999989,-1.069644190765412,0.7614022731384683,1.9989983282086285,0.1141504288904354,0.48148679040158093,0.0,0.0,0.0,0.0
7.23999999999989,-1.069644190765412,0.7614022731384683,1.9989983282086285,0.1141504288904354,0.48148679040158093,0.0,0.0,0.0,0.0
7.24999999999989,-1.0660445450014318,0.777334142706092,1.9989985096812088,0.10476358665012987,0.4841237513441865,0.0,0.0,0.0,0.0
7.25999999999989,-1.0660445450014318,0.777334142706092,1.9989985096812088,0.10476358665012987,0.4841237513441865,0.0,0.0,0.0,0.0
7.269999999999889,-1.0660445450014318,0.777334142706092,1.9989985096812088,0.10476358665012987,0.4841237513441865,0.0,0.0,0.0,0.0
7.279999999999889,-1.0660445450014318,0.777334142706092,1.9989985096812088,0.10476358665012987,0.4841237513441865,0.0,0.0,0.0,0.0
7.289999999999889,-1.0626261758880229,0.7938270335791753,1.9989987705383936,0.09654680428439148,0.48594950335245707,0.0,0.0,0.0,0.0
7.299999999999889,-1.0626261758880229,0.7938270335791753,1.9989987705383936,0.09654680428439148,0.48594950335245707,0.0,0.0,0.0,0.0
7.309999999999889,-1.0626261758880229,0.7938270335791753,1.9989987705383936,0.09654680428439148,0.48594950335245707,0.0,0.0,0.0,0.0
7.319999999999888,-1.0595761411549875,0.8098915682146851,1.998998776496394,0.08853953025609448,0.4875852290641659,0.0,0.0,0.0,0.0
7.329999999999888,-1.0595761411549875,0.8098915682146851,1.998998776496394,0.08853953025609448,0.4875852290641659,0.0,0.0,0.0,0.0
7.339999999999888,-1.0595761411549875,0.8098915682146851,1.998998776496394,0.08853953025609448,0.4875852290641659,0.0,0.0,0.0,0.0
7.349999999999888,-1.0567908316311314,0.8260077070626799,1.9989986453310549,0.08050824384528726,0.4891028720413801,0.0,0.0,0.0,0.0
7.3599999999998875,-1.0567908316311314,0.8260077070626799,1.9989986453310549,0.08050824384528726,0.4891028720413801,0.0,0.0,0.0,0.0
7.369999999999887,-1.0567908316311314,0.8260077070626799,1.9989986453310549,0.08050824384528726,0.4891028720413801,0.0,0.0,0.0,0.0
7.379999999999887,-1.0567908316311314,0.8260077070626799,1.9989986453310549,0.08050824384528726,0.4891028720413801,0.0,0.0,0.0,0.0
7.389999999999887,-1.0541989343970282,0.8426611435380351,1.9989982971496845,0.0721940411195726,0.4904355135231153,0.0,0.0,0.0,0.0
7.399999999999887,-1.0541989343970282,0.8426611435380351,1.9989982971496845,0.0721940411195726,0.4904355135231153,0.0,0.0,0.0,0.0
7.4099999999998865,-1.0541989343970282,0.8426611435380351,1.9989982971496845,0.0721940411195726,0.4904355135231153,0.0,0.0,0.0,0.0
7.419999999999886,-1.0519410563501337,0.8588518150159411,1.9989983961027171,0.06571571484796077,0.4903167972910837,0.0,0.0,0.0,0.0
7.429999999999886,-1.0519410563501337,0.8588518150159411,1.9989983961027171,0.06571571484796077,0.4903167972910837,0.0,0.0,0.0,0.0
7.439999999999886,-1.0519410563501337,0.8588518150159411,1.9989983961027171,0.06571571484796077,0.4903167972910837,0.0,0.0,0.0,0.0
7.449999999999886,-1.0499170369262876,0.8750616921285596,1.9989984283743585,0.05605398320982524,0.49228162927906033,0.0,0.0,0.0,0.0
7.459999999999885,-1.0499170369262876,0.8750616921285596,1.9989984283743585,0.05605398320982524,0.49228162927906033,0.0,0.0,0.0,0.0
7.469999999999885,-1.0499170369262876,0.8750616921285596,1.9989984283743585,0.05605398320982524,0.49228162927906033,0.0,0.0,0.0,0.0
7.479999999999885,-1.0499170369262876,0.8750616921285596,1.9989984283743585,0.05605398320982524,0.49228162927906033,0.0,0.0,0.0,0.0
7.489999999999885,-1.0481582967603922,0.891812173002819,1.9989987049892501,0.04766213825091707,0.49311271634583465,0.0,0.0,0.0,0.0
7.4999999999998845,-1.0481582967603922,0.891812173002819,1.9989987049892501,0.04766213825091707,0.49311271634583465,0.0,0.0,0.0,0.0
7.509999999999884,-1.0481582967603922,0.891812173002819,1.9989987049892501,0.04766213825091707,0.49311271634583465,0.0,0.0,0.0,0.0
7.519999999999884,-1.0467237413123631,0.908099469823433,1.9989987705955907,0.03952284932472585,0.4939414239138769,0.0,0.0,0.0,0.0
7.529999999999884,-1.0467237413123631,0.908099469823433,1.9989987705955907,0.03952284932472585,0.4939414239138769,0.0,0.0,0.0,0.0
7.539999999999884,-1.0467237413123631,0.908099469823433,1.9989987705955907,0.03952284932472585,0.4939414239138769,0.0,0.0,0.0,0.0
7.5499999999998835,-1.0455580098616875,0.9244116980567587,1.9989986867617013,0.031371394368317276,0.4946480151129882,0.0,0.0,0.0,0.0
7.559999999999883,-1.0455580098616875,0.9244116980567587,1.9989986867617013,0.031371394368317276,0.4946480151129882,0.0,0.0,0.0,0.0
7.569999999999883,-1.0455580098616875,0.9244116980567587,1.9989986867617013,0.031371394368317276,0.4946480151129882,0.0,0.0,0.0,0.0
7.579999999999883,-1.0455580098616875,0.9244116980567587,1.9989986867617013,0.031371394368317276,0.4946480151129882,0.0,0.0,0.0,0.0
7.589999999999883,-1.0446385989467615,0.9412389299655013,1.9989983990665323,0.022959919810331526,0.4951479785396715,0.0,0.0,0.0,0.0
7.599999999999882,-1.0446385989467615,0.9412389299655013,1.9989983990665323,0.022959919810331526,0.4951479785396715,0.0,0.0,0.0,0.0
7.609999999999882,-1.0446385989467615,0.9412389299655013,1.9989983990665323,0.022959919810331526,0.4951479785396715,0.0,0.0,0.0,0.0
7.619999999999882,-1.0440191637427354,0.9575679548342719,1.998998804731348,0.014880389295897457,0.4947944925708364,0.0,0.0,0.0,0.0
7.629999999999882,-1.0440191637427354,0.9575679548342719,1.998998804731348,0.014880389295897457,0.4947944925708364,0.0,0.0,0.0,0.0
7.6399999999998816,-1.0440191637427354,0.9575679548342719,1.998998804731348,0.014880389295897457,0.4947944925708364,0.0,0.0,0.0,0.0
7.649999999999881,-1.0436651812254694,0.9739162438894642,1.9989982659759125,0.006776988461672074,0.4953657958988925,0.0,0.0,0.0,0.0
7.659999999999881,-1.0436651812254694,0.9739162438894642,1.9989982659759125,0.006776988461672074,0.4953657958988925,0.0,0.0,0.0,0.0
7.669999999999881,-1.0436651812254694,0.9739162438894642,1.9989982659759125,0.006776988461672074,0.4953657958988925,0.0,0.0,0.0,0.0
7.679999999999881,-1.0436651812254694,0.9739162438894642,1.9989982659759125,0.006776988461672074,0.4953657958988925,0.0,0.0,0.0,0.0
7.6899999999998805,-1.0435831583800141,0.9907557633915682,1.998998539520648,-0.0016776350368057438,0.49534418698222554,0.0,0.0,0.0,0.0
7.69999999999988,-1.0435831583800141,0.9907557633915682,1.998998539520648,-0.0016776350368057438,0.49534418698222554,0.0,0.0,0.0,0.0
7.70999999999988,-1.0435831583800141,0.9907557633915682,1.998998539520648,-0.0016776350368057438,0.49534418698222554,0.0,0.0,0.0,0.0
7.71999999999988,-1.0437777090874092,1.0071037117885957,1.9989987119660013,-0.009866748856724353,0.49538438781923066,0.0,0.0,0.0,0.0
7.72999999999988,-1.0437777090874092,1.0071037117885957,1.9989987119660013,-0.009866748856724353,0.49538438781923066,0.0,0.0,0.0,0.0
7.739999999999879,-1.0437777090874092,1.0071037117885957,1.9989987119660013,-0.009866748856724353,0.49538438781923066,0.0,0.0,0.0,0.0
7.749999999999879,-1.0442425213342874,1.023449770761255,1.9989986743343517,-0.018055730187116276,0.49526913613698814,0.0,0.0,0.0,0.0
7.759999999999879,-1.0442425213342874,1.023449770761255,1.9989986743343517,-0.018055730187116276,0.49526913613698814,0.0,0.0,0.0,0.0
7.769999999999879,-1.0442425213342874,1.023449770761255,1.9989986743343517,-0.018055730187116276,0.49526913613698814,0.0,0.0,0.0,0.0
7.779999999999879,-1.0442425213342874,1.023449770761255,1.9989986743343517,-0.018055730187116276,0.49526913613698814,0.0,0.0,0.0,0.0
7.789999999999878,-1.0450039122997656,1.0402825894607686,1.998998406916358,-0.026472047376507407,0.4948204092136611,0.0,0.0,0.0,0.0
7.799999999999878,-1.0450039122997656,1.0402825894607686,1.998998406916358,-0.026472047376507407,0.4948204092136611,0.0,0.0,0.0,0.0
7.809999999999878,-1.0450039122997656,1.0402825894607686,1.998998406916358,-0.026472047376507407,0.4948204092136611,0.0,0.0,0.0,0.0
7.819999999999878,-1.046013746404244,1.0565914658231346,1.9989984783565733,-0.03454421638697166,0.4945244755224607,0.0,0.0,0.0,0.0
7.8299999999998775,-1.046013746404244,1.0565914658231346,1.9989984783565733,-0.03454421638697166,0.4945244755224607,0.0,0.0,0.0,0.0
7.839999999999877,-1.046013746404244,1.0565914658231346,1.9989984783565733,-0.03454421638697166,0.4945244755224607,0.0,0.0,0.0,0.0
7.849999999999877,-1.0472912343268161,1.0728947295465945,1.9989983416329962,-0.0426396135250996,0.49370341645828814,0.0,0.0,0.0,0.0
7.859999999999877,-1.0472912343268161,1.0728947295465945,1.9989983416329962,-0.0426396135250996,0.49370341645828814,0.0,0.0,0.0,0.0
7.869999999999877,-1.0472912343268161,1.0728947295465945,1.9989983416329962,-0.0426396135250996,0.49370341645828814,0.0,0.0,0.0,0.0
7.879999999999876,-1.0472912343268161,1.0728947295465945,1.9989983416329962,-0.0426396135250996,0.49370341645828814,0.0,0.0,0.0,0.0
7.889999999999876,-1.0488865936424525,1.0896491792436462,1.9989989303167666,-0.05097748090527043,0.4916177459470205,0.0,0.0,0.0,0.0
7.899999999999876,-1.0488865936424525,1.0896491792436462,1.9989989303167666,-0.05097748090527043,0.4916177459470205,0.0,0.0,0.0,0.0
7.909999999999876,-1.0488865936424525,1.0896491792436462,1.9989989303167666,-0.05097748090527043,0.4916177459470205,0.0,0.0,0.0,0.0
7.919999999999876,-1.0507123202126931,1.1058861468526717,1.998998680385854,-0.059305079446409455,0.4918643081108892,0.0,0.0,0.0,0.0
7.929999999999875,-1.0507123202126931,1.1058861468526717,1.998998680385854,-0.059305079446409455,0.4918643081108892,0.0,0.0,0.0,0.0
7.939999999999875,-1.0507123202126931,1.1058861468526717,1.998998680385854,-0.059305079446409455,0.4918643081108892,0.0,0.0,0.0,0.0
7.949999999999875,-1.0528080605935641,1.1221028883390913,1.9989986850195391,-0.06745608732419826,0.4909449592455684,0.0,0.0,0.0,0.0
7.959999999999875,-1.0528080605935641,1.1221028883390913,1.9989986850195391,-0.06745608732419826,0.4909449592455684,0.0,0.0,0.0,0.0
7.9699999999998745,-1.0528080605935641,1.1221028883390913,1.9989986850195391,-0.06745608732419826,0.4909449592455684,0.0,0.0,0.0,0.0
7.979999999999874,-1.0528080605935641,1.1221028883390913,1.9989986850195391,-0.06745608732419826,0.4909449592455684,0.0,0.0,0.0,0.0
7.989999999999874,-1.0552479099525642,1.1387750394817784,1.9989985053954975,-0.07580774844120523,0.4897315087583599,0.0,0.0,0.0,0.0
7.999999999999874,-1.0552479099525642,1.1387750394817784,1.9989985053954975,-0.07580774844120523,0.4897315087583599,0.0,0.0,0.0,0.0
8.009999999999874,-1.0552479099525642,1.1387750394817784,1.9989985053954975,-0.07580774844120523,0.4897315087583599,0.0,0.0,0.0,0.0
8.019999999999873,-1.0578861029019615,1.154909384508327,1.9989986159974478,-0.08384965658323629,0.4883366972151679,0.0,0.0,0.0,0.0
8.029999999999873,-1.0578861029019615,1.154909384508327,1.9989986159974478,-0.08384965658323629,0.4883366972151679,0.0,0.0,0.0,0.0
8.039999999999873,-1.0578861029019615,1.154909384508327,1.9989986159974478,-0.08384965658323629,0.4883366972151679,0.0,0.0,0.0,0.0
8.049999999999873,-1.0607898944673908,1.1710029671721935,1.998998545585763,-0.09188840653488209,0.48702024436065133,0.0,0.0,0.0,0.0
8.059999999999873,-1.0607898944673908,1.1710029671721935,1.998998545585763,-0.09188840653488209,0.48702024436065133,0.0,0.0,0.0,0.0
8.069999999999872,-1.0607898944673908,1.1710029671721935,1.998998545585763,-0.09188840653488209,0.48702024436065133,0.0,0.0,0.0,0.0
8.079999999999872,-1.0607898944673908,1.1710029671721935,1.998998545585763,-0.09188840653488209,0.48702024436065133,0.0,0.0,0.0,0.0
8.089999999999872,-1.0640580591067028,1.1875327413742185,1.9989982738992815,-0.10009355505515535,0.48530198963235105,0.0,0.0,0.0,0.0
8.099999999999872,-1.0640580591067028,1.1875327413742185,1.9989982738992815,-0.10009355505515535,0.48530198963235105,0.0,0.0,0.0,0.0
8.109999999999872,-1.0640580591067028,1.1875327413742185,1.9989982738992815,-0.10009355505515535,0.48530198963235105,0.0,0.0,0.0,0.0
8.119999999999871,-1.0674943112696123,1.203495163886922,1.9989991859531147,-0.10810104632704062,0.4827609965053966,0.0,0.0,0.0,0.0
8.129999999999871,-1.0674943112696123,1.203495163886922,1.9989991859531147,-0.10810104632704062,0.4827609965053966,0.0,0.0,0.0,0.0
8.139999999999871,-1.0674943112696123,1.203495163886922,1.9989991859531147,-0.10810104632704062,0.4827609965053966,0.0,0.0,0.0,0.0
8.14999999999987,-1.0712024097464532,1.2194176528555092,1.998998571668021,-0.11626175792347254,0.4816835772277739,0.0,0.0,0.0,0.0
8.15999999999987,-1.0712024097464532,1.2194176528555092,1.998998571668021,-0.11626175792347254,0.4816835772277739,0.0,0.0,0.0,0.0
8.16999999999987,-1.0712024097464532,1.2194176528555092,1.998998571668021,-0.11626175792347254,0.4816835772277739,0.0,0.0,0.0,0.0
8.17999999999987,-1.0712024097464532,1.2194176528555092,1.998998571668021,-0.11626175792347254,0.4816835772277739,0.0,0.0,0.0,0.0
8.18999999999987,-1.075298278147844,1.2357577924587848,1.9989985301337136,-0.1243687629622137,0.47927917673606135,0.0,0.0,0.0,0.0
8.19999999999987,-1.075298278147844,1.2357577924587848,1.9989985301337136,-0.1243687629622137,0.47927917673606135,0.0,0.0,0.0,0.0
8.20999999999987,-1.075298278147844,1.2357577924587848,1.9989985301337136,-0.1243687629622137,0.47927917673606135,0.0,0.0,0.0,0.0
8.21999999999987,-1.0795379462904218,1.2515456393406887,1.998998727084343,-0.13231394529753038,0.47747980906649334,0.0,0.0,0.0,0.0
8.229999999999869,-1.0795379462904218,1.2515456393406887,1.998998727084343,-0.13231394529753038,0.47747980906649334,0.0,0.0,0.0,0.0
8.239999999999869,-1.0795379462904218,1.2515456393406887,1.998998727084343,-0.13231394529753038,0.47747980906649334,0.0,0.0,0.0,0.0
8.249999999999869,-1.084038220795467,1.2672664390063135,1.9989987011762498,-0.14018901516093313,0.4753440415173701,0.0,0.0,0.0,0.0
8.259999999999868,-1.084038220795467,1.2672664390063135,1.9989987011762498,-0.14018901516093313,0.4753440415173701,0.0,0.0,0.0,0.0
8.269999999999868,-1.084038220795467,1.2672664390063135,1.9989987011762498,-0.14018901516093313,0.4753440415173701,0.0,0.0,0.0,0.0
8.279999999999868,-1.084038220795467,1.2672664390063135,1.9989987011762498,-0.14018901516093313,0.4753440415173701,0.0,0.0,0.0,0.0
8.289999999999868,-1.0889458628003612,1.283387120508856,1.9989984824661238,-0.14825041735516065,0.4729701033323244,0.0,0.0,0.0,0.0
8.299999999999867,-1.0889458628003612,1.283387120508856,1.9989984824661238,-0.14825041735516065,0.4729701033323244,0.0,0.0,0.0,0.0
8.309999999999867,-1.0889458628003612,1.283387120508856,1.9989984824661238,-0.14825041735516065,0.4729701033323244,0.0,0.0,0.0,0.0
8.319999999999867,-1.0939693599883813,1.2989506660391887,1.9989981143633204,-0.15591308259152856,0.4701886843708223,0.0,0.0,0.0,0.0
8.329999999999867,-1.0939693599883813,1.2989506660391887,1.9989981143633204,-0.15591308259152856,0.4701886843708223,0.0,0.0,0.0,0.0
8.339999999999867,-1.0939693599883813,1.2989506660391887,1.9989981143633204,-0.15591308259152856,0.4701886843708223,0.0,0.0,0.0,0.0
8.349999999999866,-1.0992429373047203,1.3144035667773533,1.998998803962933,-0.16380845826880147,0.46757498124377045,0.0,0.0,0.0,0.0
8.359999999999866,-1.0992429373047203,1.3144035667773533,1.998998803962933,-0.16380845826880147,0.46757498124377045,0.0,0.0,0.0,0.0
8.369999999999866,-1.0992429373047203,1.3144035667773533,1.998998803962933,-0.16380845826880147,0.46757498124377045,0.0,0.0,0.0,0.0
8.379999999999866,-1.0992429373047203,1.3144035667773533,1.998998803962933,-0.16380845826880147,0.46757498124377045,0.0,0.0,0.0,0.0
8.389999999999866,-1.1049516702192368,1.3302475248352703,1.998998837069867,-0.17168735092581908,0.46441465945817634,0.0,0.0,0.0,0.0
8.399999999999865,-1.1049516702192368,1.3302475248352703,1.998998837069867,-0.17168735092581908,0.46441465945817634,0.0,0.0,0.0,0.0
8.409999999999865,-1.1049516702192368,1.3302475248352703,1.998998837069867,-0.17168735092581908,0.46441465945817634,0.0,0.0,0.0,0.0
8.419999999999865,-1.110750350714786,1.3455327907253334,1.9989987420026871,-0.17942370372832953,0.4617956577289914,0.0,0.0,0.0,0.0
8.429999999999865,-1.110750350714786,1.3455327907253334,1.9989987420026871,-0.17942370372832953,0.4617956577289914,0.0,0.0,0.0,0.0
8.439999999999864,-1.110750350714786,1.3455327907253334,1.9989987420026871,-0.17942370372832953,0.4617956577289914,0.0,0.0,0.0,0.0
8.449999999999864,-1.1168011725858342,1.3607229786953983,1.9989987746880893,-0.18705353733891447,0.458881334386172,0.0,0.0,0.0,0.0
8.459999999999864,-1.1168011725858342,1.3607229786953983,1.9989987746880893,-0.18705353733891447,0.458881334386172,0.0,0.0,0.0,0.0
8.469999999999864,-1.1168011725858342,1.3607229786953983,1.9989987746880893,-0.18705353733891447,0.458881334386172,0.0,0.0,0.0,0.0
8.479999999999864,-1.1168011725858342,1.3607229786953983,1.9989987746880893,-0.18705353733891447,0.458881334386172,0.0,0.0,0.0,0.0
8.489999999999863,-1.123297730337667,1.3762703502132023,1.9989986429604745,-0.19486651647084732,0.455753924798023,0.0,0.0,0.0,0.0
8.499999999999863,-1.123297730337667,1.3762703502132023,1.9989986429604745,-0.19486651647084732,0.455753924798023,0.0,0.0,0.0,0.0
8.509999999999863,-1.123297730337667,1.3762703502132023,1.9989986429604745,-0.19486651647084732,0.455753924798023,0.0,0.0,0.0,0.0
8.519999999999863,-1.1298559371804675,1.391255642694365,1.9989983297292433,-0.2023677846576054,0.4525248095120536,0.0,0.0,0.0,0.0
8.529999999999863,-1.1298559371804675,1.391255642694365,1.9989983297292433,-0.2023677846576054,0.4525248095120536,0.0,0.0,0.0,0.0
8.539999999999862,-1.1298559371804675,1.391255642694365,1.9989983297292433,-0.2023677846576054,0.4525248095120536,0.0,0.0,0.0,0.0
8.549999999999862,-1.136643045968455,1.4061318904268247,1.9989979242675182,-0.20746500367579948,0.4493421019624299,0.0,0.0,0.0,0.0
8.559999999999862,-1.136643045968455,1.4061318904268247,1.9989979242675182,-0.20746500367579948,0.4493421019624299,0.0,0.0,0.0,0.0
8.569999999999862,-1.136643045968455,1.4061318904268247,1.9989979242675182,-0.20746500367579948,0.4493421019624299,0.0,0.0,0.0,0.0
8.579999999999862,-1.136643045968455,1.4061318904268247,1.9989979242675182,-0.20746500367579948,0.4493421019624299,0.0,0.0,0.0,0.0
8.589999999999861,-1.1437613199858538,1.4213738141790717,1.9989984359233384,-0.2133952408655682,0.44722579695826975,0.0,0.0,0.0,0.0
8.599999999999861,-1.1437613199858538,1.4213738141790717,1.9989984359233384,-0.2133952408655682,0.44722579695826975,0.0,0.0,0.0,0.0
8.60999999999986,-1.1437613199858538,1.4213738141790717,1.9989984359233384,-0.2133952408655682,0.44722579695826975,0.0,0.0,0.0,0.0
8.61999999999986,-1.1510207814820417,1.436019903990009,1.9989987284014943,-0.22468641167795778,0.44150804296082424,0.0,0.0,0.0,0.0
8.62999999999986,-1.1510207814820417,1.436019903990009,1.9989987284014943,-0.22468641167795778,0.44150804296082424,0.0,0.0,0.0,0.0
8.63999999999986,-1.1510207814820417,1.436019903990009,1.9989987284014943,-0.22468641167795778,0.44150804296082424,0.0,0.0,0.0,0.0
8.64999999999986,-1.1585598501211396,1.4505277760938542,1.9989987962962992,-0.23199185257378635,0.43783661255102374,0.0,0.0,0.0,0.0
8.65999999999986,-1.1585598501211396,1.4505277760938542,1.9989987962962992,-0.23199185257378635,0.43783661255102374,0.0,0.0,0.0,0.0
8.66999999999986,-1.1585598501211396,1.4505277760938542,1.9989987962962992,-0.23199185257378635,0.43783661255102374,0.0,0.0,0.0,0.0
8.67999999999986,-1.1585598501211396,1.4505277760938542,1.9989987962962992,-0.23199185257378635,0.43783661255102374,0.0,0.0,0.0,0.0
8.68999999999986,-1.1665783192245538,1.4653461931312408,1.9989987266814788,-0.23945964229514113,0.43393702296350734,0.0,0.0,0.0,0.0
8.699999999999859,-1.1665783192245538,1.4653461931312408,1.9989987266814788,-0.23945964229514113,0.43393702296350734,0.0,0.0,0.0,0.0
8.709999999999859,-1.1665783192245538,1.4653461931312408,1.9989987266814788,-0.23945964229514113,0.43393702296350734,0.0,0.0,0.0,0.0
8.719999999999859,-1.174602591311635,1.479599739366203,1.9989984686579543,-0.24664122342548384,0.4300246312285007,0.0,0.0,0.0,0.0
8.729999999999858,-1.174602591311635,1.479599739366203,1.9989984686579543,-0.24664122342548384,0.4300246312285007,0.0,0.0,0.0,0.0
8.739999999999858,-1.174602591311635,1.479599739366203,1.9989984686579543,-0.24664122342548384,0.4300246312285007,0.0,0.0,0.0,0.0
8.749999999999858,-1.1828588204233141,1.4937200515413853,1.9989980284654465,-0.2530729451290503,0.4259808918742286,0.0,0.0,0.0,0.0
8.759999999999858,-1.1828588204233141,1.4937200515413853,1.9989980284654465,-0.2530729451290503,0.4259808918742286,0.0,0.0,0.0,0.0
8.769999999999857,-1.1828588204233141,1.4937200515413853,1.9989980284654465,-0.2530729451290503,0.4259808918742286,0.0,0.0,0.0,0.0
8.779999999999857,-1.1828588204233141,1.4937200515413853,1.9989980284654465,-0.2530729451290503,0.4259808918742286,0.0,0.0,0.0,0.0
8.789999999999857,-1.1915227635669114,1.5081438635896642,1.9989986471300667,-0.2570955333768918,0.42207949476344775,0.0,0.0,0.0,0.0
8.799999999999857,-1.1915227635669114,1.5081438635896642,1.9989986471300667,-0.2570955333768918,0.42207949476344775,0.0,0.0,0.0,0.0
8.809999999999857,-1.1915227635669114,1.5081438635896642,1.9989986471300667,-0.2570955333768918,0.42207949476344775,0.0,0.0,0.0,0.0
8.819999999999856,-1.2001984270520425,1.5219868313085203,1.9989986398466675,-0.26766584635741447,0.41677680951705165,0.0,0.0,0.0,0.0
8.829999999999856,-1.2001984270520425,1.5219868313085203,1.9989986398466675,-0.26766584635741447,0.41677680951705165,0.0,0.0,0.0,0.0
8.839999999999856,-1.2001984270520425,1.5219868313085203,1.9989986398466675,-0.26766584635741447,0.41677680951705165,0.0,0.0,0.0,0.0
8.849999999999856,-1.2091497051958524,1.53566722277381,1.9989987717180493,-0.2745903628089864,0.41241183764025635,0.0,0.0,0.0,0.0
8.859999999999856,-1.2091497051958524,1.53566722277381,1.9989987717180493,-0.2745903628089864,0.41241183764025635,0.0,0.0,0.0,0.0
8.869999999999855,-1.2091497051958524,1.53566722277381,1.9989987717180493,-0.2745903628089864,0.41241183764025635,0.0,0.0,0.0,0.0
8.879999999999855,-1.2091497051958524,1.53566722277381,1.9989987717180493,-0.2745903628089864,0.41241183764025635,0.0,0.0,0.0,0.0
8.889999999999855,-1.218609244789779,1.5496084486452182,1.9989987507490774,-0.2816376431784593,0.4077795973354716,0.0,0.0,0.0,0.0
8.899999999999855,-1.218609244789779,1.5496084486452182,1.9989987507490774,-0.2816376431784593,0.4077795973354716,0.0,0.0,0.0,0.0
8.909999999999854,-1.218609244789779,1.5496084486452182,1.9989987507490774,-0.2816376431784593,0.4077795973354716,0.0,0.0,0.0,0.0
8.919999999999854,-1.228018174061848,1.5629866932083067,1.998998556954308,-0.28838834971948635,0.4031465751211764,0.0,0.0,0.0,0.0
8.929999999999854,-1.228018174061848,1.5629866932083067,1.998998556954308,-0.28838834971948635,0.4031465751211764,0.0,0.0,0.0,0.0
8.939999999999854,-1.228018174061848,1.5629866932083067,1.998998556954308,-0.28838834971948635,0.4031465751211764,0.0,0.0,0.0,0.0
8.949999999999854,-1.2376447627210903,1.5762057683417106,1.9989983235647548,-0.29463334173355626,0.39786730525843067,0.0,0.0,0.0,0.0
8.959999999999853,-1.2376447627210903,1.5762057683417106,1.9989983235647548,-0.29463334173355626,0.39786730525843067,0.0,0.0,0.0,0.0
8.969999999999853,-1.2376447627210903,1.5762057683417106,1.9989983235647548,-0.29463334173355626,0.39786730525843067,0.0,0.0,0.0,0.0
8.979999999999853,-1.2376447627210903,1.5762057683417106,1.9989983235647548,-0.29463334173355626,0.39786730525843067,0.0,0.0,0.0,0.0
8.989999999999853,-1.2477852918021062,1.5896547823789806,1.9989982697760476,-0.3015056661581335,0.3931391330414096,0.0,0.0,0.0,0.0
8.999999999999853,-1.2477852918021062,1.5896547823789806,1.9989982697760476,-0.3015056661581335,0.3931391330414096,0.0,0.0,0.0,0.0
9.009999999999852,-1.2477852918021062,1.5896547823789806,1.9989982697760476,-0.3015056661581335,0.3931391330414096,0.0,0.0,0.0,0.0
9.019999999999852,-1.257833865992938,1.6025271024243561,1.9989991397919427,-0.30761142347799586,0.3874656658713385,0.0,0.0,0.0,0.0
9.029999999999852,-1.257833865992938,1.6025271024243561,1.9989991397919427,-0.30761142347799586,0.3874656658713385,0.0,0.0,0.0,0.0
9.039999999999852,-1.257833865992938,1.6025271024243561,1.9989991397919427,-0.30761142347799586,0.3874656658713385,0.0,0.0,0.0,0.0
9.049999999999851,-1.2681062141108974,1.615242699241946,1.9989986769955264,-0.3144146701384064,0.3828829210358035,0.0,0.0,0.0,0.0
9.059999999999851,-1.2681062141108974,1.615242699241946,1.9989986769955264,-0.3144146701384064,0.3828829210358035,0.0,0.0,0.0,0.0
9.069999999999851,-1.2681062141108974,1.615242699241946,1.9989986769955264,-0.3144146701384064,0.3828829210358035,0.0,0.0,0.0,0.0
9.07999999999985,-1.2681062141108974,1.615242699241946,1.9989986769955264,-0.3144146701384064,0.3828829210358035,0.0,0.0,0.0,0.0
9.08999999999985,-1.2789110853550585,1.6281677067849425,1.9989987271588632,-0.32096404483299884,0.37755827690502536,0.0,0.0,0.0,0.0
9.09999999999985,-1.2789110853550585,1.6281677067849425,1.9989987271588632,-0.32096404483299884,0.37755827690502536,0.0,0.0,0.0,0.0
9.10999999999985,-1.2789110853550585,1.6281677067849425,1.9989987271588632,-0.32096404483299884,0.37755827690502536,0.0,0.0,0.0,0.0
9.11999999999985,-1.2896092815570621,1.640537161993352,1.998998573513458,-0.32720352386108265,0.3722477449333411,0.0,0.0,0.0,0.0
9.12999999999985,-1.2896092815570621,1.640537161993352,1.998998573513458,-0.32720352386108265,0.3722477449333411,0.0,0.0,0.0,0.0
9.13999999999985,-1.2896092815570621,1.640537161993352,1.998998573513458,-0.32720352386108265,0.3722477449333411,0.0,0.0,0.0,0.0
9.14999999999985,-1.3005039303014576,1.6527217342290812,1.9989989433037596,-0.33290614622526177,0.36644099431288063,0.0,0.0,0.0,0.0
9.15999999999985,-1.3005039303014576,1.6527217342290812,1.9989989433037596,-0.33290614622526177,0.36644099431288063,0.0,0.0,0.0,0.0
9.169999999999849,-1.3005039303014576,1.6527217342290812,1.9989989433037596,-0.33290614622526177,0.36644099431288063,0.0,0.0,0.0,0.0
9.179999999999849,-1.3005039303014576,1.6527217342290812,1.9989989433037596,-0.33290614622526177,0.36644099431288063,0.0,0.0,0.0,0.0
9.189999999999849,-1.3119408498961476,1.6650929181807448,1.9989984899022177,-0.33939494388139774,0.36112625613832533,0.0,0.0,0.0,0.0
9.199999999999848,-1.3119408498961476,1.6650929181807448,1.9989984899022177,-0.33939494388139774,0.36112625613832533,0.0,0.0,0.0,0.0
9.209999999999848,-1.3119408498961476,1.6650929181807448,1.9989984899022177,-0.33939494388139774,0.36112625613832533,0.0,0.0,0.0,0.0
9.219999999999848,-1.3232402857111658,1.6769138135377037,1.9989982432936109,-0.3451520208539167,0.35536920618034507,0.0,0.0,0.0,0.0
9.229999999999848,-1.3232402857111658,1.6769138135377037,1.9989982432936109,-0.3451520208539167,0.35536920618034507,0.0,0.0,0.0,0.0
9.239999999999847,-1.3232402857111658,1.6769138135377037,1.9989982432936109,-0.3451520208539167,0.35536920618034507,0.0,0.0,0.0,0.0
9.249999999999847,-1.334719789271926,1.6885302077538202,1.9989989100710535,-0.3510978750148538,0.34956537777319807,0.0,0.0,0.0,0.0
9.259999999999847,-1.334719789271926,1.6885302077538202,1.9989989100710535,-0.3510978750148538,0.34956537777319807,0.0,0.0,0.0,0.0
9.269999999999847,-1.334719789271926,1.6885302077538202,1.9989989100710535,-0.3510978750148538,0.34956537777319807,0.0,0.0,0.0,0.0
9.279999999999847,-1.334719789271926,1.6885302077538202,1.9989989100710535,-0.3510978750148538,0.34956537777319807,0.0,0.0,0.0,0.0
9.289999999999846,-1.3467615628788767,1.7003111247869804,1.9989986357084195,-0.3570503820364415,0.34357626748339437,0.0,0.0,0.0,0.0
9.299999999999846,-1.3467615628788767,1.7003111247869804,1.9989986357084195,-0.3570503820364415,0.34357626748339437,0.0,0.0,0.0,0.0
9.309999999999846,-1.3467615628788767,1.7003111247869804,1.9989986357084195,-0.3570503820364415,0.34357626748339437,0.0,0.0,0.0,0.0
9.319999999999846,-1.358640761317625,1.7115486603030163,1.9989985114411541,-0.36269000631630904,0.3376308873875143,0.0,0.0,0.0,0.0
9.329999999999846,-1.358640761317625,1.7115486603030163,1.9989985114411541,-0.36269000631630904,0.3376308873875143,0.0,0.0,0.0,0.0
9.339999999999845,-1.358640761317625,1.7115486603030163,1.9989985114411541,-0.36269000631630904,0.3376308873875143,0.0,0.0,0.0,0.0
9.349999999999845,-1.3706941461054585,1.7225805698453145,1.9989989423637087,-0.36814758898131256,0.331641382951314,0.0,0.0,0.0,0.0
9.359999999999845,-1.3706941461054585,1.7225805698453145,1.9989989423637087,-0.36814758898131256,0.331641382951314,0.0,0.0,0.0,0.0
9.369999999999845,-1.3706941461054585,1.7225805698453145,1.9989989423637087,-0.36814758898131256,0.331641382951314,0.0,0.0,0.0,0.0
9.379999999999844,-1.3706941461054585,1.7225805698453145,1.9989989423637087,-0.36814758898131256,0.331641382951314,0.0,0.0,0.0,0.0
9.389999999999844,-1.383309862328523,1.7337472977876052,1.9989986737400918,-0.37377633712147706,0.32540308259663386,0.0,0.0,0.0,0.0
9.399999999999844,-1.383309862328523,1.7337472977876052,1.9989986737400918,-0.37377633712147706,0.32540308259663386,0.0,0.0,0.0,0.0
9.409999999999844,-1.383309862328523,1.7337472977876052,1.9989986737400918,-0.37377633712147706,0.32540308259663386,0.0,0.0,0.0,0.0
9.419999999999844,-1.3957357143580562,1.7443813763668736,1.9989984771843612,-0.3791175858822123,0.31924861423083467,0.0,0.0,0.0,0.0
9.429999999999843,-1.3957357143580562,1.7443813763668736,1.9989984771843612,-0.3791175858822123,0.31924861423083467,0.0,0.0,0.0,0.0
9.439999999999843,-1.3957357143580562,1.7443813763668736,1.9989984771843612,-0.3791175858822123,0.31924861423083467,0.0,0.0,0.0,0.0
9.449999999999843,-1.4083322776884168,1.7548076014994731,1.9989981812797724,-0.38393734660308354,0.3126315295062752,0.0,0.0,0.0,0.0
9.459999999999843,-1.4083322776884168,1.7548076014994731,1.9989981812797724,-0.38393734660308354,0.3126315295062752,0.0,0.0,0.0,0.0
9.469999999999843,-1.4083322776884168,1.7548076014994731,1.9989981812797724,-0.38393734660308354,0.3126315295062752,0.0,0.0,0.0,0.0
9.479999999999842,-1.4083322776884168,1.7548076014994731,1.9989981812797724,-0.38393734660308354,0.3126315295062752,0.0,0.0,0.0,0.0
9.489999999999842,-1.4214799657097426,1.7653196237961928,1.9989983580774822,-0.38955712436384304,0.3061989269839308,0.0,0.0,0.0,0.0
9.499999999999842,-1.4214799657097426,1.7653196237961928,1.9989983580774822,-0.38955712436384304,0.3061989269839308,0.0,0.0,0.0,0.0
9.509999999999842,-1.4214799657097426,1.7653196237961928,1.9989983580774822,-0.38955712436384304,0.3061989269839308,0.0,0.0,0.0,0.0
9.519999999999841,-1.4344196053017213,1.7753130814338964,1.9989983553707813,-0.39438490094829554,0.29957944789121455,0.0,0.0,0.0,0.0
9.529999999999841,-1.4344196053017213,1.7753130814338964,1.9989983553707813,-0.39438490094829554,0.29957944789121455,0.0,0.0,0.0,0.0
9.539999999999841,-1.4344196053017213,1.7753130814338964,1.9989983553707813,-0.39438490094829554,0.29957944789121455,0.0,0.0,0.0,0.0
9.54999999999984,-1.4475120909177193,1.7850853061190357,1.9989986399804789,-0.39938961966074926,0.29319827155471295,0.0,0.0,0.0,0.0
9.55999999999984,-1.4475120909177193,1.7850853061190357,1.9989986399804789,-0.39938961966074926,0.29319827155471295,0.0,0.0,0.0,0.0
9.56999999999984,-1.4475120909177193,1.7850853061190357,1.9989986399804789,-0.39938961966074926,0.29319827155471295,0.0,0.0,0.0,0.0
9.57999999999984,-1.4611782119548773,1.7949353846641027,1.9989987595951697,-0.4043672078783438,0.28642494146264597,0.0,0.0,0.0,0.0
9.58999999999984,-1.4611782119548773,1.7949353846641027,1.9989987595951697,-0.4043672078783438,0.28642494146264597,0.0,0.0,0.0,0.0
9.59999999999984,-1.4611782119548773,1.7949353846641027,1.9989987595951697,-0.4043672078783438,0.28642494146264597,0.0,0.0,0.0,0.0
9.60999999999984,-1.4611782119548773,1.7949353846641027,1.9989987595951697,-0.4043672078783438,0.28642494146264597,0.0,0.0,0.0,0.0
9.61999999999984,-1.4746033802980967,1.8042748594392504,1.998998637982163,-0.4091274442895559,0.2797969696091141,0.0,0.0,0.0,0.0
9.62999999999984,-1.4746033802980967,1.8042748594392504,1.998998637982163,-0.4091274442895559,0.2797969696091141,0.0,0.0,0.0,0.0
9.639999999999839,-1.4746033802980967,1.8042748594392504,1.998998637982163,-0.4091274442895559,0.2797969696091141,0.0,0.0,0.0,0.0
9.649999999999839,-1.4881825082331013,1.8133934393892666,1.9989983714486483,-0.41369902255549457,0.273037910342514,0.0,0.0,0.0,0.0
9.659999999999838,-1.4881825082331013,1.8133934393892666,1.9989983714486483,-0.41369902255549457,0.273037910342514,0.0,0.0,0.0,0.0
9.669999999999838,-1.4881825082331013,1.8133934393892666,1.9989983714486483,-0.41369902255549457,0.273037910342514,0.0,0.0,0.0,0.0
9.679999999999838,-1.4881825082331013,1.8133934393892666,1.9989983714486483,-0.41369902255549457,0.273037910342514,0.0,0.0,0.0,0.0
9.689999999999838,-1.5023205949560112,1.8225478244808093,1.9989983350391272,-0.4174987043435307,0.26539157639459315,0.0,0.0,0.0,0.0
9.699999999999838,-1.5023205949560112,1.8225478244808093,1.9989983350391272,-0.4174987043435307,0.26539157639459315,0.0,0.0,0.0,0.0
9.709999999999837,-1.5023205949560112,1.8225478244808093,1.9989983350391272,-0.4174987043435307,0.26539157639459315,0.0,0.0,0.0,0.0
9.719999999999837,-1.5161843924505947,1.8311948109263088,1.9989982848707413,-0.4218193941123663,0.258426972207247,0.0,0.0,0.0,0.0
9.729999999999837,-1.5161843924505947,1.8311948109263088,1.9989982848707413,-0.4218193941123663,0.258426972207247,0.0,0.0,0.0,0.0
9.739999999999837,-1.5161843924505947,1.8311948109263088,1.9989982848707413,-0.4218193941123663,0.258426972207247,0.0,0.0,0.0,0.0
9.749999999999837,-1.53018632553933,1.8396124071568738,1.9989987084057441,-0.4265617983989318,0.25183137451500665,0.0,0.0,0.0,0.0
9.759999999999836,-1.53018632553933,1.8396124071568738,1.9989987084057441,-0.4265617983989318,0.25183137451500665,0.0,0.0,0.0,0.0
9.769999999999836,-1.53018632553933,1.8396124071568738,1.9989987084057441,-0.4265617983989318,0.25183137451500665,0.0,0.0,0.0,0.0
9.779999999999836,-1.53018632553933,1.8396124071568738,1.9989987084057441,-0.4265617983989318,0.25183137451500665,0.0,0.0,0.0,0.0
9.789999999999836,-1.5447661952683354,1.8480490867330421,1.998998790581899,-0.4308970935576726,0.24462061007563346,0.0,0.0,0.0,0.0
9.799999999999836,-1.5447661952683354,1.8480490867330421,1.998998790581899,-0.4308970935576726,0.24462061007563346,0.0,0.0,0.0,0.0
9.809999999999835,-1.5447661952683354,1.8480490867330421,1.998998790581899,-0.4308970935576726,0.24462061007563346,0.0,0.0,0.0,0.0
9.819999999999835,-1.5590552955354473,1.8560013699119293,1.9989987355197603,-0.4349726225288198,0.23754056860000533,0.0,0.0,0.0,0.0
9.829999999999835,-1.5590552955354473,1.8560013699119293,1.9989987355197603,-0.4349726225288198,0.23754056860000533,0.0,0.0,0.0,0.0
9.839999999999835,-1.5590552955354473,1.8560013699119293,1.9989987355197603,-0.4349726225288198,0.23754056860000533,0.0,0.0,0.0,0.0
9.849999999999834,-1.5734767714137967,1.8637188075650237,1.9989985095744276,-0.4389366731212916,0.23039814438856718,0.0,0.0,0.0,0.0
9.859999999999834,-1.5734767714137967,1.8637188075650237,1.9989985095744276,-0.4389366731212916,0.23039814438856718,0.0,0.0,0.0,0.0
9.869999999999834,-1.5734767714137967,1.8637188075650237,1.9989985095744276,-0.4389366731212916,0.23039814438856718,0.0,0.0,0.0,0.0
9.879999999999834,-1.5734767714137967,1.8637188075650237,1.9989985095744276,-0.4389366731212916,0.23039814438856718,0.0,0.0,0.0,0.0
9.889999999999834,-1.5884672689241934,1.8714210051942095,1.998998123048425,-0.4427152945211308,0.2228886337394987,0.0,0.0,0.0,0.0
9.899999999999833,-1.5884672689241934,1.8714210051942095,1.998998123048425,-0.4427152945211308,0.2228886337394987,0.0,0.0,0.0,0.0
9.909999999999833,-1.5884672689241934,1.8714210051942095,1.998998123048425,-0.4427152945211308,0.2228886337394987,0.0,0.0,0.0,0.0
9.919999999999833,-1.6030895942463195,1.8786961216890996,1.9989989888748418,-0.4435092577357717,0.21802505035973235,0.0,0.0,0.0,0.0
9.929999999999833,-1.6030895942463195,1.8786961216890996,1.9989989888748418,-0.4435092577357717,0.21802505035973235,0.0,0.0,0.0,0.0
9.939999999999833,-1.6030895942463195,1.8786961216890996,1.9989989888748418,-0.4435092577357717,0.21802505035973235,0.0,0.0,0.0,0.0
9.949999999999832,-1.617843712030679,1.885723356109781,1.9989986266315283,-0.4495550939225451,0.20805826465484786,0.0,0.0,0.0,0.0
9.959999999999832,-1.617843712030679,1.885723356109781,1.9989986266315283,-0.4495550939225451,0.20805826465484786,0.0,0.0,0.0,0.0
9.969999999999832,-1.617843712030679,1.885723356109781,1.9989986266315283,-0.4495550939225451,0.20805826465484786,0.0,0.0,0.0,0.0
9.979999999999832,-1.617843712030679,1.885723356109781,1.9989986266315283,-0.4495550939225451,0.20805826465484786,0.0,0.0,0.0,0.0
9.989999999999831,-1.6331911363802405,1.892663799181492,1.9989987740010742,-0.45310795806482634,0.20041774966798345,0.0,0.0,0.0,0.0
9.999999999999831,-1.6331911363802405,1.892663799181492,1.9989987740010742,-0.45310795806482634,0.20041774966798345,0.0,0.0,0.0,0.0
10.009999999999831,-1.6331911363802405,1.892663799181492,1.9989987740010742,-0.45310795806482634,0.20041774966798345,0.0,0.0,0.0,0.0
10.01999999999983,-1.6482009493787393,1.8991509380402427,1.9989987690793494,-0.4564569416069743,0.1929573970205846,0.0,0.0,0.0,0.0
10.02999999999983,-1.6482009493787393,1.8991509380402427,1.9989987690793494,-0.4564569416069743,0.1929573970205846,0.0,0.0,0.0,0.0
10.03999999999983,-1.6482009493787393,1.8991509380402427,1.9989987690793494,-0.4564569416069743,0.1929573970205846,0.0,0.0,0.0,0.0
10.04999999999983,-1.6633190901061075,1.9053909098812258,1.998998613764082,-0.45969463806086336,0.18544700606527134,0.0,0.0,0.0,0.0
10.05999999999983,-1.6633190901061075,1.9053909098812258,1.998998613764082,-0.45969463806086336,0.18544700606527134,0.0,0.0,0.0,0.0
10.06999999999983,-1.6633190901061075,1.9053909098812258,1.998998613764082,-0.45969463806086336,0.18544700606527134,0.0,0.0,0.0,0.0
10.07999999999983,-1.6633190901061075,1.9053909098812258,1.998998613764082,-0.45969463806086336,0.18544700606527134,0.0,0.0,0.0,0.0
10.08999999999983,-1.6790030893106866,1.9115591345943104,1.998998221599429,-0.462748787048447,0.17760502466124758,0.0,0.0,0.0,0.0
10.09999999999983,-1.6790030893106866,1.9115591345943104,1.998998221599429,-0.462748787048447,0.17760502466124758,0.0,0.0,0.0,0.0
10.109999999999829,-1.6790030893106866,1.9115591345943104,1.998998221599429,-0.462748787048447,0.17760502466124758,0.0,0.0,0.0,0.0
10.119999999999829,-1.6943040347559724,1.917287622711591,1.9989985885806016,-0.4650200091504251,0.17004083236912956,0.0,0.0,0.0,0.0
10.129999999999828,-1.6943040347559724,1.917287622711591,1.9989985885806016,-0.4650200091504251,0.17004083236912956,0.0,0.0,0.0,0.0
10.139999999999828,-1.6943040347559724,1.917287622711591,1.9989985885806016,-0.4650200091504251,0.17004083236912956,0.0,0.0,0.0,0.0
10.149999999999828,-1.709694157721163,1.922763195292352,1.998998728160476,-0.4682297925106059,0.16224218003871446,0.0,0.0,0.0,0.0
10.159999999999828,-1.709694157721163,1.922763195292352,1.998998728160476,-0.4682297925106059,0.16224218003871446,0.0,0.0,0.0,0.0
10.169999999999828,-1.709694157721163,1.922763195292352,1.998998728160476,-0.4682297925106059,0.16224218003871446,0.0,0.0,0.0,0.0
10.179999999999827,-1.709694157721163,1.922763195292352,1.998998728160476,-0.4682297925106059,0.16224218003871446,0.0,0.0,0.0,0.0
10.189999999999827,-1.72565719158184,1.9281384770742256,1.9989986973352196,-0.47079958237375297,0.154215351250062,0.0,0.0,0.0,0.0
10.199999999999827,-1.72565719158184,1.9281384770742256,1.9989986973352196,-0.47079958237375297,0.154215351250062,0.0,0.0,0.0,0.0
10.209999999999827,-1.72565719158184,1.9281384770742256,1.9989986973352196,-0.47079958237375297,0.154215351250062,0.0,0.0,0.0,0.0
10.219999999999827,-1.7412380934324545,1.9330957469671428,1.9989987574007397,-0.47339213356308296,0.14645010898557517,0.0,0.0,0.0,0.0
10.229999999999826,-1.7412380934324545,1.9330957469671428,1.9989987574007397,-0.47339213356308296,0.14645010898557517,0.0,0.0,0.0,0.0
10.239999999999826,-1.7412380934324545,1.9330957469671428,1.9989987574007397,-0.47339213356308296,0.14645010898557517,0.0,0.0,0.0,0.0
10.249999999999826,-1.7569021240849516,1.9377959856078584,1.9989986423896011,-0.4758513326881494,0.13864240214734566,0.0,0.0,0.0,0.0
10.259999999999826,-1.7569021240849516,1.9377959856078584,1.9989986423896011,-0.4758513326881494,0.13864240214734566,0.0,0.0,0.0,0.0
10.269999999999825,-1.7569021240849516,1.9377959856078584,1.9989986423896011,-0.4758513326881494,0.13864240214734566,0.0,0.0,0.0,0.0
10.279999999999825,-1.7569021240849516,1.9377959856078584,1.9989986423896011,-0.4758513326881494,0.13864240214734566,0.0,0.0,0.0,0.0
10.289999999999825,-1.773120493946951,1.9423677511525315,1.9989982878796033,-0.4779351527014093,0.1304921223678595,0.0,0.0,0.0,0.0
10.299999999999825,-1.773120493946951,1.9423677511525315,1.9989982878796033,-0.4779351527014093,0.1304921223678595,0.0,0.0,0.0,0.0
10.309999999999825,-1.773120493946951,1.9423677511525315,1.9989982878796033,-0.4779351527014093,0.1304921223678595,0.0,0.0,0.0,0.0
10.319999999999824,-1.7889181750927412,1.9465391411834052,1.9989984668925167,-0.48021069274427686,0.12276352046439344,0.0,0.0,0.0,0.0
10.329999999999824,-1.7889181750927412,1.9465391411834052,1.9989984668925167,-0.48021069274427686,0.12276352046439344,0.0,0.0,0.0,0.0
10.339999999999824,-1.7889181750927412,1.9465391411834052,1.9989984668925167,-0.48021069274427686,0.12276352046439344,0.0,0.0,0.0,0.0
10.349999999999824,-1.8047946392138179,1.9504551299570936,1.998998276861212,-0.48188724310728753,0.11479304893797389,0.0,0.0,0.0,0.0
10.359999999999824,-1.8047946392138179,1.9504551299570936,1.998998276861212,-0.48188724310728753,0.11479304893797389,0.0,0.0,0.0,0.0
10.369999999999823,-1.8047946392138179,1.9504551299570936,1.998998276861212,-0.48188724310728753,0.11479304893797389,0.0,0.0,0.0,0.0
10.379999999999823,-1.8047946392138179,1.9504551299570936,1.998998276861212,-0.48188724310728753,0.11479304893797389,0.0,0.0,0.0,0.0
10.389999999999823,-1.8212080788633227,1.954211919003812,1.9989984271780943,-0.4838019625825078,0.10653466332382425,0.0,0.0,0.0,0.0
10.399999999999823,-1.8212080788633227,1.954211919003812,1.9989984271780943,-0.4838019625825078,0.10653466332382425,0.0,0.0,0.0,0.0
10.409999999999823,-1.8212080788633227,1.954211919003812,1.9989984271780943,-0.4838019625825078,0.10653466332382425,0.0,0.0,0.0,0.0
10.419999999999822,-1.8372040657495738,1.9575916382807779,1.9989986847242387,-0.4855952884170734,0.09853824959993235,0.0,0.0,0.0,0.0
10.429999999999822,-1.8372040657495738,1.9575916382807779,1.9989986847242387,-0.4855952884170734,0.09853824959993235,0.0,0.0,0.0,0.0
10.439999999999822,-1.8372040657495738,1.9575916382807779,1.9989986847242387,-0.4855952884170734,0.09853824959993235,0.0,0.0,0.0,0.0
10.449999999999822,-1.8532572924350807,1.9607070491102288,1.9989986178474122,-0.48724654379552845,0.09051093143083459,0.0,0.0,0.0,0.0
10.459999999999821,-1.8532572924350807,1.9607070491102288,1.9989986178474122,-0.48724654379552845,0.09051093143083459,0.0,0.0,0.0,0.0
10.469999999999821,-1.8532572924350807,1.9607070491102288,1.9989986178474122,-0.48724654379552845,0.09051093143083459,0.0,0.0,0.0,0.0
10.479999999999821,-1.8532572924350807,1.9607070491102288,1.9989986178474122,-0.48724654379552845,0.09051093143083459,0.0,0.0,0.0,0.0
10.48999999999982,-1.8698446804994406,1.9636383868822571,1.9989984377989372,-0.48796942356971373,0.08209958077788455,0.0,0.0,0.0,0.0
10.49999999999982,-1.8698446804994406,1.9636383868822571,1.9989984377989372,-0.48796942356971373,0.08209958077788455,0.0,0.0,0.0,0.0
10.50999999999982,-1.8698446804994406,1.9636383868822571,1.9989984377989372,-0.48796942356971373,0.08209958077788455,0.0,0.0,0.0,0.0
10.51999999999982,-1.8859813198059383,1.966215203849179,1.9989986164999025,-0.4899492562347223,0.07425736588959266,0.0,0.0,0.0,0.0
10.52999999999982,-1.8859813198059383,1.966215203849179,1.9989986164999025,-0.4899492562347223,0.07425736588959266,0.0,0.0,0.0,0.0
10.53999999999982,-1.8859813198059383,1.966215203849179,1.9989986164999025,-0.4899492562347223,0.07425736588959266,0.0,0.0,0.0,0.0
10.54999999999982,-1.9021713045003503,1.9685291024127571,1.9989984922996265,-0.49117261842894944,0.06621134700660723,0.0,0.0,0.0,0.0
10.55999999999982,-1.9021713045003503,1.9685291024127571,1.9989984922996265,-0.49117261842894944,0.06621134700660723,0.0,0.0,0.0,0.0
10.569999999999819,-1.9021713045003503,1.9685291024127571,1.9989984922996265,-0.49117261842894944,0.06621134700660723,0.0,0.0,0.0,0.0
10.579999999999819,-1.9021713045003503,1.9685291024127571,1.9989984922996265,-0.49117261842894944,0.06621134700660723,0.0,0.0,0.0,0.0
10.589999999999819,-1.918886522995399,1.970634073081284,1.998998331468354,-0.4917518832108448,0.057791686887430416,0.0,0.0,0.0,0.0
10.599999999999818,-1.918886522995399,1.970634073081284,1.998998331468354,-0.4917518832108448,0.057791686887430416,0.0,0.0,0.0,0.0
10.609999999999818,-1.918886522995399,1.970634073081284,1.998998331468354,-0.4917518832108448,0.057791686887430416,0.0,0.0,0.0,0.0
10.619999999999818,-1.9351365628981598,1.9724028878075597,1.9989985611334111,-0.4929378193384899,0.049661691182298295,0.0,0.0,0.0,0.0
10.629999999999818,-1.9351365628981598,1.9724028878075597,1.9989985611334111,-0.4929378193384899,0.049661691182298295,0.0,0.0,0.0,0.0
10.639999999999818,-1.9351365628981598,1.9724028878075597,1.9989985611334111,-0.4929378193384899,0.049661691182298295,0.0,0.0,0.0,0.0
10.649999999999817,-1.9514189497172425,1.9739031076765154,1.998998532808759,-0.49378259379768913,0.041499320543671024,0.0,0.0,0.0,0.0
10.659999999999817,-1.9514189497172425,1.9739031076765154,1.998998532808759,-0.49378259379768913,0.041499320543671024,0.0,0.0,0.0,0.0
10.669999999999817,-1.9514189497172425,1.9739031076765154,1.998998532808759,-0.49378259379768913,0.041499320543671024,0.0,0.0,0.0,0.0
10.679999999999817,-1.9514189497172425,1.9739031076765154,1.998998532808759,-0.49378259379768913,0.041499320543671024,0.0,0.0,0.0,0.0
10.689999999999817,-1.96820669321734,1.9751665548590152,1.998999013934248,-0.4935385974111693,0.03309468317668633,0.0,0.0,0.0,0.0
10.699999999999816,-1.96820669321734,1.9751665548590152,1.998999013934248,-0.4935385974111693,0.03309468317668633,0.0,0.0,0.0,0.0
10.709999999999816,-1.96820669321734,1.9751665548590152,1.998999013934248,-0.4935385974111693,0.03309468317668633,0.0,0.0,0.0,0.0
10.719999999999816,-1.9845246922362116,1.9761232233476782,1.9989987410082517,-0.49489341830232914,0.02505794414337305,0.0,0.0,0.0,0.0
10.729999999999816,-1.9845246922362116,1.9761232233476782,1.9989987410082517,-0.49489341830232914,0.02505794414337305,0.0,0.0,0.0,0.0
10.739999999999815,-1.9845246922362116,1.9761232233476782,1.9989987410082517,-0.49489341830232914,0.02505794414337305,0.0,0.0,0.0,0.0
10.749999999999815,-2.000864242484803,1.9768118092733244,1.9989986382582532,-0.4953563477280248,0.016919544317552212,0.0,0.0,0.0,0.0
10.759999999999815,-2.000864242484803,1.9768118092733244,1.9989986382582532,-0.4953563477280248,0.016919544317552212,0.0,0.0,0.0,0.0
10.769999999999815,-2.000864242484803,1.9768118092733244,1.9989986382582532,-0.4953563477280248,0.016919544317552212,0.0,0.0,0.0,0.0
10.779999999999815,-2.000864242484803,1.9768118092733244,1.9989986382582532,-0.4953563477280248,0.016919544317552212,0.0,0.0,0.0,0.0
10.789999999999814,-2.017710699980339,1.9772401800648316,1.9989984280823554,-0.49559546893995743,0.008527145323783809,0.0,0.0,0.0,0.0
10.799999999999814,-2.017710699980339,1.9772401800648316,1.9989984280823554,-0.49559546893995743,0.008527145323783809,0.0,0.0,0.0,0.0
10.809999999999814,-2.017710699980339,1.9772401800648316,1.9989984280823554,-0.49559546893995743,0.008527145323783809,0.0,0.0,0.0,0.0
10.819999999999814,-2.0340608921738554,1.9773823684272882,1.998998479310598,-0.4951355788971293,0.00030275686986978184,0.0,0.0,0.0,0.0
10.829999999999814,-2.0340608921738554,1.9773823684272882,1.998998479310598,-0.4951355788971293,0.00030275686986978184,0.0,0.0,0.0,0.0
10.839999999999813,-2.0340608921738554,1.9773823684272882,1.998998479310598,-0.4951355788971293,0.00030275686986978184,0.0,0.0,0.0,0.0
10.849999999999813,-2.0504099418154795,1.9772530362997804,1.99899833609793,-0.4953850585608516,-0.00789319174351148,0.0,0.0,0.0,0.0
10.859999999999813,-2.0504099418154795,1.9772530362997804,1.99899833609793,-0.4953850585608516,-0.00789319174351148,0.0,0.0,0.0,0.0
10.869999999999813,-2.0504099418154795,1.9772530362997804,1.99899833609793,-0.4953850585608516,-0.00789319174351148,0.0,0.0,0.0,0.0
10.879999999999812,-2.0504099418154795,1.9772530362997804,1.99899833609793,-0.4953850585608516,-0.00789319174351148,0.0,0.0,0.0,0.0
10.889999999999812,-2.0672333760423656,1.9768385761641016,1.9989991164406258,-0.4948328701273278,-0.016205675096893052,0.0,0.0,0.0,0.0
10.899999999999812,-2.0672333760423656,1.9768385761641016,1.9989991164406258,-0.4948328701273278,-0.016205675096893052,0.0,0.0,0.0,0.0
10.909999999999812,-2.0672333760423656,1.9768385761641016,1.9989991164406258,-0.4948328701273278,-0.016205675096893052,0.0,0.0,0.0,0.0
10.919999999999812,-2.0835686703126464,1.9761647105160696,1.9989987673047596,-0.4948803382855472,-0.024376712985631443,0.0,0.0,0.0,0.0
10.929999999999811,-2.0835686703126464,1.9761647105160696,1.9989987673047596,-0.4948803382855472,-0.024376712985631443,0.0,0.0,0.0,0.0
10.939999999999811,-2.0835686703126464,1.9761647105160696,1.9989987673047596,-0.4948803382855472,-0.024376712985631443,0.0,0.0,0.0,0.0
10.949999999999811,-2.0998941205298034,1.9752216705747214,1.9989987352591383,-0.49451975111054547,-0.03253462906953714,0.0,0.0,0.0,0.0
10.95999999999981,-2.0998941205298034,1.9752216705747214,1.9989987352591383,-0.49451975111054547,-0.03253462906953714,0.0,0.0,0.0,0.0
10.96999999999981,-2.0998941205298034,1.9752216705747214,1.9989987352591383,-0.49451975111054547,-0.03253462906953714,0.0,0.0,0.0,0.0
10.97999999999981,-2.0998941205298034,1.9752216705747214,1.9989987352591383,-0.49451975111054547,-0.03253462906953714,0.0,0.0,0.0,0.0
10.98999999999981,-2.116698995072053,1.9739688161774458,1.9989984999580659,-0.49399256955104065,-0.04092335165201472,0.0,0.0,0.0,0.0
10.99999999999981,-2.116698995072053,1.9739688161774458,1.9989984999580659,-0.49399256955104065,-0.04092335165201472,0.0,0.0,0.0,0.0
11.00999999999981,-2.116698995072053,1.9739688161774458,1.9989984999580659,-0.49399256955104065,-0.04092335165201472,0.0,0.0,0.0,0.0
11.01999999999981,-2.1329871693042115,1.9724802909179016,1.9989981289174832,-0.4931077585468749,-0.04902252027471811,0.0,0.0,0.0,0.0
11.02999999999981,-2.1329871693042115,1.9724802909179016,1.9989981289174832,-0.4931077585468749,-0.04902252027471811,0.0,0.0,0.0,0.0
11.039999999999809,-2.1329871693042115,1.9724802909179016,1.9989981289174832,-0.4931077585468749,-0.04902252027471811,0.0,0.0,0.0,0.0
11.049999999999809,-2.1492268653272206,1.9707747690799629,1.998998893674508,-0.49205467381541224,-0.053863761608157944,0.0,0.0,0.0,0.0
11.059999999999809,-2.1492268653272206,1.9707747690799629,1.998998893674508,-0.49205467381541224,-0.053863761608157944,0.0,0.0,0.0,0.0
11.069999999999808,-2.1492268653272206,1.9707747690799629,1.998998893674508,-0.49205467381541224,-0.053863761608157944,0.0,0.0,0.0,0.0
11.079999999999808,-2.1492268653272206,1.9707747690799629,1.998998893674508,-0.49205467381541224,-0.053863761608157944,0.0,0.0,0.0,0.0
11.089999999999808,-2.165948721444547,1.9687980288580333,1.9989984796661833,-0.4911507154624822,-0.06444744877394289,0.0,0.0,0.0,0.0
11.099999999999808,-2.165948721444547,1.9687980288580333,1.9989984796661833,-0.4911507154624822,-0.06444744877394289,0.0,0.0,0.0,0.0
11.109999999999808,-2.165948721444547,1.9687980288580333,1.9989984796661833,-0.4911507154624822,-0.06444744877394289,0.0,0.0,0.0,0.0
11.119999999999807,-2.1821334288323806,1.9664954998855404,1.9989987672715839,-0.4899162908135983,-0.07376629574350893,0.0,0.0,0.0,0.0
11.129999999999807,-2.1821334288323806,1.9664954998855404,1.9989987672715839,-0.4899162908135983,-0.07376629574350893,0.0,0.0,0.0,0.0
11.139999999999807,-2.1821334288323806,1.9664954998855404,1.9989987672715839,-0.4899162908135983,-0.07376629574350893,0.0,0.0,0.0,0.0
11.149999999999807,-2.1982811465971275,1.9639237055897059,1.9989987822427207,-0.4887427086713474,-0.08185389781960331,0.0,0.0,0.0,0.0
11.159999999999807,-2.1982811465971275,1.9639237055897059,1.9989987822427207,-0.4887427086713474,-0.08185389781960331,0.0,0.0,0.0,0.0
11.169999999999806,-2.1982811465971275,1.9639237055897059,1.9989987822427207,-0.4887427086713474,-0.08185389781960331,0.0,0.0,0.0,0.0
11.179999999999806,-2.1982811465971275,1.9639237055897059,1.9989987822427207,-0.4887427086713474,-0.08185389781960331,0.0,0.0,0.0,0.0
11.189999999999806,-2.214875107910559,1.960995206876099,1.9989986495257106,-0.487406987388069,-0.0901680565729004,0.0,0.0,0.0,0.0
11.199999999999806,-2.214875107910559,1.960995206876099,1.9989986495257106,-0.487406987388069,-0.0901680565729004,0.0,0.0,0.0,0.0
11.209999999999805,-2.214875107910559,1.960995206876099,1.9989986495257106,-0.487406987388069,-0.0901680565729004,0.0,0.0,0.0,0.0
11.219999999999805,-2.23093443017931,1.9578830610900366,1.9989983181356832,-0.48589963195048913,-0.09819982237561016,0.0,0.0,0.0,0.0
11.229999999999805,-2.23093443017931,1.9578830610900366,1.9989983181356832,-0.48589963195048913,-0.09819982237561016,0.0,0.0,0.0,0.0
11.239999999999805,-2.23093443017931,1.9578830610900366,1.9989983181356832,-0.48589963195048913,-0.09819982237561016,0.0,0.0,0.0,0.0
11.249999999999805,-2.2469425201034725,1.9545381783808038,1.9989977863657695,-0.4843703538288576,-0.10253422913959906,0.0,0.0,0.0,0.0
11.259999999999804,-2.2469425201034725,1.9545381783808038,1.9989977863657695,-0.4843703538288576,-0.10253422913959906,0.0,0.0,0.0,0.0
11.269999999999804,-2.2469425201034725,1.9545381783808038,1.9989977863657695,-0.4843703538288576,-0.10253422913959906,0.0,0.0,0.0,0.0
11.279999999999804,-2.2469425201034725,1.9545381783808038,1.9989977863657695,-0.4843703538288576,-0.10253422913959906,0.0,0.0,0.0,0.0
11.289999999999804,-2.263379063461993,1.950973819770492,1.998998663141737,-0.48324139666540633,-0.10939269602995814,0.0,0.0,0.0,0.0
11.299999999999804,-2.263379063461993,1.950973819770492,1.998998663141737,-0.48324139666540633,-0.10939269602995814,0.0,0.0,0.0,0.0
11.309999999999803,-2.263379063461993,1.950973819770492,1.998998663141737,-0.48324139666540633,-0.10939269602995814,0.0,0.0,0.0,0.0
11.319999999999803,-2.279263188373396,1.9471108802472648,1.9989987299820864,-0.48003876064869944,-0.12240636549321539,0.0,0.0,0.0,0.0
11.329999999999803,-2.279263188373396,1.9471108802472648,1.9989987299820864,-0.48003876064869944,-0.12240636549321539,0.0,0.0,0.0,0.0
11.339999999999803,-2.279263188373396,1.9471108802472648,1.9989987299820864,-0.48003876064869944,-0.12240636549321539,0.0,0.0,0.0,0.0
11.349999999999802,-2.2950713564200673,1.9429364297247338,1.9989987963330609,-0.47805939617272136,-0.13034424266532543,0.0,0.0,0.0,0.0
11.359999999999802,-2.2950713564200673,1.9429364297247338,1.9989987963330609,-0.47805939617272136,-0.13034424266532543,0.0,0.0,0.0,0.0
11.369999999999802,-2.2950713564200673,1.9429364297247338,1.9989987963330609,-0.47805939617272136,-0.13034424266532543,0.0,0.0,0.0,0.0
11.379999999999802,-2.2950713564200673,1.9429364297247338,1.9989987963330609,-0.47805939617272136,-0.13034424266532543,0.0,0.0,0.0,0.0
11.389999999999802,-2.3112876761164096,1.9383621556613775,1.998998717524783,-0.4758949767251553,-0.13849135441409965,0.0,0.0,0.0,0.0
11.399999999999801,-2.3112876761164096,1.9383621556613775,1.998998717524783,-0.4758949767251553,-0.13849135441409965,0.0,0.0,0.0,0.0
11.409999999999801,-2.3112876761164096,1.9383621556613775,1.998998717524783,-0.4758949767251553,-0.13849135441409965,0.0,0.0,0.0,0.0
11.419999999999801,-2.3269538645363532,1.9336582643275662,1.998998458900532,-0.47362982422374567,-0.14635262489472903,0.0,0.0,0.0,0.0
11.4299999999998,-2.3269538645363532,1.9336582643275662,1.998998458900532,-0.47362982422374567,-0.14635262489472903,0.0,0.0,0.0,0.0
11.4399999999998,-2.3269538645363532,1.9336582643275662,1.998998458900532,-0.47362982422374567,-0.14635262489472903,0.0,0.0,0.0,0.0
11.4499999999998,-2.3425381181638296,1.9287004021595655,1.998998262386095,-0.4707348680943793,-0.15365456727380414,0.0,0.0,0.0,0.0
11.4599999999998,-2.3425381181638296,1.9287004021595655,1.998998262386095,-0.4707348680943793,-0.15365456727380414,0.0,0.0,0.0,0.0
11.4699999999998,-2.3425381181638296,1.9287004021595655,1.998998262386095,-0.4707348680943793,-0.15365456727380414,0.0,0.0,0.0,0.0
11.4799999999998,-2.358501982070271,1.92335044980738,1.9989982241744864,-0.46747934339733715,-0.16085910712225718,0.0,0.0,0.0,0.0
11.4899999999998,-2.358501982070271,1.92335044980738,1.9989982241744864,-0.46747934339733715,-0.16085910712225718,0.0,0.0,0.0,0.0
11.4999999999998,-2.358501982070271,1.92335044980738,1.9989982241744864,-0.46747934339733715,-0.16085910712225718,0.0,0.0,0.0,0.0
11.509999999999799,-2.358501982070271,1.92335044980738,1.9989982241744864,-0.46747934339733715,-0.16085910712225718,0.0,0.0,0.0,0.0
11.519999999999799,-2.373888889549713,1.9178794918285225,1.9989985381613629,-0.46535422390171804,-0.16980678708487726,0.0,0.0,0.0,0.0
11.529999999999799,-2.373888889549713,1.9178794918285225,1.9989985381613629,-0.46535422390171804,-0.16980678708487726,0.0,0.0,0.0,0.0
11.539999999999798,-2.373888889549713,1.9178794918285225,1.9989985381613629,-0.46535422390171804,-0.16980678708487726,0.0,0.0,0.0,0.0
11.549999999999798,-2.389198857808256,1.9121447759640142,1.9989987633689832,-0.46258224957280014,-0.1775124835996513,0.0,0.0,0.0,0.0
11.559999999999798,-2.389198857808256,1.9121447759640142,1.9989987633689832,-0.46258224957280014,-0.1775124835996513,0.0,0.0,0.0,0.0
11.569999999999798,-2.389198857808256,1.9121447759640142,1.9989987633689832,-0.46258224957280014,-0.1775124835996513,0.0,0.0,0.0,0.0
11.579999999999798,-2.389198857808256,1.9121447759640142,1.9989987633689832,-0.46258224957280014,-0.1775124835996513,0.0,0.0,0.0,0.0
11.589999999999797,-2.40487491547862,1.9059710753521286,1.9989987296438358,-0.4596105944157338,-0.18540897673162698,0.0,0.0,0.0,0.0
11.599999999999797,-2.40487491547862,1.9059710753521286,1.9989987296438358,-0.4596105944157338,-0.18540897673162698,0.0,0.0,0.0,0.0
11.609999999999797,-2.40487491547862,1.9059710753521286,1.9989987296438358,-0.4596105944157338,-0.18540897673162698,0.0,0.0,0.0,0.0
11.619999999999797,-2.4199901288395034,1.8997233999733427,1.9989985289700938,-0.4565431120822622,-0.19299924360700801,0.0,0.0,0.0,0.0
11.629999999999797,-2.4199901288395034,1.8997233999733427,1.9989985289700938,-0.4565431120822622,-0.19299924360700801,0.0,0.0,0.0,0.0
11.639999999999796,-2.4199901288395034,1.8997233999733427,1.9989985289700938,-0.4565431120822622,-0.19299924360700801,0.0,0.0,0.0,0.0
11.649999999999796,-2.434994451010054,1.8932299853535788,1.9989987010657082,-0.45321975873658854,-0.20043057639744122,0.0,0.0,0.0,0.0
11.659999999999796,-2.434994451010054,1.8932299853535788,1.9989987010657082,-0.45321975873658854,-0.20043057639744122,0.0,0.0,0.0,0.0
11.669999999999796,-2.434994451010054,1.8932299853535788,1.9989987010657082,-0.45321975873658854,-0.20043057639744122,0.0,0.0,0.0,0.0
11.679999999999795,-2.434994451010054,1.8932299853535788,1.9989987010657082,-0.45321975873658854,-0.20043057639744122,0.0,0.0,0.0,0.0
11.689999999999795,-2.4503440739658164,1.8862813069599766,1.9989983290124516,-0.4497304877048007,-0.20804983956082143,0.0,0.0,0.0,0.0
11.699999999999795,-2.4503440739658164,1.8862813069599766,1.9989983290124516,-0.4497304877048007,-0.20804983956082143,0.0,0.0,0.0,0.0
11.709999999999795,-2.4503440739658164,1.8862813069599766,1.9989983290124516,-0.4497304877048007,-0.20804983956082143,0.0,0.0,0.0,0.0
11.719999999999795,-2.465109023999908,1.8792971394661497,1.99899903187744,-0.4451433249036195,-0.21501831402324512,0.0,0.0,0.0,0.0
11.729999999999794,-2.465109023999908,1.8792971394661497,1.99899903187744,-0.4451433249036195,-0.21501831402324512,0.0,0.0,0.0,0.0
11.739999999999794,-2.465109023999908,1.8792971394661497,1.99899903187744,-0.4451433249036195,-0.21501831402324512,0.0,0.0,0.0,0.0
11.749999999999794,-2.479762300507456,1.8720628531338872,1.9989986956087402,-0.44246853884363835,-0.22287319667406932,0.0,0.0,0.0,0.0
11.759999999999794,-2.479762300507456,1.8720628531338872,1.9989986956087402,-0.44246853884363835,-0.22287319667406932,0.0,0.0,0.0,0.0
11.769999999999794,-2.479762300507456,1.8720628531338872,1.9989986956087402,-0.44246853884363835,-0.22287319667406932,0.0,0.0,0.0,0.0
11.779999999999793,-2.479762300507456,1.8720628531338872,1.9989986956087402,-0.44246853884363835,-0.22287319667406932,0.0,0.0,0.0,0.0
11.789999999999793,-2.4947411225741414,1.8643524365084863,1.998998689784377,-0.4387169512364524,-0.23044138096327668,0.0,0.0,0.0,0.0
11.799999999999793,-2.4947411225741414,1.8643524365084863,1.998998689784377,-0.4387169512364524,-0.23044138096327668,0.0,0.0,0.0,0.0
11.809999999999793,-2.4947411225741414,1.8643524365084863,1.998998689784377,-0.4387169512364524,-0.23044138096327668,0.0,0.0,0.0,0.0
11.819999999999792,-2.509153736992574,1.8566246615092634,1.99899850786884,-0.43484231430782333,-0.23766010865229517,0.0,0.0,0.0,0.0
11.829999999999792,-2.509153736992574,1.8566246615092634,1.99899850786884,-0.43484231430782333,-0.23766010865229517,0.0,0.0,0.0,0.0
11.839999999999792,-2.509153736992574,1.8566246615092634,1.99899850786884,-0.43484231430782333,-0.23766010865229517,0.0,0.0,0.0,0.0
11.849999999999792,-2.523430494543715,1.8486641174523861,1.9989985266717274,-0.430912736565755,-0.24478637446016638,0.0,0.0,0.0,0.0
11.859999999999792,-2.523430494543715,1.8486641174523861,1.9989985266717274,-0.430912736565755,-0.24478637446016638,0.0,0.0,0.0,0.0
11.869999999999791,-2.523430494543715,1.8486641174523861,1.9989985266717274,-0.430912736565755,-0.24478637446016638,0.0,0.0,0.0,0.0
11.879999999999791,-2.523430494543715,1.8486641174523861,1.9989985266717274,-0.430912736565755,-0.24478637446016638,0.0,0.0,0.0,0.0
11.889999999999791,-2.5380074135556914,1.8402147142615126,1.9989985330102953,-0.4267217846512791,-0.25205183170044476,0.0,0.0,0.0,0.0
11.89999999999979,-2.5380074135556914,1.8402147142615126,1.9989985330102953,-0.4267217846512791,-0.25205183170044476,0.0,0.0,0.0,0.0
11.90999999999979,-2.5380074135556914,1.8402147142615126,1.9989985330102953,-0.4267217846512791,-0.25205183170044476,0.0,0.0,0.0,0.0
11.91999999999979,-2.55201738946347,1.8317786319020994,1.9989982744655954,-0.422431299085986,-0.2589749760367719,0.0,0.0,0.0,0.0
11.92999999999979,-2.55201738946347,1.8317786319020994,1.9989982744655954,-0.422431299085986,-0.2589749760367719,0.0,0.0,0.0,0.0
11.93999999999979,-2.55201738946347,1.8317786319020994,1.9989982744655954,-0.422431299085986,-0.2589749760367719,0.0,0.0,0.0,0.0
11.94999999999979,-2.5658649291195705,1.8231240246789564,1.9989991608569322,-0.4175793515533813,-0.26577124313431943,0.0,0.0,0.0,0.0
11.95999999999979,-2.5658649291195705,1.8231240246789564,1.9989991608569322,-0.4175793515533813,-0.26577124313431943,0.0,0.0,0.0,0.0
11.96999999999979,-2.5658649291195705,1.8231240246789564,1.9989991608569322,-0.4175793515533813,-0.26577124313431943,0.0,0.0,0.0,0.0
11.979999999999789,-2.5799966142986284,1.813954992235432,1.9989985717573835,-0.41342978172454553,-0.27313626894671184,0.0,0.0,0.0,0.0
11.989999999999789,-2.5799966142986284,1.813954992235432,1.9989985717573835,-0.41342978172454553,-0.27313626894671184,0.0,0.0,0.0,0.0
11.999999999999789,-2.5799966142986284,1.813954992235432,1.9989985717573835,-0.41342978172454553,-0.27313626894671184,0.0,0.0,0.0,0.0
12.009999999999788,-2.5799966142986284,1.813954992235432,1.9989985717573835,-0.41342978172454553,-0.27313626894671184,0.0,0.0,0.0,0.0
12.019999999999788,-2.59356144785869,1.804826393589243,1.9989984301608708,-0.4086133690435064,-0.27977517000986935,0.0,0.0,0.0,0.0
12.029999999999788,-2.59356144785869,1.804826393589243,1.9989984301608708,-0.4086133690435064,-0.27977517000986935,0.0,0.0,0.0,0.0
12.039999999999788,-2.59356144785869,1.804826393589243,1.9989984301608708,-0.4086133690435064,-0.27977517000986935,0.0,0.0,0.0,0.0
12.049999999999788,-2.6069684786195833,1.7954798022978433,1.9989987134943235,-0.4041427298303241,-0.28655363331606515,0.0,0.0,0.0,0.0
12.059999999999787,-2.6069684786195833,1.7954798022978433,1.9989987134943235,-0.4041427298303241,-0.28655363331606515,0.0,0.0,0.0,0.0
12.069999999999787,-2.6069684786195833,1.7954798022978433,1.9989987134943235,-0.4041427298303241,-0.28655363331606515,0.0,0.0,0.0,0.0
12.079999999999787,-2.6069684786195833,1.7954798022978433,1.9989987134943235,-0.4041427298303241,-0.28655363331606515,0.0,0.0,0.0,0.0
12.089999999999787,-2.6206263885428176,1.785615618217532,1.998998695375578,-0.39935533340830615,-0.29345831023675273,0.0,0.0,0.0,0.0
12.099999999999786,-2.6206263885428176,1.785615618217532,1.998998695375578,-0.39935533340830615,-0.29345831023675273,0.0,0.0,0.0,0.0
12.109999999999786,-2.6206263885428176,1.785615618217532,1.998998695375578,-0.39935533340830615,-0.29345831023675273,0.0,0.0,0.0,0.0
12.119999999999786,-2.633723478992091,1.7758194821916062,1.9989984862998014,-0.3945275678824259,-0.3000292723717464,0.0,0.0,0.0,0.0
12.129999999999786,-2.633723478992091,1.7758194821916062,1.9989984862998014,-0.3945275678824259,-0.3000292723717464,0.0,0.0,0.0,0.0
12.139999999999786,-2.633723478992091,1.7758194821916062,1.9989984862998014,-0.3945275678824259,-0.3000292723717464,0.0,0.0,0.0,0.0
12.149999999999785,-2.6466563746664487,1.765810204264762,1.998998137399518,-0.38929027939292277,-0.3062782812206698,0.0,0.0,0.0,0.0
12.159999999999785,-2.6466563746664487,1.765810204264762,1.998998137399518,-0.38929027939292277,-0.3062782812206698,0.0,0.0,0.0,0.0
12.169999999999785,-2.6466563746664487,1.765810204264762,1.998998137399518,-0.38929027939292277,-0.3062782812206698,0.0,0.0,0.0,0.0
12.179999999999785,-2.6466563746664487,1.765810204264762,1.998998137399518,-0.38929027939292277,-0.3062782812206698,0.0,0.0,0.0,0.0
12.189999999999785,-2.6597878844854157,1.7552865176513068,1.9989985240321344,-0.3841287598608553,-0.3131527761736177,0.0,0.0,0.0,0.0
12.199999999999784,-2.6597878844854157,1.7552865176513068,1.9989985240321344,-0.3841287598608553,-0.3131527761736177,0.0,0.0,0.0,0.0
12.209999999999784,-2.6597878844854157,1.7552865176513068,1.9989985240321344,-0.3841287598608553,-0.3131527761736177,0.0,0.0,0.0,0.0
12.219999999999784,-2.6723672817157076,1.7448520828595515,1.998998665245888,-0.3782487445101101,-0.3188857597463595,0.0,0.0,0.0,0.0
12.229999999999784,-2.6723672817157076,1.7448520828595515,1.998998665245888,-0.3782487445101101,-0.3188857597463595,0.0,0.0,0.0,0.0
12.239999999999783,-2.6723672817157076,1.7448520828595515,1.998998665245888,-0.3782487445101101,-0.3188857597463595,0.0,0.0,0.0,0.0
12.249999999999783,-2.6847741984576325,1.7342118153677213,1.998998749559404,-0.3734856096886108,-0.3255147467010115,0.0,0.0,0.0,0.0
12.259999999999783,-2.6847741984576325,1.7342118153677213,1.998998749559404,-0.3734856096886108,-0.3255147467010115,0.0,0.0,0.0,0.0
12.269999999999783,-2.6847741984576325,1.7342118153677213,1.998998749559404,-0.3734856096886108,-0.3255147467010115,0.0,0.0,0.0,0.0
12.279999999999783,-2.6847741984576325,1.7342118153677213,1.998998749559404,-0.3734856096886108,-0.3255147467010115,0.0,0.0,0.0,0.0
12.289999999999782,-2.6973768089807515,1.7230326840580752,1.9989987712950525,-0.3679866687794876,-0.3318801973831376,0.0,0.0,0.0,0.0
12.299999999999782,-2.6973768089807515,1.7230326840580752,1.9989987712950525,-0.3679866687794876,-0.3318801973831376,0.0,0.0,0.0,0.0
12.309999999999782,-2.6973768089807515,1.7230326840580752,1.9989987712950525,-0.3679866687794876,-0.3318801973831376,0.0,0.0,0.0,0.0
12.319999999999782,-2.7094281968464236,1.7119768912775322,1.9989986450914843,-0.3625577103321051,-0.3379793708270505,0.0,0.0,0.0,0.0
12.329999999999782,-2.7094281968464236,1.7119768912775322,1.9989986450914843,-0.3625577103321051,-0.3379793708270505,0.0,0.0,0.0,0.0
12.339999999999781,-2.7094281968464236,1.7119768912775322,1.9989986450914843,-0.3625577103321051,-0.3379793708270505,0.0,0.0,0.0,0.0
12.349999999999781,-2.721297917235002,1.7007221441791698,1.9989983501760131,-0.3569742128120079,-0.34393551091629176,0.0,0.0,0.0,0.0
12.359999999999781,-2.721297917235002,1.7007221441791698,1.9989983501760131,-0.3569742128120079,-0.34393551091629176,0.0,0.0,0.0,0.0
12.36999999999978,-2.721297917235002,1.7007221441791698,1.9989983501760131,-0.3569742128120079,-0.34393551091629176,0.0,0.0,0.0,0.0
12.37999999999978,-2.721297917235002,1.7007221441791698,1.9989983501760131,-0.3569742128120079,-0.34393551091629176,0.0,0.0,0.0,0.0
12.38999999999978,-2.733332102536939,1.688933774547104,1.9989980308197302,-0.3512869346811827,-0.3485148894923756,0.0,0.0,0.0,0.0
12.39999999999978,-2.733332102536939,1.688933774547104,1.9989980308197302,-0.3512869346811827,-0.3485148894923756,0.0,0.0,0.0,0.0
12.40999999999978,-2.733332102536939,1.688933774547104,1.9989980308197302,-0.3512869346811827,-0.3485148894923756,0.0,0.0,0.0,0.0
12.41999999999978,-2.7448546674992733,1.67737012561111,1.998998910141763,-0.34641445960373646,-0.3535574356236952,0.0,0.0,0.0,0.0
12.42999999999978,-2.7448546674992733,1.67737012561111,1.998998910141763,-0.34641445960373646,-0.3535574356236952,0.0,0.0,0.0,0.0
12.43999999999978,-2.7448546674992733,1.67737012561111,1.998998910141763,-0.34641445960373646,-0.3535574356236952,0.0,0.0,0.0,0.0
12.449999999999779,-2.756148878349112,1.665552911207313,1.9989987056285403,-0.3390956191829871,-0.3611386435908275,0.0,0.0,0.0,0.0
12.459999999999779,-2.756148878349112,1.665552911207313,1.9989987056285403,-0.3390956191829871,-0.3611386435908275,0.0,0.0,0.0,0.0
12.469999999999779,-2.756148878349112,1.665552911207313,1.9989987056285403,-0.3390956191829871,-0.3611386435908275,0.0,0.0,0.0,0.0
12.479999999999778,-2.756148878349112,1.665552911207313,1.9989987056285403,-0.3390956191829871,-0.3611386435908275,0.0,0.0,0.0,0.0
12.489999999999778,-2.767571656526882,1.6531723842313055,1.9989987951845025,-0.3329853871806833,-0.3669323110143197,0.0,0.0,0.0,0.0
12.499999999999778,-2.767571656526882,1.6531723842313055,1.9989987951845025,-0.3329853871806833,-0.3669323110143197,0.0,0.0,0.0,0.0
12.509999999999778,-2.767571656526882,1.6531723842313055,1.9989987951845025,-0.3329853871806833,-0.3669323110143197,0.0,0.0,0.0,0.0
12.519999999999778,-2.7784580189076777,1.6409694771838186,1.9989987316156341,-0.3269657788886062,-0.3724621549550082,0.0,0.0,0.0,0.0
12.529999999999777,-2.7784580189076777,1.6409694771838186,1.9989987316156341,-0.3269657788886062,-0.3724621549550082,0.0,0.0,0.0,0.0
12.539999999999777,-2.7784580189076777,1.6409694771838186,1.9989987316156341,-0.3269657788886062,-0.3724621549550082,0.0,0.0,0.0,0.0
12.549999999999777,-2.789144113938588,1.6285858636371369,1.9989984860537988,-0.32085963652243993,-0.3778967680568277,0.0,0.0,0.0,0.0
12.559999999999777,-2.789144113938588,1.6285858636371369,1.9989984860537988,-0.32085963652243993,-0.3778967680568277,0.0,0.0,0.0,0.0
12.569999999999776,-2.789144113938588,1.6285858636371369,1.9989984860537988,-0.32085963652243993,-0.3778967680568277,0.0,0.0,0.0,0.0
12.579999999999776,-2.789144113938588,1.6285858636371369,1.9989984860537988,-0.32085963652243993,-0.3778967680568277,0.0,0.0,0.0,0.0
12.589999999999776,-2.799939704231124,1.6156445213818695,1.9989980423984615,-0.3144507312302624,-0.38303188515848646,0.0,0.0,0.0,0.0
12.599999999999776,-2.799939704231124,1.6156445213818695,1.9989980423984615,-0.3144507312302624,-0.38303188515848646,0.0,0.0,0.0,0.0
12.609999999999776,-2.799939704231124,1.6156445213818695,1.9989980423984615,-0.3144507312302624,-0.38303188515848646,0.0,0.0,0.0,0.0
12.619999999999775,-2.8102476119639563,1.6029792742281,1.9989987243276814,-0.31001474658450984,-0.38533907762957487,0.0,0.0,0.0,0.0
12.629999999999775,-2.8102476119639563,1.6029792742281,1.9989987243276814,-0.31001474658450984,-0.38533907762957487,0.0,0.0,0.0,0.0
12.639999999999775,-2.8102476119639563,1.6029792742281,1.9989987243276814,-0.31001474658450984,-0.38533907762957487,0.0,0.0,0.0,0.0
12.649999999999775,-2.8203291624897915,1.5901173967831965,1.9989986578487853,-0.30134744312741546,-0.39314644200944077,0.0,0.0,0.0,0.0
12.659999999999775,-2.8203291624897915,1.5901173967831965,1.9989986578487853,-0.30134744312741546,-0.39314644200944077,0.0,0.0,0.0,0.0
12.669999999999774,-2.8203291624897915,1.5901173967831965,1.9989986578487853,-0.30134744312741546,-0.39314644200944077,0.0,0.0,0.0,0.0
12.679999999999774,-2.8203291624897915,1.5901173967831965,1.9989986578487853,-0.30134744312741546,-0.39314644200944077,0.0,0.0,0.0,0.0
12.689999999999774,-2.8304587427341277,1.5766595967338253,1.9989987703479475,-0.294678646100777,-0.3983032125723415,0.0,0.0,0.0,0.0
12.699999999999774,-2.8304587427341277,1.5766595967338253,1.9989987703479475,-0.294678646100777,-0.3983032125723415,0.0,0.0,0.0,0.0
12.709999999999773,-2.8304587427341277,1.5766595967338253,1.9989987703479475,-0.294678646100777,-0.3983032125723415,0.0,0.0,0.0,0.0
12.719999999999773,-2.84007201889438,1.563431976417713,1.9989987554039834,-0.2881293718632548,-0.4032080521011129,0.0,0.0,0.0,0.0
12.729999999999773,-2.84007201889438,1.563431976417713,1.9989987554039834,-0.2881293718632548,-0.4032080521011129,0.0,0.0,0.0,0.0
12.739999999999773,-2.84007201889438,1.563431976417713,1.9989987554039834,-0.2881293718632548,-0.4032080521011129,0.0,0.0,0.0,0.0
12.749999999999773,-2.8494676459160564,1.5500445270534342,1.9989985723188726,-0.28149185781424774,-0.4079965590996969,0.0,0.0,0.0,0.0
12.759999999999772,-2.8494676459160564,1.5500445270534342,1.9989985723188726,-0.28149185781424774,-0.4079965590996969,0.0,0.0,0.0,0.0
12.769999999999772,-2.8494676459160564,1.5500445270534342,1.9989985723188726,-0.28149185781424774,-0.4079965590996969,0.0,0.0,0.0,0.0
12.779999999999772,-2.8494676459160564,1.5500445270534342,1.9989985723188726,-0.28149185781424774,-0.4079965590996969,0.0,0.0,0.0,0.0
12.789999999999772,-2.858915439712606,1.5360917785963366,1.9989981651726296,-0.2743122132422378,-0.41237309273219636,0.0,0.0,0.0,0.0
12.799999999999772,-2.858915439712606,1.5360917785963366,1.9989981651726296,-0.2743122132422378,-0.41237309273219636,0.0,0.0,0.0,0.0
12.809999999999771,-2.858915439712606,1.5360917785963366,1.9989981651726296,-0.2743122132422378,-0.41237309273219636,0.0,0.0,0.0,0.0
12.819999999999771,-2.867852598472635,1.5224094386212508,1.998998248877188,-0.26769745799181377,-0.41700638278167257,0.0,0.0,0.0,0.0
12.829999999999771,-2.867852598472635,1.5224094386212508,1.998998248877188,-0.26769745799181377,-0.41700638278167257,0.0,0.0,0.0,0.0
12.83999999999977,-2.867852598472635,1.5224094386212508,1.998998248877188,-0.26769745799181377,-0.41700638278167257,0.0,0.0,0.0,0.0
12.84999999999977,-2.8765601915341596,1.5085869362068163,1.998999005640885,-0.26049074549022466,-0.4210436427278145,0.0,0.0,0.0,0.0
12.85999999999977,-2.8765601915341596,1.5085869362068163,1.998999005640885,-0.26049074549022466,-0.4210436427278145,0.0,0.0,0.0,0.0
12.86999999999977,-2.8765601915341596,1.5085869362068163,1.998999005640885,-0.26049074549022466,-0.4210436427278145,0.0,0.0,0.0,0.0
12.87999999999977,-2.8765601915341596,1.5085869362068163,1.998999005640885,-0.26049074549022466,-0.4210436427278145,0.0,0.0,0.0,0.0
12.88999999999977,-2.8852967412261905,1.4941858942310797,1.9989986690239456,-0.2534565689875111,-0.42568070620008974,0.0,0.0,0.0,0.0
12.89999999999977,-2.8852967412261905,1.4941858942310797,1.9989986690239456,-0.2534565689875111,-0.42568070620008974,0.0,0.0,0.0,0.0
12.90999999999977,-2.8852967412261905,1.4941858942310797,1.9989986690239456,-0.2534565689875111,-0.42568070620008974,0.0,0.0,0.0,0.0
12.919999999999769,-2.893541786031727,1.4800661904249734,1.9989987347063312,-0.24644276705184245,-0.42991263332131224,0.0,0.0,0.0,0.0
12.929999999999769,-2.893541786031727,1.4800661904249734,1.9989987347063312,-0.24644276705184245,-0.42991263332131224,0.0,0.0,0.0,0.0
12.939999999999769,-2.893541786031727,1.4800661904249734,1.9989987347063312,-0.24644276705184245,-0.42991263332131224,0.0,0.0,0.0,0.0
12.949999999999768,-2.9015539411453437,1.4658092662618454,1.9989985926930482,-0.23934246148893693,-0.43399718753396205,0.0,0.0,0.0,0.0
12.959999999999768,-2.9015539411453437,1.4658092662618454,1.9989985926930482,-0.23934246148893693,-0.43399718753396205,0.0,0.0,0.0,0.0
12.969999999999768,-2.9015539411453437,1.4658092662618454,1.9989985926930482,-0.23934246148893693,-0.43399718753396205,0.0,0.0,0.0,0.0
12.979999999999768,-2.9015539411453437,1.4658092662618454,1.9989985926930482,-0.23934246148893693,-0.43399718753396205,0.0,0.0,0.0,0.0
12.989999999999768,-2.9095583789093835,1.450990347020607,1.9989986471467849,-0.23155336982409974,-0.43720212285834303,0.0,0.0,0.0,0.0
12.999999999999767,-2.9095583789093835,1.450990347020607,1.9989986471467849,-0.23155336982409974,-0.43720212285834303,0.0,0.0,0.0,0.0
13.009999999999767,-2.9095583789093835,1.450990347020607,1.9989986471467849,-0.23155336982409974,-0.43720212285834303,0.0,0.0,0.0,0.0
13.019999999999767,-2.917087871627949,1.4364811525236079,1.998998511424802,-0.22476782167793166,-0.44166746734843426,0.0,0.0,0.0,0.0
13.029999999999767,-2.917087871627949,1.4364811525236079,1.998998511424802,-0.22476782167793166,-0.44166746734843426,0.0,0.0,0.0,0.0
13.039999999999766,-2.917087871627949,1.4364811525236079,1.998998511424802,-0.22476782167793166,-0.44166746734843426,0.0,0.0,0.0,0.0
13.049999999999766,-2.9243812479702975,1.4218447265972218,1.9989982842343816,-0.21742235161160717,-0.445169660935414,0.0,0.0,0.0,0.0
13.059999999999766,-2.9243812479702975,1.4218447265972218,1.9989982842343816,-0.21742235161160717,-0.445169660935414,0.0,0.0,0.0,0.0
13.069999999999766,-2.9243812479702975,1.4218447265972218,1.9989982842343816,-0.21742235161160717,-0.445169660935414,0.0,0.0,0.0,0.0
13.079999999999766,-2.9243812479702975,1.4218447265972218,1.9989982842343816,-0.21742235161160717,-0.445169660935414,0.0,0.0,0.0,0.0
13.089999999999765,-2.93163479559692,1.406652736106268,1.998998470290754,-0.20982364110343024,-0.44899620570326637,0.0,0.0,0.0,0.0
13.099999999999765,-2.93163479559692,1.406652736106268,1.998998470290754,-0.20982364110343024,-0.44899620570326637,0.0,0.0,0.0,0.0
13.109999999999765,-2.93163479559692,1.406652736106268,1.998998470290754,-0.20982364110343024,-0.44899620570326637,0.0,0.0,0.0,0.0
13.119999999999765,-2.9384302883781834,1.3917820299883337,1.9989986486612843,-0.20232307338623706,-0.4523149925032793,0.0,0.0,0.0,0.0
13.129999999999765,-2.9384302883781834,1.3917820299883337,1.9989986486612843,-0.20232307338623706,-0.4523149925032793,0.0,0.0,0.0,0.0
13.139999999999764,-2.9384302883781834,1.3917820299883337,1.9989986486612843,-0.20232307338623706,-0.4523149925032793,0.0,0.0,0.0,0.0
13.149999999999764,-2.944979841174499,1.3767984559410391,1.9989985468887834,-0.1948331722464806,-0.4556436868142703,0.0,0.0,0.0,0.0
13.159999999999764,-2.944979841174499,1.3767984559410391,1.9989985468887834,-0.1948331722464806,-0.4556436868142703,0.0,0.0,0.0,0.0
13.169999999999764,-2.944979841174499,1.3767984559410391,1.9989985468887834,-0.1948331722464806,-0.4556436868142703,0.0,0.0,0.0,0.0
13.179999999999763,-2.944979841174499,1.3767984559410391,1.9989985468887834,-0.1948331722464806,-0.4556436868142703,0.0,0.0,0.0,0.0
13.189999999999763,-2.9514632671000367,1.3612630910402714,1.99899920064333,-0.18690676697627726,-0.45829516784936125,0.0,0.0,0.0,0.0
13.199999999999763,-2.9514632671000367,1.3612630910402714,1.99899920064333,-0.18690676697627726,-0.45829516784936125,0.0,0.0,0.0,0.0
13.209999999999763,-2.9514632671000367,1.3612630910402714,1.99899920064333,-0.18690676697627726,-0.45829516784936125,0.0,0.0,0.0,0.0
13.219999999999763,-2.9575096456696093,1.3460715370102927,1.9989986607456183,-0.179584524079785,-0.46189043291028403,0.0,0.0,0.0,0.0
13.229999999999762,-2.9575096456696093,1.3460715370102927,1.9989986607456183,-0.179584524079785,-0.46189043291028403,0.0,0.0,0.0,0.0
13.239999999999762,-2.9575096456696093,1.3460715370102927,1.9989986607456183,-0.179584524079785,-0.46189043291028403,0.0,0.0,0.0,0.0
13.249999999999762,-2.96330702925603,1.3307786341706793,1.9989984956325069,-0.17198839136849225,-0.46483129631068343,0.0,0.0,0.0,0.0
13.259999999999762,-2.96330702925603,1.3307786341706793,1.9989984956325069,-0.17198839136849225,-0.46483129631068343,0.0,0.0,0.0,0.0
13.269999999999762,-2.96330702925603,1.3307786341706793,1.9989984956325069,-0.17198839136849225,-0.46483129631068343,0.0,0.0,0.0,0.0
13.279999999999761,-2.96330702925603,1.3307786341706793,1.9989984956325069,-0.17198839136849225,-0.46483129631068343,0.0,0.0,0.0,0.0
13.289999999999761,-2.9690153516770925,1.3149272685559399,1.9989982463566869,-0.1639125950617898,-0.4672659878103649,0.0,0.0,0.0,0.0
13.299999999999761,-2.9690153516770925,1.3149272685559399,1.9989982463566869,-0.1639125950617898,-0.4672659878103649,0.0,0.0,0.0,0.0
13.30999999999976,-2.9690153516770925,1.3149272685559399,1.9989982463566869,-0.1639125950617898,-0.4672659878103649,0.0,0.0,0.0,0.0
13.31999999999976,-2.9742926307009907,1.299458477485192,1.9989984380890138,-0.1561907670703129,-0.47013879889636856,0.0,0.0,0.0,0.0
13.32999999999976,-2.9742926307009907,1.299458477485192,1.9989984380890138,-0.1561907670703129,-0.47013879889636856,0.0,0.0,0.0,0.0
13.33999999999976,-2.9742926307009907,1.299458477485192,1.9989984380890138,-0.1561907670703129,-0.47013879889636856,0.0,0.0,0.0,0.0
13.34999999999976,-2.9793150177665626,1.2838985179289226,1.9989984102444935,-0.14839975694367497,-0.4726862841928874,0.0,0.0,0.0,0.0
13.35999999999976,-2.9793150177665626,1.2838985179289226,1.9989984102444935,-0.14839975694367497,-0.4726862841928874,0.0,0.0,0.0,0.0
13.36999999999976,-2.9793150177665626,1.2838985179289226,1.9989984102444935,-0.14839975694367497,-0.4726862841928874,0.0,0.0,0.0,0.0
13.37999999999976,-2.9793150177665626,1.2838985179289226,1.9989984102444935,-0.14839975694367497,-0.4726862841928874,0.0,0.0,0.0,0.0
13.389999999999759,-2.9842164424990036,1.267798902183868,1.998998994575324,-0.14044287771720698,-0.4751235173251761,0.0,0.0,0.0,0.0
13.399999999999759,-2.9842164424990036,1.267798902183868,1.998998994575324,-0.14044287771720698,-0.4751235173251761,0.0,0.0,0.0,0.0
13.409999999999759,-2.9842164424990036,1.267798902183868,1.998998994575324,-0.14044287771720698,-0.4751235173251761,0.0,0.0,0.0,0.0
13.419999999999758,-2.9887180793342276,1.2520797705337314,1.9989987600449317,-0.1326177090270273,-0.47745197011075,0.0,0.0,0.0,0.0
13.429999999999758,-2.9887180793342276,1.2520797705337314,1.9989987600449317,-0.1326177090270273,-0.47745197011075,0.0,0.0,0.0,0.0
13.439999999999758,-2.9887180793342276,1.2520797705337314,1.9989987600449317,-0.1326177090270273,-0.47745197011075,0.0,0.0,0.0,0.0
13.449999999999758,-2.992961191219327,1.2362856389424683,1.9989986478678323,-0.12477320751840866,-0.4796882232798387,0.0,0.0,0.0,0.0
13.459999999999757,-2.992961191219327,1.2362856389424683,1.9989986478678323,-0.12477320751840866,-0.4796882232798387,0.0,0.0,0.0,0.0
13.469999999999757,-2.992961191219327,1.2362856389424683,1.9989986478678323,-0.12477320751840866,-0.4796882232798387,0.0,0.0,0.0,0.0
13.479999999999757,-2.992961191219327,1.2362856389424683,1.9989986478678323,-0.12477320751840866,-0.4796882232798387,0.0,0.0,0.0,0.0
13.489999999999757,-2.9970610549007177,1.2199396755200762,1.9989984006401802,-0.11662933239455268,-0.48176268091788044,0.0,0.0,0.0,0.0
13.499999999999757,-2.9970610549007177,1.2199396755200762,1.9989984006401802,-0.11662933239455268,-0.48176268091788044,0.0,0.0,0.0,0.0
13.509999999999756,-2.9970610549007177,1.2199396755200762,1.9989984006401802,-0.11662933239455268,-0.48176268091788044,0.0,0.0,0.0,0.0
13.519999999999756,-3.000772995947231,1.204016117756974,1.9989983325728768,-0.10846827646916464,-0.4829557846986896,0.0,0.0,0.0,0.0
13.529999999999756,-3.000772995947231,1.204016117756974,1.9989983325728768,-0.10846827646916464,-0.4829557846986896,0.0,0.0,0.0,0.0
13.539999999999756,-3.000772995947231,1.204016117756974,1.9989983325728768,-0.10846827646916464,-0.4829557846986896,0.0,0.0,0.0,0.0
13.549999999999756,-3.0042186437378358,1.1880368397135423,1.9989982225605905,-0.10048920980406946,-0.4848153903665511,0.0,0.0,0.0,0.0
13.559999999999755,-3.0042186437378358,1.1880368397135423,1.9989982225605905,-0.10048920980406946,-0.4848153903665511,0.0,0.0,0.0,0.0
13.569999999999755,-3.0042186437378358,1.1880368397135423,1.9989982225605905,-0.10048920980406946,-0.4848153903665511,0.0,0.0,0.0,0.0
13.579999999999755,-3.0042186437378358,1.1880368397135423,1.9989982225605905,-0.10048920980406946,-0.4848153903665511,0.0,0.0,0.0,0.0
13.589999999999755,-3.0074915593055787,1.171528760149764,1.9989985949745062,-0.09236164619596471,-0.4867121329942262,0.0,0.0,0.0,0.0
13.599999999999755,-3.0074915593055787,1.171528760149764,1.9989985949745062,-0.09236164619596471,-0.4867121329942262,0.0,0.0,0.0,0.0
13.609999999999754,-3.0074915593055787,1.171528760149764,1.9989985949745062,-0.09236164619596471,-0.4867121329942262,0.0,0.0,0.0,0.0
13.619999999999754,-3.010403285556767,1.1554408541151668,1.998998784793713,-0.08434566793563208,-0.48825595653539666,0.0,0.0,0.0,0.0
13.629999999999754,-3.010403285556767,1.1554408541151668,1.998998784793713,-0.08434566793563208,-0.48825595653539666,0.0,0.0,0.0,0.0
13.639999999999754,-3.010403285556767,1.1554408541151668,1.998998784793713,-0.08434566793563208,-0.48825595653539666,0.0,0.0,0.0,0.0
13.649999999999753,-3.013050116301489,1.1393036728117423,1.9989987428284437,-0.07630691810245084,-0.48969418039226786,0.0,0.0,0.0,0.0
13.659999999999753,-3.013050116301489,1.1393036728117423,1.9989987428284437,-0.07630691810245084,-0.48969418039226786,0.0,0.0,0.0,0.0
13.669999999999753,-3.013050116301489,1.1393036728117423,1.9989987428284437,-0.07630691810245084,-0.48969418039226786,0.0,0.0,0.0,0.0
13.679999999999753,-3.013050116301489,1.1393036728117423,1.9989987428284437,-0.07630691810245084,-0.48969418039226786,0.0,0.0,0.0,0.0
13.689999999999753,-3.0154992491859165,1.1226304209805085,1.9989985271431783,-0.06800226573649741,-0.49103871948067623,0.0,0.0,0.0,0.0
13.699999999999752,-3.0154992491859165,1.1226304209805085,1.9989985271431783,-0.06800226573649741,-0.49103871948067623,0.0,0.0,0.0,0.0
13.709999999999752,-3.0154992491859165,1.1226304209805085,1.9989985271431783,-0.06800226573649741,-0.49103871948067623,0.0,0.0,0.0,0.0
13.719999999999752,-3.0176056113662106,1.1064084717357618,1.998998197589467,-0.059901592999744964,-0.49206426578257384,0.0,0.0,0.0,0.0
13.729999999999752,-3.0176056113662106,1.1064084717357618,1.998998197589467,-0.059901592999744964,-0.49206426578257384,0.0,0.0,0.0,0.0
13.739999999999752,-3.0176056113662106,1.1064084717357618,1.998998197589467,-0.059901592999744964,-0.49206426578257384,0.0,0.0,0.0,0.0
13.749999999999751,-3.019476496833206,1.0901737744147058,1.998998412186571,-0.05388393865364044,-0.491394520459783,0.0,0.0,0.0,0.0
13.759999999999751,-3.019476496833206,1.0901737744147058,1.998998412186571,-0.05388393865364044,-0.491394520459783,0.0,0.0,0.0,0.0
13.76999999999975,-3.019476496833206,1.0901737744147058,1.998998412186571,-0.05388393865364044,-0.491394520459783,0.0,0.0,0.0,0.0
13.77999999999975,-3.019476496833206,1.0901737744147058,1.998998412186571,-0.05388393865364044,-0.491394520459783,0.0,0.0,0.0,0.0
13.78999999999975,-3.02111497281041,1.0734227656070632,1.9989986083072107,-0.04341095940541976,-0.49341758794606805,0.0,0.0,0.0,0.0
13.79999999999975,-3.02111497281041,1.0734227656070632,1.9989986083072107,-0.04341095940541976,-0.49341758794606805,0.0,0.0,0.0,0.0
13.80999999999975,-3.02111497281041,1.0734227656070632,1.9989986083072107,-0.04341095940541976,-0.49341758794606805,0.0,0.0,0.0,0.0
13.81999999999975,-3.0224093456959515,1.0571257825184361,1.998998767414448,-0.03527486775392744,-0.4941925150810632,0.0,0.0,0.0,0.0
13.82999999999975,-3.0224093456959515,1.0571257825184361,1.998998767414448,-0.03527486775392744,-0.4941925150810632,0.0,0.0,0.0,0.0
13.83999999999975,-3.0224093456959515,1.0571257825184361,1.998998767414448,-0.03527486775392744,-0.4941925150810632,0.0,0.0,0.0,0.0
13.84999999999975,-3.0234349160920564,1.0408063898999365,1.9989987746678348,-0.027124157649951096,-0.4948185726748171,0.0,0.0,0.0,0.0
13.859999999999749,-3.0234349160920564,1.0408063898999365,1.9989987746678348,-0.027124157649951096,-0.4948185726748171,0.0,0.0,0.0,0.0
13.869999999999749,-3.0234349160920564,1.0408063898999365,1.9989987746678348,-0.027124157649951096,-0.4948185726748171,0.0,0.0,0.0,0.0
13.879999999999749,-3.0234349160920564,1.0408063898999365,1.9989987746678348,-0.027124157649951096,-0.4948185726748171,0.0,0.0,0.0,0.0
13.889999999999748,-3.0242100494252306,1.023973418273726,1.998998635385453,-0.018716985391329124,-0.495338316986024,0.0,0.0,0.0,0.0
13.899999999999748,-3.0242100494252306,1.023973418273726,1.998998635385453,-0.018716985391329124,-0.495338316986024,0.0,0.0,0.0,0.0
13.909999999999748,-3.0242100494252306,1.023973418273726,1.998998635385453,-0.018716985391329124,-0.495338316986024,0.0,0.0,0.0,0.0
13.919999999999748,-3.024688842235646,1.0076222573519007,1.9989982882787343,-0.010549416461595395,-0.4955985123735971,0.0,0.0,0.0,0.0
13.929999999999747,-3.024688842235646,1.0076222573519007,1.9989982882787343,-0.010549416461595395,-0.4955985123735971,0.0,0.0,0.0,0.0
13.939999999999747,-3.024688842235646,1.0076222573519007,1.9989982882787343,-0.010549416461595395,-0.4955985123735971,0.0,0.0,0.0,0.0
13.949999999999747,-3.0249070359494112,0.9912811379336253,1.9989986301161138,-0.0032570426447759418,-0.49477713290219244,0.0,0.0,0.0,0.0
13.959999999999747,-3.0249070359494112,0.9912811379336253,1.9989986301161138,-0.0032570426447759418,-0.49477713290219244,0.0,0.0,0.0,0.0
13.969999999999747,-3.0249070359494112,0.9912811379336253,1.9989986301161138,-0.0032570426447759418,-0.49477713290219244,0.0,0.0,0.0,0.0
13.979999999999746,-3.0249070359494112,0.9912811379336253,1.9989986301161138,-0.0032570426447759418,-0.49477713290219244,0.0,0.0,0.0,0.0
13.989999999999746,-3.024860273696195,0.9744459591667574,1.998998474488125,0.005947519858418067,-0.49543234264143327,0.0,0.0,0.0,0.0
13.999999999999746,-3.024860273696195,0.9744459591667574,1.998998474488125,0.005947519858418067,-0.49543234264143327,0.0,0.0,0.0,0.0
14.009999999999746,-3.024860273696195,0.9744459591667574,1.998998474488125,0.005947519858418067,-0.49543234264143327,0.0,0.0,0.0,0.0
14.019999999999746,-3.0245249809140367,0.9581019171874094,1.9989986880590458,0.014126907575928462,-0.4952108413733571,0.0,0.0,0.0,0.0
14.029999999999745,-3.0245249809140367,0.9581019171874094,1.9989986880590458,0.014126907575928462,-0.4952108413733571,0.0,0.0,0.0,0.0
14.039999999999745,-3.0245249809140367,0.9581019171874094,1.9989986880590458,0.014126907575928462,-0.4952108413733571,0.0,0.0,0.0,0.0
14.049999999999745,-3.023919720366969,0.9417627002005806,1.9989987606567123,0.022308223568921665,-0.4950207609627429,0.0,0.0,0.0,0.0
14.059999999999745,-3.023919720366969,0.9417627002005806,1.9989987606567123,0.022308223568921665,-0.4950207609627429,0.0,0.0,0.0,0.0
14.069999999999744,-3.023919720366969,0.9417627002005806,1.9989987606567123,0.022308223568921665,-0.4950207609627429,0.0,0.0,0.0,0.0
14.079999999999744,-3.023919720366969,0.9417627002005806,1.9989987606567123,0.022308223568921665,-0.4950207609627429,0.0,0.0,0.0,0.0
14.089999999999744,-3.0230138218522375,0.9249375210898341,1.998998665991427,0.030734441043840925,-0.4946933716364034,0.0,0.0,0.0,0.0
14.099999999999744,-3.0230138218522375,0.9249375210898341,1.998998665991427,0.030734441043840925,-0.4946933716364034,0.0,0.0,0.0,0.0
14.109999999999744,-3.0230138218522375,0.9249375210898341,1.998998665991427,0.030734441043840925,-0.4946933716364034,0.0,0.0,0.0,0.0
14.119999999999743,-3.021860815571282,0.9086209245607667,1.9989984626970454,0.03889166624468189,-0.4942085173884704,0.0,0.0,0.0,0.0
14.129999999999743,-3.021860815571282,0.9086209245607667,1.9989984626970454,0.03889166624468189,-0.4942085173884704,0.0,0.0,0.0,0.0
14.139999999999743,-3.021860815571282,0.9086209245607667,1.9989984626970454,0.03889166624468189,-0.4942085173884704,0.0,0.0,0.0,0.0
14.149999999999743,-3.0204391203780103,0.8923296162645832,1.9989983927158215,0.04701722274332482,-0.4933333525617063,0.0,0.0,0.0,0.0
14.159999999999743,-3.0204391203780103,0.8923296162645832,1.9989983927158215,0.04701722274332482,-0.4933333525617063,0.0,0.0,0.0,0.0
14.169999999999742,-3.0204391203780103,0.8923296162645832,1.9989983927158215,0.04701722274332482,-0.4933333525617063,0.0,0.0,0.0,0.0
14.179999999999742,-3.0204391203780103,0.8923296162645832,1.9989983927158215,0.04701722274332482,-0.4933333525617063,0.0,0.0,0.0,0.0
14.189999999999742,-3.0186955797033788,0.8755783402024956,1.9989981374992334,0.05530099580921028,-0.4916118311299021,0.0,0.0,0.0,0.0
14.199999999999742,-3.0186955797033788,0.8755783402024956,1.9989981374992334,0.05530099580921028,-0.4916118311299021,0.0,0.0,0.0,0.0
14.209999999999742,-3.0186955797033788,0.8755783402024956,1.9989981374992334,0.05530099580921028,-0.4916118311299021,0.0,0.0,0.0,0.0
14.219999999999741,-3.016729309308691,0.8593706051772166,1.9989985902319263,0.06363865920154625,-0.49139418878568114,0.0,0.0,0.0,0.0
14.229999999999741,-3.016729309308691,0.8593706051772166,1.9989985902319263,0.06363865920154625,-0.49139418878568114,0.0,0.0,0.0,0.0
14.23999999999974,-3.016729309308691,0.8593706051772166,1.9989985902319263,0.06363865920154625,-0.49139418878568114,0.0,0.0,0.0,0.0
14.24999999999974,-3.0144915361946296,0.8431752431805024,1.9989987509970741,0.07175319540328574,-0.490261246663293,0.0,0.0,0.0,0.0
14.25999999999974,-3.0144915361946296,0.8431752431805024,1.9989987509970741,0.07175319540328574,-0.490261246663293,0.0,0.0,0.0,0.0
14.26999999999974,-3.0144915361946296,0.8431752431805024,1.9989987509970741,0.07175319540328574,-0.490261246663293,0.0,0.0,0.0,0.0
14.27999999999974,-3.0144915361946296,0.8431752431805024,1.9989987509970741,0.07175319540328574,-0.490261246663293,0.0,0.0,0.0,0.0
14.28999999999974,-3.011905596113664,0.8265265182432765,1.9989987005892287,0.08011400783809709,-0.4890839081169309,0.0,0.0,0.0,0.0
14.29999999999974,-3.011905596113664,0.8265265182432765,1.9989987005892287,0.08011400783809709,-0.4890839081169309,0.0,0.0,0.0,0.0
14.30999999999974,-3.011905596113664,0.8265265182432765,1.9989987005892287,0.08011400783809709,-0.4890839081169309,0.0,0.0,0.0,0.0
14.31999999999974,-3.009124499026443,0.810409217702337,1.998998494214131,0.0881801654184821,-0.4877260334295789,0.0,0.0,0.0,0.0
14.329999999999739,-3.009124499026443,0.810409217702337,1.998998494214131,0.0881801654184821,-0.4877260334295789,0.0,0.0,0.0,0.0
14.339999999999739,-3.009124499026443,0.810409217702337,1.998998494214131,0.0881801654184821,-0.4877260334295789,0.0,0.0,0.0,0.0
14.349999999999739,-3.0060788298883936,0.7943451341320913,1.998998474343339,0.09618313669032467,-0.4861220826183744,0.0,0.0,0.0,0.0
14.359999999999738,-3.0060788298883936,0.7943451341320913,1.998998474343339,0.09618313669032467,-0.4861220826183744,0.0,0.0,0.0,0.0
14.369999999999738,-3.0060788298883936,0.7943451341320913,1.998998474343339,0.09618313669032467,-0.4861220826183744,0.0,0.0,0.0,0.0
14.379999999999738,-3.0060788298883936,0.7943451341320913,1.998998474343339,0.09618313669032467,-0.4861220826183744,0.0,0.0,0.0,0.0
14.389999999999738,-3.002664808676709,0.7778456432428303,1.9989983742339807,0.10439328299410029,-0.4844433333751825,0.0,0.0,0.0,0.0
14.399999999999737,-3.002664808676709,0.7778456432428303,1.9989983742339807,0.10439328299410029,-0.4844433333751825,0.0,0.0,0.0,0.0
14.409999999999737,-3.002664808676709,0.7778456432428303,1.9989983742339807,0.10439328299410029,-0.4844433333751825,0.0,0.0,0.0,0.0
14.419999999999737,-2.9990871505997596,0.7619030613996397,1.9989986475047479,0.11215633995498486,-0.48133726840335617,0.0,0.0,0.0,0.0
14.429999999999737,-2.9990871505997596,0.7619030613996397,1.9989986475047479,0.11215633995498486,-0.48133726840335617,0.0,0.0,0.0,0.0
14.439999999999737,-2.9990871505997596,0.7619030613996397,1.9989986475047479,0.11215633995498486,-0.48133726840335617,0.0,0.0,0.0,0.0
14.449999999999736,-2.995242830099712,0.746025508480449,1.9989986050546464,0.12044624304566987,-0.4805530951192911,0.0,0.0,0.0,0.0
14.459999999999736,-2.995242830099712,0.746025508480449,1.9989986050546464,0.12044624304566987,-0.4805530951192911,0.0,0.0,0.0,0.0
14.469999999999736,-2.995242830099712,0.746025508480449,1.9989986050546464,0.12044624304566987,-0.4805530951192911,0.0,0.0,0.0,0.0
14.479999999999736,-2.995242830099712,0.746025508480449,1.9989986050546464,0.12044624304566987,-0.4805530951192911,0.0,0.0,0.0,0.0
14.489999999999736,-2.9910036429698272,0.7297205575005513,1.9989986501101842,0.1286603525428179,-0.47855828974603737,0.0,0.0,0.0,0.0
14.499999999999735,-2.9910036429698272,0.7297205575005513,1.9989986501101842,0.1286603525428179,-0.47855828974603737,0.0,0.0,0.0,0.0
14.509999999999735,-2.9910036429698272,0.7297205575005513,1.9989986501101842,0.1286603525428179,-0.47855828974603737,0.0,0.0,0.0,0.0
14.519999999999735,-2.986623798285077,0.7139658464947991,1.9989984876701972,0.13648764440274155,-0.47610181728737716,0.0,0.0,0.0,0.0
14.529999999999735,-2.986623798285077,0.7139658464947991,1.9989984876701972,0.13648764440274155,-0.47610181728737716,0.0,0.0,0.0,0.0
14.539999999999734,-2.986623798285077,0.7139658464947991,1.9989984876701972,0.13648764440274155,-0.47610181728737716,0.0,0.0,0.0,0.0
14.549999999999734,-2.981986079236915,0.6982896703121808,1.9989986942157068,0.1443511340570708,-0.4740173476192864,0.0,0.0,0.0,0.0
14.559999999999734,-2.981986079236915,0.6982896703121808,1.9989986942157068,0.1443511340570708,-0.4740173476192864,0.0,0.0,0.0,0.0
14.569999999999734,-2.981986079236915,0.6982896703121808,1.9989986942157068,0.1443511340570708,-0.4740173476192864,0.0,0.0,0.0,0.0
14.579999999999734,-2.981986079236915,0.6982896703121808,1.9989986942157068,0.1443511340570708,-0.4740173476192864,0.0,0.0,0.0,0.0
14.589999999999733,-2.976937177961563,0.6822147134398411,1.998998567903092,0.15239808815695555,-0.47161188387714603,0.0,0.0,0.0,0.0
14.599999999999733,-2.976937177961563,0.6822147134398411,1.998998567903092,0.15239808815695555,-0.47161188387714603,0.0,0.0,0.0,0.0
14.609999999999733,-2.976937177961563,0.6822147134398411,1.998998567903092,0.15239808815695555,-0.47161188387714603,0.0,0.0,0.0,0.0
14.619999999999733,-2.9717766685890084,0.6666954492352283,1.9989983075487467,0.16011045227412385,-0.4689899630727175,0.0,0.0,0.0,0.0
14.629999999999733,-2.9717766685890084,0.6666954492352283,1.9989983075487467,0.16011045227412385,-0.4689899630727175,0.0,0.0,0.0,0.0
14.639999999999732,-2.9717766685890084,0.6666954492352283,1.9989983075487467,0.16011045227412385,-0.4689899630727175,0.0,0.0,0.0,0.0
14.649999999999732,-2.966367644979835,0.6512854813298946,1.9989990784412266,0.16761416031766596,-0.4652729400414243,0.0,0.0,0.0,0.0
14.659999999999732,-2.966367644979835,0.6512854813298946,1.9989990784412266,0.16761416031766596,-0.4652729400414243,0.0,0.0,0.0,0.0
14.669999999999732,-2.966367644979835,0.6512854813298946,1.9989990784412266,0.16761416031766596,-0.4652729400414243,0.0,0.0,0.0,0.0
14.679999999999731,-2.966367644979835,0.6512854813298946,1.9989990784412266,0.16761416031766596,-0.4652729400414243,0.0,0.0,0.0,0.0
14.689999999999731,-2.9605196087801313,0.635491512193147,1.9989985260440999,0.17589481237403023,-0.4632364136231988,0.0,0.0,0.0,0.0
14.699999999999731,-2.9605196087801313,0.635491512193147,1.9989985260440999,0.17589481237403023,-0.4632364136231988,0.0,0.0,0.0,0.0
14.70999999999973,-2.9605196087801313,0.635491512193147,1.9989985260440999,0.17589481237403023,-0.4632364136231988,0.0,0.0,0.0,0.0
14.71999999999973,-2.954587328190435,0.6202602040822458,1.998998825380814,0.1833484463170604,-0.45984167529763675,0.0,0.0,0.0,0.0
14.72999999999973,-2.954587328190435,0.6202602040822458,1.998998825380814,0.1833484463170604,-0.45984167529763675,0.0,0.0,0.0,0.0
14.73999999999973,-2.954587328190435,0.6202602040822458,1.998998825380814,0.1833484463170604,-0.45984167529763675,0.0,0.0,0.0,0.0
14.74999999999973,-2.9484037705412325,0.6051257128053253,1.9989987284361856,0.19105387331434256,-0.45715222052613025,0.0,0.0,0.0,0.0
14.75999999999973,-2.9484037705412325,0.6051257128053253,1.9989987284361856,0.19105387331434256,-0.45715222052613025,0.0,0.0,0.0,0.0
14.76999999999973,-2.9484037705412325,0.6051257128053253,1.9989987284361856,0.19105387331434256,-0.45715222052613025,0.0,0.0,0.0,0.0
14.77999999999973,-2.9484037705412325,0.6051257128053253,1.9989987284361856,0.19105387331434256,-0.45715222052613025,0.0,0.0,0.0,0.0
14.78999999999973,-2.9417717415461087,0.5896381303611152,1.9989987130379507,0.19883089700331175,-0.4539552635463139,0.0,0.0,0.0,0.0
14.799999999999729,-2.9417717415461087,0.5896381303611152,1.9989987130379507,0.19883089700331175,-0.4539552635463139,0.0,0.0,0.0,0.0
14.809999999999729,-2.9417717415461087,0.5896381303611152,1.9989987130379507,0.19883089700331175,-0.4539552635463139,0.0,0.0,0.0,0.0
14.819999999999729,-2.9350830042281797,0.574712610523475,1.9989984969305783,0.20631068366723732,-0.4506966665598362,0.0,0.0,0.0,0.0
14.829999999999728,-2.9350830042281797,0.574712610523475,1.9989984969305783,0.20631068366723732,-0.4506966665598362,0.0,0.0,0.0,0.0
14.839999999999728,-2.9350830042281797,0.574712610523475,1.9989984969305783,0.20631068366723732,-0.4506966665598362,0.0,0.0,0.0,0.0
14.849999999999728,-2.928149690186289,0.5598994501330351,1.9989981308963287,0.2136152883800506,-0.4470858887761709,0.0,0.0,0.0,0.0
14.859999999999728,-2.928149690186289,0.5598994501330351,1.9989981308963287,0.2136152883800506,-0.4470858887761709,0.0,0.0,0.0,0.0
14.869999999999727,-2.928149690186289,0.5598994501330351,1.9989981308963287,0.2136152883800506,-0.4470858887761709,0.0,0.0,0.0,0.0
14.879999999999727,-2.928149690186289,0.5598994501330351,1.9989981308963287,0.2136152883800506,-0.4470858887761709,0.0,0.0,0.0,0.0
14.889999999999727,-2.9207749413427577,0.5447770377682872,1.9989987778437168,0.22027087061969583,-0.4436009033566402,0.0,0.0,0.0,0.0
14.899999999999727,-2.9207749413427577,0.5447770377682872,1.9989987778437168,0.22027087061969583,-0.4436009033566402,0.0,0.0,0.0,0.0
14.909999999999727,-2.9207749413427577,0.5447770377682872,1.9989987778437168,0.22027087061969583,-0.4436009033566402,0.0,0.0,0.0,0.0
14.919999999999726,-2.9133754519181294,0.5302076920176758,1.9989987743893183,0.2285771134296202,-0.439554470799076,0.0,0.0,0.0,0.0
14.929999999999726,-2.9133754519181294,0.5302076920176758,1.9989987743893183,0.2285771134296202,-0.439554470799076,0.0,0.0,0.0,0.0
14.939999999999726,-2.9133754519181294,0.5302076920176758,1.9989987743893183,0.2285771134296202,-0.439554470799076,0.0,0.0,0.0,0.0
14.949999999999726,-2.905709831508612,0.5157680507379485,1.9989987658673476,0.23579621245483395,-0.4357188415026876,0.0,0.0,0.0,0.0
14.959999999999726,-2.905709831508612,0.5157680507379485,1.9989987658673476,0.23579621245483395,-0.4357188415026876,0.0,0.0,0.0,0.0
14.969999999999725,-2.905709831508612,0.5157680507379485,1.9989987658673476,0.23579621245483395,-0.4357188415026876,0.0,0.0,0.0,0.0
14.979999999999725,-2.905709831508612,0.5157680507379485,1.9989987658673476,0.23579621245483395,-0.4357188415026876,0.0,0.0,0.0,0.0
14.989999999999725,-2.89756264038767,0.5010225647493048,1.9989987791670583,0.24322008813736734,-0.4317518805248487,0.0,0.0,0.0,0.0
14.999999999999725,-2.89756264038767,0.5010225647493048,1.9989987791670583,0.24322008813736734,-0.4317518805248487,0.0,0.0,0.0,0.0
15.009999999999724,-2.89756264038767,0.5010225647493048,1.9989987791670583,0.24322008813736734,-0.4317518805248487,0.0,0.0,0.0,0.0
15.019999999999724,-2.8894149022294093,0.4868420211845627,1.998998649930512,0.25036534237842006,-0.4277896190653104,0.0,0.0,0.0,0.0
15.029999999999724,-2.8894149022294093,0.4868420211845627,1.998998649930512,0.25036534237842006,-0.4277896190653104,0.0,0.0,0.0,0.0
15.039999999999724,-2.8894149022294093,0.4868420211845627,1.998998649930512,0.25036534237842006,-0.4277896190653104,0.0,0.0,0.0,0.0
15.049999999999724,-2.881032934850216,0.472794940266827,1.9989983248036496,0.2574075693097261,-0.4236495770402577,0.0,0.0,0.0,0.0
15.059999999999723,-2.881032934850216,0.472794940266827,1.9989983248036496,0.2574075693097261,-0.4236495770402577,0.0,0.0,0.0,0.0
15.069999999999723,-2.881032934850216,0.472794940266827,1.9989983248036496,0.2574075693097261,-0.4236495770402577,0.0,0.0,0.0,0.0
15.079999999999723,-2.881032934850216,0.472794940266827,1.9989983248036496,0.2574075693097261,-0.4236495770402577,0.0,0.0,0.0,0.0
15.089999999999723,-2.8721754173309564,0.4584628498017467,1.9989978117915428,0.2619406601884108,-0.42003803960672137,0.0,0.0,0.0,0.0
15.099999999999723,-2.8721754173309564,0.4584628498017467,1.9989978117915428,0.2619406601884108,-0.42003803960672137,0.0,0.0,0.0,0.0
15.109999999999722,-2.8721754173309564,0.4584628498017467,1.9989978117915428,0.2619406601884108,-0.42003803960672137,0.0,0.0,0.0,0.0
15.119999999999722,-2.863470670499144,0.4446515371026601,1.9989983641723594,0.2679114455184681,-0.4168435600263054,0.0,0.0,0.0,0.0
15.129999999999722,-2.863470670499144,0.4446515371026601,1.9989983641723594,0.2679114455184681,-0.4168435600263054,0.0,0.0,0.0,0.0
15.139999999999722,-2.863470670499144,0.4446515371026601,1.9989983641723594,0.2679114455184681,-0.4168435600263054,0.0,0.0,0.0,0.0
15.149999999999721,-2.8544292188560902,0.43103331783265353,1.998998729133072,0.2781412739545773,-0.4099420766780579,0.0,0.0,0.0,0.0
15.159999999999721,-2.8544292188560902,0.43103331783265353,1.998998729133072,0.2781412739545773,-0.4099420766780579,0.0,0.0,0.0,0.0
15.169999999999721,-2.8544292188560902,0.43103331783265353,1.998998729133072,0.2781412739545773,-0.4099420766780579,0.0,0.0,0.0,0.0
15.17999999999972,-2.8544292188560902,0.43103331783265353,1.998998729133072,0.2781412739545773,-0.4099420766780579,0.0,0.0,0.0,0.0
15.18999999999972,-2.844849702347987,0.4171769863720186,1.9989987941605676,0.2851363582689209,-0.4052446798775166,0.0,0.0,0.0,0.0
15.19999999999972,-2.844849702347987,0.4171769863720186,1.9989987941605676,0.2851363582689209,-0.4052446798775166,0.0,0.0,0.0,0.0
15.20999999999972,-2.844849702347987,0.4171769863720186,1.9989987941605676,0.2851363582689209,-0.4052446798775166,0.0,0.0,0.0,0.0
15.21999999999972,-2.835325914302913,0.4038830240507406,1.9989987215059453,0.29185555717503503,-0.40058128641888824,0.0,0.0,0.0,0.0
15.22999999999972,-2.835325914302913,0.4038830240507406,1.9989987215059453,0.29185555717503503,-0.40058128641888824,0.0,0.0,0.0,0.0
15.23999999999972,-2.835325914302913,0.4038830240507406,1.9989987215059453,0.29185555717503503,-0.40058128641888824,0.0,0.0,0.0,0.0
15.24999999999972,-2.8255818945374434,0.390745117446227,1.9989984614666216,0.2984858303663224,-0.3957896963462198,0.0,0.0,0.0,0.0
15.25999999999972,-2.8255818945374434,0.390745117446227,1.9989984614666216,0.2984858303663224,-0.3957896963462198,0.0,0.0,0.0,0.0
15.269999999999719,-2.8255818945374434,0.390745117446227,1.9989984614666216,0.2984858303663224,-0.3957896963462198,0.0,0.0,0.0,0.0
15.279999999999719,-2.8255818945374434,0.390745117446227,1.9989984614666216,0.2984858303663224,-0.3957896963462198,0.0,0.0,0.0,0.0
15.289999999999718,-2.815321229744276,0.37737972562102345,1.998998101640014,0.30442022422164533,-0.39048157949503093,0.0,0.0,0.0,0.0
15.299999999999718,-2.815321229744276,0.37737972562102345,1.998998101640014,0.30442022422164533,-0.39048157949503093,0.0,0.0,0.0,0.0
15.309999999999718,-2.815321229744276,0.37737972562102345,1.998998101640014,0.30442022422164533,-0.39048157949503093,0.0,0.0,0.0,0.0
15.319999999999718,-2.805191931481543,0.36456629323675444,1.9989983651503551,0.3093632441680926,-0.38547355805769423,0.0,0.0,0.0,0.0
15.329999999999718,-2.805191931481543,0.36456629323675444,1.9989983651503551,0.3093632441680926,-0.38547355805769423,0.0,0.0,0.0,0.0
15.339999999999717,-2.805191931481543,0.36456629323675444,1.9989983651503551,0.3093632441680926,-0.38547355805769423,0.0,0.0,0.0,0.0
15.349999999999717,-2.794826357944252,0.35194342625188957,1.9989985716213137,0.3176856742890045,-0.3800287449779563,0.0,0.0,0.0,0.0
15.359999999999717,-2.794826357944252,0.35194342625188957,1.9989985716213137,0.3176856742890045,-0.3800287449779563,0.0,0.0,0.0,0.0
15.369999999999717,-2.794826357944252,0.35194342625188957,1.9989985716213137,0.3176856742890045,-0.3800287449779563,0.0,0.0,0.0,0.0
15.379999999999717,-2.794826357944252,0.35194342625188957,1.9989985716213137,0.3176856742890045,-0.3800287449779563,0.0,0.0,0.0,0.0
15.389999999999716,-2.783910310554894,0.3391152594378813,1.9989987628275339,0.32420268859273627,-0.37467450975223604,0.0,0.0,0.0,0.0
15.399999999999716,-2.783910310554894,0.3391152594378813,1.9989987628275339,0.32420268859273627,-0.37467450975223604,0.0,0.0,0.0,0.0
15.409999999999716,-2.783910310554894,0.3391152594378813,1.9989987628275339,0.32420268859273627,-0.37467450975223604,0.0,0.0,0.0,0.0
15.419999999999716,-2.7731056429471184,0.32684117173698163,1.9989987370101254,0.3304282890953937,-0.3693569821153381,0.0,0.0,0.0,0.0
15.429999999999715,-2.7731056429471184,0.32684117173698163,1.9989987370101254,0.3304282890953937,-0.3693569821153381,0.0,0.0,0.0,0.0
15.439999999999715,-2.7731056429471184,0.32684117173698163,1.9989987370101254,0.3304282890953937,-0.3693569821153381,0.0,0.0,0.0,0.0
15.449999999999715,-2.7620975111195167,0.3147448648183484,1.9989985346681087,0.3365333846294857,-0.36390244497816304,0.0,0.0,0.0,0.0
15.459999999999715,-2.7620975111195167,0.3147448648183484,1.9989985346681087,0.3365333846294857,-0.36390244497816304,0.0,0.0,0.0,0.0
15.469999999999715,-2.7620975111195167,0.3147448648183484,1.9989985346681087,0.3365333846294857,-0.36390244497816304,0.0,0.0,0.0,0.0
15.479999999999714,-2.7620975111195167,0.3147448648183484,1.9989985346681087,0.3365333846294857,-0.36390244497816304,0.0,0.0,0.0,0.0
15.489999999999714,-2.750554646475994,0.30247944464194493,1.9989987603326884,0.3421900995182984,-0.3577075600228902,0.0,0.0,0.0,0.0
15.499999999999714,-2.750554646475994,0.30247944464194493,1.9989987603326884,0.3421900995182984,-0.3577075600228902,0.0,0.0,0.0,0.0
15.509999999999714,-2.750554646475994,0.30247944464194493,1.9989987603326884,0.3421900995182984,-0.3577075600228902,0.0,0.0,0.0,0.0
15.519999999999714,-2.739152691773957,0.29075975649218583,1.9989983070647517,0.3483484959437492,-0.35240749179159897,0.0,0.0,0.0,0.0
15.529999999999713,-2.739152691773957,0.29075975649218583,1.9989983070647517,0.3483484959437492,-0.35240749179159897,0.0,0.0,0.0,0.0
15.539999999999713,-2.739152691773957,0.29075975649218583,1.9989983070647517,0.3483484959437492,-0.35240749179159897,0.0,0.0,0.0,0.0
15.549999999999713,-2.727570179559984,0.2792407761615132,1.9989990524206758,0.35354088317730387,-0.34590811544600236,0.0,0.0,0.0,0.0
15.559999999999713,-2.727570179559984,0.2792407761615132,1.9989990524206758,0.35354088317730387,-0.34590811544600236,0.0,0.0,0.0,0.0
15.569999999999713,-2.727570179559984,0.2792407761615132,1.9989990524206758,0.35354088317730387,-0.34590811544600236,0.0,0.0,0.0,0.0
15.579999999999712,-2.727570179559984,0.2792407761615132,1.9989990524206758,0.35354088317730387,-0.34590811544600236,0.0,0.0,0.0,0.0
15.589999999999712,-2.7154296818529047,0.2675690189063925,1.9989986643442357,0.3599825496754135,-0.3404062947468226,0.0,0.0,0.0,0.0
15.599999999999712,-2.7154296818529047,0.2675690189063925,1.9989986643442357,0.3599825496754135,-0.3404062947468226,0.0,0.0,0.0,0.0
15.609999999999712,-2.7154296818529047,0.2675690189063925,1.9989986643442357,0.3599825496754135,-0.3404062947468226,0.0,0.0,0.0,0.0
15.619999999999711,-2.703453904072336,0.2564362510075226,1.9989987001204732,0.3656414604636249,-0.3344789390100094,0.0,0.0,0.0,0.0
15.629999999999711,-2.703453904072336,0.2564362510075226,1.9989987001204732,0.3656414604636249,-0.3344789390100094,0.0,0.0,0.0,0.0
15.639999999999711,-2.703453904072336,0.2564362510075226,1.9989987001204732,0.3656414604636249,-0.3344789390100094,0.0,0.0,0.0,0.0
15.64999999999971,-2.691293720298554,0.24550127597551785,1.9989985280506732,0.37114275639576755,-0.3284085514024966,0.0,0.0,0.0,0.0
15.65999999999971,-2.691293720298554,0.24550127597551785,1.9989985280506732,0.37114275639576755,-0.3284085514024966,0.0,0.0,0.0,0.0
15.66999999999971,-2.691293720298554,0.24550127597551785,1.9989985280506732,0.37114275639576755,-0.3284085514024966,0.0,0.0,0.0,0.0
15.67999999999971,-2.691293720298554,0.24550127597551785,1.9989985280506732,0.37114275639576755,-0.3284085514024966,0.0,0.0,0.0,0.0
15.68999999999971,-2.6785880791406615,0.23445419164368578,1.9989989437481428,0.37650880103666856,-0.3220172766431791,0.0,0.0,0.0,0.0
15.69999999999971,-2.6785880791406615,0.23445419164368578,1.9989989437481428,0.37650880103666856,-0.3220172766431791,0.0,0.0,0.0,0.0
15.70999999999971,-2.6785880791406615,0.23445419164368578,1.9989989437481428,0.37650880103666856,-0.3220172766431791,0.0,0.0,0.0,0.0
15.71999999999971,-2.666070361172033,0.2239303928838863,1.998998534746734,0.381872846244265,-0.31588863676257206,0.0,0.0,0.0,0.0
15.729999999999709,-2.666070361172033,0.2239303928838863,1.998998534746734,0.381872846244265,-0.31588863676257206,0.0,0.0,0.0,0.0
15.739999999999709,-2.666070361172033,0.2239303928838863,1.998998534746734,0.381872846244265,-0.31588863676257206,0.0,0.0,0.0,0.0
15.749999999999709,-2.653381446731349,0.213613648390629,1.998998296870455,0.38693541597964665,-0.3095121889748963,0.0,0.0,0.0,0.0
15.759999999999708,-2.653381446731349,0.213613648390629,1.998998296870455,0.38693541597964665,-0.3095121889748963,0.0,0.0,0.0,0.0
15.769999999999708,-2.653381446731349,0.213613648390629,1.998998296870455,0.38693541597964665,-0.3095121889748963,0.0,0.0,0.0,0.0
15.779999999999708,-2.653381446731349,0.213613648390629,1.998998296870455,0.38693541597964665,-0.3095121889748963,0.0,0.0,0.0,0.0
15.789999999999708,-2.6401459952854065,0.20321774341672386,1.998998899872084,0.3921866394273934,-0.30277413096154343,0.0,0.0,0.0,0.0
15.799999999999708,-2.6401459952854065,0.20321774341672386,1.998998899872084,0.3921866394273934,-0.30277413096154343,0.0,0.0,0.0,0.0
15.809999999999707,-2.6401459952854065,0.20321774341672386,1.998998899872084,0.3921866394273934,-0.30277413096154343,0.0,0.0,0.0,0.0
15.819999999999707,-2.627118533039604,0.19333606558690958,1.9989985892022122,0.3971733343619549,-0.2962716772991945,0.0,0.0,0.0,0.0
15.829999999999707,-2.627118533039604,0.19333606558690958,1.9989985892022122,0.3971733343619549,-0.2962716772991945,0.0,0.0,0.0,0.0
15.839999999999707,-2.627118533039604,0.19333606558690958,1.9989985892022122,0.3971733343619549,-0.2962716772991945,0.0,0.0,0.0,0.0
15.849999999999707,-2.613929139898066,0.18367121721837817,1.99899842983886,0.40193320968932383,-0.2896065488585142,0.0,0.0,0.0,0.0
15.859999999999706,-2.613929139898066,0.18367121721837817,1.99899842983886,0.40193320968932383,-0.2896065488585142,0.0,0.0,0.0,0.0
15.869999999999706,-2.613929139898066,0.18367121721837817,1.99899842983886,0.40193320968932383,-0.2896065488585142,0.0,0.0,0.0,0.0
15.879999999999706,-2.613929139898066,0.18367121721837817,1.99899842983886,0.40193320968932383,-0.2896065488585142,0.0,0.0,0.0,0.0
15.889999999999706,-2.600186581154252,0.17394914434823752,1.9989986640092445,0.4068667737695212,-0.2828772727757014,0.0,0.0,0.0,0.0
15.899999999999705,-2.600186581154252,0.17394914434823752,1.9989986640092445,0.4068667737695212,-0.2828772727757014,0.0,0.0,0.0,0.0
15.909999999999705,-2.600186581154252,0.17394914434823752,1.9989986640092445,0.4068667737695212,-0.2828772727757014,0.0,0.0,0.0,0.0
15.919999999999705,-2.5866820626369877,0.16472882491746577,1.99899869452787,0.41149708414803504,-0.27616686685672154,0.0,0.0,0.0,0.0
15.929999999999705,-2.5866820626369877,0.16472882491746577,1.99899869452787,0.41149708414803504,-0.27616686685672154,0.0,0.0,0.0,0.0
15.939999999999705,-2.5866820626369877,0.16472882491746577,1.99899869452787,0.41149708414803504,-0.27616686685672154,0.0,0.0,0.0,0.0
15.949999999999704,-2.57302499012364,0.15573005777418797,1.9989984989919167,0.4160390731047984,-0.2693986491981817,0.0,0.0,0.0,0.0
15.959999999999704,-2.57302499012364,0.15573005777418797,1.9989984989919167,0.4160390731047984,-0.2693986491981817,0.0,0.0,0.0,0.0
15.969999999999704,-2.57302499012364,0.15573005777418797,1.9989984989919167,0.4160390731047984,-0.2693986491981817,0.0,0.0,0.0,0.0
15.979999999999704,-2.57302499012364,0.15573005777418797,1.9989984989919167,0.4160390731047984,-0.2693986491981817,0.0,0.0,0.0,0.0
15.989999999999704,-2.5588026296523885,0.14669572569231482,1.9989981828786834,0.4202628087929515,-0.2621299804528784,0.0,0.0,0.0,0.0
15.999999999999703,-2.5588026296523885,0.14669572569231482,1.9989981828786834,0.4202628087929515,-0.2621299804528784,0.0,0.0,0.0,0.0
16.009999999999703,-2.5588026296523885,0.14669572569231482,1.9989981828786834,0.4202628087929515,-0.2621299804528784,0.0,0.0,0.0,0.0
16.019999999999705,-2.544864034931185,0.13816904374510533,1.9989983139941052,0.4248169937094351,-0.2551959885870787,0.0,0.0,0.0,0.0
16.029999999999706,-2.544864034931185,0.13816904374510533,1.9989983139941052,0.4248169937094351,-0.2551959885870787,0.0,0.0,0.0,0.0
16.039999999999708,-2.544864034931185,0.13816904374510533,1.9989983139941052,0.4248169937094351,-0.2551959885870787,0.0,0.0,0.0,0.0
16.04999999999971,-2.5307800092789727,0.1298710385673093,1.998998328222481,0.4284026890839223,-0.24779857656151547,0.0,0.0,0.0,0.0
16.05999999999971,-2.5307800092789727,0.1298710385673093,1.998998328222481,0.4284026890839223,-0.24779857656151547,0.0,0.0,0.0,0.0
16.069999999999713,-2.5307800092789727,0.1298710385673093,1.998998328222481,0.4284026890839223,-0.24779857656151547,0.0,0.0,0.0,0.0
16.079999999999714,-2.5307800092789727,0.1298710385673093,1.998998328222481,0.4284026890839223,-0.24779857656151547,0.0,0.0,0.0,0.0
16.089999999999716,-2.5161368994598896,0.12156881488808248,1.998998715607641,0.43293516862772335,-0.24078908908175542,0.0,0.0,0.0,0.0
16.099999999999717,-2.5161368994598896,0.12156881488808248,1.998998715607641,0.43293516862772335,-0.24078908908175542,0.0,0.0,0.0,0.0
16.10999999999972,-2.5161368994598896,0.12156881488808248,1.998998715607641,0.43293516862772335,-0.24078908908175542,0.0,0.0,0.0,0.0
16.11999999999972,-2.5017807251744983,0.113742852236758,1.998998770437619,0.4369668465660952,-0.23369558117454753,0.0,0.0,0.0,0.0
16.129999999999722,-2.5017807251744983,0.113742852236758,1.998998770437619,0.4369668465660952,-0.23369558117454753,0.0,0.0,0.0,0.0
16.139999999999723,-2.5017807251744983,0.113742852236758,1.998998770437619,0.4369668465660952,-0.23369558117454753,0.0,0.0,0.0,0.0
16.149999999999725,-2.4872944469105254,0.10615272147289052,1.9989986530371464,0.4408635662765334,-0.2265234055418818,0.0,0.0,0.0,0.0
16.159999999999727,-2.4872944469105254,0.10615272147289052,1.9989986530371464,0.4408635662765334,-0.2265234055418818,0.0,0.0,0.0,0.0
16.169999999999728,-2.4872944469105254,0.10615272147289052,1.9989986530371464,0.4408635662765334,-0.2265234055418818,0.0,0.0,0.0,0.0
16.17999999999973,-2.4872944469105254,0.10615272147289052,1.9989986530371464,0.4408635662765334,-0.2265234055418818,0.0,0.0,0.0,0.0
16.18999999999973,-2.4722379910945014,0.09858185961780092,1.9989983728724217,0.44468200699841814,-0.21903141169665563,0.0,0.0,0.0,0.0
16.199999999999733,-2.4722379910945014,0.09858185961780092,1.9989983728724217,0.44468200699841814,-0.21903141169665563,0.0,0.0,0.0,0.0
16.209999999999734,-2.4722379910945014,0.09858185961780092,1.9989983728724217,0.44468200699841814,-0.21903141169665563,0.0,0.0,0.0,0.0
16.219999999999736,-2.457509150020085,0.09148013575628845,1.9989981087489324,0.44748252206449807,-0.21155804564351638,0.0,0.0,0.0,0.0
16.229999999999738,-2.457509150020085,0.09148013575628845,1.9989981087489324,0.44748252206449807,-0.21155804564351638,0.0,0.0,0.0,0.0
16.23999999999974,-2.457509150020085,0.09148013575628845,1.9989981087489324,0.44748252206449807,-0.21155804564351638,0.0,0.0,0.0,0.0
16.24999999999974,-2.442690661175016,0.08461819048222494,1.9989987409792784,0.45045211328454743,-0.2037251841352815,0.0,0.0,0.0,0.0
16.259999999999742,-2.442690661175016,0.08461819048222494,1.9989987409792784,0.45045211328454743,-0.2037251841352815,0.0,0.0,0.0,0.0
16.269999999999744,-2.442690661175016,0.08461819048222494,1.9989987409792784,0.45045211328454743,-0.2037251841352815,0.0,0.0,0.0,0.0
16.279999999999745,-2.442690661175016,0.08461819048222494,1.9989987409792784,0.45045211328454743,-0.2037251841352815,0.0,0.0,0.0,0.0
16.289999999999747,-2.427290705819573,0.07781514628291107,1.998998728254579,0.4547765351690073,-0.1964407451351973,0.0,0.0,0.0,0.0
16.29999999999975,-2.427290705819573,0.07781514628291107,1.998998728254579,0.4547765351690073,-0.1964407451351973,0.0,0.0,0.0,0.0
16.30999999999975,-2.427290705819573,0.07781514628291107,1.998998728254579,0.4547765351690073,-0.1964407451351973,0.0,0.0,0.0,0.0
16.31999999999975,-2.4122269379027137,0.07145961048641288,1.998998791797609,0.4580499543177624,-0.18895526570693086,0.0,0.0,0.0,0.0
16.329999999999753,-2.4122269379027137,0.07145961048641288,1.998998791797609,0.4580499543177624,-0.18895526570693086,0.0,0.0,0.0,0.0
16.339999999999755,-2.4122269379027137,0.07145961048641288,1.998998791797609,0.4580499543177624,-0.18895526570693086,0.0,0.0,0.0,0.0
16.349999999999756,-2.3970573318203914,0.06535205441531246,1.9989987379086587,0.4612110947136908,-0.18142014094981201,0.0,0.0,0.0,0.0
16.359999999999758,-2.3970573318203914,0.06535205441531246,1.9989987379086587,0.4612110947136908,-0.18142014094981201,0.0,0.0,0.0,0.0
16.36999999999976,-2.3970573318203914,0.06535205441531246,1.9989987379086587,0.4612110947136908,-0.18142014094981201,0.0,0.0,0.0,0.0
16.37999999999976,-2.3970573318203914,0.06535205441531246,1.9989987379086587,0.4612110947136908,-0.18142014094981201,0.0,0.0,0.0,0.0
16.389999999999763,-2.381321293960549,0.05932047122485353,1.9989985018464618,0.4643467695607175,-0.17360711336393345,0.0,0.0,0.0,0.0
16.399999999999764,-2.381321293960549,0.05932047122485353,1.9989985018464618,0.4643467695607175,-0.17360711336393345,0.0,0.0,0.0,0.0
16.409999999999766,-2.381321293960549,0.05932047122485353,1.9989985018464618,0.4643467695607175,-0.17360711336393345,0.0,0.0,0.0,0.0
16.419999999999767,-2.3659512112511094,0.05372223879681181,1.9989981138642854,0.46705795126145244,-0.1659167622898101,0.0,0.0,0.0,0.0
16.42999999999977,-2.3659512112511094,0.05372223879681181,1.9989981138642854,0.46705795126145244,-0.1659167622898101,0.0,0.0,0.0,0.0
16.43999999999977,-2.3659512112511094,0.05372223879681181,1.9989981138642854,0.46705795126145244,-0.1659167622898101,0.0,0.0,0.0,0.0
16.449999999999772,-2.3505349309993315,0.048329390485997666,1.9989989106916504,0.46757442184792636,-0.16070361163397098,0.0,0.0,0.0,0.0
16.459999999999773,-2.3505349309993315,0.048329390485997666,1.9989989106916504,0.46757442184792636,-0.16070361163397098,0.0,0.0,0.0,0.0
16.469999999999775,-2.3505349309993315,0.048329390485997666,1.9989989106916504,0.46757442184792636,-0.16070361163397098,0.0,0.0,0.0,0.0
16.479999999999777,-2.3505349309993315,0.048329390485997666,1.9989989106916504,0.46757442184792636,-0.16070361163397098,0.0,0.0,0.0,0.0
16.489999999999778,-2.3345419981916735,0.043058989821135735,1.9989986140283844,0.4720667496709289,-0.15013131947812772,0.0,0.0,0.0,0.0
16.49999999999978,-2.3345419981916735,0.043058989821135735,1.9989986140283844,0.4720667496709289,-0.15013131947812772,0.0,0.0,0.0,0.0
16.50999999999978,-2.3345419981916735,0.043058989821135735,1.9989986140283844,0.4720667496709289,-0.15013131947812772,0.0,0.0,0.0,0.0
16.519999999999783,-2.318920839102017,0.03823689188829023,1.9989987660963995,0.4745677073807124,-0.14234367099022197,0.0,0.0,0.0,0.0
16.529999999999784,-2.318920839102017,0.03823689188829023,1.9989987660963995,0.4745677073807124,-0.14234367099022197,0.0,0.0,0.0,0.0
16.539999999999786,-2.318920839102017,0.03823689188829023,1.9989987660963995,0.4745677073807124,-0.14234367099022197,0.0,0.0,0.0,0.0
16.549999999999788,-2.303219084955324,0.03367238219814761,1.9989987627832002,0.47696142774520245,-0.13452226870367248,0.0,0.0,0.0,0.0
16.55999999999979,-2.303219084955324,0.03367238219814761,1.9989987627832002,0.47696142774520245,-0.13452226870367248,0.0,0.0,0.0,0.0
16.56999999999979,-2.303219084955324,0.03367238219814761,1.9989987627832002,0.47696142774520245,-0.13452226870367248,0.0,0.0,0.0,0.0
16.579999999999792,-2.303219084955324,0.03367238219814761,1.9989987627832002,0.47696142774520245,-0.13452226870367248,0.0,0.0,0.0,0.0
16.589999999999794,-2.286961376813915,0.029240263736362647,1.9989985932139116,0.4792962034976251,-0.1264230327732155,0.0,0.0,0.0,0.0
16.599999999999795,-2.286961376813915,0.029240263736362647,1.9989985932139116,0.4792962034976251,-0.1264230327732155,0.0,0.0,0.0,0.0
16.609999999999797,-2.286961376813915,0.029240263736362647,1.9989985932139116,0.4792962034976251,-0.1264230327732155,0.0,0.0,0.0,0.0
16.6199999999998,-2.271110594640514,0.025202984658528924,1.998998184557997,0.4811858238547316,-0.11848223208093228,0.0,0.0,0.0,0.0
16.6299999999998,-2.271110594640514,0.025202984658528924,1.998998184557997,0.4811858238547316,-0.11848223208093228,0.0,0.0,0.0,0.0
16.6399999999998,-2.271110594640514,0.025202984658528924,1.998998184557997,0.4811858238547316,-0.11848223208093228,0.0,0.0,0.0,0.0
16.649999999999803,-2.2552142810014275,0.021429688536925482,1.998998383900467,0.48304120055297456,-0.11065469104232348,0.0,0.0,0.0,0.0
16.659999999999805,-2.2552142810014275,0.021429688536925482,1.998998383900467,0.48304120055297456,-0.11065469104232348,0.0,0.0,0.0,0.0
16.669999999999806,-2.2552142810014275,0.021429688536925482,1.998998383900467,0.48304120055297456,-0.11065469104232348,0.0,0.0,0.0,0.0
16.679999999999808,-2.2552142810014275,0.021429688536925482,1.998998383900467,0.48304120055297456,-0.11065469104232348,0.0,0.0,0.0,0.0
16.68999999999981,-2.2387703168268773,0.017814602769041454,1.9989988125723346,0.48473279481952397,-0.10234794586373916,0.0,0.0,0.0,0.0
16.69999999999981,-2.2387703168268773,0.017814602769041454,1.9989988125723346,0.48473279481952397,-0.10234794586373916,0.0,0.0,0.0,0.0
16.709999999999813,-2.2387703168268773,0.017814602769041454,1.9989988125723346,0.48473279481952397,-0.10234794586373916,0.0,0.0,0.0,0.0
16.719999999999814,-2.2227461209774693,0.014573042526167005,1.9989986688347592,0.4863512933544622,-0.09433538101936062,0.0,0.0,0.0,0.0
16.729999999999816,-2.2227461209774693,0.014573042526167005,1.9989986688347592,0.4863512933544622,-0.09433538101936062,0.0,0.0,0.0,0.0
16.739999999999817,-2.2227461209774693,0.014573042526167005,1.9989986688347592,0.4863512933544622,-0.09433538101936062,0.0,0.0,0.0,0.0
16.74999999999982,-2.2066687748336298,0.011596360123846874,1.9989987417888457,0.4879578433919423,-0.08630603778022068,0.0,0.0,0.0,0.0
16.75999999999982,-2.2066687748336298,0.011596360123846874,1.9989987417888457,0.4879578433919423,-0.08630603778022068,0.0,0.0,0.0,0.0
16.769999999999822,-2.2066687748336298,0.011596360123846874,1.9989987417888457,0.4879578433919423,-0.08630603778022068,0.0,0.0,0.0,0.0
16.779999999999824,-2.2066687748336298,0.011596360123846874,1.9989987417888457,0.4879578433919423,-0.08630603778022068,0.0,0.0,0.0,0.0
16.789999999999825,-2.190051601001082,0.008807157580877701,1.99899861409146,0.48945316333310174,-0.07800304949914959,0.0,0.0,0.0,0.0
16.799999999999827,-2.190051601001082,0.008807157580877701,1.99899861409146,0.48945316333310174,-0.07800304949914959,0.0,0.0,0.0,0.0
16.809999999999828,-2.190051601001082,0.008807157580877701,1.99899861409146,0.48945316333310174,-0.07800304949914959,0.0,0.0,0.0,0.0
16.81999999999983,-2.173881930224781,0.00637090162474208,1.9989983073685136,0.4901302866174524,-0.06984457908516074,0.0,0.0,0.0,0.0
16.82999999999983,-2.173881930224781,0.00637090162474208,1.9989983073685136,0.4901302866174524,-0.06984457908516074,0.0,0.0,0.0,0.0
16.839999999999833,-2.173881930224781,0.00637090162474208,1.9989983073685136,0.4901302866174524,-0.06984457908516074,0.0,0.0,0.0,0.0
16.849999999999834,-2.1576860646862985,0.004200291996616677,1.9989984473949076,0.49167933563551014,-0.06194195302177443,0.0,0.0,0.0,0.0
16.859999999999836,-2.1576860646862985,0.004200291996616677,1.9989984473949076,0.49167933563551014,-0.06194195302177443,0.0,0.0,0.0,0.0
16.869999999999838,-2.1576860646862985,0.004200291996616677,1.9989984473949076,0.49167933563551014,-0.06194195302177443,0.0,0.0,0.0,0.0
16.87999999999984,-2.1576860646862985,0.004200291996616677,1.9989984473949076,0.49167933563551014,-0.06194195302177443,0.0,0.0,0.0,0.0
16.88999999999984,-2.1409515148525244,0.002239805206072092,1.9989983318565947,0.4925899000930305,-0.0536097696659454,0.0,0.0,0.0,0.0
16.899999999999842,-2.1409515148525244,0.002239805206072092,1.9989983318565947,0.4925899000930305,-0.0536097696659454,0.0,0.0,0.0,0.0
16.909999999999844,-2.1409515148525244,0.002239805206072092,1.9989983318565947,0.4925899000930305,-0.0536097696659454,0.0,0.0,0.0,0.0
16.919999999999845,-2.124688621578573,0.0006108080946148711,1.9989984469600075,0.4934088104275018,-0.045430103709270156,0.0,0.0,0.0,0.0
16.929999999999847,-2.124688621578573,0.0006108080946148711,1.9989984469600075,0.4934088104275018,-0.045430103709270156,0.0,0.0,0.0,0.0
16.93999999999985,-2.124688621578573,0.0006108080946148711,1.9989984469600075,0.4934088104275018,-0.045430103709270156,0.0,0.0,0.0,0.0
16.94999999999985,-2.108395849694996,-0.0007493949693470486,1.9989986567250835,0.49409355272499544,-0.037261339122099335,0.0,0.0,0.0,0.0
16.95999999999985,-2.108395849694996,-0.0007493949693470486,1.9989986567250835,0.49409355272499544,-0.037261339122099335,0.0,0.0,0.0,0.0
16.969999999999853,-2.108395849694996,-0.0007493949693470486,1.9989986567250835,0.49409355272499544,-0.037261339122099335,0.0,0.0,0.0,0.0
16.979999999999855,-2.108395849694996,-0.0007493949693470486,1.9989986567250835,0.49409355272499544,-0.037261339122099335,0.0,0.0,0.0,0.0
16.989999999999856,-2.0915848850100103,-0.0018689389495956392,1.9989985791551241,0.49473126170372433,-0.02883943097175089,0.0,0.0,0.0,0.0
16.999999999999858,-2.0915848850100103,-0.0018689389495956392,1.9989985791551241,0.49473126170372433,-0.02883943097175089,0.0,0.0,0.0,0.0
17.00999999999986,-2.0915848850100103,-0.0018689389495956392,1.9989985791551241,0.49473126170372433,-0.02883943097175089,0.0,0.0,0.0,0.0
17.01999999999986,-2.0752615312043172,-0.0026815752968861154,1.9989988458933752,0.4942005791227405,-0.02068286778259674,0.0,0.0,0.0,0.0
17.029999999999863,-2.0752615312043172,-0.0026815752968861154,1.9989988458933752,0.4942005791227405,-0.02068286778259674,0.0,0.0,0.0,0.0
17.039999999999864,-2.0752615312043172,-0.0026815752968861154,1.9989988458933752,0.4942005791227405,-0.02068286778259674,0.0,0.0,0.0,0.0
17.049999999999866,-2.0589255130532473,-0.0032281051942058183,1.998998681858062,0.4954081089932622,-0.012631469512161994,0.0,0.0,0.0,0.0
17.059999999999867,-2.0589255130532473,-0.0032281051942058183,1.998998681858062,0.4954081089932622,-0.012631469512161994,0.0,0.0,0.0,0.0
17.06999999999987,-2.0589255130532473,-0.0032281051942058183,1.998998681858062,0.4954081089932622,-0.012631469512161994,0.0,0.0,0.0,0.0
17.07999999999987,-2.0589255130532473,-0.0032281051942058183,1.998998681858062,0.4954081089932622,-0.012631469512161994,0.0,0.0,0.0,0.0
17.089999999999872,-2.0420774088225233,-0.0035108467250103293,1.9989985143667355,0.49561288110366286,-0.004244658099280588,0.0,0.0,0.0,0.0
17.099999999999874,-2.0420774088225233,-0.0035108467250103293,1.9989985143667355,0.49561288110366286,-0.004244658099280588,0.0,0.0,0.0,0.0
17.109999999999875,-2.0420774088225233,-0.0035108467250103293,1.9989985143667355,0.49561288110366286,-0.004244658099280588,0.0,0.0,0.0,0.0
17.119999999999877,-2.0257228550151734,-0.0035124028930184708,1.9989982827469148,0.4953982769533495,0.003916218152573602,0.0,0.0,0.0,0.0
17.129999999999878,-2.0257228550151734,-0.0035124028930184708,1.9989982827469148,0.4953982769533495,0.003916218152573602,0.0,0.0,0.0,0.0
17.13999999999988,-2.0257228550151734,-0.0035124028930184708,1.9989982827469148,0.4953982769533495,0.003916218152573602,0.0,0.0,0.0,0.0
17.14999999999988,-2.00937847539629,-0.003243060989918037,1.9989984733393817,0.4952847276006964,0.012136558250038777,0.0,0.0,0.0,0.0
17.159999999999883,-2.00937847539629,-0.003243060989918037,1.9989984733393817,0.4952847276006964,0.012136558250038777,0.0,0.0,0.0,0.0
17.169999999999884,-2.00937847539629,-0.003243060989918037,1.9989984733393817,0.4952847276006964,0.012136558250038777,0.0,0.0,0.0,0.0
17.179999999999886,-2.00937847539629,-0.003243060989918037,1.9989984733393817,0.4952847276006964,0.012136558250038777,0.0,0.0,0.0,0.0
17.189999999999888,-1.9925412811401257,-0.002682476422762102,1.998998471908095,0.49507090175655893,0.020586158874201302,0.0,0.0,0.0,0.0
17.19999999999989,-1.9925412811401257,-0.002682476422762102,1.998998471908095,0.49507090175655893,0.020586158874201302,0.0,0.0,0.0,0.0
17.20999999999989,-1.9925412811401257,-0.002682476422762102,1.998998471908095,0.49507090175655893,0.020586158874201302,0.0,0.0,0.0,0.0
17.219999999999892,-1.976226072639116,-0.001865804080356342,1.998999076427734,0.49411745372856397,0.028630791679749572,0.0,0.0,0.0,0.0
17.229999999999894,-1.976226072639116,-0.001865804080356342,1.998999076427734,0.49411745372856397,0.028630791679749572,0.0,0.0,0.0,0.0
17.239999999999895,-1.976226072639116,-0.001865804080356342,1.998999076427734,0.49411745372856397,0.028630791679749572,0.0,0.0,0.0,0.0
17.249999999999897,-1.9599123521698043,-0.0007820162117305999,1.998998703451435,0.4941493202051314,0.03679580467362762,0.0,0.0,0.0,0.0
17.2599999999999,-1.9599123521698043,-0.0007820162117305999,1.998998703451435,0.4941493202051314,0.03679580467362762,0.0,0.0,0.0,0.0
17.2699999999999,-1.9599123521698043,-0.0007820162117305999,1.998998703451435,0.4941493202051314,0.03679580467362762,0.0,0.0,0.0,0.0
17.2799999999999,-1.9599123521698043,-0.0007820162117305999,1.998998703451435,0.4941493202051314,0.03679580467362762,0.0,0.0,0.0,0.0
17.289999999999903,-1.9431210289349243,0.0006157332786060419,1.9989985990551504,0.49357380115950245,0.045179040100225644,0.0,0.0,0.0,0.0
17.299999999999905,-1.9431210289349243,0.0006157332786060419,1.9989985990551504,0.49357380115950245,0.045179040100225644,0.0,0.0,0.0,0.0
17.309999999999906,-1.9431210289349243,0.0006157332786060419,1.9989985990551504,0.49357380115950245,0.045179040100225644,0.0,0.0,0.0,0.0
17.319999999999908,-1.9268467397181677,0.0022445734077458776,1.998998341292269,0.49274621987326256,0.05328866259350527,0.0,0.0,0.0,0.0
17.32999999999991,-1.9268467397181677,0.0022445734077458776,1.998998341292269,0.49274621987326256,0.05328866259350527,0.0,0.0,0.0,0.0
17.33999999999991,-1.9268467397181677,0.0022445734077458776,1.998998341292269,0.49274621987326256,0.05328866259350527,0.0,0.0,0.0,0.0
17.349999999999913,-1.910619812501821,0.004139986169810365,1.9989988998474617,0.4905278186571802,0.06137541107424805,0.0,0.0,0.0,0.0
17.359999999999914,-1.910619812501821,0.004139986169810365,1.9989988998474617,0.4905278186571802,0.06137541107424805,0.0,0.0,0.0,0.0
17.369999999999916,-1.910619812501821,0.004139986169810365,1.9989988998474617,0.4905278186571802,0.06137541107424805,0.0,0.0,0.0,0.0
17.379999999999917,-1.8939315692273015,0.006378485340204478,1.998998500457521,0.49053386931160353,0.06992910992271445,0.0,0.0,0.0,0.0
17.38999999999992,-1.8939315692273015,0.006378485340204478,1.998998500457521,0.49053386931160353,0.06992910992271445,0.0,0.0,0.0,0.0
17.39999999999992,-1.8939315692273015,0.006378485340204478,1.998998500457521,0.49053386931160353,0.06992910992271445,0.0,0.0,0.0,0.0
17.409999999999922,-1.8939315692273015,0.006378485340204478,1.998998500457521,0.49053386931160353,0.06992910992271445,0.0,0.0,0.0,0.0
17.419999999999924,-1.8777695127771894,0.008823728009386944,1.9989986473234378,0.48926432489494326,0.0780315170003498,0.0,0.0,0.0,0.0
17.429999999999925,-1.8777695127771894,0.008823728009386944,1.9989986473234378,0.48926432489494326,0.0780315170003498,0.0,0.0,0.0,0.0
17.439999999999927,-1.8777695127771894,0.008823728009386944,1.9989986473234378,0.48926432489494326,0.0780315170003498,0.0,0.0,0.0,0.0
17.44999999999993,-1.861646857501192,0.011535563659615253,1.9989987669246936,0.4879426473281697,0.08608525196638195,0.0,0.0,0.0,0.0
17.45999999999993,-1.861646857501192,0.011535563659615253,1.9989987669246936,0.4879426473281697,0.08608525196638195,0.0,0.0,0.0,0.0
17.46999999999993,-1.861646857501192,0.011535563659615253,1.9989987669246936,0.4879426473281697,0.08608525196638195,0.0,0.0,0.0,0.0
17.479999999999933,-1.861646857501192,0.011535563659615253,1.9989987669246936,0.4879426473281697,0.08608525196638195,0.0,0.0,0.0,0.0
17.489999999999934,-1.8450812245957127,0.014607649290582692,1.9989987276335377,0.48652754582572977,0.09438032134458826,0.0,0.0,0.0,0.0
17.499999999999936,-1.8450812245957127,0.014607649290582692,1.9989987276335377,0.48652754582572977,0.09438032134458826,0.0,0.0,0.0,0.0
17.509999999999938,-1.8450812245957127,0.014607649290582692,1.9989987276335377,0.48652754582572977,0.09438032134458826,0.0,0.0,0.0,0.0
17.51999999999994,-1.8290514330227232,0.017858593915006857,1.998998509985472,0.4850061893211485,0.10240145550449457,0.0,0.0,0.0,0.0
17.52999999999994,-1.8290514330227232,0.017858593915006857,1.998998509985472,0.4850061893211485,0.10240145550449457,0.0,0.0,0.0,0.0
17.539999999999942,-1.8290514330227232,0.017858593915006857,1.998998509985472,0.4850061893211485,0.10240145550449457,0.0,0.0,0.0,0.0
17.549999999999944,-1.813076676194198,0.021373117966387297,1.9989981377756059,0.4831596005101812,0.11033297471854484,0.0,0.0,0.0,0.0
17.559999999999945,-1.813076676194198,0.021373117966387297,1.9989981377756059,0.4831596005101812,0.11033297471854484,0.0,0.0,0.0,0.0
17.569999999999947,-1.813076676194198,0.021373117966387297,1.9989981377756059,0.4831596005101812,0.11033297471854484,0.0,0.0,0.0,0.0
17.57999999999995,-1.813076676194198,0.021373117966387297,1.9989981377756059,0.4831596005101812,0.11033297471854484,0.0,0.0,0.0,0.0
17.58999999999995,-1.7966913468418757,0.025197699533979757,1.9989988290149021,0.48139548121484016,0.11402749022185277,0.0,0.0,0.0,0.0
17.59999999999995,-1.7966913468418757,0.025197699533979757,1.9989988290149021,0.48139548121484016,0.11402749022185277,0.0,0.0,0.0,0.0
17.609999999999953,-1.7966913468418757,0.025197699533979757,1.9989988290149021,0.48139548121484016,0.11402749022185277,0.0,0.0,0.0,0.0
17.619999999999955,-1.780825447584333,0.02911206872033309,1.9989986098035923,0.4792424143288182,0.1250623003507751,0.0,0.0,0.0,0.0
17.629999999999956,-1.780825447584333,0.02911206872033309,1.9989986098035923,0.4792424143288182,0.1250623003507751,0.0,0.0,0.0,0.0
17.639999999999958,-1.780825447584333,0.02911206872033309,1.9989986098035923,0.4792424143288182,0.1250623003507751,0.0,0.0,0.0,0.0
17.64999999999996,-1.765055304960001,0.033419785082963636,1.998998774372762,0.47684387715971904,0.13446233633157179,0.0,0.0,0.0,0.0
17.65999999999996,-1.765055304960001,0.033419785082963636,1.998998774372762,0.47684387715971904,0.13446233633157179,0.0,0.0,0.0,0.0
17.669999999999963,-1.765055304960001,0.033419785082963636,1.998998774372762,0.47684387715971904,0.13446233633157179,0.0,0.0,0.0,0.0
17.679999999999964,-1.765055304960001,0.033419785082963636,1.998998774372762,0.47684387715971904,0.13446233633157179,0.0,0.0,0.0,0.0
17.689999999999966,-1.7488814341778858,0.038133638630699594,1.998998782721436,0.4745998939885853,0.14257998982836148,0.0,0.0,0.0,0.0
17.699999999999967,-1.7488814341778858,0.038133638630699594,1.998998782721436,0.4745998939885853,0.14257998982836148,0.0,0.0,0.0,0.0
17.70999999999997,-1.7488814341778858,0.038133638630699594,1.998998782721436,0.4745998939885853,0.14257998982836148,0.0,0.0,0.0,0.0
17.71999999999997,-1.7332586321557069,0.042972127431783975,1.9989986487236855,0.4723034864444402,0.15042599242956745,0.0,0.0,0.0,0.0
17.729999999999972,-1.7332586321557069,0.042972127431783975,1.9989986487236855,0.4723034864444402,0.15042599242956745,0.0,0.0,0.0,0.0
17.739999999999974,-1.7332586321557069,0.042972127431783975,1.9989986487236855,0.4723034864444402,0.15042599242956745,0.0,0.0,0.0,0.0
17.749999999999975,-1.717714647520314,0.04806861023414302,1.9989983103224,0.4698014207332354,0.15820713556542693,0.0,0.0,0.0,0.0
17.759999999999977,-1.717714647520314,0.04806861023414302,1.9989983103224,0.4698014207332354,0.15820713556542693,0.0,0.0,0.0,0.0
17.76999999999998,-1.717714647520314,0.04806861023414302,1.9989983103224,0.4698014207332354,0.15820713556542693,0.0,0.0,0.0,0.0
17.77999999999998,-1.717714647520314,0.04806861023414302,1.9989983103224,0.4698014207332354,0.15820713556542693,0.0,0.0,0.0,0.0
17.78999999999998,-1.7017847977152178,0.05355240391535874,1.9989979611789055,0.46740805303688937,0.16266232360059182,0.0,0.0,0.0,0.0
17.799999999999983,-1.7017847977152178,0.05355240391535874,1.9989979611789055,0.46740805303688937,0.16266232360059182,0.0,0.0,0.0,0.0
17.809999999999985,-1.7017847977152178,0.05355240391535874,1.9989979611789055,0.46740805303688937,0.16266232360059182,0.0,0.0,0.0,0.0
17.819999999999986,-1.6863999416057682,0.0590092259159244,1.9989988534363692,0.465307579057215,0.17008417371002638,0.0,0.0,0.0,0.0
17.829999999999988,-1.6863999416057682,0.0590092259159244,1.9989988534363692,0.465307579057215,0.17008417371002638,0.0,0.0,0.0,0.0
17.83999999999999,-1.6863999416057682,0.0590092259159244,1.9989988534363692,0.465307579057215,0.17008417371002638,0.0,0.0,0.0,0.0
17.84999999999999,-1.671130584366156,0.06484803489961782,1.998998727388871,0.46096730893654037,0.18146600144667502,0.0,0.0,0.0,0.0
17.859999999999992,-1.671130584366156,0.06484803489961782,1.998998727388871,0.46096730893654037,0.18146600144667502,0.0,0.0,0.0,0.0
17.869999999999994,-1.671130584366156,0.06484803489961782,1.998998727388871,0.46096730893654037,0.18146600144667502,0.0,0.0,0.0,0.0
17.879999999999995,-1.671130584366156,0.06484803489961782,1.998998727388871,0.46096730893654037,0.18146600144667502,0.0,0.0,0.0,0.0
17.889999999999997,-1.6555104702262153,0.07115562664994518,1.9989987913779133,0.4579200595166717,0.18932728504250648,0.0,0.0,0.0,0.0
17.9,-1.6555104702262153,0.07115562664994518,1.9989987913779133,0.4579200595166717,0.18932728504250648,0.0,0.0,0.0,0.0
17.91,-1.6555104702262153,0.07115562664994518,1.9989987913779133,0.4579200595166717,0.18932728504250648,0.0,0.0,0.0,0.0
17.92,-1.6404512270667309,0.07753236724628414,1.9989987049535198,0.4548461735585371,0.19691192970705634,0.0,0.0,0.0,0.0
17.930000000000003,-1.6404512270667309,0.07753236724628414,1.9989987049535198,0.4548461735585371,0.19691192970705634,0.0,0.0,0.0,0.0
17.940000000000005,-1.6404512270667309,0.07753236724628414,1.9989987049535198,0.4548461735585371,0.19691192970705634,0.0,0.0,0.0,0.0
17.950000000000006,-1.6254963793979864,0.08415817744810537,1.9989984428785206,0.45159873775853693,0.20441947800004695,0.0,0.0,0.0,0.0
17.960000000000008,-1.6254963793979864,0.08415817744810537,1.9989984428785206,0.45159873775853693,0.20441947800004695,0.0,0.0,0.0,0.0
17.97000000000001,-1.6254963793979864,0.08415817744810537,1.9989984428785206,0.45159873775853693,0.20441947800004695,0.0,0.0,0.0,0.0
17.98000000000001,-1.6254963793979864,0.08415817744810537,1.9989984428785206,0.45159873775853693,0.20441947800004695,0.0,0.0,0.0,0.0
17.990000000000013,-1.6102112058117812,0.09123821193590968,1.9989985489557227,0.4477951018001359,0.21189025853517024,0.0,0.0,0.0,0.0
18.000000000000014,-1.6102112058117812,0.09123821193590968,1.9989985489557227,0.4477951018001359,0.21189025853517024,0.0,0.0,0.0,0.0
18.010000000000016,-1.6102112058117812,0.09123821193590968,1.9989985489557227,0.4477951018001359,0.21189025853517024,0.0,0.0,0.0,0.0
18.020000000000017,-1.5954951231840804,0.09835460862163571,1.9989981966962178,0.4435578229949187,0.21892866414934928,0.0,0.0,0.0,0.0
18.03000000000002,-1.5954951231840804,0.09835460862163571,1.9989981966962178,0.4435578229949187,0.21892866414934928,0.0,0.0,0.0,0.0
18.04000000000002,-1.5954951231840804,0.09835460862163571,1.9989981966962178,0.4435578229949187,0.21892866414934928,0.0,0.0,0.0,0.0
18.050000000000022,-1.5809139241293206,0.10570925970574405,1.9989984850798928,0.4405252797425702,0.22665555163993567,0.0,0.0,0.0,0.0
18.060000000000024,-1.5809139241293206,0.10570925970574405,1.9989984850798928,0.4405252797425702,0.22665555163993567,0.0,0.0,0.0,0.0
18.070000000000025,-1.5809139241293206,0.10570925970574405,1.9989984850798928,0.4405252797425702,0.22665555163993567,0.0,0.0,0.0,0.0
18.080000000000027,-1.5809139241293206,0.10570925970574405,1.9989984850798928,0.4405252797425702,0.22665555163993567,0.0,0.0,0.0,0.0
18.09000000000003,-1.5660040763166985,0.11354659930370758,1.9989987510650493,0.4366569158641808,0.23415640543597002,0.0,0.0,0.0,0.0
18.10000000000003,-1.5660040763166985,0.11354659930370758,1.9989987510650493,0.4366569158641808,0.23415640543597002,0.0,0.0,0.0,0.0
18.11000000000003,-1.5660040763166985,0.11354659930370758,1.9989987510650493,0.4366569158641808,0.23415640543597002,0.0,0.0,0.0,0.0
18.120000000000033,-1.551659145125913,0.12139701842964834,1.9989987070135793,0.4328331354622621,0.24140017519033388,0.0,0.0,0.0,0.0
18.130000000000035,-1.551659145125913,0.12139701842964834,1.9989987070135793,0.4328331354622621,0.24140017519033388,0.0,0.0,0.0,0.0
18.140000000000036,-1.551659145125913,0.12139701842964834,1.9989987070135793,0.4328331354622621,0.24140017519033388,0.0,0.0,0.0,0.0
18.150000000000038,-1.5374437129310603,0.12948467862414803,1.9989984869952089,0.42880323291411143,0.2485260103566139,0.0,0.0,0.0,0.0
18.16000000000004,-1.5374437129310603,0.12948467862414803,1.9989984869952089,0.42880323291411143,0.2485260103566139,0.0,0.0,0.0,0.0
18.17000000000004,-1.5374437129310603,0.12948467862414803,1.9989984869952089,0.42880323291411143,0.2485260103566139,0.0,0.0,0.0,0.0
18.180000000000042,-1.5374437129310603,0.12948467862414803,1.9989984869952089,0.42880323291411143,0.2485260103566139,0.0,0.0,0.0,0.0
18.190000000000044,-1.522945914879638,0.13805678426533297,1.9989985097145895,0.4245869778297142,0.2557611794301024,0.0,0.0,0.0,0.0
18.200000000000045,-1.522945914879638,0.13805678426533297,1.9989985097145895,0.4245869778297142,0.2557611794301024,0.0,0.0,0.0,0.0
18.210000000000047,-1.522945914879638,0.13805678426533297,1.9989985097145895,0.4245869778297142,0.2557611794301024,0.0,0.0,0.0,0.0
18.22000000000005,-1.5090095925762093,0.1466131037910168,1.9989983702130414,0.4202323130584804,0.26263142885985946,0.0,0.0,0.0,0.0
18.23000000000005,-1.5090095925762093,0.1466131037910168,1.9989983702130414,0.4202323130584804,0.26263142885985946,0.0,0.0,0.0,0.0
18.24000000000005,-1.5090095925762093,0.1466131037910168,1.9989983702130414,0.4202323130584804,0.26263142885985946,0.0,0.0,0.0,0.0
18.250000000000053,-1.4952287432886724,0.1553897620563425,1.9989987650906649,0.41476360941976637,0.2689352943720916,0.0,0.0,0.0,0.0
18.260000000000055,-1.4952287432886724,0.1553897620563425,1.9989987650906649,0.41476360941976637,0.2689352943720916,0.0,0.0,0.0,0.0
18.270000000000056,-1.4952287432886724,0.1553897620563425,1.9989987650906649,0.41476360941976637,0.2689352943720916,0.0,0.0,0.0,0.0
18.280000000000058,-1.4952287432886724,0.1553897620563425,1.9989987650906649,0.41476360941976637,0.2689352943720916,0.0,0.0,0.0,0.0
18.29000000000006,-1.4811846262723543,0.16467343819135508,1.9989986638406654,0.41101589486761164,0.27660825330104155,0.0,0.0,0.0,0.0
18.30000000000006,-1.4811846262723543,0.16467343819135508,1.9989986638406654,0.41101589486761164,0.27660825330104155,0.0,0.0,0.0,0.0
18.310000000000063,-1.4811846262723543,0.16467343819135508,1.9989986638406654,0.41101589486761164,0.27660825330104155,0.0,0.0,0.0,0.0
18.320000000000064,-1.4676974711134012,0.173918166750143,1.9989986556518702,0.4064824067164815,0.2834422467512709,0.0,0.0,0.0,0.0
18.330000000000066,-1.4676974711134012,0.173918166750143,1.9989986556518702,0.4064824067164815,0.2834422467512709,0.0,0.0,0.0,0.0
18.340000000000067,-1.4676974711134012,0.173918166750143,1.9989986556518702,0.4064824067164815,0.2834422467512709,0.0,0.0,0.0,0.0
18.35000000000007,-1.454364234868096,0.183385267653454,1.9989984383937,0.4015992883985337,0.29001873095270875,0.0,0.0,0.0,0.0
18.36000000000007,-1.454364234868096,0.183385267653454,1.9989984383937,0.4015992883985337,0.29001873095270875,0.0,0.0,0.0,0.0
18.370000000000072,-1.454364234868096,0.183385267653454,1.9989984383937,0.4015992883985337,0.29001873095270875,0.0,0.0,0.0,0.0
18.380000000000074,-1.454364234868096,0.183385267653454,1.9989984383937,0.4015992883985337,0.29001873095270875,0.0,0.0,0.0,0.0
18.390000000000075,-1.4407984112311865,0.19336235009644764,1.9989986233664603,0.3967206775536115,0.2968160339433953,0.0,0.0,0.0,0.0
18.400000000000077,-1.4407984112311865,0.19336235009644764,1.9989986233664603,0.3967206775536115,0.2968160339433953,0.0,0.0,0.0,0.0
18.41000000000008,-1.4407984112311865,0.19336235009644764,1.9989986233664603,0.3967206775536115,0.2968160339433953,0.0,0.0,0.0,0.0
18.42000000000008,-1.4277876103061469,0.20326952940677695,1.9989985657172182,0.3919068630195647,0.30338523795000094,0.0,0.0,0.0,0.0
18.43000000000008,-1.4277876103061469,0.20326952940677695,1.9989985657172182,0.3919068630195647,0.30338523795000094,0.0,0.0,0.0,0.0
18.440000000000083,-1.4277876103061469,0.20326952940677695,1.9989985657172182,0.3919068630195647,0.30338523795000094,0.0,0.0,0.0,0.0
18.450000000000085,-1.4149405311373338,0.21338992730484166,1.9989983159945799,0.38682190794921345,0.30974892914444097,0.0,0.0,0.0,0.0
18.460000000000086,-1.4149405311373338,0.21338992730484166,1.9989983159945799,0.38682190794921345,0.30974892914444097,0.0,0.0,0.0,0.0
18.470000000000088,-1.4149405311373338,0.21338992730484166,1.9989983159945799,0.38682190794921345,0.30974892914444097,0.0,0.0,0.0,0.0
18.48000000000009,-1.4149405311373338,0.21338992730484166,1.9989983159945799,0.38682190794921345,0.30974892914444097,0.0,0.0,0.0,0.0
18.49000000000009,-1.4018983920786616,0.22402419423103803,1.9989991155990783,0.38088411909201914,0.31595911243517083,0.0,0.0,0.0,0.0
18.500000000000092,-1.4018983920786616,0.22402419423103803,1.9989991155990783,0.38088411909201914,0.31595911243517083,0.0,0.0,0.0,0.0
18.510000000000094,-1.4018983920786616,0.22402419423103803,1.9989991155990783,0.38088411909201914,0.31595911243517083,0.0,0.0,0.0,0.0
18.520000000000095,-1.3894041926719918,0.23456957738323167,1.9989985245324327,0.3760795219630384,0.32262699497516134,0.0,0.0,0.0,0.0
18.530000000000097,-1.3894041926719918,0.23456957738323167,1.9989985245324327,0.3760795219630384,0.32262699497516134,0.0,0.0,0.0,0.0
18.5400000000001,-1.3894041926719918,0.23456957738323167,1.9989985245324327,0.3760795219630384,0.32262699497516134,0.0,0.0,0.0,0.0
18.5500000000001,-1.377088432576445,0.24531815576736526,1.9989985470699836,0.3701967399112075,0.328343554271706,0.0,0.0,0.0,0.0
18.5600000000001,-1.377088432576445,0.24531815576736526,1.9989985470699836,0.3701967399112075,0.328343554271706,0.0,0.0,0.0,0.0
18.570000000000103,-1.377088432576445,0.24531815576736526,1.9989985470699836,0.3701967399112075,0.328343554271706,0.0,0.0,0.0,0.0
18.580000000000105,-1.377088432576445,0.24531815576736526,1.9989985470699836,0.3701967399112075,0.328343554271706,0.0,0.0,0.0,0.0
18.590000000000106,-1.364587505859354,0.25660082675241463,1.998998757284174,0.3650730146024336,0.33498229570684296,0.0,0.0,0.0,0.0
18.600000000000108,-1.364587505859354,0.25660082675241463,1.998998757284174,0.3650730146024336,0.33498229570684296,0.0,0.0,0.0,0.0
18.61000000000011,-1.364587505859354,0.25660082675241463,1.998998757284174,0.3650730146024336,0.33498229570684296,0.0,0.0,0.0,0.0
18.62000000000011,-1.3526330366062478,0.26775814261762976,1.9989987123951405,0.3595914405849629,0.34102439174204624,0.0,0.0,0.0,0.0
18.630000000000113,-1.3526330366062478,0.26775814261762976,1.9989987123951405,0.3595914405849629,0.34102439174204624,0.0,0.0,0.0,0.0
18.640000000000114,-1.3526330366062478,0.26775814261762976,1.9989987123951405,0.3595914405849629,0.34102439174204624,0.0,0.0,0.0,0.0
18.650000000000116,-1.3408614219165575,0.27911302118867426,1.9989985036852442,0.3539883855531789,0.3469510733558345,0.0,0.0,0.0,0.0
18.660000000000117,-1.3408614219165575,0.27911302118867426,1.9989985036852442,0.3539883855531789,0.3469510733558345,0.0,0.0,0.0,0.0
18.67000000000012,-1.3408614219165575,0.27911302118867426,1.9989985036852442,0.3539883855531789,0.3469510733558345,0.0,0.0,0.0,0.0
18.68000000000012,-1.3408614219165575,0.27911302118867426,1.9989985036852442,0.3539883855531789,0.3469510733558345,0.0,0.0,0.0,0.0
18.690000000000122,-1.3289306140944221,0.29101256131568926,1.9989981482554091,0.3479123887445154,0.3527505789539766,0.0,0.0,0.0,0.0
18.700000000000124,-1.3289306140944221,0.29101256131568926,1.9989981482554091,0.3479123887445154,0.3527505789539766,0.0,0.0,0.0,0.0
18.710000000000125,-1.3289306140944221,0.29101256131568926,1.9989981482554091,0.3479123887445154,0.3527505789539766,0.0,0.0,0.0,0.0
18.720000000000127,-1.317561833376608,0.3027416353896136,1.9989985528336127,0.3420289043240305,0.3586431608310494,0.0,0.0,0.0,0.0
18.73000000000013,-1.317561833376608,0.3027416353896136,1.9989985528336127,0.3420289043240305,0.3586431608310494,0.0,0.0,0.0,0.0
18.74000000000013,-1.317561833376608,0.3027416353896136,1.9989985528336127,0.3420289043240305,0.3586431608310494,0.0,0.0,0.0,0.0
18.75000000000013,-1.3063850620978137,0.3146624547151803,1.9989989767595162,0.3356135463590944,0.3637096146423234,0.0,0.0,0.0,0.0
18.760000000000133,-1.3063850620978137,0.3146624547151803,1.9989989767595162,0.3356135463590944,0.3637096146423234,0.0,0.0,0.0,0.0
18.770000000000135,-1.3063850620978137,0.3146624547151803,1.9989989767595162,0.3356135463590944,0.3637096146423234,0.0,0.0,0.0,0.0
18.780000000000136,-1.3063850620978137,0.3146624547151803,1.9989989767595162,0.3356135463590944,0.3637096146423234,0.0,0.0,0.0,0.0
18.790000000000138,-1.2950718240005619,0.32713944126372835,1.998998743782312,0.3297502426307248,0.36974918503430554,0.0,0.0,0.0,0.0
18.80000000000014,-1.2950718240005619,0.32713944126372835,1.998998743782312,0.3297502426307248,0.36974918503430554,0.0,0.0,0.0,0.0
18.81000000000014,-1.2950718240005619,0.32713944126372835,1.998998743782312,0.3297502426307248,0.36974918503430554,0.0,0.0,0.0,0.0
18.820000000000142,-1.2842928365044646,0.3394344259739499,1.998998777805426,0.3236852062720956,0.3752172443139306,0.0,0.0,0.0,0.0
18.830000000000144,-1.2842928365044646,0.3394344259739499,1.998998777805426,0.3236852062720956,0.3752172443139306,0.0,0.0,0.0,0.0
18.840000000000146,-1.2842928365044646,0.3394344259739499,1.998998777805426,0.3236852062720956,0.3752172443139306,0.0,0.0,0.0,0.0
18.850000000000147,-1.2737156567131365,0.35190804346091625,1.9989986548484644,0.31753627790620637,0.3805929055928445,0.0,0.0,0.0,0.0
18.86000000000015,-1.2737156567131365,0.35190804346091625,1.9989986548484644,0.31753627790620637,0.3805929055928445,0.0,0.0,0.0,0.0
18.87000000000015,-1.2737156567131365,0.35190804346091625,1.9989986548484644,0.31753627790620637,0.3805929055928445,0.0,0.0,0.0,0.0
18.88000000000015,-1.2737156567131365,0.35190804346091625,1.9989986548484644,0.31753627790620637,0.3805929055928445,0.0,0.0,0.0,0.0
18.890000000000153,-1.2630323722406462,0.36494260458276223,1.9989983387595467,0.31106688401961374,0.38597196940127415,0.0,0.0,0.0,0.0
18.900000000000155,-1.2630323722406462,0.36494260458276223,1.9989983387595467,0.31106688401961374,0.38597196940127415,0.0,0.0,0.0,0.0
18.910000000000156,-1.2630323722406462,0.36494260458276223,1.9989983387595467,0.31106688401961374,0.38597196940127415,0.0,0.0,0.0,0.0
18.920000000000158,-1.2528722286601228,0.37775645150251447,1.9989979038520693,0.30543633925085056,0.38965953004378645,0.0,0.0,0.0,0.0
18.93000000000016,-1.2528722286601228,0.37775645150251447,1.9989979038520693,0.30543633925085056,0.38965953004378645,0.0,0.0,0.0,0.0
18.94000000000016,-1.2528722286601228,0.37775645150251447,1.9989979038520693,0.30543633925085056,0.38965953004378645,0.0,0.0,0.0,0.0
18.950000000000163,-1.2428703212591448,0.3906587832211171,1.9989987546978398,0.29991771089624003,0.39418546078971883,0.0,0.0,0.0,0.0
18.960000000000164,-1.2428703212591448,0.3906587832211171,1.9989987546978398,0.29991771089624003,0.39418546078971883,0.0,0.0,0.0,0.0
18.970000000000166,-1.2428703212591448,0.3906587832211171,1.9989987546978398,0.29991771089624003,0.39418546078971883,0.0,0.0,0.0,0.0
18.980000000000167,-1.2428703212591448,0.3906587832211171,1.9989987546978398,0.29991771089624003,0.39418546078971883,0.0,0.0,0.0,0.0
18.99000000000017,-1.232847442513083,0.4041941341117402,1.998998723542604,0.2911838173833541,0.4007780244232834,0.0,0.0,0.0,0.0
19.00000000000017,-1.232847442513083,0.4041941341117402,1.998998723542604,0.2911838173833541,0.4007780244232834,0.0,0.0,0.0,0.0
19.010000000000172,-1.232847442513083,0.4041941341117402,1.998998723542604,0.2911838173833541,0.4007780244232834,0.0,0.0,0.0,0.0
19.020000000000174,-1.223350000641498,0.4175025510597521,1.9989987927095219,0.2845954127677468,0.40561791033691114,0.0,0.0,0.0,0.0
19.030000000000175,-1.223350000641498,0.4175025510597521,1.9989987927095219,0.2845954127677468,0.40561791033691114,0.0,0.0,0.0,0.0
19.040000000000177,-1.223350000641498,0.4175025510597521,1.9989987927095219,0.2845954127677468,0.40561791033691114,0.0,0.0,0.0,0.0
19.05000000000018,-1.214071487178415,0.43096861929916547,1.9989987285658886,0.27793156433135946,0.4103551721976968,0.0,0.0,0.0,0.0
19.06000000000018,-1.214071487178415,0.43096861929916547,1.9989987285658886,0.27793156433135946,0.4103551721976968,0.0,0.0,0.0,0.0
19.07000000000018,-1.214071487178415,0.43096861929916547,1.9989987285658886,0.27793156433135946,0.4103551721976968,0.0,0.0,0.0,0.0
19.080000000000183,-1.214071487178415,0.43096861929916547,1.9989987285658886,0.27793156433135946,0.4103551721976968,0.0,0.0,0.0,0.0
19.090000000000185,-1.2047433390175142,0.44500409331431634,1.9989984691737905,0.2709796225936275,0.41511436513042194,0.0,0.0,0.0,0.0
19.100000000000186,-1.2047433390175142,0.44500409331431634,1.9989984691737905,0.2709796225936275,0.41511436513042194,0.0,0.0,0.0,0.0
19.110000000000188,-1.2047433390175142,0.44500409331431634,1.9989984691737905,0.2709796225936275,0.41511436513042194,0.0,0.0,0.0,0.0
19.12000000000019,-1.195918548183219,0.4587753866240772,1.9989980187368799,0.26413843336508175,0.4191000504484794,0.0,0.0,0.0,0.0
19.13000000000019,-1.195918548183219,0.4587753866240772,1.9989980187368799,0.26413843336508175,0.4191000504484794,0.0,0.0,0.0,0.0
19.140000000000192,-1.195918548183219,0.4587753866240772,1.9989980187368799,0.26413843336508175,0.4191000504484794,0.0,0.0,0.0,0.0
19.150000000000194,-1.1872928029516001,0.4726412188366745,1.9989984066633542,0.25833287290111623,0.4216761010364878,0.0,0.0,0.0,0.0
19.160000000000196,-1.1872928029516001,0.4726412188366745,1.9989984066633542,0.25833287290111623,0.4216761010364878,0.0,0.0,0.0,0.0
19.170000000000197,-1.1872928029516001,0.4726412188366745,1.9989984066633542,0.25833287290111623,0.4216761010364878,0.0,0.0,0.0,0.0
19.1800000000002,-1.1786703411624506,0.48710132347963814,1.9989986522022154,0.24971720500003441,0.42778928179528064,0.0,0.0,0.0,0.0
19.1900000000002,-1.1786703411624506,0.48710132347963814,1.9989986522022154,0.24971720500003441,0.42778928179528064,0.0,0.0,0.0,0.0
19.200000000000202,-1.1786703411624506,0.48710132347963814,1.9989986522022154,0.24971720500003441,0.42778928179528064,0.0,0.0,0.0,0.0
19.210000000000203,-1.1786703411624506,0.48710132347963814,1.9989986522022154,0.24971720500003441,0.42778928179528064,0.0,0.0,0.0,0.0
19.220000000000205,-1.1705488529483314,0.50129010126964,1.9989987597275796,0.24267691919243928,0.4319614821297001,0.0,0.0,0.0,0.0
19.230000000000206,-1.1705488529483314,0.50129010126964,1.9989987597275796,0.24267691919243928,0.4319614821297001,0.0,0.0,0.0,0.0
19.240000000000208,-1.1705488529483314,0.50129010126964,1.9989987597275796,0.24267691919243928,0.4319614821297001,0.0,0.0,0.0,0.0
19.25000000000021,-1.1626612245316352,0.5156139542378638,1.9989987444354318,0.23556581070600346,0.4360131029724045,0.0,0.0,0.0,0.0
19.26000000000021,-1.1626612245316352,0.5156139542378638,1.9989987444354318,0.23556581070600346,0.4360131029724045,0.0,0.0,0.0,0.0
19.270000000000213,-1.1626612245316352,0.5156139542378638,1.9989987444354318,0.23556581070600346,0.4360131029724045,0.0,0.0,0.0,0.0
19.280000000000214,-1.1626612245316352,0.5156139542378638,1.9989987444354318,0.23556581070600346,0.4360131029724045,0.0,0.0,0.0,0.0
19.290000000000216,-1.1547814710327953,0.5305091563849864,1.998998547434781,0.22815399738051104,0.4400391045892913,0.0,0.0,0.0,0.0
19.300000000000217,-1.1547814710327953,0.5305091563849864,1.998998547434781,0.22815399738051104,0.4400391045892913,0.0,0.0,0.0,0.0
19.31000000000022,-1.1547814710327953,0.5305091563849864,1.998998547434781,0.22815399738051104,0.4400391045892913,0.0,0.0,0.0,0.0
19.32000000000022,-1.1473785899078615,0.5450880088564507,1.9989983472686434,0.22053880058239636,0.4430062316232307,0.0,0.0,0.0,0.0
19.330000000000222,-1.1473785899078615,0.5450880088564507,1.9989983472686434,0.22053880058239636,0.4430062316232307,0.0,0.0,0.0,0.0
19.340000000000224,-1.1473785899078615,0.5450880088564507,1.9989983472686434,0.22053880058239636,0.4430062316232307,0.0,0.0,0.0,0.0
19.350000000000225,-1.1402171139873578,0.5597800941594081,1.998998375545736,0.21357532469368934,0.4471188016104414,0.0,0.0,0.0,0.0
19.360000000000227,-1.1402171139873578,0.5597800941594081,1.998998375545736,0.21357532469368934,0.4471188016104414,0.0,0.0,0.0,0.0
19.37000000000023,-1.1402171139873578,0.5597800941594081,1.998998375545736,0.21357532469368934,0.4471188016104414,0.0,0.0,0.0,0.0
19.38000000000023,-1.1402171139873578,0.5597800941594081,1.998998375545736,0.21357532469368934,0.4471188016104414,0.0,0.0,0.0,0.0
19.39000000000023,-1.1330952682488475,0.5750328310843441,1.9989989754042252,0.20567432531922453,0.4502820627946563,0.0,0.0,0.0,0.0
19.400000000000233,-1.1330952682488475,0.5750328310843441,1.9989989754042252,0.20567432531922453,0.4502820627946563,0.0,0.0,0.0,0.0
19.410000000000235,-1.1330952682488475,0.5750328310843441,1.9989989754042252,0.20567432531922453,0.4502820627946563,0.0,0.0,0.0,0.0
19.420000000000236,-1.1264291513645968,0.5899608267436804,1.998998640194926,0.19837902182585349,0.45398000148980616,0.0,0.0,0.0,0.0
19.430000000000238,-1.1264291513645968,0.5899608267436804,1.998998640194926,0.19837902182585349,0.45398000148980616,0.0,0.0,0.0,0.0
19.44000000000024,-1.1264291513645968,0.5899608267436804,1.998998640194926,0.19837902182585349,0.45398000148980616,0.0,0.0,0.0,0.0
19.45000000000024,-1.1200098545233204,0.6049988572380595,1.9989987121865376,0.1908888007999192,0.4573011633017724,0.0,0.0,0.0,0.0
19.460000000000242,-1.1200098545233204,0.6049988572380595,1.9989987121865376,0.1908888007999192,0.4573011633017724,0.0,0.0,0.0,0.0
19.470000000000244,-1.1200098545233204,0.6049988572380595,1.9989987121865376,0.1908888007999192,0.4573011633017724,0.0,0.0,0.0,0.0
19.480000000000246,-1.113655816558234,0.6206042869392002,1.9989985524757972,0.1830949345205553,0.460539411739373,0.0,0.0,0.0,0.0
19.490000000000247,-1.113655816558234,0.6206042869392002,1.9989985524757972,0.1830949345205553,0.460539411739373,0.0,0.0,0.0,0.0
19.50000000000025,-1.113655816558234,0.6206042869392002,1.9989985524757972,0.1830949345205553,0.460539411739373,0.0,0.0,0.0,0.0
19.51000000000025,-1.113655816558234,0.6206042869392002,1.9989985524757972,0.1830949345205553,0.460539411739373,0.0,0.0,0.0,0.0
19.520000000000252,-1.107747357043039,0.6358402538021902,1.998998954901192,0.17526035383321564,0.46274590835556556,0.0,0.0,0.0,0.0
19.530000000000253,-1.107747357043039,0.6358402538021902,1.998998954901192,0.17526035383321564,0.46274590835556556,0.0,0.0,0.0,0.0
19.540000000000255,-1.107747357043039,0.6358402538021902,1.998998954901192,0.17526035383321564,0.46274590835556556,0.0,0.0,0.0,0.0
19.550000000000257,-1.1020849081011757,0.651178693242819,1.9989985303613267,0.16793022711707942,0.4662756296171464,0.0,0.0,0.0,0.0
19.560000000000258,-1.1020849081011757,0.651178693242819,1.9989985303613267,0.16793022711707942,0.4662756296171464,0.0,0.0,0.0,0.0
19.57000000000026,-1.1020849081011757,0.651178693242819,1.9989985303613267,0.16793022711707942,0.4662756296171464,0.0,0.0,0.0,0.0
19.58000000000026,-1.1020849081011757,0.651178693242819,1.9989985303613267,0.16793022711707942,0.4662756296171464,0.0,0.0,0.0,0.0
19.590000000000263,-1.0965138372931549,0.6670804570207326,1.9989983311473338,0.1599915873229333,0.46897456934575366,0.0,0.0,0.0,0.0
19.600000000000264,-1.0965138372931549,0.6670804570207326,1.9989983311473338,0.1599915873229333,0.46897456934575366,0.0,0.0,0.0,0.0
19.610000000000266,-1.0965138372931549,0.6670804570207326,1.9989983311473338,0.1599915873229333,0.46897456934575366,0.0,0.0,0.0,0.0
19.620000000000267,-1.091370551557791,0.6825917158170867,1.998998580774527,0.15220797517064588,0.4717055997784545,0.0,0.0,0.0,0.0
19.63000000000027,-1.091370551557791,0.6825917158170867,1.998998580774527,0.15220797517064588,0.4717055997784545,0.0,0.0,0.0,0.0
19.64000000000027,-1.091370551557791,0.6825917158170867,1.998998580774527,0.15220797517064588,0.4717055997784545,0.0,0.0,0.0,0.0
19.650000000000272,-1.0864823071524228,0.6981943880092333,1.9989986092861354,0.1443385267193612,0.4740156847030688,0.0,0.0,0.0,0.0
19.660000000000274,-1.0864823071524228,0.6981943880092333,1.9989986092861354,0.1443385267193612,0.4740156847030688,0.0,0.0,0.0,0.0
19.670000000000275,-1.0864823071524228,0.6981943880092333,1.9989986092861354,0.1443385267193612,0.4740156847030688,0.0,0.0,0.0,0.0
19.680000000000277,-1.0864823071524228,0.6981943880092333,1.9989986092861354,0.1443385267193612,0.4740156847030688,0.0,0.0,0.0,0.0
19.69000000000028,-1.0817162775801017,0.7143537906099366,1.9989984772963134,0.13624035824241926,0.4764019518156023,0.0,0.0,0.0,0.0
19.70000000000028,-1.0817162775801017,0.7143537906099366,1.9989984772963134,0.13624035824241926,0.4764019518156023,0.0,0.0,0.0,0.0
19.71000000000028,-1.0817162775801017,0.7143537906099366,1.9989984772963134,0.13624035824241926,0.4764019518156023,0.0,0.0,0.0,0.0
19.720000000000283,-1.0773573834724979,0.7300967852159701,1.9989990758823144,0.12841197400533128,0.4783606712047977,0.0,0.0,0.0,0.0
19.730000000000285,-1.0773573834724979,0.7300967852159701,1.9989990758823144,0.12841197400533128,0.4783606712047977,0.0,0.0,0.0,0.0
19.740000000000286,-1.0773573834724979,0.7300967852159701,1.9989990758823144,0.12841197400533128,0.4783606712047977,0.0,0.0,0.0,0.0
19.750000000000288,-1.0732519558515996,0.7459252680867826,1.9989986946154152,0.12058984856629004,0.480678146965061,0.0,0.0,0.0,0.0
19.76000000000029,-1.0732519558515996,0.7459252680867826,1.9989986946154152,0.12058984856629004,0.480678146965061,0.0,0.0,0.0,0.0
19.77000000000029,-1.0732519558515996,0.7459252680867826,1.9989986946154152,0.12058984856629004,0.480678146965061,0.0,0.0,0.0,0.0
19.780000000000292,-1.0732519558515996,0.7459252680867826,1.9989986946154152,0.12058984856629004,0.480678146965061,0.0,0.0,0.0,0.0
19.790000000000294,-1.0692942262261649,0.7623046716392594,1.9989985130210346,0.11244711852267053,0.48271965771159775,0.0,0.0,0.0,0.0
19.800000000000296,-1.0692942262261649,0.7623046716392594,1.9989985130210346,0.11244711852267053,0.48271965771159775,0.0,0.0,0.0,0.0
19.810000000000297,-1.0692942262261649,0.7623046716392594,1.9989985130210346,0.11244711852267053,0.48271965771159775,0.0,0.0,0.0,0.0
19.8200000000003,-1.0657189392738844,0.7782636205307298,1.9989982499113874,0.10443745838022808,0.4842922398551641,0.0,0.0,0.0,0.0
19.8300000000003,-1.0657189392738844,0.7782636205307298,1.9989982499113874,0.10443745838022808,0.4842922398551641,0.0,0.0,0.0,0.0
19.840000000000302,-1.0657189392738844,0.7782636205307298,1.9989982499113874,0.10443745838022808,0.4842922398551641,0.0,0.0,0.0,0.0
19.850000000000303,-1.0624109742440027,0.7942706581032304,1.9989983217393978,0.0963736929424951,0.4860082363858935,0.0,0.0,0.0,0.0
19.860000000000305,-1.0624109742440027,0.7942706581032304,1.9989983217393978,0.0963736929424951,0.4860082363858935,0.0,0.0,0.0,0.0
19.870000000000307,-1.0624109742440027,0.7942706581032304,1.9989983217393978,0.0963736929424951,0.4860082363858935,0.0,0.0,0.0,0.0
19.880000000000308,-1.0624109742440027,0.7942706581032304,1.9989983217393978,0.0963736929424951,0.4860082363858935,0.0,0.0,0.0,0.0
19.89000000000031,-1.05927976097833,0.8108215670769741,1.9989983087587777,0.08803937037951032,0.48734009087149693,0.0,0.0,0.0,0.0
19.90000000000031,-1.05927976097833,0.8108215670769741,1.9989983087587777,0.08803937037951032,0.48734009087149693,0.0,0.0,0.0,0.0
19.910000000000313,-1.05927976097833,0.8108215670769741,1.9989983087587777,0.08803937037951032,0.48734009087149693,0.0,0.0,0.0,0.0
19.920000000000314,-1.056511182349264,0.8269190998916915,1.9989986894126646,0.08012413510327719,0.4889790431570322,0.0,0.0,0.0,0.0
19.930000000000316,-1.056511182349264,0.8269190998916915,1.9989986894126646,0.08012413510327719,0.4889790431570322,0.0,0.0,0.0,0.0
19.940000000000317,-1.056511182349264,0.8269190998916915,1.9989986894126646,0.08012413510327719,0.4889790431570322,0.0,0.0,0.0,0.0
19.95000000000032,-1.0540042508105165,0.8430763977168235,1.9989987678948362,0.07206496902878327,0.49026234572694816,0.0,0.0,0.0,0.0
19.96000000000032,-1.0540042508105165,0.8430763977168235,1.9989987678948362,0.07206496902878327,0.49026234572694816,0.0,0.0,0.0,0.0
19.970000000000322,-1.0540042508105165,0.8430763977168235,1.9989987678948362,0.07206496902878327,0.49026234572694816,0.0,0.0,0.0,0.0
19.980000000000324,-1.0540042508105165,0.8430763977168235,1.9989987678948362,0.07206496902878327,0.49026234572694816,0.0,0.0,0.0,0.0
19.990000000000325,-1.0516993972466508,0.8597678524061074,1.9989986582905654,0.0637557003552761,0.49153829690178114,0.0,0.0,0.0,0.0
20.000000000000327,-1.0516993972466508,0.8597678524061074,1.9989986582905654,0.0637557003552761,0.49153829690178114,0.0,0.0,0.0,0.0
20.01000000000033,-1.0516993972466508,0.8597678524061074,1.9989986582905654,0.0637557003552761,0.49153829690178114,0.0,0.0,0.0,0.0
20.02000000000033,-1.049733003150742,0.8760062753195954,1.9989984158578615,0.055661527087551683,0.4925641565388961,0.0,0.0,0.0,0.0
20.03000000000033,-1.049733003150742,0.8760062753195954,1.9989984158578615,0.055661527087551683,0.4925641565388961,0.0,0.0,0.0,0.0
20.040000000000333,-1.049733003150742,0.8760062753195954,1.9989984158578615,0.055661527087551683,0.4925641565388961,0.0,0.0,0.0,0.0
20.050000000000335,-1.0480345914838456,0.8922722280859693,1.998998150855305,0.047463199512427307,0.4929527129904519,0.0,0.0,0.0,0.0
20.060000000000336,-1.0480345914838456,0.8922722280859693,1.998998150855305,0.047463199512427307,0.4929527129904519,0.0,0.0,0.0,0.0
20.070000000000338,-1.0480345914838456,0.8922722280859693,1.998998150855305,0.047463199512427307,0.4929527129904519,0.0,0.0,0.0,0.0
20.08000000000034,-1.0480345914838456,0.8922722280859693,1.998998150855305,0.047463199512427307,0.4929527129904519,0.0,0.0,0.0,0.0
20.09000000000034,-1.0465686337053905,0.9090447381004091,1.9989982449031773,0.03900825990554425,0.49308171550864593,0.0,0.0,0.0,0.0
20.100000000000342,-1.0465686337053905,0.9090447381004091,1.9989982449031773,0.03900825990554425,0.49308171550864593,0.0,0.0,0.0,0.0
20.110000000000344,-1.0465686337053905,0.9090447381004091,1.9989982449031773,0.03900825990554425,0.49308171550864593,0.0,0.0,0.0,0.0
20.120000000000346,-1.0454167148598272,0.9253391836878935,1.9989986617158257,0.03099724608076154,0.4943830970231578,0.0,0.0,0.0,0.0
20.130000000000347,-1.0454167148598272,0.9253391836878935,1.9989986617158257,0.03099724608076154,0.4943830970231578,0.0,0.0,0.0,0.0
20.14000000000035,-1.0454167148598272,0.9253391836878935,1.9989986617158257,0.03099724608076154,0.4943830970231578,0.0,0.0,0.0,0.0
20.15000000000035,-1.0445321280393958,0.9416646800464854,1.9989987869536605,0.022853328804864195,0.49496258869508675,0.0,0.0,0.0,0.0
20.160000000000352,-1.0445321280393958,0.9416646800464854,1.9989987869536605,0.022853328804864195,0.49496258869508675,0.0,0.0,0.0,0.0
20.170000000000353,-1.0445321280393958,0.9416646800464854,1.9989987869536605,0.022853328804864195,0.49496258869508675,0.0,0.0,0.0,0.0
20.180000000000355,-1.0445321280393958,0.9416646800464854,1.9989987869536605,0.022853328804864195,0.49496258869508675,0.0,0.0,0.0,0.0
20.190000000000357,-1.043902149748389,0.9585013557561749,1.9989987432563943,0.014448635011536735,0.4953989647830436,0.0,0.0,0.0,0.0
20.200000000000358,-1.043902149748389,0.9585013557561749,1.9989987432563943,0.014448635011536735,0.4953989647830436,0.0,0.0,0.0,0.0
20.21000000000036,-1.043902149748389,0.9585013557561749,1.9989987432563943,0.014448635011536735,0.4953989647830436,0.0,0.0,0.0,0.0
20.22000000000036,-1.043564093103703,0.9748545542753042,1.9989985351101942,0.0062859073769997945,0.49569715243354623,0.0,0.0,0.0,0.0
20.230000000000363,-1.043564093103703,0.9748545542753042,1.9989985351101942,0.0062859073769997945,0.49569715243354623,0.0,0.0,0.0,0.0
20.240000000000364,-1.043564093103703,0.9748545542753042,1.9989985351101942,0.0062859073769997945,0.49569715243354623,0.0,0.0,0.0,0.0
20.250000000000366,-1.0434955313183274,0.9912127952310965,1.998998199087166,-0.001881513581357188,0.49570119228660064,0.0,0.0,0.0,0.0
20.260000000000367,-1.0434955313183274,0.9912127952310965,1.998998199087166,-0.001881513581357188,0.49570119228660064,0.0,0.0,0.0,0.0
20.27000000000037,-1.0434955313183274,0.9912127952310965,1.998998199087166,-0.001881513581357188,0.49570119228660064,0.0,0.0,0.0,0.0
20.28000000000037,-1.0434955313183274,0.9912127952310965,1.998998199087166,-0.001881513581357188,0.49570119228660064,0.0,0.0,0.0,0.0
20.290000000000372,-1.0436625902390573,1.0080473994263668,1.9989986388119045,-0.007867229459848229,0.4941954837061163,0.0,0.0,0.0,0.0
20.300000000000374,-1.0436625902390573,1.0080473994263668,1.9989986388119045,-0.007867229459848229,0.4941954837061163,0.0,0.0,0.0,0.0
20.310000000000375,-1.0436625902390573,1.0080473994263668,1.9989986388119045,-0.007867229459848229,0.4941954837061163,0.0,0.0,0.0,0.0
20.320000000000377,-1.0441162170732428,1.0243820356399236,1.9989986196770515,-0.01839016304391102,0.4950187788855137,0.0,0.0,0.0,0.0
20.33000000000038,-1.0441162170732428,1.0243820356399236,1.9989986196770515,-0.01839016304391102,0.4950187788855137,0.0,0.0,0.0,0.0
20.34000000000038,-1.0441162170732428,1.0243820356399236,1.9989986196770515,-0.01839016304391102,0.4950187788855137,0.0,0.0,0.0,0.0
20.35000000000038,-1.0448620238800488,1.0407134591758596,1.9989987606199258,-0.026561967416059065,0.4947398954030357,0.0,0.0,0.0,0.0
20.360000000000383,-1.0448620238800488,1.0407134591758596,1.9989987606199258,-0.026561967416059065,0.4947398954030357,0.0,0.0,0.0,0.0
20.370000000000385,-1.0448620238800488,1.0407134591758596,1.9989987606199258,-0.026561967416059065,0.4947398954030357,0.0,0.0,0.0,0.0
20.380000000000386,-1.0448620238800488,1.0407134591758596,1.9989987606199258,-0.026561967416059065,0.4947398954030357,0.0,0.0,0.0,0.0
20.390000000000388,-1.0459123138009834,1.057527847527113,1.9989987866578602,-0.03497699637262671,0.49432809449746773,0.0,0.0,0.0,0.0
20.40000000000039,-1.0459123138009834,1.057527847527113,1.9989987866578602,-0.03497699637262671,0.49432809449746773,0.0,0.0,0.0,0.0
20.41000000000039,-1.0459123138009834,1.057527847527113,1.9989987866578602,-0.03497699637262671,0.49432809449746773,0.0,0.0,0.0,0.0
20.420000000000393,-1.047205335069246,1.0738319445844038,1.9989986405305582,-0.04314237895549132,0.4938136638781254,0.0,0.0,0.0,0.0
20.430000000000394,-1.047205335069246,1.0738319445844038,1.9989986405305582,-0.04314237895549132,0.4938136638781254,0.0,0.0,0.0,0.0
20.440000000000396,-1.047205335069246,1.0738319445844038,1.9989986405305582,-0.04314237895549132,0.4938136638781254,0.0,0.0,0.0,0.0
20.450000000000397,-1.048767445261276,1.0901155897238395,1.9989983159254674,-0.05127528313672715,0.493083847084679,0.0,0.0,0.0,0.0
20.4600000000004,-1.048767445261276,1.0901155897238395,1.9989983159254674,-0.05127528313672715,0.493083847084679,0.0,0.0,0.0,0.0
20.4700000000004,-1.048767445261276,1.0901155897238395,1.9989983159254674,-0.05127528313672715,0.493083847084679,0.0,0.0,0.0,0.0
20.480000000000402,-1.048767445261276,1.0901155897238395,1.9989983159254674,-0.05127528313672715,0.493083847084679,0.0,0.0,0.0,0.0
20.490000000000403,-1.0506222612875358,1.1068600431561086,1.9989981667675365,-0.057129974569496714,0.4919744875594446,0.0,0.0,0.0,0.0
20.500000000000405,-1.0506222612875358,1.1068600431561086,1.9989981667675365,-0.057129974569496714,0.4919744875594446,0.0,0.0,0.0,0.0
20.510000000000407,-1.0506222612875358,1.1068600431561086,1.9989981667675365,-0.057129974569496714,0.4919744875594446,0.0,0.0,0.0,0.0
20.520000000000408,-1.0526263602803152,1.1230575705084447,1.9989992096713496,-0.06590201248520487,0.4904541641630948,0.0,0.0,0.0,0.0
20.53000000000041,-1.0526263602803152,1.1230575705084447,1.9989992096713496,-0.06590201248520487,0.4904541641630948,0.0,0.0,0.0,0.0
20.54000000000041,-1.0526263602803152,1.1230575705084447,1.9989992096713496,-0.06590201248520487,0.4904541641630948,0.0,0.0,0.0,0.0
20.550000000000413,-1.0549958018084133,1.1392317279706337,1.9989987092425838,-0.07596066782166522,0.48955666524568786,0.0,0.0,0.0,0.0
20.560000000000414,-1.0549958018084133,1.1392317279706337,1.9989987092425838,-0.07596066782166522,0.48955666524568786,0.0,0.0,0.0,0.0
20.570000000000416,-1.0549958018084133,1.1392317279706337,1.9989987092425838,-0.07596066782166522,0.48955666524568786,0.0,0.0,0.0,0.0
20.580000000000418,-1.0549958018084133,1.1392317279706337,1.9989987092425838,-0.07596066782166522,0.48955666524568786,0.0,0.0,0.0,0.0
20.59000000000042,-1.0577244812010016,1.1558551491406444,1.9989987842588306,-0.08430327722783218,0.4883036299382702,0.0,0.0,0.0,0.0
20.60000000000042,-1.0577244812010016,1.1558551491406444,1.9989987842588306,-0.08430327722783218,0.4883036299382702,0.0,0.0,0.0,0.0
20.610000000000422,-1.0577244812010016,1.1558551491406444,1.9989987842588306,-0.08430327722783218,0.4883036299382702,0.0,0.0,0.0,0.0
20.620000000000424,-1.060643810474582,1.1719466036838306,1.9989986786214249,-0.09238222087404606,0.4869613074147378,0.0,0.0,0.0,0.0
20.630000000000425,-1.060643810474582,1.1719466036838306,1.9989986786214249,-0.09238222087404606,0.4869613074147378,0.0,0.0,0.0,0.0
20.640000000000427,-1.060643810474582,1.1719466036838306,1.9989986786214249,-0.09238222087404606,0.4869613074147378,0.0,0.0,0.0,0.0
20.65000000000043,-1.0638288796351971,1.187990297368301,1.9989984252454485,-0.10040304780000922,0.4854131267815423,0.0,0.0,0.0,0.0
20.66000000000043,-1.0638288796351971,1.187990297368301,1.9989984252454485,-0.10040304780000922,0.4854131267815423,0.0,0.0,0.0,0.0
20.67000000000043,-1.0638288796351971,1.187990297368301,1.9989984252454485,-0.10040304780000922,0.4854131267815423,0.0,0.0,0.0,0.0
20.680000000000433,-1.0638288796351971,1.187990297368301,1.9989984252454485,-0.10040304780000922,0.4854131267815423,0.0,0.0,0.0,0.0
20.690000000000435,-1.0673854821572104,1.2044574809286832,1.9989983042319515,-0.10859458192403017,0.48352304486733216,0.0,0.0,0.0,0.0
20.700000000000436,-1.0673854821572104,1.2044574809286832,1.9989983042319515,-0.10859458192403017,0.48352304486733216,0.0,0.0,0.0,0.0
20.710000000000438,-1.0673854821572104,1.2044574809286832,1.9989983042319515,-0.10859458192403017,0.48352304486733216,0.0,0.0,0.0,0.0
20.72000000000044,-1.071102451877926,1.2203780281010748,1.9989981276571507,-0.11638532609341772,0.48112700224150784,0.0,0.0,0.0,0.0
20.73000000000044,-1.071102451877926,1.2203780281010748,1.9989981276571507,-0.11638532609341772,0.48112700224150784,0.0,0.0,0.0,0.0
20.740000000000443,-1.071102451877926,1.2203780281010748,1.9989981276571507,-0.11638532609341772,0.48112700224150784,0.0,0.0,0.0,0.0
20.750000000000444,-1.0750796438742178,1.2362120131742678,1.9989987432381993,-0.12460257370612265,0.47961642165402507,0.0,0.0,0.0,0.0
20.760000000000446,-1.0750796438742178,1.2362120131742678,1.9989987432381993,-0.12460257370612265,0.47961642165402507,0.0,0.0,0.0,0.0
20.770000000000447,-1.0750796438742178,1.2362120131742678,1.9989987432381993,-0.12460257370612265,0.47961642165402507,0.0,0.0,0.0,0.0
20.78000000000045,-1.079458061188971,1.2524781693323668,1.9989987347884022,-0.13274284654970672,0.477378292076039,0.0,0.0,0.0,0.0
20.79000000000045,-1.079458061188971,1.2524781693323668,1.9989987347884022,-0.13274284654970672,0.477378292076039,0.0,0.0,0.0,0.0
20.800000000000452,-1.079458061188971,1.2524781693323668,1.9989987347884022,-0.13274284654970672,0.477378292076039,0.0,0.0,0.0,0.0
20.810000000000453,-1.079458061188971,1.2524781693323668,1.9989987347884022,-0.13274284654970672,0.477378292076039,0.0,0.0,0.0,0.0
20.820000000000455,-1.0839730753719745,1.268195383966771,1.9989986745054718,-0.1406499758660273,0.4752165381435534,0.0,0.0,0.0,0.0
20.830000000000457,-1.0839730753719745,1.268195383966771,1.9989986745054718,-0.1406499758660273,0.4752165381435534,0.0,0.0,0.0,0.0
20.840000000000458,-1.0839730753719745,1.268195383966771,1.9989986745054718,-0.1406499758660273,0.4752165381435534,0.0,0.0,0.0,0.0
20.85000000000046,-1.088747612417065,1.2838369558551879,1.998998447416705,-0.1484360301439493,0.4726600487876248,0.0,0.0,0.0,0.0
20.86000000000046,-1.088747612417065,1.2838369558551879,1.998998447416705,-0.1484360301439493,0.4726600487876248,0.0,0.0,0.0,0.0
20.870000000000463,-1.088747612417065,1.2838369558551879,1.998998447416705,-0.1484360301439493,0.4726600487876248,0.0,0.0,0.0,0.0
20.880000000000464,-1.088747612417065,1.2838369558551879,1.998998447416705,-0.1484360301439493,0.4726600487876248,0.0,0.0,0.0,0.0
20.890000000000466,-1.0939339929994292,1.2998629727420992,1.9989985945236097,-0.15644306837112,0.4702054411018879,0.0,0.0,0.0,0.0
20.900000000000468,-1.0939339929994292,1.2998629727420992,1.9989985945236097,-0.15644306837112,0.4702054411018879,0.0,0.0,0.0,0.0
20.91000000000047,-1.0939339929994292,1.2998629727420992,1.9989985945236097,-0.15644306837112,0.4702054411018879,0.0,0.0,0.0,0.0
20.92000000000047,-1.0992280228506126,1.315336341124462,1.9989984095356126,-0.164158926042877,0.4676043645961857,0.0,0.0,0.0,0.0
20.930000000000472,-1.0992280228506126,1.315336341124462,1.9989984095356126,-0.164158926042877,0.4676043645961857,0.0,0.0,0.0,0.0
20.940000000000474,-1.0992280228506126,1.315336341124462,1.9989984095356126,-0.164158926042877,0.4676043645961857,0.0,0.0,0.0,0.0
20.950000000000475,-1.1047723807687007,1.3307107539135017,1.9989983768868727,-0.17150304982822884,0.4637190440555753,0.0,0.0,0.0,0.0
20.960000000000477,-1.1047723807687007,1.3307107539135017,1.9989983768868727,-0.17150304982822884,0.4637190440555753,0.0,0.0,0.0,0.0
20.97000000000048,-1.1047723807687007,1.3307107539135017,1.9989983768868727,-0.17150304982822884,0.4637190440555753,0.0,0.0,0.0,0.0
20.98000000000048,-1.1047723807687007,1.3307107539135017,1.9989983768868727,-0.17150304982822884,0.4637190440555753,0.0,0.0,0.0,0.0
20.99000000000048,-1.1107505375871733,1.346442627914757,1.99899853920895,-0.17981878554402328,0.46164154731599333,0.0,0.0,0.0,0.0
21.000000000000483,-1.1107505375871733,1.346442627914757,1.99899853920895,-0.17981878554402328,0.46164154731599333,0.0,0.0,0.0,0.0
21.010000000000485,-1.1107505375871733,1.346442627914757,1.99899853920895,-0.17981878554402328,0.46164154731599333,0.0,0.0,0.0,0.0
21.020000000000486,-1.1168151750989386,1.3616277821761325,1.9989986106593334,-0.18748025227581497,0.4587079446184983,0.0,0.0,0.0,0.0
21.030000000000488,-1.1168151750989386,1.3616277821761325,1.9989986106593334,-0.18748025227581497,0.4587079446184983,0.0,0.0,0.0,0.0
21.04000000000049,-1.1168151750989386,1.3616277821761325,1.9989986106593334,-0.18748025227581497,0.4587079446184983,0.0,0.0,0.0,0.0
21.05000000000049,-1.1231288485883533,1.3767075087661094,1.9989987065030026,-0.19482307982946298,0.45506679264674454,0.0,0.0,0.0,0.0
21.060000000000493,-1.1231288485883533,1.3767075087661094,1.9989987065030026,-0.19482307982946298,0.45506679264674454,0.0,0.0,0.0,0.0
21.070000000000494,-1.1231288485883533,1.3767075087661094,1.9989987065030026,-0.19482307982946298,0.45506679264674454,0.0,0.0,0.0,0.0
21.080000000000496,-1.1231288485883533,1.3767075087661094,1.9989987065030026,-0.19482307982946298,0.45506679264674454,0.0,0.0,0.0,0.0
21.090000000000497,-1.1298929721201243,1.3921346037105113,1.9989986865615774,-0.20270401068565544,0.4521601030577402,0.0,0.0,0.0,0.0
21.1000000000005,-1.1298929721201243,1.3921346037105113,1.9989986865615774,-0.20270401068565544,0.4521601030577402,0.0,0.0,0.0,0.0
21.1100000000005,-1.1298929721201243,1.3921346037105113,1.9989986865615774,-0.20270401068565544,0.4521601030577402,0.0,0.0,0.0,0.0
21.120000000000502,-1.1367090710490335,1.407000162687568,1.9989985940128852,-0.21016220047432344,0.4488674081370395,0.0,0.0,0.0,0.0
21.130000000000503,-1.1367090710490335,1.407000162687568,1.9989985940128852,-0.21016220047432344,0.4488674081370395,0.0,0.0,0.0,0.0
21.140000000000505,-1.1367090710490335,1.407000162687568,1.9989985940128852,-0.21016220047432344,0.4488674081370395,0.0,0.0,0.0,0.0
21.150000000000507,-1.1437694330348598,1.421753011846145,1.9989983362372141,-0.21750208898001128,0.44532661120973743,0.0,0.0,0.0,0.0
21.160000000000508,-1.1437694330348598,1.421753011846145,1.9989983362372141,-0.21750208898001128,0.44532661120973743,0.0,0.0,0.0,0.0
21.17000000000051,-1.1437694330348598,1.421753011846145,1.9989983362372141,-0.21750208898001128,0.44532661120973743,0.0,0.0,0.0,0.0
21.18000000000051,-1.1437694330348598,1.421753011846145,1.9989983362372141,-0.21750208898001128,0.44532661120973743,0.0,0.0,0.0,0.0
21.190000000000513,-1.151288689222226,1.4368105589016806,1.9989989703767825,-0.22464083514641645,0.4405286029995174,0.0,0.0,0.0,0.0
21.200000000000514,-1.151288689222226,1.4368105589016806,1.9989989703767825,-0.22464083514641645,0.4405286029995174,0.0,0.0,0.0,0.0
21.210000000000516,-1.151288689222226,1.4368105589016806,1.9989989703767825,-0.22464083514641645,0.4405286029995174,0.0,0.0,0.0,0.0
21.220000000000518,-1.1588392497886106,1.4513072556773177,1.998998475129022,-0.23239332970762927,0.4375849174538079,0.0,0.0,0.0,0.0
21.23000000000052,-1.1588392497886106,1.4513072556773177,1.998998475129022,-0.23239332970762927,0.4375849174538079,0.0,0.0,0.0,0.0
21.24000000000052,-1.1588392497886106,1.4513072556773177,1.998998475129022,-0.23239332970762927,0.4375849174538079,0.0,0.0,0.0,0.0
21.250000000000522,-1.1666266864450865,1.465674444758526,1.9989989534597907,-0.2395097703072872,0.4335985954429808,0.0,0.0,0.0,0.0
21.260000000000524,-1.1666266864450865,1.465674444758526,1.9989989534597907,-0.2395097703072872,0.4335985954429808,0.0,0.0,0.0,0.0
21.270000000000525,-1.1666266864450865,1.465674444758526,1.9989989534597907,-0.2395097703072872,0.4335985954429808,0.0,0.0,0.0,0.0
21.280000000000527,-1.1666266864450865,1.465674444758526,1.9989989534597907,-0.2395097703072872,0.4335985954429808,0.0,0.0,0.0,0.0
21.29000000000053,-1.1749000898052704,1.4803478166753112,1.9989987637307858,-0.24689637883934915,0.4295754453424171,0.0,0.0,0.0,0.0
21.30000000000053,-1.1749000898052704,1.4803478166753112,1.9989987637307858,-0.24689637883934915,0.4295754453424171,0.0,0.0,0.0,0.0
21.31000000000053,-1.1749000898052704,1.4803478166753112,1.9989987637307858,-0.24689637883934915,0.4295754453424171,0.0,0.0,0.0,0.0
21.320000000000533,-1.1831685547774011,1.49445573365882,1.9989987250903625,-0.2539989401358942,0.4255517118982811,0.0,0.0,0.0,0.0
21.330000000000535,-1.1831685547774011,1.49445573365882,1.9989987250903625,-0.2539989401358942,0.4255517118982811,0.0,0.0,0.0,0.0
21.340000000000536,-1.1831685547774011,1.49445573365882,1.9989987250903625,-0.2539989401358942,0.4255517118982811,0.0,0.0,0.0,0.0
21.350000000000538,-1.19167005870935,1.5084285318209076,1.9989985103643209,-0.2610213877130288,0.4213933675181563,0.0,0.0,0.0,0.0
21.36000000000054,-1.19167005870935,1.5084285318209076,1.9989985103643209,-0.2610213877130288,0.4213933675181563,0.0,0.0,0.0,0.0
21.37000000000054,-1.19167005870935,1.5084285318209076,1.9989985103643209,-0.2610213877130288,0.4213933675181563,0.0,0.0,0.0,0.0
21.380000000000543,-1.19167005870935,1.5084285318209076,1.9989985103643209,-0.2610213877130288,0.4213933675181563,0.0,0.0,0.0,0.0
21.390000000000544,-1.2006687800200284,1.5226767009610567,1.9989981323214037,-0.26805931872406397,0.4168068856535163,0.0,0.0,0.0,0.0
21.400000000000546,-1.2006687800200284,1.5226767009610567,1.9989981323214037,-0.26805931872406397,0.4168068856535163,0.0,0.0,0.0,0.0
21.410000000000547,-1.2006687800200284,1.5226767009610567,1.9989981323214037,-0.26805931872406397,0.4168068856535163,0.0,0.0,0.0,0.0
21.42000000000055,-1.209595957468371,1.536351953835337,1.998998726532627,-0.27290428217291635,0.41294167621604894,0.0,0.0,0.0,0.0
21.43000000000055,-1.209595957468371,1.536351953835337,1.998998726532627,-0.27290428217291635,0.41294167621604894,0.0,0.0,0.0,0.0
21.440000000000552,-1.209595957468371,1.536351953835337,1.998998726532627,-0.27290428217291635,0.41294167621604894,0.0,0.0,0.0,0.0
21.450000000000554,-1.218728712148737,1.5498970272229926,1.9989984947555877,-0.281659617831726,0.407574325093613,0.0,0.0,0.0,0.0
21.460000000000555,-1.218728712148737,1.5498970272229926,1.9989984947555877,-0.281659617831726,0.407574325093613,0.0,0.0,0.0,0.0
21.470000000000557,-1.218728712148737,1.5498970272229926,1.9989984947555877,-0.281659617831726,0.407574325093613,0.0,0.0,0.0,0.0
21.480000000000558,-1.218728712148737,1.5498970272229926,1.9989984947555877,-0.281659617831726,0.407574325093613,0.0,0.0,0.0,0.0
21.49000000000056,-1.2284254720215448,1.5636687755453198,1.9989987718892315,-0.28856123245440085,0.4027277263488929,0.0,0.0,0.0,0.0
21.50000000000056,-1.2284254720215448,1.5636687755453198,1.9989987718892315,-0.28856123245440085,0.4027277263488929,0.0,0.0,0.0,0.0
21.510000000000563,-1.2284254720215448,1.5636687755453198,1.9989987718892315,-0.28856123245440085,0.4027277263488929,0.0,0.0,0.0,0.0
21.520000000000564,-1.2380615550408733,1.5768788524843804,1.998998781762535,-0.29522878691676674,0.3980035787884405,0.0,0.0,0.0,0.0
21.530000000000566,-1.2380615550408733,1.5768788524843804,1.998998781762535,-0.29522878691676674,0.3980035787884405,0.0,0.0,0.0,0.0
21.540000000000568,-1.2380615550408733,1.5768788524843804,1.998998781762535,-0.29522878691676674,0.3980035787884405,0.0,0.0,0.0,0.0
21.55000000000057,-1.2479162591853483,1.589931040961526,1.9989986529456947,-0.3018257113923259,0.3931797950855489,0.0,0.0,0.0,0.0
21.56000000000057,-1.2479162591853483,1.589931040961526,1.9989986529456947,-0.3018257113923259,0.3931797950855489,0.0,0.0,0.0,0.0
21.570000000000572,-1.2479162591853483,1.589931040961526,1.9989986529456947,-0.3018257113923259,0.3931797950855489,0.0,0.0,0.0,0.0
21.580000000000574,-1.2479162591853483,1.589931040961526,1.9989986529456947,-0.3018257113923259,0.3931797950855489,0.0,0.0,0.0,0.0
21.590000000000575,-1.2582953059997295,1.603209629986852,1.998998307634734,-0.30849027839833487,0.38803561936698433,0.0,0.0,0.0,0.0
21.600000000000577,-1.2582953059997295,1.603209629986852,1.998998307634734,-0.30849027839833487,0.38803561936698433,0.0,0.0,0.0,0.0
21.61000000000058,-1.2582953059997295,1.603209629986852,1.998998307634734,-0.30849027839833487,0.38803561936698433,0.0,0.0,0.0,0.0
21.62000000000058,-1.2685641291091958,1.6159358578187903,1.9989977942336132,-0.3122735348580782,0.38402414112833166,0.0,0.0,0.0,0.0
21.63000000000058,-1.2685641291091958,1.6159358578187903,1.9989977942336132,-0.3122735348580782,0.38402414112833166,0.0,0.0,0.0,0.0
21.640000000000583,-1.2685641291091958,1.6159358578187903,1.9989977942336132,-0.3122735348580782,0.38402414112833166,0.0,0.0,0.0,0.0
21.650000000000585,-1.2789344887391,1.628542307590325,1.9989986605956618,-0.31841742024970293,0.37957848817363965,0.0,0.0,0.0,0.0
21.660000000000586,-1.2789344887391,1.628542307590325,1.9989986605956618,-0.31841742024970293,0.37957848817363965,0.0,0.0,0.0,0.0
21.670000000000588,-1.2789344887391,1.628542307590325,1.9989986605956618,-0.31841742024970293,0.37957848817363965,0.0,0.0,0.0,0.0
21.68000000000059,-1.2789344887391,1.628542307590325,1.9989986605956618,-0.31841742024970293,0.37957848817363965,0.0,0.0,0.0,0.0
21.69000000000059,-1.2899425243799763,1.6412895473902631,1.998998729086501,-0.3273280596471176,0.37185445487032465,0.0,0.0,0.0,0.0
21.700000000000593,-1.2899425243799763,1.6412895473902631,1.998998729086501,-0.3273280596471176,0.37185445487032465,0.0,0.0,0.0,0.0
21.710000000000594,-1.2899425243799763,1.6412895473902631,1.998998729086501,-0.3273280596471176,0.37185445487032465,0.0,0.0,0.0,0.0
21.720000000000596,-1.300849536574063,1.6534698189391444,1.998998789747068,-0.3334960245279336,0.3664809678554436,0.0,0.0,0.0,0.0
21.730000000000597,-1.300849536574063,1.6534698189391444,1.998998789747068,-0.3334960245279336,0.3664809678554436,0.0,0.0,0.0,0.0
21.7400000000006,-1.300849536574063,1.6534698189391444,1.998998789747068,-0.3334960245279336,0.3664809678554436,0.0,0.0,0.0,0.0
21.7500000000006,-1.3119584553049375,1.6654709141301818,1.9989987128391353,-0.3395829275589096,0.3610149592025868,0.0,0.0,0.0,0.0
21.760000000000602,-1.3119584553049375,1.6654709141301818,1.9989987128391353,-0.3395829275589096,0.3610149592025868,0.0,0.0,0.0,0.0
21.770000000000604,-1.3119584553049375,1.6654709141301818,1.9989987128391353,-0.3395829275589096,0.3610149592025868,0.0,0.0,0.0,0.0
21.780000000000605,-1.3119584553049375,1.6654709141301818,1.9989987128391353,-0.3395829275589096,0.3610149592025868,0.0,0.0,0.0,0.0
21.790000000000607,-1.3236120274423293,1.6776447142516888,1.9989984393369338,-0.3457307381084924,0.3552475767937575,0.0,0.0,0.0,0.0
21.80000000000061,-1.3236120274423293,1.6776447142516888,1.9989984393369338,-0.3457307381084924,0.3552475767937575,0.0,0.0,0.0,0.0
21.81000000000061,-1.3236120274423293,1.6776447142516888,1.9989984393369338,-0.3457307381084924,0.3552475767937575,0.0,0.0,0.0,0.0
21.82000000000061,-1.3351135107956424,1.6892645839520217,1.998998447516894,-0.3509228217284785,0.3489530453524149,0.0,0.0,0.0,0.0
21.830000000000613,-1.3351135107956424,1.6892645839520217,1.998998447516894,-0.3509228217284785,0.3489530453524149,0.0,0.0,0.0,0.0
21.840000000000614,-1.3351135107956424,1.6892645839520217,1.998998447516894,-0.3509228217284785,0.3489530453524149,0.0,0.0,0.0,0.0
21.850000000000616,-1.3467982054611165,1.7006900027908187,1.998998177698509,-0.35649430308010766,0.3430114483452886,0.0,0.0,0.0,0.0
21.860000000000618,-1.3467982054611165,1.7006900027908187,1.998998177698509,-0.35649430308010766,0.3430114483452886,0.0,0.0,0.0,0.0
21.87000000000062,-1.3467982054611165,1.7006900027908187,1.998998177698509,-0.35649430308010766,0.3430114483452886,0.0,0.0,0.0,0.0
21.88000000000062,-1.3467982054611165,1.7006900027908187,1.998998177698509,-0.35649430308010766,0.3430114483452886,0.0,0.0,0.0,0.0
21.890000000000622,-1.3590293674211347,1.7122510907716417,1.998998551628889,-0.3627732729488285,0.3372635207470823,0.0,0.0,0.0,0.0
21.900000000000624,-1.3590293674211347,1.7122510907716417,1.998998551628889,-0.3627732729488285,0.3372635207470823,0.0,0.0,0.0,0.0
21.910000000000625,-1.3590293674211347,1.7122510907716417,1.998998551628889,-0.3627732729488285,0.3372635207470823,0.0,0.0,0.0,0.0
21.920000000000627,-1.3710972783749573,1.723280388519818,1.998998749060135,-0.3684018230710668,0.3313159545371541,0.0,0.0,0.0,0.0
21.93000000000063,-1.3710972783749573,1.723280388519818,1.998998749060135,-0.3684018230710668,0.3313159545371541,0.0,0.0,0.0,0.0
21.94000000000063,-1.3710972783749573,1.723280388519818,1.998998749060135,-0.3684018230710668,0.3313159545371541,0.0,0.0,0.0,0.0
21.95000000000063,-1.3833484800929474,1.7341111094538648,1.9989987181060822,-0.3739162007383051,0.32526374765451394,0.0,0.0,0.0,0.0
21.960000000000633,-1.3833484800929474,1.7341111094538648,1.9989987181060822,-0.3739162007383051,0.32526374765451394,0.0,0.0,0.0,0.0
21.970000000000635,-1.3833484800929474,1.7341111094538648,1.9989987181060822,-0.3739162007383051,0.32526374765451394,0.0,0.0,0.0,0.0
21.980000000000636,-1.3833484800929474,1.7341111094538648,1.9989987181060822,-0.3739162007383051,0.32526374765451394,0.0,0.0,0.0,0.0
21.990000000000638,-1.39615855274771,1.745058662990423,1.9989984941037195,-0.37942983466055674,0.31888205965772887,0.0,0.0,0.0,0.0
22.00000000000064,-1.39615855274771,1.745058662990423,1.9989984941037195,-0.37942983466055674,0.31888205965772887,0.0,0.0,0.0,0.0
22.01000000000064,-1.39615855274771,1.745058662990423,1.9989984941037195,-0.37942983466055674,0.31888205965772887,0.0,0.0,0.0,0.0
22.020000000000643,-1.4087581217236465,1.7554672368936242,1.998998899809014,-0.3843011416888211,0.31240971441326704,0.0,0.0,0.0,0.0
22.030000000000644,-1.4087581217236465,1.7554672368936242,1.998998899809014,-0.3843011416888211,0.31240971441326704,0.0,0.0,0.0,0.0
22.040000000000646,-1.4087581217236465,1.7554672368936242,1.998998899809014,-0.3843011416888211,0.31240971441326704,0.0,0.0,0.0,0.0
22.050000000000647,-1.4215342501446346,1.7656751891648284,1.9989983796766677,-0.3896014088975826,0.30623967007507885,0.0,0.0,0.0,0.0
22.06000000000065,-1.4215342501446346,1.7656751891648284,1.9989983796766677,-0.3896014088975826,0.30623967007507885,0.0,0.0,0.0,0.0
22.07000000000065,-1.4215342501446346,1.7656751891648284,1.9989983796766677,-0.3896014088975826,0.30623967007507885,0.0,0.0,0.0,0.0
22.080000000000652,-1.4215342501446346,1.7656751891648284,1.9989983796766677,-0.3896014088975826,0.30623967007507885,0.0,0.0,0.0,0.0
22.090000000000654,-1.434860075798206,1.7759619620329823,1.9989988905788345,-0.3940517522054183,0.29893814473855784,0.0,0.0,0.0,0.0
22.100000000000655,-1.434860075798206,1.7759619620329823,1.9989988905788345,-0.3940517522054183,0.29893814473855784,0.0,0.0,0.0,0.0
22.110000000000657,-1.434860075798206,1.7759619620329823,1.9989988905788345,-0.3940517522054183,0.29893814473855784,0.0,0.0,0.0,0.0
22.12000000000066,-1.4479657721808679,1.785729339279974,1.9989986583173658,-0.3996102010476083,0.292870135416694,0.0,0.0,0.0,0.0
22.13000000000066,-1.4479657721808679,1.785729339279974,1.9989986583173658,-0.3996102010476083,0.292870135416694,0.0,0.0,0.0,0.0
22.14000000000066,-1.4479657721808679,1.785729339279974,1.9989986583173658,-0.3996102010476083,0.292870135416694,0.0,0.0,0.0,0.0
22.150000000000663,-1.461236142912926,1.7952822725513993,1.998998668412165,-0.40448860053287705,0.2862823668323387,0.0,0.0,0.0,0.0
22.160000000000664,-1.461236142912926,1.7952822725513993,1.998998668412165,-0.40448860053287705,0.2862823668323387,0.0,0.0,0.0,0.0
22.170000000000666,-1.461236142912926,1.7952822725513993,1.998998668412165,-0.40448860053287705,0.2862823668323387,0.0,0.0,0.0,0.0
22.180000000000668,-1.461236142912926,1.7952822725513993,1.998998668412165,-0.40448860053287705,0.2862823668323387,0.0,0.0,0.0,0.0
22.19000000000067,-1.475073484785383,1.8048948371541118,1.9989984504597482,-0.40925082925272876,0.27931754515177126,0.0,0.0,0.0,0.0
22.20000000000067,-1.475073484785383,1.8048948371541118,1.9989984504597482,-0.40925082925272876,0.27931754515177126,0.0,0.0,0.0,0.0
22.210000000000672,-1.475073484785383,1.8048948371541118,1.9989984504597482,-0.40925082925272876,0.27931754515177126,0.0,0.0,0.0,0.0
22.220000000000674,-1.488646030377137,1.8139917042234992,1.9989987649850687,-0.4138445514451269,0.27266540364118613,0.0,0.0,0.0,0.0
22.230000000000675,-1.488646030377137,1.8139917042234992,1.9989987649850687,-0.4138445514451269,0.27266540364118613,0.0,0.0,0.0,0.0
22.240000000000677,-1.488646030377137,1.8139917042234992,1.9989987649850687,-0.4138445514451269,0.27266540364118613,0.0,0.0,0.0,0.0
22.25000000000068,-1.5023777384991353,1.82287305300651,1.9989985685242957,-0.41828169941113924,0.2658332474989403,0.0,0.0,0.0,0.0
22.26000000000068,-1.5023777384991353,1.82287305300651,1.9989985685242957,-0.41828169941113924,0.2658332474989403,0.0,0.0,0.0,0.0
22.27000000000068,-1.5023777384991353,1.82287305300651,1.9989985685242957,-0.41828169941113924,0.2658332474989403,0.0,0.0,0.0,0.0
22.280000000000683,-1.5023777384991353,1.82287305300651,1.9989985685242957,-0.41828169941113924,0.2658332474989403,0.0,0.0,0.0,0.0
22.290000000000685,-1.5166769790573813,1.8317867473402345,1.9989983332746617,-0.42267439630789866,0.2586852279731456,0.0,0.0,0.0,0.0
22.300000000000686,-1.5166769790573813,1.8317867473402345,1.9989983332746617,-0.42267439630789866,0.2586852279731456,0.0,0.0,0.0,0.0
22.310000000000688,-1.5166769790573813,1.8317867473402345,1.9989983332746617,-0.42267439630789866,0.2586852279731456,0.0,0.0,0.0,0.0
22.32000000000069,-1.5306845347494338,1.840195087266971,1.9989989630515759,-0.42670402645242383,0.2514421516521169,0.0,0.0,0.0,0.0
22.33000000000069,-1.5306845347494338,1.840195087266971,1.9989989630515759,-0.42670402645242383,0.2514421516521169,0.0,0.0,0.0,0.0
22.340000000000693,-1.5306845347494338,1.840195087266971,1.9989989630515759,-0.42670402645242383,0.2514421516521169,0.0,0.0,0.0,0.0
22.350000000000694,-1.5448420378217507,1.8483762853476617,1.9989985358800637,-0.4309944081554574,0.24446223225791663,0.0,0.0,0.0,0.0
22.360000000000696,-1.5448420378217507,1.8483762853476617,1.9989985358800637,-0.4309944081554574,0.24446223225791663,0.0,0.0,0.0,0.0
22.370000000000697,-1.5448420378217507,1.8483762853476617,1.9989985358800637,-0.4309944081554574,0.24446223225791663,0.0,0.0,0.0,0.0
22.3800000000007,-1.5448420378217507,1.8483762853476617,1.9989985358800637,-0.4309944081554574,0.24446223225791663,0.0,0.0,0.0,0.0
22.3900000000007,-1.5595660576826964,1.856558058794043,1.998998373070634,-0.43471215576952876,0.23687167627758232,0.0,0.0,0.0,0.0
22.400000000000702,-1.5595660576826964,1.856558058794043,1.998998373070634,-0.43471215576952876,0.23687167627758232,0.0,0.0,0.0,0.0
22.410000000000704,-1.5595660576826964,1.856558058794043,1.998998373070634,-0.43471215576952876,0.23687167627758232,0.0,0.0,0.0,0.0
22.420000000000705,-1.5739775428078524,1.8642551726678769,1.9989986599164635,-0.43885619863094677,0.22993086937862867,0.0,0.0,0.0,0.0
22.430000000000707,-1.5739775428078524,1.8642551726678769,1.9989986599164635,-0.43885619863094677,0.22993086937862867,0.0,0.0,0.0,0.0
22.44000000000071,-1.5739775428078524,1.8642551726678769,1.9989986599164635,-0.43885619863094677,0.22993086937862867,0.0,0.0,0.0,0.0
22.45000000000071,-1.5885256452714467,1.871721016902897,1.9989987135319378,-0.4427017959175005,0.2227429444930495,0.0,0.0,0.0,0.0
22.46000000000071,-1.5885256452714467,1.871721016902897,1.9989987135319378,-0.4427017959175005,0.2227429444930495,0.0,0.0,0.0,0.0
22.470000000000713,-1.5885256452714467,1.871721016902897,1.9989987135319378,-0.4427017959175005,0.2227429444930495,0.0,0.0,0.0,0.0
22.480000000000715,-1.5885256452714467,1.871721016902897,1.9989987135319378,-0.4427017959175005,0.2227429444930495,0.0,0.0,0.0,0.0
22.490000000000716,-1.6036442127403285,1.8791632836886558,1.9989985116439175,-0.44648476720272956,0.21524261946307083,0.0,0.0,0.0,0.0
22.500000000000718,-1.6036442127403285,1.8791632836886558,1.9989985116439175,-0.44648476720272956,0.21524261946307083,0.0,0.0,0.0,0.0
22.51000000000072,-1.6036442127403285,1.8791632836886558,1.9989985116439175,-0.44648476720272956,0.21524261946307083,0.0,0.0,0.0,0.0
22.52000000000072,-1.6184364803244593,1.8861404790418266,1.9989982066493655,-0.4498119039813944,0.20779600113182484,0.0,0.0,0.0,0.0
22.530000000000722,-1.6184364803244593,1.8861404790418266,1.9989982066493655,-0.4498119039813944,0.20779600113182484,0.0,0.0,0.0,0.0
22.540000000000724,-1.6184364803244593,1.8861404790418266,1.9989982066493655,-0.4498119039813944,0.20779600113182484,0.0,0.0,0.0,0.0
22.550000000000725,-1.6333305164718481,1.8928653750936761,1.9989983085112648,-0.45336486755842703,0.20031797610201596,0.0,0.0,0.0,0.0
22.560000000000727,-1.6333305164718481,1.8928653750936761,1.9989983085112648,-0.45336486755842703,0.20031797610201596,0.0,0.0,0.0,0.0
22.57000000000073,-1.6333305164718481,1.8928653750936761,1.9989983085112648,-0.45336486755842703,0.20031797610201596,0.0,0.0,0.0,0.0
22.58000000000073,-1.6333305164718481,1.8928653750936761,1.9989983085112648,-0.45336486755842703,0.20031797610201596,0.0,0.0,0.0,0.0
22.59000000000073,-1.6487890640444742,1.8995345460863629,1.9989986976445706,-0.45563041098546614,0.19215371276074253,0.0,0.0,0.0,0.0
22.600000000000733,-1.6487890640444742,1.8995345460863629,1.9989986976445706,-0.45563041098546614,0.19215371276074253,0.0,0.0,0.0,0.0
22.610000000000735,-1.6487890640444742,1.8995345460863629,1.9989986976445706,-0.45563041098546614,0.19215371276074253,0.0,0.0,0.0,0.0
22.620000000000736,-1.6638986524970674,1.9057577163725252,1.9989987739254724,-0.45957776762784397,0.18501407445658527,0.0,0.0,0.0,0.0
22.630000000000738,-1.6638986524970674,1.9057577163725252,1.9989987739254724,-0.45957776762784397,0.18501407445658527,0.0,0.0,0.0,0.0
22.64000000000074,-1.6638986524970674,1.9057577163725252,1.9989987739254724,-0.45957776762784397,0.18501407445658527,0.0,0.0,0.0,0.0
22.65000000000074,-1.6791177935469588,1.9117349951071887,1.9989987775583995,-0.462670301527019,0.1774593451875577,0.0,0.0,0.0,0.0
22.660000000000743,-1.6791177935469588,1.9117349951071887,1.9989987775583995,-0.462670301527019,0.1774593451875577,0.0,0.0,0.0,0.0
22.670000000000744,-1.6791177935469588,1.9117349951071887,1.9989987775583995,-0.462670301527019,0.1774593451875577,0.0,0.0,0.0,0.0
22.680000000000746,-1.6791177935469588,1.9117349951071887,1.9989987775583995,-0.462670301527019,0.1774593451875577,0.0,0.0,0.0,0.0
22.690000000000747,-1.6949023187413927,1.9176315921092033,1.9989986587852446,-0.4657326246026342,0.16962460609261473,0.0,0.0,0.0,0.0
22.70000000000075,-1.6949023187413927,1.9176315921092033,1.9989986587852446,-0.4657326246026342,0.16962460609261473,0.0,0.0,0.0,0.0
22.71000000000075,-1.6949023187413927,1.9176315921092033,1.9989986587852446,-0.4657326246026342,0.16962460609261473,0.0,0.0,0.0,0.0
22.720000000000752,-1.7103190574140843,1.9230988594961635,1.998998378298575,-0.46851559465928344,0.1619502818846236,0.0,0.0,0.0,0.0
22.730000000000754,-1.7103190574140843,1.9230988594961635,1.998998378298575,-0.46851559465928344,0.1619502818846236,0.0,0.0,0.0,0.0
22.740000000000755,-1.7103190574140843,1.9230988594961635,1.998998378298575,-0.46851559465928344,0.1619502818846236,0.0,0.0,0.0,0.0
22.750000000000757,-1.7258200815914935,1.92831310771157,1.998998002173926,-0.47050627451939286,0.15458947072030244,0.0,0.0,0.0,0.0
22.76000000000076,-1.7258200815914935,1.92831310771157,1.998998002173926,-0.47050627451939286,0.15458947072030244,0.0,0.0,0.0,0.0
22.77000000000076,-1.7258200815914935,1.92831310771157,1.998998002173926,-0.47050627451939286,0.15458947072030244,0.0,0.0,0.0,0.0
22.78000000000076,-1.7258200815914935,1.92831310771157,1.998998002173926,-0.47050627451939286,0.15458947072030244,0.0,0.0,0.0,0.0
22.790000000000763,-1.7418397879006964,1.933447527646377,1.9989989704325668,-0.472624688618351,0.14639197896231687,0.0,0.0,0.0,0.0
22.800000000000765,-1.7418397879006964,1.933447527646377,1.9989989704325668,-0.472624688618351,0.14639197896231687,0.0,0.0,0.0,0.0
22.810000000000766,-1.7418397879006964,1.933447527646377,1.9989989704325668,-0.472624688618351,0.14639197896231687,0.0,0.0,0.0,0.0
22.820000000000768,-1.7574985386747983,1.9381360267988827,1.9989986956927934,-0.475699161092507,0.138281381901427,0.0,0.0,0.0,0.0
22.83000000000077,-1.7574985386747983,1.9381360267988827,1.9989986956927934,-0.475699161092507,0.138281381901427,0.0,0.0,0.0,0.0
22.84000000000077,-1.7574985386747983,1.9381360267988827,1.9989986956927934,-0.475699161092507,0.138281381901427,0.0,0.0,0.0,0.0
22.850000000000772,-1.7732365215996297,1.9425662768845313,1.9989987905263527,-0.47801689346954634,0.13044516987367422,0.0,0.0,0.0,0.0
22.860000000000774,-1.7732365215996297,1.9425662768845313,1.9989987905263527,-0.47801689346954634,0.13044516987367422,0.0,0.0,0.0,0.0
22.870000000000775,-1.7732365215996297,1.9425662768845313,1.9989987905263527,-0.47801689346954634,0.13044516987367422,0.0,0.0,0.0,0.0
22.880000000000777,-1.7732365215996297,1.9425662768845313,1.9989987905263527,-0.47801689346954634,0.13044516987367422,0.0,0.0,0.0,0.0
22.89000000000078,-1.789528955430154,1.9468595736366832,1.9989987344657494,-0.4802807770433165,0.12233412529420297,0.0,0.0,0.0,0.0
22.90000000000078,-1.789528955430154,1.9468595736366832,1.9989987344657494,-0.4802807770433165,0.12233412529420297,0.0,0.0,0.0,0.0
22.91000000000078,-1.789528955430154,1.9468595736366832,1.9989987344657494,-0.4802807770433165,0.12233412529420297,0.0,0.0,0.0,0.0
22.920000000000783,-1.8054134371181876,1.9507622213249578,1.998998501458902,-0.4823538132957819,0.1144276178420828,0.0,0.0,0.0,0.0
22.930000000000785,-1.8054134371181876,1.9507622213249578,1.998998501458902,-0.4823538132957819,0.1144276178420828,0.0,0.0,0.0,0.0
22.940000000000786,-1.8054134371181876,1.9507622213249578,1.998998501458902,-0.4823538132957819,0.1144276178420828,0.0,0.0,0.0,0.0
22.950000000000788,-1.8213608009441786,1.954402711764776,1.998998089488776,-0.48403253790609857,0.1064577029343951,0.0,0.0,0.0,0.0
22.96000000000079,-1.8213608009441786,1.954402711764776,1.998998089488776,-0.48403253790609857,0.1064577029343951,0.0,0.0,0.0,0.0
22.97000000000079,-1.8213608009441786,1.954402711764776,1.998998089488776,-0.48403253790609857,0.1064577029343951,0.0,0.0,0.0,0.0
22.980000000000793,-1.8213608009441786,1.954402711764776,1.998998089488776,-0.48403253790609857,0.1064577029343951,0.0,0.0,0.0,0.0
22.990000000000794,-1.837816438856687,1.9579236530739854,1.998998631478198,-0.4846050599057634,0.10019907997038989,0.0,0.0,0.0,0.0
23.000000000000796,-1.837816438856687,1.9579236530739854,1.998998631478198,-0.4846050599057634,0.10019907997038989,0.0,0.0,0.0,0.0
23.010000000000797,-1.837816438856687,1.9579236530739854,1.998998631478198,-0.4846050599057634,0.10019907997038989,0.0,0.0,0.0,0.0
23.0200000000008,-1.8538603114876004,1.9610450677884326,1.998998628726686,-0.4870768652672686,0.09020385133459936,0.0,0.0,0.0,0.0
23.0300000000008,-1.8538603114876004,1.9610450677884326,1.998998628726686,-0.4870768652672686,0.09020385133459936,0.0,0.0,0.0,0.0
23.040000000000802,-1.8538603114876004,1.9610450677884326,1.998998628726686,-0.4870768652672686,0.09020385133459936,0.0,0.0,0.0,0.0
23.050000000000804,-1.8699603085739345,1.9638852784412566,1.9989987554609727,-0.488597410178647,0.08216548035427017,0.0,0.0,0.0,0.0
23.060000000000805,-1.8699603085739345,1.9638852784412566,1.9989987554609727,-0.488597410178647,0.08216548035427017,0.0,0.0,0.0,0.0
23.070000000000807,-1.8699603085739345,1.9638852784412566,1.9989987554609727,-0.488597410178647,0.08216548035427017,0.0,0.0,0.0,0.0
23.08000000000081,-1.8699603085739345,1.9638852784412566,1.9989987554609727,-0.488597410178647,0.08216548035427017,0.0,0.0,0.0,0.0
23.09000000000081,-1.8865982382443771,1.9665336621579095,1.998998751444644,-0.49004099895099623,0.07386062489958872,0.0,0.0,0.0,0.0
23.10000000000081,-1.8865982382443771,1.9665336621579095,1.998998751444644,-0.49004099895099623,0.07386062489958872,0.0,0.0,0.0,0.0
23.110000000000813,-1.8865982382443771,1.9665336621579095,1.998998751444644,-0.49004099895099623,0.07386062489958872,0.0,0.0,0.0,0.0
23.120000000000815,-1.9027911891878269,1.9688336753167017,1.99899857831559,-0.4912964990479042,0.06577365609704634,0.0,0.0,0.0,0.0
23.130000000000816,-1.9027911891878269,1.9688336753167017,1.99899857831559,-0.4912964990479042,0.06577365609704634,0.0,0.0,0.0,0.0
23.140000000000818,-1.9027911891878269,1.9688336753167017,1.99899857831559,-0.4912964990479042,0.06577365609704634,0.0,0.0,0.0,0.0
23.15000000000082,-1.9190194539551253,1.9708662664346224,1.9989981714016363,-0.4919457975438505,0.05764054480736896,0.0,0.0,0.0,0.0
23.16000000000082,-1.9190194539551253,1.9708662664346224,1.9989981714016363,-0.4919457975438505,0.05764054480736896,0.0,0.0,0.0,0.0
23.170000000000822,-1.9190194539551253,1.9708662664346224,1.9989981714016363,-0.4919457975438505,0.05764054480736896,0.0,0.0,0.0,0.0
23.180000000000824,-1.9190194539551253,1.9708662664346224,1.9989981714016363,-0.4919457975438505,0.05764054480736896,0.0,0.0,0.0,0.0
23.190000000000826,-1.935756576529345,1.9726815967466933,1.9989982958927397,-0.49314261754537614,0.04942832025972608,0.0,0.0,0.0,0.0
23.200000000000827,-1.935756576529345,1.9726815967466933,1.9989982958927397,-0.49314261754537614,0.04942832025972608,0.0,0.0,0.0,0.0
23.21000000000083,-1.935756576529345,1.9726815967466933,1.9989982958927397,-0.49314261754537614,0.04942832025972608,0.0,0.0,0.0,0.0
23.22000000000083,-1.9520337540994344,1.9741735111418366,1.998998752157619,-0.4934597923390767,0.041219163215965304,0.0,0.0,0.0,0.0
23.23000000000083,-1.9520337540994344,1.9741735111418366,1.998998752157619,-0.4934597923390767,0.041219163215965304,0.0,0.0,0.0,0.0
23.240000000000833,-1.9520337540994344,1.9741735111418366,1.998998752157619,-0.4934597923390767,0.041219163215965304,0.0,0.0,0.0,0.0
23.250000000000835,-1.9683363505052671,1.9753960811770541,1.998998639742089,-0.4943160809462969,0.03309051800363493,0.0,0.0,0.0,0.0
23.260000000000836,-1.9683363505052671,1.9753960811770541,1.998998639742089,-0.4943160809462969,0.03309051800363493,0.0,0.0,0.0,0.0
23.270000000000838,-1.9683363505052671,1.9753960811770541,1.998998639742089,-0.4943160809462969,0.03309051800363493,0.0,0.0,0.0,0.0
23.28000000000084,-1.9683363505052671,1.9753960811770541,1.998998639742089,-0.4943160809462969,0.03309051800363493,0.0,0.0,0.0,0.0
23.29000000000084,-1.9851541452376205,1.9763739139152916,1.9989987224476498,-0.49492483029161405,0.024673528357717068,0.0,0.0,0.0,0.0
23.300000000000843,-1.9851541452376205,1.9763739139152916,1.9989987224476498,-0.49492483029161405,0.024673528357717068,0.0,0.0,0.0,0.0
23.310000000000844,-1.9851541452376205,1.9763739139152916,1.9989987224476498,-0.49492483029161405,0.024673528357717068,0.0,0.0,0.0,0.0
23.320000000000846,-2.001494248343163,1.9770491227989158,1.9989985902007659,-0.49534447013728283,0.016493473109299068,0.0,0.0,0.0,0.0
23.330000000000847,-2.001494248343163,1.9770491227989158,1.9989985902007659,-0.49534447013728283,0.016493473109299068,0.0,0.0,0.0,0.0
23.34000000000085,-2.001494248343163,1.9770491227989158,1.9989985902007659,-0.49534447013728283,0.016493473109299068,0.0,0.0,0.0,0.0
23.35000000000085,-2.017836794238427,1.9774544822595073,1.9989985608292113,-0.49463560243214744,0.008340989510439486,0.0,0.0,0.0,0.0
23.360000000000852,-2.017836794238427,1.9774544822595073,1.9989985608292113,-0.49463560243214744,0.008340989510439486,0.0,0.0,0.0,0.0
23.370000000000854,-2.017836794238427,1.9774544822595073,1.9989985608292113,-0.49463560243214744,0.008340989510439486,0.0,0.0,0.0,0.0
23.380000000000855,-2.017836794238427,1.9774544822595073,1.9989985608292113,-0.49463560243214744,0.008340989510439486,0.0,0.0,0.0,0.0
23.390000000000857,-2.034676258929802,1.9775935752642688,1.9989985558056824,-0.495578733232331,3.8194958263089126e-05,0.0,0.0,0.0,0.0
23.40000000000086,-2.034676258929802,1.9775935752642688,1.9989985558056824,-0.495578733232331,3.8194958263089126e-05,0.0,0.0,0.0,0.0
23.41000000000086,-2.034676258929802,1.9775935752642688,1.9989985558056824,-0.495578733232331,3.8194958263089126e-05,0.0,0.0,0.0,0.0
23.42000000000086,-2.051030183369065,1.977456542932676,1.998998392346039,-0.49552695513159367,-0.00809445101977035,0.0,0.0,0.0,0.0
23.430000000000863,-2.051030183369065,1.977456542932676,1.998998392346039,-0.49552695513159367,-0.00809445101977035,0.0,0.0,0.0,0.0
23.440000000000865,-2.051030183369065,1.977456542932676,1.998998392346039,-0.49552695513159367,-0.00809445101977035,0.0,0.0,0.0,0.0
23.450000000000866,-2.0673711556746928,1.9770497818163817,1.9989985675342852,-0.4952563568392395,-0.016308804001212013,0.0,0.0,0.0,0.0
23.460000000000868,-2.0673711556746928,1.9770497818163817,1.9989985675342852,-0.4952563568392395,-0.016308804001212013,0.0,0.0,0.0,0.0
23.47000000000087,-2.0673711556746928,1.9770497818163817,1.9989985675342852,-0.4952563568392395,-0.016308804001212013,0.0,0.0,0.0,0.0
23.48000000000087,-2.0673711556746928,1.9770497818163817,1.9989985675342852,-0.4952563568392395,-0.016308804001212013,0.0,0.0,0.0,0.0
23.490000000000872,-2.0842020164701025,1.9763477380288867,1.9989986249014018,-0.49488567830172236,-0.024745783196880818,0.0,0.0,0.0,0.0
23.500000000000874,-2.0842020164701025,1.9763477380288867,1.9989986249014018,-0.49488567830172236,-0.024745783196880818,0.0,0.0,0.0,0.0
23.510000000000876,-2.0842020164701025,1.9763477380288867,1.9989986249014018,-0.49488567830172236,-0.024745783196880818,0.0,0.0,0.0,0.0
23.520000000000877,-2.100526655607354,1.9753919008538627,1.9989985527690817,-0.49450202010781824,-0.03291863226044748,0.0,0.0,0.0,0.0
23.53000000000088,-2.100526655607354,1.9753919008538627,1.9989985527690817,-0.49450202010781824,-0.03291863226044748,0.0,0.0,0.0,0.0
23.54000000000088,-2.100526655607354,1.9753919008538627,1.9989985527690817,-0.49450202010781824,-0.03291863226044748,0.0,0.0,0.0,0.0
23.550000000000882,-2.116835400646177,1.9741658414851178,1.998998638321979,-0.49350690106107353,-0.041097350255513115,0.0,0.0,0.0,0.0
23.560000000000883,-2.116835400646177,1.9741658414851178,1.998998638321979,-0.49350690106107353,-0.041097350255513115,0.0,0.0,0.0,0.0
23.570000000000885,-2.116835400646177,1.9741658414851178,1.998998638321979,-0.49350690106107353,-0.041097350255513115,0.0,0.0,0.0,0.0
23.580000000000886,-2.116835400646177,1.9741658414851178,1.998998638321979,-0.49350690106107353,-0.041097350255513115,0.0,0.0,0.0,0.0
23.590000000000888,-2.13361115103607,1.9726218292568676,1.9989986172115255,-0.49309191008188186,-0.04947420320719236,0.0,0.0,0.0,0.0
23.60000000000089,-2.13361115103607,1.9726218292568676,1.9989986172115255,-0.49309191008188186,-0.04947420320719236,0.0,0.0,0.0,0.0
23.61000000000089,-2.13361115103607,1.9726218292568676,1.9989986172115255,-0.49309191008188186,-0.04947420320719236,0.0,0.0,0.0,0.0
23.620000000000893,-2.149869594842837,1.9708513688917693,1.9989984426688252,-0.4922551510484894,-0.0575785483268817,0.0,0.0,0.0,0.0
23.630000000000894,-2.149869594842837,1.9708513688917693,1.9989984426688252,-0.4922551510484894,-0.0575785483268817,0.0,0.0,0.0,0.0
23.640000000000896,-2.149869594842837,1.9708513688917693,1.9989984426688252,-0.4922551510484894,-0.0575785483268817,0.0,0.0,0.0,0.0
23.650000000000897,-2.166090814197226,1.9688146945749665,1.9989981727338837,-0.4904354194159301,-0.06560342296967228,0.0,0.0,0.0,0.0
23.6600000000009,-2.166090814197226,1.9688146945749665,1.9989981727338837,-0.4904354194159301,-0.06560342296967228,0.0,0.0,0.0,0.0
23.6700000000009,-2.166090814197226,1.9688146945749665,1.9989981727338837,-0.4904354194159301,-0.06560342296967228,0.0,0.0,0.0,0.0
23.680000000000902,-2.166090814197226,1.9688146945749665,1.9989981727338837,-0.4904354194159301,-0.06560342296967228,0.0,0.0,0.0,0.0
23.690000000000904,-2.1827462632292125,1.9664343473564823,1.9989985086923068,-0.4899828853596174,-0.07419674846009902,0.0,0.0,0.0,0.0
23.700000000000905,-2.1827462632292125,1.9664343473564823,1.9989985086923068,-0.4899828853596174,-0.07419674846009902,0.0,0.0,0.0,0.0
23.710000000000907,-2.1827462632292125,1.9664343473564823,1.9989985086923068,-0.4899828853596174,-0.07419674846009902,0.0,0.0,0.0,0.0
23.72000000000091,-2.198892161608804,1.9638483472831934,1.9989985648625055,-0.4886663372552238,-0.08229330331256002,0.0,0.0,0.0,0.0
23.73000000000091,-2.198892161608804,1.9638483472831934,1.9989985648625055,-0.4886663372552238,-0.08229330331256002,0.0,0.0,0.0,0.0
23.74000000000091,-2.198892161608804,1.9638483472831934,1.9989985648625055,-0.4886663372552238,-0.08229330331256002,0.0,0.0,0.0,0.0
23.750000000000913,-2.2149887309360503,1.9609963281507137,1.9989987505462719,-0.48719015666901444,-0.09034183060429281,0.0,0.0,0.0,0.0
23.760000000000915,-2.2149887309360503,1.9609963281507137,1.9989987505462719,-0.48719015666901444,-0.09034183060429281,0.0,0.0,0.0,0.0
23.770000000000916,-2.2149887309360503,1.9609963281507137,1.9989987505462719,-0.48719015666901444,-0.09034183060429281,0.0,0.0,0.0,0.0
23.780000000000918,-2.2149887309360503,1.9609963281507137,1.9989987505462719,-0.48719015666901444,-0.09034183060429281,0.0,0.0,0.0,0.0
23.79000000000092,-2.2315249867197426,1.9577803710063073,1.99899873312856,-0.48561542705910865,-0.09859694139280714,0.0,0.0,0.0,0.0
23.80000000000092,-2.2315249867197426,1.9577803710063073,1.99899873312856,-0.48561542705910865,-0.09859694139280714,0.0,0.0,0.0,0.0
23.810000000000922,-2.2315249867197426,1.9577803710063073,1.99899873312856,-0.48561542705910865,-0.09859694139280714,0.0,0.0,0.0,0.0
23.820000000000924,-2.24752377962127,1.954390538715562,1.9989986204817096,-0.4840422115439666,-0.10660367517862322,0.0,0.0,0.0,0.0
23.830000000000926,-2.24752377962127,1.954390538715562,1.9989986204817096,-0.4840422115439666,-0.10660367517862322,0.0,0.0,0.0,0.0
23.840000000000927,-2.24752377962127,1.954390538715562,1.9989986204817096,-0.4840422115439666,-0.10660367517862322,0.0,0.0,0.0,0.0
23.85000000000093,-2.263466638937636,1.9507373817504214,1.9989983549940458,-0.48222543144034163,-0.11455321820139411,0.0,0.0,0.0,0.0
23.86000000000093,-2.263466638937636,1.9507373817504214,1.9989983549940458,-0.48222543144034163,-0.11455321820139411,0.0,0.0,0.0,0.0
23.870000000000932,-2.263466638937636,1.9507373817504214,1.9989983549940458,-0.48222543144034163,-0.11455321820139411,0.0,0.0,0.0,0.0
23.880000000000933,-2.263466638937636,1.9507373817504214,1.9989983549940458,-0.48222543144034163,-0.11455321820139411,0.0,0.0,0.0,0.0
23.890000000000935,-2.2798120874779135,1.946703091658259,1.9989986422243962,-0.4788982980058402,-0.12250370917157252,0.0,0.0,0.0,0.0
23.900000000000936,-2.2798120874779135,1.946703091658259,1.9989986422243962,-0.4788982980058402,-0.12250370917157252,0.0,0.0,0.0,0.0
23.910000000000938,-2.2798120874779135,1.946703091658259,1.9989986422243962,-0.4788982980058402,-0.12250370917157252,0.0,0.0,0.0,0.0
23.92000000000094,-2.295607211264426,1.942520082064565,1.998998355503881,-0.47789234594910096,-0.13075307801243113,0.0,0.0,0.0,0.0
23.93000000000094,-2.295607211264426,1.942520082064565,1.998998355503881,-0.47789234594910096,-0.13075307801243113,0.0,0.0,0.0,0.0
23.940000000000943,-2.295607211264426,1.942520082064565,1.998998355503881,-0.47789234594910096,-0.13075307801243113,0.0,0.0,0.0,0.0
23.950000000000944,-2.3113344688452595,1.9380719470469079,1.9989985837404856,-0.475563333048456,-0.13861716836156723,0.0,0.0,0.0,0.0
23.960000000000946,-2.3113344688452595,1.9380719470469079,1.9989985837404856,-0.475563333048456,-0.13861716836156723,0.0,0.0,0.0,0.0
23.970000000000947,-2.3113344688452595,1.9380719470469079,1.9989985837404856,-0.475563333048456,-0.13861716836156723,0.0,0.0,0.0,0.0
23.98000000000095,-2.3113344688452595,1.9380719470469079,1.9989985837404856,-0.475563333048456,-0.13861716836156723,0.0,0.0,0.0,0.0
23.99000000000095,-2.327464168709101,1.933217228599912,1.9989987793886956,-0.47326476016186614,-0.14670840187314035,0.0,0.0,0.0,0.0
24.000000000000952,-2.327464168709101,1.933217228599912,1.9989987793886956,-0.47326476016186614,-0.14670840187314035,0.0,0.0,0.0,0.0
24.010000000000954,-2.327464168709101,1.933217228599912,1.9989987793886956,-0.47326476016186614,-0.14670840187314035,0.0,0.0,0.0,0.0
24.020000000000955,-2.3430418716856813,1.928242930487057,1.9989987353223038,-0.47089223035007244,-0.15452455703468862,0.0,0.0,0.0,0.0
24.030000000000957,-2.3430418716856813,1.928242930487057,1.9989987353223038,-0.47089223035007244,-0.15452455703468862,0.0,0.0,0.0,0.0
24.04000000000096,-2.3430418716856813,1.928242930487057,1.9989987353223038,-0.47089223035007244,-0.15452455703468862,0.0,0.0,0.0,0.0
24.05000000000096,-2.358538884725896,1.923011444827262,1.9989985182715218,-0.46838985352929813,-0.16229879992149673,0.0,0.0,0.0,0.0
24.06000000000096,-2.358538884725896,1.923011444827262,1.9989985182715218,-0.46838985352929813,-0.16229879992149673,0.0,0.0,0.0,0.0
24.070000000000963,-2.358538884725896,1.923011444827262,1.9989985182715218,-0.46838985352929813,-0.16229879992149673,0.0,0.0,0.0,0.0
24.080000000000965,-2.358538884725896,1.923011444827262,1.9989985182715218,-0.46838985352929813,-0.16229879992149673,0.0,0.0,0.0,0.0
24.090000000000966,-2.374414177750876,1.9173549184007102,1.9989981300841793,-0.46550540427466947,-0.1701447450779806,0.0,0.0,0.0,0.0
24.100000000000968,-2.374414177750876,1.9173549184007102,1.9989981300841793,-0.46550540427466947,-0.1701447450779806,0.0,0.0,0.0,0.0
24.11000000000097,-2.374414177750876,1.9173549184007102,1.9989981300841793,-0.46550540427466947,-0.1701447450779806,0.0,0.0,0.0,0.0
24.12000000000097,-2.389732681808559,1.911689434496114,1.9989988025498286,-0.4632404413385501,-0.17270299509306727,0.0,0.0,0.0,0.0
24.130000000000972,-2.389732681808559,1.911689434496114,1.9989988025498286,-0.4632404413385501,-0.17270299509306727,0.0,0.0,0.0,0.0
24.140000000000974,-2.389732681808559,1.911689434496114,1.9989988025498286,-0.4632404413385501,-0.17270299509306727,0.0,0.0,0.0,0.0
24.150000000000976,-2.404985929687699,1.9058270306017493,1.9989986671755915,-0.459807279069044,-0.1842110038189944,0.0,0.0,0.0,0.0
24.160000000000977,-2.404985929687699,1.9058270306017493,1.9989986671755915,-0.459807279069044,-0.1842110038189944,0.0,0.0,0.0,0.0
24.17000000000098,-2.404985929687699,1.9058270306017493,1.9989986671755915,-0.459807279069044,-0.1842110038189944,0.0,0.0,0.0,0.0
24.18000000000098,-2.404985929687699,1.9058270306017493,1.9989986671755915,-0.459807279069044,-0.1842110038189944,0.0,0.0,0.0,0.0
24.190000000000982,-2.4205491780488897,1.8993858098490877,1.9989987801758784,-0.456180649758026,-0.19329783728878158,0.0,0.0,0.0,0.0
24.200000000000983,-2.4205491780488897,1.8993858098490877,1.9989987801758784,-0.456180649758026,-0.19329783728878158,0.0,0.0,0.0,0.0
24.210000000000985,-2.4205491780488897,1.8993858098490877,1.9989987801758784,-0.456180649758026,-0.19329783728878158,0.0,0.0,0.0,0.0
24.220000000000987,-2.4355499847418285,1.892878591736509,1.9989987828684066,-0.45303138092144857,-0.2008435415844921,0.0,0.0,0.0,0.0
24.230000000000988,-2.4355499847418285,1.892878591736509,1.9989987828684066,-0.45303138092144857,-0.2008435415844921,0.0,0.0,0.0,0.0
24.24000000000099,-2.4355499847418285,1.892878591736509,1.9989987828684066,-0.45303138092144857,-0.2008435415844921,0.0,0.0,0.0,0.0
24.25000000000099,-2.4504446454358915,1.8861232962519918,1.9989986441599807,-0.44977192194442367,-0.20834310187112587,0.0,0.0,0.0,0.0
24.260000000000993,-2.4504446454358915,1.8861232962519918,1.9989986441599807,-0.44977192194442367,-0.20834310187112587,0.0,0.0,0.0,0.0
24.270000000000994,-2.4504446454358915,1.8861232962519918,1.9989986441599807,-0.44977192194442367,-0.20834310187112587,0.0,0.0,0.0,0.0
24.280000000000996,-2.4504446454358915,1.8861232962519918,1.9989986441599807,-0.44977192194442367,-0.20834310187112587,0.0,0.0,0.0,0.0
24.290000000000997,-2.465674887603124,1.8789059234364576,1.9989982886464364,-0.44620167197892546,-0.215967313403735,0.0,0.0,0.0,0.0
24.300000000001,-2.465674887603124,1.8789059234364576,1.9989982886464364,-0.44620167197892546,-0.215967313403735,0.0,0.0,0.0,0.0
24.310000000001,-2.465674887603124,1.8789059234364576,1.9989982886464364,-0.44620167197892546,-0.215967313403735,0.0,0.0,0.0,0.0
24.320000000001002,-2.4803419228732406,1.8716847172363227,1.9989983305066032,-0.4431047173587427,-0.22064126100423312,0.0,0.0,0.0,0.0
24.330000000001004,-2.4803419228732406,1.8716847172363227,1.9989983305066032,-0.4431047173587427,-0.22064126100423312,0.0,0.0,0.0,0.0
24.340000000001005,-2.4803419228732406,1.8716847172363227,1.9989983305066032,-0.4431047173587427,-0.22064126100423312,0.0,0.0,0.0,0.0
24.350000000001007,-2.494902344692323,1.864306405309016,1.9989990883254916,-0.43931507598299446,-0.2283724925115327,0.0,0.0,0.0,0.0
24.36000000000101,-2.494902344692323,1.864306405309016,1.9989990883254916,-0.43931507598299446,-0.2283724925115327,0.0,0.0,0.0,0.0
24.37000000000101,-2.494902344692323,1.864306405309016,1.9989990883254916,-0.43931507598299446,-0.2283724925115327,0.0,0.0,0.0,0.0
24.38000000000101,-2.494902344692323,1.864306405309016,1.9989990883254916,-0.43931507598299446,-0.2283724925115327,0.0,0.0,0.0,0.0
24.390000000001013,-2.509746701351326,1.856347992528351,1.998998716008435,-0.434528015117634,-0.23793397220056461,0.0,0.0,0.0,0.0
24.400000000001015,-2.509746701351326,1.856347992528351,1.998998716008435,-0.434528015117634,-0.23793397220056461,0.0,0.0,0.0,0.0
24.410000000001016,-2.509746701351326,1.856347992528351,1.998998716008435,-0.434528015117634,-0.23793397220056461,0.0,0.0,0.0,0.0
24.420000000001018,-2.524020394574672,1.8483735626525546,1.9989987837074672,-0.4306354812591198,-0.24513447571747005,0.0,0.0,0.0,0.0
24.43000000000102,-2.524020394574672,1.8483735626525546,1.9989987837074672,-0.4306354812591198,-0.24513447571747005,0.0,0.0,0.0,0.0
24.44000000000102,-2.524020394574672,1.8483735626525546,1.9989987837074672,-0.4306354812591198,-0.24513447571747005,0.0,0.0,0.0,0.0
24.450000000001022,-2.5381635139570093,1.840162681908751,1.9989986873422314,-0.4266346052625972,-0.25227634624562295,0.0,0.0,0.0,0.0
24.460000000001024,-2.5381635139570093,1.840162681908751,1.9989986873422314,-0.4266346052625972,-0.25227634624562295,0.0,0.0,0.0,0.0
24.470000000001026,-2.5381635139570093,1.840162681908751,1.9989986873422314,-0.4266346052625972,-0.25227634624562295,0.0,0.0,0.0,0.0
24.480000000001027,-2.5381635139570093,1.840162681908751,1.9989986873422314,-0.4266346052625972,-0.25227634624562295,0.0,0.0,0.0,0.0
24.49000000000103,-2.552593795170534,1.8314584536463343,1.9989984012904525,-0.4223148862374783,-0.25950524377023493,0.0,0.0,0.0,0.0
24.50000000000103,-2.552593795170534,1.8314584536463343,1.9989984012904525,-0.4223148862374783,-0.25950524377023493,0.0,0.0,0.0,0.0
24.510000000001032,-2.552593795170534,1.8314584536463343,1.9989984012904525,-0.4223148862374783,-0.25950524377023493,0.0,0.0,0.0,0.0
24.520000000001033,-2.5664490002712945,1.822782457899741,1.9989984360861544,-0.4180128869343891,-0.2663963964343834,0.0,0.0,0.0,0.0
24.530000000001035,-2.5664490002712945,1.822782457899741,1.9989984360861544,-0.4180128869343891,-0.2663963964343834,0.0,0.0,0.0,0.0
24.540000000001037,-2.5664490002712945,1.822782457899741,1.9989984360861544,-0.4180128869343891,-0.2663963964343834,0.0,0.0,0.0,0.0
24.550000000001038,-2.5801607785168508,1.8138801736924153,1.9989981380564443,-0.41293037075784417,-0.2728177822059381,0.0,0.0,0.0,0.0
24.56000000000104,-2.5801607785168508,1.8138801736924153,1.9989981380564443,-0.41293037075784417,-0.2728177822059381,0.0,0.0,0.0,0.0
24.57000000000104,-2.5801607785168508,1.8138801736924153,1.9989981380564443,-0.41293037075784417,-0.2728177822059381,0.0,0.0,0.0,0.0
24.580000000001043,-2.5801607785168508,1.8138801736924153,1.9989981380564443,-0.41293037075784417,-0.2728177822059381,0.0,0.0,0.0,0.0
24.590000000001044,-2.594114665622249,1.8044804003147366,1.9989985340964678,-0.4086251023372825,-0.2802229876877912,0.0,0.0,0.0,0.0
24.600000000001046,-2.594114665622249,1.8044804003147366,1.9989985340964678,-0.4086251023372825,-0.2802229876877912,0.0,0.0,0.0,0.0
24.610000000001047,-2.594114665622249,1.8044804003147366,1.9989985340964678,-0.4086251023372825,-0.2802229876877912,0.0,0.0,0.0,0.0
24.62000000000105,-2.607518593749355,1.795119535029281,1.9989987341352045,-0.40393654154789893,-0.28694294037439727,0.0,0.0,0.0,0.0
24.63000000000105,-2.607518593749355,1.795119535029281,1.9989987341352045,-0.40393654154789893,-0.28694294037439727,0.0,0.0,0.0,0.0
24.640000000001052,-2.607518593749355,1.795119535029281,1.9989987341352045,-0.40393654154789893,-0.28694294037439727,0.0,0.0,0.0,0.0
24.650000000001054,-2.6207687889611657,1.7855362295303665,1.9989986806024251,-0.39922674206928205,-0.29364755308880197,0.0,0.0,0.0,0.0
24.660000000001055,-2.6207687889611657,1.7855362295303665,1.9989986806024251,-0.39922674206928205,-0.29364755308880197,0.0,0.0,0.0,0.0
24.670000000001057,-2.6207687889611657,1.7855362295303665,1.9989986806024251,-0.39922674206928205,-0.29364755308880197,0.0,0.0,0.0,0.0
24.68000000000106,-2.6207687889611657,1.7855362295303665,1.9989986806024251,-0.39922674206928205,-0.29364755308880197,0.0,0.0,0.0,0.0
24.69000000000106,-2.6342541330128895,1.7754339866257607,1.9989984139245647,-0.39407762882296704,-0.3003173126891,0.0,0.0,0.0,0.0
24.70000000000106,-2.6342541330128895,1.7754339866257607,1.9989984139245647,-0.39407762882296704,-0.3003173126891,0.0,0.0,0.0,0.0
24.710000000001063,-2.6342541330128895,1.7754339866257607,1.9989984139245647,-0.39407762882296704,-0.3003173126891,0.0,0.0,0.0,0.0
24.720000000001065,-2.647170379119131,1.7654173784043266,1.9989984805995786,-0.38917321708344965,-0.3067857269025004,0.0,0.0,0.0,0.0
24.730000000001066,-2.647170379119131,1.7654173784043266,1.9989984805995786,-0.38917321708344965,-0.3067857269025004,0.0,0.0,0.0,0.0
24.740000000001068,-2.647170379119131,1.7654173784043266,1.9989984805995786,-0.38917321708344965,-0.3067857269025004,0.0,0.0,0.0,0.0
24.75000000000107,-2.6599272603566546,1.7551851030208419,1.9989984122345088,-0.3841007579433102,-0.313146770352017,0.0,0.0,0.0,0.0
24.76000000000107,-2.6599272603566546,1.7551851030208419,1.9989984122345088,-0.3841007579433102,-0.313146770352017,0.0,0.0,0.0,0.0
24.770000000001072,-2.6599272603566546,1.7551851030208419,1.9989984122345088,-0.3841007579433102,-0.313146770352017,0.0,0.0,0.0,0.0
24.780000000001074,-2.6599272603566546,1.7551851030208419,1.9989984122345088,-0.3841007579433102,-0.313146770352017,0.0,0.0,0.0,0.0
24.790000000001076,-2.672883871968211,1.7444319590964241,1.998998546035423,-0.3777961426718209,-0.31893434566821527,0.0,0.0,0.0,0.0
24.800000000001077,-2.672883871968211,1.7444319590964241,1.998998546035423,-0.3777961426718209,-0.31893434566821527,0.0,0.0,0.0,0.0
24.81000000000108,-2.672883871968211,1.7444319590964241,1.998998546035423,-0.3777961426718209,-0.31893434566821527,0.0,0.0,0.0,0.0
24.82000000000108,-2.685278161534028,1.7337848172948471,1.9989986145939882,-0.37318750839342046,-0.32582017550349934,0.0,0.0,0.0,0.0
24.830000000001082,-2.685278161534028,1.7337848172948471,1.9989986145939882,-0.37318750839342046,-0.32582017550349934,0.0,0.0,0.0,0.0
24.840000000001083,-2.685278161534028,1.7337848172948471,1.9989986145939882,-0.37318750839342046,-0.32582017550349934,0.0,0.0,0.0,0.0
24.850000000001085,-2.6975033720912545,1.7229261832663376,1.9989986181933266,-0.3678410557309066,-0.33204147103840864,0.0,0.0,0.0,0.0
24.860000000001087,-2.6975033720912545,1.7229261832663376,1.9989986181933266,-0.3678410557309066,-0.33204147103840864,0.0,0.0,0.0,0.0
24.870000000001088,-2.6975033720912545,1.7229261832663376,1.9989986181933266,-0.3678410557309066,-0.33204147103840864,0.0,0.0,0.0,0.0
24.88000000000109,-2.6975033720912545,1.7229261832663376,1.9989986181933266,-0.3678410557309066,-0.33204147103840864,0.0,0.0,0.0,0.0
24.89000000000109,-2.7099076976097276,1.7115302572711708,1.998998487141294,-0.3617041397315836,-0.33784732332851936,0.0,0.0,0.0,0.0
24.900000000001093,-2.7099076976097276,1.7115302572711708,1.998998487141294,-0.3617041397315836,-0.33784732332851936,0.0,0.0,0.0,0.0
24.910000000001094,-2.7099076976097276,1.7115302572711708,1.998998487141294,-0.3617041397315836,-0.33784732332851936,0.0,0.0,0.0,0.0
24.920000000001096,-2.7217578185579656,1.700273937327793,1.9989987143266312,-0.35652852099134813,-0.34410219266658465,0.0,0.0,0.0,0.0
24.930000000001098,-2.7217578185579656,1.700273937327793,1.9989987143266312,-0.35652852099134813,-0.34410219266658465,0.0,0.0,0.0,0.0
24.9400000000011,-2.7217578185579656,1.700273937327793,1.9989987143266312,-0.35652852099134813,-0.34410219266658465,0.0,0.0,0.0,0.0
24.9500000000011,-2.733428180936322,1.6888178318213114,1.998998594680058,-0.3509119241138263,-0.3500070511432295,0.0,0.0,0.0,0.0
24.960000000001102,-2.733428180936322,1.6888178318213114,1.998998594680058,-0.3509119241138263,-0.3500070511432295,0.0,0.0,0.0,0.0
24.970000000001104,-2.733428180936322,1.6888178318213114,1.998998594680058,-0.3509119241138263,-0.3500070511432295,0.0,0.0,0.0,0.0
24.980000000001105,-2.733428180936322,1.6888178318213114,1.998998594680058,-0.3509119241138263,-0.3500070511432295,0.0,0.0,0.0,0.0
24.990000000001107,-2.745254561227276,1.6768144430558953,1.9989983405817573,-0.34491073926602694,-0.3558759876038202,0.0,0.0,0.0,0.0
25.00000000000111,-2.745254561227276,1.6768144430558953,1.9989983405817573,-0.34491073926602694,-0.3558759876038202,0.0,0.0,0.0,0.0
25.01000000000111,-2.745254561227276,1.6768144430558953,1.9989983405817573,-0.34491073926602694,-0.3558759876038202,0.0,0.0,0.0,0.0
25.02000000000111,-2.756523393173055,1.664986230523773,1.9989990084686073,-0.33834730145776937,-0.361013741740374,0.0,0.0,0.0,0.0
25.030000000001113,-2.756523393173055,1.664986230523773,1.9989990084686073,-0.33834730145776937,-0.361013741740374,0.0,0.0,0.0,0.0
25.040000000001115,-2.756523393173055,1.664986230523773,1.9989990084686073,-0.33834730145776937,-0.361013741740374,0.0,0.0,0.0,0.0
25.050000000001116,-2.7676007717370847,1.6529628008517108,1.9989984725451513,-0.3327999137577009,-0.36709318442056504,0.0,0.0,0.0,0.0
25.060000000001118,-2.7676007717370847,1.6529628008517108,1.9989984725451513,-0.3327999137577009,-0.36709318442056504,0.0,0.0,0.0,0.0
25.07000000000112,-2.7676007717370847,1.6529628008517108,1.9989984725451513,-0.3327999137577009,-0.36709318442056504,0.0,0.0,0.0,0.0
25.08000000000112,-2.7676007717370847,1.6529628008517108,1.9989984725451513,-0.3327999137577009,-0.36709318442056504,0.0,0.0,0.0,0.0
25.090000000001123,-2.7787992795739624,1.6403911653824133,1.9989989568386897,-0.32607821183583247,-0.3721629358053973,0.0,0.0,0.0,0.0
25.100000000001124,-2.7787992795739624,1.6403911653824133,1.9989989568386897,-0.32607821183583247,-0.3721629358053973,0.0,0.0,0.0,0.0
25.110000000001126,-2.7787992795739624,1.6403911653824133,1.9989989568386897,-0.32607821183583247,-0.3721629358053973,0.0,0.0,0.0,0.0
25.120000000001127,-2.789467956059858,1.6280054742750865,1.998998745648714,-0.3203560876544205,-0.3779747756315526,0.0,0.0,0.0,0.0
25.13000000000113,-2.789467956059858,1.6280054742750865,1.998998745648714,-0.3203560876544205,-0.3779747756315526,0.0,0.0,0.0,0.0
25.14000000000113,-2.789467956059858,1.6280054742750865,1.998998745648714,-0.3203560876544205,-0.3779747756315526,0.0,0.0,0.0,0.0
25.150000000001132,-2.799934600251844,1.6154418356183298,1.998998726261345,-0.314160941178908,-0.38328549824397634,0.0,0.0,0.0,0.0
25.160000000001133,-2.799934600251844,1.6154418356183298,1.998998726261345,-0.314160941178908,-0.38328549824397634,0.0,0.0,0.0,0.0
25.170000000001135,-2.799934600251844,1.6154418356183298,1.998998726261345,-0.314160941178908,-0.38328549824397634,0.0,0.0,0.0,0.0
25.180000000001137,-2.799934600251844,1.6154418356183298,1.998998726261345,-0.314160941178908,-0.38328549824397634,0.0,0.0,0.0,0.0
25.190000000001138,-2.810502831645331,1.6023162532597655,1.998998511755172,-0.30767356635061077,-0.3886302484072075,0.0,0.0,0.0,0.0
25.20000000000114,-2.810502831645331,1.6023162532597655,1.998998511755172,-0.30767356635061077,-0.3886302484072075,0.0,0.0,0.0,0.0
25.21000000000114,-2.810502831645331,1.6023162532597655,1.998998511755172,-0.30767356635061077,-0.3886302484072075,0.0,0.0,0.0,0.0
25.220000000001143,-2.820546162603514,1.5894067863422345,1.9989981738498352,-0.30116887147059346,-0.3935559403821433,0.0,0.0,0.0,0.0
25.230000000001144,-2.820546162603514,1.5894067863422345,1.9989981738498352,-0.30116887147059346,-0.3935559403821433,0.0,0.0,0.0,0.0
25.240000000001146,-2.820546162603514,1.5894067863422345,1.9989981738498352,-0.30116887147059346,-0.3935559403821433,0.0,0.0,0.0,0.0
25.250000000001148,-2.8303623120730768,1.5763481207542487,1.998998574715274,-0.2944659986766593,-0.3984052922476601,0.0,0.0,0.0,0.0
25.26000000000115,-2.8303623120730768,1.5763481207542487,1.998998574715274,-0.2944659986766593,-0.3984052922476601,0.0,0.0,0.0,0.0
25.27000000000115,-2.8303623120730768,1.5763481207542487,1.998998574715274,-0.2944659986766593,-0.3984052922476601,0.0,0.0,0.0,0.0
25.280000000001152,-2.8303623120730768,1.5763481207542487,1.998998574715274,-0.2944659986766593,-0.3984052922476601,0.0,0.0,0.0,0.0
25.290000000001154,-2.8402473367341305,1.5627261774174603,1.9989990009817737,-0.28756437048666306,-0.40315829681417437,0.0,0.0,0.0,0.0
25.300000000001155,-2.8402473367341305,1.5627261774174603,1.9989990009817737,-0.28756437048666306,-0.40315829681417437,0.0,0.0,0.0,0.0
25.310000000001157,-2.8402473367341305,1.5627261774174603,1.9989990009817737,-0.28756437048666306,-0.40315829681417437,0.0,0.0,0.0,0.0
25.32000000000116,-2.849627267652388,1.5493365047798677,1.99899876259317,-0.28100159052884355,-0.40802856446427105,0.0,0.0,0.0,0.0
25.33000000000116,-2.849627267652388,1.5493365047798677,1.99899876259317,-0.28100159052884355,-0.40802856446427105,0.0,0.0,0.0,0.0
25.34000000000116,-2.849627267652388,1.5493365047798677,1.99899876259317,-0.28100159052884355,-0.40802856446427105,0.0,0.0,0.0,0.0
25.350000000001163,-2.8587867191355887,1.535791773283894,1.998998781472856,-0.2743005579023615,-0.4126995451342401,0.0,0.0,0.0,0.0
25.360000000001165,-2.8587867191355887,1.535791773283894,1.998998781472856,-0.2743005579023615,-0.4126995451342401,0.0,0.0,0.0,0.0
25.370000000001166,-2.8587867191355887,1.535791773283894,1.998998781472856,-0.2743005579023615,-0.4126995451342401,0.0,0.0,0.0,0.0
25.380000000001168,-2.8587867191355887,1.535791773283894,1.998998781472856,-0.2743005579023615,-0.4126995451342401,0.0,0.0,0.0,0.0
25.39000000000117,-2.867990886935068,1.521677586054551,1.9989986548421503,-0.26732090215221677,-0.4174038960455802,0.0,0.0,0.0,0.0
25.40000000000117,-2.867990886935068,1.521677586054551,1.9989986548421503,-0.26732090215221677,-0.4174038960455802,0.0,0.0,0.0,0.0
25.410000000001173,-2.867990886935068,1.521677586054551,1.9989986548421503,-0.26732090215221677,-0.4174038960455802,0.0,0.0,0.0,0.0
25.420000000001174,-2.8766957061059437,1.5078281619484408,1.9989983355605876,-0.2604364063587977,-0.4218002373467198,0.0,0.0,0.0,0.0
25.430000000001176,-2.8766957061059437,1.5078281619484408,1.9989983355605876,-0.2604364063587977,-0.4218002373467198,0.0,0.0,0.0,0.0
25.440000000001177,-2.8766957061059437,1.5078281619484408,1.9989983355605876,-0.2604364063587977,-0.4218002373467198,0.0,0.0,0.0,0.0
25.45000000000118,-2.885177493284961,1.493845184571511,1.998997831187138,-0.25461291257986657,-0.424748446951394,0.0,0.0,0.0,0.0
25.46000000000118,-2.885177493284961,1.493845184571511,1.998997831187138,-0.25461291257986657,-0.424748446951394,0.0,0.0,0.0,0.0
25.470000000001182,-2.885177493284961,1.493845184571511,1.998997831187138,-0.25461291257986657,-0.424748446951394,0.0,0.0,0.0,0.0
25.480000000001183,-2.885177493284961,1.493845184571511,1.998997831187138,-0.25461291257986657,-0.424748446951394,0.0,0.0,0.0,0.0
25.490000000001185,-2.8937410357149913,1.479367451623474,1.9989984309047493,-0.24784217484766086,-0.4290517231044319,0.0,0.0,0.0,0.0
25.500000000001187,-2.8937410357149913,1.479367451623474,1.9989984309047493,-0.24784217484766086,-0.4290517231044319,0.0,0.0,0.0,0.0
25.510000000001188,-2.8937410357149913,1.479367451623474,1.9989984309047493,-0.24784217484766086,-0.4290517231044319,0.0,0.0,0.0,0.0
25.52000000000119,-2.9017447147188102,1.4651142641413628,1.9989987210145306,-0.23888848406935362,-0.43399052468549637,0.0,0.0,0.0,0.0
25.53000000000119,-2.9017447147188102,1.4651142641413628,1.9989987210145306,-0.23888848406935362,-0.43399052468549637,0.0,0.0,0.0,0.0
25.540000000001193,-2.9017447147188102,1.4651142641413628,1.9989987210145306,-0.23888848406935362,-0.43399052468549637,0.0,0.0,0.0,0.0
25.550000000001194,-2.90950687938354,1.4507244687468113,1.9989987885634928,-0.23174444862320184,-0.4379691798263733,0.0,0.0,0.0,0.0
25.560000000001196,-2.90950687938354,1.4507244687468113,1.9989987885634928,-0.23174444862320184,-0.4379691798263733,0.0,0.0,0.0,0.0
25.570000000001198,-2.90950687938354,1.4507244687468113,1.9989987885634928,-0.23174444862320184,-0.4379691798263733,0.0,0.0,0.0,0.0
25.5800000000012,-2.90950687938354,1.4507244687468113,1.9989987885634928,-0.23174444862320184,-0.4379691798263733,0.0,0.0,0.0,0.0
25.5900000000012,-2.9172564138375248,1.435763594865516,1.9989987190476362,-0.2243209572021247,-0.4419551763694242,0.0,0.0,0.0,0.0
25.600000000001202,-2.9172564138375248,1.435763594865516,1.9989987190476362,-0.2243209572021247,-0.4419551763694242,0.0,0.0,0.0,0.0
25.610000000001204,-2.9172564138375248,1.435763594865516,1.9989987190476362,-0.2243209572021247,-0.4419551763694242,0.0,0.0,0.0,0.0
25.620000000001205,-2.9245353642742793,1.4211155462633414,1.998998463169183,-0.21704014460282106,-0.4456827126239367,0.0,0.0,0.0,0.0
25.630000000001207,-2.9245353642742793,1.4211155462633414,1.998998463169183,-0.21704014460282106,-0.4456827126239367,0.0,0.0,0.0,0.0
25.64000000000121,-2.9245353642742793,1.4211155462633414,1.998998463169183,-0.21704014460282106,-0.4456827126239367,0.0,0.0,0.0,0.0
25.65000000000121,-2.931570910910929,1.4063529113522744,1.9989980985078921,-0.20949362036900485,-0.4485193227464986,0.0,0.0,0.0,0.0
25.66000000000121,-2.931570910910929,1.4063529113522744,1.9989980985078921,-0.20949362036900485,-0.4485193227464986,0.0,0.0,0.0,0.0
25.670000000001213,-2.931570910910929,1.4063529113522744,1.9989980985078921,-0.20949362036900485,-0.4485193227464986,0.0,0.0,0.0,0.0
25.680000000001215,-2.931570910910929,1.4063529113522744,1.9989980985078921,-0.20949362036900485,-0.4485193227464986,0.0,0.0,0.0,0.0
25.690000000001216,-2.9385666585413412,1.3910477832986938,1.9989982985670356,-0.20172706247559838,-0.4516020359998699,0.0,0.0,0.0,0.0
25.700000000001218,-2.9385666585413412,1.3910477832986938,1.9989982985670356,-0.20172706247559838,-0.4516020359998699,0.0,0.0,0.0,0.0
25.71000000000122,-2.9385666585413412,1.3910477832986938,1.9989982985670356,-0.20172706247559838,-0.4516020359998699,0.0,0.0,0.0,0.0
25.72000000000122,-2.9450990653859868,1.3760701859494855,1.9989986359013887,-0.19437062706074365,-0.45558130944163233,0.0,0.0,0.0,0.0
25.730000000001223,-2.9450990653859868,1.3760701859494855,1.9989986359013887,-0.19437062706074365,-0.45558130944163233,0.0,0.0,0.0,0.0
25.740000000001224,-2.9450990653859868,1.3760701859494855,1.9989986359013887,-0.19437062706074365,-0.45558130944163233,0.0,0.0,0.0,0.0
25.750000000001226,-2.95138645209217,1.3609788274877035,1.9989987469111508,-0.18687507672600814,-0.4588705344467665,0.0,0.0,0.0,0.0
25.760000000001227,-2.95138645209217,1.3609788274877035,1.9989987469111508,-0.18687507672600814,-0.4588705344467665,0.0,0.0,0.0,0.0
25.77000000000123,-2.95138645209217,1.3609788274877035,1.9989987469111508,-0.18687507672600814,-0.4588705344467665,0.0,0.0,0.0,0.0
25.78000000000123,-2.95138645209217,1.3609788274877035,1.9989987469111508,-0.18687507672600814,-0.4588705344467665,0.0,0.0,0.0,0.0
25.790000000001232,-2.9576039845010933,1.3453204565183745,1.998998727923032,-0.17908404935086522,-0.46209829154432325,0.0,0.0,0.0,0.0
25.800000000001234,-2.9576039845010933,1.3453204565183745,1.998998727923032,-0.17908404935086522,-0.46209829154432325,0.0,0.0,0.0,0.0
25.810000000001235,-2.9576039845010933,1.3453204565183745,1.998998727923032,-0.17908404935086522,-0.46209829154432325,0.0,0.0,0.0,0.0
25.820000000001237,-2.963384093194258,1.3300205822844988,1.9989985270041113,-0.17144876276787369,-0.4650566468139315,0.0,0.0,0.0,0.0
25.830000000001238,-2.963384093194258,1.3300205822844988,1.9989985270041113,-0.17144876276787369,-0.4650566468139315,0.0,0.0,0.0,0.0
25.84000000000124,-2.963384093194258,1.3300205822844988,1.9989985270041113,-0.17144876276787369,-0.4650566468139315,0.0,0.0,0.0,0.0
25.85000000000124,-2.9689079996702312,1.3146371655385856,1.9989988060162334,-0.1635327067109291,-0.4669794637639926,0.0,0.0,0.0,0.0
25.860000000001243,-2.9689079996702312,1.3146371655385856,1.9989988060162334,-0.1635327067109291,-0.4669794637639926,0.0,0.0,0.0,0.0
25.870000000001244,-2.9689079996702312,1.3146371655385856,1.9989988060162334,-0.1635327067109291,-0.4669794637639926,0.0,0.0,0.0,0.0
25.880000000001246,-2.9689079996702312,1.3146371655385856,1.9989988060162334,-0.1635327067109291,-0.4669794637639926,0.0,0.0,0.0,0.0
25.890000000001248,-2.974337571205876,1.2986926577127218,1.998998385743199,-0.15589368875296078,-0.4703825831043602,0.0,0.0,0.0,0.0
25.90000000000125,-2.974337571205876,1.2986926577127218,1.998998385743199,-0.15589368875296078,-0.4703825831043602,0.0,0.0,0.0,0.0
25.91000000000125,-2.974337571205876,1.2986926577127218,1.998998385743199,-0.15589368875296078,-0.4703825831043602,0.0,0.0,0.0,0.0
25.920000000001252,-2.9793466145169822,1.2831365330733702,1.9989987856822198,-0.14785705563821938,-0.4722759106764165,0.0,0.0,0.0,0.0
25.930000000001254,-2.9793466145169822,1.2831365330733702,1.9989987856822198,-0.14785705563821938,-0.4722759106764165,0.0,0.0,0.0,0.0
25.940000000001255,-2.9793466145169822,1.2831365330733702,1.9989987856822198,-0.14785705563821938,-0.4722759106764165,0.0,0.0,0.0,0.0
25.950000000001257,-2.984098380430905,1.2674941197201988,1.9989986225512233,-0.14020430590494634,-0.475189889341854,0.0,0.0,0.0,0.0
25.96000000000126,-2.984098380430905,1.2674941197201988,1.9989986225512233,-0.14020430590494634,-0.475189889341854,0.0,0.0,0.0,0.0
25.97000000000126,-2.984098380430905,1.2674941197201988,1.9989986225512233,-0.14020430590494634,-0.475189889341854,0.0,0.0,0.0,0.0
25.98000000000126,-2.984098380430905,1.2674941197201988,1.9989986225512233,-0.14020430590494634,-0.475189889341854,0.0,0.0,0.0,0.0
25.990000000001263,-2.9887238441710497,1.2512950728736298,1.998998682763688,-0.1321146848423418,-0.4776130793316226,0.0,0.0,0.0,0.0
26.000000000001265,-2.9887238441710497,1.2512950728736298,1.998998682763688,-0.1321146848423418,-0.4776130793316226,0.0,0.0,0.0,0.0
26.010000000001266,-2.9887238441710497,1.2512950728736298,1.998998682763688,-0.1321146848423418,-0.4776130793316226,0.0,0.0,0.0,0.0
26.020000000001268,-2.9929493702399976,1.2354968382868499,1.998998506192149,-0.12420884958826177,-0.47974893740259456,0.0,0.0,0.0,0.0
26.03000000000127,-2.9929493702399976,1.2354968382868499,1.998998506192149,-0.12420884958826177,-0.47974893740259456,0.0,0.0,0.0,0.0
26.04000000000127,-2.9929493702399976,1.2354968382868499,1.998998506192149,-0.12420884958826177,-0.47974893740259456,0.0,0.0,0.0,0.0
26.050000000001273,-2.9969105928586237,1.2196469227404068,1.9989990871530687,-0.1162822360110908,-0.4812824055767203,0.0,0.0,0.0,0.0
26.060000000001274,-2.9969105928586237,1.2196469227404068,1.9989990871530687,-0.1162822360110908,-0.4812824055767203,0.0,0.0,0.0,0.0
26.070000000001276,-2.9969105928586237,1.2196469227404068,1.9989990871530687,-0.1162822360110908,-0.4812824055767203,0.0,0.0,0.0,0.0
26.080000000001277,-2.9969105928586237,1.2196469227404068,1.9989990871530687,-0.1162822360110908,-0.4812824055767203,0.0,0.0,0.0,0.0
26.09000000000128,-3.0007246159678607,1.2032357368888682,1.99899856465796,-0.1082208434006242,-0.48364234788974136,0.0,0.0,0.0,0.0
26.10000000000128,-3.0007246159678607,1.2032357368888682,1.99899856465796,-0.1082208434006242,-0.48364234788974136,0.0,0.0,0.0,0.0
26.110000000001282,-3.0007246159678607,1.2032357368888682,1.99899856465796,-0.1082208434006242,-0.48364234788974136,0.0,0.0,0.0,0.0
26.120000000001284,-3.0041606570641406,1.1872461251036734,1.9989983805636478,-0.10025989962150278,-0.4853359401919305,0.0,0.0,0.0,0.0
26.130000000001285,-3.0041606570641406,1.1872461251036734,1.9989983805636478,-0.10025989962150278,-0.4853359401919305,0.0,0.0,0.0,0.0
26.140000000001287,-3.0041606570641406,1.1872461251036734,1.9989983805636478,-0.10025989962150278,-0.4853359401919305,0.0,0.0,0.0,0.0
26.150000000001288,-3.0073298795960124,1.1712128207815962,1.9989987453117994,-0.09215938458301816,-0.48686477694410957,0.0,0.0,0.0,0.0
26.16000000000129,-3.0073298795960124,1.1712128207815962,1.9989987453117994,-0.09215938458301816,-0.48686477694410957,0.0,0.0,0.0,0.0
26.17000000000129,-3.0073298795960124,1.1712128207815962,1.9989987453117994,-0.09215938458301816,-0.48686477694410957,0.0,0.0,0.0,0.0
26.180000000001293,-3.0073298795960124,1.1712128207815962,1.9989987453117994,-0.09215938458301816,-0.48686477694410957,0.0,0.0,0.0,0.0
26.190000000001294,-3.0103180831912146,1.154633362127353,1.9989985624387288,-0.0838497735527661,-0.4883561980699174,0.0,0.0,0.0,0.0
26.200000000001296,-3.0103180831912146,1.154633362127353,1.9989985624387288,-0.0838497735527661,-0.4883561980699174,0.0,0.0,0.0,0.0
26.210000000001298,-3.0103180831912146,1.154633362127353,1.9989985624387288,-0.0838497735527661,-0.4883561980699174,0.0,0.0,0.0,0.0
26.2200000000013,-3.0129476416575716,1.1384949407591287,1.998998398479198,-0.07574863649950085,-0.4895546403966765,0.0,0.0,0.0,0.0
26.2300000000013,-3.0129476416575716,1.1384949407591287,1.998998398479198,-0.07574863649950085,-0.4895546403966765,0.0,0.0,0.0,0.0
26.240000000001302,-3.0129476416575716,1.1384949407591287,1.998998398479198,-0.07574863649950085,-0.4895546403966765,0.0,0.0,0.0,0.0
26.250000000001304,-3.0153096920470936,1.1223318916359024,1.9989988504808327,-0.06779393864935272,-0.4908999787004886,0.0,0.0,0.0,0.0
26.260000000001305,-3.0153096920470936,1.1223318916359024,1.9989988504808327,-0.06779393864935272,-0.4908999787004886,0.0,0.0,0.0,0.0
26.270000000001307,-3.0153096920470936,1.1223318916359024,1.9989988504808327,-0.06779393864935272,-0.4908999787004886,0.0,0.0,0.0,0.0
26.28000000000131,-3.0153096920470936,1.1223318916359024,1.9989988504808327,-0.06779393864935272,-0.4908999787004886,0.0,0.0,0.0,0.0
26.29000000000131,-3.017468643384107,1.1056230375638938,1.9989987129123343,-0.05946157556749757,-0.49200097345884936,0.0,0.0,0.0,0.0
26.30000000000131,-3.017468643384107,1.1056230375638938,1.9989987129123343,-0.05946157556749757,-0.49200097345884936,0.0,0.0,0.0,0.0
26.310000000001313,-3.017468643384107,1.1056230375638938,1.9989987129123343,-0.05946157556749757,-0.49200097345884936,0.0,0.0,0.0,0.0
26.320000000001315,-3.0192934118432584,1.089369690141811,1.9989985331110396,-0.05137140248214199,-0.4929882944916914,0.0,0.0,0.0,0.0
26.330000000001316,-3.0192934118432584,1.089369690141811,1.9989985331110396,-0.05137140248214199,-0.4929882944916914,0.0,0.0,0.0,0.0
26.340000000001318,-3.0192934118432584,1.089369690141811,1.9989985331110396,-0.05137140248214199,-0.4929882944916914,0.0,0.0,0.0,0.0
26.35000000000132,-3.0208507050296656,1.0730879929647963,1.9989982820612788,-0.043254430269723615,-0.4936969410739117,0.0,0.0,0.0,0.0
26.36000000000132,-3.0208507050296656,1.0730879929647963,1.9989982820612788,-0.043254430269723615,-0.4936969410739117,0.0,0.0,0.0,0.0
26.370000000001323,-3.0208507050296656,1.0730879929647963,1.9989982820612788,-0.043254430269723615,-0.4936969410739117,0.0,0.0,0.0,0.0
26.380000000001324,-3.0208507050296656,1.0730879929647963,1.9989982820612788,-0.043254430269723615,-0.4936969410739117,0.0,0.0,0.0,0.0
26.390000000001326,-3.022172075758111,1.0562975689962317,1.9989982930203325,-0.03478050802900417,-0.4943182683389302,0.0,0.0,0.0,0.0
26.400000000001327,-3.022172075758111,1.0562975689962317,1.9989982930203325,-0.03478050802900417,-0.4943182683389302,0.0,0.0,0.0,0.0
26.41000000000133,-3.022172075758111,1.0562975689962317,1.9989982930203325,-0.03478050802900417,-0.4943182683389302,0.0,0.0,0.0,0.0
26.42000000000133,-3.023180339118142,1.03998213939778,1.9989982902724408,-0.026563960026782532,-0.49416523189011324,0.0,0.0,0.0,0.0
26.430000000001332,-3.023180339118142,1.03998213939778,1.9989982902724408,-0.026563960026782532,-0.49416523189011324,0.0,0.0,0.0,0.0
26.440000000001334,-3.023180339118142,1.03998213939778,1.9989982902724408,-0.026563960026782532,-0.49416523189011324,0.0,0.0,0.0,0.0
26.450000000001335,-3.0239209120630823,1.0236634138614829,1.9989986538109146,-0.018526153005917066,-0.49505428673109053,0.0,0.0,0.0,0.0
26.460000000001337,-3.0239209120630823,1.0236634138614829,1.9989986538109146,-0.018526153005917066,-0.49505428673109053,0.0,0.0,0.0,0.0
26.47000000000134,-3.0239209120630823,1.0236634138614829,1.9989986538109146,-0.018526153005917066,-0.49505428673109053,0.0,0.0,0.0,0.0
26.48000000000134,-3.0239209120630823,1.0236634138614829,1.9989986538109146,-0.018526153005917066,-0.49505428673109053,0.0,0.0,0.0,0.0
26.49000000000134,-3.0244039539789176,1.0068242032115469,1.998998775562537,-0.010129507492023722,-0.49543267709673244,0.0,0.0,0.0,0.0
26.500000000001343,-3.0244039539789176,1.0068242032115469,1.998998775562537,-0.010129507492023722,-0.49543267709673244,0.0,0.0,0.0,0.0
26.510000000001344,-3.0244039539789176,1.0068242032115469,1.998998775562537,-0.010129507492023722,-0.49543267709673244,0.0,0.0,0.0,0.0
26.520000000001346,-3.0245995600712696,0.9904709921128354,1.9989986725101803,-0.001970904137050701,-0.49565415630744303,0.0,0.0,0.0,0.0
26.530000000001348,-3.0245995600712696,0.9904709921128354,1.9989986725101803,-0.001970904137050701,-0.49565415630744303,0.0,0.0,0.0,0.0
26.54000000000135,-3.0245995600712696,0.9904709921128354,1.9989986725101803,-0.001970904137050701,-0.49565415630744303,0.0,0.0,0.0,0.0
26.55000000000135,-3.0245258949860427,0.9741137484709487,1.9989984253456845,0.006189496533938698,-0.4956784426902742,0.0,0.0,0.0,0.0
26.560000000001352,-3.0245258949860427,0.9741137484709487,1.9989984253456845,0.006189496533938698,-0.4956784426902742,0.0,0.0,0.0,0.0
26.570000000001354,-3.0245258949860427,0.9741137484709487,1.9989984253456845,0.006189496533938698,-0.4956784426902742,0.0,0.0,0.0,0.0
26.580000000001355,-3.0245258949860427,0.9741137484709487,1.9989984253456845,0.006189496533938698,-0.4956784426902742,0.0,0.0,0.0,0.0
26.590000000001357,-3.024168437492081,0.9572650019842992,1.9989980699939551,0.014596117702428817,-0.4952440955892661,0.0,0.0,0.0,0.0
26.60000000000136,-3.024168437492081,0.9572650019842992,1.9989980699939551,0.014596117702428817,-0.4952440955892661,0.0,0.0,0.0,0.0
26.61000000000136,-3.024168437492081,0.9572650019842992,1.9989980699939551,0.014596117702428817,-0.4952440955892661,0.0,0.0,0.0,0.0
26.62000000000136,-3.0235476621177044,0.9409419989087683,1.9989986579061538,0.02271907423727395,-0.49388080696399056,0.0,0.0,0.0,0.0
26.630000000001363,-3.0235476621177044,0.9409419989087683,1.9989986579061538,0.02271907423727395,-0.49388080696399056,0.0,0.0,0.0,0.0
26.640000000001365,-3.0235476621177044,0.9409419989087683,1.9989986579061538,0.02271907423727395,-0.49388080696399056,0.0,0.0,0.0,0.0
26.650000000001366,-3.0226598852226356,0.9246261863440823,1.9989987149342219,0.03086171465257743,-0.4944210872055568,0.0,0.0,0.0,0.0
26.660000000001368,-3.0226598852226356,0.9246261863440823,1.9989987149342219,0.03086171465257743,-0.4944210872055568,0.0,0.0,0.0,0.0
26.67000000000137,-3.0226598852226356,0.9246261863440823,1.9989987149342219,0.03086171465257743,-0.4944210872055568,0.0,0.0,0.0,0.0
26.68000000000137,-3.0226598852226356,0.9246261863440823,1.9989987149342219,0.03086171465257743,-0.4944210872055568,0.0,0.0,0.0,0.0
26.690000000001373,-3.0214635934260254,0.9078237680626019,1.9989987899492938,0.039266172008149226,-0.49393272914961794,0.0,0.0,0.0,0.0
26.700000000001374,-3.0214635934260254,0.9078237680626019,1.9989987899492938,0.039266172008149226,-0.49393272914961794,0.0,0.0,0.0,0.0
26.710000000001376,-3.0214635934260254,0.9078237680626019,1.9989987899492938,0.039266172008149226,-0.49393272914961794,0.0,0.0,0.0,0.0
26.720000000001377,-3.0200292741927894,0.8915339158600516,1.9989987420677167,0.04741710516642426,-0.49333333029708726,0.0,0.0,0.0,0.0
26.73000000000138,-3.0200292741927894,0.8915339158600516,1.9989987420677167,0.04741710516642426,-0.49333333029708726,0.0,0.0,0.0,0.0
26.74000000000138,-3.0200292741927894,0.8915339158600516,1.9989987420677167,0.04741710516642426,-0.49333333029708726,0.0,0.0,0.0,0.0
26.750000000001382,-3.0183261563588175,0.8752662417381702,1.9989985220518303,0.055557949979582646,-0.49261047996952234,0.0,0.0,0.0,0.0
26.760000000001384,-3.0183261563588175,0.8752662417381702,1.9989985220518303,0.055557949979582646,-0.49261047996952234,0.0,0.0,0.0,0.0
26.770000000001385,-3.0183261563588175,0.8752662417381702,1.9989985220518303,0.055557949979582646,-0.49261047996952234,0.0,0.0,0.0,0.0
26.780000000001387,-3.0183261563588175,0.8752662417381702,1.9989985220518303,0.055557949979582646,-0.49261047996952234,0.0,0.0,0.0,0.0
26.79000000000139,-3.0162920567673295,0.8585357466612983,1.9989981379223711,0.06357977156490319,-0.4915774799759896,0.0,0.0,0.0,0.0
26.80000000000139,-3.0162920567673295,0.8585357466612983,1.9989981379223711,0.06357977156490319,-0.4915774799759896,0.0,0.0,0.0,0.0
26.81000000000139,-3.0162920567673295,0.8585357466612983,1.9989981379223711,0.06357977156490319,-0.4915774799759896,0.0,0.0,0.0,0.0
26.820000000001393,-3.0141626327757,0.8423407540130838,1.9989989311464618,0.06573201573641045,-0.4897926840769656,0.0,0.0,0.0,0.0
26.830000000001395,-3.0141626327757,0.8423407540130838,1.9989989311464618,0.06573201573641045,-0.4897926840769656,0.0,0.0,0.0,0.0
26.840000000001396,-3.0141626327757,0.8423407540130838,1.9989989311464618,0.06573201573641045,-0.4897926840769656,0.0,0.0,0.0,0.0
26.850000000001398,-3.011813072763686,0.8261725804894017,1.998998645891105,0.07851480294873421,-0.48906293185717914,0.0,0.0,0.0,0.0
26.8600000000014,-3.011813072763686,0.8261725804894017,1.998998645891105,0.07851480294873421,-0.48906293185717914,0.0,0.0,0.0,0.0
26.8700000000014,-3.011813072763686,0.8261725804894017,1.998998645891105,0.07851480294873421,-0.48906293185717914,0.0,0.0,0.0,0.0
26.880000000001402,-3.011813072763686,0.8261725804894017,1.998998645891105,0.07851480294873421,-0.48906293185717914,0.0,0.0,0.0,0.0
26.890000000001404,-3.008944609363536,0.8095748802110437,1.9989987806924687,0.0884992099172157,-0.4874845345846816,0.0,0.0,0.0,0.0
26.900000000001405,-3.008944609363536,0.8095748802110437,1.9989987806924687,0.0884992099172157,-0.4874845345846816,0.0,0.0,0.0,0.0
26.910000000001407,-3.008944609363536,0.8095748802110437,1.9989987806924687,0.0884992099172157,-0.4874845345846816,0.0,0.0,0.0,0.0
26.92000000000141,-3.005887134455283,0.7935116005958683,1.998998780714383,0.09655707170762624,-0.4860689444946896,0.0,0.0,0.0,0.0
26.93000000000141,-3.005887134455283,0.7935116005958683,1.998998780714383,0.09655707170762624,-0.4860689444946896,0.0,0.0,0.0,0.0
26.94000000000141,-3.005887134455283,0.7935116005958683,1.998998780714383,0.09655707170762624,-0.4860689444946896,0.0,0.0,0.0,0.0
26.950000000001413,-3.0025641583283456,0.7774973702043307,1.9989986257068153,0.10459441216625802,-0.48453225816068307,0.0,0.0,0.0,0.0
26.960000000001415,-3.0025641583283456,0.7774973702043307,1.9989986257068153,0.10459441216625802,-0.48453225816068307,0.0,0.0,0.0,0.0
26.970000000001416,-3.0025641583283456,0.7774973702043307,1.9989986257068153,0.10459441216625802,-0.48453225816068307,0.0,0.0,0.0,0.0
26.980000000001418,-3.0025641583283456,0.7774973702043307,1.9989986257068153,0.10459441216625802,-0.48453225816068307,0.0,0.0,0.0,0.0
26.99000000000142,-2.9988640659945216,0.7610547418814914,1.998998278031053,0.11280187050284834,-0.48271253889072563,0.0,0.0,0.0,0.0
27.00000000000142,-2.9988640659945216,0.7610547418814914,1.998998278031053,0.11280187050284834,-0.48271253889072563,0.0,0.0,0.0,0.0
27.010000000001423,-2.9988640659945216,0.7610547418814914,1.998998278031053,0.11280187050284834,-0.48271253889072563,0.0,0.0,0.0,0.0
27.020000000001424,-2.995021589169647,0.7451632827711416,1.9989980293306284,0.11982718743308782,-0.4807557085547113,0.0,0.0,0.0,0.0
27.030000000001426,-2.995021589169647,0.7451632827711416,1.9989980293306284,0.11982718743308782,-0.4807557085547113,0.0,0.0,0.0,0.0
27.040000000001427,-2.995021589169647,0.7451632827711416,1.9989980293306284,0.11982718743308782,-0.4807557085547113,0.0,0.0,0.0,0.0
27.05000000000143,-2.990936651051689,0.7293577056567634,1.9989992362862863,0.1285276278827638,-0.4776762188222621,0.0,0.0,0.0,0.0
27.06000000000143,-2.990936651051689,0.7293577056567634,1.9989992362862863,0.1285276278827638,-0.4776762188222621,0.0,0.0,0.0,0.0
27.070000000001432,-2.990936651051689,0.7293577056567634,1.9989992362862863,0.1285276278827638,-0.4776762188222621,0.0,0.0,0.0,0.0
27.080000000001434,-2.990936651051689,0.7293577056567634,1.9989992362862863,0.1285276278827638,-0.4776762188222621,0.0,0.0,0.0,0.0
27.090000000001435,-2.98641899440072,0.7131337037682337,1.9989987018990645,0.13683241859622192,-0.47614948973655485,0.0,0.0,0.0,0.0
27.100000000001437,-2.98641899440072,0.7131337037682337,1.9989987018990645,0.13683241859622192,-0.47614948973655485,0.0,0.0,0.0,0.0
27.11000000000144,-2.98641899440072,0.7131337037682337,1.9989987018990645,0.13683241859622192,-0.47614948973655485,0.0,0.0,0.0,0.0
27.12000000000144,-2.981769454003248,0.6974582249560684,1.9989987746803257,0.14471571466988128,-0.47392701583388175,0.0,0.0,0.0,0.0
27.13000000000144,-2.981769454003248,0.6974582249560684,1.9989987746803257,0.14471571466988128,-0.47392701583388175,0.0,0.0,0.0,0.0
27.140000000001443,-2.981769454003248,0.6974582249560684,1.9989987746803257,0.14471571466988128,-0.47392701583388175,0.0,0.0,0.0,0.0
27.150000000001445,-2.9768604076231897,0.6818582868851265,1.9989986593365296,0.15256089515352672,-0.47157349825837674,0.0,0.0,0.0,0.0
27.160000000001446,-2.9768604076231897,0.6818582868851265,1.9989986593365296,0.15256089515352672,-0.47157349825837674,0.0,0.0,0.0,0.0
27.170000000001448,-2.9768604076231897,0.6818582868851265,1.9989986593365296,0.15256089515352672,-0.47157349825837674,0.0,0.0,0.0,0.0
27.18000000000145,-2.9768604076231897,0.6818582868851265,1.9989986593365296,0.15256089515352672,-0.47157349825837674,0.0,0.0,0.0,0.0
27.19000000000145,-2.971533409700418,0.6658711556774225,1.998998373009863,0.16051916746403352,-0.46879100664017376,0.0,0.0,0.0,0.0
27.200000000001452,-2.971533409700418,0.6658711556774225,1.998998373009863,0.16051916746403352,-0.46879100664017376,0.0,0.0,0.0,0.0
27.210000000001454,-2.971533409700418,0.6658711556774225,1.998998373009863,0.16051916746403352,-0.46879100664017376,0.0,0.0,0.0,0.0
27.220000000001455,-2.9661064685462932,0.6504483560022583,1.9989984183880225,0.16818429529131299,-0.4660995666014142,0.0,0.0,0.0,0.0
27.230000000001457,-2.9661064685462932,0.6504483560022583,1.9989984183880225,0.16818429529131299,-0.4660995666014142,0.0,0.0,0.0,0.0
27.24000000000146,-2.9661064685462932,0.6504483560022583,1.9989984183880225,0.16818429529131299,-0.4660995666014142,0.0,0.0,0.0,0.0
27.25000000000146,-2.960427060715021,0.6351158117625753,1.998998159495046,0.1756980345376255,-0.46298445907362584,0.0,0.0,0.0,0.0
27.26000000000146,-2.960427060715021,0.6351158117625753,1.998998159495046,0.1756980345376255,-0.46298445907362584,0.0,0.0,0.0,0.0
27.270000000001463,-2.960427060715021,0.6351158117625753,1.998998159495046,0.1756980345376255,-0.46298445907362584,0.0,0.0,0.0,0.0
27.280000000001465,-2.960427060715021,0.6351158117625753,1.998998159495046,0.1756980345376255,-0.46298445907362584,0.0,0.0,0.0,0.0
27.290000000001466,-2.9543180041622974,0.6194436393142844,1.9989988814897433,0.1838042615356391,-0.4601131688956733,0.0,0.0,0.0,0.0
27.300000000001468,-2.9543180041622974,0.6194436393142844,1.9989988814897433,0.1838042615356391,-0.4601131688956733,0.0,0.0,0.0,0.0
27.31000000000147,-2.9543180041622974,0.6194436393142844,1.9989988814897433,0.1838042615356391,-0.4601131688956733,0.0,0.0,0.0,0.0
27.32000000000147,-2.9481236101390547,0.6043124959751871,1.998998710322278,0.19139720304998015,-0.4570343252230567,0.0,0.0,0.0,0.0
27.330000000001473,-2.9481236101390547,0.6043124959751871,1.998998710322278,0.19139720304998015,-0.4570343252230567,0.0,0.0,0.0,0.0
27.340000000001474,-2.9481236101390547,0.6043124959751871,1.998998710322278,0.19139720304998015,-0.4570343252230567,0.0,0.0,0.0,0.0
27.350000000001476,-2.941678622327273,0.5892833396854671,1.9989986443463708,0.19896866884254613,-0.45388879502964063,0.0,0.0,0.0,0.0
27.360000000001477,-2.941678622327273,0.5892833396854671,1.9989986443463708,0.19896866884254613,-0.45388879502964063,0.0,0.0,0.0,0.0
27.37000000000148,-2.941678622327273,0.5892833396854671,1.9989986443463708,0.19896866884254613,-0.45388879502964063,0.0,0.0,0.0,0.0
27.38000000000148,-2.941678622327273,0.5892833396854671,1.9989986443463708,0.19896866884254613,-0.45388879502964063,0.0,0.0,0.0,0.0
27.390000000001482,-2.9347805359267314,0.5739147648394709,1.9989986075685366,0.20643752100524154,-0.44996376240898606,0.0,0.0,0.0,0.0
27.400000000001484,-2.9347805359267314,0.5739147648394709,1.9989986075685366,0.20643752100524154,-0.44996376240898606,0.0,0.0,0.0,0.0
27.410000000001485,-2.9347805359267314,0.5739147648394709,1.9989986075685366,0.20643752100524154,-0.44996376240898606,0.0,0.0,0.0,0.0
27.420000000001487,-2.9278374068168813,0.5591120812337992,1.9989986041200285,0.21401279515148613,-0.4469748547615921,0.0,0.0,0.0,0.0
27.43000000000149,-2.9278374068168813,0.5591120812337992,1.9989986041200285,0.21401279515148613,-0.4469748547615921,0.0,0.0,0.0,0.0
27.44000000000149,-2.9278374068168813,0.5591120812337992,1.9989986041200285,0.21401279515148613,-0.4469748547615921,0.0,0.0,0.0,0.0
27.45000000000149,-2.9206501806800347,0.5444217804955956,1.9989984406311756,0.22134283975714564,-0.44342524645476933,0.0,0.0,0.0,0.0
27.460000000001493,-2.9206501806800347,0.5444217804955956,1.9989984406311756,0.22134283975714564,-0.44342524645476933,0.0,0.0,0.0,0.0
27.470000000001495,-2.9206501806800347,0.5444217804955956,1.9989984406311756,0.22134283975714564,-0.44342524645476933,0.0,0.0,0.0,0.0
27.480000000001496,-2.9206501806800347,0.5444217804955956,1.9989984406311756,0.22134283975714564,-0.44342524645476933,0.0,0.0,0.0,0.0
27.490000000001498,-2.9129969958103303,0.5294189546419901,1.9989982603193541,0.2284362514249342,-0.43872175692973614,0.0,0.0,0.0,0.0
27.5000000000015,-2.9129969958103303,0.5294189546419901,1.9989982603193541,0.2284362514249342,-0.43872175692973614,0.0,0.0,0.0,0.0
27.5100000000015,-2.9129969958103303,0.5294189546419901,1.9989982603193541,0.2284362514249342,-0.43872175692973614,0.0,0.0,0.0,0.0
27.520000000001502,-2.9053284187339283,0.5149978899493465,1.9989984836096046,0.23615087444440105,-0.435595845147983,0.0,0.0,0.0,0.0
27.530000000001504,-2.9053284187339283,0.5149978899493465,1.9989984836096046,0.23615087444440105,-0.435595845147983,0.0,0.0,0.0,0.0
27.540000000001505,-2.9053284187339283,0.5149978899493465,1.9989984836096046,0.23615087444440105,-0.435595845147983,0.0,0.0,0.0,0.0
27.550000000001507,-2.897413054831868,0.5006902232925244,1.9989985618036725,0.24334666026386031,-0.43165853237356105,0.0,0.0,0.0,0.0
27.56000000000151,-2.897413054831868,0.5006902232925244,1.9989985618036725,0.24334666026386031,-0.43165853237356105,0.0,0.0,0.0,0.0
27.57000000000151,-2.897413054831868,0.5006902232925244,1.9989985618036725,0.24334666026386031,-0.43165853237356105,0.0,0.0,0.0,0.0
27.58000000000151,-2.897413054831868,0.5006902232925244,1.9989985618036725,0.24334666026386031,-0.43165853237356105,0.0,0.0,0.0,0.0
27.590000000001513,-2.8890155141909144,0.4860944561473932,1.9989990006532403,0.2505048112649091,-0.4272572118496216,0.0,0.0,0.0,0.0
27.600000000001515,-2.8890155141909144,0.4860944561473932,1.9989990006532403,0.2505048112649091,-0.4272572118496216,0.0,0.0,0.0,0.0
27.610000000001516,-2.8890155141909144,0.4860944561473932,1.9989990006532403,0.2505048112649091,-0.4272572118496216,0.0,0.0,0.0,0.0
27.620000000001518,-2.88062612516694,0.4720598167941193,1.9989987226500976,0.25762645890453795,-0.42327616665045514,0.0,0.0,0.0,0.0
27.63000000000152,-2.88062612516694,0.4720598167941193,1.9989987226500976,0.25762645890453795,-0.42327616665045514,0.0,0.0,0.0,0.0
27.64000000000152,-2.88062612516694,0.4720598167941193,1.9989987226500976,0.25762645890453795,-0.42327616665045514,0.0,0.0,0.0,0.0
27.650000000001523,-2.87200542653257,0.4581627320585529,1.9989986176572263,0.2646208383007676,-0.4190821552182838,0.0,0.0,0.0,0.0
27.660000000001524,-2.87200542653257,0.4581627320585529,1.9989986176572263,0.2646208383007676,-0.4190821552182838,0.0,0.0,0.0,0.0
27.670000000001526,-2.87200542653257,0.4581627320585529,1.9989986176572263,0.2646208383007676,-0.4190821552182838,0.0,0.0,0.0,0.0
27.680000000001527,-2.87200542653257,0.4581627320585529,1.9989986176572263,0.2646208383007676,-0.4190821552182838,0.0,0.0,0.0,0.0
27.69000000000153,-2.8628844963630837,0.4439931806603741,1.998998350096498,0.2716810194409915,-0.41453236002638794,0.0,0.0,0.0,0.0
27.70000000000153,-2.8628844963630837,0.4439931806603741,1.998998350096498,0.2716810194409915,-0.41453236002638794,0.0,0.0,0.0,0.0
27.710000000001532,-2.8628844963630837,0.4439931806603741,1.998998350096498,0.2716810194409915,-0.41453236002638794,0.0,0.0,0.0,0.0
27.720000000001534,-2.8538114338077696,0.4304039167945734,1.9989987652573262,0.2779136031942152,-0.4089636826250315,0.0,0.0,0.0,0.0
27.730000000001535,-2.8538114338077696,0.4304039167945734,1.9989987652573262,0.2779136031942152,-0.4089636826250315,0.0,0.0,0.0,0.0
27.740000000001537,-2.8538114338077696,0.4304039167945734,1.9989987652573262,0.2779136031942152,-0.4089636826250315,0.0,0.0,0.0,0.0
27.75000000000154,-2.8445098009915446,0.4169662364894506,1.998998407792409,0.28522493416618777,-0.4050709998470468,0.0,0.0,0.0,0.0
27.76000000000154,-2.8445098009915446,0.4169662364894506,1.998998407792409,0.28522493416618777,-0.4050709998470468,0.0,0.0,0.0,0.0
27.77000000000154,-2.8445098009915446,0.4169662364894506,1.998998407792409,0.28522493416618777,-0.4050709998470468,0.0,0.0,0.0,0.0
27.780000000001543,-2.8445098009915446,0.4169662364894506,1.998998407792409,0.28522493416618777,-0.4050709998470468,0.0,0.0,0.0,0.0
27.790000000001545,-2.8346973423999695,0.40328600952566196,1.998998654636721,0.29209319505129167,-0.40024750203079534,0.0,0.0,0.0,0.0
27.800000000001546,-2.8346973423999695,0.40328600952566196,1.998998654636721,0.29209319505129167,-0.40024750203079534,0.0,0.0,0.0,0.0
27.810000000001548,-2.8346973423999695,0.40328600952566196,1.998998654636721,0.29209319505129167,-0.40024750203079534,0.0,0.0,0.0,0.0
27.82000000000155,-2.8249478586405528,0.3901619672528185,1.9989987753161171,0.2986361038846907,-0.39536413767690015,0.0,0.0,0.0,0.0
27.83000000000155,-2.8249478586405528,0.3901619672528185,1.9989987753161171,0.2986361038846907,-0.39536413767690015,0.0,0.0,0.0,0.0
27.840000000001552,-2.8249478586405528,0.3901619672528185,1.9989987753161171,0.2986361038846907,-0.39536413767690015,0.0,0.0,0.0,0.0
27.850000000001554,-2.8149814544547516,0.37719768265097486,1.9989987345669502,0.30518042155268904,-0.39048117834291785,0.0,0.0,0.0,0.0
27.860000000001556,-2.8149814544547516,0.37719768265097486,1.9989987345669502,0.30518042155268904,-0.39048117834291785,0.0,0.0,0.0,0.0
27.870000000001557,-2.8149814544547516,0.37719768265097486,1.9989987345669502,0.30518042155268904,-0.39048117834291785,0.0,0.0,0.0,0.0
27.88000000000156,-2.8149814544547516,0.37719768265097486,1.9989987345669502,0.30518042155268904,-0.39048117834291785,0.0,0.0,0.0,0.0
27.89000000000156,-2.804488791639608,0.36401123913572164,1.998998513401115,0.3118307057945837,-0.3853310781299073,0.0,0.0,0.0,0.0
27.90000000000156,-2.804488791639608,0.36401123913572164,1.998998513401115,0.3118307057945837,-0.3853310781299073,0.0,0.0,0.0,0.0
27.910000000001563,-2.804488791639608,0.36401123913572164,1.998998513401115,0.3118307057945837,-0.3853310781299073,0.0,0.0,0.0,0.0
27.920000000001565,-2.794091549891993,0.3513839246852982,1.9989981480935395,0.3180819490368637,-0.38008613384075446,0.0,0.0,0.0,0.0
27.930000000001566,-2.794091549891993,0.3513839246852982,1.9989981480935395,0.3180819490368637,-0.38008613384075446,0.0,0.0,0.0,0.0
27.940000000001568,-2.794091549891993,0.3513839246852982,1.9989981480935395,0.3180819490368637,-0.38008613384075446,0.0,0.0,0.0,0.0
27.95000000000157,-2.783533345126062,0.3389211463626323,1.9989986857429607,0.3213974524490437,-0.37602062230299327,0.0,0.0,0.0,0.0
27.96000000000157,-2.783533345126062,0.3389211463626323,1.9989986857429607,0.3213974524490437,-0.37602062230299327,0.0,0.0,0.0,0.0
27.970000000001573,-2.783533345126062,0.3389211463626323,1.9989986857429607,0.3213974524490437,-0.37602062230299327,0.0,0.0,0.0,0.0
27.980000000001574,-2.783533345126062,0.3389211463626323,1.9989986857429607,0.3213974524490437,-0.37602062230299327,0.0,0.0,0.0,0.0
27.990000000001576,-2.7724661316854524,0.3262406519768234,1.9989985095208693,0.3304580874309596,-0.36893276987323376,0.0,0.0,0.0,0.0
28.000000000001577,-2.7724661316854524,0.3262406519768234,1.9989985095208693,0.3304580874309596,-0.36893276987323376,0.0,0.0,0.0,0.0
28.01000000000158,-2.7724661316854524,0.3262406519768234,1.9989985095208693,0.3304580874309596,-0.36893276987323376,0.0,0.0,0.0,0.0
28.02000000000158,-2.7614557650141274,0.31415677614436527,1.9989987741735473,0.3366017162304999,-0.3635350703673991,0.0,0.0,0.0,0.0
28.030000000001582,-2.7614557650141274,0.31415677614436527,1.9989987741735473,0.3366017162304999,-0.3635350703673991,0.0,0.0,0.0,0.0
28.040000000001584,-2.7614557650141274,0.31415677614436527,1.9989987741735473,0.3366017162304999,-0.3635350703673991,0.0,0.0,0.0,0.0
28.050000000001585,-2.7502451910486876,0.30225363845314684,1.9989987825234607,0.3426287607790183,-0.3580139904239716,0.0,0.0,0.0,0.0
28.060000000001587,-2.7502451910486876,0.30225363845314684,1.9989987825234607,0.3426287607790183,-0.3580139904239716,0.0,0.0,0.0,0.0
28.07000000000159,-2.7502451910486876,0.30225363845314684,1.9989987825234607,0.3426287607790183,-0.3580139904239716,0.0,0.0,0.0,0.0
28.08000000000159,-2.7502451910486876,0.30225363845314684,1.9989987825234607,0.3426287607790183,-0.3580139904239716,0.0,0.0,0.0,0.0
28.09000000000159,-2.7384886273911815,0.2901822692519811,1.9989986456734004,0.3487527416173098,-0.35223222408340316,0.0,0.0,0.0,0.0
28.100000000001593,-2.7384886273911815,0.2901822692519811,1.9989986456734004,0.3487527416173098,-0.35223222408340316,0.0,0.0,0.0,0.0
28.110000000001595,-2.7384886273911815,0.2901822692519811,1.9989986456734004,0.3487527416173098,-0.35223222408340316,0.0,0.0,0.0,0.0
28.120000000001596,-2.7268809805694874,0.2786562704984021,1.9989983008389183,0.3545428921763419,-0.34646340709785384,0.0,0.0,0.0,0.0
28.130000000001598,-2.7268809805694874,0.2786562704984021,1.9989983008389183,0.3545428921763419,-0.34646340709785384,0.0,0.0,0.0,0.0
28.1400000000016,-2.7268809805694874,0.2786562704984021,1.9989983008389183,0.3545428921763419,-0.34646340709785384,0.0,0.0,0.0,0.0
28.1500000000016,-2.7151045669453406,0.26731469055753365,1.9989980660360203,0.35788469702048153,-0.34161333710842157,0.0,0.0,0.0,0.0
28.160000000001602,-2.7151045669453406,0.26731469055753365,1.9989980660360203,0.35788469702048153,-0.34161333710842157,0.0,0.0,0.0,0.0
28.170000000001604,-2.7151045669453406,0.26731469055753365,1.9989980660360203,0.35788469702048153,-0.34161333710842157,0.0,0.0,0.0,0.0
28.180000000001606,-2.7151045669453406,0.26731469055753365,1.9989980660360203,0.35788469702048153,-0.34161333710842157,0.0,0.0,0.0,0.0
28.190000000001607,-2.7028552979859515,0.2557855688923388,1.9989987188675888,0.3644986075299624,-0.33559133274509395,0.0,0.0,0.0,0.0
28.20000000000161,-2.7028552979859515,0.2557855688923388,1.9989987188675888,0.3644986075299624,-0.33559133274509395,0.0,0.0,0.0,0.0
28.21000000000161,-2.7028552979859515,0.2557855688923388,1.9989987188675888,0.3644986075299624,-0.33559133274509395,0.0,0.0,0.0,0.0
28.220000000001612,-2.690697637536218,0.24485697460473946,1.9989987171217944,0.3711853378827337,-0.3280886092828795,0.0,0.0,0.0,0.0
28.230000000001613,-2.690697637536218,0.24485697460473946,1.9989987171217944,0.3711853378827337,-0.3280886092828795,0.0,0.0,0.0,0.0
28.240000000001615,-2.690697637536218,0.24485697460473946,1.9989987171217944,0.3711853378827337,-0.3280886092828795,0.0,0.0,0.0,0.0
28.250000000001616,-2.6783554816398425,0.23413341708121926,1.9989987827217461,0.3766362851034127,-0.321986289837744,0.0,0.0,0.0,0.0
28.260000000001618,-2.6783554816398425,0.23413341708121926,1.9989987827217461,0.3766362851034127,-0.321986289837744,0.0,0.0,0.0,0.0
28.27000000000162,-2.6783554816398425,0.23413341708121926,1.9989987827217461,0.3766362851034127,-0.321986289837744,0.0,0.0,0.0,0.0
28.28000000000162,-2.6783554816398425,0.23413341708121926,1.9989987827217461,0.3766362851034127,-0.321986289837744,0.0,0.0,0.0,0.0
28.290000000001623,-2.6654531461263926,0.22329725567518866,1.9989986947976919,0.3821564325654034,-0.31561375160636107,0.0,0.0,0.0,0.0
28.300000000001624,-2.6654531461263926,0.22329725567518866,1.9989986947976919,0.3821564325654034,-0.31561375160636107,0.0,0.0,0.0,0.0
28.310000000001626,-2.6654531461263926,0.22329725567518866,1.9989986947976919,0.3821564325654034,-0.31561375160636107,0.0,0.0,0.0,0.0
28.320000000001627,-2.6527533804962156,0.21298921175125213,1.9989984199670467,0.3873548837890626,-0.30929835710989395,0.0,0.0,0.0,0.0
28.33000000000163,-2.6527533804962156,0.21298921175125213,1.9989984199670467,0.3873548837890626,-0.30929835710989395,0.0,0.0,0.0,0.0
28.34000000000163,-2.6527533804962156,0.21298921175125213,1.9989984199670467,0.3873548837890626,-0.30929835710989395,0.0,0.0,0.0,0.0
28.350000000001632,-2.639895393885726,0.20289880219306114,1.9989986938069229,0.39184773946756396,-0.30253137674369207,0.0,0.0,0.0,0.0
28.360000000001634,-2.639895393885726,0.20289880219306114,1.9989986938069229,0.39184773946756396,-0.30253137674369207,0.0,0.0,0.0,0.0
28.370000000001635,-2.639895393885726,0.20289880219306114,1.9989986938069229,0.39184773946756396,-0.30253137674369207,0.0,0.0,0.0,0.0
28.380000000001637,-2.639895393885726,0.20289880219306114,1.9989986938069229,0.39184773946756396,-0.30253137674369207,0.0,0.0,0.0,0.0
28.39000000000164,-2.6264746979126685,0.19272155214264614,1.9989982084761673,0.39683594912618464,-0.29579250394829165,0.0,0.0,0.0,0.0
28.40000000000164,-2.6264746979126685,0.19272155214264614,1.9989982084761673,0.39683594912618464,-0.29579250394829165,0.0,0.0,0.0,0.0
28.41000000000164,-2.6264746979126685,0.19272155214264614,1.9989982084761673,0.39683594912618464,-0.29579250394829165,0.0,0.0,0.0,0.0
28.420000000001643,-2.6132919756128383,0.18307101781145022,1.9989984844053725,0.4020215996767717,-0.2893846482278619,0.0,0.0,0.0,0.0
28.430000000001645,-2.6132919756128383,0.18307101781145022,1.9989984844053725,0.4020215996767717,-0.2893846482278619,0.0,0.0,0.0,0.0
28.440000000001646,-2.6132919756128383,0.18307101781145022,1.9989984844053725,0.4020215996767717,-0.2893846482278619,0.0,0.0,0.0,0.0
28.450000000001648,-2.5999425261853535,0.17363330327778162,1.998998731290733,0.4068566601704856,-0.2827729187920175,0.0,0.0,0.0,0.0
28.46000000000165,-2.5999425261853535,0.17363330327778162,1.998998731290733,0.4068566601704856,-0.2827729187920175,0.0,0.0,0.0,0.0
28.47000000000165,-2.5999425261853535,0.17363330327778162,1.998998731290733,0.4068566601704856,-0.2827729187920175,0.0,0.0,0.0,0.0
28.480000000001652,-2.5999425261853535,0.17363330327778162,1.998998731290733,0.4068566601704856,-0.2827729187920175,0.0,0.0,0.0,0.0
28.490000000001654,-2.586024136480456,0.16413958195786252,1.9989986901383763,0.41171369721539036,-0.27587266709456765,0.0,0.0,0.0,0.0
28.500000000001656,-2.586024136480456,0.16413958195786252,1.9989986901383763,0.41171369721539036,-0.27587266709456765,0.0,0.0,0.0,0.0
28.510000000001657,-2.586024136480456,0.16413958195786252,1.9989986901383763,0.41171369721539036,-0.27587266709456765,0.0,0.0,0.0,0.0
28.52000000000166,-2.5723605828955765,0.1551517748675241,1.9989984450097347,0.4161957216201084,-0.2690248696814542,0.0,0.0,0.0,0.0
28.53000000000166,-2.5723605828955765,0.1551517748675241,1.9989984450097347,0.4161957216201084,-0.2690248696814542,0.0,0.0,0.0,0.0
28.540000000001662,-2.5723605828955765,0.1551517748675241,1.9989984450097347,0.4161957216201084,-0.2690248696814542,0.0,0.0,0.0,0.0
28.550000000001663,-2.558563513819239,0.14639728999471344,1.9989988135733667,0.4205345662762734,-0.2622164736365048,0.0,0.0,0.0,0.0
28.560000000001665,-2.558563513819239,0.14639728999471344,1.9989988135733667,0.4205345662762734,-0.2622164736365048,0.0,0.0,0.0,0.0
28.570000000001667,-2.558563513819239,0.14639728999471344,1.9989988135733667,0.4205345662762734,-0.2622164736365048,0.0,0.0,0.0,0.0
28.580000000001668,-2.558563513819239,0.14639728999471344,1.9989988135733667,0.4205345662762734,-0.2622164736365048,0.0,0.0,0.0,0.0
28.59000000000167,-2.54418848303221,0.13760708123978235,1.998998419691326,0.4248965947854434,-0.2550519975018915,0.0,0.0,0.0,0.0
28.60000000000167,-2.54418848303221,0.13760708123978235,1.998998419691326,0.4248965947854434,-0.2550519975018915,0.0,0.0,0.0,0.0
28.610000000001673,-2.54418848303221,0.13760708123978235,1.998998419691326,0.4248965947854434,-0.2550519975018915,0.0,0.0,0.0,0.0
28.620000000001674,-2.5301046014853745,0.1293149350785609,1.998998585168836,0.42826106413440446,-0.24749148310989263,0.0,0.0,0.0,0.0
28.630000000001676,-2.5301046014853745,0.1293149350785609,1.998998585168836,0.42826106413440446,-0.24749148310989263,0.0,0.0,0.0,0.0
28.640000000001677,-2.5301046014853745,0.1293149350785609,1.998998585168836,0.42826106413440446,-0.24749148310989263,0.0,0.0,0.0,0.0
28.65000000000168,-2.5158837547823163,0.12125813041491801,1.9989986461546454,0.4330007146502755,-0.24075531347465218,0.0,0.0,0.0,0.0
28.66000000000168,-2.5158837547823163,0.12125813041491801,1.9989986461546454,0.4330007146502755,-0.24075531347465218,0.0,0.0,0.0,0.0
28.670000000001682,-2.5158837547823163,0.12125813041491801,1.9989986461546454,0.4330007146502755,-0.24075531347465218,0.0,0.0,0.0,0.0
28.680000000001684,-2.5158837547823163,0.12125813041491801,1.9989986461546454,0.4330007146502755,-0.24075531347465218,0.0,0.0,0.0,0.0
28.690000000001685,-2.501088633703535,0.11320096748228248,1.9989986297426077,0.4371398088897302,-0.23339031904618177,0.0,0.0,0.0,0.0
28.700000000001687,-2.501088633703535,0.11320096748228248,1.9989986297426077,0.4371398088897302,-0.23339031904618177,0.0,0.0,0.0,0.0
28.71000000000169,-2.501088633703535,0.11320096748228248,1.9989986297426077,0.4371398088897302,-0.23339031904618177,0.0,0.0,0.0,0.0
28.72000000000169,-2.486599242323772,0.10562284529035325,1.9989983819689952,0.4406885002479444,-0.2260040462024467,0.0,0.0,0.0,0.0
28.73000000000169,-2.486599242323772,0.10562284529035325,1.9989983819689952,0.4406885002479444,-0.2260040462024467,0.0,0.0,0.0,0.0
28.740000000001693,-2.486599242323772,0.10562284529035325,1.9989983819689952,0.4406885002479444,-0.2260040462024467,0.0,0.0,0.0,0.0
28.750000000001695,-2.471999147299953,0.09828897824329473,1.998998602773363,0.444553765457641,-0.21891539107493424,0.0,0.0,0.0,0.0
28.760000000001696,-2.471999147299953,0.09828897824329473,1.998998602773363,0.444553765457641,-0.21891539107493424,0.0,0.0,0.0,0.0
28.770000000001698,-2.471999147299953,0.09828897824329473,1.998998602773363,0.444553765457641,-0.21891539107493424,0.0,0.0,0.0,0.0
28.7800000000017,-2.471999147299953,0.09828897824329473,1.998998602773363,0.444553765457641,-0.21891539107493424,0.0,0.0,0.0,0.0
28.7900000000017,-2.456819276660421,0.09097749486285968,1.9989985925950067,0.4482767273626205,-0.21139504969855494,0.0,0.0,0.0,0.0
28.800000000001702,-2.456819276660421,0.09097749486285968,1.9989985925950067,0.4482767273626205,-0.21139504969855494,0.0,0.0,0.0,0.0
28.810000000001704,-2.456819276660421,0.09097749486285968,1.9989985925950067,0.4482767273626205,-0.21139504969855494,0.0,0.0,0.0,0.0
28.820000000001706,-2.441967998893705,0.08412715673392042,1.998998372950202,0.4516709958775854,-0.20399157370004933,0.0,0.0,0.0,0.0
28.830000000001707,-2.441967998893705,0.08412715673392042,1.998998372950202,0.4516709958775854,-0.20399157370004933,0.0,0.0,0.0,0.0
28.84000000000171,-2.441967998893705,0.08412715673392042,1.998998372950202,0.4516709958775854,-0.20399157370004933,0.0,0.0,0.0,0.0
28.85000000000171,-2.4270182144736325,0.0775287354158708,1.998998913186218,0.4545930656077331,-0.19624520251652816,0.0,0.0,0.0,0.0
28.860000000001712,-2.4270182144736325,0.0775287354158708,1.998998913186218,0.4545930656077331,-0.19624520251652816,0.0,0.0,0.0,0.0
28.870000000001713,-2.4270182144736325,0.0775287354158708,1.998998913186218,0.4545930656077331,-0.19624520251652816,0.0,0.0,0.0,0.0
28.880000000001715,-2.4270182144736325,0.0775287354158708,1.998998913186218,0.4545930656077331,-0.19624520251652816,0.0,0.0,0.0,0.0
28.890000000001717,-2.4114932082220735,0.07098725569399587,1.9989984821940698,0.4581930457597612,-0.18860704539232165,0.0,0.0,0.0,0.0
28.900000000001718,-2.4114932082220735,0.07098725569399587,1.9989984821940698,0.4581930457597612,-0.18860704539232165,0.0,0.0,0.0,0.0
28.91000000000172,-2.4114932082220735,0.07098725569399587,1.9989984821940698,0.4581930457597612,-0.18860704539232165,0.0,0.0,0.0,0.0
28.92000000000172,-2.3963265913256753,0.06489454690337182,1.9989985356350237,0.46044044055469063,-0.18071545909382733,0.0,0.0,0.0,0.0
28.930000000001723,-2.3963265913256753,0.06489454690337182,1.9989985356350237,0.46044044055469063,-0.18071545909382733,0.0,0.0,0.0,0.0
28.940000000001724,-2.3963265913256753,0.06489454690337182,1.9989985356350237,0.46044044055469063,-0.18071545909382733,0.0,0.0,0.0,0.0
28.950000000001726,-2.3810665301264042,0.05905220468718547,1.9989987618957619,0.46409072800715157,-0.17345560435805835,0.0,0.0,0.0,0.0
28.960000000001727,-2.3810665301264042,0.05905220468718547,1.9989987618957619,0.46409072800715157,-0.17345560435805835,0.0,0.0,0.0,0.0
28.97000000000173,-2.3810665301264042,0.05905220468718547,1.9989987618957619,0.46409072800715157,-0.17345560435805835,0.0,0.0,0.0,0.0
28.98000000000173,-2.3810665301264042,0.05905220468718547,1.9989987618957619,0.46409072800715157,-0.17345560435805835,0.0,0.0,0.0,0.0
28.990000000001732,-2.3652342253756475,0.053291755118815495,1.9989987262488091,0.4670959801457522,-0.1656082760001712,0.0,0.0,0.0,0.0
29.000000000001734,-2.3652342253756475,0.053291755118815495,1.9989987262488091,0.4670959801457522,-0.1656082760001712,0.0,0.0,0.0,0.0
29.010000000001735,-2.3652342253756475,0.053291755118815495,1.9989987262488091,0.4670959801457522,-0.1656082760001712,0.0,0.0,0.0,0.0
29.020000000001737,-2.34977297962428,0.0479570847474946,1.998998529220992,0.4698405075518733,-0.15792851323419907,0.0,0.0,0.0,0.0
29.03000000000174,-2.34977297962428,0.0479570847474946,1.998998529220992,0.4698405075518733,-0.15792851323419907,0.0,0.0,0.0,0.0
29.04000000000174,-2.34977297962428,0.0479570847474946,1.998998529220992,0.4698405075518733,-0.15792851323419907,0.0,0.0,0.0,0.0
29.05000000000174,-2.334225440972954,0.0428773569070996,1.9989982406103672,0.47231104375354954,-0.15015569388143649,0.0,0.0,0.0,0.0
29.060000000001743,-2.334225440972954,0.0428773569070996,1.9989982406103672,0.47231104375354954,-0.15015569388143649,0.0,0.0,0.0,0.0
29.070000000001745,-2.334225440972954,0.0428773569070996,1.9989982406103672,0.47231104375354954,-0.15015569388143649,0.0,0.0,0.0,0.0
29.080000000001746,-2.334225440972954,0.0428773569070996,1.9989982406103672,0.47231104375354954,-0.15015569388143649,0.0,0.0,0.0,0.0
29.090000000001748,-2.318132902864219,0.03791779017104649,1.9989982732905074,0.4749022655258502,-0.142049832555082,0.0,0.0,0.0,0.0
29.10000000000175,-2.318132902864219,0.03791779017104649,1.9989982732905074,0.4749022655258502,-0.142049832555082,0.0,0.0,0.0,0.0
29.11000000000175,-2.318132902864219,0.03791779017104649,1.9989982732905074,0.4749022655258502,-0.142049832555082,0.0,0.0,0.0,0.0
29.120000000001752,-2.3024415845260884,0.03336908899061503,1.998998991861634,0.4761906796945166,-0.13395093517707884,0.0,0.0,0.0,0.0
29.130000000001754,-2.3024415845260884,0.03336908899061503,1.998998991861634,0.4761906796945166,-0.13395093517707884,0.0,0.0,0.0,0.0
29.140000000001756,-2.3024415845260884,0.03336908899061503,1.998998991861634,0.4761906796945166,-0.13395093517707884,0.0,0.0,0.0,0.0
29.150000000001757,-2.2866703040955696,0.02907572447826444,1.998998745291762,0.47905951639194894,-0.1263111189271373,0.0,0.0,0.0,0.0
29.16000000000176,-2.2866703040955696,0.02907572447826444,1.998998745291762,0.47905951639194894,-0.1263111189271373,0.0,0.0,0.0,0.0
29.17000000000176,-2.2866703040955696,0.02907572447826444,1.998998745291762,0.47905951639194894,-0.1263111189271373,0.0,0.0,0.0,0.0
29.180000000001762,-2.2866703040955696,0.02907572447826444,1.998998745291762,0.47905951639194894,-0.1263111189271373,0.0,0.0,0.0,0.0
29.190000000001763,-2.270343695224791,0.024923194717945674,1.9989987809512333,0.48124141867272047,-0.11818590919069617,0.0,0.0,0.0,0.0
29.200000000001765,-2.270343695224791,0.024923194717945674,1.9989987809512333,0.48124141867272047,-0.11818590919069617,0.0,0.0,0.0,0.0
29.210000000001767,-2.270343695224791,0.024923194717945674,1.9989987809512333,0.48124141867272047,-0.11818590919069617,0.0,0.0,0.0,0.0
29.220000000001768,-2.254428610835393,0.02115760577403148,1.9989986683293075,0.48324197731224094,-0.11026806639174373,0.0,0.0,0.0,0.0
29.23000000000177,-2.254428610835393,0.02115760577403148,1.9989986683293075,0.48324197731224094,-0.11026806639174373,0.0,0.0,0.0,0.0
29.24000000000177,-2.254428610835393,0.02115760577403148,1.9989986683293075,0.48324197731224094,-0.11026806639174373,0.0,0.0,0.0,0.0
29.250000000001773,-2.238450441463437,0.01765399624790114,1.998998378900969,0.4850593184077223,-0.10230776463096908,0.0,0.0,0.0,0.0
29.260000000001774,-2.238450441463437,0.01765399624790114,1.998998378900969,0.4850593184077223,-0.10230776463096908,0.0,0.0,0.0,0.0
29.270000000001776,-2.238450441463437,0.01765399624790114,1.998998378900969,0.4850593184077223,-0.10230776463096908,0.0,0.0,0.0,0.0
29.280000000001777,-2.2219327748036193,0.01431590981913921,1.998997935730942,0.4862265815481501,-0.09489418822541316,0.0,0.0,0.0,0.0
29.29000000000178,-2.2219327748036193,0.01431590981913921,1.998997935730942,0.4862265815481501,-0.09489418822541316,0.0,0.0,0.0,0.0
29.30000000000178,-2.2219327748036193,0.01431590981913921,1.998997935730942,0.4862265815481501,-0.09489418822541316,0.0,0.0,0.0,0.0
29.310000000001782,-2.2219327748036193,0.01431590981913921,1.998997935730942,0.4862265815481501,-0.09489418822541316,0.0,0.0,0.0,0.0
29.320000000001784,-2.2058879489876593,0.011294610983934715,1.9989988550466407,0.487508348795486,-0.08668340740591676,0.0,0.0,0.0,0.0
29.330000000001785,-2.2058879489876593,0.011294610983934715,1.9989988550466407,0.487508348795486,-0.08668340740591676,0.0,0.0,0.0,0.0
29.340000000001787,-2.2058879489876593,0.011294610983934715,1.9989988550466407,0.487508348795486,-0.08668340740591676,0.0,0.0,0.0,0.0
29.35000000000179,-2.189765846148766,0.008592656236252437,1.998998699312307,0.4892180976823804,-0.07794068438792734,0.0,0.0,0.0,0.0
29.36000000000179,-2.189765846148766,0.008592656236252437,1.998998699312307,0.4892180976823804,-0.07794068438792734,0.0,0.0,0.0,0.0
29.37000000000179,-2.189765846148766,0.008592656236252437,1.998998699312307,0.4892180976823804,-0.07794068438792734,0.0,0.0,0.0,0.0
29.380000000001793,-2.189765846148766,0.008592656236252437,1.998998699312307,0.4892180976823804,-0.07794068438792734,0.0,0.0,0.0,0.0
29.390000000001795,-2.1731078764877365,0.006087966364850052,1.9989987878527615,0.49058474289544385,-0.0696305639415743,0.0,0.0,0.0,0.0
29.400000000001796,-2.1731078764877365,0.006087966364850052,1.9989987878527615,0.49058474289544385,-0.0696305639415743,0.0,0.0,0.0,0.0
29.410000000001798,-2.1731078764877365,0.006087966364850052,1.9989987878527615,0.49058474289544385,-0.0696305639415743,0.0,0.0,0.0,0.0
29.4200000000018,-2.156897999457205,0.003927572370390008,1.998998732733341,0.4917831861929795,-0.06154358497150444,0.0,0.0,0.0,0.0
29.4300000000018,-2.156897999457205,0.003927572370390008,1.998998732733341,0.4917831861929795,-0.06154358497150444,0.0,0.0,0.0,0.0
29.440000000001803,-2.156897999457205,0.003927572370390008,1.998998732733341,0.4917831861929795,-0.06154358497150444,0.0,0.0,0.0,0.0
29.450000000001804,-2.140651018046843,0.0020344008949144407,1.9989984988195848,0.4928434510657344,-0.05343620074637396,0.0,0.0,0.0,0.0
29.460000000001806,-2.140651018046843,0.0020344008949144407,1.9989984988195848,0.4928434510657344,-0.05343620074637396,0.0,0.0,0.0,0.0
29.470000000001807,-2.140651018046843,0.0020344008949144407,1.9989984988195848,0.4928434510657344,-0.05343620074637396,0.0,0.0,0.0,0.0
29.48000000000181,-2.140651018046843,0.0020344008949144407,1.9989984988195848,0.4928434510657344,-0.05343620074637396,0.0,0.0,0.0,0.0
29.49000000000181,-2.123881942257106,0.00036409587174992283,1.9989980523979027,0.4933374648268435,-0.045117575639195086,0.0,0.0,0.0,0.0
29.500000000001812,-2.123881942257106,0.00036409587174992283,1.9989980523979027,0.4933374648268435,-0.045117575639195086,0.0,0.0,0.0,0.0
29.510000000001813,-2.123881942257106,0.00036409587174992283,1.9989980523979027,0.4933374648268435,-0.045117575639195086,0.0,0.0,0.0,0.0
29.520000000001815,-2.10760641073453,-0.0010104001050868703,1.9989982793338474,0.4935392885432769,-0.037784082802956295,0.0,0.0,0.0,0.0
29.530000000001817,-2.10760641073453,-0.0010104001050868703,1.9989982793338474,0.4935392885432769,-0.037784082802956295,0.0,0.0,0.0,0.0
29.540000000001818,-2.10760641073453,-0.0010104001050868703,1.9989982793338474,0.4935392885432769,-0.037784082802956295,0.0,0.0,0.0,0.0
29.55000000000182,-2.0912984685296747,-0.0020943424412364067,1.998998623612256,0.49450396892084475,-0.028815717301378344,0.0,0.0,0.0,0.0
29.56000000000182,-2.0912984685296747,-0.0020943424412364067,1.998998623612256,0.49450396892084475,-0.028815717301378344,0.0,0.0,0.0,0.0
29.570000000001823,-2.0912984685296747,-0.0020943424412364067,1.998998623612256,0.49450396892084475,-0.028815717301378344,0.0,0.0,0.0,0.0
29.580000000001824,-2.0912984685296747,-0.0020943424412364067,1.998998623612256,0.49450396892084475,-0.028815717301378344,0.0,0.0,0.0,0.0
29.590000000001826,-2.0744749424143323,-0.0029269364235954796,1.998998744968055,0.4950434091259037,-0.020402644279908823,0.0,0.0,0.0,0.0
29.600000000001828,-2.0744749424143323,-0.0029269364235954796,1.998998744968055,0.4950434091259037,-0.020402644279908823,0.0,0.0,0.0,0.0
29.61000000000183,-2.0744749424143323,-0.0029269364235954796,1.998998744968055,0.4950434091259037,-0.020402644279908823,0.0,0.0,0.0,0.0
29.62000000000183,-2.0581316418879747,-0.003461299559627986,1.9989987406824365,0.49542894813400745,-0.01222814174449936,0.0,0.0,0.0,0.0
29.630000000001832,-2.0581316418879747,-0.003461299559627986,1.9989987406824365,0.49542894813400745,-0.01222814174449936,0.0,0.0,0.0,0.0
29.640000000001834,-2.0581316418879747,-0.003461299559627986,1.9989987406824365,0.49542894813400745,-0.01222814174449936,0.0,0.0,0.0,0.0
29.650000000001835,-2.041778349016471,-0.00372577493710041,1.9989985639499865,0.4956531531251988,-0.004045113551845563,0.0,0.0,0.0,0.0
29.660000000001837,-2.041778349016471,-0.00372577493710041,1.9989985639499865,0.4956531531251988,-0.004045113551845563,0.0,0.0,0.0,0.0
29.67000000000184,-2.041778349016471,-0.00372577493710041,1.9989985639499865,0.4956531531251988,-0.004045113551845563,0.0,0.0,0.0,0.0
29.68000000000184,-2.041778349016471,-0.00372577493710041,1.9989985639499865,0.4956531531251988,-0.004045113551845563,0.0,0.0,0.0,0.0
29.69000000000184,-2.0249320516132365,-0.003716242152907649,1.9989983460146024,0.49482384848287764,0.004338493366221916,0.0,0.0,0.0,0.0
29.700000000001843,-2.0249320516132365,-0.003716242152907649,1.9989983460146024,0.49482384848287764,0.004338493366221916,0.0,0.0,0.0,0.0
29.710000000001845,-2.0249320516132365,-0.003716242152907649,1.9989983460146024,0.49482384848287764,0.004338493366221916,0.0,0.0,0.0,0.0
29.720000000001846,-2.008591000260805,-0.0034368022979524657,1.9989984331668176,0.49540825187592025,0.012395532666550562,0.0,0.0,0.0,0.0
29.730000000001848,-2.008591000260805,-0.0034368022979524657,1.9989984331668176,0.49540825187592025,0.012395532666550562,0.0,0.0,0.0,0.0
29.74000000000185,-2.008591000260805,-0.0034368022979524657,1.9989984331668176,0.49540825187592025,0.012395532666550562,0.0,0.0,0.0,0.0
29.75000000000185,-1.992252359902907,-0.0028892520927597636,1.9989985909631076,0.49466178345683054,0.020568827148872464,0.0,0.0,0.0,0.0
29.760000000001853,-1.992252359902907,-0.0028892520927597636,1.9989985909631076,0.49466178345683054,0.020568827148872464,0.0,0.0,0.0,0.0
29.770000000001854,-1.992252359902907,-0.0028892520927597636,1.9989985909631076,0.49466178345683054,0.020568827148872464,0.0,0.0,0.0,0.0
29.780000000001856,-1.992252359902907,-0.0028892520927597636,1.9989985909631076,0.49466178345683054,0.020568827148872464,0.0,0.0,0.0,0.0
29.790000000001857,-1.9754306146840177,-0.0020423402699471893,1.9989986222413436,0.49458204636964254,0.028997338135813264,0.0,0.0,0.0,0.0
29.80000000000186,-1.9754306146840177,-0.0020423402699471893,1.9989986222413436,0.49458204636964254,0.028997338135813264,0.0,0.0,0.0,0.0
29.81000000000186,-1.9754306146840177,-0.0020423402699471893,1.9989986222413436,0.49458204636964254,0.028997338135813264,0.0,0.0,0.0,0.0
29.820000000001862,-1.9591165346554213,-0.0009463835570997497,1.9989987552356139,0.49414856254877787,0.03718134643777297,0.0,0.0,0.0,0.0
29.830000000001863,-1.9591165346554213,-0.0009463835570997497,1.9989987552356139,0.49414856254877787,0.03718134643777297,0.0,0.0,0.0,0.0
29.840000000001865,-1.9591165346554213,-0.0009463835570997497,1.9989987552356139,0.49414856254877787,0.03718134643777297,0.0,0.0,0.0,0.0
29.850000000001867,-1.9428193471051307,0.0004195444747245062,1.998998640368004,0.4935571019859163,0.04535352963213006,0.0,0.0,0.0,0.0
29.860000000001868,-1.9428193471051307,0.0004195444747245062,1.998998640368004,0.4935571019859163,0.04535352963213006,0.0,0.0,0.0,0.0
29.87000000000187,-1.9428193471051307,0.0004195444747245062,1.998998640368004,0.4935571019859163,0.04535352963213006,0.0,0.0,0.0,0.0
29.88000000000187,-1.9428193471051307,0.0004195444747245062,1.998998640368004,0.4935571019859163,0.04535352963213006,0.0,0.0,0.0,0.0
29.890000000001873,-1.9260549915330167,0.0021082473678659527,1.9989985690720087,0.4923542409324749,0.05371275424264337,0.0,0.0,0.0,0.0
29.900000000001874,-1.9260549915330167,0.0021082473678659527,1.9989985690720087,0.4923542409324749,0.05371275424264337,0.0,0.0,0.0,0.0
29.910000000001876,-1.9260549915330167,0.0021082473678659527,1.9989985690720087,0.4923542409324749,0.05371275424264337,0.0,0.0,0.0,0.0
29.920000000001878,-1.9098146514205265,0.0040187927584810195,1.99899846218506,0.49170853644417395,0.06181763758631238,0.0,0.0,0.0,0.0
29.93000000000188,-1.9098146514205265,0.0040187927584810195,1.99899846218506,0.49170853644417395,0.06181763758631238,0.0,0.0,0.0,0.0
29.94000000000188,-1.9098146514205265,0.0040187927584810195,1.99899846218506,0.49170853644417395,0.06181763758631238,0.0,0.0,0.0,0.0
29.950000000001882,-1.8936076586196617,0.006195673394069366,1.9989982188326623,0.4904440276226001,0.06984919672755098,0.0,0.0,0.0,0.0
29.960000000001884,-1.8936076586196617,0.006195673394069366,1.9989982188326623,0.4904440276226001,0.06984919672755098,0.0,0.0,0.0,0.0
29.970000000001885,-1.8936076586196617,0.006195673394069366,1.9989982188326623,0.4904440276226001,0.06984919672755098,0.0,0.0,0.0,0.0
29.980000000001887,-1.8936076586196617,0.006195673394069366,1.9989982188326623,0.4904440276226001,0.06984919672755098,0.0,0.0,0.0,0.0
29.99000000000189,-1.8769777632832596,0.008716103336641174,1.9989992067937195,0.4889029660464243,0.07833073089936146,0.0,0.0,0.0,0.0
30.00000000000189,-1.8769777632832596,0.008716103336641174,1.9989992067937195,0.4889029660464243,0.07833073089936146,0.0,0.0,0.0,0.0
