time,throttle,thrust
0.01,15.551218038280487,0.5924273538392566
0.02,16.342439166717295,0.6225691111130397
0.03,16.342783253992543,0.6225822191997159
0.04,16.350163171994893,0.6228633589331387
0.05,16.355975616273245,0.6230847853818379
0.060000000000000005,16.3563090023438,0.6230974858035733
0.07,16.356642477860994,0.6231101896327997
0.08,16.127459384851242,0.6143794051371901
0.09,16.07028028834228,0.6122011538416106
0.09999999999999999,16.070605050325902,0.612213525726701
0.10999999999999999,16.140617986618402,0.6148806852045104
0.11999999999999998,15.89101948959774,0.6053721710322948
0.12999999999999998,15.891335462145603,0.6053842080817372
0.13999999999999999,16.293745090339506,0.6207140986796001
0.15,16.179178943368303,0.6163496740330782
0.16,16.179488654465796,0.6163614725510779
0.17,16.179798354065035,0.6163732706310489
0.18000000000000002,17.021271725894344,0.6484293990816893
0.19000000000000003,16.79616138478313,0.6398537670393573
0.20000000000000004,16.796478887578253,0.6398658623839334
0.21000000000000005,17.312817739724686,0.6595359138942737
0.22000000000000006,17.08087724688192,0.6507000855955016
0.23000000000000007,17.08119733108091,0.6507122792792728
0.24000000000000007,18.90621832472668,0.7202368885610163
0.25000000000000006,18.296637413681857,0.6970147586164517
0.26000000000000006,18.296990541960053,0.6970282111222876
0.2700000000000001,18.29734367023825,0.6970416636281237
0.2800000000000001,19.02204522451147,0.7246493418861512
0.2900000000000001,18.26353945590982,0.6957538840346598
0.3000000000000001,18.263923444328896,0.6957685121649102
0.3100000000000001,17.390627619529212,0.662500099791589
0.3200000000000001,16.79240777474363,0.6397107723711859
0.3300000000000001,16.792793480534026,0.6397254659251057
0.34000000000000014,17.332571915422513,0.6602884539208576
0.35000000000000014,14.2844458666894,0.5441693663500723
0.36000000000000015,14.28482259474522,0.5441837178950559
0.37000000000000016,14.285199322801047,0.5441980694400398
0.38000000000000017,12.623921879261149,0.48091130968613893
0.3900000000000002,12.313613413203834,0.4690900347887174
0.4000000000000002,12.313970522534884,0.4691036389537098
0.4100000000000002,11.141819876905268,0.4244502810249626
0.4200000000000002,11.0518101406569,0.42102133869169134
0.4300000000000002,11.05215706631908,0.42103455490739344
0.4400000000000002,10.048018696508494,0.382781664628895
0.45000000000000023,10.211728688096414,0.3890182357370062
0.46000000000000024,10.212078326857098,0.38903155530884176
0.47000000000000025,10.212428264422918,0.3890448862637302
0.48000000000000026,9.784942503904125,0.37275971443444283
0.49000000000000027,10.209497039566214,0.38893322055490337
0.5000000000000002,10.209879333265755,0.38894778412440967
0.5100000000000002,9.964480954982724,0.3795992744755323
0.5200000000000002,10.474566345523352,0.39903109887708005
0.5300000000000002,10.474994866153436,0.3990474234725118
0.5400000000000003,9.678116490984515,0.36869015203750527
0.5500000000000003,11.126348636836928,0.42386090045093056
0.5600000000000003,11.126876095250523,0.4238809941047818
0.5700000000000003,11.12740373610447,0.4239010947087417
0.5800000000000003,10.718315729486841,0.4083167896947368
0.5900000000000003,12.238684152149519,0.46623558674855303
0.6000000000000003,12.239295122727567,0.466258861818193
0.6100000000000003,12.176077369885174,0.4638505664718161
0.6200000000000003,12.832435804171089,0.48885469730175574
0.6300000000000003,12.8331134896774,0.48888051389247233
0.6400000000000003,12.707057413752318,0.48407837766675493
0.6500000000000004,13.330517500681871,0.507829238121214
0.6600000000000004,13.331259520420597,0.5078575055398322
0.6700000000000004,13.332001540159323,0.5078857729584504
0.6800000000000004,13.048106220823653,0.49707071317423435
0.6900000000000004,14.483627469219416,0.5517572369226443
0.7000000000000004,14.484369549166887,0.551785506634929
0.7100000000000004,14.668981135634986,0.5588183289765709
0.7200000000000004,15.126448032296638,0.5762456393255861
0.7300000000000004,15.127231094626982,0.576275470271504
0.7400000000000004,14.605905268877564,0.5564154388143834
0.7500000000000004,16.66180586163842,0.6347354613957493
0.7600000000000005,16.66263506653231,0.6347670501536118
0.7700000000000005,16.663464517393766,0.6347986482816672
0.7800000000000005,18.774635549944104,0.715224211426442
0.7900000000000005,19.092293619105657,0.727325471204025
0.8000000000000005,19.093158667905058,0.7273584254440022
0.8100000000000005,21.406520472619384,0.8154864941950241
0.8200000000000005,21.35635041052639,0.8135752537343386
0.8300000000000005,21.357274752356872,0.8136104667564522
0.8400000000000005,21.481710515108777,0.8183508767660486
0.8500000000000005,24.334936820116297,0.9
0.8600000000000005,24.33594753276138,0.9
0.8700000000000006,24.336958245406457,0.9
0.8800000000000006,26.191767425288855,0.9
0.8900000000000006,26.02425426645743,0.9
0.9000000000000006,26.025325242191176,0.9
0.9100000000000006,26.484012809577813,0.9
0.9200000000000006,26.1771409016035,0.9
0.9300000000000006,26.178271826694708,0.9
0.9400000000000006,26.509964278329214,0.9
0.9500000000000006,26.462394694523244,0.9
0.9600000000000006,26.463594924942196,0.9
0.9700000000000006,26.464795155361152,0.9
0.9800000000000006,27.371255451216715,0.9
0.9900000000000007,26.98804684232725,0.9
1.0000000000000007,26.989294345339474,0.9
1.0100000000000007,26.80722827133648,0.9
1.0200000000000007,26.450780770326023,0.9
1.0300000000000007,26.45206870742086,0.9
1.0400000000000007,26.737142546499545,0.9
1.0500000000000007,26.02404848827266,0.9
1.0600000000000007,26.025377409188348,0.9
1.0700000000000007,26.026706380286104,0.9
1.0800000000000007,26.054991378567102,0.9
1.0900000000000007,25.773219583584886,0.9
1.1000000000000008,25.774560941671854,0.9
1.1100000000000008,25.07931423805929,0.9
1.1200000000000008,24.921625289777662,0.9
1.1300000000000008,24.922974004838213,0.9
1.1400000000000008,25.036745615375544,0.9
1.1500000000000008,23.98258307113817,0.9
1.1600000000000008,23.983927167002648,0.9
1.1700000000000008,23.985271275185283,0.9
1.1800000000000008,24.039765596301372,0.9
1.1900000000000008,23.95703698044228,0.9
1.2000000000000008,23.958368132932563,0.9
1.2100000000000009,23.08827657493743,0.8795533933309497
1.2200000000000009,23.068579602711168,0.8788030324842349
1.2300000000000009,23.069892780140023,0.8788530582910484
1.2400000000000009,23.083518013861163,0.8793721148137585
1.2500000000000009,22.680568383522857,0.8640216527056326
1.260000000000001,22.681851436640024,0.8640705309196198
1.270000000000001,22.683134489757194,0.8641194091336073
1.280000000000001,22.728274651880948,0.8658390343573694
1.290000000000001,22.70276339697383,0.8648671770275743
1.300000000000001,22.704020912681354,0.8649150823878611
1.310000000000001,21.957596636964695,0.8364798718843692
1.320000000000001,21.97326394161903,0.8370767215854868
1.330000000000001,21.974482732605715,0.8371231517183129
1.340000000000001,21.97208279771109,0.837031725627089
1.350000000000001,21.180139901884488,0.8068624724527423
1.360000000000001,21.181297652752548,0.8069065772477161
1.370000000000001,21.1824554036206,0.8069506820426895
1.380000000000001,21.12366634417857,0.8047110988258502
1.390000000000001,21.127157382477,0.8048440907610286
1.400000000000001,21.128273101836434,0.8048865943556737
1.410000000000001,19.41896371120293,0.739770046141064
1.420000000000001,19.45017188829175,0.7409589290777808
1.430000000000001,19.451218762492367,0.7409988099997091
1.440000000000001,19.413445569219043,0.7395598312083445
1.450000000000001,18.112714142894426,0.6900081578245495
1.460000000000001,18.113668643761873,0.690044519762357
1.470000000000001,18.11462314462932,0.6900808817001645
1.480000000000001,16.7284059218873,0.6372726065480876
1.490000000000001,16.766618335690183,0.6387283175501022
1.500000000000001,16.767481642419668,0.6387612054255111
1.5100000000000011,15.635647896728102,0.5956437293991658
1.5200000000000011,15.6796896549532,0.5973215106648838
1.5300000000000011,15.68046145951418,0.5973509127433974
1.5400000000000011,15.620186558718645,0.5950547260464245
1.5500000000000012,15.027346237501972,0.5724703328572179
1.5600000000000012,15.027992943389705,0.5724949692719887
1.5700000000000012,15.028639649277437,0.5725196056867594
1.5800000000000012,15.07119942578788,0.5741409305062048
1.5900000000000012,15.119288798700229,0.5759729066171515
1.6000000000000012,15.11983973108673,0.5759938945175896
1.6100000000000012,14.823814754940313,0.5647167525691548
1.6200000000000012,14.876714814442016,0.5667319929311243
1.6300000000000012,14.877173935046164,0.5667494832398539
1.6400000000000012,14.818799701824526,0.5645257029266485
1.6500000000000012,14.802694766700208,0.5639121815885793
1.6600000000000013,14.80302782659768,0.5639248695846735
1.6700000000000013,14.803360886495144,0.5639375575807674
1.6800000000000013,14.933583772368804,0.5688984294235734
1.6900000000000013,15.003072596041264,0.5715456227063338
1.7000000000000013,15.003307351804624,0.5715545657830332
1.7100000000000013,14.407016453910709,0.5488387220537412
1.7200000000000013,14.4552999455659,0.5506780931644152
1.7300000000000013,14.455447262768601,0.5506837052483277
1.7400000000000013,13.714706912713774,0.522465025246239
1.7500000000000013,13.77079035618115,0.5246015373783295
1.7600000000000013,13.770823590013649,0.5246028034290914
1.7700000000000014,13.770856899667079,0.5246040723682697
1.7800000000000014,13.76128834185471,0.5242395558801793
1.7900000000000014,13.804372257697095,0.5258808479122702
1.8000000000000014,13.804324472180465,0.5258790275116367
1.8100000000000014,13.875418643269143,0.5285873768864435
1.8200000000000014,13.902666133542365,0.5296253765158996
1.8300000000000014,13.90255579276337,0.5296211730576521
1.8400000000000014,14.943937924407118,0.5692928733107473
1.8500000000000014,14.946107643078852,0.5693755292601467
1.8600000000000014,14.945920460190973,0.5693683984834655
1.8700000000000014,14.945733277303093,0.5693612677067844
1.8800000000000014,16.91798879331861,0.6444948111740423
1.8900000000000015,16.9309039458558,0.6449868169849828
1.9000000000000015,16.930666286590586,0.6449777632986889
1.9100000000000015,17.265561697517192,0.6577356837149406
1.9200000000000015,17.26530839808575,0.6577260342127904
1.9300000000000015,17.265040860986517,0.6577158423232958
1.9400000000000015,17.27870038523788,0.6582362051519192
1.9500000000000015,18.875061543477155,0.7190499635610345
1.9600000000000015,18.87475928056624,0.7190384487834758
1.9700000000000015,18.874457017655327,0.7190269340059172
1.9800000000000015,18.3928851222228,0.70068133798944
1.9900000000000015,18.388160028317355,0.7005013344120896
2.0000000000000013,18.38785961531225,0.7004898901071334
2.010000000000001,16.845320093789365,0.6417264797634044
2.020000000000001,16.829311158638795,0.6411166155671921
2.0300000000000007,16.829026851754538,0.6411057848287443
2.0400000000000005,14.740863517366627,0.5615567054234905
2.0500000000000003,14.732122491982533,0.5612237139802869
2.06,14.73188387605336,0.5612146238496517
2.07,14.731645184453049,0.5612055308363065
2.0799999999999996,14.29236193904636,0.5444709310112898
2.0899999999999994,14.277270276677934,0.5438960105401117
2.099999999999999,14.277069500312017,0.5438883619166482
2.109999999999999,14.20344837575625,0.5410837476478572
2.1199999999999988,14.182817471410855,0.5402978084346992
2.1299999999999986,14.182636524645996,0.5402909152246094
2.1399999999999983,14.202611978041132,0.5410518848777573
2.149999999999998,16.446244243197306,0.6265235902170402
2.159999999999998,16.446095381676013,0.6265179193019433
2.1699999999999977,16.44594652015472,0.6265122483868464
2.1799999999999975,20.843647767363446,0.7940437244709884
2.1899999999999973,20.838698516163202,0.793855181568122
2.199999999999997,20.83857160615307,0.7938503469010693
2.209999999999997,22.95029588965687,0.8742969862726426
2.2199999999999966,22.94218929474128,0.8739881636091915
2.2299999999999964,22.94208590501234,0.873984224952851
2.239999999999996,26.308015674040245,0.9
2.249999999999996,26.298283063191285,0.9
2.259999999999996,26.29822148923505,0.9
2.2699999999999956,26.29815991527882,0.9
2.2799999999999954,26.126510545870964,0.9
2.289999999999995,26.128701488201823,0.9
2.299999999999995,26.128681570666114,0.9
2.3099999999999947,23.809554130380008,0.9
2.3199999999999945,23.800649682685965,0.9
2.3299999999999943,23.80066438338189,0.9
2.339999999999994,23.832000155074386,0.9
2.349999999999994,20.327079833923232,0.7743649460542184
2.3599999999999937,20.327129949884046,0.7743668552336779
2.3699999999999934,20.327180065844864,0.7743687644131376
2.3799999999999932,18.138671728862818,0.690997018242393
2.389999999999993,18.12859790039987,0.6906132533485665
2.399999999999993,18.128660881095573,0.6906156526131646
2.4099999999999926,16.35893734570857,0.6231976131698501
2.4199999999999924,16.34739620105963,0.6227579505165574
2.429999999999992,16.347463293081404,0.622760506403101
2.439999999999992,16.360428168725612,0.6232544064276423
2.4499999999999917,16.106510018402478,0.6135813340343801
2.4599999999999915,16.10657235729877,0.6135837088494769
2.4699999999999913,16.106634696195066,0.6135860836645739
2.479999999999991,17.950908497433364,0.6838441332355567
2.489999999999991,17.942038834204983,0.6835062413030469
2.4999999999999907,17.942095173645942,0.6835083875674643
2.5099999999999905,19.6583567127344,0.7488897795327389
2.5199999999999902,19.661738685996156,0.7490186166093773
2.52999999999999,19.661791300563852,0.7490206209738609
2.53999999999999,19.67129584794497,0.7493826989693322
2.5499999999999896,22.788596934492553,0.8681370260759067
2.5599999999999894,22.78864732239618,0.8681389456150925
2.569999999999989,22.788697738802583,0.8681408662400983
2.579999999999989,25.73894498378795,0.9
2.5899999999999888,25.74245159681921,0.9
2.5999999999999885,25.742501727023566,0.9
2.6099999999999883,26.3519324851647,0.9
2.619999999999988,26.362016670694633,0.9
2.629999999999988,26.36206434586932,0.9
2.6399999999999877,26.35597640588019,0.9
2.6499999999999875,25.67027160758054,0.9
2.6599999999999873,25.670311019838824,0.9
2.669999999999987,25.67035043209712,0.9
2.679999999999987,23.672300591198056,0.9
2.6899999999999866,23.673498241285728,0.9
2.6999999999999864,23.67352583386769,0.9
2.709999999999986,20.690259657499844,0.7882003679047559
2.719999999999986,20.69525782352858,0.7883907742296601
2.7299999999999858,20.695269209882593,0.7883912079955273
2.7399999999999856,20.700559578063263,0.7885927458309814
2.7499999999999853,16.94547495997793,0.6455419032372544
2.759999999999985,16.945450590977064,0.6455409748943642
2.769999999999985,16.945426221976195,0.645540046551474
2.7799999999999847,15.621964377113,0.5951224524614476
2.7899999999999845,15.609353441591873,0.5946420358701665
2.7999999999999843,15.60929067943734,0.5946396449309462
2.809999999999984,15.107355311400827,0.5755182975771743
2.819999999999984,15.103202663133727,0.5753601014527133
2.8299999999999836,15.103101273815986,0.5753562390025136
2.8399999999999834,16.368936805012314,0.62357854495285
2.849999999999983,16.361892936266628,0.6233102070958715
2.859999999999983,16.361729933555775,0.6233039974687914
2.869999999999983,16.361566900996895,0.6232977867046435
2.8799999999999826,19.244422652684346,0.7331208629594036
2.8899999999999824,19.235351582186276,0.7327752983690009
2.899999999999982,19.235132243755427,0.7327669426192542
2.909999999999982,20.718790176905557,0.7892872448344973
2.9199999999999817,20.714849988900294,0.7891371424342969
2.9299999999999815,20.71458507136843,0.7891270503378448
2.9399999999999813,20.718382954936835,0.7892717316166413
2.949999999999981,24.098251606380597,0.9
2.959999999999981,24.097918655691505,0.9
2.9699999999999807,24.097585705002412,0.9
2.9799999999999804,25.40614521631462,0.9
2.9899999999999802,25.40330551813128,0.9
2.99999999999998,25.402936409036997,0.9
3.00999999999998,23.38361625094921,0.8908044286075889
3.0199999999999796,23.38587069633004,0.8908903122411443
3.0299999999999794,23.385485849537766,0.8908756514109624
3.039999999999979,23.379585883800722,0.890650890811456
3.049999999999979,18.81558133362976,0.7167840508049431
3.0599999999999787,18.815194586138865,0.7167693175671948
3.0699999999999785,18.8148078712945,0.7167545855731238
3.0799999999999783,15.494625219273155,0.5902714369246915
3.089999999999978,15.505795332486333,0.5906969650470983
3.099999999999978,15.505408758969207,0.5906822384369221
3.1099999999999777,13.492724465999107,0.5140085510856802
3.1199999999999775,13.488620989840566,0.5138522281844025
3.1299999999999772,13.488216214539701,0.513836808172941
3.139999999999977,12.66145408240593,0.48234110790117823
3.149999999999977,12.663718661297104,0.48242737757322296
3.1599999999999766,12.663272191488938,0.4824103691995785
3.1699999999999764,12.66282575028376,0.48239336191557175
3.179999999999976,14.346785348771581,0.5465442037627268
3.189999999999976,14.350853030619797,0.5466991630712303
3.1999999999999758,14.350357318996279,0.5466802788189058
3.2099999999999755,15.278052624583678,0.5820210523650924
3.2199999999999753,15.266262691089693,0.581571912041512
3.229999999999975,15.265727009855558,0.5815515051373545
3.239999999999975,15.255961740126457,0.5811794948619602
3.2499999999999747,18.902240069154345,0.7200853359677846
3.2599999999999745,18.90163263904119,0.7200621957729976
3.2699999999999743,18.901025208928033,0.7200390555782107
3.279999999999974,21.958966592199918,0.8365320606552349
3.289999999999974,21.963479883704647,0.8367039955697008
3.2999999999999736,21.96282802395254,0.8366791628172395
3.3099999999999734,22.947701069897935,0.8741981359961117
3.319999999999973,22.94084577070815,0.8739369817412628
3.329999999999973,22.940171310492484,0.8739112880187613
3.3399999999999728,22.93796305464327,0.8738271639864101
3.3499999999999726,22.685440236943016,0.8642072471216387
3.3599999999999723,22.684751381886397,0.8641810050242436
3.369999999999972,22.684062560418198,0.8641547642064075
3.379999999999972,21.000202097775112,0.8000076989628614
3.3899999999999717,21.00240857441121,0.800091755215665
3.3999999999999715,21.001734996176975,0.8000660950924561
3.4099999999999713,17.98626777243082,0.6851911532354598
3.419999999999971,17.97426457815081,0.6847338886914593
3.429999999999971,17.97359291547134,0.6847083015417652
3.4399999999999706,17.975559728256254,0.6847832277430953
3.4499999999999704,15.297613941992148,0.5827662454092246
3.45999999999997,15.296941749124834,0.5827406380618984
3.46999999999997,15.296269526068604,0.5827150295645183
3.47999999999997,14.429904213421805,0.549710636701783
3.4899999999999696,14.438484494845225,0.5500375045655324
3.4999999999999694,14.437797916431517,0.550011349197391
3.509999999999969,14.040612151128004,0.5348804629001144
3.519999999999969,14.047404848212722,0.5351392323128655
3.5299999999999687,14.04669424272847,0.5351121616277512
3.5399999999999685,14.046473655882599,0.5351037583193371
3.5499999999999683,15.364695408676825,0.5853217298543552
3.559999999999968,15.363936457978468,0.5852928174467987
3.569999999999968,15.36317747710427,0.5852639038896864
3.5799999999999677,17.49439161749946,0.6664530139999794
3.5899999999999674,17.503380640134647,0.6667954529575103
3.5999999999999672,17.502575629529744,0.6667647858868473
3.609999999999967,18.045320966065844,0.6874407987072702
3.619999999999967,18.057102773943043,0.6878896294835445
3.6299999999999666,18.056273399037558,0.6878580342490498
3.6399999999999664,18.050319942966127,0.6876312359225191
3.649999999999966,19.343251929878136,0.7368857878048813
3.659999999999966,19.34239585670917,0.7368531754936827
3.6699999999999657,19.341539815508593,0.7368205644003273
3.6799999999999655,19.327234720428006,0.7362756083972573
3.6899999999999653,19.334911828015528,0.7365680696386867
3.699999999999965,19.334065817782527,0.7365358406774295
3.709999999999965,17.98473106969406,0.6851326121788213
3.7199999999999647,17.990808929086032,0.6853641496794678
3.7299999999999645,17.98996601177524,0.6853320385438186
3.7399999999999642,17.998262796287253,0.6856481065252287
3.749999999999964,16.924640810567936,0.6447482213549689
3.759999999999964,16.92380802893648,0.6447164963404373
3.7699999999999636,16.92297527715009,0.6446847724628605
3.7799999999999634,16.85122442122058,0.6419514065226887
3.789999999999963,16.849509930138108,0.6418860925766898
3.799999999999963,16.848665597316486,0.6418539275168185
3.8099999999999627,16.484925064011595,0.6279971452956797
3.8199999999999625,16.481000313036507,0.6278476309728193
3.8299999999999623,16.48013530197971,0.6278146781706556
3.839999999999962,16.48783834384284,0.6281081273844891
3.849999999999962,16.900441904463978,0.6438263582652943
3.8599999999999617,16.899529181438954,0.643791587864341
3.8699999999999615,16.89861648934448,0.6437568186416944
3.8799999999999613,18.62055486695644,0.70935447112215
3.889999999999961,18.619018000691288,0.7092959238358585
3.899999999999961,18.61803870355991,0.7092586172784727
3.9099999999999606,18.417955082162937,0.7016363840823975
3.9199999999999604,18.42662964494841,0.7019668436170822
3.92999999999996,18.42561996062724,0.7019283794524662
3.93999999999996,17.59850786582126,0.6704193472693813
3.9499999999999598,18.412981092268453,0.7014468987530839
3.9599999999999596,18.411918637386044,0.701406424281373
3.9699999999999593,18.41085621762331,0.7013659511475545
3.979999999999959,17.71249073734473,0.6747615518988468
3.989999999999959,17.717246569089035,0.674942726441487
3.9999999999999587,17.71617821063395,0.6749020270717694
4.009999999999959,16.515414254513395,0.6291586382671769
4.019999999999959,16.509622593682572,0.6289380035688599
4.0299999999999585,16.508563880298663,0.6288976716304252
4.039999999999958,15.649962097879264,0.5961890323001624
4.049999999999958,15.631855842620174,0.5954992701950542
4.059999999999958,15.630824674160113,0.5954599875870519
4.069999999999958,15.629793471582019,0.595420703679315
4.079999999999957,15.695502134609955,0.5979238908422839
4.089999999999957,15.697068181952751,0.5979835497886762
4.099999999999957,15.696063501669254,0.5979452762540668
4.109999999999957,15.611273265767254,0.5947151720292286
4.119999999999957,15.624243683454738,0.595209283179228
4.129999999999956,15.623255891559467,0.5951716530117892
4.139999999999956,15.633746247601206,0.5955712856229031
4.149999999999956,16.45838778875621,0.6269862014764269
4.159999999999956,16.457431821130033,0.6269497836620964
4.1699999999999555,16.45647585350386,0.626913365847766
4.179999999999955,17.75015382521913,0.6761963361988239
4.189999999999955,17.74110342449916,0.6758515590285393
4.199999999999955,17.740185240227348,0.6758165805800894
4.209999999999955,18.04365572653579,0.6873773610108871
4.2199999999999545,18.037891473530646,0.687157770420215
4.229999999999954,18.03700705710224,0.6871240783657996
4.239999999999954,18.039023668658107,0.6872009016631659
4.249999999999954,18.793617528884432,0.7159473344336926
4.259999999999954,18.7928008678761,0.7159162235381371
4.269999999999953,18.791984237740483,0.715885113818685
4.279999999999953,19.737226973342533,0.7518943608892393
4.289999999999953,19.732825984146633,0.7517267041579669
4.299999999999953,19.732080608381256,0.7516983088907144
4.3099999999999525,19.48247794586768,0.7421896360330543
4.319999999999952,19.48534898074728,0.7422990087903725
4.329999999999952,19.484648841771744,0.7422723368293997
4.339999999999952,19.48145358532782,0.7421506127743931
4.349999999999952,19.540101694192895,0.7443848264454436
4.3599999999999515,19.53946285204676,0.7443604896017813
4.369999999999951,19.53882398220962,0.7443361517032235
4.379999999999951,20.586724327707184,0.7842561648650355
4.389999999999951,20.593689612537275,0.784521509049039
4.399999999999951,20.59309382015034,0.7844988121962033
4.40999999999995,20.76089846966628,0.790891370273001
4.41999999999995,20.764537766159336,0.7910300101394032
4.42999999999995,20.763964685890578,0.7910081785101172
4.43999999999995,20.917588039474904,0.7968604967419011
4.4499999999999496,20.9238389234579,0.797098625655539
4.459999999999949,20.923285478008122,0.797077542019357
4.469999999999949,20.92269390674281,0.7970550059711546
4.479999999999949,21.096753792104362,0.8036858587468327
4.489999999999949,21.096207897954127,0.8036650627792048
4.4999999999999485,21.095662030420456,0.8036442678255411
4.509999999999948,20.340781493354275,0.7748869140325437
4.519999999999948,20.341534974851616,0.7749156180895853
4.529999999999948,20.34099161079818,0.7748949185065973
4.539999999999948,20.335281451953445,0.7746773886458455
4.549999999999947,18.872841607988136,0.7189653945900242
4.559999999999947,18.872294173883564,0.718944539957469
4.569999999999947,18.871746739778985,0.7189236853249137
4.579999999999947,17.35162337618905,0.6610142238548209
4.589999999999947,17.35059315909717,0.6609749774894159
4.599999999999946,17.350032667030156,0.6609536254106726
4.609999999999946,16.53557279153029,0.6299265825344871
4.619999999999946,16.543346328017645,0.630222717257815
4.629999999999946,16.54277564170585,0.6302009768268894
4.6399999999999455,16.547712422092715,0.630389044651151
4.649999999999945,15.448219297106139,0.58850359227071
4.659999999999945,15.447624453005654,0.5884809315430725
4.669999999999945,15.447029608905167,0.5884582708154349
4.679999999999945,15.312373966397773,0.5833285320532484
4.689999999999944,15.317495178999323,0.5835236258666409
4.699999999999944,15.316882099131403,0.583500270443101
4.709999999999944,15.010545938333285,0.5718303214603155
4.719999999999944,15.005244321288748,0.5716283550967142
4.729999999999944,15.004613366111787,0.5716043187090204
4.739999999999943,15.002389052680577,0.5715195829592601
4.749999999999943,15.447394400771445,0.588472167648436
4.759999999999943,15.44674024012694,0.5884472472429311
4.769999999999943,15.446086053918528,0.5884223258635629
4.7799999999999425,16.20525787512792,0.6173431571477302
4.789999999999942,16.19658835262437,0.6170128896237855
4.799999999999942,16.195917151217913,0.6169873200463966
4.809999999999942,16.321012365221446,0.621752852008436
4.819999999999942,16.325149835478346,0.6219104699229845
4.8299999999999415,16.32446374559206,0.6218843331654117
4.839999999999941,16.31536897756683,0.6215378658120697
4.849999999999941,16.754159296402303,0.6382536874819924
4.859999999999941,16.753452731447787,0.6382267707218204
4.869999999999941,16.752746191944514,0.6381998549312196
4.87999999999994,16.728391664858698,0.6372720634231884
4.88999999999994,16.722618370660303,0.6370521284061067
4.89999999999994,16.72189701657301,0.6370246482504003
4.90999999999994,16.32093404506119,0.6217498683832834
4.9199999999999395,16.31225861179324,0.6214193756873615
4.929999999999939,16.311524549788558,0.6213914114205165
4.939999999999939,15.62673858594998,0.5953043270838086
4.949999999999939,15.620010542381037,0.5950480206621347
4.959999999999939,15.619259246352442,0.5950193998610454
4.9699999999999385,15.618507975575222,0.5949907800219132
4.979999999999938,14.938378320048123,0.5690810788589761
4.989999999999938,14.94047011091901,0.5691607661302479
4.999999999999938,14.93970672719547,0.5691316848455417
5.009999999999938,14.416071956888842,0.5491836935957654
5.019999999999937,14.417554815914752,0.5492401834634191
5.029999999999937,14.416779249577653,0.5492106380791486
5.039999999999937,14.419307970459988,0.5493069703032376
5.049999999999937,13.924395364971982,0.5304531567608374
5.0599999999999365,13.923606125256828,0.5304230904859744
5.069999999999936,13.922816910210175,0.5303930251508637
5.079999999999936,13.73066086321977,0.5230727947893246
5.089999999999936,13.73377025587315,0.5231912478427866
5.099999999999936,13.732973744902468,0.523160904567713
5.1099999999999355,13.668190304361364,0.520692963975671
5.119999999999935,13.672265064593754,0.5208481929369049
5.129999999999935,13.67146158778671,0.5208175842966366
5.139999999999935,13.778673055154917,0.5249018306725682
5.149999999999935,13.784374179843622,0.5251190163749951
5.159999999999934,13.78356336955408,0.5250881283639649
5.169999999999934,13.782752583391929,0.5250572412720734
5.179999999999934,13.974947408048656,0.532378948878044
5.189999999999934,13.978573275534112,0.5325170771632042
5.199999999999934,13.977758997811325,0.532486057059479
5.209999999999933,14.14509198080179,0.5388606468876872
5.219999999999933,14.145049932573336,0.5388590450504127
5.229999999999933,14.144233423562218,0.5388279399452273
5.239999999999933,14.15948643250249,0.5394090069524757
5.2499999999999325,14.39433912533769,0.5483557762033405
5.259999999999932,14.393523150038668,0.5483246914300445
5.269999999999932,14.392707174739643,0.5482936066567482
5.279999999999932,14.595903366601139,0.5560344139657576
5.289999999999932,14.589508133481196,0.5557907860373789
5.299999999999931,14.58869543527344,0.5557598261056548
5.309999999999931,14.693026973878178,0.5597343609096448
5.319999999999931,14.688484597424376,0.5595613179971191
5.329999999999931,14.687675044050453,0.5595304778685887
5.339999999999931,14.775140750953964,0.5628625047982462
5.34999999999993,14.772026110666921,0.5627438518349303
5.35999999999993,14.77122405234904,0.5627132972323443
5.36999999999993,14.770422017617863,0.5626827435282995
5.37999999999993,14.795295629737943,0.5636303097043025
5.3899999999999295,14.788369557300436,0.5633664593257308
5.399999999999929,14.787577763886475,0.5633362957671038
5.409999999999929,14.799347575295558,0.5637846695350688
5.419999999999929,14.797213936643605,0.5637033880626134
5.429999999999929,14.796428703427594,0.5636734744162892
5.4399999999999284,14.821476493139633,0.5646276759291288
5.449999999999928,14.8180365835563,0.5644966317545257
5.459999999999928,14.81726517057791,0.5644672445934441
5.469999999999928,14.8164937808299,0.5644378583173295
5.479999999999928,14.894950466680356,0.5674266844449659
5.489999999999927,14.900499450615184,0.5676380743091498
5.499999999999927,14.89974123511745,0.5676091899092361
5.509999999999927,14.948842631148807,0.5694797192818593
5.519999999999927,14.954210647530745,0.5696842151440283
5.5299999999999265,14.953463022126561,0.5696557341762499
5.539999999999926,15.06981756114389,0.5740882880435767
5.549999999999926,15.074262090681044,0.5742576034545159
5.559999999999926,15.073530142016358,0.5742297196958612
5.569999999999926,15.072798193351673,0.5742018359372065
5.5799999999999255,15.181614869688577,0.5783472331309933
5.589999999999925,15.18966784275688,0.5786540130574048
5.599999999999925,15.188949098808683,0.5786266323355689
5.609999999999925,15.238336163181256,0.5805080443116668
5.619999999999925,15.239471656457418,0.5805513011983778
5.629999999999924,15.238763871556484,0.5805243379640564
5.639999999999924,15.240177273171222,0.5805781818350941
5.649999999999924,15.305263367490362,0.5830576520948708
5.659999999999924,15.304571210603648,0.5830312842134723
5.6699999999999235,15.303879053716937,0.5830049163320737
5.679999999999923,15.359435628215316,0.5851213572653453
5.689999999999923,15.357208796329543,0.5850365255744587
5.699999999999923,15.356531711260912,0.5850107318575585
5.709999999999923,15.375475918532008,0.5857324159440764
5.7199999999999225,15.37102545711422,0.5855628745567322
5.729999999999922,15.370355537516154,0.5855373538101392
5.739999999999922,15.373756254665084,0.5856669049396221
5.749999999999922,15.440120871616445,0.5881950808234836
5.759999999999922,15.439464868014369,0.5881700902100712
5.769999999999921,15.438808841818624,0.5881450987359476
5.779999999999921,15.514732999843435,0.5910374476130832
5.789999999999921,15.5066023159646,0.5907277072748418
5.799999999999921,15.505956762628399,0.590703114766796
5.809999999999921,15.478835082079422,0.5896699078887399
5.81999999999992,15.479752337856514,0.5897048509659624
5.82999999999992,15.479115201773253,0.5896805791151715
5.83999999999992,15.474356834410703,0.5894993079775506
5.84999999999992,15.479129779439853,0.5896811344548515
5.8599999999999195,15.478504440895541,0.5896573120341159
5.869999999999919,15.477879124892079,0.5896334904720791
5.879999999999919,15.459801690004484,0.5889448262858851
5.889999999999919,15.466839551314692,0.5892129352881786
5.899999999999919,15.466224412457382,0.5891895014269478
5.909999999999918,15.405214597971908,0.5868653180179774
5.919999999999918,15.404943190474729,0.5868549786847516
5.929999999999918,15.40433654243992,0.5868318682834255
5.939999999999918,15.400169952855418,0.5866731410611588
5.949999999999918,15.34194911741855,0.5844552044730875
5.959999999999917,15.341353256295083,0.5844325050017174
5.969999999999917,15.340757395171618,0.5844098055303473
5.979999999999917,15.292999058780197,0.5825904403344836
5.989999999999917,15.291571371704425,0.5825360522554066
5.9999999999999165,15.290983228719591,0.5825136468083654
6.009999999999916,15.237718741784706,0.5804845234965602
6.019999999999916,15.233903267312542,0.5803391720880968
6.029999999999916,15.233321324748374,0.580317002847557
6.039999999999916,15.235640799841386,0.5804053638034813
6.0499999999999154,15.171484532295695,0.5779613155160265
6.059999999999915,15.170910150764884,0.5779394343148527
6.069999999999915,15.17033574678654,0.5779175522585348
6.079999999999915,15.129045178751326,0.5763445782381457
6.089999999999915,15.125388056601713,0.5762052592991128
6.099999999999914,15.124818961868014,0.5761835794997339
6.109999999999914,15.085441355424253,0.5746834802066382
6.119999999999914,15.083158743019771,0.5745965235436102
6.129999999999914,15.082594012836935,0.5745750100128356
6.1399999999999135,15.073416320768972,0.5742253836483417
6.149999999999913,15.041757925092606,0.5730193495273374
6.159999999999913,15.04119884792433,0.5729980513494982
6.169999999999913,15.04063979316661,0.5729767540253946
6.179999999999913,15.013713163878768,0.571950977671572
6.1899999999999125,15.009370081289122,0.5717855269062522
6.199999999999912,15.008814854936,0.5717643754261333
6.209999999999912,14.994429963472765,0.5712163795608671
6.219999999999912,14.989171525863078,0.5710160581281172
6.229999999999912,14.98861951571707,0.5709950291701741
6.239999999999911,14.991710673003514,0.571112787542991
6.249999999999911,14.970876869701618,0.5703191188457759
6.259999999999911,14.970329408163662,0.5702982631681395
6.269999999999911,14.969781969011208,0.5702774083432841
6.2799999999999105,14.956593146024144,0.5697749769913959
6.28999999999991,14.963031694544432,0.570020255030264
6.29999999999991,14.962488931193741,0.5699995783311901
6.30999999999991,14.95660659395001,0.5697754892933337
6.31999999999991,14.965470094897196,0.5701131464722741
6.3299999999999095,14.964931408924171,0.5700926251018731
6.339999999999909,14.965318608617798,0.5701073755663922
6.349999999999909,14.971205177806008,0.5703316258211812
6.359999999999909,14.97067237795296,0.5703113286839222
6.369999999999909,14.970139555728066,0.5702910306944025
6.379999999999908,14.957972407187336,0.5698275202738032
6.389999999999908,14.963512153843936,0.5700385582416737
6.399999999999908,14.962983618659035,0.5700184235679632
6.409999999999908,14.960893892357634,0.5699388149469574
6.419999999999908,14.956331950101124,0.569765026670519
6.429999999999907,14.955807588930442,0.5697450510068739
6.439999999999907,14.956778704995703,0.5697820459045981
6.449999999999907,14.945209097910766,0.5693412989680291
6.459999999999907,14.944690253156649,0.5693215334535866
6.4699999999999065,14.944171408402529,0.5693017679391439
6.479999999999906,14.931038736165661,0.5688014756634537
6.489999999999906,14.935256546350672,0.5689621541466923
6.499999999999906,14.934741814956736,0.5689425453316851
6.509999999999906,14.93942218385535,0.5691208450992513
6.519999999999905,14.938480701980572,0.5690849791230693
6.529999999999905,14.937969759428348,0.5690655146448894
6.539999999999905,14.935062708984484,0.5689547698660755
6.549999999999905,14.930738521187129,0.5687900389023668
6.559999999999905,14.930232654576105,0.5687707677933754
6.569999999999904,14.929726787965077,0.5687514966843839
6.579999999999904,14.933471725929323,0.5688941609877837
6.589999999999904,14.931315563638304,0.5688120214719353
6.599999999999904,14.930813628622106,0.5687929001379849
6.6099999999999035,14.940278049493283,0.569153449504506
6.619999999999903,14.929300390728534,0.5687352529801346
6.629999999999903,14.92880217906602,0.5687162734882293
6.639999999999903,14.930797814024865,0.5687922976771377
6.649999999999903,14.935573555398006,0.5689742306818287
6.659999999999902,14.93508094354537,0.5689554645160141
6.669999999999902,14.934588354044704,0.568936699201703
6.679999999999902,14.955564078427185,0.5697357744162737
6.689999999999902,14.951007370658228,0.5695621855488848
6.699999999999902,14.95052024163329,0.5695436282526967
6.709999999999901,14.961415102503988,0.5699586705715805
6.719999999999901,14.96560145328851,0.570118150601467
6.729999999999901,14.965119823619709,0.5700998028045603
6.739999999999901,14.958512803634532,0.569848106805125
6.7499999999999005,14.985744422482375,0.5708855018088523
6.7599999999999,14.985269586197385,0.5708674128075194
6.7699999999999,14.984794772265092,0.5708493246577178
6.7799999999999,14.995147879621028,0.5712437287474676
6.7899999999999,14.996244135091134,0.5712854908606145
6.7999999999998995,14.995774669738868,0.5712676064662425
6.809999999999899,14.99092008517525,0.5710826699114381
6.819999999999899,14.998196775970428,0.5713598771798257
6.829999999999899,14.997732054841887,0.5713421735177862
6.839999999999899,14.995862510112099,0.5712709527661751
6.849999999999898,15.006450259900761,0.5716742956152671
6.859999999999898,15.00599204753718,0.5716568399061782
6.869999999999898,15.00553385752797,0.5716393850486845
6.879999999999898,15.00049955942183,0.5714476022636887
6.8899999999998975,15.005181182141502,0.5716259497958667
6.899999999999897,15.00472742367061,0.5716086637588803
6.909999999999897,15.007638409619398,0.5717195584616913
6.919999999999897,15.009176620395293,0.5717781569674396
6.929999999999897,15.008727243523213,0.5717610378485033
6.9399999999998965,15.01447523489732,0.5719800089484693
6.949999999999896,15.01151784587325,0.5718673465094571
6.959999999999896,15.011073966088363,0.5718504368033661
6.969999999999896,15.010630086303477,0.5718335270972753
6.979999999999896,15.007152646743481,0.5717010532092754
6.989999999999895,15.009826436640289,0.5718029118720109
6.999999999999895,15.009386705578617,0.5717861602125187
7.009999999999895,15.022468276973878,0.572284505789481
7.019999999999895,15.013817639211755,0.5719549576842573
7.0299999999998946,15.013381715867359,0.5719383510806613
7.039999999999894,15.010199916162101,0.571817139663318
7.049999999999894,15.017363562522927,0.5720900404770638
7.059999999999894,15.016933370132607,0.5720736521955279
7.069999999999894,15.016503177742285,0.5720572639139918
7.0799999999998935,15.026468788583232,0.5724369062317421
7.089999999999893,15.027157438661412,0.5724631405204347
7.099999999999893,15.026733048507992,0.5724469732764949
7.109999999999893,15.032390212489965,0.572662484285332
7.119999999999893,15.033051513478782,0.5726876767039535
7.129999999999892,15.032632515808077,0.5726717148879267
7.139999999999892,15.031156253731853,0.572615476332642
7.149999999999892,15.03530792159142,0.5727736351082445
7.159999999999892,15.034895663001311,0.5727579300190975
7.169999999999892,15.034483404411203,0.5727422249299505
7.179999999999891,15.03406417300487,0.5727262542097092
7.189999999999891,15.0402177482985,0.5729606761256572
7.199999999999891,15.039810228818286,0.5729451515740299
7.209999999999891,15.031890311960387,0.5726434404556338
7.2199999999998905,15.031401842803735,0.5726248321068089
7.22999999999989,15.030998944164166,0.5726094835872063
7.23999999999989,15.031112648129255,0.5726138151668287
7.24999999999989,15.030094975109261,0.5725750466708289
7.25999999999989,15.029697801909172,0.5725599162632066
7.269999999999889,15.02930060634931,0.5725447850037831
7.279999999999889,15.020838374434534,0.5722224142641726
7.289999999999889,15.024214425455353,0.5723510257316324
7.299999999999889,15.023821540236735,0.572336058675685
7.309999999999889,15.01963856981529,0.5721767074215348
7.319999999999888,15.018245844659202,0.5721236512251124
7.329999999999888,15.0178567472602,0.5721088284670552
7.339999999999888,15.01803946388529,0.572115789100392
7.349999999999888,15.013267993563401,0.5719340188024152
7.3599999999998875,15.012883807874847,0.571919383157137
7.369999999999887,15.012499599827047,0.571904746660078
7.379999999999887,15.014638935726783,0.5719862451705441
7.389999999999887,15.012721201898561,0.5719131886437546
7.399999999999887,15.012340393108335,0.5718986816422222
7.4099999999998865,15.014993328041047,0.5719997458301351
7.419999999999886,15.008410459155261,0.5717489698725813
7.429999999999886,15.008033217377616,0.5717345987572424
7.439999999999886,15.015695255036487,0.5720264859061518
7.449999999999886,15.007115542587545,0.5716996397176207
7.459999999999885,15.006743094710908,0.5716854512270821
7.469999999999885,15.00637064683427,0.5716712627365436
7.479999999999885,15.010743773983972,0.5718378580565322
7.489999999999885,15.018904322393405,0.5721487360911773
7.4999999999998845,15.01853781652787,0.5721347739629664
7.509999999999884,15.025667810467992,0.5724063927797329
7.519999999999884,15.023233602252075,0.5723136610381743
7.529999999999884,15.022869978394368,0.5722998087007378
7.539999999999884,15.028098222677322,0.572498979911517
7.5499999999998835,15.032081239171758,0.5726507138732098
7.559999999999883,15.031723138459192,0.5726370719413025
7.569999999999883,15.031365015388598,0.5726234291576608
7.579999999999883,15.033783398752986,0.5727155580477328
7.589999999999883,15.036328079862008,0.5728124982804574
7.599999999999882,15.035973808050555,0.5727990022114496
7.609999999999882,15.026760428014741,0.5724480163053234
7.619999999999882,15.03512641142691,0.5727667204353108
7.629999999999882,15.034775861260782,0.5727533661432678
7.6399999999998816,15.02961731033763,0.5725568499176239
7.649999999999881,15.028886334470487,0.5725290032179232
7.659999999999881,15.028540390986079,0.5725158244185172
7.669999999999881,15.028194447501669,0.5725026456191111
7.679999999999881,15.033065260237427,0.5726882003899971
7.6899999999998805,15.031002413359904,0.5726096157470439
7.69999999999988,15.030659695911044,0.5725965598442302
7.70999999999988,15.031345810902806,0.572622697558202
7.71999999999988,15.02411741903438,0.5723473302489287
7.72999999999988,15.023777740125688,0.5723343901000262
7.739999999999879,15.027000679178897,0.5724571687306246
7.749999999999879,15.015082598663032,0.5720031466157345
7.759999999999879,15.014746486355795,0.5719903423373636
7.769999999999879,15.014410374048555,0.5719775380589925
7.779999999999879,15.018870677778263,0.5721474543915528
7.789999999999878,15.014815150880215,0.57199295812877
7.799999999999878,15.014481626340517,0.5719802524320197
7.809999999999878,15.021515305951983,0.5722482021315041
7.819999999999878,15.020745809027611,0.5722188879629565
7.8299999999998775,15.02041479479722,0.5722062778970369
7.839999999999877,15.023433104360675,0.5723212611185019
7.849999999999877,15.028951372388638,0.5725314808529005
7.859999999999877,15.02862422384755,0.5725190180513352
7.869999999999877,15.028297052945586,0.5725065543979271
7.879999999999876,15.03281282478166,0.5726785838012061
7.889999999999876,15.035750302671225,0.5727904877208085
7.899999999999876,15.035426973390965,0.5727781704148939
7.909999999999876,15.02733929037897,0.5724700682049131
7.919999999999876,15.037818624065155,0.5728692809167677
7.929999999999875,15.0374992127012,0.5728571128648076
7.939999999999875,15.037135918711629,0.5728432730937763
7.949999999999875,15.042387649654852,0.5730433390344705
7.959999999999875,15.042072942172997,0.5730313501780189
7.9699999999998745,15.041758212328716,0.5730193604696653
7.979999999999874,15.044128061275217,0.573109640429532
7.989999999999874,15.043569530109899,0.5730883630518057
7.999999999999874,15.043258152618746,0.5730765010521427
8.009999999999874,15.049620608881309,0.5733188803383356
8.019999999999873,15.044773379415249,0.5731342239777237
8.029999999999873,15.044464969236534,0.5731224750185346
8.039999999999873,15.047772657358394,0.5732484821850816
8.049999999999873,15.03980757874324,0.5729450506187901
8.059999999999873,15.039503422107469,0.5729334636993321
8.069999999999872,15.039199265471698,0.5729218767798742
8.079999999999872,15.04266426834125,0.5730538768891904
8.089999999999872,15.034515356286837,0.5727434421442604
8.099999999999872,15.03421402985877,0.5727319630422388
8.109999999999872,15.038116699143034,0.5728806361578298
8.119999999999871,15.038391956476119,0.5728911221514711
8.129999999999871,15.038093499388651,0.5728797523576629
8.139999999999871,15.034897515383168,0.5727580005860254
8.14999999999987,15.032826720643918,0.5726791131673873
8.15999999999987,15.032531588997124,0.5726678700570332
8.16999999999987,15.03223643498794,0.5726566260947786
8.17999999999987,15.028737354345036,0.5725233277845727
8.18999999999987,15.029342681940445,0.5725463878834455
8.19999999999987,15.029049924914403,0.5725352352348344
8.20999999999987,15.021882676466037,0.5722621971987061
8.21999999999987,15.025437060435097,0.5723976023022893
8.229999999999869,15.025146529516515,0.572386534457772
8.239999999999869,15.024327962790345,0.5723553509634417
8.249999999999869,15.0285328147529,0.5725155358001104
8.259999999999868,15.028245634925405,0.5725045956162058
8.269999999999868,15.027958455097906,0.5724936554323011
8.279999999999868,15.02488590683429,0.5723766059746396
8.289999999999868,15.029846191640454,0.5725655692053506
8.299999999999867,15.029562333472262,0.572554755560848
8.309999999999867,15.033509235180276,0.5727051137211533
8.319999999999867,15.039316922226435,0.5729263589419594
8.329999999999867,15.03903620745279,0.5729156650458205
8.339999999999867,15.037600293727433,0.5728609635705688
8.349999999999866,15.047428393380097,0.5732353673668608
8.359999999999866,15.047151939409993,0.5732248357870473
8.369999999999866,15.046875485439893,0.573214304207234
8.379999999999866,15.05605132211259,0.5735638598900034
8.389999999999866,15.05090062636981,0.5733676429093261
8.399999999999865,15.050627054951145,0.573357221140996
8.409999999999865,15.061013196400351,0.5737528836723943
8.419999999999865,15.05564248723745,0.5735482852280932
8.429999999999865,15.055371854041999,0.5735379753920761
8.439999999999864,15.054786606861242,0.5735156802613806
8.449999999999864,15.05683446994255,0.5735936940930494
8.459999999999864,15.056567325982142,0.573583517180272
8.469999999999864,15.056300204385408,0.573573341119444
8.479999999999864,15.058493163355218,0.5736568824135321
8.489999999999863,15.052416827496788,0.5734254029522585
8.499999999999863,15.052152079680791,0.5734153173211729
8.509999999999863,15.056995708443553,0.5735998365121353
8.519999999999863,15.047864170918833,0.5732519684159555
8.529999999999863,15.047601491903867,0.5732419615963378
8.539999999999862,15.053500105620277,0.5734666706902962
8.549999999999862,15.040594699617326,0.5729750361758981
8.559999999999862,15.040334776902354,0.5729651343581849
8.569999999999862,15.040074831823745,0.5729552316885236
8.579999999999862,15.029170220867465,0.5725398179378082
8.589999999999861,15.030703575782752,0.5725982314583905
8.599999999999861,15.030445173213938,0.572588387551007
8.60999999999986,15.019720749308528,0.5721798380688963
8.61999999999986,15.023339778511648,0.5723177058480627
8.62999999999986,15.023083560769429,0.5723079451721687
8.63999999999986,15.018426719090604,0.572130541679642
8.64999999999986,15.027636443772822,0.5724813883342027
8.65999999999986,15.027383113192169,0.5724717376454159
8.66999999999986,15.027129782611516,0.5724620869566291
8.67999999999986,15.02277522661599,0.5722961991091805
8.68999999999986,15.03324339511752,0.5726949864806674
8.699999999999859,15.03299315643684,0.5726854535785463
8.709999999999859,15.028734084602494,0.5725232032229521
8.719999999999859,15.03496922146909,0.5727607322464415
8.729999999999858,15.034721888895964,0.5727513100531796
8.739999999999858,15.036492603143401,0.5728187658340342
8.749999999999858,15.04084582618705,0.5729846029023637
8.759999999999858,15.040601947731387,0.572975312294529
8.769999999999857,15.040358046908848,0.5729660208346227
8.779999999999857,15.050199711230778,0.5733409413802201
8.789999999999857,15.048266055742838,0.5732672783140128
8.799999999999857,15.048024566221494,0.5732580787131998
8.809999999999857,15.058256662116912,0.573647872842549
8.819999999999856,15.052398524896036,0.5734247057103251
8.829999999999856,15.052159343072924,0.5734155940218256
8.839999999999856,15.054859221986762,0.5735184465518766
8.849999999999856,15.057213931056781,0.573608149754544
8.859999999999856,15.056977517506809,0.5735991435240688
8.869999999999855,15.056741081588406,0.5735901364414631
8.879999999999855,15.06383570162814,0.5738604076810719
8.889999999999855,15.057286194650686,0.5736109026533595
8.899999999999855,15.057051602245673,0.5736019657998351
8.909999999999854,15.054839243931701,0.5735176854831123
8.919999999999854,15.055192185420156,0.5735311308731488
8.929999999999854,15.054959436601582,0.5735222642514888
8.939999999999854,15.05625728477959,0.5735717060868415
8.949999999999854,15.044025631637293,0.5731057383480873
8.959999999999853,15.043794791536527,0.5730969444394867
8.969999999999853,15.043563951435763,0.5730881505308861
8.979999999999853,15.045356042841012,0.5731564206796576
8.989999999999853,15.036788720385836,0.572830046490889
8.999999999999853,15.036559399909919,0.5728213104727587
9.009999999999852,15.026485244261911,0.5724375331147394
9.019999999999852,15.028918577209527,0.5725302315127438
9.029999999999852,15.028690571496826,0.5725215455808315
9.039999999999852,15.02592982738495,0.5724163743765694
9.049999999999851,15.027956161473158,0.5724935680561203
9.059999999999851,15.02773044361736,0.5724849692806613
9.069999999999851,15.027504703392704,0.5724763696530554
9.07999999999985,15.023184351521707,0.5723117848198744
9.08999999999985,15.030840607887162,0.5726034517290347
9.09999999999985,15.030617649342258,0.5725949580701812
9.10999999999985,15.030767293898036,0.5726006588151632
9.11999999999985,15.039929605761476,0.5729496992671038
9.12999999999985,15.039709815074804,0.5729413262885639
9.13999999999985,15.02748463894934,0.5724756052933082
9.14999999999985,15.049261177401016,0.5733051877105149
9.15999999999985,15.04904485394523,0.5732969468169611
9.169999999999849,15.048828530489445,0.5732887059234074
9.179999999999849,15.05011760017434,0.5733378133399748
9.189999999999849,15.046782682839789,0.5732107688700872
9.199999999999848,15.046568692068318,0.5732026168406977
9.209999999999848,15.051711113204169,0.573398518598254
9.219999999999848,15.052389365857886,0.573424356794586
9.229999999999848,15.052177774946172,0.5734162961884255
9.239999999999847,15.054202179708808,0.5734934163698593
9.249999999999847,15.05130204779185,0.5733829351539752
9.259999999999847,15.051093592131513,0.5733749939859624
9.269999999999847,15.050885136471178,0.5733670528179496
9.279999999999847,15.051475412691248,0.5733895395310952
9.289999999999846,15.04882269330605,0.5732884835545161
9.299999999999846,15.048616106132823,0.5732806135669646
9.309999999999846,15.053732254153909,0.5734755144439584
9.319999999999846,15.047660447545766,0.5732442075255529
9.329999999999846,15.047455918127481,0.5732364159286659
9.339999999999845,15.059606667920097,0.5736993016350512
9.349999999999845,15.04974437147558,0.5733235951038316
9.359999999999845,15.049542152269893,0.5733158915150435
9.369999999999845,15.049339933064203,0.5733081879262553
9.379999999999844,15.046206471043105,0.5731888179444992
9.389999999999844,15.04106147109502,0.5729928179464769
9.399999999999844,15.04086063454451,0.572985167030267
9.409999999999844,15.046148686751371,0.5731866166381474
9.419999999999844,15.037932865212671,0.5728736329604827
9.429999999999843,15.037733480552134,0.5728660373543669
9.439999999999843,15.04303805768231,0.5730681164831356
9.449999999999843,15.037648858800724,0.5728628136685989
9.459999999999843,15.037451820277836,0.5728553074391556
9.469999999999843,15.037254781754948,0.5728478012097122
9.479999999999842,15.037319020466487,0.5728502483987232
9.489999999999842,15.044623373885328,0.5731285094813457
9.499999999999842,15.04442909205761,0.5731211082688613
9.509999999999842,15.043621126231127,0.5730903286183285
9.519999999999841,15.045343353730843,0.5731559372849845
9.529999999999841,15.045151785110804,0.5731486394327925
9.539999999999841,15.046037906108031,0.573182396423163
9.54999999999984,15.043201975943512,0.5730743609883242
9.55999999999984,15.04301367231394,0.5730671875167215
9.56999999999984,15.042825346310735,0.5730600131927899
9.57999999999984,15.043233943365195,0.5730755787948645
9.58999999999984,15.043678397255999,0.5730925103716571
9.59999999999984,15.043491928853499,0.5730854068134665
9.60999999999984,15.036016850845613,0.5728006419369757
9.61999999999984,15.037902764290541,0.5728724862586873
9.62999999999984,15.037718507260045,0.5728654669432398
9.639999999999839,15.039746282745291,0.5729427155331539
9.649999999999839,15.032957992441665,0.5726841139977776
9.659999999999838,15.032775692606544,0.572677169242154
9.669999999999838,15.032593392771426,0.5726702244865305
9.679999999999838,15.040465487479958,0.5729701138087603
9.689999999999838,15.037427007251424,0.5728543621810066
9.699999999999838,15.037245899069164,0.5728474628216824
9.709999999999837,15.031226637704721,0.5726181576268464
9.719999999999837,15.03344570100744,0.5727026933717119
9.729999999999837,15.033265707099812,0.5726958364609451
9.739999999999837,15.029297977000292,0.5725446848381063
9.749999999999837,15.02748463715137,0.572475605224814
9.759999999999836,15.027305877168919,0.5724687953207207
9.769999999999836,15.027127139560935,0.5724619862689879
9.779999999999836,15.021037731728422,0.5722300088277493
9.789999999999836,15.025628365910793,0.5724048901299349
9.799999999999836,15.025450158636897,0.5723981012814056
9.809999999999835,15.02923919149403,0.5725424453902487
9.819999999999835,15.02384478652123,0.5723369442484277
9.829999999999835,15.023667620003577,0.5723301950477553
9.839999999999835,15.013107266250728,0.5719278958571705
9.849999999999834,15.023589704177645,0.572327226825815
9.859999999999834,15.023413851641937,0.5723205276815976
9.869999999999834,15.023237976730307,0.5723138276849641
9.879999999999834,15.024834061688972,0.5723746309214847
9.889999999999834,15.029123375556791,0.5725380333545443
9.899999999999833,15.028949511368907,0.5725314099569107
9.909999999999833,15.028640362220504,0.5725196328464953
9.919999999999833,15.037914577050575,0.5728729362685933
9.929999999999833,15.03774284582408,0.5728663941266315
9.939999999999833,15.05456541496436,0.5735072539034042
9.949999999999832,15.048648297776717,0.5732818399153035
9.959999999999832,15.048479093381308,0.5732753940335736
9.969999999999832,15.048309888985894,0.5732689481518436
9.979999999999832,15.051208710177674,0.5733793794353399
9.989999999999831,15.056028948287521,0.5735630075538103
9.999999999999831,15.055861374863293,0.5735566238043158
10.009999999999831,15.049073878713369,0.573298052522414
10.01999999999983,15.053592362505867,0.5734701852383187
10.02999999999983,15.053426536265771,0.5734638680482198
10.03999999999983,15.067977855662782,0.5740182040252488
10.04999999999983,15.061774821144791,0.573781897948373
10.05999999999983,15.061610672021073,0.5737756446484218
10.06999999999983,15.061446545275112,0.5737693922009566
10.07999999999983,15.056153488483377,0.5735677519422239
10.08999999999983,15.056215252659523,0.5735701048632199
10.09999999999983,15.056051788790185,0.5735638776681975
10.109999999999829,15.064671351759706,0.5738922419717983
10.119999999999829,15.055579566368642,0.5735458882426149
10.129999999999828,15.055417242579997,0.573539704479238
10.139999999999828,15.065620403620812,0.5739283963284119
10.149999999999828,15.038088846168984,0.5728795750921517
10.159999999999828,15.03792745593737,0.5728734268928521
10.169999999999828,15.037766065705751,0.5728672786935524
10.179999999999827,15.0458356558027,0.5731746916496266
10.189999999999827,15.035830612306198,0.5727935471354741
10.199999999999827,15.035669906480413,0.5727874250087776
10.209999999999827,15.037639053779609,0.572862440143985
10.219999999999827,15.033229307303507,0.5726944498020383
10.229999999999826,15.03306923739828,0.5726883519008868
10.239999999999826,15.031083785694607,0.5726127156455088
10.249999999999826,15.029401733423011,0.5725486374637337
10.259999999999826,15.029243182231424,0.5725425974183399
10.269999999999825,15.029084653416293,0.5725365582253825
10.279999999999825,15.040344089973436,0.5729654891418451
10.289999999999825,15.039842698982362,0.5729463885326613
10.299999999999825,15.03968644919257,0.5729404361597169
10.309999999999825,15.03472497660425,0.5727514276801619
10.319999999999824,15.03948986884723,0.5729329473846564
10.329999999999824,15.039336167369639,0.5729270920902719
10.339999999999824,15.035310707628458,0.5727737412429889
10.349999999999824,15.038723754285625,0.5729037620680237
10.359999999999824,15.03857247797028,0.5728979991607726
10.369999999999823,15.038421179276545,0.5728922354010112
10.379999999999823,15.030513597465543,0.5725909941891635
10.389999999999823,15.035970516147673,0.5727988768056256
10.399999999999823,15.03582064610776,0.5727931674707718
10.409999999999823,15.027126561240065,0.5724619642377167
10.419999999999822,15.033572583996571,0.5727075270093931
10.429999999999822,15.03342424976952,0.572701876181696
10.439999999999822,15.029787730045589,0.5725633420969748
10.449999999999822,15.035062602790033,0.5727642896300964
10.459999999999821,15.034915773676369,0.5727586961400521
10.469999999999821,15.034768944562707,0.5727531026500078
10.479999999999821,15.031783841081316,0.5726393844221453
10.48999999999982,15.030375857541618,0.5725857469539664
10.49999999999982,15.030230334186696,0.5725802032071121
10.50999999999982,15.029098113365047,0.572537070985335
10.51999999999982,15.026712100073977,0.5724461752409133
10.52999999999982,15.026567009555864,0.5724406479830805
10.53999999999982,15.025368070010062,0.5723949740956213
10.54999999999982,15.020370392395149,0.572204586376958
10.55999999999982,15.020225864109172,0.5721990805374922
10.569999999999819,15.020081358202475,0.5721935755505704
10.579999999999819,15.024779425263224,0.5723725495338371
10.589999999999819,15.018803074640498,0.5721448790339237
10.599999999999818,15.01865857658854,0.5721393743462301
10.609999999999818,15.020544167413119,0.5722112063776426
10.619999999999818,15.021822273773498,0.5722598961437523
10.629999999999818,15.021678291749984,0.5722544111142851
10.639999999999818,15.018042550491064,0.5721159066853738
10.649999999999817,15.025143764171034,0.5723864291112775
10.659999999999817,15.025000475593947,0.572380970498817
10.669999999999817,15.024857187016858,0.5723755118863565
10.679999999999817,15.019491472290545,0.5721711037063064
10.689999999999817,15.031460152772295,0.5726270534389445
10.699999999999816,15.031318489450191,0.5726216567409597
10.709999999999816,15.019779779027788,0.5721820868201062
10.719999999999816,15.033861448554065,0.5727185313734882
10.729999999999816,15.033721477034552,0.5727131991251257
10.739999999999815,15.032059629833187,0.5726498906603118
10.749999999999815,15.032720272128516,0.5726750579858482
10.759999999999815,15.03258191076611,0.5726697870768042
10.769999999999815,15.032443549403705,0.5726645161677602
10.779999999999815,15.027213705371464,0.572465284014151
10.789999999999814,15.02883515019192,0.5725270533406446
10.799999999999814,15.028697295290094,0.5725218017253368
10.809999999999814,15.023187037714388,0.5723118871510242
10.819999999999814,15.02957849430862,0.5725553712117569
10.829999999999814,15.02944196279807,0.572550170011355
10.839999999999813,15.028713449307775,0.5725224171164867
10.849999999999813,15.024795874434027,0.5723731761689153
10.859999999999813,15.024660237825836,0.5723680090600318
10.869999999999813,15.02452460121764,0.5723628419511482
10.879999999999812,15.034509474327677,0.5727432180696258
10.889999999999812,15.022792156856196,0.5722968440707122
10.899999999999812,15.02265685501289,0.5722916897147767
10.909999999999812,15.027549869111525,0.5724780902518676
10.919999999999812,15.026146774839841,0.5724246390415177
10.929999999999811,15.026011802622515,0.5724194972427624
10.939999999999811,15.031698307310334,0.5726361259927746
10.949999999999811,15.017151205437573,0.572081950683336
10.95999999999981,15.01701677641544,0.572076829577731
10.96999999999981,15.016882369776537,0.5720717093248204
10.97999999999981,15.016251766936412,0.5720476863594823
10.98999999999981,15.011598747913856,0.5718704284919564
10.99999999999981,15.011464201211803,0.5718653029033067
11.00999999999981,15.013661489429158,0.5719490091211107
11.01999999999981,15.010475684902204,0.5718276451391315
11.02999999999981,15.010341443522519,0.5718225311818101
11.039999999999809,15.015395067003933,0.5720150501715784
11.049999999999809,15.003703504566976,0.5715696573168372
11.059999999999809,15.003569681510003,0.5715645592956191
11.069999999999808,15.003435858453026,0.5715594612744009
11.079999999999808,15.002542093683948,0.5715254130927218
11.089999999999808,15.001804998338267,0.5714973332700292
11.099999999999808,15.001672859076768,0.5714922993934006
11.109999999999808,15.004799129660702,0.5716113954156458
11.119999999999807,15.005716994791168,0.5716463617063302
11.129999999999807,15.005585538185429,0.5716413538356353
11.139999999999807,15.000837958198899,0.5714604936456723
11.149999999999807,15.009441579647287,0.5717882506532299
11.159999999999807,15.009311234398933,0.5717832851199592
11.169999999999806,15.0091809115383,0.5717783204395542
11.179999999999806,15.013687883971857,0.5719500146274993
11.189999999999806,15.01199591037865,0.5718855584906152
11.199999999999806,15.01186587736462,0.5718806048519854
11.209999999999805,15.016993383598322,0.5720759384227931
11.219999999999805,15.01233830824947,0.5718986022190273
11.229999999999805,15.012208709980474,0.5718936651421133
11.239999999999805,15.016426951426181,0.5720543600543306
11.249999999999805,15.008233379501771,0.5717422239810198
11.259999999999804,15.008103993721239,0.5717372949989042
11.269999999999804,15.007974607940705,0.5717323660167887
11.279999999999804,15.002928548030141,0.5715401351630529
11.289999999999804,15.004341431058014,0.5715939592784005
11.299999999999804,15.00421167013056,0.5715890160049737
11.309999999999803,14.998615694287851,0.5713758359728704
11.319999999999803,15.000672057364019,0.5714541736138673
11.329999999999803,15.00054266977216,0.5714492445627489
11.339999999999803,15.003652014381862,0.5715676957859757
11.349999999999802,14.999145187961366,0.5713960071604329
11.359999999999802,14.999015435036384,0.5713910641918621
11.369999999999802,14.998885682111402,0.5713861212232915
11.379999999999802,15.00376103359954,0.57157184889903
11.389999999999802,14.995147374967559,0.5712437095225736
11.399999999999801,14.995017134434173,0.5712387479784446
11.409999999999801,14.98865055589306,0.5709962116530689
11.419999999999801,14.987713381325412,0.5709605097647775
11.4299999999998,14.987582766933022,0.5709555339784008
11.4399999999998,14.980000722632623,0.5706666941955284
11.4499999999998,14.985397936266732,0.5708723023339707
11.4599999999998,14.985267157160562,0.5708673202727833
11.4699999999998,14.985136378054392,0.5708623382115958
11.4799999999998,14.995718162203698,0.571265453798236
11.4899999999998,14.996801554112077,0.5713067258709362
11.4999999999998,14.996671726831051,0.5713017800697543
11.509999999999799,14.997902797425967,0.5713486779971796
11.519999999999799,15.007175867141324,0.5717019377958599
11.529999999999799,15.007047370985235,0.5716970427041994
11.539999999999798,15.00273346732294,0.5715327035170643
11.549999999999798,15.013650995118795,0.5719486093378587
11.559999999999798,15.013523480314436,0.5719437516310261
11.569999999999798,15.013395965510071,0.5719388939241932
11.579999999999798,15.004154652342116,0.5715868438987473
11.589999999999797,15.013154658616996,0.5719297012806474
11.599999999999797,15.013027599519042,0.5719248609340587
11.609999999999797,15.009849696356508,0.5718037979564383
11.619999999999797,15.014835780147209,0.5719937440056079
11.629999999999797,15.014709324170504,0.5719889266350667
11.639999999999796,15.007093708267314,0.5716988079339929
11.649999999999796,15.023098218825355,0.5723085035742992
11.659999999999796,15.022972160761976,0.572303701362361
11.669999999999796,15.022846125084786,0.5722989000032299
11.679999999999795,15.026347599325689,0.5724322894981214
11.689999999999795,15.018433451658762,0.5721307981584289
11.699999999999795,15.01830743043978,0.5721259973500868
11.709999999999795,15.0163964114793,0.5720531966277829
11.719999999999795,15.02063374888337,0.5722146190050807
11.729999999999794,15.020507930430929,0.5722098259211782
11.739999999999794,15.026091777076774,0.5724225438886389
11.749999999999794,15.01574839831701,0.5720285104120765
11.759999999999794,15.015622445376076,0.5720237122048029
11.769999999999794,15.015496492435137,0.572018913997529
11.779999999999793,15.021677777911288,0.5722543915394775
11.789999999999793,15.019221437981876,0.5721608166850238
11.799999999999793,15.019094879697859,0.5721559954170612
11.809999999999793,15.02095436343283,0.5722268328926792
11.819999999999792,15.01629766911253,0.5720494350138107
11.829999999999792,15.016170997179591,0.5720446094163654
11.839999999999792,15.027398136168005,0.5724723099492572
11.849999999999792,15.018345220608243,0.572127436975552
11.859999999999792,15.01821859195777,0.5721226130269627
11.869999999999791,15.018091940921963,0.5721177882255986
11.879999999999791,15.009263074014543,0.5717814504386491
11.889999999999791,15.019683669035526,0.5721784254870677
11.89999999999979,15.019558383873287,0.5721736527189824
11.90999999999979,15.030363738095689,0.5725852852607881
11.91999999999979,15.032192276018627,0.5726549438483286
11.92999999999979,15.032068287655795,0.5726502204821254
11.93999999999979,15.028610016028678,0.5725184768010925
11.94999999999979,15.038438059685818,0.5728928784642215
11.95999999999979,15.03831546543285,0.5728882082069656
11.96999999999979,15.038192848794253,0.5728835370969239
11.979999999999789,15.043594421525539,0.573089311296211
11.989999999999789,15.041737318560733,0.5730185645165993
11.999999999999789,15.04161520439695,0.5730139125484551
12.009999999999788,15.039239875663917,0.5729234238348159
12.019999999999788,15.041004732293542,0.5729906564683254
12.029999999999788,15.040883521836781,0.5729860389271154
12.039999999999788,15.040074227242263,0.572955208656848
12.049999999999788,15.029045015674539,0.5725350482161728
12.059999999999787,15.02892422255445,0.5725304465735028
12.069999999999787,15.028803451820838,0.572525845783651
12.079999999999787,15.025682406814404,0.5724069488310248
12.089999999999787,15.03017866996049,0.5725782350461138
12.099999999999786,15.030057815631755,0.5725736310716859
12.109999999999786,15.014112972405899,0.5719662084726056
12.119999999999786,15.022615778168088,0.5722901248825938
12.129999999999786,15.022495067473747,0.5722855263799522
12.139999999999786,15.012876937847867,0.5719191214418234
12.149999999999785,15.016896333905352,0.5720722412916324
12.159999999999785,15.01677540094457,0.5720676343216979
12.169999999999785,15.016654467983795,0.5720630273517635
12.179999999999785,15.010030951286742,0.5718107029061615
12.189999999999785,15.009504292591421,0.5717906397177683
12.199999999999784,15.009382746325857,0.571786009383842
12.209999999999784,15.006956585795706,0.5716935842207888
12.219999999999784,15.008820614358092,0.5717645948326892
12.229999999999784,15.008698850426553,0.5717599562067258
12.239999999999783,15.01120198732566,0.5718553138028822
12.249999999999783,15.007867163188985,0.5717282728833899
12.259999999999783,15.007745315913326,0.5717236310824123
12.269999999999783,15.007623468637663,0.5717189892814347
12.279999999999783,15.01101162800715,0.5718480620193199
12.289999999999782,15.016603146516713,0.5720610722482556
12.299999999999782,15.016482021432351,0.5720564579593276
12.309999999999782,15.02517645498358,0.5723876744755649
12.319999999999782,15.030082192771838,0.5725745597246414
12.329999999999782,15.02996236814159,0.5725699949768224
12.339999999999781,15.0339068009023,0.5727202590819923
12.349999999999781,15.039331228472149,0.5729269039417961
12.359999999999781,15.039212570967067,0.5729223836558882
12.36999999999978,15.039093913461983,0.5729178633699803
12.37999999999978,15.038946461107146,0.5729122461374151
12.38999999999978,15.040068427990333,0.572954987732965
12.39999999999978,15.039950492427309,0.5729504949496117
12.40999999999978,15.038963960777703,0.5729129127915316
12.41999999999978,15.040625401473251,0.5729762057704095
12.42999999999978,15.040508340320901,0.572971746297939
12.43999999999978,15.03825761238023,0.5728860042811516
12.449999999999779,15.033377101444785,0.5727000800550394
12.459999999999779,15.033260832032244,0.5726956507440855
12.469999999999779,15.033144562619709,0.5726912214331317
12.479999999999778,15.033587408628796,0.5727080917572874
12.489999999999778,15.030277390289111,0.5725819958205375
12.499999999999778,15.030161163997573,0.5725775681522884
12.509999999999778,15.025162294369187,0.5723871350235881
12.519999999999778,15.03012541601815,0.5725762063245009
12.529999999999777,15.03000994827899,0.5725718075534852
12.539999999999777,15.036358248987636,0.5728136475804813
12.549999999999777,15.01939988979929,0.5721676148494967
12.559999999999777,15.019284669438461,0.5721632255024175
12.569999999999776,15.019169449077626,0.5721588361553381
12.579999999999776,15.021234326454724,0.5722374981506562
12.589999999999776,15.016913324166419,0.5720728885396731
12.599999999999776,15.016797959506357,0.5720684936954802
12.609999999999776,15.015861701043638,0.5720328267064243
12.619999999999775,15.013604292715117,0.5719468301986711
12.629999999999775,15.013488838326685,0.5719424319362546
12.639999999999775,15.013201433519443,0.5719314831816931
12.649999999999775,15.009166650143305,0.5717777771483163
12.659999999999775,15.009051515017127,0.5717733910482714
12.669999999999774,15.008936379890947,0.5717690049482265
12.679999999999774,15.010496082040317,0.5718284221729644
12.689999999999774,15.01530715642286,0.5720117011970614
12.699999999999774,15.015193003958679,0.5720073525317592
12.709999999999773,15.020913766205991,0.5722252863316568
12.719999999999773,15.029890224495002,0.5725672466474286
12.729999999999773,15.029777218586252,0.5725629416604286
12.739999999999773,15.033785620204819,0.5727156426744693
12.749999999999773,15.035070808429008,0.5727646022258669
12.759999999999772,15.034958849336682,0.5727603371175879
12.769999999999772,15.03484691262808,0.572756072862022
12.779999999999772,15.038689836090793,0.5729024699463159
12.789999999999772,15.036804922809392,0.572830663726072
12.799999999999772,15.036693400199848,0.5728264152457084
12.809999999999771,15.0385018018393,0.5728953067367352
12.819999999999771,15.039287038600428,0.5729252205181115
12.829999999999771,15.039176138406686,0.572920995748826
12.83999999999977,15.03405673090358,0.5727259707010888
12.84999999999977,15.037133172659686,0.5728431684822737
12.85999999999977,15.03702269128499,0.5728389596679996
12.86999999999977,15.036912232293359,0.5728347517064136
12.87999999999977,15.04319807417699,0.5730742123495995
12.88999999999977,15.033711932938669,0.5727128355405207
12.89999999999977,15.033601464659634,0.5727086272251288
12.90999999999977,15.0394032708714,0.5729296484141485
12.919999999999769,15.036859737663624,0.5728327519109951
12.929999999999769,15.03674944148299,0.5728285501517328
12.939999999999769,15.04572161108086,0.5731703470887946
12.949999999999768,15.02919281952582,0.5725406788390788
12.959999999999768,15.029082439781195,0.5725364738964265
12.969999999999768,15.02897206003657,0.5725322689537741
12.979999999999768,15.027921588287835,0.5724922509823936
12.989999999999768,15.021448962936095,0.5722456747785178
12.999999999999767,15.021337990164193,0.5722414472443502
13.009999999999767,15.020812725357178,0.5722214371564639
13.019999999999767,15.018638299814299,0.5721386018976875
13.029999999999767,15.01852750961973,0.5721343813188469
13.039999999999766,15.01650886104917,0.5720574804209207
13.049999999999766,15.020386660104249,0.5722052060992094
13.059999999999766,15.020275788224923,0.5722009824085684
13.069999999999766,15.0201649163456,0.5721967587179275
13.079999999999766,15.021463137180657,0.5722462147497392
13.089999999999765,15.017662857234242,0.5721014421803521
13.099999999999765,15.017552726499098,0.572097246723775
13.109999999999765,15.012382333427576,0.5719002793686695
13.119999999999765,15.022447505216975,0.5722837144844561
13.129999999999765,15.022338063532981,0.5722795452774468
13.139999999999764,15.01634410034936,0.5720512038228327
13.149999999999764,15.021153377652713,0.5722344143867699
13.159999999999764,15.021044366766723,0.5722302615911132
13.169999999999764,15.020935333498223,0.5722261079427894
13.179999999999763,15.013142171377513,0.5719292255762861
13.189999999999763,15.019808501342538,0.5721831810035252
13.199999999999763,15.019699127271416,0.5721790143722444
13.209999999999763,15.016751314498302,0.5720667167427924
13.219999999999763,15.02218605889377,0.5722737546245245
13.229999999999762,15.022076696708499,0.572269588446038
13.239999999999762,15.023390070586808,0.5723196217366403
13.249999999999762,15.025487998087737,0.5723995427842947
13.259999999999762,15.025378017217722,0.5723953530368655
13.269999999999762,15.025268013965597,0.5723911624367846
13.279999999999761,15.01935071486862,0.5721657415188045
13.289999999999761,15.01880667442539,0.5721450161685863
13.299999999999761,15.01869597110402,0.5721407988992007
13.30999999999976,15.022084192144764,0.5722698739864671
13.31999999999976,15.024635741720068,0.5723670758750502
13.32999999999976,15.024524693004741,0.5723628454477996
13.33999999999976,15.02297864045125,0.5723039482076666
13.34999999999976,15.024189301590019,0.5723500686320007
13.35999999999976,15.024077735085063,0.5723458184794309
13.36999999999976,15.023966190961916,0.5723415691795015
13.37999999999976,15.02930917543582,0.5725451114451741
13.389999999999759,15.025344841622953,0.5723940892046839
13.399999999999759,15.025232885278164,0.5723898242010729
13.409999999999759,15.031332571469557,0.5726221931988402
13.419999999999758,15.027585312319017,0.5724794404692959
13.429999999999758,15.027473282459852,0.5724751726651371
13.439999999999758,15.033196009524818,0.5726931813152312
13.449999999999758,15.025506758883774,0.5724002574812865
13.459999999999757,15.025394680546967,0.5723959878303606
13.469999999999757,15.025282579830051,0.572391717326859
13.479999999999757,15.031422936574447,0.5726256356790265
13.489999999999757,15.033691362596745,0.5727120519084473
13.499999999999757,15.033580338917613,0.5727078224349567
13.509999999999756,15.039575567838128,0.5729362121081191
13.519999999999756,15.03833718268617,0.5728890355309016
13.529999999999756,15.038226651111017,0.5728848248042292
13.539999999999756,15.034525345765612,0.5727438226958328
13.549999999999756,15.045314978925209,0.5731548563400078
13.559999999999755,15.045204955595134,0.5731506649750526
13.569999999999755,15.04509490988578,0.5731464727575535
13.579999999999755,15.043694112855462,0.5730931090611604
13.589999999999755,15.045562655397413,0.5731642916341871
13.599999999999755,15.045452925349194,0.573160111441874
13.609999999999754,15.05343400472099,0.5734641525607995
13.619999999999754,15.042574319254154,0.5730504502573011
13.629999999999754,15.04246493594344,0.5730462832740358
13.639999999999754,15.044149045899013,0.5731104398437719
13.649999999999753,15.034361905346769,0.5727375963941626
13.659999999999753,15.034252433652265,0.5727334260438958
13.669999999999753,15.03414296195776,0.572729255693629
13.679999999999753,15.02852168387108,0.5725151117665173
13.689999999999753,15.028995150899913,0.5725331486057109
13.699999999999752,15.028885059003343,0.5725289546286988
13.709999999999752,15.022531522729798,0.5722869151516113
13.719999999999752,15.020889771279158,0.572224372239206
13.729999999999752,15.0207793302217,0.5722201649608266
13.739999999999752,15.023404475354878,0.5723201704897096
13.749999999999751,15.01520868988343,0.5720079500907973
13.759999999999751,15.015097286874852,0.572003706166661
13.76999999999975,15.014985906242432,0.5719994630949498
13.77999999999975,15.016823663641452,0.5720694729006267
13.78999999999975,15.01209491197409,0.5718893299799653
13.79999999999975,15.011982638969563,0.5718850529131262
13.80999999999975,14.995702711904848,0.5712648652154227
13.81999999999975,14.999699032953176,0.5714171060172638
13.82999999999975,14.999586121791854,0.5714128046396896
13.83999999999975,15.001010257247849,0.5714670574189656
13.84999999999975,14.998786566359719,0.5713823453851321
13.859999999999749,14.998672745820274,0.5713780093645818
13.869999999999749,14.998558947656145,0.5713736741964245
13.879999999999749,15.007376701959437,0.5717095886460737
13.889999999999748,15.005948624278865,0.5716551856868138
13.899999999999748,15.00583466663204,0.5716508444431253
13.909999999999748,15.004860417951742,0.5716137302076854
13.919999999999748,15.010490901546886,0.5718282248208337
13.929999999999747,15.010377131083247,0.5718238907079332
13.939999999999747,15.012214522283235,0.5718938865631709
13.949999999999747,15.01330705881561,0.5719355070024994
13.959999999999747,15.013193002238475,0.5719311619900371
13.969999999999747,15.013078945661343,0.571926816977575
13.979999999999746,15.010745612268737,0.571837928086428
13.989999999999746,15.01224707189717,0.5718951265484635
13.999999999999746,15.012132364634418,0.5718907567479777
14.009999999999746,15.015778098344246,0.5720296418416855
14.019999999999746,15.018104525950328,0.5721182676552505
14.029999999999745,15.017989524060638,0.5721138866308814
14.039999999999745,15.010624305428115,0.5718333068734519
14.049999999999745,15.014254942580678,0.5719716168602162
14.059999999999745,15.014139053967497,0.5719672020559046
14.069999999999744,15.014023142981133,0.5719627863992812
14.079999999999744,15.004755405084143,0.5716097297174911
14.089999999999744,15.007308467892758,0.5717069892530574
14.099999999999744,15.007191909123637,0.5717025489189956
14.109999999999744,15.00625822997012,0.5716669801893378
14.119999999999743,15.005614525947054,0.5716424581313163
14.129999999999743,15.005497658592985,0.5716380060416375
14.139999999999743,15.011834990367065,0.5718794282044596
14.149999999999743,14.998464077978026,0.5713700601134486
14.159999999999743,14.998346381663996,0.5713655764443426
14.169999999999742,14.998228685349966,0.5713610927752367
14.179999999999742,15.000539344338485,0.5714491178795613
14.189999999999742,14.9944473749297,0.5712170428544647
14.199999999999742,14.99432859460115,0.5712125178895676
14.209999999999742,14.999217214068642,0.5713987510121387
14.219999999999741,14.9919520192904,0.5711219816872533
14.229999999999741,14.991832440649262,0.571117426310448
14.23999999999974,14.994662559823544,0.5712252403742302
14.24999999999974,14.99591263252341,0.571272862191368
14.25999999999974,14.995791655128203,0.5712682535286934
14.26999999999974,14.995670677732994,0.5712636448660188
14.27999999999974,15.001773646422091,0.5714961389113177
14.28999999999974,14.999930659768582,0.5714259298959459
14.29999999999974,14.999808876851747,0.5714212905467332
14.30999999999974,14.991505961502805,0.5711049890096306
14.31999999999974,15.001566022738006,0.5714882294376382
14.329999999999739,15.001443605410838,0.5714835659204128
14.339999999999739,14.993809705316663,0.57119275067873
14.349999999999739,14.999682231858069,0.5714164659755454
14.359999999999738,14.99955873022779,0.5714117611515348
14.369999999999738,14.999435228597513,0.5714070563275242
14.379999999999738,14.995607820153845,0.571261250291575
14.389999999999738,14.998307613966562,0.5713640995796785
14.399999999999737,14.998182975139946,0.5713593514339026
14.409999999999737,14.989005210543002,0.5710097223064
14.419999999999737,14.994329761086497,0.5712125623271046
14.429999999999737,14.99420442061842,0.5712077874521302
14.439999999999737,14.985235622721659,0.5708661189608251
14.449999999999736,14.991808476688657,0.5711165133976631
14.459999999999736,14.991681719431568,0.571111684549774
14.469999999999736,14.991554984547465,0.571106856554189
14.479999999999736,14.980614061454041,0.5706900594839635
14.489999999999736,14.985071449551189,0.5708598647448071
14.499999999999735,14.98494341108634,0.5708549870890034
14.509999999999735,14.983876575364036,0.5708143457281537
14.519999999999735,14.988781445155835,0.5710011979106985
14.529999999999735,14.988652492499552,0.5709962854285543
14.539999999999734,14.981716501931876,0.5707320572164524
14.549999999999734,14.990657909951354,0.5710726822838611
14.559999999999734,14.990527745946737,0.5710677236551137
14.569999999999734,14.99039758194212,0.5710627650263664
14.579999999999734,14.999009442211651,0.5713908358937771
14.589999999999733,14.990299623509022,0.5710590332765342
14.599999999999733,14.990168200861008,0.5710540266994669
14.609999999999733,15.00380907342785,0.5715736789877276
14.619999999999733,14.992149084762458,0.5711294889433317
14.629999999999733,14.992016653400341,0.5711244439390606
14.639999999999732,14.995743380304045,0.571266414487773
14.649999999999732,15.001387850395936,0.5714814419198452
14.659999999999732,15.001254010638014,0.5714763432624005
14.669999999999732,15.001120148511516,0.5714712437528197
14.679999999999731,15.0032556843717,0.5715525974998742
14.689999999999731,15.008325898237292,0.5717457485042777
14.699999999999731,15.00819084684117,0.5717406036891874
14.70999999999973,15.016696480463178,0.5720646278271686
14.71999999999973,15.014176202516607,0.5719686172387278
14.72999999999973,15.014040431098767,0.5719634449942387
14.73999999999973,15.01235317272393,0.5718991684847211
14.74999999999973,15.023189159957623,0.5723119679983856
14.75999999999973,15.023052202980134,0.5723067505897194
14.76999999999973,15.022915223635925,0.5723015323289876
14.77999999999973,15.017011779686179,0.57207663922614
14.78999999999973,15.017309214012473,0.5720879700576179
14.799999999999729,15.01717117814805,0.5720827115484971
14.809999999999729,15.011380525382327,0.5718621152526601
14.819999999999729,15.008066994059687,0.571735885487988
14.829999999999728,15.007927991154567,0.5717305901392216
14.839999999999728,15.014058383323794,0.5719641288885254
14.849999999999728,15.00448828481104,0.5715995537070873
14.859999999999728,15.004348074477956,0.571594212361065
14.869999999999727,15.004207886510535,0.571588871867068
14.879999999999727,15.00618049143157,0.5716640187212026
14.889999999999727,15.008049884298533,0.5717352336875631
14.899999999999727,15.00790843348124,0.5717298450849996
14.909999999999727,14.99964623545682,0.5714150946840693
14.919999999999726,15.004108368632691,0.5715850807098167
14.929999999999726,15.003966271362849,0.5715796674804894
14.939999999999726,14.998755059294306,0.5713811451159735
14.949999999999726,15.004394381066648,0.5715959764215865
14.959999999999726,15.00425111739084,0.5715905187577462
14.969999999999725,15.004107853715032,0.5715850610939059
14.979999999999725,15.005277927874836,0.5716296353476128
14.989999999999725,15.004686890519865,0.5716071196388519
14.999999999999725,15.004542814040333,0.5716016310110602
15.009999999999724,15.005400369777085,0.5716342998010318
15.019999999999724,15.003649537498227,0.5715676014285038
15.029999999999724,15.00350484910761,0.5715620894898137
15.039999999999724,15.00078008471474,0.5714582889415138
15.049999999999724,15.000557395760955,0.5714498055527982
15.059999999999723,15.000411871990787,0.5714442617901252
15.069999999999723,15.000266325856376,0.571438717175481
15.079999999999723,15.002745990780989,0.5715331806011805
15.089999999999723,15.00691126537024,0.57169185772839
15.099999999999723,15.006765440726141,0.571686302503853
15.109999999999722,15.008924152272154,0.5717685391341772
15.119999999999722,15.014987036164232,0.5719995061395897
15.129999999999722,15.014841139401856,0.5719939481676897
15.139999999999722,15.023095860033578,0.5723084137155648
15.149999999999721,15.025006284262185,0.5723811917814166
15.159999999999721,15.02486011089476,0.5723756232721813
15.169999999999721,15.024713937527338,0.5723700547629461
15.17999999999972,15.024817020591962,0.5723739817368366
15.18999999999972,15.027828559519557,0.5724887070293164
15.19999999999972,15.02768204378156,0.5724831254773927
15.20999999999972,15.029986414481973,0.5725709110278846
15.21999999999972,15.028980131426518,0.5725325764352959
15.22999999999972,15.028833622284088,0.5725269951346319
15.23999999999972,15.025737876247648,0.5724090619522914
15.24999999999972,15.031897886810873,0.5726437290213665
15.25999999999972,15.031751047960581,0.5726381351604031
15.269999999999719,15.031604186746529,0.5726325404474868
15.279999999999719,15.035737589844063,0.5727900034226309
15.289999999999718,15.030507276339144,0.5725907533843483
15.299999999999718,15.030359908508071,0.5725851393717359
15.309999999999718,15.03394026952729,0.57272153407723
15.319999999999718,15.030393041627953,0.5725864015858267
15.329999999999718,15.030245255382079,0.572580771633603
15.339999999999717,15.042040281858002,0.5730301059755428
15.349999999999717,15.023269697569875,0.5723150360978999
15.359999999999717,15.023121395160219,0.572309386482294
15.369999999999717,15.022973115114391,0.5723037377186434
15.379999999999717,15.022252560156295,0.572276288005954
15.389999999999716,15.022141172437523,0.5722720446642866
15.399999999999716,15.021992235934672,0.5722663708927493
15.409999999999716,15.019340938022287,0.5721653690675157
15.419999999999716,15.018219223463905,0.5721226370843392
15.429999999999715,15.018070197715984,0.5721169599129898
15.439999999999715,15.025626303981229,0.5724048115802373
15.449999999999715,15.02137693087089,0.5722429306998433
15.459999999999715,15.021227661139584,0.5722372442338889
15.469999999999715,15.021078391408281,0.5722315577679344
15.479999999999714,15.0194034478702,0.5721677503950552
15.489999999999714,15.02241441116864,0.5722824537588053
15.499999999999714,15.022265535018242,0.5722767822864092
15.509999999999714,15.017920679775854,0.5721112639914611
15.519999999999714,15.024198723173125,0.5723504275494523
15.529999999999713,15.024050301751146,0.5723447734000436
15.539999999999713,15.023617500680587,0.5723282857402128
15.549999999999713,15.020446878267064,0.5722075001244595
15.559999999999713,15.02029873313493,0.5722018565003782
15.569999999999713,15.020150588002792,0.5721962128762969
15.579999999999712,15.024492489260638,0.5723616186385004
15.589999999999712,15.025606437449614,0.5724040547599852
15.599999999999712,15.025458137872999,0.5723984052523047
15.609999999999712,15.024671254528203,0.5723684287439315
15.619999999999711,15.026643403418838,0.5724435582254794
15.629999999999711,15.026495100753097,0.5724379086001179
15.639999999999711,15.032566676217124,0.5726692067130332
15.64999999999971,15.021021854086117,0.5722294039651853
15.65999999999971,15.020873223999352,0.5722237418666419
15.66999999999971,15.020724571550167,0.5722180789161968
15.67999999999971,15.027051033223701,0.5724590869799505
15.68999999999971,15.023524420102957,0.5723247398134459
15.69999999999971,15.023375294018644,0.5723190588197578
15.70999999999971,15.030519234937147,0.5725912089499865
15.71999999999971,15.025430640152459,0.5723973577200936
15.729999999999709,15.025281142425822,0.5723916625686026
15.739999999999709,15.02944350869742,0.5725502289027589
15.749999999999709,15.021435936074436,0.5722451785171213
15.759999999999708,15.021285607624456,0.5722394517190269
15.769999999999708,15.021135256812604,0.5722337240690515
15.779999999999708,15.019620233669432,0.5721760089016926
15.789999999999708,15.021544681715742,0.5722493212082187
15.799999999999708,15.02139371651723,0.5722435701530373
15.809999999999707,15.020749136298726,0.5722190147161419
15.819999999999707,15.024659842507777,0.5723679940002963
15.829999999999707,15.024508472834823,0.5723622275365646
15.839999999999707,15.028182324362138,0.5725021837852242
15.849999999999707,15.021974072647906,0.5722656789580154
15.859999999999706,15.021822399619323,0.5722599009378789
15.869999999999706,15.021670726590738,0.5722541229177424
15.879999999999706,15.020162841201682,0.5721966796648259
15.889999999999706,15.023541358945364,0.5723253851026805
15.899999999999705,15.023389526705113,0.5723196010173376
15.909999999999705,15.013910581336877,0.5719584983366428
15.919999999999705,15.019397938879695,0.5721675405287503
15.929999999999705,15.019246596282423,0.5721617750964733
15.939999999999705,15.01728930144582,0.5720872114836502
15.949999999999704,15.0142909511973,0.5719729886170399
15.959999999999704,15.014139580694062,0.5719672221216785
15.969999999999704,15.013988210190826,0.5719614556263172
15.979999999999704,15.021178183253573,0.5722353593620408
15.989999999999704,15.017002366084395,0.5720762806127387
15.999999999999703,15.016850728948755,0.5720705039599525
16.009999999999703,15.017550940543131,0.5720971786873573
16.019999999999705,15.019364106059854,0.5721662516594229
16.029999999999706,15.01921228585831,0.5721604680326975
16.039999999999708,15.013332463379616,0.5719364747954139
16.04999999999971,15.014201832833661,0.5719695936317585
16.05999999999971,15.014049990305201,0.5719638091544839
16.069999999999713,15.013898125416548,0.5719580238253922
16.079999999999714,15.008461858770069,0.5717509279531454
16.089999999999716,15.01234348586208,0.5718987994614125
16.099999999999717,15.012191196249455,0.5718929979523601
16.10999999999972,15.014888863474471,0.5719957662275988
16.11999999999972,15.012846717682683,0.5719179701974355
16.129999999999722,15.012694178248548,0.5719121591713732
16.139999999999723,15.025370500293914,0.5723950666778633
16.149999999999725,15.009114727082183,0.5717757991269402
16.159999999999727,15.008961455105139,0.5717699601944815
16.169999999999728,15.008808183128096,0.5717641212620227
16.17999999999973,15.001563159426034,0.5714881203590869
16.18999999999973,15.00257853316628,0.5715268012634773
16.199999999999733,15.002424489030227,0.5715209329154372
16.209999999999734,15.005561626016288,0.5716404428958586
16.219999999999736,15.000062142419164,0.5714309387588252
16.229999999999738,14.99990745445225,0.5714250458838952
16.23999999999974,15.006874665349656,0.5716904634418916
16.24999999999974,15.001894545386772,0.5715007445861627
16.259999999999742,15.001738785507813,0.571494810876488
16.269999999999744,15.001583003269888,0.5714888763150433
16.279999999999745,15.003648901295971,0.5715675771922274
16.289999999999747,15.006176525300546,0.5716638676304969
16.29999999999975,15.006019652829787,0.5716578915363728
16.30999999999975,15.004468938201603,0.5715988166933943
16.31999999999975,15.004240596870194,0.5715901179760073
16.329999999999753,15.004082818317693,0.5715841073644835
16.339999999999755,14.996093271213523,0.571279743665277
16.349999999999756,14.993088584849328,0.5711652794228315
16.359999999999758,14.992929389563136,0.5711592148405004
16.36999999999976,14.992770194276941,0.5711531502581692
16.37999999999976,14.99483526615595,0.5712318196630838
16.389999999999763,14.997534761612577,0.5713346575852409
16.399999999999764,14.997374277022361,0.5713285438865661
16.409999999999766,14.982834209034548,0.5707746365346494
16.419999999999767,14.994482926123034,0.5712183971856394
16.42999999999977,14.994321308713014,0.5712122403319243
16.43999999999977,14.98877983583373,0.5710011366031896
16.449999999999772,14.990806301017757,0.5710783352768669
16.459999999999773,14.990642762283827,0.57107210522986
16.469999999999775,14.990479201192557,0.571065874331145
16.479999999999777,14.993209955538871,0.5711699030681474
16.489999999999778,14.992659454233033,0.5711489315898298
16.49999999999978,14.992494679923427,0.5711426544732734
16.50999999999978,14.993622199216286,0.5711856075891918
16.519999999999783,14.989733446237151,0.5710374646185581
16.529999999999784,14.989567609353072,0.5710311470229741
16.539999999999786,14.999210152454848,0.5713984819982799
16.549999999999788,14.993606451421734,0.5711850076732088
16.55999999999979,14.993439010271237,0.5711786289627138
16.56999999999979,14.993271546764204,0.571172249400541
16.579999999999792,14.99611577592937,0.5712806009877854
16.589999999999794,14.994928201610348,0.5712353600613466
16.599999999999795,14.994759353009234,0.571228927733685
16.609999999999797,15.002842231359052,0.5715368469089163
16.6199999999998,15.006731503128114,0.5716850096429757
16.6299999999998,15.00656183791227,0.5716785462061816
16.6399999999998,15.00554300734666,0.5716397336132061
16.649999999999803,15.014628977702667,0.5719858658172444
16.659999999999805,15.014458060854457,0.5719793546992173
16.669999999999806,15.014287166361854,0.5719728444328325
16.679999999999808,15.020390413242906,0.5722053490759201
16.68999999999981,15.017162423017535,0.5720823780197155
16.69999999999981,15.016990578003078,0.5720758315429744
16.709999999999813,15.016756502958382,0.5720669143984145
16.719999999999814,15.014893886319696,0.5719959575740836
16.729999999999816,15.014721316935814,0.5719893835023167
16.739999999999817,15.02114161220583,0.5722339661792696
16.74999999999982,15.01077978944711,0.5718392300741756
16.75999999999982,15.010606250414892,0.5718326190634244
16.769999999999822,15.010432689027876,0.5718260072010619
16.779999999999824,15.012906877070032,0.5719202619836202
16.789999999999825,15.011094739151018,0.5718512281581339
16.799999999999827,15.01092025290677,0.571844581063115
16.809999999999828,15.012945083963016,0.5719217174843053
16.81999999999983,15.015639940908091,0.5720243787012605
16.82999999999983,15.015464661393741,0.5720177013864282
16.839999999999833,15.018564907469464,0.5721358059988367
16.849999999999834,15.017607959670874,0.5720993508446047
16.859999999999836,15.01743145552448,0.572092626877123
16.869999999999838,15.01725497373245,0.5720859037612361
16.87999999999984,15.008558487426038,0.5717546090448014
16.88999999999984,15.01376482866004,0.5719529458537158
16.899999999999842,15.01358728150321,0.5719461821525031
16.909999999999844,15.010345063869584,0.5718226690997936
16.919999999999845,15.009924697110828,0.5718066551280315
16.929999999999847,15.009746471024634,0.5717998655628431
16.93999999999985,15.006694620156551,0.5716836045773924
16.94999999999985,15.002726249722915,0.5715324285608729
16.95999999999985,15.002546933119262,0.5715255974521624
16.969999999999853,15.00236763886974,0.5715187671950377
16.979999999999855,14.993956849141641,0.5711983561577768
16.989999999999856,15.001045052748678,0.5714683829618543
16.999999999999858,15.000864944469239,0.5714615216940662
17.00999999999986,15.000052161866435,0.5714305585472927
17.01999999999986,15.00425494066247,0.5715906644061893
17.029999999999863,15.004074252795895,0.5715837810588912
17.039999999999864,14.992834567322728,0.5711556025646752
17.049999999999866,15.003352765167067,0.5715562958158882
17.059999999999867,15.003171025083505,0.5715493723841335
17.06999999999987,15.002989284999947,0.5715424489523788
17.07999999999987,15.00676934647592,0.5716864512943207
17.089999999999872,15.00830136054405,0.5717448137350113
17.099999999999874,15.008118305375783,0.5717378402047917
17.109999999999875,15.002211098010001,0.5715128037337143
17.119999999999877,15.007307309279186,0.5717069451153975
17.129999999999878,15.007122937551275,0.5716999214305247
17.13999999999988,15.008470605576685,0.571751261164826
17.14999999999988,15.008367682174026,0.5717473402732962
17.159999999999883,15.008181470626983,0.5717402465000755
17.169999999999884,15.007995281433173,0.5717331535784065
17.179999999999886,15.012904951783227,0.571920188639361
17.189999999999888,15.01361374022137,0.5719471901036712
17.19999999999989,15.013426215549789,0.5719400463066585
17.20999999999989,15.017729955621181,0.5721039983093783
17.219999999999892,15.016171465330018,0.5720446272506673
17.229999999999894,15.015982810614286,0.5720374404043537
17.239999999999895,15.021643281407568,0.572253077386955
17.249999999999897,15.023383698891875,0.5723193790054047
17.2599999999999,15.023193914900416,0.5723121491390634
17.2699999999999,15.023004153261878,0.5723049201242619
17.2799999999999,15.022650129030701,0.5722914334868838
17.289999999999903,15.017551365578838,0.5720971948791937
17.299999999999905,15.017360738502019,0.572089932895315
17.309999999999906,15.024137802111659,0.5723481067471108
17.319999999999908,15.015775758274966,0.5720295526961892
17.32999999999991,15.015584520590172,0.5720222674510541
17.33999999999991,15.017456878996322,0.572093595390336
17.349999999999913,15.011048882967959,0.5718494812559222
17.359999999999914,15.010856652384694,0.5718421581860835
17.369999999999916,15.01066442180143,0.5718348351162449
17.379999999999917,15.008824140013365,0.5717647291433663
17.38999999999992,15.010094786421488,0.5718131347208185
17.39999999999992,15.009901634825848,0.5718057765647941
17.409999999999922,15.009193876728535,0.5717788143515632
17.419999999999924,15.009016838127177,0.5717720700238924
17.429999999999925,15.008822923149081,0.5717646827866316
17.439999999999927,15.013468983293501,0.5719416755540381
17.44999999999993,15.005201967445634,0.5716267416169765
17.45999999999993,15.0050070157508,0.5716193148857447
17.46999999999993,15.004812086408768,0.5716118890060482
17.479999999999933,15.005720633973718,0.5716465003418558
17.489999999999934,15.004308992269966,0.5715927235150463
17.499999999999936,15.004113472975826,0.5715852751609838
17.509999999999938,14.997686110431363,0.571340423254528
17.51999999999994,14.999961835958945,0.5714271175603407
17.52999999999994,14.99976580419161,0.5714196496834898
17.539999999999942,15.001960112774757,0.5715032423914193
17.549999999999944,15.00548202190696,0.5716374103583604
17.559999999999945,15.005285313423027,0.5716299167018295
17.569999999999947,15.005088627291645,0.5716224238968245
17.57999999999995,15.019123220473901,0.5721570750656724
17.58999999999995,15.01165551853276,0.5718725911822002
17.59999999999995,15.011458248147052,0.5718650761198877
17.609999999999953,15.018243659816449,0.5721235679930076
17.619999999999955,15.01381300387314,0.5719547810999291
17.629999999999956,15.013615227946868,0.5719472467789283
17.639999999999958,15.005528648754364,0.5716391866192139
17.64999999999996,15.010953254521333,0.5718458382674793
17.65999999999996,15.010754609060633,0.5718382708213574
17.669999999999963,15.010555941247569,0.5718307025237168
17.679999999999964,15.004009007165143,0.571581295511053
17.689999999999966,15.008545538650427,0.5717541157581114
17.699999999999967,15.008346288092204,0.5717465252606553
17.70999999999997,15.005676452758477,0.5716448172479419
17.71999999999997,15.009756732561632,0.5718002564785383
17.729999999999972,15.009556998897876,0.5717926475770619
17.739999999999974,15.003322761472587,0.5715551528180033
17.749999999999975,15.006422441357188,0.5716732358612262
17.759999999999977,15.006222027036763,0.5716656010299719
17.76999999999998,15.006021635068565,0.571657967050231
17.77999999999998,15.001786263250427,0.5714966195523972
17.78999999999998,14.99674777153838,0.5713046770109859
17.799999999999983,14.996546733902948,0.571297018434398
17.809999999999985,14.99652327961287,0.571296124937633
17.819999999999986,14.99673185733333,0.5713040707555553
17.829999999999988,14.996530362912837,0.5712963947776318
17.83999999999999,14.999337064888609,0.5714033167576612
17.84999999999999,15.007924325983524,0.571730450513658
17.859999999999992,15.007721861865134,0.5717227375948621
17.869999999999994,15.007519397746746,0.5717150246760665
17.879999999999995,15.015848224428614,0.5720323133115662
17.889999999999997,15.01498526895375,0.5719994388172857
17.9,15.014781675270395,0.5719916828674436
17.91,15.011946885930419,0.5718836908925873
17.92,15.019094842572743,0.5721559940027711
17.930000000000003,15.018890303252828,0.5721482020286791
17.940000000000005,15.012885435469629,0.5719194451607478
17.950000000000006,15.026480686629379,0.5724373594906429
17.960000000000008,15.02627482750416,0.5724295172382536
17.97000000000001,15.026068990730838,0.5724216758373653
17.98000000000001,15.022440481197513,0.5722834469027623
17.990000000000013,15.023041984066346,0.5723063612977655
18.000000000000014,15.022835197997868,0.5722984837332521
18.010000000000016,15.035339871677285,0.5727748522543727
18.020000000000017,15.023630795714702,0.5723287922177028
18.03000000000002,15.023423269066777,0.572320886440639
18.04000000000002,15.024248824319544,0.572352336164554
18.050000000000022,15.019588385487793,0.5721747956376302
18.060000000000024,15.019379833536155,0.5721668508013773
18.070000000000025,15.019171281584514,0.5721589059651243
18.080000000000027,15.010997949564278,0.5718475409357819
18.09000000000003,15.015123092114738,0.5720046892234185
18.10000000000003,15.014913687358689,0.5719967118993786
18.11000000000003,15.01522293972223,0.5720084929417992
18.120000000000033,15.015571745437903,0.5720217807785867
18.130000000000035,15.015361616064288,0.5720137758500681
18.140000000000036,15.016792511633916,0.5720682861574825
18.150000000000038,15.014816406947379,0.5719930059789478
18.16000000000004,15.014605249828314,0.5719849618982215
18.17000000000004,15.01439407035711,0.5719769169659851
18.180000000000042,15.008183257719375,0.5717403145797857
18.190000000000044,15.011822928256223,0.571878968695475
18.200000000000045,15.011610869644972,0.5718708902721894
18.210000000000047,15.001635617185842,0.5714908806546987
18.22000000000005,15.000876154335819,0.5714619487366026
18.23000000000005,15.000663247226282,0.5714538379895726
18.24000000000005,14.99794082706859,0.57135012674547
18.250000000000053,15.003878459084158,0.571576322250825
18.260000000000055,15.003664373092546,0.5715681665940017
18.270000000000056,15.003450264748771,0.5715600100856675
18.280000000000058,15.009600038321661,0.5717942871741585
18.29000000000006,15.01271254050642,0.5719128586859589
18.30000000000006,15.012497546910696,0.5719046684537408
18.310000000000063,15.018142743790218,0.5721197235729606
18.320000000000064,15.01575911060226,0.5720289184991337
18.330000000000066,15.01554367782337,0.5720207115361283
18.340000000000067,15.01778004043537,0.5721059063022997
18.35000000000007,15.018408506735359,0.5721298478756327
18.36000000000007,15.018192466001999,0.5721216177524571
18.370000000000072,15.017976425268643,0.5721133876292815
18.380000000000074,15.02204616924882,0.5722684254951931
18.390000000000075,15.022880709962458,0.5723002175223793
18.400000000000077,15.022664366662125,0.5722919758728429
18.41000000000008,15.023521021966932,0.572324610360645
18.42000000000008,15.022723558097582,0.5722942307846697
18.43000000000008,15.022507002789101,0.5722859810586324
18.440000000000083,15.026226483236526,0.5724276755518676
18.450000000000085,15.030973533540708,0.5726085155634555
18.460000000000086,15.030756819518704,0.5726002597911887
18.470000000000088,15.030540105496698,0.5725920040189217
18.48000000000009,15.040283474177775,0.5729631799686771
18.49000000000009,15.034245398872141,0.572733158052272
18.500000000000092,15.034028427369034,0.5727248924712012
18.510000000000094,15.036834455554022,0.5728317887830103
18.520000000000095,15.031763985100676,0.5726386280038352
18.530000000000097,15.031546728766493,0.5726303515720568
18.5400000000001,15.02856389488869,0.5725167198052834
18.5500000000001,15.028912387807948,0.572529995726017
18.5600000000001,15.028694725692214,0.5725217038358938
18.570000000000103,15.028477063576478,0.5725134119457705
18.580000000000105,15.02864041186107,0.5725196347375645
18.590000000000106,15.025858859172816,0.572413670825631
18.600000000000108,15.025640870448472,0.572405366493275
18.61000000000011,15.027435978000062,0.5724737515428594
18.62000000000011,15.023664581629784,0.5723300793001822
18.630000000000113,15.023446166881872,0.572321758738357
18.640000000000114,15.013035264798273,0.571925152944696
18.650000000000116,15.0197482899713,0.5721808872370019
18.660000000000117,15.019528852691328,0.5721725277215743
18.67000000000012,15.019309415411358,0.5721641682061469
18.68000000000012,15.010768864130084,0.5718388138716222
18.690000000000122,15.014151365007468,0.5719676710479035
18.700000000000124,15.013930748744775,0.5719592666188485
18.710000000000125,15.012451117746975,0.5719028997236942
18.720000000000127,15.01063531542816,0.5718337263020251
18.73000000000013,15.010413769335825,0.5718252864508885
18.74000000000013,15.010733118035452,0.5718374521156362
18.75000000000013,15.014802063114233,0.5719924595472088
18.760000000000133,15.01457918186978,0.5719839688331344
18.770000000000135,15.014356300625325,0.5719754781190599
18.780000000000136,15.010956730737556,0.571845970694764
18.790000000000138,15.013367519718988,0.571937810275009
18.80000000000014,15.013143609395058,0.5719292803579069
18.81000000000014,15.013688926357847,0.5719500543374417
18.820000000000142,15.009101421266541,0.5717752922387254
18.830000000000144,15.008876621165697,0.5717667284253598
18.840000000000146,15.00629223513805,0.5716682756243066
18.850000000000147,15.014475044478601,0.5719800016944229
18.86000000000015,15.01424909958421,0.5719713942698746
18.87000000000015,15.014023154689815,0.5719627868453262
18.88000000000015,15.011700863093356,0.5718743185940326
18.890000000000153,15.01445335059243,0.5719791752606639
18.900000000000155,15.014226598351437,0.5719705370800546
18.910000000000156,15.015137302862456,0.5720052305852363
18.920000000000158,15.009341749182418,0.5717844475879016
18.93000000000016,15.009114281676673,0.5717757821591113
18.94000000000016,15.009427059555,0.5717876975068571
18.950000000000163,15.001009357729574,0.5714670231516028
18.960000000000164,15.000780793809257,0.5714583159546384
18.970000000000166,15.000552229888942,0.5714496087576739
18.980000000000167,14.999930319352135,0.5714259169277003
18.99000000000017,14.99881075697104,0.5713832669322301
19.00000000000017,14.998581384869738,0.5713745289474185
19.010000000000172,14.995693615628484,0.5712645186906089
19.020000000000174,14.995168658386277,0.5712445203194771
19.030000000000175,14.994938592410575,0.5712357559013552
19.040000000000177,14.985824293280695,0.5708885445059312
19.05000000000018,14.99819353385213,0.5713597536705572
19.06000000000018,14.997962054307711,0.5713509354021985
19.07000000000018,14.99773055240926,0.5713421162822575
19.080000000000183,14.996449808383758,0.5712933260336669
19.090000000000185,15.000752871715287,0.5714572522558204
19.100000000000186,15.00051959375848,0.5714483654765135
19.110000000000188,14.994148981569062,0.5712056754883451
19.12000000000019,14.99633047895402,0.5712887801506292
19.13000000000019,14.996095638016316,0.5712798338291929
19.140000000000192,14.993119726646823,0.5711664657770218
19.150000000000194,14.991530914778389,0.5711059396106053
19.160000000000196,14.99129407997189,0.5710969173322624
19.170000000000197,14.991057245165388,0.5710878950539195
19.1800000000002,14.994696438701821,0.5712265309981646
19.1900000000002,14.991636277842538,0.5711099534416204
19.200000000000202,14.991398007370734,0.571100876471266
19.210000000000203,14.987915257075203,0.5709682002695315
19.220000000000205,14.98929271592324,0.5710206748923138
19.230000000000206,14.989053171400302,0.5710115493866781
19.240000000000208,14.999868988786567,0.5714235805252025
19.25000000000021,14.998157726827012,0.5713583895934099
19.26000000000021,14.99791662091068,0.571349204606121
19.270000000000213,14.997675514994347,0.5713400196188322
19.280000000000214,15.005244142874924,0.5716283482999971
19.290000000000216,14.998782883465386,0.5713822050843956
19.300000000000217,14.9985407608143,0.5713729813643542
19.31000000000022,14.999660761528057,0.5714156480582117
19.32000000000022,14.997486713856688,0.5713328271945405
19.330000000000222,14.997243721907095,0.5713235703583655
19.340000000000224,15.004365983241742,0.5715948945996854
19.350000000000225,14.995598631414893,0.5712609002443768
19.360000000000227,14.995354578760693,0.5712516030004073
19.37000000000023,14.995110526106489,0.5712423057564376
19.38000000000023,14.993086040524895,0.5711651824961864
19.39000000000023,14.992152542290881,0.5711296206587002
19.400000000000233,14.991907876883316,0.5711203000717453
19.410000000000235,14.992263663685542,0.5711338538546873
19.420000000000236,14.996516411297772,0.5712958632875341
19.430000000000238,14.996271221815498,0.5712865227358285
19.44000000000024,14.993643020378348,0.571186400776318
19.45000000000024,14.990913705547907,0.5710824268780155
19.460000000000242,14.99066743157009,0.5710730450121938
19.470000000000244,14.990421179948315,0.571063663998031
19.480000000000246,14.992821232660578,0.5711550945775458
19.490000000000247,14.987808345446748,0.5709641274455903
19.50000000000025,14.987560800879345,0.5709546971763559
19.51000000000025,14.986305045147352,0.5709068588627563
19.520000000000252,14.987283802454952,0.5709441448554267
19.530000000000253,14.987034982153904,0.5709346659868153
19.540000000000255,14.98885292615567,0.5710039209964065
19.550000000000257,14.983971009179411,0.5708179432068347
19.560000000000258,14.983720646460135,0.5708084055794337
19.57000000000026,14.983470283740859,0.5707988679520327
19.58000000000026,14.981721428403178,0.5707322448915496
19.590000000000263,14.986456557349653,0.5709126307561772
19.600000000000264,14.986205083418357,0.5709030507968897
19.610000000000266,14.989517618288097,0.5710292426014513
19.620000000000267,14.987100769076514,0.5709371721552957
19.63000000000027,14.98684826162828,0.5709275528239345
19.64000000000027,14.981196539605424,0.5707122491278256
19.650000000000272,14.98490036828604,0.5708533473632776
19.660000000000274,14.9846465669831,0.5708436787422133
19.670000000000275,14.984392765680168,0.5708340101211492
19.680000000000277,14.974513654049638,0.5704576630114148
19.69000000000028,14.984187562999935,0.570826192876188
19.70000000000028,14.983932765948975,0.5708164863218657
19.71000000000028,14.982384838427393,0.5707575176543769
19.720000000000283,14.987022474452962,0.5709341895029699
19.730000000000285,14.986766729139275,0.5709244468243533
19.740000000000286,14.981061796613881,0.5707071160614812
19.750000000000288,14.988026039757521,0.5709724205621912
19.76000000000029,14.987769145927166,0.5709626341305586
19.77000000000029,14.987512252096806,0.5709528476989258
19.780000000000292,14.993043281758371,0.5711635535907951
19.790000000000294,14.996160400870956,0.5712823009855602
19.800000000000296,14.995902776927286,0.571272486740087
19.810000000000297,14.993819120116697,0.5711931093377789
19.8200000000003,14.996972153678097,0.5713132249020227
19.8300000000003,14.996713815006496,0.5713033834288188
19.840000000000302,14.988518028976276,0.57099116300862
19.850000000000303,15.005359374149338,0.5716327380628319
19.860000000000305,15.005100035680545,0.5716228585021159
19.870000000000307,15.004840719569948,0.5716129797931409
19.880000000000308,15.00837656264002,0.5717476785767626
19.89000000000031,15.013585589724421,0.5719461177037874
19.90000000000031,15.013325302616423,0.5719362020044351
19.910000000000313,15.01361989633276,0.5719474246222003
19.920000000000314,15.015079215611765,0.572003017737591
19.930000000000316,15.014818102092008,0.571993070555886
19.940000000000317,15.010606085349393,0.5718326127752149
19.95000000000032,15.018937980879222,0.5721500183192084
19.96000000000032,15.018675869664111,0.5721400331300613
19.970000000000322,15.018413736089396,0.5721300470891199
19.980000000000324,15.013905251006454,0.5719582952764363
19.990000000000325,15.01965763664046,0.5721774337767793
20.000000000000327,15.019394902954515,0.5721674248744577
20.01000000000033,15.020223879051583,0.5721990049162508
20.02000000000033,15.016177426883633,0.5720448543574717
20.03000000000033,15.015914260323898,0.5720348289647199
20.040000000000333,15.030932314890608,0.572606945329166
20.050000000000335,15.017492389705236,0.572094948179247
20.060000000000336,15.017228849332282,0.5720849085459917
20.070000000000338,15.01696530895933,0.5720748689127363
20.08000000000034,15.025116876445395,0.5723854048169674
20.09000000000034,15.01628011334607,0.5720487662227074
20.100000000000342,15.0160164986372,0.5720387237576076
20.110000000000344,15.020565664257518,0.5722120253050482
20.120000000000346,15.011793118287844,0.5718778330776321
20.130000000000347,15.011529326861256,0.5718677838804287
20.14000000000035,15.016333179948717,0.5720507878075701
20.15000000000035,15.009192181476623,0.571778749770538
20.160000000000352,15.008927989509601,0.5717686853146514
20.170000000000353,15.008663797542575,0.5717586208587647
20.180000000000355,15.011878787536576,0.57188109666806
20.190000000000357,15.01146232779902,0.5718652315352007
20.200000000000358,15.011197796159099,0.5718551541393941
20.21000000000036,14.99933635980989,0.5714032898975195
20.22000000000036,15.006332727589967,0.5716698181939035
20.230000000000363,15.00606766867689,0.5716597207115005
20.240000000000364,14.995248991634712,0.5712475806337033
20.250000000000366,14.993411213648953,0.5711775700437696
20.260000000000367,14.993145133799473,0.5711674336685513
20.27000000000037,14.992879076312482,0.5711572981452373
20.28000000000037,14.980010949500993,0.570667083790514
20.290000000000372,14.987807741189478,0.5709641044262658
20.300000000000374,14.987540492541688,0.5709539235253976
20.310000000000375,14.975494421490044,0.5704950255805731
20.320000000000377,14.980241598252292,0.5706758704096111
20.33000000000038,14.979973261751535,0.5706656480667252
20.34000000000038,14.98625636699738,0.570905004457043
20.35000000000038,14.975184619682034,0.5704832236069346
20.360000000000383,14.974915011322325,0.570472952812279
20.370000000000385,14.974645402962619,0.5704626820176235
20.380000000000386,14.975343535194243,0.5704892775312093
20.390000000000388,14.976656719715338,0.5705393036082033
20.40000000000039,14.97638626241644,0.5705290004730073
20.41000000000039,14.974072296450096,0.5704408493885751
20.420000000000393,14.981608425037164,0.5707279400014157
20.430000000000394,14.98133724860032,0.5707176094704883
20.440000000000396,14.98113325157337,0.570709838155176
20.450000000000397,14.990687504519256,0.5710738096959717
20.4600000000004,14.990415654294546,0.571063453496935
20.4700000000004,14.9901437817057,0.5710530964459314
20.480000000000402,14.994521620026243,0.5712198712390949
20.490000000000403,14.997210232247596,0.5713222945618132
20.500000000000405,14.996938070302027,0.5713119264876962
20.510000000000407,15.007772740105626,0.5717246758135476
20.520000000000408,14.999608395190862,0.571413653150128
20.53000000000041,14.999335743271967,0.5714032664103605
20.54000000000041,15.001227183764406,0.5714753212862631
20.550000000000413,14.991902620604519,0.5711200998325531
20.560000000000414,14.991629538377266,0.5711096967000863
20.570000000000416,14.991356456150013,0.5710992935676195
20.580000000000418,14.999310114205517,0.571402290064972
20.59000000000042,14.992837156542524,0.57115570120162
20.60000000000042,14.99256396782473,0.5711452940123706
20.610000000000422,14.991000304690472,0.5710857258929702
20.620000000000424,15.000076335354901,0.5714314794420914
20.630000000000425,14.999803084636477,0.5714210698909133
20.640000000000427,14.997047795979604,0.5713161065135087
20.65000000000043,15.000101260261113,0.571432428962328
20.66000000000043,14.999828257841891,0.5714220288701672
20.67000000000043,14.999555277786612,0.5714116296299662
20.680000000000433,15.00861791702453,0.5717568730295058
20.690000000000435,15.004345731641523,0.5715941231101532
20.700000000000436,15.004072524145279,0.5715837152055344
20.710000000000438,14.995330465069328,0.5712506843835934
20.72000000000044,14.996505530013371,0.5712954487624141
20.73000000000044,14.996232051658382,0.5712850305393669
20.740000000000443,14.992560798348462,0.5711451732704176
20.750000000000444,14.997271756406475,0.5713246383392943
20.760000000000446,14.996997992508366,0.5713142092384139
20.770000000000447,14.996724228610256,0.5713037801375336
20.78000000000045,14.989058732392206,0.5710117612339888
20.79000000000045,14.995254095756259,0.5712477750764289
20.800000000000452,14.994980010308694,0.5712373337260455
20.810000000000453,14.999530058476282,0.5714106688943345
20.820000000000455,15.005193632627357,0.5716264241000897
20.830000000000457,15.004919234775244,0.5716159708485806
20.840000000000458,15.008187172333107,0.5717404637079279
20.85000000000046,15.00833434216779,0.5717460701778205
20.86000000000046,15.008059532691693,0.5717356012453978
20.870000000000463,15.007784723215593,0.571725132312975
20.880000000000464,14.998172625221711,0.5713589571513032
20.890000000000466,15.003175249985976,0.571549533332799
20.900000000000468,15.00290052060471,0.571539067451608
20.91000000000047,15.001004991122304,0.5714668568046591
20.92000000000047,14.999100335463703,0.5713942984938554
20.930000000000472,14.998825735927882,0.5713838375591573
20.940000000000474,14.99801419984346,0.5713529218987985
20.950000000000475,14.999163326512205,0.5713966981528459
20.960000000000477,14.998888993001193,0.5713862473524264
20.97000000000048,14.998614659490181,0.5713757965520069
20.98000000000048,15.012109367652133,0.5718898806724622
20.99000000000048,15.003504419392156,0.5715620731197011
21.000000000000483,15.003230414150401,0.5715516348247771
21.010000000000485,15.010631320309995,0.5718335741070474
21.020000000000486,15.007248634515765,0.5717047098863148
21.030000000000488,15.006974991178682,0.5716942853782354
21.04000000000049,15.000832450414078,0.5714602838252981
21.05000000000049,15.002343087024666,0.571517831886654
21.060000000000493,15.002069847252574,0.571507422752479
21.070000000000494,15.001796607480484,0.5714970136183041
21.080000000000496,15.006077708667409,0.5716601031873298
21.090000000000497,15.00729725959053,0.5717065622701154
21.1000000000005,15.007023828941216,0.5716961458644272
21.1100000000005,15.013426900088145,0.5719400723843102
21.120000000000502,15.006226173153191,0.5716657589772643
21.130000000000503,15.005952546904473,0.5716553351201703
21.140000000000505,15.009671257252323,0.5717970002762789
21.150000000000507,15.008903437062365,0.5717677499833281
21.160000000000508,15.00862963598137,0.5717573194659569
21.17000000000051,15.008355834900376,0.5717468889485857
21.18000000000051,15.007158125450356,0.5717012619219183
21.190000000000513,15.002310403616555,0.5715165868044402
21.200000000000514,15.00203658770318,0.5715061557220259
21.210000000000516,15.003640606851036,0.5715672612133728
21.220000000000518,14.997756388472704,0.5713431005132458
21.23000000000052,14.997482488851807,0.5713326662419735
21.24000000000052,14.999941331279496,0.571426336429695
21.250000000000522,14.996341231398022,0.5712891897675436
21.260000000000524,14.996067281709843,0.5712787535889463
21.270000000000525,14.995793332021668,0.5712683174103492
21.280000000000527,15.000413128781213,0.5714443096678556
21.29000000000053,14.99841935880206,0.5713683565257928
21.30000000000053,14.998145433154424,0.5713579212630256
21.31000000000053,14.990648203634034,0.5710723125193917
21.320000000000533,14.993851229459565,0.5711943325508405
21.330000000000535,14.993577200522898,0.5711838933532533
21.340000000000536,14.985139809590708,0.5708624689367888
21.350000000000538,14.99355373553851,0.571182999449086
21.36000000000054,14.993279554912585,0.5711725544728603
21.37000000000054,14.993005374286659,0.5711621094966346
21.380000000000543,14.989770240064045,0.571038866288154
21.390000000000544,14.992217004742043,0.5711320763711254
21.400000000000546,14.991942680300191,0.5711216259161978
21.410000000000547,14.985954851664285,0.5708935181586394
21.42000000000055,14.98959894590303,0.5710323407963058
21.43000000000055,14.989324362247402,0.5710218804665677
21.440000000000552,14.99375867710646,0.5711908067469127
21.450000000000554,14.98626907325066,0.5709054885047871
21.460000000000555,14.98599419120859,0.5708950168079462
21.470000000000557,14.98571933153844,0.5708845459633691
21.480000000000558,14.982400084848864,0.5707580984704329
21.49000000000056,14.985026703440852,0.57085816013108
21.50000000000056,14.984751420136211,0.5708476731480461
21.510000000000563,14.98505156392184,0.5708591071970224
21.520000000000564,14.987875955015674,0.5709667030482161
21.530000000000566,14.987600289224197,0.5709562014942551
21.540000000000568,14.986565220366034,0.5709167702996584
21.55000000000057,14.998070841088106,0.5713550796604993
21.56000000000057,14.997794930552603,0.5713445687829563
21.570000000000572,14.997519042389847,0.5713340587577084
21.580000000000574,15.001469199973801,0.5714845409513829
21.590000000000575,15.001883725657539,0.5715003324060014
21.600000000000577,15.00160743486351,0.5714898070424194
21.61000000000058,15.007850357481086,0.5717276326659461
21.62000000000058,15.005269678484286,0.5716293210851155
21.63000000000058,15.004993030298085,0.5716187821065937
21.640000000000583,15.011034419099328,0.5718489302514029
21.650000000000585,14.998875882376812,0.5713857479000689
21.660000000000586,14.998598884981726,0.5713751956183515
21.670000000000588,14.998321887586641,0.571364643336634
21.68000000000059,15.000387229588464,0.5714433230319415
21.69000000000059,15.002678415872236,0.5715306063189423
21.700000000000593,15.00240137499268,0.5715200523806735
21.710000000000594,15.00666032079417,0.5716822979350159
21.720000000000596,15.005103689479954,0.5716229976944744
21.730000000000597,15.004826535206382,0.5716124394364336
21.7400000000006,15.012435215386944,0.5719022939195025
21.7500000000006,15.004661293035667,0.5716061444965967
21.760000000000602,15.00438428667942,0.5715955918735016
21.770000000000604,15.00410728032317,0.5715850392504065
21.780000000000605,15.001308615866149,0.5714784234615675
21.790000000000607,15.00495086950474,0.5716171759811328
21.80000000000061,15.004674245648388,0.5716066379294623
21.81000000000061,14.997719539915673,0.5713416967586923
21.82000000000061,15.004780967264384,0.5716107035148337
21.830000000000613,15.004504494409966,0.5716001712156177
21.840000000000614,15.003835788886716,0.5715746967194939
21.850000000000616,15.000151206955346,0.571434331693537
21.860000000000618,14.999874776273122,0.5714238010008807
21.87000000000062,14.99959832321451,0.5714132694557909
21.88000000000062,15.005773722778484,0.5716485227725137
21.890000000000622,15.004968299028041,0.571617839962973
21.900000000000624,15.004691510684605,0.5716072956451278
21.910000000000625,14.999150899747553,0.5713962247522877
21.920000000000627,15.001401936277443,0.5714819785248549
21.93000000000063,15.001124730340907,0.5714714182987012
21.94000000000063,14.991618507359007,0.5711092764708192
21.95000000000063,14.993141961828597,0.5711673128315655
21.960000000000633,14.992864558719845,0.5711567450940893
21.970000000000635,14.992587155611092,0.571146177356613
21.980000000000636,14.995307678251056,0.5712498163143259
21.990000000000638,14.99573286810693,0.5712660140231212
22.00000000000064,14.995455558948294,0.5712554498646969
22.01000000000064,15.0012354311079,0.5714756354707771
22.020000000000643,14.99902003591003,0.5713912394632392
22.030000000000644,14.99874278373101,0.5713806774754671
22.040000000000646,15.004091189523137,0.571584426267548
22.050000000000647,14.996289153334935,0.5712872058413307
22.06000000000065,14.996011981453577,0.5712766469125172
22.07000000000065,14.995734809572221,0.5712660879837036
22.080000000000652,14.99258261652137,0.5711460044389093
22.090000000000654,14.992455248027591,0.571141152305813
22.100000000000655,14.992178296689689,0.5711306017786547
22.110000000000657,14.993723741661668,0.5711894758728254
22.12000000000066,14.99844906727815,0.5713694882772629
22.13000000000066,14.998172324093305,0.5713589456797449
22.14000000000066,14.986261084253664,0.5709051841620443
22.150000000000663,15.009520554487626,0.5717912592185762
22.160000000000664,15.009244269407212,0.5717807340726556
22.170000000000666,15.0089679843268,0.5717702089267351
22.180000000000668,15.005891289789533,0.5716530015157917
22.19000000000067,15.010045937290535,0.5718112738015442
22.20000000000067,15.009770168344353,0.5718007683178801
22.210000000000672,15.005223328359234,0.571627555366066
22.220000000000674,15.007207536621287,0.5717031442522394
22.230000000000675,15.006931852486556,0.5716926419994878
22.240000000000677,15.013035296589116,0.5719251541557758
22.25000000000068,14.999756679343388,0.5714193020702243
22.26000000000068,14.999481372155069,0.5714088141773359
22.27000000000068,14.999206087346408,0.571398327137006
22.280000000000683,15.002511385722512,0.5715242432656195
22.290000000000685,15.001603069949292,0.571489640759973
22.300000000000686,15.001328305613132,0.5714791735471669
22.310000000000688,15.002374456572948,0.5715190269170647
22.32000000000069,15.000734611729918,0.5714565566373302
22.33000000000069,15.000460324163564,0.5714461075871833
22.340000000000693,15.003943723174517,0.5715788085018864
22.350000000000694,15.012045094651892,0.5718874321772149
22.360000000000696,15.011771670083785,0.5718770160031917
22.370000000000697,15.01149824551568,0.5718665998291688
22.3800000000007,15.022739428768443,0.5722948353816549
22.3900000000007,15.017907988206684,0.5721107805031117
22.400000000000702,15.017635323995817,0.5721003932950787
22.410000000000704,15.021787498513703,0.5722585713719506
22.420000000000705,15.0227470686889,0.5722951264262438
22.430000000000707,15.02247483695275,0.5722847556934381
22.44000000000071,15.025728094155978,0.57240868930118
22.45000000000071,15.02117943626734,0.5722354070958986
22.46000000000071,15.020908057840648,0.5722250688701199
22.470000000000713,15.020636679413954,0.572214730644341
22.480000000000715,15.028519873260755,0.5725150427908858
22.490000000000716,15.02471865340798,0.572370234415542
22.500000000000718,15.024448015297198,0.5723599243922741
22.51000000000072,15.028477696960856,0.5725134360746992
22.52000000000072,15.025671426759853,0.5724065305432324
22.530000000000722,15.025401497490817,0.5723962475234596
22.540000000000724,15.019457262514097,0.5721698004767275
22.550000000000725,15.025435763528801,0.5723975528963352
22.560000000000727,15.025167139541114,0.5723873196015662
22.57000000000073,15.024898537933987,0.57237708715939
22.58000000000073,15.013987779218159,0.5719614392083108
22.59000000000073,15.022452290621011,0.5722838967855622
22.600000000000733,15.022184747383339,0.5722737046622224
22.610000000000735,15.019512780881442,0.5721719154621501
22.620000000000736,15.023222308059752,0.5723132307832286
22.630000000000738,15.02295564895286,0.5723030723410613
22.64000000000074,15.026291546194386,0.5724301541407385
22.65000000000074,15.015361068815213,0.5720137550024843
22.660000000000743,15.015095108465623,0.5720036231796427
22.670000000000744,15.014829148116034,0.5719934913568012
22.680000000000746,15.011354746916227,0.5718611332158562
22.690000000000747,15.00551854070889,0.5716388015508148
22.70000000000075,15.005252192545335,0.571628654954108
22.71000000000075,15.003836302018698,0.5715747162673789
22.720000000000752,14.995768217796812,0.5712673606779737
22.730000000000754,14.995501450645524,0.5712571981198294
22.740000000000755,14.995493559696726,0.5712568975122562
22.750000000000757,14.994557281764733,0.5712212297815136
22.76000000000076,14.994290321723438,0.5712110598751785
22.77000000000076,14.99402336168214,0.5712008899688434
22.78000000000076,14.996337114350743,0.5712890329276473
22.790000000000763,15.00085174909144,0.5714610190130072
22.800000000000765,15.000584975445047,0.5714508562074303
22.810000000000766,15.000927558937667,0.5714639070071491
22.820000000000768,15.001380567098316,0.5714811644608881
22.83000000000077,15.001113944083594,0.5714710073936606
22.84000000000077,15.000270992011325,0.5714388949337648
22.850000000000772,14.998266474376578,0.5713625323572029
22.860000000000774,14.998000139330198,0.571352386260198
22.870000000000775,14.997733804283818,0.571342240163193
22.880000000000777,14.98665622772537,0.5709202372466807
22.89000000000078,14.995902116413824,0.5712724615776694
22.90000000000078,14.995636162854863,0.5712623300135186
22.91000000000078,14.992139906460913,0.571129139293749
22.920000000000783,14.989649644155092,0.5710342721582892
22.930000000000785,14.98938393180318,0.5710241497829782
22.940000000000786,14.986321485015074,0.5709074851434314
22.950000000000788,14.993411201630298,0.571177569585916
22.96000000000079,14.993146001894429,0.5711674667388353
22.97000000000079,14.992880802158561,0.5711573638917546
22.980000000000793,15.003145945737003,0.5715484169804572
22.990000000000794,15.00133900705188,0.5714795812210239
23.000000000000796,15.001074289732777,0.5714694967517248
23.010000000000797,15.007686022547007,0.571721372287505
23.0200000000008,15.003690328922302,0.5715691553875162
23.0300000000008,15.003425877764421,0.5715590810576922
23.040000000000802,15.009295998981358,0.5717827047230993
23.050000000000804,15.007810606231528,0.5717261183326295
23.060000000000805,15.007546143477601,0.5717160435610514
23.070000000000807,15.007281703108639,0.5717059696422339
23.08000000000081,15.019388023870993,0.572167162814133
23.09000000000081,15.016290324920256,0.5720491552350573
23.10000000000081,15.016025556180344,0.5720390688068702
23.110000000000813,15.008893556403866,0.57176737357729
23.120000000000815,15.010701778442353,0.5718362582263753
23.130000000000816,15.010436737035079,0.5718261614108601
23.140000000000818,15.009797920135245,0.5718018255289616
23.15000000000082,15.01242999463043,0.5719020950335402
23.16000000000082,15.012164682699924,0.5718919879123779
23.170000000000822,15.011899370769411,0.5718818807912156
23.180000000000824,15.017753816729588,0.5721049073039842
23.190000000000826,15.010241661903851,0.5718187299772896
23.200000000000827,15.009976255674468,0.5718086192637892
23.21000000000083,15.00117865180247,0.5714734724496178
23.22000000000083,15.00339098746524,0.5715577519034376
23.23000000000083,15.003125397259634,0.5715476341813194
23.240000000000833,14.992203749141051,0.5711315713958495
23.250000000000835,14.999858796647638,0.5714231922532433
23.260000000000836,14.999593238627407,0.5714130757572344
23.270000000000838,14.999327702993922,0.5714029601140541
23.28000000000084,15.003248612627184,0.5715523281000832
23.29000000000084,15.00004939755686,0.5714304532402612
23.300000000000843,14.99978399593875,0.5714203427024285
23.310000000000844,15.00579563147416,0.5716493573894917
23.320000000000846,15.002416002494469,0.5715206096188369
23.330000000000847,15.002150611819568,0.5715104994978882
23.34000000000085,15.008354755356988,0.5717468478231233
23.35000000000085,15.004652309017322,0.5716058022482788
23.360000000000852,15.00438707666038,0.5715956981584907
23.370000000000854,15.00412186669119,0.571585594921569
23.380000000000855,14.996593146983706,0.5712987865517601
23.390000000000857,14.999719616067354,0.5714178901358992
23.40000000000086,14.999454732828799,0.571407799345859
23.41000000000086,15.003817589661235,0.571574003415666
23.42000000000086,15.003560375802616,0.5715642047924806
23.430000000000863,15.003295594865644,0.5715541178996435
23.440000000000865,15.001544751703316,0.5714874191125072
23.450000000000866,15.016516485094872,0.5720577708607569
23.460000000000868,15.01625205802136,0.5720476974484328
23.47000000000087,15.015987630947851,0.5720376240361086
23.48000000000087,15.015464652130289,0.5720177010335348
23.490000000000872,15.010961201433025,0.5718461410069723
23.500000000000874,15.010696787180413,0.5718360680830633
23.510000000000876,15.005308583551743,0.5716308031829235
23.520000000000877,15.003012727745464,0.571543342009351
23.53000000000088,15.002748255515483,0.5715332668767803
23.54000000000088,15.007723532791392,0.5717228012491958
23.550000000000882,14.991799807112011,0.5711161831280765
23.560000000000883,14.991535352874715,0.5711061086809415
23.570000000000885,14.991270921024892,0.5710960350866625
23.580000000000886,14.98258121878715,0.570764998810939
23.590000000000888,14.988408714778767,0.5709869986582387
23.60000000000089,14.988144234109454,0.5709769232041696
23.61000000000089,14.976773146893013,0.5705437389292576
23.620000000000893,14.987285440866422,0.5709442072711017
23.630000000000894,14.987020897133121,0.570934129414595
23.640000000000896,14.975704217393549,0.5705030178054685
23.650000000000897,14.989480714795539,0.5710278367541157
23.6600000000009,14.989216151022744,0.5710177581341997
23.6700000000009,14.988951564862665,0.5710076786614348
23.680000000000902,14.983702582507066,0.5708077174288405
23.690000000000904,14.99114054870708,0.5710910685221744
23.700000000000905,14.990876156606946,0.5710809964421694
23.710000000000907,14.992074895514275,0.571126662686258
23.72000000000091,14.99253547717041,0.5711442086541108
23.73000000000091,14.992271255161112,0.5711341430537566
23.74000000000091,14.987818890719932,0.5709645291702831
23.750000000000913,14.993100882437073,0.5711657479023646
23.760000000000915,14.992837174308484,0.5711557018784184
23.770000000000916,14.992573488567125,0.571145656707319
23.780000000000918,15.004165038750033,0.5715872395714298
23.79000000000092,15.002557909632111,0.5715260156050328
23.80000000000092,15.002295181016839,0.5715160068958796
23.810000000000922,15.022145028294263,0.5722721915540671
23.820000000000924,15.012439702291468,0.5719024648491987
23.830000000000926,15.012177985714901,0.5718924946939009
23.840000000000927,15.019278396335858,0.5721629865270803
23.85000000000093,15.020503730768223,0.5722096659340274
23.86000000000093,15.02024292576668,0.5721997305053973
23.870000000000932,15.019982120765144,0.5721897950767674
23.880000000000933,15.024880094408543,0.5723763845488968
23.890000000000935,15.020796115967087,0.5722208044177938
23.900000000000936,15.020535351010626,0.5722108705146904
23.910000000000938,15.027242873776295,0.5724663951914779
23.92000000000094,15.016385021782392,0.5720527627345673
23.93000000000094,15.016123947987651,0.5720428170661962
23.940000000000943,15.030003390000207,0.5725715577142936
23.950000000000944,15.015783555150671,0.5720298497200255
23.960000000000946,15.01552255194819,0.5720199067408833
23.970000000000947,15.015261548745706,0.5720099637617411
23.98000000000095,15.012689704503586,0.5719119887429936
23.99000000000095,15.009675906466098,0.5717971773891847
24.000000000000952,15.009415274923521,0.571787248568515
24.010000000000954,15.001356141983605,0.5714802339803278
24.020000000000955,15.001068403649935,0.5714692725199975
24.030000000000957,15.000808024240978,0.5714593533044182
24.04000000000096,14.98223670537027,0.570751874490296
24.05000000000096,14.996784184564977,0.5713060641739038
24.06000000000096,14.99652435983292,0.5712961660888731
24.070000000000963,14.99626451271223,0.571286267150942
24.080000000000965,14.992495765260703,0.5711426958194553
24.090000000000966,14.999293504803232,0.5714016573258374
24.100000000000968,14.999034266537043,0.5713917815823635
24.11000000000097,14.992485537243144,0.5711423061806912
24.12000000000097,14.995146760368703,0.5712436861092839
24.130000000000972,14.994887854683977,0.57123382303558
24.140000000000974,14.999702582235248,0.5714172412280094
24.150000000000976,14.989993529110299,0.5710473725375351
24.160000000000977,14.989735416064258,0.5710375396595907
24.17000000000098,14.989477280630373,0.571027705928776
24.18000000000098,14.98706714326513,0.5709358911720048
24.190000000000982,14.991418877468968,0.5711016715226273
24.200000000000983,14.991161545844577,0.5710918684131266
24.210000000000985,14.99268141405411,0.5711497681544422
24.220000000000987,14.991977912566417,0.5711229680977682
24.230000000000988,14.991721279629422,0.5711131916049303
24.24000000000099,14.991777042012805,0.571115315886202
24.25000000000099,15.005765733280162,0.5716482184106728
24.260000000000993,15.005510215621259,0.5716384844046193
24.270000000000994,15.005254675574092,0.5716287495456797
24.280000000000996,15.015362413109202,0.5720138062136838
24.290000000000997,15.009469744641223,0.5717893236053798
24.300000000001,15.009214771569294,0.5717796103454968
24.310000000001,15.004817176077548,0.5716120828981922
24.320000000001002,15.009056763222626,0.5717735909799095
24.330000000001004,15.008802215411546,0.5717638939204398
24.340000000001005,14.99579937985392,0.5712685478039589
24.350000000001007,15.000628669565815,0.5714525207453643
24.36000000000101,15.000374804853664,0.571442849708711
24.37000000000101,15.000120962529687,0.5714331795249404
24.38000000000101,15.003691391187,0.5715691958547428
24.390000000001013,15.00216337475279,0.5715109857048681
24.400000000001015,15.00191024415037,0.5715013426342997
24.410000000001016,14.997033887460416,0.5713155766651586
24.420000000001018,14.999283982699735,0.5714012945790374
24.43000000000102,14.999031409656387,0.5713916727488147
24.44000000000102,15.004953340935359,0.5716172701308707
24.450000000001022,14.999342044652812,0.5714035064629642
24.460000000001024,14.999090502162021,0.5713939238918865
24.470000000001026,14.99883895967123,0.5713843413208087
24.480000000001027,14.99983509718825,0.5714222894166952
24.49000000000103,14.996244517943618,0.5712855054454711
24.50000000000103,14.995993974262461,0.5712759609242842
24.510000000001032,14.997298840711462,0.5713256701223414
24.520000000001033,15.002891308900589,0.5715387165295461
24.530000000001035,15.002641335718224,0.5715291937416466
24.540000000001037,15.011973365524181,0.5718846996390163
24.550000000001038,15.018512686321168,0.5721338166217588
24.56000000000104,15.018263921656809,0.5721243398726403
24.57000000000104,15.018015156992451,0.5721148631235219
24.580000000001043,15.009921312366828,0.571806526185403
24.590000000001044,15.01961915178463,0.5721759676870335
24.600000000001046,15.019371549857697,0.5721665352326741
24.610000000001047,15.029824553797432,0.5725647449065688
24.62000000000105,15.02363938580374,0.5723291194591901
24.63000000000105,15.023392724055608,0.5723197228211659
24.640000000001052,15.02195537058965,0.5722649664986533
24.650000000001054,15.018638093025471,0.5721385940200179
24.660000000001055,15.018392604378226,0.5721292420715515
24.670000000001057,15.018147115730981,0.572119890123085
24.68000000000106,15.011161855394935,0.571853784967426
24.69000000000106,15.010902813620788,0.5718439167093633
24.70000000000106,15.010657517417451,0.5718345720920933
24.710000000001063,15.011400081993717,0.5718628602664273
24.720000000001065,15.010049745589315,0.5718114188795929
24.730000000001066,15.009804572736437,0.571802078961388
24.740000000001068,15.014717939064086,0.571989254821489
24.75000000000107,15.007785966094797,0.5717251796607541
24.76000000000107,15.007541261137815,0.5717158575671548
24.770000000001072,15.007296556180833,0.5717065354735555
24.780000000001074,15.015308982812204,0.5720117707737982
24.790000000001076,15.012577072029208,0.571907697982065
24.800000000001077,15.01233293026965,0.5718983973436057
24.81000000000108,15.003274199478884,0.5715533028372908
24.82000000000108,15.002479744712627,0.5715230378938143
24.830000000001082,15.002236101452777,0.57151375624582
24.840000000001083,15.008092644513557,0.5717368626481354
24.850000000001085,15.001589094258923,0.5714891083527208
24.860000000001087,15.001345834027605,0.5714798412962897
24.870000000001088,15.00110255140689,0.5714705733869291
24.88000000000109,15.000077934784331,0.5714315403727364
24.89000000000109,15.004794533496,0.5716112203236571
24.900000000001093,15.004552000566033,0.5716019809739441
24.910000000001094,15.004902823647688,0.5716153456627691
24.920000000001096,15.005802807106225,0.5716496307469038
24.930000000001098,15.005560818689336,0.5716404121405461
24.9400000000011,15.00644846593513,0.5716742272737192
24.9500000000011,15.004956283554092,0.5716173822306321
24.960000000001102,15.004715327046162,0.5716082029350918
24.970000000001104,15.004474370538235,0.5715990236395517
24.980000000001105,14.99988966810794,0.5714243683088739
24.990000000001107,15.004816780292586,0.5716120678206699
25.00000000000111,15.004576812060009,0.5716029261737146
25.01000000000111,15.010651981689445,0.5718343612072169
25.02000000000111,15.006062317483638,0.5716595168565195
25.030000000001113,15.0058231826103,0.5716504069565828
25.040000000001115,15.00166321300024,0.5714919319238186
25.050000000001116,15.000426626717934,0.5714448238749689
25.060000000001118,15.00018839584812,0.5714357484132616
25.07000000000112,14.999950164978312,0.5714266729515547
25.08000000000112,14.999176660023782,0.571397206096144
25.090000000001123,15.00216218301881,0.5715109403054784
25.100000000001124,15.001924166035725,0.5715018729918371
25.110000000001126,15.008534964514782,0.5717537129338964
25.120000000001127,14.999979123880737,0.5714277761478376
25.13000000000113,14.999741138441799,0.571418710035878
25.14000000000113,14.9984311521572,0.5713688057964648
25.150000000001132,14.99711606718881,0.5713187073214784
25.160000000001133,14.996878366006333,0.5713096520383365
25.170000000001135,14.996640664823856,0.5713005967551944
25.180000000001137,14.996975505356557,0.5713133525850117
25.190000000001138,15.000464006208086,0.5714462478555461
25.20000000000114,15.000226444568773,0.5714371978883341
25.21000000000114,14.98722656746081,0.5709419644746975
25.220000000001143,14.993908244508969,0.5711965045527225
25.230000000001144,14.993670793620897,0.5711874588046055
25.240000000001146,14.988555611832904,0.5709925947364916
25.250000000001148,14.992753171667404,0.5711525017778059
25.26000000000115,14.992516092592618,0.5711434701940045
25.27000000000115,14.992279013517829,0.571134438610203
25.280000000001152,14.996488489251938,0.57129479959055
25.290000000001154,14.99767558948772,0.571340022456675
25.300000000001155,14.99743909579422,0.5713310131731131
25.310000000001157,14.983266619397698,0.5707911093103885
25.32000000000116,14.99065022427397,0.5710723894961512
25.33000000000116,14.990414125750556,0.5710633952666878
25.34000000000116,14.989783777861712,0.5710393820137795
25.350000000001163,14.994141877921052,0.5712054048731829
25.360000000001165,14.993906662207227,0.571196444274561
25.370000000001166,14.993671446493401,0.5711874836759391
25.380000000001168,15.005038355565357,0.5716205087834422
25.39000000000117,14.999418771340066,0.5714064293843835
25.40000000000117,14.99918441925498,0.571397501685904
25.410000000001173,15.008155135364227,0.5717392432519705
25.420000000001174,15.007102162139416,0.5716991299862634
25.430000000001176,15.006868578957317,0.5716902315793263
25.440000000001177,15.012343175406675,0.5718987876345399
25.45000000000118,15.011980732960518,0.5718849803032577
25.46000000000118,15.011748377821837,0.571876128678927
25.470000000001182,15.011516022683157,0.5718672770545964
25.480000000001183,15.012304058850878,0.5718972974800334
25.490000000001185,15.012179263493069,0.5718925433711645
25.500000000001187,15.01194779958152,0.5718837256983436
25.510000000001188,15.028577658532763,0.5725172441345814
25.52000000000119,15.018731901806563,0.572142167687869
25.53000000000119,15.018501208864276,0.5721333793853057
25.540000000001193,15.023603753200188,0.5723277620266738
25.550000000001194,15.018160761671833,0.5721204099684507
25.560000000001196,15.01793117826395,0.5721116639338647
25.570000000001198,15.017701594856065,0.5721029178992786
25.5800000000012,15.01363968972988,0.5719481786563764
25.5900000000012,15.01106277280334,0.5718500103925082
25.600000000001202,15.010834153968634,0.571841301103567
25.610000000001204,15.008256352238636,0.5717430991329003
25.620000000001205,15.00670721409166,0.5716840843463489
25.630000000001207,15.006479295894495,0.5716754017483616
25.64000000000121,15.006804666553569,0.5716877968210883
25.65000000000121,15.004408286690943,0.571596506159655
25.66000000000121,15.004181539642582,0.5715878681768602
25.670000000001213,15.003954814977472,0.5715792310467608
25.680000000001215,14.998928532674965,0.5713877536257129
25.690000000001216,15.006355358556924,0.571670680325978
25.700000000001218,15.006129527185587,0.5716620772261175
25.71000000000122,14.992555055682114,0.5711449545021757
25.72000000000122,14.997059744738824,0.5713165617043361
25.730000000001223,14.996834632210222,0.5713079859889608
25.740000000001224,14.99418588283676,0.5712070812509241
25.750000000001226,14.99406672675215,0.5712025419715104
25.760000000001227,14.993842303933775,0.5711939925308104
25.77000000000123,14.9936178811154,0.5711854430901104
25.78000000000123,14.980136587727147,0.5706718700086532
25.790000000001232,14.99351419477002,0.5711814931340959
25.800000000001234,14.993290520602201,0.5711729722134171
25.810000000001235,14.983720521020057,0.570808400800764
25.820000000001237,14.990982626292187,0.5710850524301785
25.830000000001238,14.99075942461391,0.5710765495091014
25.84000000000124,14.98892053014508,0.5710064963864792
25.85000000000124,14.989898553702416,0.5710437544267586
25.860000000001243,14.989675909255025,0.5710352727335247
25.870000000001244,14.989453242425283,0.5710267901876298
25.880000000001246,14.993681044905617,0.5711878493297378
25.890000000001248,14.99273722751802,0.5711518943816388
25.90000000000125,14.992514538905573,0.5711434110059265
25.91000000000125,14.990040789785558,0.5710491729442116
25.920000000001252,14.989868419134007,0.5710426064432003
25.930000000001254,14.98964553249918,0.5710341155237783
25.940000000001255,14.986696556555838,0.5709217735830795
25.950000000001257,14.986326508053223,0.5709076764972656
25.96000000000126,14.986103533565181,0.5708991822310545
25.97000000000126,14.985880581459044,0.5708906888174874
25.98000000000126,14.996930789261201,0.5713116491147123
25.990000000001263,14.996335106220775,0.571288956427458
26.000000000001265,14.996112184681783,0.5712804641783535
26.010000000001266,14.999806382359816,0.5714211955184691
26.020000000001268,14.999730801746354,0.5714183162570039
26.03000000000127,14.999507840548093,0.5714098224970702
26.04000000000127,14.99913949408353,0.571395790250801
26.050000000001273,15.000137711832844,0.5714338175936321
26.060000000001274,14.999914928849016,0.5714253306228196
26.070000000001276,14.999692145865188,0.5714168436520071
26.080000000001277,15.006317888800663,0.5716692529066919
26.09000000000128,14.999495530046985,0.5714093535255994
26.10000000000128,14.999273069728233,0.5714008788467898
26.110000000001282,15.002111489155743,0.5715090091106949
26.120000000001284,14.998312617205402,0.5713642901792534
26.130000000001285,14.998090472818339,0.5713558275359366
26.140000000001287,14.999752150786799,0.5714191295537827
26.150000000001288,15.001931779957644,0.5715021630460054
26.16000000000129,15.001710398744857,0.5714937294759945
26.17000000000129,15.001489017532066,0.5714852959059834
26.180000000001293,15.007864601582973,0.5717281752983989
26.190000000001294,15.003339093691414,0.5715557749977681
26.200000000001296,15.003118308186977,0.5715473641214086
26.210000000001298,14.998465197112147,0.5713701027471293
26.2200000000013,15.003765313824063,0.5715720119552024
26.2300000000013,15.003545035870163,0.5715636204141014
26.240000000001302,15.003325582150515,0.5715552602724006
26.250000000001304,15.004522913765678,0.5716008729053591
26.260000000001305,15.004303269872562,0.5715925055189547
26.270000000001307,15.00408364835922,0.5715841389851131
26.28000000000131,14.992763850072075,0.5711529085741742
26.29000000000131,14.997956260895561,0.5713507147007832
26.30000000000131,14.997736962884657,0.5713423604908441
26.310000000001313,14.998893003050922,0.5713864001162255
26.320000000001315,14.994852951831637,0.5712324934031099
26.330000000001316,14.99463385820348,0.5712241469791801
26.340000000001318,14.996394816814297,0.5712912311167351
26.35000000000132,14.995827782874015,0.5712696298237719
26.36000000000132,14.995609201645522,0.5712613029198294
26.370000000001323,14.99539064279546,0.5712529768683984
26.380000000001324,14.998131071157237,0.5713573741393233
26.390000000001326,14.99547514241516,0.5712561959015299
26.400000000001327,14.995257045426413,0.5712478874448157
26.41000000000133,14.998284360973068,0.5713632137513549
26.42000000000133,14.996828151667836,0.5713077391111556
26.430000000001332,14.996610461893384,0.5712994461673669
26.440000000001334,15.006419907944753,0.5716731393502763
26.450000000001335,14.998000618855995,0.5713524045278474
26.460000000001337,14.997783885569483,0.5713441480216945
26.47000000000134,14.99756715228297,0.5713358915155416
26.48000000000134,15.004110978563368,0.5715851801357473
26.49000000000134,15.005230735028272,0.5716278375248866
26.500000000001343,15.005014817881664,0.5716196121097776
26.510000000001344,15.005120616865582,0.5716236425472603
26.520000000001346,15.002825507502529,0.57153620980962
26.530000000001348,15.002610054787365,0.5715280020871376
26.54000000000135,15.010047187983048,0.5718113214469732
26.55000000000135,15.005883840049874,0.5716527177161856
26.560000000001352,15.005669277374643,0.5716445438999863
26.570000000001354,15.00545471469941,0.571636370083787
26.580000000001355,15.007437311748907,0.5717118975904345
26.590000000001357,15.006261647339178,0.5716671103748258
26.60000000000136,15.006047941634801,0.5716589692051353
26.61000000000136,15.013863607194724,0.5719567088455132
26.62000000000136,15.005339164961294,0.5716319681890016
26.630000000001363,15.005125912249763,0.5716238442761814
26.640000000001365,14.98869665272805,0.5709979677229733
26.650000000001366,14.996146999163575,0.5712817904443266
26.660000000001368,14.99593409048268,0.5712736796374354
26.67000000000137,14.995721181801784,0.5712655688305441
26.68000000000137,14.993600786964684,0.5711847918843689
26.690000000001373,14.991872381921116,0.5711189478827091
26.700000000001374,14.99165903348661,0.5711108203232993
26.710000000001376,14.975757787121395,0.5705050585570055
26.720000000001377,14.985891399058843,0.5708911009165273
26.73000000000138,14.985677570056707,0.5708829550497793
26.74000000000138,14.978803806702109,0.5706210973981756
26.750000000001382,14.978887628606937,0.5706242906135975
26.760000000001384,14.978673253262656,0.5706161239338154
26.770000000001385,14.978458877918372,0.5706079572540332
26.780000000001387,14.971252072430518,0.5703334122830673
26.79000000000139,14.976738936659254,0.5705424356822573
26.80000000000139,14.976524355068793,0.5705342611454778
26.81000000000139,14.959660920791483,0.5698918446015803
26.820000000001393,14.964358570777485,0.5700708026962851
26.830000000001395,14.964143577641037,0.5700626124815633
26.840000000001396,14.968439260220071,0.5702262575321931
26.850000000001398,14.969538563975968,0.570268135770513
26.8600000000014,14.969323315382637,0.5702599358241004
26.8700000000014,14.969108044411662,0.5702517350252061
26.880000000001402,14.967815026477906,0.5702024771991583
26.890000000001404,14.970095438910242,0.5702893500537235
26.900000000001405,14.96988021245627,0.570281150950715
26.910000000001407,14.983301517824088,0.5707924387742509
26.92000000000141,14.982710657251834,0.5707699298000698
26.93000000000141,14.982495488460875,0.5707617328937475
26.94000000000141,14.985763685372564,0.5708862356332405
26.950000000001413,14.992916102856812,0.5711587086802594
26.960000000001415,14.992701461912857,0.5711505318823945
26.970000000001416,14.992486798592047,0.5711423542320779
26.980000000001418,14.9966448534598,0.5713007563222781
26.99000000000142,14.999422233024037,0.5714065612580584
27.00000000000142,14.999208199623826,0.5713984076047172
27.010000000001423,14.997442781198414,0.5713311535694633
27.020000000001424,15.004136911428041,0.5715861680544015
27.030000000001426,15.003923303388124,0.5715780306052618
27.040000000001427,15.006424591807713,0.5716733177831509
27.05000000000143,15.008038316548184,0.5717347930113593
27.06000000000143,15.007825792359677,0.5717266968517971
27.070000000001432,15.007613290547608,0.5717186015446707
27.080000000001434,15.013602337487844,0.5719467557138226
27.090000000001435,15.016305680859555,0.5720497402232211
27.100000000001437,15.016094598285367,0.5720416989822996
27.11000000000144,15.017014707591835,0.5720767507654032
27.12000000000144,15.017796988782708,0.5721065519536269
27.13000000000144,15.017587133064966,0.5720985574500939
27.140000000001443,15.011208155351758,0.571855548775305
27.150000000001445,15.019513336142909,0.5721719366149679
27.160000000001446,15.019305144848916,0.5721640055180539
27.170000000001448,15.019096975929363,0.5721560752734995
27.18000000000145,15.022005972723308,0.5722668941989831
27.19000000000145,15.025147135383117,0.5723865575384044
27.200000000001452,15.024940299304578,0.5723786780687458
27.210000000001454,15.026790122994997,0.5724491475426665
27.220000000001455,15.03145266416836,0.5726267681587945
27.230000000001457,15.031247017980697,0.5726189340183122
27.24000000000146,15.035682567777354,0.5727879073438992
27.25000000000146,15.027008558999318,0.5724574689142596
27.26000000000146,15.026804585464742,0.5724496984938948
27.270000000001463,15.026600589557855,0.5724419272212515
27.280000000001465,15.03252108838668,0.5726674700337783
27.290000000001466,15.027561308373276,0.5724785260332675
27.300000000001468,15.027358640878852,0.5724708053668134
27.31000000000147,15.017585136455232,0.5720984813887706
27.32000000000147,15.022125313412046,0.572271440510935
27.330000000001473,15.02192362106002,0.5722637569927627
27.340000000001474,15.02118304917413,0.572235544730443
27.350000000001476,15.020130244989295,0.572195437904354
27.360000000001477,15.019929980109923,0.5721878087660922
27.37000000000148,15.019729715230548,0.5721801796278304
27.38000000000148,15.025141530362482,0.5723863440138088
27.390000000001482,15.020026403640705,0.5721914820434554
27.400000000001484,15.019827329451385,0.5721838982648146
27.410000000001485,15.024490074395368,0.572361526643633
27.420000000001487,15.021628662522042,0.5722525204770301
27.43000000000149,15.021430599342386,0.5722449752130432
27.44000000000149,15.025771929419223,0.5724103592159704
27.45000000000149,15.016354362801803,0.572051594773402
27.460000000001493,15.016157469759019,0.5720440940860578
27.470000000001495,15.01596059908597,0.572036594250894
27.480000000001496,15.016270885788428,0.572048414696702
27.490000000001498,15.0127097918012,0.571912753973379
27.5000000000015,15.012513821675952,0.5719052884447982
27.5100000000015,15.019739329519279,0.5721805458864486
27.520000000001502,15.01460278324288,0.571984867933062
27.530000000001504,15.014407558905749,0.571977430815457
27.540000000001505,15.018925804948207,0.5721495544742173
27.550000000001507,15.014501720504533,0.5719810179239821
27.56000000000151,15.014307610017179,0.5719736232387496
27.57000000000151,15.014113499529826,0.5719662285535171
27.58000000000151,15.01006699153869,0.5718120758681405
27.590000000001513,15.011423585080102,0.5718637556220991
27.600000000001515,15.011230423849293,0.5718563970990206
27.610000000001516,15.015753390481906,0.5720287005897868
27.620000000001518,15.007668969074837,0.5717207226314223
27.63000000000152,15.007476572052344,0.5717133932210416
27.64000000000152,15.005963338434851,0.5716557462260895
27.650000000001523,15.003502814560145,0.5715620119832435
27.660000000001524,15.003311353022221,0.5715547182103703
27.670000000001526,15.003119869115562,0.5715474235853547
27.680000000001527,15.004834178046949,0.5716127305922647
27.69000000000153,14.99914055439161,0.5713958306434899
27.70000000000153,14.998949932433176,0.5713885688545971
27.710000000001532,14.997954668497055,0.571350654037983
27.720000000001534,14.99699059227149,0.5713139273246282
27.730000000001535,14.996800428271879,0.5713066829817858
27.740000000001537,14.992094147388391,0.5711273960909863
27.75000000000154,14.992376317666189,0.5711381454349024
27.76000000000154,14.992186972463434,0.5711309322843212
27.77000000000154,14.991997627260682,0.5711237191337403
27.780000000001543,14.995212629207282,0.5712461953983726
27.790000000001545,14.993722432994723,0.5711894260188465
27.800000000001546,14.993533926852466,0.5711822448324748
27.810000000001548,14.981852637715697,0.5707372433415503
27.82000000000155,14.985094689848161,0.5708607500894537
27.83000000000155,14.984906422706356,0.5708535780078611
27.840000000001552,14.975114594108595,0.5704805559660416
27.850000000001554,14.984288298153963,0.5708300304058652
27.860000000001556,14.984100629228822,0.5708228811134789
27.870000000001557,14.983912982672233,0.5708157326732279
27.88000000000156,14.967498629987551,0.5701904239995257
27.89000000000156,14.981384926235071,0.5707194257613359
27.90000000000156,14.981197949773406,0.5707123028485107
27.910000000001563,14.974336169466165,0.5704509016939491
27.920000000001565,14.984215839689739,0.5708272700834186
27.930000000001566,14.984029475364666,0.5708201704900825
27.940000000001568,14.968819721092919,0.5702407512797302
27.95000000000157,14.993266453969902,0.5711720553893296
27.96000000000157,14.993080728243564,0.5711649801235643
27.970000000001573,14.992894980149561,0.5711579040056975
27.980000000001574,15.000042853297808,0.5714302039351545
27.990000000001576,14.993140911548407,0.5711672728208916
28.000000000001577,14.992955719287588,0.5711602178776224
28.01000000000158,14.996583075267315,0.5712984028673262
28.02000000000158,14.996894283792077,0.5713102584301744
28.030000000001582,14.996709428162244,0.5713032163109426
28.040000000001584,14.9951070487785,0.5712421732867999
28.050000000001585,15.004484429432214,0.5715994068355129
28.060000000001587,15.004300309047492,0.5715923927256187
28.07000000000159,15.004116188662765,0.5715853786157243
28.08000000000159,15.012379915356732,0.571900187251685
28.09000000000159,15.014472528960832,0.5719799058651746
28.100000000001593,15.014289255536822,0.5719729240204503
28.110000000001595,15.018078666254448,0.572117282523979
28.120000000001596,15.019692252119794,0.5721787524617064
28.130000000001598,15.019509720687294,0.5721717988833255
28.1400000000016,15.023004383257748,0.5723049288860094
28.1500000000016,15.029314724169145,0.5725453228254912
28.160000000001602,15.02913316693444,0.5725384063594071
28.170000000001604,15.028951632066534,0.5725314907453917
28.180000000001606,15.029045971878487,0.57253508464299
28.190000000001607,15.019186539744144,0.5721594872283483
28.20000000000161,15.019005928950884,0.5721526068171765
28.21000000000161,15.02136346153295,0.5722424175822075
28.220000000001612,15.017643812970592,0.572100716684594
28.230000000001613,15.017464092432922,0.5720938701879208
28.240000000001615,15.02647864899373,0.5724372818664278
28.250000000001616,15.018346970693537,0.572127503645468
28.260000000001618,15.018168797366974,0.5721207160901703
28.27000000000162,15.017990624040412,0.5721139285348728
28.28000000000162,15.026508933681908,0.5724384355688346
28.290000000001623,15.025793670820088,0.5724111874598128
28.300000000001624,15.025617209990008,0.5724044651424764
28.310000000001626,15.03247682587252,0.5726657838427626
28.320000000001627,15.032561801316058,0.5726690210025165
28.33000000000163,15.032386874512,0.5726623571242666
28.34000000000163,15.030939311181601,0.5726072118545371
28.350000000001632,15.037949721497018,0.5728742751046483
28.360000000001634,15.037776779614251,0.5728676868424476
28.370000000001635,15.037603860095363,0.5728610994322042
28.380000000001637,15.035286792009003,0.5727728301717715
28.39000000000164,15.033568646786394,0.5727073770204341
28.40000000000164,15.033397128135853,0.5727008429766038
28.41000000000164,15.0238587126903,0.5723374747691542
28.420000000001643,15.029991916590355,0.5725711206320134
28.430000000001645,15.02982160865952,0.5725646327108388
28.440000000001646,15.02979526489214,0.5725636291387481
28.450000000001648,15.01878222096101,0.5721440846080385
28.46000000000165,15.018613493198682,0.5721376568837593
28.47000000000165,15.018444765436355,0.5721312291594801
28.480000000001652,15.013972540160994,0.5719608586727997
28.490000000001654,15.016831541331822,0.572069773003117
28.500000000001656,15.016663940977452,0.5720633882277124
28.510000000001657,15.013504773866636,0.5719430390044432
28.52000000000166,15.014640875682206,0.5719863190736078
28.53000000000166,15.014474091415455,0.5719799653872554
28.540000000001662,15.012741588240571,0.5719139652663074
28.550000000001663,15.014351600933018,0.5719752990831626
28.560000000001665,15.014185928581744,0.571968987755495
28.570000000001667,15.014020256230474,0.5719626764278275
28.580000000001668,15.016540076372122,0.5720586695760808
28.59000000000167,15.010554040171009,0.5718306301017526
28.60000000000167,15.010389145556465,0.571824348402151
28.610000000001673,15.00880768587628,0.5717641023190964
28.620000000001674,15.01560743404303,0.5720231403444963
28.630000000001676,15.015443252414867,0.5720168858062806
28.640000000001677,15.006337176409744,0.5716699876727521
28.65000000000168,15.015645881888721,0.5720246050243322
28.66000000000168,15.015482239167795,0.5720183710159159
28.670000000001682,15.01531859644687,0.5720121370074998
28.680000000001684,15.008544525673557,0.5717540771685165
28.690000000001685,15.020259111756323,0.5722003471145265
28.700000000001687,15.020096112313382,0.5721941376119383
28.71000000000169,15.010080729294275,0.5718125992112104
28.72000000000169,15.0218938699618,0.5722626236175924
28.73000000000169,15.02173153061898,0.5722564392616754
28.740000000001693,15.020004201871393,0.5721906362617672
28.750000000001695,15.022663847234318,0.5722919560851168
28.760000000001696,15.022502385073693,0.5722858051456644
28.770000000001698,15.022340922913068,0.5722796542062121
28.7800000000017,15.017527806928644,0.5720962974068055
28.7900000000017,15.01611645042218,0.5720425314446544
28.800000000001702,15.015955567379025,0.57203640256682
28.810000000001704,15.012516177151445,0.5719053781771979
28.820000000001706,15.019939266008741,0.5721881625146187
28.830000000001707,15.01977891955735,0.5721820540783752
28.84000000000171,15.011358228522882,0.5718612658484907
28.85000000000171,15.020805853243894,0.5722211753616722
28.860000000001712,15.020646251653206,0.5722150953010745
28.870000000001713,15.020486650062514,0.5722090152404766
28.880000000001715,15.024041951913292,0.5723444553109824
28.890000000001717,15.02343560032737,0.5723213562029473
28.900000000001718,15.023276608205832,0.5723152993602221
28.91000000000172,15.034294684441567,0.572735035597774
28.92000000000172,15.02934193752626,0.5725463595248098
28.930000000001723,15.02918352204981,0.5725403246495165
28.940000000001724,15.032827843960854,0.5726791559604134
28.950000000001726,15.025727309746465,0.5724086594189128
28.960000000001727,15.02556973039682,0.5724026563960692
28.97000000000173,15.025412173404685,0.5723966542249403
28.98000000000173,15.02754751489194,0.572478000567312
28.990000000001732,15.021575645461803,0.5722505007794972
29.000000000001734,15.021418684800107,0.5722445213257183
29.010000000001735,15.034311382032302,0.5727356716964686
29.020000000001737,15.026201959124503,0.5724267412999811
29.03000000000174,15.026045603435815,0.5724207848927929
29.04000000000174,15.03849869552987,0.5728951884011378
29.05000000000174,15.033182336187783,0.5726926604262013
29.060000000001743,15.033026729684018,0.5726867325593911
29.070000000001745,15.032871145537046,0.5726808055442684
29.080000000001746,15.03319990505041,0.572693329716206
29.090000000001748,15.031689153818329,0.5726357772883173
29.10000000000175,15.031533814295837,0.5726298595922223
29.11000000000175,15.028035791140418,0.572496601567254
29.120000000001752,15.028198787178228,0.5725028109401229
29.130000000001754,15.028043653395873,0.5724969010817474
29.140000000001756,15.03421452183258,0.5727319817840982
29.150000000001757,15.029664219210355,0.5725586369222991
29.16000000000176,15.029509049519906,0.5725527256959964
29.17000000000176,15.029353902185163,0.5725468153213394
29.180000000001762,15.031589000211449,0.5726319619128171
29.190000000001763,15.028238124043893,0.5725043094873864
29.200000000001765,15.028082997059736,0.5724983998879899
29.210000000001767,15.018278913576378,0.5721249109933858
29.220000000001768,15.022022726438752,0.5722675324357619
29.23000000000177,15.021867823124596,0.5722616313571274
29.24000000000177,15.026096105524728,0.5724227087818943
29.250000000001773,15.015954524956326,0.572036362855479
29.260000000001774,15.015799869554497,0.5720304712211236
29.270000000001776,15.015645236507709,0.5720245804383889
29.280000000001777,15.00299827469559,0.5715427914169748
29.29000000000178,15.010570888780835,0.5718312719535555
29.30000000000178,15.010416501299947,0.5718253905257122
29.310000000001782,15.004476210073252,0.5715990937170762
29.320000000001784,15.007433674189835,0.5717117590167555
29.330000000001785,15.007279459726702,0.5717058841800647
29.340000000001787,15.004831366889604,0.5716126235005563
29.35000000000179,15.000172027339957,0.571435124851046
29.36000000000179,15.000017839701565,0.5714292510362501
29.37000000000179,14.999863674418204,0.5714233780730744
29.380000000001793,14.999852565900898,0.5714229548914628
29.390000000001795,14.998095435046979,0.5713560165732182
29.400000000001796,14.997941585986878,0.5713501556566429
29.410000000001798,14.9944925005445,0.5712187619255047
29.4200000000018,14.999948950230982,0.571426626675466
29.4300000000018,14.999795291173296,0.5714207729970779
29.440000000001803,14.995876093711075,0.5712714702366123
29.450000000001804,15.00030977315856,0.5714403723108022
29.460000000001806,15.000156677151978,0.57143454008198
29.470000000001807,15.000003581145394,0.5714287078531578
29.48000000000181,15.02221644310372,0.5722749121182369
29.49000000000181,15.018759886877616,0.5721432337858139
29.500000000001812,15.018607877071648,0.5721374429360627
29.510000000001813,15.031916511674423,0.5726444385399779
29.520000000001815,15.027646328181358,0.5724817648830993
29.530000000001817,15.027495372812252,0.5724760142023715
29.540000000001818,15.035252911593194,0.5727715394892645
29.55000000000182,15.037527954180979,0.572858207778323
29.56000000000182,15.037378335679032,0.5728525080258678
29.570000000001823,15.037228739531614,0.5728468091250138
29.580000000001824,15.04510299922118,0.5731467809227115
29.590000000001826,15.039311964547165,0.5729261700779872
29.600000000001828,15.039163034429265,0.5729204965496862
29.61000000000183,15.044523245254524,0.5731246950573151
29.62000000000183,15.046130957499086,0.5731859412380603
29.630000000001832,15.045982552906713,0.5731802877297795
29.640000000001834,15.054053321154447,0.5734877455677884
29.650000000001835,15.048460722020362,0.5732746941722042
29.660000000001837,15.048312890485091,0.5732690624946701
29.67000000000184,15.04816505894982,0.5732634308171359
29.68000000000184,15.043192602406561,0.5730740039012023
29.69000000000184,15.039785724735012,0.5729442180851433
29.700000000001843,15.039638262962804,0.5729386004938211
29.710000000001845,15.026629136581418,0.5724430147269111
29.720000000001846,15.031474865913264,0.5726276139395529
29.730000000001848,15.03132743083314,0.572621997365072
29.74000000000185,15.030329116548446,0.5725839663447027
29.75000000000185,15.020601952860158,0.572213407728006
29.760000000001853,15.020454479827501,0.5722077897077142
29.770000000001854,15.02030700679484,0.5722021716874224
29.780000000001856,15.01023718190852,0.5718185593108007
29.790000000001857,15.013147501397784,0.5719294286246774
29.80000000000186,15.013000002179005,0.5719238096068192
29.81000000000186,15.012736278971673,0.5719137630084447
29.820000000001862,15.014267799353613,0.5719721066420423
29.830000000001863,15.014120273046176,0.5719664865922353
29.840000000001865,15.007443763932754,0.5717121433879144
29.850000000001867,15.006526611363059,0.5716772042424022
29.860000000001868,15.0063787077772,0.5716715698200837
29.87000000000187,15.00623080419134,0.5716659353977652
29.88000000000187,14.999498216901458,0.5714094558819602
29.890000000001873,15.005756175623464,0.5716478543094653
29.900000000001874,15.005607666018498,0.5716421968007046
29.910000000001876,14.998477476408885,0.5713705705298623
29.920000000001878,15.011361492170536,0.5718613901779251
29.93000000000188,15.011212395262552,0.5718557102957162
29.94000000000188,15.011600732687954,0.5718705041023983
29.950000000001882,15.012878990793626,0.571919199649281
29.960000000001884,15.012729261884667,0.5719134956908444
29.970000000001885,15.012579510622373,0.5719077908808523
29.980000000001887,15.014098657108345,0.571965663127937
29.99000000000189,15.01505287756895,0.572002014383579
30.00000000000189,15.01490269896719,0.5719962932939882
